ISO-10303-21;
HEADER;
/* Generated by software containing ST-Developer
 * from STEP Tools, Inc. (www.steptools.com) 
 */
/* OPTION: using custom renumber hook */

FILE_DESCRIPTION(
/* description */ ('STEP AP242',
'CAx-IF Rec.Pracs.---Representation and Presentation of Product Manufa
cturing Information (PMI)---4.0---2014-10-13',
'CAx-IF Rec.Pracs.---3D Tessellated Geometry---0.4---2014-09-14','2;1'),

/* implementation_level */ '2;1');

FILE_NAME(
/* name */ '68415f1f98072e6e0d9fe328',
/* time_stamp */ '2025-06-05T09:10:56Z',
/* author */ (''),
/* organization */ (''),
/* preprocessor_version */ 'ST-DEVELOPER v20',
/* originating_system */ 'ONSHAPE BY PTC INC, 1.198',
/* authorisation */ '  ');

FILE_SCHEMA (('AP242_MANAGED_MODEL_BASED_3D_ENGINEERING_MIM_LF { 1 0 10303 442 1 1 4 }'));
ENDSEC;

DATA;
#10=SHAPE_REPRESENTATION_RELATIONSHIP('','',#2998,#11);
#11=ADVANCED_BREP_SHAPE_REPRESENTATION('',(#2996),#5224);
#12=(
BOUNDED_CURVE()
B_SPLINE_CURVE(2,(#4828,#4829,#4830),.UNSPECIFIED.,.F.,.F.)
B_SPLINE_CURVE_WITH_KNOTS((3,3),(-0.496676428553711,-0.321162777358466),
 .UNSPECIFIED.)
CURVE()
GEOMETRIC_REPRESENTATION_ITEM()
RATIONAL_B_SPLINE_CURVE((1.01644332350078,1.01946038656352,1.01829177654907))
REPRESENTATION_ITEM('')
);
#13=(
BOUNDED_CURVE()
B_SPLINE_CURVE(2,(#4885,#4886,#4887),.UNSPECIFIED.,.F.,.F.)
B_SPLINE_CURVE_WITH_KNOTS((3,3),(0.134933537017079,0.275811435031849),
 .UNSPECIFIED.)
CURVE()
GEOMETRIC_REPRESENTATION_ITEM()
RATIONAL_B_SPLINE_CURVE((1.02359575634954,1.03391143021354,1.04004682058943))
REPRESENTATION_ITEM('')
);
#14=(
BOUNDED_CURVE()
B_SPLINE_CURVE(2,(#4888,#4889,#4890),.UNSPECIFIED.,.F.,.F.)
B_SPLINE_CURVE_WITH_KNOTS((3,3),(0.165385833462072,0.319854188844712),
 .UNSPECIFIED.)
CURVE()
GEOMETRIC_REPRESENTATION_ITEM()
RATIONAL_B_SPLINE_CURVE((1.,1.,1.))
REPRESENTATION_ITEM('')
);
#15=TOROIDAL_SURFACE('',#3140,0.007,0.003);
#16=TOROIDAL_SURFACE('',#3145,0.007,0.003);
#17=B_SPLINE_SURFACE_WITH_KNOTS('',3,1,((#4198,#4199),(#4200,#4201),(#4202,
#4203),(#4204,#4205)),.SURF_OF_LINEAR_EXTRUSION.,.F.,.F.,.F.,(4,4),(2,2),
(-3.26607399510902E-10,1.000000000004),(0.,1.),.PIECEWISE_BEZIER_KNOTS.);
#18=B_SPLINE_SURFACE_WITH_KNOTS('',3,1,((#4551,#4552),(#4553,#4554),(#4555,
#4556),(#4557,#4558)),.SURF_OF_LINEAR_EXTRUSION.,.F.,.F.,.F.,(4,4),(2,2),
(0.337037750592228,1.),(0.,1.),.PIECEWISE_BEZIER_KNOTS.);
#19=B_SPLINE_SURFACE_WITH_KNOTS('',3,3,((#4758,#4759,#4760,#4761,#4762,
#4763),(#4764,#4765,#4766,#4767,#4768,#4769),(#4770,#4771,#4772,#4773,#4774,
#4775),(#4776,#4777,#4778,#4779,#4780,#4781)),.UNSPECIFIED.,.F.,.F.,.F.,
(4,4),(4,2,4),(3.64060619915158,4.40762595969023),(0.,0.503265464804203,
1.00653092960841),.UNSPECIFIED.);
#20=B_SPLINE_SURFACE_WITH_KNOTS('',3,3,((#4794,#4795,#4796,#4797,#4798,
#4799),(#4800,#4801,#4802,#4803,#4804,#4805),(#4806,#4807,#4808,#4809,#4810,
#4811),(#4812,#4813,#4814,#4815,#4816,#4817)),.UNSPECIFIED.,.F.,.F.,.F.,
(4,4),(4,2,4),(0.498637653838149,1.26603330610044),(-0.00653169456522009,
0.49673415271739,1.),.UNSPECIFIED.);
#21=B_SPLINE_SURFACE_WITH_KNOTS('',1,3,((#4831,#4832,#4833,#4834,#4835,
#4836,#4837,#4838,#4839,#4840),(#4841,#4842,#4843,#4844,#4845,#4846,#4847,
#4848,#4849,#4850),(#4851,#4852,#4853,#4854,#4855,#4856,#4857,#4858,#4859,
#4860)),.RULED_SURF.,.F.,.F.,.F.,(2,1,2),(4,2,2,2,4),(0.,1.,1.00604610014311),
(0.000631673161809148,0.00376851333010507,0.00753702666021013,0.0113055399903152,
0.0150740533204203),.UNSPECIFIED.);
#22=B_SPLINE_SURFACE_WITH_KNOTS('',1,3,((#4862,#4863,#4864,#4865,#4866,
#4867,#4868,#4869,#4870,#4871),(#4872,#4873,#4874,#4875,#4876,#4877,#4878,
#4879,#4880,#4881)),.RULED_SURF.,.F.,.F.,.F.,(2,2),(4,2,2,2,4),(0.,1.00000350946814),
(0.0111027714434109,0.0130807787633149,0.015503700121428,0.017926621479541,
0.0195244298941351),.UNSPECIFIED.);
#23=B_SPLINE_SURFACE_WITH_KNOTS('',3,1,((#4913,#4914),(#4915,#4916),(#4917,
#4918),(#4919,#4920),(#4921,#4922),(#4923,#4924),(#4925,#4926)),
 .SURF_OF_LINEAR_EXTRUSION.,.F.,.F.,.F.,(4,1,1,1,4),(2,2),(0.,0.249999999611028,
0.499999999222056,0.749999998833084,0.999999998444111),(0.,1.),
 .UNSPECIFIED.);
#24=B_SPLINE_SURFACE_WITH_KNOTS('',3,1,((#4952,#4953),(#4954,#4955),(#4956,
#4957),(#4958,#4959)),.SURF_OF_LINEAR_EXTRUSION.,.F.,.F.,.F.,(4,4),(2,2),
(-3.26500466516438E-10,0.999999999999726),(0.,1.),
 .PIECEWISE_BEZIER_KNOTS.);
#25=B_SPLINE_SURFACE_WITH_KNOTS('',3,1,((#5102,#5103),(#5104,#5105),(#5106,
#5107),(#5108,#5109),(#5110,#5111)),.SURF_OF_LINEAR_EXTRUSION.,.F.,.F.,
 .F.,(4,1,4),(2,2),(-0.614552097301461,0.192723951177399,0.999999999656259),
(0.,1.),.UNSPECIFIED.);
#26=B_SPLINE_SURFACE_WITH_KNOTS('',3,1,((#5120,#5121),(#5122,#5123),(#5124,
#5125),(#5126,#5127),(#5128,#5129)),.SURF_OF_LINEAR_EXTRUSION.,.F.,.F.,
 .F.,(4,1,4),(2,2),(-8.85397493574467,-8.05204717014271,-7.25011940454074),
(0.,1.),.UNSPECIFIED.);
#27=CONICAL_SURFACE('',#3015,0.0022,0.404891786285083);
#28=CONICAL_SURFACE('',#3152,0.0105,0.785398163397448);
#29=CONICAL_SURFACE('',#3156,0.0115,0.785398163397447);
#30=CIRCLE('',#3013,0.005);
#31=CIRCLE('',#3016,0.0022);
#32=CIRCLE('',#3017,0.0025);
#33=CIRCLE('',#3020,0.0025);
#34=CIRCLE('',#3022,0.003775);
#35=CIRCLE('',#3023,0.003775);
#36=CIRCLE('',#3025,0.0056);
#37=CIRCLE('',#3027,0.0056);
#38=CIRCLE('',#3029,0.001);
#39=CIRCLE('',#3030,0.001);
#40=CIRCLE('',#3034,0.001);
#41=CIRCLE('',#3035,0.001);
#42=CIRCLE('',#3039,0.001);
#43=CIRCLE('',#3040,0.001);
#44=CIRCLE('',#3044,0.005);
#45=CIRCLE('',#3047,4.14278111817298);
#46=CIRCLE('',#3050,0.0105);
#47=CIRCLE('',#3051,0.002);
#48=CIRCLE('',#3055,0.001);
#49=CIRCLE('',#3056,0.001);
#50=CIRCLE('',#3060,0.001);
#51=CIRCLE('',#3061,0.001);
#52=CIRCLE('',#3065,0.001);
#53=CIRCLE('',#3066,0.001);
#54=CIRCLE('',#3070,0.005);
#55=CIRCLE('',#3075,0.0105);
#56=CIRCLE('',#3080,0.0115);
#57=CIRCLE('',#3082,0.003);
#58=CIRCLE('',#3084,0.003);
#59=CIRCLE('',#3086,0.007);
#60=CIRCLE('',#3087,0.007);
#61=CIRCLE('',#3090,0.002);
#62=CIRCLE('',#3091,0.002);
#63=CIRCLE('',#3092,0.0105);
#64=CIRCLE('',#3093,0.002);
#65=CIRCLE('',#3095,0.0643492380206591);
#66=CIRCLE('',#3096,0.0643492379530339);
#67=CIRCLE('',#3098,0.0115);
#68=CIRCLE('',#3102,0.0105);
#69=CIRCLE('',#3103,0.0105);
#70=CIRCLE('',#3112,0.002);
#71=CIRCLE('',#3117,0.002);
#72=CIRCLE('',#3122,0.002);
#73=CIRCLE('',#3138,0.003);
#74=CIRCLE('',#3141,0.007);
#75=CIRCLE('',#3142,0.003);
#76=CIRCLE('',#3144,0.003);
#77=CIRCLE('',#3146,0.003);
#78=CIRCLE('',#3147,0.007);
#79=CIRCLE('',#3153,3.58118528136628);
#80=CIRCLE('',#3154,3.61212356453863);
#81=CIRCLE('',#3165,0.0118520339723914);
#82=CIRCLE('',#3166,0.0119075025347732);
#83=CIRCLE('',#3187,0.002);
#84=CIRCLE('',#3192,0.002);
#85=CIRCLE('',#3199,0.002);
#86=CIRCLE('',#3204,0.000599999999999989);
#87=CIRCLE('',#3209,0.005);
#88=CIRCLE('',#3210,0.005);
#89=CIRCLE('',#3220,0.00225);
#90=CIRCLE('',#3221,0.00225);
#91=CIRCLE('',#3223,0.00225);
#92=CIRCLE('',#3224,0.00225);
#93=CIRCLE('',#3226,0.00225);
#94=CIRCLE('',#3227,0.00225);
#95=CIRCLE('',#3229,0.00225);
#96=CIRCLE('',#3230,0.00225);
#97=CIRCLE('',#3232,0.005);
#98=CIRCLE('',#3233,0.005);
#99=CIRCLE('',#3235,0.005);
#100=CIRCLE('',#3236,0.005);
#101=CIRCLE('',#3238,0.005);
#102=CIRCLE('',#3239,0.005);
#103=CIRCLE('',#3241,0.005);
#104=CIRCLE('',#3242,0.005);
#105=PLANE('',#3003);
#106=PLANE('',#3004);
#107=PLANE('',#3005);
#108=PLANE('',#3006);
#109=PLANE('',#3010);
#110=PLANE('',#3011);
#111=PLANE('',#3012);
#112=PLANE('',#3014);
#113=PLANE('',#3018);
#114=PLANE('',#3024);
#115=PLANE('',#3031);
#116=PLANE('',#3032);
#117=PLANE('',#3036);
#118=PLANE('',#3037);
#119=PLANE('',#3041);
#120=PLANE('',#3042);
#121=PLANE('',#3043);
#122=PLANE('',#3045);
#123=PLANE('',#3048);
#124=PLANE('',#3052);
#125=PLANE('',#3057);
#126=PLANE('',#3058);
#127=PLANE('',#3062);
#128=PLANE('',#3063);
#129=PLANE('',#3067);
#130=PLANE('',#3068);
#131=PLANE('',#3069);
#132=PLANE('',#3071);
#133=PLANE('',#3072);
#134=PLANE('',#3073);
#135=PLANE('',#3074);
#136=PLANE('',#3076);
#137=PLANE('',#3077);
#138=PLANE('',#3078);
#139=PLANE('',#3079);
#140=PLANE('',#3081);
#141=PLANE('',#3083);
#142=PLANE('',#3085);
#143=PLANE('',#3088);
#144=PLANE('',#3094);
#145=PLANE('',#3097);
#146=PLANE('',#3099);
#147=PLANE('',#3100);
#148=PLANE('',#3106);
#149=PLANE('',#3107);
#150=PLANE('',#3108);
#151=PLANE('',#3109);
#152=PLANE('',#3110);
#153=PLANE('',#3111);
#154=PLANE('',#3114);
#155=PLANE('',#3115);
#156=PLANE('',#3116);
#157=PLANE('',#3119);
#158=PLANE('',#3120);
#159=PLANE('',#3121);
#160=PLANE('',#3125);
#161=PLANE('',#3126);
#162=PLANE('',#3127);
#163=PLANE('',#3129);
#164=PLANE('',#3155);
#165=PLANE('',#3157);
#166=PLANE('',#3158);
#167=PLANE('',#3159);
#168=PLANE('',#3160);
#169=PLANE('',#3161);
#170=PLANE('',#3162);
#171=PLANE('',#3163);
#172=PLANE('',#3164);
#173=PLANE('',#3168);
#174=PLANE('',#3170);
#175=PLANE('',#3171);
#176=PLANE('',#3172);
#177=PLANE('',#3173);
#178=PLANE('',#3174);
#179=PLANE('',#3177);
#180=PLANE('',#3178);
#181=PLANE('',#3180);
#182=PLANE('',#3186);
#183=PLANE('',#3189);
#184=PLANE('',#3190);
#185=PLANE('',#3191);
#186=PLANE('',#3194);
#187=PLANE('',#3196);
#188=PLANE('',#3198);
#189=PLANE('',#3201);
#190=PLANE('',#3202);
#191=PLANE('',#3205);
#192=PLANE('',#3211);
#193=PLANE('',#3213);
#194=PLANE('',#3214);
#195=PLANE('',#3215);
#196=PLANE('',#3216);
#197=PLANE('',#3217);
#198=PLANE('',#3218);
#199=PLANE('',#3243);
#200=PLANE('',#3244);
#201=PLANE('',#3245);
#202=PLANE('',#3246);
#203=PLANE('',#3247);
#204=PLANE('',#3248);
#205=B_SPLINE_CURVE_WITH_KNOTS('',3,(#4041,#4042,#4043,#4044,#4045,#4046),
 .UNSPECIFIED.,.F.,.F.,(4,1,1,4),(5.55382496713543E-18,0.00117650904200246,
0.00176476356300368,0.0023530180840049),.UNSPECIFIED.);
#206=B_SPLINE_CURVE_WITH_KNOTS('',3,(#4086,#4087,#4088,#4089),
 .UNSPECIFIED.,.F.,.F.,(4,4),(3.46944695195361E-18,0.000308751411612521),
 .UNSPECIFIED.);
#207=B_SPLINE_CURVE_WITH_KNOTS('',3,(#4209,#4210,#4211,#4212),
 .UNSPECIFIED.,.F.,.F.,(4,4),(-0.539354215106233,0.),.UNSPECIFIED.);
#208=B_SPLINE_CURVE_WITH_KNOTS('',3,(#4216,#4217,#4218,#4219,#4220),
 .UNSPECIFIED.,.F.,.F.,(4,1,4),(1.65561339666748E-15,0.0027391534614254,
0.00547830692284915),.UNSPECIFIED.);
#209=B_SPLINE_CURVE_WITH_KNOTS('',3,(#4233,#4234,#4235,#4236),
 .UNSPECIFIED.,.F.,.F.,(4,4),(0.,1.),.UNSPECIFIED.);
#210=B_SPLINE_CURVE_WITH_KNOTS('',3,(#4371,#4372,#4373,#4374,#4375,#4376,
#4377,#4378,#4379,#4380,#4381,#4382,#4383),.UNSPECIFIED.,.F.,.F.,(4,3,3,
3,4),(-0.993478938443376,-0.761988285723771,-0.471085079623734,-0.180181873523698,
0.),.UNSPECIFIED.);
#211=B_SPLINE_CURVE_WITH_KNOTS('',3,(#4508,#4509,#4510,#4511),
 .UNSPECIFIED.,.F.,.F.,(4,4),(0.660263209181079,1.),.UNSPECIFIED.);
#212=B_SPLINE_CURVE_WITH_KNOTS('',3,(#4527,#4528,#4529,#4530,#4531,#4532,
#4533,#4534,#4535,#4536,#4537,#4538,#4539),.UNSPECIFIED.,.F.,.F.,(4,3,3,
3,4),(-0.999999820194838,-0.80276174020502,-0.535174493470013,-0.267587246735007,
0.),.UNSPECIFIED.);
#213=B_SPLINE_CURVE_WITH_KNOTS('',3,(#4559,#4560,#4561,#4562),
 .UNSPECIFIED.,.F.,.F.,(4,4),(-0.753331720254223,-3.05459180172107E-9),
 .UNSPECIFIED.);
#214=B_SPLINE_CURVE_WITH_KNOTS('',3,(#4564,#4565,#4566,#4567,#4568),
 .UNSPECIFIED.,.F.,.F.,(4,1,4),(3.94694922129217E-16,0.00175047709759096,
0.00350095419518152),.UNSPECIFIED.);
#215=B_SPLINE_CURVE_WITH_KNOTS('',3,(#4570,#4571,#4572,#4573,#4574,#4575),
 .UNSPECIFIED.,.F.,.F.,(4,2,4),(1.00000001618933E-6,0.424748655406062,0.851004369632397),
 .UNSPECIFIED.);
#216=B_SPLINE_CURVE_WITH_KNOTS('',3,(#4578,#4579,#4580,#4581),
 .UNSPECIFIED.,.F.,.F.,(4,4),(1.14717566445776E-15,0.0143068920174423),
 .UNSPECIFIED.);
#217=B_SPLINE_CURVE_WITH_KNOTS('',3,(#4626,#4627,#4628,#4629),
 .UNSPECIFIED.,.F.,.F.,(4,4),(4.0236610934577E-17,0.00119832434126044),
 .UNSPECIFIED.);
#218=B_SPLINE_CURVE_WITH_KNOTS('',3,(#4680,#4681,#4682,#4683),
 .UNSPECIFIED.,.F.,.F.,(4,4),(4.9065389333868E-18,0.00189334774706144),
 .UNSPECIFIED.);
#219=B_SPLINE_CURVE_WITH_KNOTS('',3,(#4685,#4686,#4687,#4688),
 .UNSPECIFIED.,.F.,.F.,(4,4),(0.,1.),.UNSPECIFIED.);
#220=B_SPLINE_CURVE_WITH_KNOTS('',3,(#4689,#4690,#4691,#4692,#4693,#4694),
 .UNSPECIFIED.,.F.,.F.,(4,1,1,4),(8.46004890608292E-13,0.00276384930269773,
0.0041457739536236,0.00552769860454946),.UNSPECIFIED.);
#221=B_SPLINE_CURVE_WITH_KNOTS('',3,(#4696,#4697,#4698,#4699),
 .UNSPECIFIED.,.F.,.F.,(4,4),(3.42484211266843E-13,0.00440180584886615),
 .UNSPECIFIED.);
#222=B_SPLINE_CURVE_WITH_KNOTS('',3,(#4701,#4702,#4703,#4704),
 .UNSPECIFIED.,.F.,.F.,(4,4),(0.,1.),.UNSPECIFIED.);
#223=B_SPLINE_CURVE_WITH_KNOTS('',3,(#4707,#4708,#4709,#4710),
 .UNSPECIFIED.,.F.,.F.,(4,4),(3.46944695195361E-18,0.001894461517245),
 .UNSPECIFIED.);
#224=B_SPLINE_CURVE_WITH_KNOTS('',3,(#4714,#4715,#4716,#4717,#4718),
 .UNSPECIFIED.,.F.,.F.,(4,1,4),(0.,0.00222026597050795,0.0044405319410159),
 .UNSPECIFIED.);
#225=B_SPLINE_CURVE_WITH_KNOTS('',3,(#4721,#4722,#4723,#4724,#4725),
 .UNSPECIFIED.,.F.,.F.,(4,1,4),(0.,0.00359070342790338,0.00718140685580676),
 .UNSPECIFIED.);
#226=B_SPLINE_CURVE_WITH_KNOTS('',3,(#4744,#4745,#4746,#4747),
 .UNSPECIFIED.,.F.,.F.,(4,4),(5.20417042793042E-18,0.00544069771944354),
 .UNSPECIFIED.);
#227=B_SPLINE_CURVE_WITH_KNOTS('',3,(#4753,#4754,#4755,#4756,#4757),
 .UNSPECIFIED.,.F.,.F.,(4,1,4),(0.,0.5,1.),.UNSPECIFIED.);
#228=B_SPLINE_CURVE_WITH_KNOTS('',3,(#4782,#4783,#4784,#4785),
 .UNSPECIFIED.,.F.,.F.,(4,4),(0.,1.),.UNSPECIFIED.);
#229=B_SPLINE_CURVE_WITH_KNOTS('',3,(#4789,#4790,#4791,#4792,#4793),
 .UNSPECIFIED.,.F.,.F.,(4,1,4),(0.,0.5,1.),.UNSPECIFIED.);
#230=B_SPLINE_CURVE_WITH_KNOTS('',3,(#4818,#4819,#4820,#4821),
 .UNSPECIFIED.,.F.,.F.,(4,4),(0.,1.),.UNSPECIFIED.);
#231=B_SPLINE_CURVE_WITH_KNOTS('',3,(#4822,#4823,#4824,#4825),
 .UNSPECIFIED.,.F.,.F.,(4,4),(0.,1.),.UNSPECIFIED.);
#232=B_SPLINE_CURVE_WITH_KNOTS('',3,(#4905,#4906,#4907,#4908),
 .UNSPECIFIED.,.F.,.F.,(4,4),(0.,0.00481921729652526),.UNSPECIFIED.);
#233=B_SPLINE_CURVE_WITH_KNOTS('',3,(#4909,#4910,#4911,#4912),
 .UNSPECIFIED.,.F.,.F.,(4,4),(0.,0.00482268720840997),.UNSPECIFIED.);
#234=B_SPLINE_CURVE_WITH_KNOTS('',3,(#4929,#4930,#4931,#4932),
 .UNSPECIFIED.,.F.,.F.,(4,4),(0.,0.00317492177124489),.UNSPECIFIED.);
#235=B_SPLINE_CURVE_WITH_KNOTS('',3,(#4933,#4934,#4935,#4936),
 .UNSPECIFIED.,.F.,.F.,(4,4),(0.,0.00317290410043925),.UNSPECIFIED.);
#236=B_SPLINE_CURVE_WITH_KNOTS('',3,(#4941,#4942,#4943,#4944),
 .UNSPECIFIED.,.F.,.F.,(4,4),(0.,0.0702918207158648),.UNSPECIFIED.);
#237=B_SPLINE_CURVE_WITH_KNOTS('',3,(#4948,#4949,#4950,#4951),
 .UNSPECIFIED.,.F.,.F.,(4,4),(0.,0.0702845840125529),.UNSPECIFIED.);
#238=B_SPLINE_CURVE_WITH_KNOTS('',3,(#5006,#5007,#5008,#5009,#5010,#5011,
#5012),.UNSPECIFIED.,.F.,.F.,(4,1,1,1,4),(3.46944695195361E-18,0.00168619973463513,
0.00337239946927025,0.00505859920390537,0.0067447989385405),
 .UNSPECIFIED.);
#239=B_SPLINE_CURVE_WITH_KNOTS('',3,(#5040,#5041,#5042,#5043,#5044,#5045,
#5046,#5047,#5048,#5049,#5050),.UNSPECIFIED.,.F.,.F.,(4,1,1,1,1,1,1,1,4),
(3.87895961444886E-18,0.00119857594053615,0.00239715188107229,0.00359572782160844,
0.00479430376214458,0.00599287970268073,0.00719145564321687,0.00839003158375301,
0.00958860752428916),.UNSPECIFIED.);
#240=B_SPLINE_CURVE_WITH_KNOTS('',3,(#5082,#5083,#5084,#5085,#5086,#5087,
#5088,#5089,#5090,#5091,#5092,#5093,#5094),.UNSPECIFIED.,.F.,.F.,(4,3,3,
3,4),(-0.140442923004981,-0.104953277773663,-0.0702214615024793,-0.035489645231299,
0.),.UNSPECIFIED.);
#241=B_SPLINE_CURVE_WITH_KNOTS('',3,(#5095,#5096,#5097,#5098,#5099),
 .UNSPECIFIED.,.F.,.F.,(4,1,4),(6.92561859342353E-15,0.00275764204825294,
0.00551528409649896),.UNSPECIFIED.);
#242=B_SPLINE_CURVE_WITH_KNOTS('',3,(#5114,#5115,#5116,#5117,#5118,#5119),
 .UNSPECIFIED.,.F.,.F.,(4,1,1,4),(0.,0.00199482260910618,0.00398964521821235,
0.00797929043642471),.UNSPECIFIED.);
#243=B_SPLINE_CURVE_WITH_KNOTS('',3,(#5130,#5131,#5132,#5133,#5134,#5135,
#5136),.UNSPECIFIED.,.F.,.F.,(4,1,1,1,4),(1.81224481955726E-14,0.0019944380190128,
0.00398887603800748,0.00598331405700216,0.00797775207599684),
 .UNSPECIFIED.);
#244=LINE('',#4035,#525);
#245=LINE('',#4039,#526);
#246=LINE('',#4048,#527);
#247=LINE('',#4050,#528);
#248=LINE('',#4053,#529);
#249=LINE('',#4055,#530);
#250=LINE('',#4057,#531);
#251=LINE('',#4059,#532);
#252=LINE('',#4061,#533);
#253=LINE('',#4063,#534);
#254=LINE('',#4065,#535);
#255=LINE('',#4067,#536);
#256=LINE('',#4068,#537);
#257=LINE('',#4070,#538);
#258=LINE('',#4072,#539);
#259=LINE('',#4074,#540);
#260=LINE('',#4076,#541);
#261=LINE('',#4078,#542);
#262=LINE('',#4080,#543);
#263=LINE('',#4082,#544);
#264=LINE('',#4084,#545);
#265=LINE('',#4093,#546);
#266=LINE('',#4097,#547);
#267=LINE('',#4098,#548);
#268=LINE('',#4100,#549);
#269=LINE('',#4102,#550);
#270=LINE('',#4104,#551);
#271=LINE('',#4106,#552);
#272=LINE('',#4108,#553);
#273=LINE('',#4113,#554);
#274=LINE('',#4114,#555);
#275=LINE('',#4139,#556);
#276=LINE('',#4143,#557);
#277=LINE('',#4145,#558);
#278=LINE('',#4147,#559);
#279=LINE('',#4149,#560);
#280=LINE('',#4151,#561);
#281=LINE('',#4152,#562);
#282=LINE('',#4157,#563);
#283=LINE('',#4161,#564);
#284=LINE('',#4163,#565);
#285=LINE('',#4165,#566);
#286=LINE('',#4167,#567);
#287=LINE('',#4169,#568);
#288=LINE('',#4170,#569);
#289=LINE('',#4175,#570);
#290=LINE('',#4179,#571);
#291=LINE('',#4181,#572);
#292=LINE('',#4183,#573);
#293=LINE('',#4185,#574);
#294=LINE('',#4187,#575);
#295=LINE('',#4188,#576);
#296=LINE('',#4190,#577);
#297=LINE('',#4193,#578);
#298=LINE('',#4197,#579);
#299=LINE('',#4206,#580);
#300=LINE('',#4214,#581);
#301=LINE('',#4222,#582);
#302=LINE('',#4227,#583);
#303=LINE('',#4229,#584);
#304=LINE('',#4231,#585);
#305=LINE('',#4238,#586);
#306=LINE('',#4240,#587);
#307=LINE('',#4244,#588);
#308=LINE('',#4246,#589);
#309=LINE('',#4249,#590);
#310=LINE('',#4251,#591);
#311=LINE('',#4253,#592);
#312=LINE('',#4257,#593);
#313=LINE('',#4259,#594);
#314=LINE('',#4261,#595);
#315=LINE('',#4263,#596);
#316=LINE('',#4265,#597);
#317=LINE('',#4269,#598);
#318=LINE('',#4271,#599);
#319=LINE('',#4272,#600);
#320=LINE('',#4277,#601);
#321=LINE('',#4282,#602);
#322=LINE('',#4284,#603);
#323=LINE('',#4285,#604);
#324=LINE('',#4287,#605);
#325=LINE('',#4289,#606);
#326=LINE('',#4291,#607);
#327=LINE('',#4293,#608);
#328=LINE('',#4295,#609);
#329=LINE('',#4296,#610);
#330=LINE('',#4301,#611);
#331=LINE('',#4305,#612);
#332=LINE('',#4307,#613);
#333=LINE('',#4309,#614);
#334=LINE('',#4311,#615);
#335=LINE('',#4313,#616);
#336=LINE('',#4314,#617);
#337=LINE('',#4319,#618);
#338=LINE('',#4323,#619);
#339=LINE('',#4325,#620);
#340=LINE('',#4327,#621);
#341=LINE('',#4329,#622);
#342=LINE('',#4331,#623);
#343=LINE('',#4332,#624);
#344=LINE('',#4337,#625);
#345=LINE('',#4341,#626);
#346=LINE('',#4343,#627);
#347=LINE('',#4345,#628);
#348=LINE('',#4347,#629);
#349=LINE('',#4349,#630);
#350=LINE('',#4350,#631);
#351=LINE('',#4352,#632);
#352=LINE('',#4355,#633);
#353=LINE('',#4357,#634);
#354=LINE('',#4359,#635);
#355=LINE('',#4361,#636);
#356=LINE('',#4363,#637);
#357=LINE('',#4365,#638);
#358=LINE('',#4367,#639);
#359=LINE('',#4385,#640);
#360=LINE('',#4386,#641);
#361=LINE('',#4388,#642);
#362=LINE('',#4390,#643);
#363=LINE('',#4392,#644);
#364=LINE('',#4394,#645);
#365=LINE('',#4396,#646);
#366=LINE('',#4398,#647);
#367=LINE('',#4400,#648);
#368=LINE('',#4402,#649);
#369=LINE('',#4404,#650);
#370=LINE('',#4406,#651);
#371=LINE('',#4408,#652);
#372=LINE('',#4410,#653);
#373=LINE('',#4412,#654);
#374=LINE('',#4414,#655);
#375=LINE('',#4416,#656);
#376=LINE('',#4418,#657);
#377=LINE('',#4420,#658);
#378=LINE('',#4422,#659);
#379=LINE('',#4425,#660);
#380=LINE('',#4428,#661);
#381=LINE('',#4430,#662);
#382=LINE('',#4432,#663);
#383=LINE('',#4434,#664);
#384=LINE('',#4436,#665);
#385=LINE('',#4438,#666);
#386=LINE('',#4440,#667);
#387=LINE('',#4442,#668);
#388=LINE('',#4445,#669);
#389=LINE('',#4446,#670);
#390=LINE('',#4447,#671);
#391=LINE('',#4452,#672);
#392=LINE('',#4454,#673);
#393=LINE('',#4455,#674);
#394=LINE('',#4457,#675);
#395=LINE('',#4460,#676);
#396=LINE('',#4462,#677);
#397=LINE('',#4464,#678);
#398=LINE('',#4468,#679);
#399=LINE('',#4470,#680);
#400=LINE('',#4472,#681);
#401=LINE('',#4476,#682);
#402=LINE('',#4480,#683);
#403=LINE('',#4484,#684);
#404=LINE('',#4485,#685);
#405=LINE('',#4486,#686);
#406=LINE('',#4488,#687);
#407=LINE('',#4493,#688);
#408=LINE('',#4497,#689);
#409=LINE('',#4499,#690);
#410=LINE('',#4503,#691);
#411=LINE('',#4505,#692);
#412=LINE('',#4512,#693);
#413=LINE('',#4517,#694);
#414=LINE('',#4522,#695);
#415=LINE('',#4525,#696);
#416=LINE('',#4543,#697);
#417=LINE('',#4545,#698);
#418=LINE('',#4547,#699);
#419=LINE('',#4549,#700);
#420=LINE('',#4576,#701);
#421=LINE('',#4583,#702);
#422=LINE('',#4587,#703);
#423=LINE('',#4592,#704);
#424=LINE('',#4594,#705);
#425=LINE('',#4595,#706);
#426=LINE('',#4597,#707);
#427=LINE('',#4599,#708);
#428=LINE('',#4602,#709);
#429=LINE('',#4604,#710);
#430=LINE('',#4609,#711);
#431=LINE('',#4611,#712);
#432=LINE('',#4613,#713);
#433=LINE('',#4614,#714);
#434=LINE('',#4616,#715);
#435=LINE('',#4622,#716);
#436=LINE('',#4624,#717);
#437=LINE('',#4630,#718);
#438=LINE('',#4631,#719);
#439=LINE('',#4633,#720);
#440=LINE('',#4639,#721);
#441=LINE('',#4641,#722);
#442=LINE('',#4643,#723);
#443=LINE('',#4647,#724);
#444=LINE('',#4649,#725);
#445=LINE('',#4651,#726);
#446=LINE('',#4653,#727);
#447=LINE('',#4658,#728);
#448=LINE('',#4659,#729);
#449=LINE('',#4664,#730);
#450=LINE('',#4666,#731);
#451=LINE('',#4670,#732);
#452=LINE('',#4674,#733);
#453=LINE('',#4675,#734);
#454=LINE('',#4719,#735);
#455=LINE('',#4728,#736);
#456=LINE('',#4736,#737);
#457=LINE('',#4751,#738);
#458=LINE('',#4787,#739);
#459=LINE('',#4827,#740);
#460=LINE('',#4892,#741);
#461=LINE('',#4894,#742);
#462=LINE('',#4896,#743);
#463=LINE('',#4902,#744);
#464=LINE('',#4939,#745);
#465=LINE('',#4946,#746);
#466=LINE('',#4962,#747);
#467=LINE('',#4966,#748);
#468=LINE('',#4968,#749);
#469=LINE('',#4970,#750);
#470=LINE('',#4972,#751);
#471=LINE('',#4974,#752);
#472=LINE('',#4976,#753);
#473=LINE('',#4978,#754);
#474=LINE('',#4980,#755);
#475=LINE('',#4982,#756);
#476=LINE('',#4984,#757);
#477=LINE('',#4988,#758);
#478=LINE('',#4990,#759);
#479=LINE('',#4993,#760);
#480=LINE('',#4994,#761);
#481=LINE('',#4999,#762);
#482=LINE('',#5001,#763);
#483=LINE('',#5002,#764);
#484=LINE('',#5004,#765);
#485=LINE('',#5015,#766);
#486=LINE('',#5023,#767);
#487=LINE('',#5025,#768);
#488=LINE('',#5027,#769);
#489=LINE('',#5028,#770);
#490=LINE('',#5030,#771);
#491=LINE('',#5036,#772);
#492=LINE('',#5038,#773);
#493=LINE('',#5053,#774);
#494=LINE('',#5054,#775);
#495=LINE('',#5057,#776);
#496=LINE('',#5064,#777);
#497=LINE('',#5066,#778);
#498=LINE('',#5068,#779);
#499=LINE('',#5069,#780);
#500=LINE('',#5071,#781);
#501=LINE('',#5112,#782);
#502=LINE('',#5138,#783);
#503=LINE('',#5139,#784);
#504=LINE('',#5141,#785);
#505=LINE('',#5142,#786);
#506=LINE('',#5146,#787);
#507=LINE('',#5149,#788);
#508=LINE('',#5151,#789);
#509=LINE('',#5177,#790);
#510=LINE('',#5181,#791);
#511=LINE('',#5186,#792);
#512=LINE('',#5190,#793);
#513=LINE('',#5195,#794);
#514=LINE('',#5199,#795);
#515=LINE('',#5204,#796);
#516=LINE('',#5208,#797);
#517=LINE('',#5210,#798);
#518=LINE('',#5211,#799);
#519=LINE('',#5212,#800);
#520=LINE('',#5213,#801);
#521=LINE('',#5215,#802);
#522=LINE('',#5216,#803);
#523=LINE('',#5217,#804);
#524=LINE('',#5218,#805);
#525=VECTOR('',#3255,1.);
#526=VECTOR('',#3258,1.);
#527=VECTOR('',#3259,1.);
#528=VECTOR('',#3262,1.);
#529=VECTOR('',#3263,1.);
#530=VECTOR('',#3264,1.);
#531=VECTOR('',#3265,1.);
#532=VECTOR('',#3268,1.);
#533=VECTOR('',#3269,1.);
#534=VECTOR('',#3270,1.);
#535=VECTOR('',#3273,1.);
#536=VECTOR('',#3274,1.);
#537=VECTOR('',#3275,1.);
#538=VECTOR('',#3276,1.);
#539=VECTOR('',#3277,1.);
#540=VECTOR('',#3278,1.);
#541=VECTOR('',#3281,1.);
#542=VECTOR('',#3282,1.);
#543=VECTOR('',#3283,1.);
#544=VECTOR('',#3284,1.);
#545=VECTOR('',#3285,1.);
#546=VECTOR('',#3290,1.);
#547=VECTOR('',#3295,1.);
#548=VECTOR('',#3296,1.);
#549=VECTOR('',#3299,1.);
#550=VECTOR('',#3300,1.);
#551=VECTOR('',#3301,1.);
#552=VECTOR('',#3302,1.);
#553=VECTOR('',#3305,1.);
#554=VECTOR('',#3310,1.);
#555=VECTOR('',#3311,1.);
#556=VECTOR('',#3342,1.);
#557=VECTOR('',#3345,1.);
#558=VECTOR('',#3348,1.);
#559=VECTOR('',#3349,1.);
#560=VECTOR('',#3350,1.);
#561=VECTOR('',#3353,1.);
#562=VECTOR('',#3354,1.);
#563=VECTOR('',#3359,1.);
#564=VECTOR('',#3362,1.);
#565=VECTOR('',#3365,1.);
#566=VECTOR('',#3366,1.);
#567=VECTOR('',#3367,1.);
#568=VECTOR('',#3370,1.);
#569=VECTOR('',#3371,1.);
#570=VECTOR('',#3376,1.);
#571=VECTOR('',#3379,1.);
#572=VECTOR('',#3382,1.);
#573=VECTOR('',#3383,1.);
#574=VECTOR('',#3384,1.);
#575=VECTOR('',#3387,1.);
#576=VECTOR('',#3388,1.);
#577=VECTOR('',#3391,1.);
#578=VECTOR('',#3392,1.);
#579=VECTOR('',#3395,1.);
#580=VECTOR('',#3396,1.);
#581=VECTOR('',#3397,1.);
#582=VECTOR('',#3400,1.);
#583=VECTOR('',#3403,1.);
#584=VECTOR('',#3404,1.);
#585=VECTOR('',#3405,1.);
#586=VECTOR('',#3406,1.);
#587=VECTOR('',#3407,1.);
#588=VECTOR('',#3410,1.);
#589=VECTOR('',#3413,1.);
#590=VECTOR('',#3414,1.);
#591=VECTOR('',#3415,1.);
#592=VECTOR('',#3416,1.);
#593=VECTOR('',#3419,1.);
#594=VECTOR('',#3420,1.);
#595=VECTOR('',#3421,1.);
#596=VECTOR('',#3422,1.);
#597=VECTOR('',#3423,1.);
#598=VECTOR('',#3426,1.);
#599=VECTOR('',#3427,1.);
#600=VECTOR('',#3428,1.);
#601=VECTOR('',#3431,1.);
#602=VECTOR('',#3436,1.);
#603=VECTOR('',#3437,1.);
#604=VECTOR('',#3438,1.);
#605=VECTOR('',#3439,1.);
#606=VECTOR('',#3440,1.);
#607=VECTOR('',#3441,1.);
#608=VECTOR('',#3442,1.);
#609=VECTOR('',#3443,1.);
#610=VECTOR('',#3444,1.);
#611=VECTOR('',#3449,1.);
#612=VECTOR('',#3452,1.);
#613=VECTOR('',#3455,1.);
#614=VECTOR('',#3456,1.);
#615=VECTOR('',#3457,1.);
#616=VECTOR('',#3460,1.);
#617=VECTOR('',#3461,1.);
#618=VECTOR('',#3466,1.);
#619=VECTOR('',#3469,1.);
#620=VECTOR('',#3472,1.);
#621=VECTOR('',#3473,1.);
#622=VECTOR('',#3474,1.);
#623=VECTOR('',#3477,1.);
#624=VECTOR('',#3478,1.);
#625=VECTOR('',#3483,1.);
#626=VECTOR('',#3486,1.);
#627=VECTOR('',#3489,1.);
#628=VECTOR('',#3490,1.);
#629=VECTOR('',#3491,1.);
#630=VECTOR('',#3494,1.);
#631=VECTOR('',#3495,1.);
#632=VECTOR('',#3498,1.);
#633=VECTOR('',#3499,1.);
#634=VECTOR('',#3500,1.);
#635=VECTOR('',#3501,1.);
#636=VECTOR('',#3502,1.);
#637=VECTOR('',#3503,1.);
#638=VECTOR('',#3504,1.);
#639=VECTOR('',#3505,1.);
#640=VECTOR('',#3510,1.);
#641=VECTOR('',#3511,1.);
#642=VECTOR('',#3512,1.);
#643=VECTOR('',#3515,1.);
#644=VECTOR('',#3516,1.);
#645=VECTOR('',#3517,1.);
#646=VECTOR('',#3518,1.);
#647=VECTOR('',#3519,1.);
#648=VECTOR('',#3520,1.);
#649=VECTOR('',#3521,1.);
#650=VECTOR('',#3522,1.);
#651=VECTOR('',#3523,1.);
#652=VECTOR('',#3524,1.);
#653=VECTOR('',#3525,1.);
#654=VECTOR('',#3526,1.);
#655=VECTOR('',#3529,1.);
#656=VECTOR('',#3530,1.);
#657=VECTOR('',#3531,1.);
#658=VECTOR('',#3532,1.);
#659=VECTOR('',#3535,1.);
#660=VECTOR('',#3536,1.);
#661=VECTOR('',#3541,1.);
#662=VECTOR('',#3542,1.);
#663=VECTOR('',#3543,1.);
#664=VECTOR('',#3544,1.);
#665=VECTOR('',#3547,1.);
#666=VECTOR('',#3548,1.);
#667=VECTOR('',#3549,1.);
#668=VECTOR('',#3552,1.);
#669=VECTOR('',#3553,1.);
#670=VECTOR('',#3554,1.);
#671=VECTOR('',#3555,1.);
#672=VECTOR('',#3560,1.);
#673=VECTOR('',#3561,1.);
#674=VECTOR('',#3562,1.);
#675=VECTOR('',#3565,1.);
#676=VECTOR('',#3566,1.);
#677=VECTOR('',#3567,1.);
#678=VECTOR('',#3568,1.);
#679=VECTOR('',#3573,1.);
#680=VECTOR('',#3574,1.);
#681=VECTOR('',#3575,1.);
#682=VECTOR('',#3580,1.);
#683=VECTOR('',#3583,1.);
#684=VECTOR('',#3586,1.);
#685=VECTOR('',#3587,1.);
#686=VECTOR('',#3588,1.);
#687=VECTOR('',#3591,1.);
#688=VECTOR('',#3594,1.);
#689=VECTOR('',#3597,1.);
#690=VECTOR('',#3598,1.);
#691=VECTOR('',#3601,1.);
#692=VECTOR('',#3602,1.);
#693=VECTOR('',#3605,1.);
#694=VECTOR('',#3608,1.);
#695=VECTOR('',#3613,1.);
#696=VECTOR('',#3616,1.);
#697=VECTOR('',#3621,1.);
#698=VECTOR('',#3624,1.);
#699=VECTOR('',#3625,1.);
#700=VECTOR('',#3626,1.);
#701=VECTOR('',#3629,1.);
#702=VECTOR('',#3630,1.);
#703=VECTOR('',#3635,1.);
#704=VECTOR('',#3642,1.);
#705=VECTOR('',#3645,1.);
#706=VECTOR('',#3646,1.);
#707=VECTOR('',#3649,1.);
#708=VECTOR('',#3650,1.);
#709=VECTOR('',#3655,1.);
#710=VECTOR('',#3658,1.);
#711=VECTOR('',#3663,1.);
#712=VECTOR('',#3664,1.);
#713=VECTOR('',#3667,1.);
#714=VECTOR('',#3668,1.);
#715=VECTOR('',#3671,1.);
#716=VECTOR('',#3678,1.);
#717=VECTOR('',#3679,1.);
#718=VECTOR('',#3682,1.);
#719=VECTOR('',#3683,1.);
#720=VECTOR('',#3686,1.);
#721=VECTOR('',#3693,1.);
#722=VECTOR('',#3694,1.);
#723=VECTOR('',#3697,1.);
#724=VECTOR('',#3700,1.);
#725=VECTOR('',#3703,1.);
#726=VECTOR('',#3704,1.);
#727=VECTOR('',#3707,1.);
#728=VECTOR('',#3712,1.);
#729=VECTOR('',#3713,1.);
#730=VECTOR('',#3718,1.);
#731=VECTOR('',#3719,1.);
#732=VECTOR('',#3722,1.);
#733=VECTOR('',#3725,1.);
#734=VECTOR('',#3726,1.);
#735=VECTOR('',#3735,1.);
#736=VECTOR('',#3740,1.);
#737=VECTOR('',#3751,1.);
#738=VECTOR('',#3764,1.);
#739=VECTOR('',#3769,1.);
#740=VECTOR('',#3772,1.);
#741=VECTOR('',#3783,1.);
#742=VECTOR('',#3786,1.);
#743=VECTOR('',#3789,1.);
#744=VECTOR('',#3800,1.);
#745=VECTOR('',#3805,1.);
#746=VECTOR('',#3806,1.);
#747=VECTOR('',#3811,1.);
#748=VECTOR('',#3816,1.);
#749=VECTOR('',#3817,1.);
#750=VECTOR('',#3820,1.);
#751=VECTOR('',#3821,1.);
#752=VECTOR('',#3824,1.);
#753=VECTOR('',#3825,1.);
#754=VECTOR('',#3826,1.);
#755=VECTOR('',#3829,1.);
#756=VECTOR('',#3830,1.);
#757=VECTOR('',#3831,1.);
#758=VECTOR('',#3836,1.);
#759=VECTOR('',#3837,1.);
#760=VECTOR('',#3842,1.);
#761=VECTOR('',#3843,1.);
#762=VECTOR('',#3850,1.);
#763=VECTOR('',#3851,1.);
#764=VECTOR('',#3852,1.);
#765=VECTOR('',#3853,1.);
#766=VECTOR('',#3858,1.);
#767=VECTOR('',#3869,1.);
#768=VECTOR('',#3870,1.);
#769=VECTOR('',#3873,1.);
#770=VECTOR('',#3874,1.);
#771=VECTOR('',#3877,1.);
#772=VECTOR('',#3884,1.);
#773=VECTOR('',#3885,1.);
#774=VECTOR('',#3888,1.);
#775=VECTOR('',#3889,1.);
#776=VECTOR('',#3894,1.);
#777=VECTOR('',#3903,1.);
#778=VECTOR('',#3904,1.);
#779=VECTOR('',#3907,1.);
#780=VECTOR('',#3908,1.);
#781=VECTOR('',#3911,1.);
#782=VECTOR('',#3930,1.);
#783=VECTOR('',#3931,1.);
#784=VECTOR('',#3932,1.);
#785=VECTOR('',#3935,1.);
#786=VECTOR('',#3936,1.);
#787=VECTOR('',#3943,1.);
#788=VECTOR('',#3948,1.);
#789=VECTOR('',#3951,1.);
#790=VECTOR('',#3982,1.);
#791=VECTOR('',#3985,1.);
#792=VECTOR('',#3990,1.);
#793=VECTOR('',#3993,1.);
#794=VECTOR('',#3998,1.);
#795=VECTOR('',#4001,1.);
#796=VECTOR('',#4006,1.);
#797=VECTOR('',#4009,1.);
#798=VECTOR('',#4012,1.);
#799=VECTOR('',#4013,1.);
#800=VECTOR('',#4014,1.);
#801=VECTOR('',#4015,1.);
#802=VECTOR('',#4018,1.);
#803=VECTOR('',#4019,1.);
#804=VECTOR('',#4020,1.);
#805=VECTOR('',#4021,1.);
#806=ORIENTED_EDGE('',*,*,#1656,.F.);
#807=ORIENTED_EDGE('',*,*,#1657,.T.);
#808=ORIENTED_EDGE('',*,*,#1658,.T.);
#809=ORIENTED_EDGE('',*,*,#1659,.F.);
#810=ORIENTED_EDGE('',*,*,#1660,.F.);
#811=ORIENTED_EDGE('',*,*,#1661,.T.);
#812=ORIENTED_EDGE('',*,*,#1662,.F.);
#813=ORIENTED_EDGE('',*,*,#1663,.F.);
#814=ORIENTED_EDGE('',*,*,#1664,.T.);
#815=ORIENTED_EDGE('',*,*,#1665,.T.);
#816=ORIENTED_EDGE('',*,*,#1666,.T.);
#817=ORIENTED_EDGE('',*,*,#1667,.T.);
#818=ORIENTED_EDGE('',*,*,#1668,.F.);
#819=ORIENTED_EDGE('',*,*,#1665,.F.);
#820=ORIENTED_EDGE('',*,*,#1669,.F.);
#821=ORIENTED_EDGE('',*,*,#1659,.T.);
#822=ORIENTED_EDGE('',*,*,#1670,.T.);
#823=ORIENTED_EDGE('',*,*,#1666,.F.);
#824=ORIENTED_EDGE('',*,*,#1664,.F.);
#825=ORIENTED_EDGE('',*,*,#1671,.T.);
#826=ORIENTED_EDGE('',*,*,#1672,.T.);
#827=ORIENTED_EDGE('',*,*,#1673,.F.);
#828=ORIENTED_EDGE('',*,*,#1674,.F.);
#829=ORIENTED_EDGE('',*,*,#1668,.T.);
#830=ORIENTED_EDGE('',*,*,#1675,.T.);
#831=ORIENTED_EDGE('',*,*,#1676,.T.);
#832=ORIENTED_EDGE('',*,*,#1677,.F.);
#833=ORIENTED_EDGE('',*,*,#1678,.T.);
#834=ORIENTED_EDGE('',*,*,#1679,.F.);
#835=ORIENTED_EDGE('',*,*,#1662,.T.);
#836=ORIENTED_EDGE('',*,*,#1680,.F.);
#837=ORIENTED_EDGE('',*,*,#1674,.T.);
#838=ORIENTED_EDGE('',*,*,#1681,.T.);
#839=ORIENTED_EDGE('',*,*,#1682,.F.);
#840=ORIENTED_EDGE('',*,*,#1683,.F.);
#841=ORIENTED_EDGE('',*,*,#1678,.F.);
#842=ORIENTED_EDGE('',*,*,#1684,.T.);
#843=ORIENTED_EDGE('',*,*,#1672,.F.);
#844=ORIENTED_EDGE('',*,*,#1685,.F.);
#845=ORIENTED_EDGE('',*,*,#1686,.F.);
#846=ORIENTED_EDGE('',*,*,#1681,.F.);
#847=ORIENTED_EDGE('',*,*,#1673,.T.);
#848=ORIENTED_EDGE('',*,*,#1684,.F.);
#849=ORIENTED_EDGE('',*,*,#1677,.T.);
#850=ORIENTED_EDGE('',*,*,#1687,.F.);
#851=ORIENTED_EDGE('',*,*,#1688,.F.);
#852=ORIENTED_EDGE('',*,*,#1689,.F.);
#853=ORIENTED_EDGE('',*,*,#1690,.T.);
#854=ORIENTED_EDGE('',*,*,#1691,.F.);
#855=ORIENTED_EDGE('',*,*,#1690,.F.);
#856=ORIENTED_EDGE('',*,*,#1692,.F.);
#857=ORIENTED_EDGE('',*,*,#1688,.T.);
#858=ORIENTED_EDGE('',*,*,#1693,.T.);
#859=ORIENTED_EDGE('',*,*,#1694,.F.);
#860=ORIENTED_EDGE('',*,*,#1695,.T.);
#861=ORIENTED_EDGE('',*,*,#1694,.T.);
#862=ORIENTED_EDGE('',*,*,#1696,.F.);
#863=ORIENTED_EDGE('',*,*,#1695,.F.);
#864=ORIENTED_EDGE('',*,*,#1697,.F.);
#865=ORIENTED_EDGE('',*,*,#1698,.T.);
#866=ORIENTED_EDGE('',*,*,#1699,.T.);
#867=ORIENTED_EDGE('',*,*,#1698,.F.);
#868=ORIENTED_EDGE('',*,*,#1700,.T.);
#869=ORIENTED_EDGE('',*,*,#1699,.F.);
#870=ORIENTED_EDGE('',*,*,#1701,.T.);
#871=ORIENTED_EDGE('',*,*,#1702,.T.);
#872=ORIENTED_EDGE('',*,*,#1703,.T.);
#873=ORIENTED_EDGE('',*,*,#1704,.F.);
#874=ORIENTED_EDGE('',*,*,#1705,.F.);
#875=ORIENTED_EDGE('',*,*,#1706,.T.);
#876=ORIENTED_EDGE('',*,*,#1707,.T.);
#877=ORIENTED_EDGE('',*,*,#1702,.F.);
#878=ORIENTED_EDGE('',*,*,#1708,.F.);
#879=ORIENTED_EDGE('',*,*,#1704,.T.);
#880=ORIENTED_EDGE('',*,*,#1709,.T.);
#881=ORIENTED_EDGE('',*,*,#1706,.F.);
#882=ORIENTED_EDGE('',*,*,#1710,.T.);
#883=ORIENTED_EDGE('',*,*,#1711,.T.);
#884=ORIENTED_EDGE('',*,*,#1712,.T.);
#885=ORIENTED_EDGE('',*,*,#1713,.F.);
#886=ORIENTED_EDGE('',*,*,#1714,.F.);
#887=ORIENTED_EDGE('',*,*,#1715,.T.);
#888=ORIENTED_EDGE('',*,*,#1716,.T.);
#889=ORIENTED_EDGE('',*,*,#1711,.F.);
#890=ORIENTED_EDGE('',*,*,#1717,.F.);
#891=ORIENTED_EDGE('',*,*,#1713,.T.);
#892=ORIENTED_EDGE('',*,*,#1718,.T.);
#893=ORIENTED_EDGE('',*,*,#1715,.F.);
#894=ORIENTED_EDGE('',*,*,#1719,.T.);
#895=ORIENTED_EDGE('',*,*,#1720,.T.);
#896=ORIENTED_EDGE('',*,*,#1721,.T.);
#897=ORIENTED_EDGE('',*,*,#1722,.F.);
#898=ORIENTED_EDGE('',*,*,#1723,.F.);
#899=ORIENTED_EDGE('',*,*,#1724,.T.);
#900=ORIENTED_EDGE('',*,*,#1725,.T.);
#901=ORIENTED_EDGE('',*,*,#1720,.F.);
#902=ORIENTED_EDGE('',*,*,#1726,.F.);
#903=ORIENTED_EDGE('',*,*,#1722,.T.);
#904=ORIENTED_EDGE('',*,*,#1727,.T.);
#905=ORIENTED_EDGE('',*,*,#1724,.F.);
#906=ORIENTED_EDGE('',*,*,#1728,.T.);
#907=ORIENTED_EDGE('',*,*,#1729,.T.);
#908=ORIENTED_EDGE('',*,*,#1730,.T.);
#909=ORIENTED_EDGE('',*,*,#1731,.F.);
#910=ORIENTED_EDGE('',*,*,#1732,.F.);
#911=ORIENTED_EDGE('',*,*,#1733,.F.);
#912=ORIENTED_EDGE('',*,*,#1734,.T.);
#913=ORIENTED_EDGE('',*,*,#1735,.T.);
#914=ORIENTED_EDGE('',*,*,#1736,.F.);
#915=ORIENTED_EDGE('',*,*,#1737,.T.);
#916=ORIENTED_EDGE('',*,*,#1738,.T.);
#917=ORIENTED_EDGE('',*,*,#1739,.F.);
#918=ORIENTED_EDGE('',*,*,#1740,.T.);
#919=ORIENTED_EDGE('',*,*,#1741,.T.);
#920=ORIENTED_EDGE('',*,*,#1742,.T.);
#921=ORIENTED_EDGE('',*,*,#1743,.F.);
#922=ORIENTED_EDGE('',*,*,#1744,.T.);
#923=ORIENTED_EDGE('',*,*,#1745,.F.);
#924=ORIENTED_EDGE('',*,*,#1746,.T.);
#925=ORIENTED_EDGE('',*,*,#1747,.F.);
#926=ORIENTED_EDGE('',*,*,#1748,.F.);
#927=ORIENTED_EDGE('',*,*,#1749,.T.);
#928=ORIENTED_EDGE('',*,*,#1750,.F.);
#929=ORIENTED_EDGE('',*,*,#1751,.F.);
#930=ORIENTED_EDGE('',*,*,#1752,.T.);
#931=ORIENTED_EDGE('',*,*,#1753,.T.);
#932=ORIENTED_EDGE('',*,*,#1754,.T.);
#933=ORIENTED_EDGE('',*,*,#1755,.T.);
#934=ORIENTED_EDGE('',*,*,#1756,.T.);
#935=ORIENTED_EDGE('',*,*,#1757,.T.);
#936=ORIENTED_EDGE('',*,*,#1758,.T.);
#937=ORIENTED_EDGE('',*,*,#1759,.F.);
#938=ORIENTED_EDGE('',*,*,#1760,.F.);
#939=ORIENTED_EDGE('',*,*,#1761,.F.);
#940=ORIENTED_EDGE('',*,*,#1762,.F.);
#941=ORIENTED_EDGE('',*,*,#1763,.T.);
#942=ORIENTED_EDGE('',*,*,#1764,.T.);
#943=ORIENTED_EDGE('',*,*,#1736,.T.);
#944=ORIENTED_EDGE('',*,*,#1765,.F.);
#945=ORIENTED_EDGE('',*,*,#1766,.T.);
#946=ORIENTED_EDGE('',*,*,#1767,.T.);
#947=ORIENTED_EDGE('',*,*,#1768,.T.);
#948=ORIENTED_EDGE('',*,*,#1769,.T.);
#949=ORIENTED_EDGE('',*,*,#1770,.F.);
#950=ORIENTED_EDGE('',*,*,#1752,.F.);
#951=ORIENTED_EDGE('',*,*,#1771,.F.);
#952=ORIENTED_EDGE('',*,*,#1772,.T.);
#953=ORIENTED_EDGE('',*,*,#1773,.T.);
#954=ORIENTED_EDGE('',*,*,#1774,.T.);
#955=ORIENTED_EDGE('',*,*,#1775,.F.);
#956=ORIENTED_EDGE('',*,*,#1776,.F.);
#957=ORIENTED_EDGE('',*,*,#1777,.T.);
#958=ORIENTED_EDGE('',*,*,#1778,.T.);
#959=ORIENTED_EDGE('',*,*,#1773,.F.);
#960=ORIENTED_EDGE('',*,*,#1779,.F.);
#961=ORIENTED_EDGE('',*,*,#1775,.T.);
#962=ORIENTED_EDGE('',*,*,#1780,.T.);
#963=ORIENTED_EDGE('',*,*,#1777,.F.);
#964=ORIENTED_EDGE('',*,*,#1781,.T.);
#965=ORIENTED_EDGE('',*,*,#1782,.T.);
#966=ORIENTED_EDGE('',*,*,#1783,.T.);
#967=ORIENTED_EDGE('',*,*,#1784,.F.);
#968=ORIENTED_EDGE('',*,*,#1785,.F.);
#969=ORIENTED_EDGE('',*,*,#1786,.T.);
#970=ORIENTED_EDGE('',*,*,#1787,.T.);
#971=ORIENTED_EDGE('',*,*,#1782,.F.);
#972=ORIENTED_EDGE('',*,*,#1788,.F.);
#973=ORIENTED_EDGE('',*,*,#1784,.T.);
#974=ORIENTED_EDGE('',*,*,#1789,.T.);
#975=ORIENTED_EDGE('',*,*,#1786,.F.);
#976=ORIENTED_EDGE('',*,*,#1790,.T.);
#977=ORIENTED_EDGE('',*,*,#1791,.T.);
#978=ORIENTED_EDGE('',*,*,#1792,.T.);
#979=ORIENTED_EDGE('',*,*,#1793,.F.);
#980=ORIENTED_EDGE('',*,*,#1794,.F.);
#981=ORIENTED_EDGE('',*,*,#1795,.T.);
#982=ORIENTED_EDGE('',*,*,#1796,.T.);
#983=ORIENTED_EDGE('',*,*,#1791,.F.);
#984=ORIENTED_EDGE('',*,*,#1797,.F.);
#985=ORIENTED_EDGE('',*,*,#1793,.T.);
#986=ORIENTED_EDGE('',*,*,#1798,.T.);
#987=ORIENTED_EDGE('',*,*,#1795,.F.);
#988=ORIENTED_EDGE('',*,*,#1799,.F.);
#989=ORIENTED_EDGE('',*,*,#1800,.T.);
#990=ORIENTED_EDGE('',*,*,#1801,.T.);
#991=ORIENTED_EDGE('',*,*,#1802,.T.);
#992=ORIENTED_EDGE('',*,*,#1803,.T.);
#993=ORIENTED_EDGE('',*,*,#1804,.T.);
#994=ORIENTED_EDGE('',*,*,#1805,.F.);
#995=ORIENTED_EDGE('',*,*,#1806,.F.);
#996=ORIENTED_EDGE('',*,*,#1807,.F.);
#997=ORIENTED_EDGE('',*,*,#1765,.T.);
#998=ORIENTED_EDGE('',*,*,#1745,.T.);
#999=ORIENTED_EDGE('',*,*,#1808,.T.);
#1000=ORIENTED_EDGE('',*,*,#1809,.T.);
#1001=ORIENTED_EDGE('',*,*,#1800,.F.);
#1002=ORIENTED_EDGE('',*,*,#1810,.T.);
#1003=ORIENTED_EDGE('',*,*,#1811,.T.);
#1004=ORIENTED_EDGE('',*,*,#1780,.F.);
#1005=ORIENTED_EDGE('',*,*,#1774,.F.);
#1006=ORIENTED_EDGE('',*,*,#1778,.F.);
#1007=ORIENTED_EDGE('',*,*,#1812,.T.);
#1008=ORIENTED_EDGE('',*,*,#1813,.T.);
#1009=ORIENTED_EDGE('',*,*,#1814,.T.);
#1010=ORIENTED_EDGE('',*,*,#1815,.F.);
#1011=ORIENTED_EDGE('',*,*,#1816,.F.);
#1012=ORIENTED_EDGE('',*,*,#1817,.T.);
#1013=ORIENTED_EDGE('',*,*,#1818,.T.);
#1014=ORIENTED_EDGE('',*,*,#1819,.F.);
#1015=ORIENTED_EDGE('',*,*,#1820,.F.);
#1016=ORIENTED_EDGE('',*,*,#1821,.T.);
#1017=ORIENTED_EDGE('',*,*,#1822,.F.);
#1018=ORIENTED_EDGE('',*,*,#1823,.F.);
#1019=ORIENTED_EDGE('',*,*,#1806,.T.);
#1020=ORIENTED_EDGE('',*,*,#1718,.F.);
#1021=ORIENTED_EDGE('',*,*,#1712,.F.);
#1022=ORIENTED_EDGE('',*,*,#1716,.F.);
#1023=ORIENTED_EDGE('',*,*,#1727,.F.);
#1024=ORIENTED_EDGE('',*,*,#1721,.F.);
#1025=ORIENTED_EDGE('',*,*,#1725,.F.);
#1026=ORIENTED_EDGE('',*,*,#1709,.F.);
#1027=ORIENTED_EDGE('',*,*,#1703,.F.);
#1028=ORIENTED_EDGE('',*,*,#1707,.F.);
#1029=ORIENTED_EDGE('',*,*,#1814,.F.);
#1030=ORIENTED_EDGE('',*,*,#1824,.F.);
#1031=ORIENTED_EDGE('',*,*,#1825,.F.);
#1032=ORIENTED_EDGE('',*,*,#1826,.T.);
#1033=ORIENTED_EDGE('',*,*,#1827,.F.);
#1034=ORIENTED_EDGE('',*,*,#1828,.F.);
#1035=ORIENTED_EDGE('',*,*,#1829,.F.);
#1036=ORIENTED_EDGE('',*,*,#1826,.F.);
#1037=ORIENTED_EDGE('',*,*,#1830,.F.);
#1038=ORIENTED_EDGE('',*,*,#1818,.F.);
#1039=ORIENTED_EDGE('',*,*,#1831,.T.);
#1040=ORIENTED_EDGE('',*,*,#1832,.T.);
#1041=ORIENTED_EDGE('',*,*,#1833,.T.);
#1042=ORIENTED_EDGE('',*,*,#1834,.F.);
#1043=ORIENTED_EDGE('',*,*,#1833,.F.);
#1044=ORIENTED_EDGE('',*,*,#1835,.T.);
#1045=ORIENTED_EDGE('',*,*,#1836,.T.);
#1046=ORIENTED_EDGE('',*,*,#1837,.F.);
#1047=ORIENTED_EDGE('',*,*,#1838,.T.);
#1048=ORIENTED_EDGE('',*,*,#1839,.F.);
#1049=ORIENTED_EDGE('',*,*,#1820,.T.);
#1050=ORIENTED_EDGE('',*,*,#1840,.F.);
#1051=ORIENTED_EDGE('',*,*,#1836,.F.);
#1052=ORIENTED_EDGE('',*,*,#1841,.T.);
#1053=ORIENTED_EDGE('',*,*,#1842,.T.);
#1054=ORIENTED_EDGE('',*,*,#1843,.T.);
#1055=ORIENTED_EDGE('',*,*,#1844,.T.);
#1056=ORIENTED_EDGE('',*,*,#1804,.F.);
#1057=ORIENTED_EDGE('',*,*,#1845,.F.);
#1058=ORIENTED_EDGE('',*,*,#1798,.F.);
#1059=ORIENTED_EDGE('',*,*,#1792,.F.);
#1060=ORIENTED_EDGE('',*,*,#1796,.F.);
#1061=ORIENTED_EDGE('',*,*,#1789,.F.);
#1062=ORIENTED_EDGE('',*,*,#1783,.F.);
#1063=ORIENTED_EDGE('',*,*,#1787,.F.);
#1064=ORIENTED_EDGE('',*,*,#1846,.T.);
#1065=ORIENTED_EDGE('',*,*,#1847,.T.);
#1066=ORIENTED_EDGE('',*,*,#1848,.T.);
#1067=ORIENTED_EDGE('',*,*,#1849,.T.);
#1068=ORIENTED_EDGE('',*,*,#1850,.T.);
#1069=ORIENTED_EDGE('',*,*,#1851,.T.);
#1070=ORIENTED_EDGE('',*,*,#1852,.T.);
#1071=ORIENTED_EDGE('',*,*,#1853,.T.);
#1072=ORIENTED_EDGE('',*,*,#1854,.T.);
#1073=ORIENTED_EDGE('',*,*,#1757,.F.);
#1074=ORIENTED_EDGE('',*,*,#1846,.F.);
#1075=ORIENTED_EDGE('',*,*,#1855,.T.);
#1076=ORIENTED_EDGE('',*,*,#1856,.T.);
#1077=ORIENTED_EDGE('',*,*,#1857,.T.);
#1078=ORIENTED_EDGE('',*,*,#1858,.T.);
#1079=ORIENTED_EDGE('',*,*,#1859,.T.);
#1080=ORIENTED_EDGE('',*,*,#1853,.F.);
#1081=ORIENTED_EDGE('',*,*,#1860,.F.);
#1082=ORIENTED_EDGE('',*,*,#1812,.F.);
#1083=ORIENTED_EDGE('',*,*,#1805,.T.);
#1084=ORIENTED_EDGE('',*,*,#1844,.F.);
#1085=ORIENTED_EDGE('',*,*,#1861,.F.);
#1086=ORIENTED_EDGE('',*,*,#1700,.F.);
#1087=ORIENTED_EDGE('',*,*,#1862,.T.);
#1088=ORIENTED_EDGE('',*,*,#1863,.F.);
#1089=ORIENTED_EDGE('',*,*,#1864,.T.);
#1090=ORIENTED_EDGE('',*,*,#1865,.F.);
#1091=ORIENTED_EDGE('',*,*,#1866,.F.);
#1092=ORIENTED_EDGE('',*,*,#1867,.F.);
#1093=ORIENTED_EDGE('',*,*,#1868,.F.);
#1094=ORIENTED_EDGE('',*,*,#1869,.T.);
#1095=ORIENTED_EDGE('',*,*,#1870,.T.);
#1096=ORIENTED_EDGE('',*,*,#1849,.F.);
#1097=ORIENTED_EDGE('',*,*,#1871,.F.);
#1098=ORIENTED_EDGE('',*,*,#1872,.F.);
#1099=ORIENTED_EDGE('',*,*,#1873,.F.);
#1100=ORIENTED_EDGE('',*,*,#1874,.F.);
#1101=ORIENTED_EDGE('',*,*,#1875,.F.);
#1102=ORIENTED_EDGE('',*,*,#1876,.T.);
#1103=ORIENTED_EDGE('',*,*,#1877,.T.);
#1104=ORIENTED_EDGE('',*,*,#1878,.T.);
#1105=ORIENTED_EDGE('',*,*,#1845,.T.);
#1106=ORIENTED_EDGE('',*,*,#1803,.F.);
#1107=ORIENTED_EDGE('',*,*,#1879,.F.);
#1108=ORIENTED_EDGE('',*,*,#1880,.T.);
#1109=ORIENTED_EDGE('',*,*,#1881,.F.);
#1110=ORIENTED_EDGE('',*,*,#1879,.T.);
#1111=ORIENTED_EDGE('',*,*,#1802,.F.);
#1112=ORIENTED_EDGE('',*,*,#1882,.F.);
#1113=ORIENTED_EDGE('',*,*,#1883,.T.);
#1114=ORIENTED_EDGE('',*,*,#1884,.T.);
#1115=ORIENTED_EDGE('',*,*,#1885,.T.);
#1116=ORIENTED_EDGE('',*,*,#1882,.T.);
#1117=ORIENTED_EDGE('',*,*,#1801,.F.);
#1118=ORIENTED_EDGE('',*,*,#1809,.F.);
#1119=ORIENTED_EDGE('',*,*,#1834,.T.);
#1120=ORIENTED_EDGE('',*,*,#1837,.T.);
#1121=ORIENTED_EDGE('',*,*,#1840,.T.);
#1122=ORIENTED_EDGE('',*,*,#1819,.T.);
#1123=ORIENTED_EDGE('',*,*,#1886,.T.);
#1124=ORIENTED_EDGE('',*,*,#1743,.T.);
#1125=ORIENTED_EDGE('',*,*,#1887,.T.);
#1126=ORIENTED_EDGE('',*,*,#1888,.T.);
#1127=ORIENTED_EDGE('',*,*,#1872,.T.);
#1128=ORIENTED_EDGE('',*,*,#1889,.F.);
#1129=ORIENTED_EDGE('',*,*,#1890,.T.);
#1130=ORIENTED_EDGE('',*,*,#1891,.F.);
#1131=ORIENTED_EDGE('',*,*,#1892,.F.);
#1132=ORIENTED_EDGE('',*,*,#1893,.T.);
#1133=ORIENTED_EDGE('',*,*,#1894,.T.);
#1134=ORIENTED_EDGE('',*,*,#1889,.T.);
#1135=ORIENTED_EDGE('',*,*,#1871,.T.);
#1136=ORIENTED_EDGE('',*,*,#1848,.F.);
#1137=ORIENTED_EDGE('',*,*,#1825,.T.);
#1138=ORIENTED_EDGE('',*,*,#1895,.F.);
#1139=ORIENTED_EDGE('',*,*,#1851,.F.);
#1140=ORIENTED_EDGE('',*,*,#1756,.F.);
#1141=ORIENTED_EDGE('',*,*,#1896,.T.);
#1142=ORIENTED_EDGE('',*,*,#1830,.T.);
#1143=ORIENTED_EDGE('',*,*,#1827,.T.);
#1144=ORIENTED_EDGE('',*,*,#1829,.T.);
#1145=ORIENTED_EDGE('',*,*,#1897,.F.);
#1146=ORIENTED_EDGE('',*,*,#1754,.F.);
#1147=ORIENTED_EDGE('',*,*,#1898,.T.);
#1148=ORIENTED_EDGE('',*,*,#1815,.T.);
#1149=ORIENTED_EDGE('',*,*,#1770,.T.);
#1150=ORIENTED_EDGE('',*,*,#1899,.T.);
#1151=ORIENTED_EDGE('',*,*,#1900,.T.);
#1152=ORIENTED_EDGE('',*,*,#1816,.T.);
#1153=ORIENTED_EDGE('',*,*,#1898,.F.);
#1154=ORIENTED_EDGE('',*,*,#1753,.F.);
#1155=ORIENTED_EDGE('',*,*,#1828,.T.);
#1156=ORIENTED_EDGE('',*,*,#1896,.F.);
#1157=ORIENTED_EDGE('',*,*,#1755,.F.);
#1158=ORIENTED_EDGE('',*,*,#1897,.T.);
#1159=ORIENTED_EDGE('',*,*,#1810,.F.);
#1160=ORIENTED_EDGE('',*,*,#1799,.T.);
#1161=ORIENTED_EDGE('',*,*,#1823,.T.);
#1162=ORIENTED_EDGE('',*,*,#1901,.F.);
#1163=ORIENTED_EDGE('',*,*,#1811,.F.);
#1164=ORIENTED_EDGE('',*,*,#1901,.T.);
#1165=ORIENTED_EDGE('',*,*,#1822,.T.);
#1166=ORIENTED_EDGE('',*,*,#1902,.F.);
#1167=ORIENTED_EDGE('',*,*,#1766,.F.);
#1168=ORIENTED_EDGE('',*,*,#1903,.T.);
#1169=ORIENTED_EDGE('',*,*,#1904,.F.);
#1170=ORIENTED_EDGE('',*,*,#1905,.F.);
#1171=ORIENTED_EDGE('',*,*,#1790,.F.);
#1172=ORIENTED_EDGE('',*,*,#1797,.T.);
#1173=ORIENTED_EDGE('',*,*,#1794,.T.);
#1174=ORIENTED_EDGE('',*,*,#1903,.F.);
#1175=ORIENTED_EDGE('',*,*,#1906,.T.);
#1176=ORIENTED_EDGE('',*,*,#1874,.T.);
#1177=ORIENTED_EDGE('',*,*,#1907,.F.);
#1178=ORIENTED_EDGE('',*,*,#1905,.T.);
#1179=ORIENTED_EDGE('',*,*,#1908,.T.);
#1180=ORIENTED_EDGE('',*,*,#1875,.T.);
#1181=ORIENTED_EDGE('',*,*,#1906,.F.);
#1182=ORIENTED_EDGE('',*,*,#1904,.T.);
#1183=ORIENTED_EDGE('',*,*,#1907,.T.);
#1184=ORIENTED_EDGE('',*,*,#1873,.T.);
#1185=ORIENTED_EDGE('',*,*,#1908,.F.);
#1186=ORIENTED_EDGE('',*,*,#1909,.T.);
#1187=ORIENTED_EDGE('',*,*,#1910,.F.);
#1188=ORIENTED_EDGE('',*,*,#1911,.F.);
#1189=ORIENTED_EDGE('',*,*,#1781,.F.);
#1190=ORIENTED_EDGE('',*,*,#1788,.T.);
#1191=ORIENTED_EDGE('',*,*,#1785,.T.);
#1192=ORIENTED_EDGE('',*,*,#1865,.T.);
#1193=ORIENTED_EDGE('',*,*,#1912,.T.);
#1194=ORIENTED_EDGE('',*,*,#1868,.T.);
#1195=ORIENTED_EDGE('',*,*,#1913,.F.);
#1196=ORIENTED_EDGE('',*,*,#1909,.F.);
#1197=ORIENTED_EDGE('',*,*,#1914,.T.);
#1198=ORIENTED_EDGE('',*,*,#1911,.T.);
#1199=ORIENTED_EDGE('',*,*,#1915,.T.);
#1200=ORIENTED_EDGE('',*,*,#1866,.T.);
#1201=ORIENTED_EDGE('',*,*,#1914,.F.);
#1202=ORIENTED_EDGE('',*,*,#1910,.T.);
#1203=ORIENTED_EDGE('',*,*,#1913,.T.);
#1204=ORIENTED_EDGE('',*,*,#1867,.T.);
#1205=ORIENTED_EDGE('',*,*,#1915,.F.);
#1206=ORIENTED_EDGE('',*,*,#1916,.T.);
#1207=ORIENTED_EDGE('',*,*,#1917,.F.);
#1208=ORIENTED_EDGE('',*,*,#1918,.F.);
#1209=ORIENTED_EDGE('',*,*,#1772,.F.);
#1210=ORIENTED_EDGE('',*,*,#1779,.T.);
#1211=ORIENTED_EDGE('',*,*,#1776,.T.);
#1212=ORIENTED_EDGE('',*,*,#1919,.T.);
#1213=ORIENTED_EDGE('',*,*,#1920,.F.);
#1214=ORIENTED_EDGE('',*,*,#1921,.F.);
#1215=ORIENTED_EDGE('',*,*,#1916,.F.);
#1216=ORIENTED_EDGE('',*,*,#1922,.T.);
#1217=ORIENTED_EDGE('',*,*,#1923,.T.);
#1218=ORIENTED_EDGE('',*,*,#1919,.F.);
#1219=ORIENTED_EDGE('',*,*,#1918,.T.);
#1220=ORIENTED_EDGE('',*,*,#1921,.T.);
#1221=ORIENTED_EDGE('',*,*,#1924,.T.);
#1222=ORIENTED_EDGE('',*,*,#1922,.F.);
#1223=ORIENTED_EDGE('',*,*,#1917,.T.);
#1224=ORIENTED_EDGE('',*,*,#1925,.F.);
#1225=ORIENTED_EDGE('',*,*,#1926,.T.);
#1226=ORIENTED_EDGE('',*,*,#1862,.F.);
#1227=ORIENTED_EDGE('',*,*,#1888,.F.);
#1228=ORIENTED_EDGE('',*,*,#1927,.T.);
#1229=ORIENTED_EDGE('',*,*,#1923,.F.);
#1230=ORIENTED_EDGE('',*,*,#1924,.F.);
#1231=ORIENTED_EDGE('',*,*,#1920,.T.);
#1232=ORIENTED_EDGE('',*,*,#1928,.F.);
#1233=ORIENTED_EDGE('',*,*,#1929,.F.);
#1234=ORIENTED_EDGE('',*,*,#1930,.F.);
#1235=ORIENTED_EDGE('',*,*,#1931,.F.);
#1236=ORIENTED_EDGE('',*,*,#1932,.F.);
#1237=ORIENTED_EDGE('',*,*,#1933,.T.);
#1238=ORIENTED_EDGE('',*,*,#1934,.F.);
#1239=ORIENTED_EDGE('',*,*,#1771,.T.);
#1240=ORIENTED_EDGE('',*,*,#1751,.T.);
#1241=ORIENTED_EDGE('',*,*,#1935,.F.);
#1242=ORIENTED_EDGE('',*,*,#1936,.T.);
#1243=ORIENTED_EDGE('',*,*,#1937,.T.);
#1244=ORIENTED_EDGE('',*,*,#1938,.T.);
#1245=ORIENTED_EDGE('',*,*,#1740,.F.);
#1246=ORIENTED_EDGE('',*,*,#1939,.F.);
#1247=ORIENTED_EDGE('',*,*,#1940,.F.);
#1248=ORIENTED_EDGE('',*,*,#1941,.T.);
#1249=ORIENTED_EDGE('',*,*,#1942,.T.);
#1250=ORIENTED_EDGE('',*,*,#1943,.T.);
#1251=ORIENTED_EDGE('',*,*,#1944,.F.);
#1252=ORIENTED_EDGE('',*,*,#1735,.F.);
#1253=ORIENTED_EDGE('',*,*,#1945,.F.);
#1254=ORIENTED_EDGE('',*,*,#1661,.F.);
#1255=ORIENTED_EDGE('',*,*,#1946,.T.);
#1256=ORIENTED_EDGE('',*,*,#1758,.F.);
#1257=ORIENTED_EDGE('',*,*,#1854,.F.);
#1258=ORIENTED_EDGE('',*,*,#1859,.F.);
#1259=ORIENTED_EDGE('',*,*,#1947,.F.);
#1260=ORIENTED_EDGE('',*,*,#1948,.T.);
#1261=ORIENTED_EDGE('',*,*,#1949,.T.);
#1262=ORIENTED_EDGE('',*,*,#1950,.T.);
#1263=ORIENTED_EDGE('',*,*,#1947,.T.);
#1264=ORIENTED_EDGE('',*,*,#1858,.F.);
#1265=ORIENTED_EDGE('',*,*,#1951,.F.);
#1266=ORIENTED_EDGE('',*,*,#1952,.T.);
#1267=ORIENTED_EDGE('',*,*,#1951,.T.);
#1268=ORIENTED_EDGE('',*,*,#1857,.F.);
#1269=ORIENTED_EDGE('',*,*,#1953,.F.);
#1270=ORIENTED_EDGE('',*,*,#1954,.F.);
#1271=ORIENTED_EDGE('',*,*,#1955,.T.);
#1272=ORIENTED_EDGE('',*,*,#1953,.T.);
#1273=ORIENTED_EDGE('',*,*,#1856,.F.);
#1274=ORIENTED_EDGE('',*,*,#1870,.F.);
#1275=ORIENTED_EDGE('',*,*,#1956,.F.);
#1276=ORIENTED_EDGE('',*,*,#1957,.T.);
#1277=ORIENTED_EDGE('',*,*,#1958,.T.);
#1278=ORIENTED_EDGE('',*,*,#1954,.T.);
#1279=ORIENTED_EDGE('',*,*,#1855,.F.);
#1280=ORIENTED_EDGE('',*,*,#1850,.F.);
#1281=ORIENTED_EDGE('',*,*,#1742,.F.);
#1282=ORIENTED_EDGE('',*,*,#1959,.F.);
#1283=ORIENTED_EDGE('',*,*,#1927,.F.);
#1284=ORIENTED_EDGE('',*,*,#1887,.F.);
#1285=ORIENTED_EDGE('',*,*,#1938,.F.);
#1286=ORIENTED_EDGE('',*,*,#1960,.F.);
#1287=ORIENTED_EDGE('',*,*,#1925,.T.);
#1288=ORIENTED_EDGE('',*,*,#1959,.T.);
#1289=ORIENTED_EDGE('',*,*,#1741,.F.);
#1290=ORIENTED_EDGE('',*,*,#1961,.F.);
#1291=ORIENTED_EDGE('',*,*,#1762,.T.);
#1292=ORIENTED_EDGE('',*,*,#1934,.T.);
#1293=ORIENTED_EDGE('',*,*,#1962,.F.);
#1294=ORIENTED_EDGE('',*,*,#1933,.F.);
#1295=ORIENTED_EDGE('',*,*,#1963,.F.);
#1296=ORIENTED_EDGE('',*,*,#1941,.F.);
#1297=ORIENTED_EDGE('',*,*,#1964,.F.);
#1298=ORIENTED_EDGE('',*,*,#1962,.T.);
#1299=ORIENTED_EDGE('',*,*,#1876,.F.);
#1300=ORIENTED_EDGE('',*,*,#1881,.T.);
#1301=ORIENTED_EDGE('',*,*,#1965,.F.);
#1302=ORIENTED_EDGE('',*,*,#1894,.F.);
#1303=ORIENTED_EDGE('',*,*,#1966,.T.);
#1304=ORIENTED_EDGE('',*,*,#1880,.F.);
#1305=ORIENTED_EDGE('',*,*,#1885,.F.);
#1306=ORIENTED_EDGE('',*,*,#1967,.F.);
#1307=ORIENTED_EDGE('',*,*,#1890,.F.);
#1308=ORIENTED_EDGE('',*,*,#1965,.T.);
#1309=ORIENTED_EDGE('',*,*,#1744,.F.);
#1310=ORIENTED_EDGE('',*,*,#1886,.F.);
#1311=ORIENTED_EDGE('',*,*,#1968,.F.);
#1312=ORIENTED_EDGE('',*,*,#1883,.F.);
#1313=ORIENTED_EDGE('',*,*,#1808,.F.);
#1314=ORIENTED_EDGE('',*,*,#1967,.T.);
#1315=ORIENTED_EDGE('',*,*,#1884,.F.);
#1316=ORIENTED_EDGE('',*,*,#1968,.T.);
#1317=ORIENTED_EDGE('',*,*,#1891,.T.);
#1318=ORIENTED_EDGE('',*,*,#1878,.F.);
#1319=ORIENTED_EDGE('',*,*,#1969,.T.);
#1320=ORIENTED_EDGE('',*,*,#1892,.T.);
#1321=ORIENTED_EDGE('',*,*,#1970,.T.);
#1322=ORIENTED_EDGE('',*,*,#1842,.F.);
#1323=ORIENTED_EDGE('',*,*,#1817,.F.);
#1324=ORIENTED_EDGE('',*,*,#1900,.F.);
#1325=ORIENTED_EDGE('',*,*,#1971,.T.);
#1326=ORIENTED_EDGE('',*,*,#1831,.F.);
#1327=ORIENTED_EDGE('',*,*,#1899,.F.);
#1328=ORIENTED_EDGE('',*,*,#1769,.F.);
#1329=ORIENTED_EDGE('',*,*,#1972,.T.);
#1330=ORIENTED_EDGE('',*,*,#1841,.F.);
#1331=ORIENTED_EDGE('',*,*,#1835,.F.);
#1332=ORIENTED_EDGE('',*,*,#1832,.F.);
#1333=ORIENTED_EDGE('',*,*,#1971,.F.);
#1334=ORIENTED_EDGE('',*,*,#1972,.F.);
#1335=ORIENTED_EDGE('',*,*,#1768,.F.);
#1336=ORIENTED_EDGE('',*,*,#1973,.F.);
#1337=ORIENTED_EDGE('',*,*,#1838,.F.);
#1338=ORIENTED_EDGE('',*,*,#1902,.T.);
#1339=ORIENTED_EDGE('',*,*,#1821,.F.);
#1340=ORIENTED_EDGE('',*,*,#1839,.T.);
#1341=ORIENTED_EDGE('',*,*,#1973,.T.);
#1342=ORIENTED_EDGE('',*,*,#1767,.F.);
#1343=ORIENTED_EDGE('',*,*,#1970,.F.);
#1344=ORIENTED_EDGE('',*,*,#1847,.F.);
#1345=ORIENTED_EDGE('',*,*,#1861,.T.);
#1346=ORIENTED_EDGE('',*,*,#1843,.F.);
#1347=ORIENTED_EDGE('',*,*,#1824,.T.);
#1348=ORIENTED_EDGE('',*,*,#1813,.F.);
#1349=ORIENTED_EDGE('',*,*,#1860,.T.);
#1350=ORIENTED_EDGE('',*,*,#1852,.F.);
#1351=ORIENTED_EDGE('',*,*,#1895,.T.);
#1352=ORIENTED_EDGE('',*,*,#1969,.F.);
#1353=ORIENTED_EDGE('',*,*,#1877,.F.);
#1354=ORIENTED_EDGE('',*,*,#1966,.F.);
#1355=ORIENTED_EDGE('',*,*,#1893,.F.);
#1356=ORIENTED_EDGE('',*,*,#1974,.T.);
#1357=ORIENTED_EDGE('',*,*,#1975,.T.);
#1358=ORIENTED_EDGE('',*,*,#1728,.F.);
#1359=ORIENTED_EDGE('',*,*,#1976,.T.);
#1360=ORIENTED_EDGE('',*,*,#1977,.T.);
#1361=ORIENTED_EDGE('',*,*,#1978,.T.);
#1362=ORIENTED_EDGE('',*,*,#1974,.F.);
#1363=ORIENTED_EDGE('',*,*,#1979,.F.);
#1364=ORIENTED_EDGE('',*,*,#1980,.T.);
#1365=ORIENTED_EDGE('',*,*,#1940,.T.);
#1366=ORIENTED_EDGE('',*,*,#1981,.T.);
#1367=ORIENTED_EDGE('',*,*,#1982,.T.);
#1368=ORIENTED_EDGE('',*,*,#1983,.T.);
#1369=ORIENTED_EDGE('',*,*,#1984,.F.);
#1370=ORIENTED_EDGE('',*,*,#1732,.T.);
#1371=ORIENTED_EDGE('',*,*,#1944,.T.);
#1372=ORIENTED_EDGE('',*,*,#1739,.T.);
#1373=ORIENTED_EDGE('',*,*,#1985,.T.);
#1374=ORIENTED_EDGE('',*,*,#1981,.F.);
#1375=ORIENTED_EDGE('',*,*,#1939,.T.);
#1376=ORIENTED_EDGE('',*,*,#1734,.F.);
#1377=ORIENTED_EDGE('',*,*,#1986,.T.);
#1378=ORIENTED_EDGE('',*,*,#1987,.T.);
#1379=ORIENTED_EDGE('',*,*,#1763,.F.);
#1380=ORIENTED_EDGE('',*,*,#1961,.T.);
#1381=ORIENTED_EDGE('',*,*,#1964,.T.);
#1382=ORIENTED_EDGE('',*,*,#1945,.T.);
#1383=ORIENTED_EDGE('',*,*,#1988,.F.);
#1384=ORIENTED_EDGE('',*,*,#1989,.T.);
#1385=ORIENTED_EDGE('',*,*,#1733,.T.);
#1386=ORIENTED_EDGE('',*,*,#1984,.T.);
#1387=ORIENTED_EDGE('',*,*,#1990,.F.);
#1388=ORIENTED_EDGE('',*,*,#1982,.F.);
#1389=ORIENTED_EDGE('',*,*,#1985,.F.);
#1390=ORIENTED_EDGE('',*,*,#1991,.F.);
#1391=ORIENTED_EDGE('',*,*,#1764,.F.);
#1392=ORIENTED_EDGE('',*,*,#1992,.T.);
#1393=ORIENTED_EDGE('',*,*,#1993,.T.);
#1394=ORIENTED_EDGE('',*,*,#1994,.T.);
#1395=ORIENTED_EDGE('',*,*,#1738,.F.);
#1396=ORIENTED_EDGE('',*,*,#1995,.F.);
#1397=ORIENTED_EDGE('',*,*,#1996,.F.);
#1398=ORIENTED_EDGE('',*,*,#1997,.F.);
#1399=ORIENTED_EDGE('',*,*,#1991,.T.);
#1400=ORIENTED_EDGE('',*,*,#1993,.F.);
#1401=ORIENTED_EDGE('',*,*,#1998,.T.);
#1402=ORIENTED_EDGE('',*,*,#1999,.F.);
#1403=ORIENTED_EDGE('',*,*,#2000,.F.);
#1404=ORIENTED_EDGE('',*,*,#1996,.T.);
#1405=ORIENTED_EDGE('',*,*,#2001,.T.);
#1406=ORIENTED_EDGE('',*,*,#1999,.T.);
#1407=ORIENTED_EDGE('',*,*,#2002,.F.);
#1408=ORIENTED_EDGE('',*,*,#1986,.F.);
#1409=ORIENTED_EDGE('',*,*,#1989,.F.);
#1410=ORIENTED_EDGE('',*,*,#2003,.F.);
#1411=ORIENTED_EDGE('',*,*,#1990,.T.);
#1412=ORIENTED_EDGE('',*,*,#1997,.T.);
#1413=ORIENTED_EDGE('',*,*,#2000,.T.);
#1414=ORIENTED_EDGE('',*,*,#2003,.T.);
#1415=ORIENTED_EDGE('',*,*,#1988,.T.);
#1416=ORIENTED_EDGE('',*,*,#1983,.F.);
#1417=ORIENTED_EDGE('',*,*,#2004,.T.);
#1418=ORIENTED_EDGE('',*,*,#2005,.T.);
#1419=ORIENTED_EDGE('',*,*,#2006,.T.);
#1420=ORIENTED_EDGE('',*,*,#1957,.F.);
#1421=ORIENTED_EDGE('',*,*,#2007,.F.);
#1422=ORIENTED_EDGE('',*,*,#2008,.F.);
#1423=ORIENTED_EDGE('',*,*,#1936,.F.);
#1424=ORIENTED_EDGE('',*,*,#1980,.F.);
#1425=ORIENTED_EDGE('',*,*,#2009,.F.);
#1426=ORIENTED_EDGE('',*,*,#1935,.T.);
#1427=ORIENTED_EDGE('',*,*,#1750,.T.);
#1428=ORIENTED_EDGE('',*,*,#2010,.T.);
#1429=ORIENTED_EDGE('',*,*,#2011,.F.);
#1430=ORIENTED_EDGE('',*,*,#1942,.F.);
#1431=ORIENTED_EDGE('',*,*,#1963,.T.);
#1432=ORIENTED_EDGE('',*,*,#1932,.T.);
#1433=ORIENTED_EDGE('',*,*,#1912,.F.);
#1434=ORIENTED_EDGE('',*,*,#1864,.F.);
#1435=ORIENTED_EDGE('',*,*,#2012,.T.);
#1436=ORIENTED_EDGE('',*,*,#2007,.T.);
#1437=ORIENTED_EDGE('',*,*,#1956,.T.);
#1438=ORIENTED_EDGE('',*,*,#1869,.F.);
#1439=ORIENTED_EDGE('',*,*,#1937,.F.);
#1440=ORIENTED_EDGE('',*,*,#2008,.T.);
#1441=ORIENTED_EDGE('',*,*,#2012,.F.);
#1442=ORIENTED_EDGE('',*,*,#1863,.T.);
#1443=ORIENTED_EDGE('',*,*,#1926,.F.);
#1444=ORIENTED_EDGE('',*,*,#1960,.T.);
#1445=ORIENTED_EDGE('',*,*,#2013,.T.);
#1446=ORIENTED_EDGE('',*,*,#2014,.F.);
#1447=ORIENTED_EDGE('',*,*,#2015,.F.);
#1448=ORIENTED_EDGE('',*,*,#1701,.F.);
#1449=ORIENTED_EDGE('',*,*,#1708,.T.);
#1450=ORIENTED_EDGE('',*,*,#1705,.T.);
#1451=ORIENTED_EDGE('',*,*,#1928,.T.);
#1452=ORIENTED_EDGE('',*,*,#2009,.T.);
#1453=ORIENTED_EDGE('',*,*,#1931,.T.);
#1454=ORIENTED_EDGE('',*,*,#2016,.F.);
#1455=ORIENTED_EDGE('',*,*,#2013,.F.);
#1456=ORIENTED_EDGE('',*,*,#2017,.T.);
#1457=ORIENTED_EDGE('',*,*,#1929,.T.);
#1458=ORIENTED_EDGE('',*,*,#2017,.F.);
#1459=ORIENTED_EDGE('',*,*,#2015,.T.);
#1460=ORIENTED_EDGE('',*,*,#2018,.T.);
#1461=ORIENTED_EDGE('',*,*,#1930,.T.);
#1462=ORIENTED_EDGE('',*,*,#2018,.F.);
#1463=ORIENTED_EDGE('',*,*,#2014,.T.);
#1464=ORIENTED_EDGE('',*,*,#2016,.T.);
#1465=ORIENTED_EDGE('',*,*,#2019,.T.);
#1466=ORIENTED_EDGE('',*,*,#2020,.F.);
#1467=ORIENTED_EDGE('',*,*,#2021,.F.);
#1468=ORIENTED_EDGE('',*,*,#1719,.F.);
#1469=ORIENTED_EDGE('',*,*,#1726,.T.);
#1470=ORIENTED_EDGE('',*,*,#1723,.T.);
#1471=ORIENTED_EDGE('',*,*,#2022,.T.);
#1472=ORIENTED_EDGE('',*,*,#2023,.F.);
#1473=ORIENTED_EDGE('',*,*,#2019,.F.);
#1474=ORIENTED_EDGE('',*,*,#2024,.T.);
#1475=ORIENTED_EDGE('',*,*,#2025,.F.);
#1476=ORIENTED_EDGE('',*,*,#2024,.F.);
#1477=ORIENTED_EDGE('',*,*,#2021,.T.);
#1478=ORIENTED_EDGE('',*,*,#2026,.T.);
#1479=ORIENTED_EDGE('',*,*,#1747,.T.);
#1480=ORIENTED_EDGE('',*,*,#2027,.F.);
#1481=ORIENTED_EDGE('',*,*,#1748,.T.);
#1482=ORIENTED_EDGE('',*,*,#2026,.F.);
#1483=ORIENTED_EDGE('',*,*,#2020,.T.);
#1484=ORIENTED_EDGE('',*,*,#2023,.T.);
#1485=ORIENTED_EDGE('',*,*,#2028,.T.);
#1486=ORIENTED_EDGE('',*,*,#2029,.F.);
#1487=ORIENTED_EDGE('',*,*,#2030,.F.);
#1488=ORIENTED_EDGE('',*,*,#1710,.F.);
#1489=ORIENTED_EDGE('',*,*,#1717,.T.);
#1490=ORIENTED_EDGE('',*,*,#1714,.T.);
#1491=ORIENTED_EDGE('',*,*,#2028,.F.);
#1492=ORIENTED_EDGE('',*,*,#2031,.T.);
#1493=ORIENTED_EDGE('',*,*,#1760,.T.);
#1494=ORIENTED_EDGE('',*,*,#2032,.F.);
#1495=ORIENTED_EDGE('',*,*,#2030,.T.);
#1496=ORIENTED_EDGE('',*,*,#2033,.T.);
#1497=ORIENTED_EDGE('',*,*,#1761,.T.);
#1498=ORIENTED_EDGE('',*,*,#2031,.F.);
#1499=ORIENTED_EDGE('',*,*,#2029,.T.);
#1500=ORIENTED_EDGE('',*,*,#2032,.T.);
#1501=ORIENTED_EDGE('',*,*,#1759,.T.);
#1502=ORIENTED_EDGE('',*,*,#2033,.F.);
#1503=ORIENTED_EDGE('',*,*,#2004,.F.);
#1504=ORIENTED_EDGE('',*,*,#2034,.T.);
#1505=ORIENTED_EDGE('',*,*,#2034,.F.);
#1506=ORIENTED_EDGE('',*,*,#1987,.F.);
#1507=ORIENTED_EDGE('',*,*,#2002,.T.);
#1508=ORIENTED_EDGE('',*,*,#1998,.F.);
#1509=ORIENTED_EDGE('',*,*,#1992,.F.);
#1510=ORIENTED_EDGE('',*,*,#2001,.F.);
#1511=ORIENTED_EDGE('',*,*,#1995,.T.);
#1512=ORIENTED_EDGE('',*,*,#1737,.F.);
#1513=ORIENTED_EDGE('',*,*,#1994,.F.);
#1514=ORIENTED_EDGE('',*,*,#1692,.T.);
#1515=ORIENTED_EDGE('',*,*,#1691,.T.);
#1516=ORIENTED_EDGE('',*,*,#1693,.F.);
#1517=ORIENTED_EDGE('',*,*,#2035,.F.);
#1518=ORIENTED_EDGE('',*,*,#2036,.T.);
#1519=ORIENTED_EDGE('',*,*,#1730,.F.);
#1520=ORIENTED_EDGE('',*,*,#2037,.T.);
#1521=ORIENTED_EDGE('',*,*,#2038,.F.);
#1522=ORIENTED_EDGE('',*,*,#1807,.T.);
#1523=ORIENTED_EDGE('',*,*,#2039,.T.);
#1524=ORIENTED_EDGE('',*,*,#2040,.F.);
#1525=ORIENTED_EDGE('',*,*,#2005,.F.);
#1526=ORIENTED_EDGE('',*,*,#1979,.T.);
#1527=ORIENTED_EDGE('',*,*,#1976,.F.);
#1528=ORIENTED_EDGE('',*,*,#1731,.T.);
#1529=ORIENTED_EDGE('',*,*,#2036,.F.);
#1530=ORIENTED_EDGE('',*,*,#2041,.F.);
#1531=ORIENTED_EDGE('',*,*,#2042,.F.);
#1532=ORIENTED_EDGE('',*,*,#2037,.F.);
#1533=ORIENTED_EDGE('',*,*,#1729,.F.);
#1534=ORIENTED_EDGE('',*,*,#1975,.F.);
#1535=ORIENTED_EDGE('',*,*,#1978,.F.);
#1536=ORIENTED_EDGE('',*,*,#2043,.T.);
#1537=ORIENTED_EDGE('',*,*,#2044,.F.);
#1538=ORIENTED_EDGE('',*,*,#1683,.T.);
#1539=ORIENTED_EDGE('',*,*,#2045,.T.);
#1540=ORIENTED_EDGE('',*,*,#2043,.F.);
#1541=ORIENTED_EDGE('',*,*,#1977,.F.);
#1542=ORIENTED_EDGE('',*,*,#1943,.F.);
#1543=ORIENTED_EDGE('',*,*,#2011,.T.);
#1544=ORIENTED_EDGE('',*,*,#1946,.F.);
#1545=ORIENTED_EDGE('',*,*,#1660,.T.);
#1546=ORIENTED_EDGE('',*,*,#1669,.T.);
#1547=ORIENTED_EDGE('',*,*,#1680,.T.);
#1548=ORIENTED_EDGE('',*,*,#2044,.T.);
#1549=ORIENTED_EDGE('',*,*,#2010,.F.);
#1550=ORIENTED_EDGE('',*,*,#1749,.F.);
#1551=ORIENTED_EDGE('',*,*,#2027,.T.);
#1552=ORIENTED_EDGE('',*,*,#2022,.F.);
#1553=ORIENTED_EDGE('',*,*,#2025,.T.);
#1554=ORIENTED_EDGE('',*,*,#1746,.F.);
#1555=ORIENTED_EDGE('',*,*,#2045,.F.);
#1556=ORIENTED_EDGE('',*,*,#1682,.T.);
#1557=ORIENTED_EDGE('',*,*,#1686,.T.);
#1558=ORIENTED_EDGE('',*,*,#2041,.T.);
#1559=ORIENTED_EDGE('',*,*,#2046,.F.);
#1560=ORIENTED_EDGE('',*,*,#1656,.T.);
#1561=ORIENTED_EDGE('',*,*,#1949,.F.);
#1562=ORIENTED_EDGE('',*,*,#1689,.T.);
#1563=ORIENTED_EDGE('',*,*,#2038,.T.);
#1564=ORIENTED_EDGE('',*,*,#2042,.T.);
#1565=ORIENTED_EDGE('',*,*,#1687,.T.);
#1566=ORIENTED_EDGE('',*,*,#1676,.F.);
#1567=ORIENTED_EDGE('',*,*,#2047,.F.);
#1568=ORIENTED_EDGE('',*,*,#2039,.F.);
#1569=ORIENTED_EDGE('',*,*,#2035,.T.);
#1570=ORIENTED_EDGE('',*,*,#1696,.T.);
#1571=ORIENTED_EDGE('',*,*,#1697,.T.);
#1572=ORIENTED_EDGE('',*,*,#2048,.T.);
#1573=ORIENTED_EDGE('',*,*,#1657,.F.);
#1574=ORIENTED_EDGE('',*,*,#2046,.T.);
#1575=ORIENTED_EDGE('',*,*,#1948,.F.);
#1576=ORIENTED_EDGE('',*,*,#1950,.F.);
#1577=ORIENTED_EDGE('',*,*,#1952,.F.);
#1578=ORIENTED_EDGE('',*,*,#1955,.F.);
#1579=ORIENTED_EDGE('',*,*,#1958,.F.);
#1580=ORIENTED_EDGE('',*,*,#2006,.F.);
#1581=ORIENTED_EDGE('',*,*,#2040,.T.);
#1582=ORIENTED_EDGE('',*,*,#2047,.T.);
#1583=ORIENTED_EDGE('',*,*,#2048,.F.);
#1584=ORIENTED_EDGE('',*,*,#1675,.F.);
#1585=ORIENTED_EDGE('',*,*,#1667,.F.);
#1586=ORIENTED_EDGE('',*,*,#1670,.F.);
#1587=ORIENTED_EDGE('',*,*,#1658,.F.);
#1588=ORIENTED_EDGE('',*,*,#2049,.F.);
#1589=ORIENTED_EDGE('',*,*,#2050,.T.);
#1590=ORIENTED_EDGE('',*,*,#2051,.F.);
#1591=ORIENTED_EDGE('',*,*,#2052,.T.);
#1592=ORIENTED_EDGE('',*,*,#2053,.F.);
#1593=ORIENTED_EDGE('',*,*,#2054,.T.);
#1594=ORIENTED_EDGE('',*,*,#2055,.F.);
#1595=ORIENTED_EDGE('',*,*,#2056,.T.);
#1596=ORIENTED_EDGE('',*,*,#2057,.F.);
#1597=ORIENTED_EDGE('',*,*,#2058,.T.);
#1598=ORIENTED_EDGE('',*,*,#2059,.T.);
#1599=ORIENTED_EDGE('',*,*,#2060,.F.);
#1600=ORIENTED_EDGE('',*,*,#2061,.F.);
#1601=ORIENTED_EDGE('',*,*,#2062,.T.);
#1602=ORIENTED_EDGE('',*,*,#2063,.T.);
#1603=ORIENTED_EDGE('',*,*,#2064,.F.);
#1604=ORIENTED_EDGE('',*,*,#2065,.F.);
#1605=ORIENTED_EDGE('',*,*,#2066,.T.);
#1606=ORIENTED_EDGE('',*,*,#2067,.T.);
#1607=ORIENTED_EDGE('',*,*,#2068,.F.);
#1608=ORIENTED_EDGE('',*,*,#2069,.F.);
#1609=ORIENTED_EDGE('',*,*,#2070,.T.);
#1610=ORIENTED_EDGE('',*,*,#2071,.T.);
#1611=ORIENTED_EDGE('',*,*,#2072,.F.);
#1612=ORIENTED_EDGE('',*,*,#2073,.F.);
#1613=ORIENTED_EDGE('',*,*,#2071,.F.);
#1614=ORIENTED_EDGE('',*,*,#2074,.F.);
#1615=ORIENTED_EDGE('',*,*,#2059,.F.);
#1616=ORIENTED_EDGE('',*,*,#2075,.T.);
#1617=ORIENTED_EDGE('',*,*,#2063,.F.);
#1618=ORIENTED_EDGE('',*,*,#2076,.T.);
#1619=ORIENTED_EDGE('',*,*,#2067,.F.);
#1620=ORIENTED_EDGE('',*,*,#2055,.T.);
#1621=ORIENTED_EDGE('',*,*,#2053,.T.);
#1622=ORIENTED_EDGE('',*,*,#2051,.T.);
#1623=ORIENTED_EDGE('',*,*,#2049,.T.);
#1624=ORIENTED_EDGE('',*,*,#1671,.F.);
#1625=ORIENTED_EDGE('',*,*,#1663,.T.);
#1626=ORIENTED_EDGE('',*,*,#1679,.T.);
#1627=ORIENTED_EDGE('',*,*,#1685,.T.);
#1628=ORIENTED_EDGE('',*,*,#2077,.T.);
#1629=ORIENTED_EDGE('',*,*,#2069,.T.);
#1630=ORIENTED_EDGE('',*,*,#2078,.T.);
#1631=ORIENTED_EDGE('',*,*,#2065,.T.);
#1632=ORIENTED_EDGE('',*,*,#2079,.F.);
#1633=ORIENTED_EDGE('',*,*,#2061,.T.);
#1634=ORIENTED_EDGE('',*,*,#2080,.F.);
#1635=ORIENTED_EDGE('',*,*,#2057,.T.);
#1636=ORIENTED_EDGE('',*,*,#2056,.F.);
#1637=ORIENTED_EDGE('',*,*,#2054,.F.);
#1638=ORIENTED_EDGE('',*,*,#2052,.F.);
#1639=ORIENTED_EDGE('',*,*,#2050,.F.);
#1640=ORIENTED_EDGE('',*,*,#2074,.T.);
#1641=ORIENTED_EDGE('',*,*,#2070,.F.);
#1642=ORIENTED_EDGE('',*,*,#2077,.F.);
#1643=ORIENTED_EDGE('',*,*,#2060,.T.);
#1644=ORIENTED_EDGE('',*,*,#2080,.T.);
#1645=ORIENTED_EDGE('',*,*,#2064,.T.);
#1646=ORIENTED_EDGE('',*,*,#2075,.F.);
#1647=ORIENTED_EDGE('',*,*,#2058,.F.);
#1648=ORIENTED_EDGE('',*,*,#2079,.T.);
#1649=ORIENTED_EDGE('',*,*,#2068,.T.);
#1650=ORIENTED_EDGE('',*,*,#2076,.F.);
#1651=ORIENTED_EDGE('',*,*,#2062,.F.);
#1652=ORIENTED_EDGE('',*,*,#2078,.F.);
#1653=ORIENTED_EDGE('',*,*,#2072,.T.);
#1654=ORIENTED_EDGE('',*,*,#2073,.T.);
#1655=ORIENTED_EDGE('',*,*,#2066,.F.);
#1656=EDGE_CURVE('',#2081,#2082,#2367,.T.);
#1657=EDGE_CURVE('',#2081,#2083,#244,.T.);
#1658=EDGE_CURVE('',#2083,#2084,#2368,.T.);
#1659=EDGE_CURVE('',#2085,#2084,#245,.T.);
#1660=EDGE_CURVE('',#2086,#2085,#205,.T.);
#1661=EDGE_CURVE('',#2086,#2082,#246,.T.);
#1662=EDGE_CURVE('',#2087,#2088,#247,.T.);
#1663=EDGE_CURVE('',#2089,#2087,#248,.T.);
#1664=EDGE_CURVE('',#2089,#2090,#249,.T.);
#1665=EDGE_CURVE('',#2090,#2088,#250,.T.);
#1666=EDGE_CURVE('',#2090,#2091,#251,.T.);
#1667=EDGE_CURVE('',#2091,#2092,#252,.T.);
#1668=EDGE_CURVE('',#2088,#2092,#253,.T.);
#1669=EDGE_CURVE('',#2085,#2093,#254,.T.);
#1670=EDGE_CURVE('',#2084,#2091,#255,.T.);
#1671=EDGE_CURVE('',#2089,#2094,#256,.T.);
#1672=EDGE_CURVE('',#2094,#2095,#257,.T.);
#1673=EDGE_CURVE('',#2096,#2095,#258,.T.);
#1674=EDGE_CURVE('',#2093,#2096,#259,.T.);
#1675=EDGE_CURVE('',#2092,#2097,#260,.T.);
#1676=EDGE_CURVE('',#2097,#2098,#261,.T.);
#1677=EDGE_CURVE('',#2099,#2098,#262,.T.);
#1678=EDGE_CURVE('',#2099,#2100,#263,.T.);
#1679=EDGE_CURVE('',#2087,#2100,#264,.T.);
#1680=EDGE_CURVE('',#2093,#2101,#206,.T.);
#1681=EDGE_CURVE('',#2096,#2102,#2369,.T.);
#1682=EDGE_CURVE('',#2103,#2102,#265,.T.);
#1683=EDGE_CURVE('',#2101,#2103,#2370,.T.);
#1684=EDGE_CURVE('',#2099,#2095,#266,.T.);
#1685=EDGE_CURVE('',#2100,#2094,#267,.T.);
#1686=EDGE_CURVE('',#2102,#2104,#268,.T.);
#1687=EDGE_CURVE('',#2105,#2098,#269,.T.);
#1688=EDGE_CURVE('',#2106,#2105,#270,.T.);
#1689=EDGE_CURVE('',#2104,#2106,#271,.T.);
#1690=EDGE_CURVE('',#2107,#2108,#272,.T.);
#1691=EDGE_CURVE('',#2107,#2108,#30,.T.);
#1692=EDGE_CURVE('',#2106,#2107,#273,.T.);
#1693=EDGE_CURVE('',#2105,#2108,#274,.T.);
#1694=EDGE_CURVE('',#2109,#2109,#31,.T.);
#1695=EDGE_CURVE('',#2110,#2110,#32,.T.);
#1696=EDGE_CURVE('',#2111,#2111,#33,.T.);
#1697=EDGE_CURVE('',#2112,#2112,#34,.T.);
#1698=EDGE_CURVE('',#2113,#2113,#35,.T.);
#1699=EDGE_CURVE('',#2114,#2114,#36,.T.);
#1700=EDGE_CURVE('',#2115,#2115,#37,.T.);
#1701=EDGE_CURVE('',#2116,#2117,#38,.T.);
#1702=EDGE_CURVE('',#2117,#2118,#275,.T.);
#1703=EDGE_CURVE('',#2118,#2119,#39,.T.);
#1704=EDGE_CURVE('',#2116,#2119,#276,.T.);
#1705=EDGE_CURVE('',#2120,#2117,#277,.T.);
#1706=EDGE_CURVE('',#2120,#2121,#278,.T.);
#1707=EDGE_CURVE('',#2121,#2118,#279,.T.);
#1708=EDGE_CURVE('',#2116,#2120,#280,.T.);
#1709=EDGE_CURVE('',#2119,#2121,#281,.T.);
#1710=EDGE_CURVE('',#2122,#2123,#40,.T.);
#1711=EDGE_CURVE('',#2123,#2124,#282,.T.);
#1712=EDGE_CURVE('',#2124,#2125,#41,.T.);
#1713=EDGE_CURVE('',#2122,#2125,#283,.T.);
#1714=EDGE_CURVE('',#2126,#2123,#284,.T.);
#1715=EDGE_CURVE('',#2126,#2127,#285,.T.);
#1716=EDGE_CURVE('',#2127,#2124,#286,.T.);
#1717=EDGE_CURVE('',#2122,#2126,#287,.T.);
#1718=EDGE_CURVE('',#2125,#2127,#288,.T.);
#1719=EDGE_CURVE('',#2128,#2129,#42,.T.);
#1720=EDGE_CURVE('',#2129,#2130,#289,.T.);
#1721=EDGE_CURVE('',#2130,#2131,#43,.T.);
#1722=EDGE_CURVE('',#2128,#2131,#290,.T.);
#1723=EDGE_CURVE('',#2132,#2129,#291,.T.);
#1724=EDGE_CURVE('',#2132,#2133,#292,.T.);
#1725=EDGE_CURVE('',#2133,#2130,#293,.T.);
#1726=EDGE_CURVE('',#2128,#2132,#294,.T.);
#1727=EDGE_CURVE('',#2131,#2133,#295,.T.);
#1728=EDGE_CURVE('',#2134,#2135,#296,.T.);
#1729=EDGE_CURVE('',#2135,#2136,#297,.T.);
#1730=EDGE_CURVE('',#2136,#2137,#44,.T.);
#1731=EDGE_CURVE('',#2134,#2137,#298,.T.);
#1732=EDGE_CURVE('',#2138,#2139,#299,.T.);
#1733=EDGE_CURVE('',#2140,#2138,#207,.T.);
#1734=EDGE_CURVE('',#2140,#2141,#300,.T.);
#1735=EDGE_CURVE('',#2141,#2139,#208,.T.);
#1736=EDGE_CURVE('',#2142,#2143,#301,.T.);
#1737=EDGE_CURVE('',#2142,#2144,#2371,.T.);
#1738=EDGE_CURVE('',#2144,#2145,#302,.T.);
#1739=EDGE_CURVE('',#2146,#2145,#303,.T.);
#1740=EDGE_CURVE('',#2146,#2147,#304,.T.);
#1741=EDGE_CURVE('',#2147,#2148,#209,.T.);
#1742=EDGE_CURVE('',#2148,#2149,#305,.T.);
#1743=EDGE_CURVE('',#2150,#2149,#306,.T.);
#1744=EDGE_CURVE('',#2150,#2151,#45,.T.);
#1745=EDGE_CURVE('',#2143,#2151,#307,.T.);
#1746=EDGE_CURVE('',#2152,#2153,#308,.T.);
#1747=EDGE_CURVE('',#2154,#2153,#309,.T.);
#1748=EDGE_CURVE('',#2155,#2154,#310,.T.);
#1749=EDGE_CURVE('',#2155,#2156,#311,.T.);
#1750=EDGE_CURVE('',#2157,#2156,#2372,.T.);
#1751=EDGE_CURVE('',#2158,#2157,#312,.T.);
#1752=EDGE_CURVE('',#2158,#2159,#313,.T.);
#1753=EDGE_CURVE('',#2159,#2160,#314,.T.);
#1754=EDGE_CURVE('',#2160,#2161,#315,.T.);
#1755=EDGE_CURVE('',#2161,#2162,#316,.T.);
#1756=EDGE_CURVE('',#2162,#2163,#46,.T.);
#1757=EDGE_CURVE('',#2163,#2164,#317,.T.);
#1758=EDGE_CURVE('',#2164,#2152,#318,.T.);
#1759=EDGE_CURVE('',#2165,#2166,#319,.T.);
#1760=EDGE_CURVE('',#2167,#2165,#47,.T.);
#1761=EDGE_CURVE('',#2166,#2167,#320,.T.);
#1762=EDGE_CURVE('',#2168,#2169,#2373,.T.);
#1763=EDGE_CURVE('',#2168,#2170,#321,.T.);
#1764=EDGE_CURVE('',#2170,#2142,#322,.T.);
#1765=EDGE_CURVE('',#2171,#2143,#323,.T.);
#1766=EDGE_CURVE('',#2171,#2172,#324,.T.);
#1767=EDGE_CURVE('',#2172,#2173,#325,.T.);
#1768=EDGE_CURVE('',#2173,#2174,#326,.T.);
#1769=EDGE_CURVE('',#2174,#2175,#327,.T.);
#1770=EDGE_CURVE('',#2159,#2175,#328,.T.);
#1771=EDGE_CURVE('',#2169,#2158,#329,.T.);
#1772=EDGE_CURVE('',#2176,#2177,#48,.T.);
#1773=EDGE_CURVE('',#2177,#2178,#330,.T.);
#1774=EDGE_CURVE('',#2178,#2179,#49,.T.);
#1775=EDGE_CURVE('',#2176,#2179,#331,.T.);
#1776=EDGE_CURVE('',#2180,#2177,#332,.T.);
#1777=EDGE_CURVE('',#2180,#2181,#333,.T.);
#1778=EDGE_CURVE('',#2181,#2178,#334,.T.);
#1779=EDGE_CURVE('',#2176,#2180,#335,.T.);
#1780=EDGE_CURVE('',#2179,#2181,#336,.T.);
#1781=EDGE_CURVE('',#2182,#2183,#50,.T.);
#1782=EDGE_CURVE('',#2183,#2184,#337,.T.);
#1783=EDGE_CURVE('',#2184,#2185,#51,.T.);
#1784=EDGE_CURVE('',#2182,#2185,#338,.T.);
#1785=EDGE_CURVE('',#2186,#2183,#339,.T.);
#1786=EDGE_CURVE('',#2186,#2187,#340,.T.);
#1787=EDGE_CURVE('',#2187,#2184,#341,.T.);
#1788=EDGE_CURVE('',#2182,#2186,#342,.T.);
#1789=EDGE_CURVE('',#2185,#2187,#343,.T.);
#1790=EDGE_CURVE('',#2188,#2189,#52,.T.);
#1791=EDGE_CURVE('',#2189,#2190,#344,.T.);
#1792=EDGE_CURVE('',#2190,#2191,#53,.T.);
#1793=EDGE_CURVE('',#2188,#2191,#345,.T.);
#1794=EDGE_CURVE('',#2192,#2189,#346,.T.);
#1795=EDGE_CURVE('',#2192,#2193,#347,.T.);
#1796=EDGE_CURVE('',#2193,#2190,#348,.T.);
#1797=EDGE_CURVE('',#2188,#2192,#349,.T.);
#1798=EDGE_CURVE('',#2191,#2193,#350,.T.);
#1799=EDGE_CURVE('',#2194,#2195,#351,.T.);
#1800=EDGE_CURVE('',#2194,#2196,#352,.T.);
#1801=EDGE_CURVE('',#2196,#2197,#353,.T.);
#1802=EDGE_CURVE('',#2197,#2198,#354,.T.);
#1803=EDGE_CURVE('',#2198,#2199,#355,.T.);
#1804=EDGE_CURVE('',#2199,#2200,#356,.T.);
#1805=EDGE_CURVE('',#2201,#2200,#357,.T.);
#1806=EDGE_CURVE('',#2195,#2201,#358,.T.);
#1807=EDGE_CURVE('',#2202,#2202,#54,.T.);
#1808=EDGE_CURVE('',#2151,#2203,#210,.T.);
#1809=EDGE_CURVE('',#2203,#2196,#359,.T.);
#1810=EDGE_CURVE('',#2194,#2204,#360,.T.);
#1811=EDGE_CURVE('',#2204,#2171,#361,.T.);
#1812=EDGE_CURVE('',#2201,#2205,#362,.T.);
#1813=EDGE_CURVE('',#2205,#2206,#363,.T.);
#1814=EDGE_CURVE('',#2206,#2207,#364,.T.);
#1815=EDGE_CURVE('',#2208,#2207,#365,.T.);
#1816=EDGE_CURVE('',#2209,#2208,#366,.T.);
#1817=EDGE_CURVE('',#2209,#2210,#367,.T.);
#1818=EDGE_CURVE('',#2210,#2211,#368,.T.);
#1819=EDGE_CURVE('',#2212,#2211,#369,.T.);
#1820=EDGE_CURVE('',#2213,#2212,#370,.T.);
#1821=EDGE_CURVE('',#2213,#2214,#371,.T.);
#1822=EDGE_CURVE('',#2215,#2214,#372,.T.);
#1823=EDGE_CURVE('',#2195,#2215,#373,.T.);
#1824=EDGE_CURVE('',#2216,#2206,#374,.T.);
#1825=EDGE_CURVE('',#2217,#2216,#375,.T.);
#1826=EDGE_CURVE('',#2217,#2218,#376,.T.);
#1827=EDGE_CURVE('',#2207,#2218,#377,.T.);
#1828=EDGE_CURVE('',#2219,#2220,#378,.T.);
#1829=EDGE_CURVE('',#2218,#2219,#379,.T.);
#1830=EDGE_CURVE('',#2220,#2217,#55,.T.);
#1831=EDGE_CURVE('',#2210,#2221,#380,.T.);
#1832=EDGE_CURVE('',#2221,#2222,#381,.T.);
#1833=EDGE_CURVE('',#2222,#2223,#382,.T.);
#1834=EDGE_CURVE('',#2211,#2223,#383,.T.);
#1835=EDGE_CURVE('',#2222,#2224,#384,.T.);
#1836=EDGE_CURVE('',#2224,#2225,#385,.T.);
#1837=EDGE_CURVE('',#2223,#2225,#386,.T.);
#1838=EDGE_CURVE('',#2226,#2227,#387,.T.);
#1839=EDGE_CURVE('',#2213,#2227,#388,.T.);
#1840=EDGE_CURVE('',#2225,#2212,#389,.T.);
#1841=EDGE_CURVE('',#2224,#2226,#390,.T.);
#1842=EDGE_CURVE('',#2228,#2229,#56,.T.);
#1843=EDGE_CURVE('',#2229,#2230,#391,.T.);
#1844=EDGE_CURVE('',#2230,#2200,#392,.T.);
#1845=EDGE_CURVE('',#2228,#2199,#393,.T.);
#1846=EDGE_CURVE('',#2231,#2232,#394,.T.);
#1847=EDGE_CURVE('',#2232,#2233,#395,.T.);
#1848=EDGE_CURVE('',#2233,#2234,#396,.T.);
#1849=EDGE_CURVE('',#2234,#2235,#397,.T.);
#1850=EDGE_CURVE('',#2235,#2231,#57,.T.);
#1851=EDGE_CURVE('',#2163,#2236,#398,.T.);
#1852=EDGE_CURVE('',#2236,#2237,#399,.T.);
#1853=EDGE_CURVE('',#2237,#2238,#400,.T.);
#1854=EDGE_CURVE('',#2238,#2164,#58,.T.);
#1855=EDGE_CURVE('',#2231,#2239,#401,.T.);
#1856=EDGE_CURVE('',#2239,#2240,#59,.T.);
#1857=EDGE_CURVE('',#2240,#2241,#402,.T.);
#1858=EDGE_CURVE('',#2241,#2242,#60,.T.);
#1859=EDGE_CURVE('',#2242,#2238,#403,.T.);
#1860=EDGE_CURVE('',#2205,#2237,#404,.T.);
#1861=EDGE_CURVE('',#2232,#2230,#405,.T.);
#1862=EDGE_CURVE('',#2243,#2244,#406,.T.);
#1863=EDGE_CURVE('',#2245,#2244,#2374,.T.);
#1864=EDGE_CURVE('',#2245,#2246,#407,.T.);
#1865=EDGE_CURVE('',#2247,#2246,#61,.T.);
#1866=EDGE_CURVE('',#2248,#2247,#408,.T.);
#1867=EDGE_CURVE('',#2249,#2248,#409,.T.);
#1868=EDGE_CURVE('',#2250,#2249,#62,.T.);
#1869=EDGE_CURVE('',#2250,#2251,#410,.T.);
#1870=EDGE_CURVE('',#2251,#2235,#411,.T.);
#1871=EDGE_CURVE('',#2252,#2234,#63,.T.);
#1872=EDGE_CURVE('',#2243,#2252,#211,.T.);
#1873=EDGE_CURVE('',#2253,#2254,#412,.T.);
#1874=EDGE_CURVE('',#2255,#2253,#64,.T.);
#1875=EDGE_CURVE('',#2254,#2255,#413,.T.);
#1876=EDGE_CURVE('',#2256,#2257,#65,.T.);
#1877=EDGE_CURVE('',#2257,#2258,#414,.T.);
#1878=EDGE_CURVE('',#2258,#2228,#66,.T.);
#1879=EDGE_CURVE('',#2256,#2198,#415,.T.);
#1880=EDGE_CURVE('',#2259,#2260,#212,.T.);
#1881=EDGE_CURVE('',#2256,#2260,#67,.T.);
#1882=EDGE_CURVE('',#2259,#2197,#416,.T.);
#1883=EDGE_CURVE('',#2203,#2261,#417,.T.);
#1884=EDGE_CURVE('',#2261,#2262,#418,.T.);
#1885=EDGE_CURVE('',#2262,#2259,#419,.T.);
#1886=EDGE_CURVE('',#2263,#2150,#213,.T.);
#1887=EDGE_CURVE('',#2149,#2264,#214,.T.);
#1888=EDGE_CURVE('',#2264,#2243,#215,.T.);
#1889=EDGE_CURVE('',#2265,#2252,#420,.T.);
#1890=EDGE_CURVE('',#2265,#2266,#216,.T.);
#1891=EDGE_CURVE('',#2263,#2266,#421,.T.);
#1892=EDGE_CURVE('',#2267,#2233,#68,.T.);
#1893=EDGE_CURVE('',#2267,#2268,#422,.T.);
#1894=EDGE_CURVE('',#2268,#2265,#69,.T.);
#1895=EDGE_CURVE('',#2236,#2216,#2375,.T.);
#1896=EDGE_CURVE('',#2162,#2220,#423,.T.);
#1897=EDGE_CURVE('',#2161,#2219,#424,.T.);
#1898=EDGE_CURVE('',#2160,#2208,#425,.T.);
#1899=EDGE_CURVE('',#2175,#2269,#426,.T.);
#1900=EDGE_CURVE('',#2269,#2209,#427,.T.);
#1901=EDGE_CURVE('',#2204,#2215,#428,.T.);
#1902=EDGE_CURVE('',#2172,#2214,#429,.T.);
#1903=EDGE_CURVE('',#2270,#2271,#70,.T.);
#1904=EDGE_CURVE('',#2272,#2271,#430,.T.);
#1905=EDGE_CURVE('',#2270,#2272,#431,.T.);
#1906=EDGE_CURVE('',#2270,#2255,#432,.T.);
#1907=EDGE_CURVE('',#2271,#2253,#433,.T.);
#1908=EDGE_CURVE('',#2272,#2254,#434,.T.);
#1909=EDGE_CURVE('',#2273,#2274,#71,.T.);
#1910=EDGE_CURVE('',#2275,#2274,#435,.T.);
#1911=EDGE_CURVE('',#2273,#2275,#436,.T.);
#1912=EDGE_CURVE('',#2246,#2250,#217,.T.);
#1913=EDGE_CURVE('',#2274,#2249,#437,.T.);
#1914=EDGE_CURVE('',#2273,#2247,#438,.T.);
#1915=EDGE_CURVE('',#2275,#2248,#439,.T.);
#1916=EDGE_CURVE('',#2276,#2277,#72,.T.);
#1917=EDGE_CURVE('',#2278,#2277,#440,.T.);
#1918=EDGE_CURVE('',#2276,#2278,#441,.T.);
#1919=EDGE_CURVE('',#2276,#2279,#442,.T.);
#1920=EDGE_CURVE('',#2280,#2279,#2376,.T.);
#1921=EDGE_CURVE('',#2277,#2280,#443,.T.);
#1922=EDGE_CURVE('',#2278,#2281,#444,.T.);
#1923=EDGE_CURVE('',#2281,#2279,#445,.T.);
#1924=EDGE_CURVE('',#2280,#2281,#446,.T.);
#1925=EDGE_CURVE('',#2282,#2283,#2377,.T.);
#1926=EDGE_CURVE('',#2282,#2244,#447,.T.);
#1927=EDGE_CURVE('',#2264,#2283,#448,.T.);
#1928=EDGE_CURVE('',#2284,#2285,#2378,.T.);
#1929=EDGE_CURVE('',#2286,#2284,#449,.T.);
#1930=EDGE_CURVE('',#2287,#2286,#450,.T.);
#1931=EDGE_CURVE('',#2288,#2287,#2379,.T.);
#1932=EDGE_CURVE('',#2289,#2288,#451,.T.);
#1933=EDGE_CURVE('',#2289,#2290,#2380,.T.);
#1934=EDGE_CURVE('',#2169,#2290,#452,.T.);
#1935=EDGE_CURVE('',#2285,#2157,#453,.T.);
#1936=EDGE_CURVE('',#2291,#2292,#2381,.T.);
#1937=EDGE_CURVE('',#2292,#2293,#218,.T.);
#1938=EDGE_CURVE('',#2293,#2147,#219,.T.);
#1939=EDGE_CURVE('',#2294,#2146,#220,.T.);
#1940=EDGE_CURVE('',#2291,#2294,#221,.T.);
#1941=EDGE_CURVE('',#2295,#2296,#222,.T.);
#1942=EDGE_CURVE('',#2296,#2297,#223,.T.);
#1943=EDGE_CURVE('',#2297,#2298,#2382,.T.);
#1944=EDGE_CURVE('',#2139,#2298,#224,.T.);
#1945=EDGE_CURVE('',#2295,#2141,#454,.T.);
#1946=EDGE_CURVE('',#2086,#2152,#225,.T.);
#1947=EDGE_CURVE('',#2299,#2242,#73,.T.);
#1948=EDGE_CURVE('',#2299,#2300,#455,.T.);
#1949=EDGE_CURVE('',#2300,#2082,#2383,.T.);
#1950=EDGE_CURVE('',#2301,#2299,#74,.T.);
#1951=EDGE_CURVE('',#2301,#2241,#75,.T.);
#1952=EDGE_CURVE('',#2302,#2301,#456,.T.);
#1953=EDGE_CURVE('',#2302,#2240,#76,.T.);
#1954=EDGE_CURVE('',#2303,#2239,#77,.T.);
#1955=EDGE_CURVE('',#2303,#2302,#78,.T.);
#1956=EDGE_CURVE('',#2304,#2251,#226,.T.);
#1957=EDGE_CURVE('',#2304,#2305,#2384,.T.);
#1958=EDGE_CURVE('',#2305,#2303,#457,.T.);
#1959=EDGE_CURVE('',#2283,#2148,#227,.F.);
#1960=EDGE_CURVE('',#2282,#2293,#228,.T.);
#1961=EDGE_CURVE('',#2168,#2306,#458,.T.);
#1962=EDGE_CURVE('',#2306,#2290,#229,.F.);
#1963=EDGE_CURVE('',#2296,#2289,#230,.T.);
#1964=EDGE_CURVE('',#2306,#2295,#231,.T.);
#1965=EDGE_CURVE('',#2265,#2260,#459,.T.);
#1966=EDGE_CURVE('',#2268,#2257,#12,.T.);
#1967=EDGE_CURVE('',#2266,#2262,#79,.T.);
#1968=EDGE_CURVE('',#2261,#2263,#80,.T.);
#1969=EDGE_CURVE('',#2258,#2267,#13,.T.);
#1970=EDGE_CURVE('',#2233,#2229,#14,.T.);
#1971=EDGE_CURVE('',#2269,#2221,#460,.T.);
#1972=EDGE_CURVE('',#2174,#2226,#461,.T.);
#1973=EDGE_CURVE('',#2227,#2173,#462,.T.);
#1974=EDGE_CURVE('',#2307,#2308,#463,.T.);
#1975=EDGE_CURVE('',#2308,#2135,#232,.T.);
#1976=EDGE_CURVE('',#2134,#2307,#233,.T.);
#1977=EDGE_CURVE('',#2298,#2309,#81,.T.);
#1978=EDGE_CURVE('',#2309,#2308,#234,.T.);
#1979=EDGE_CURVE('',#2310,#2307,#235,.T.);
#1980=EDGE_CURVE('',#2310,#2291,#82,.T.);
#1981=EDGE_CURVE('',#2294,#2311,#464,.T.);
#1982=EDGE_CURVE('',#2311,#2312,#236,.T.);
#1983=EDGE_CURVE('',#2312,#2313,#465,.T.);
#1984=EDGE_CURVE('',#2138,#2313,#237,.T.);
#1985=EDGE_CURVE('',#2145,#2311,#2385,.T.);
#1986=EDGE_CURVE('',#2140,#2314,#466,.T.);
#1987=EDGE_CURVE('',#2314,#2170,#2386,.T.);
#1988=EDGE_CURVE('',#2315,#2313,#467,.T.);
#1989=EDGE_CURVE('',#2315,#2140,#468,.T.);
#1990=EDGE_CURVE('',#2312,#2316,#469,.T.);
#1991=EDGE_CURVE('',#2316,#2145,#470,.T.);
#1992=EDGE_CURVE('',#2170,#2317,#471,.T.);
#1993=EDGE_CURVE('',#2317,#2318,#472,.T.);
#1994=EDGE_CURVE('',#2318,#2142,#473,.T.);
#1995=EDGE_CURVE('',#2319,#2144,#474,.T.);
#1996=EDGE_CURVE('',#2320,#2319,#475,.T.);
#1997=EDGE_CURVE('',#2316,#2320,#476,.T.);
#1998=EDGE_CURVE('',#2317,#2321,#2387,.T.);
#1999=EDGE_CURVE('',#2322,#2321,#477,.T.);
#2000=EDGE_CURVE('',#2320,#2322,#478,.T.);
#2001=EDGE_CURVE('',#2319,#2318,#2388,.T.);
#2002=EDGE_CURVE('',#2314,#2321,#479,.T.);
#2003=EDGE_CURVE('',#2322,#2315,#480,.T.);
#2004=EDGE_CURVE('',#2323,#2323,#2389,.T.);
#2005=EDGE_CURVE('',#2310,#2324,#481,.T.);
#2006=EDGE_CURVE('',#2324,#2305,#482,.T.);
#2007=EDGE_CURVE('',#2325,#2304,#483,.T.);
#2008=EDGE_CURVE('',#2292,#2325,#484,.T.);
#2009=EDGE_CURVE('',#2285,#2288,#238,.T.);
#2010=EDGE_CURVE('',#2156,#2326,#2390,.T.);
#2011=EDGE_CURVE('',#2297,#2326,#485,.T.);
#2012=EDGE_CURVE('',#2245,#2325,#2391,.T.);
#2013=EDGE_CURVE('',#2327,#2328,#83,.T.);
#2014=EDGE_CURVE('',#2329,#2328,#486,.T.);
#2015=EDGE_CURVE('',#2327,#2329,#487,.T.);
#2016=EDGE_CURVE('',#2328,#2287,#488,.T.);
#2017=EDGE_CURVE('',#2327,#2284,#489,.T.);
#2018=EDGE_CURVE('',#2329,#2286,#490,.T.);
#2019=EDGE_CURVE('',#2330,#2331,#84,.T.);
#2020=EDGE_CURVE('',#2332,#2331,#491,.T.);
#2021=EDGE_CURVE('',#2330,#2332,#492,.T.);
#2022=EDGE_CURVE('',#2333,#2334,#239,.T.);
#2023=EDGE_CURVE('',#2331,#2334,#493,.T.);
#2024=EDGE_CURVE('',#2330,#2333,#494,.T.);
#2025=EDGE_CURVE('',#2333,#2153,#2392,.T.);
#2026=EDGE_CURVE('',#2332,#2154,#495,.T.);
#2027=EDGE_CURVE('',#2155,#2334,#2393,.T.);
#2028=EDGE_CURVE('',#2335,#2336,#85,.T.);
#2029=EDGE_CURVE('',#2337,#2336,#496,.T.);
#2030=EDGE_CURVE('',#2335,#2337,#497,.T.);
#2031=EDGE_CURVE('',#2335,#2167,#498,.T.);
#2032=EDGE_CURVE('',#2336,#2165,#499,.T.);
#2033=EDGE_CURVE('',#2337,#2166,#500,.T.);
#2034=EDGE_CURVE('',#2338,#2338,#86,.T.);
#2035=EDGE_CURVE('',#2339,#2105,#87,.T.);
#2036=EDGE_CURVE('',#2339,#2137,#240,.T.);
#2037=EDGE_CURVE('',#2136,#2340,#241,.T.);
#2038=EDGE_CURVE('',#2106,#2340,#88,.T.);
#2039=EDGE_CURVE('',#2339,#2341,#501,.T.);
#2040=EDGE_CURVE('',#2324,#2341,#242,.T.);
#2041=EDGE_CURVE('',#2104,#2342,#243,.T.);
#2042=EDGE_CURVE('',#2340,#2104,#502,.T.);
#2043=EDGE_CURVE('',#2309,#2342,#503,.T.);
#2044=EDGE_CURVE('',#2101,#2326,#504,.T.);
#2045=EDGE_CURVE('',#2103,#2342,#505,.T.);
#2046=EDGE_CURVE('',#2081,#2300,#506,.T.);
#2047=EDGE_CURVE('',#2341,#2097,#507,.T.);
#2048=EDGE_CURVE('',#2097,#2083,#508,.T.);
#2049=EDGE_CURVE('',#2343,#2343,#89,.T.);
#2050=EDGE_CURVE('',#2344,#2344,#90,.T.);
#2051=EDGE_CURVE('',#2345,#2345,#91,.T.);
#2052=EDGE_CURVE('',#2346,#2346,#92,.T.);
#2053=EDGE_CURVE('',#2347,#2347,#93,.T.);
#2054=EDGE_CURVE('',#2348,#2348,#94,.T.);
#2055=EDGE_CURVE('',#2349,#2349,#95,.T.);
#2056=EDGE_CURVE('',#2350,#2350,#96,.T.);
#2057=EDGE_CURVE('',#2351,#2352,#97,.T.);
#2058=EDGE_CURVE('',#2351,#2353,#509,.T.);
#2059=EDGE_CURVE('',#2353,#2354,#98,.T.);
#2060=EDGE_CURVE('',#2352,#2354,#510,.T.);
#2061=EDGE_CURVE('',#2355,#2356,#99,.T.);
#2062=EDGE_CURVE('',#2355,#2357,#511,.T.);
#2063=EDGE_CURVE('',#2357,#2358,#100,.T.);
#2064=EDGE_CURVE('',#2356,#2358,#512,.T.);
#2065=EDGE_CURVE('',#2359,#2360,#101,.T.);
#2066=EDGE_CURVE('',#2359,#2361,#513,.T.);
#2067=EDGE_CURVE('',#2361,#2362,#102,.T.);
#2068=EDGE_CURVE('',#2360,#2362,#514,.T.);
#2069=EDGE_CURVE('',#2363,#2364,#103,.T.);
#2070=EDGE_CURVE('',#2363,#2365,#515,.T.);
#2071=EDGE_CURVE('',#2365,#2366,#104,.T.);
#2072=EDGE_CURVE('',#2364,#2366,#516,.T.);
#2073=EDGE_CURVE('',#2366,#2361,#517,.T.);
#2074=EDGE_CURVE('',#2354,#2365,#518,.T.);
#2075=EDGE_CURVE('',#2353,#2358,#519,.T.);
#2076=EDGE_CURVE('',#2357,#2362,#520,.T.);
#2077=EDGE_CURVE('',#2352,#2363,#521,.T.);
#2078=EDGE_CURVE('',#2364,#2359,#522,.T.);
#2079=EDGE_CURVE('',#2355,#2360,#523,.T.);
#2080=EDGE_CURVE('',#2351,#2356,#524,.T.);
#2081=VERTEX_POINT('',#4033);
#2082=VERTEX_POINT('',#4034);
#2083=VERTEX_POINT('',#4036);
#2084=VERTEX_POINT('',#4038);
#2085=VERTEX_POINT('',#4040);
#2086=VERTEX_POINT('',#4047);
#2087=VERTEX_POINT('',#4051);
#2088=VERTEX_POINT('',#4052);
#2089=VERTEX_POINT('',#4054);
#2090=VERTEX_POINT('',#4056);
#2091=VERTEX_POINT('',#4060);
#2092=VERTEX_POINT('',#4062);
#2093=VERTEX_POINT('',#4066);
#2094=VERTEX_POINT('',#4069);
#2095=VERTEX_POINT('',#4071);
#2096=VERTEX_POINT('',#4073);
#2097=VERTEX_POINT('',#4077);
#2098=VERTEX_POINT('',#4079);
#2099=VERTEX_POINT('',#4081);
#2100=VERTEX_POINT('',#4083);
#2101=VERTEX_POINT('',#4090);
#2102=VERTEX_POINT('',#4092);
#2103=VERTEX_POINT('',#4094);
#2104=VERTEX_POINT('',#4101);
#2105=VERTEX_POINT('',#4103);
#2106=VERTEX_POINT('',#4105);
#2107=VERTEX_POINT('',#4109);
#2108=VERTEX_POINT('',#4110);
#2109=VERTEX_POINT('',#4117);
#2110=VERTEX_POINT('',#4119);
#2111=VERTEX_POINT('',#4123);
#2112=VERTEX_POINT('',#4126);
#2113=VERTEX_POINT('',#4128);
#2114=VERTEX_POINT('',#4131);
#2115=VERTEX_POINT('',#4134);
#2116=VERTEX_POINT('',#4137);
#2117=VERTEX_POINT('',#4138);
#2118=VERTEX_POINT('',#4140);
#2119=VERTEX_POINT('',#4142);
#2120=VERTEX_POINT('',#4146);
#2121=VERTEX_POINT('',#4148);
#2122=VERTEX_POINT('',#4155);
#2123=VERTEX_POINT('',#4156);
#2124=VERTEX_POINT('',#4158);
#2125=VERTEX_POINT('',#4160);
#2126=VERTEX_POINT('',#4164);
#2127=VERTEX_POINT('',#4166);
#2128=VERTEX_POINT('',#4173);
#2129=VERTEX_POINT('',#4174);
#2130=VERTEX_POINT('',#4176);
#2131=VERTEX_POINT('',#4178);
#2132=VERTEX_POINT('',#4182);
#2133=VERTEX_POINT('',#4184);
#2134=VERTEX_POINT('',#4191);
#2135=VERTEX_POINT('',#4192);
#2136=VERTEX_POINT('',#4194);
#2137=VERTEX_POINT('',#4196);
#2138=VERTEX_POINT('',#4207);
#2139=VERTEX_POINT('',#4208);
#2140=VERTEX_POINT('',#4213);
#2141=VERTEX_POINT('',#4215);
#2142=VERTEX_POINT('',#4223);
#2143=VERTEX_POINT('',#4224);
#2144=VERTEX_POINT('',#4226);
#2145=VERTEX_POINT('',#4228);
#2146=VERTEX_POINT('',#4230);
#2147=VERTEX_POINT('',#4232);
#2148=VERTEX_POINT('',#4237);
#2149=VERTEX_POINT('',#4239);
#2150=VERTEX_POINT('',#4241);
#2151=VERTEX_POINT('',#4243);
#2152=VERTEX_POINT('',#4247);
#2153=VERTEX_POINT('',#4248);
#2154=VERTEX_POINT('',#4250);
#2155=VERTEX_POINT('',#4252);
#2156=VERTEX_POINT('',#4254);
#2157=VERTEX_POINT('',#4256);
#2158=VERTEX_POINT('',#4258);
#2159=VERTEX_POINT('',#4260);
#2160=VERTEX_POINT('',#4262);
#2161=VERTEX_POINT('',#4264);
#2162=VERTEX_POINT('',#4266);
#2163=VERTEX_POINT('',#4268);
#2164=VERTEX_POINT('',#4270);
#2165=VERTEX_POINT('',#4273);
#2166=VERTEX_POINT('',#4274);
#2167=VERTEX_POINT('',#4276);
#2168=VERTEX_POINT('',#4280);
#2169=VERTEX_POINT('',#4281);
#2170=VERTEX_POINT('',#4283);
#2171=VERTEX_POINT('',#4286);
#2172=VERTEX_POINT('',#4288);
#2173=VERTEX_POINT('',#4290);
#2174=VERTEX_POINT('',#4292);
#2175=VERTEX_POINT('',#4294);
#2176=VERTEX_POINT('',#4299);
#2177=VERTEX_POINT('',#4300);
#2178=VERTEX_POINT('',#4302);
#2179=VERTEX_POINT('',#4304);
#2180=VERTEX_POINT('',#4308);
#2181=VERTEX_POINT('',#4310);
#2182=VERTEX_POINT('',#4317);
#2183=VERTEX_POINT('',#4318);
#2184=VERTEX_POINT('',#4320);
#2185=VERTEX_POINT('',#4322);
#2186=VERTEX_POINT('',#4326);
#2187=VERTEX_POINT('',#4328);
#2188=VERTEX_POINT('',#4335);
#2189=VERTEX_POINT('',#4336);
#2190=VERTEX_POINT('',#4338);
#2191=VERTEX_POINT('',#4340);
#2192=VERTEX_POINT('',#4344);
#2193=VERTEX_POINT('',#4346);
#2194=VERTEX_POINT('',#4353);
#2195=VERTEX_POINT('',#4354);
#2196=VERTEX_POINT('',#4356);
#2197=VERTEX_POINT('',#4358);
#2198=VERTEX_POINT('',#4360);
#2199=VERTEX_POINT('',#4362);
#2200=VERTEX_POINT('',#4364);
#2201=VERTEX_POINT('',#4366);
#2202=VERTEX_POINT('',#4369);
#2203=VERTEX_POINT('',#4384);
#2204=VERTEX_POINT('',#4387);
#2205=VERTEX_POINT('',#4391);
#2206=VERTEX_POINT('',#4393);
#2207=VERTEX_POINT('',#4395);
#2208=VERTEX_POINT('',#4397);
#2209=VERTEX_POINT('',#4399);
#2210=VERTEX_POINT('',#4401);
#2211=VERTEX_POINT('',#4403);
#2212=VERTEX_POINT('',#4405);
#2213=VERTEX_POINT('',#4407);
#2214=VERTEX_POINT('',#4409);
#2215=VERTEX_POINT('',#4411);
#2216=VERTEX_POINT('',#4415);
#2217=VERTEX_POINT('',#4417);
#2218=VERTEX_POINT('',#4419);
#2219=VERTEX_POINT('',#4423);
#2220=VERTEX_POINT('',#4424);
#2221=VERTEX_POINT('',#4429);
#2222=VERTEX_POINT('',#4431);
#2223=VERTEX_POINT('',#4433);
#2224=VERTEX_POINT('',#4437);
#2225=VERTEX_POINT('',#4439);
#2226=VERTEX_POINT('',#4443);
#2227=VERTEX_POINT('',#4444);
#2228=VERTEX_POINT('',#4450);
#2229=VERTEX_POINT('',#4451);
#2230=VERTEX_POINT('',#4453);
#2231=VERTEX_POINT('',#4458);
#2232=VERTEX_POINT('',#4459);
#2233=VERTEX_POINT('',#4461);
#2234=VERTEX_POINT('',#4463);
#2235=VERTEX_POINT('',#4465);
#2236=VERTEX_POINT('',#4469);
#2237=VERTEX_POINT('',#4471);
#2238=VERTEX_POINT('',#4473);
#2239=VERTEX_POINT('',#4477);
#2240=VERTEX_POINT('',#4479);
#2241=VERTEX_POINT('',#4481);
#2242=VERTEX_POINT('',#4483);
#2243=VERTEX_POINT('',#4489);
#2244=VERTEX_POINT('',#4490);
#2245=VERTEX_POINT('',#4492);
#2246=VERTEX_POINT('',#4494);
#2247=VERTEX_POINT('',#4496);
#2248=VERTEX_POINT('',#4498);
#2249=VERTEX_POINT('',#4500);
#2250=VERTEX_POINT('',#4502);
#2251=VERTEX_POINT('',#4504);
#2252=VERTEX_POINT('',#4507);
#2253=VERTEX_POINT('',#4513);
#2254=VERTEX_POINT('',#4514);
#2255=VERTEX_POINT('',#4516);
#2256=VERTEX_POINT('',#4520);
#2257=VERTEX_POINT('',#4521);
#2258=VERTEX_POINT('',#4523);
#2259=VERTEX_POINT('',#4540);
#2260=VERTEX_POINT('',#4541);
#2261=VERTEX_POINT('',#4546);
#2262=VERTEX_POINT('',#4548);
#2263=VERTEX_POINT('',#4563);
#2264=VERTEX_POINT('',#4569);
#2265=VERTEX_POINT('',#4577);
#2266=VERTEX_POINT('',#4582);
#2267=VERTEX_POINT('',#4586);
#2268=VERTEX_POINT('',#4588);
#2269=VERTEX_POINT('',#4598);
#2270=VERTEX_POINT('',#4607);
#2271=VERTEX_POINT('',#4608);
#2272=VERTEX_POINT('',#4610);
#2273=VERTEX_POINT('',#4620);
#2274=VERTEX_POINT('',#4621);
#2275=VERTEX_POINT('',#4623);
#2276=VERTEX_POINT('',#4637);
#2277=VERTEX_POINT('',#4638);
#2278=VERTEX_POINT('',#4640);
#2279=VERTEX_POINT('',#4644);
#2280=VERTEX_POINT('',#4646);
#2281=VERTEX_POINT('',#4650);
#2282=VERTEX_POINT('',#4656);
#2283=VERTEX_POINT('',#4657);
#2284=VERTEX_POINT('',#4662);
#2285=VERTEX_POINT('',#4663);
#2286=VERTEX_POINT('',#4665);
#2287=VERTEX_POINT('',#4667);
#2288=VERTEX_POINT('',#4669);
#2289=VERTEX_POINT('',#4671);
#2290=VERTEX_POINT('',#4673);
#2291=VERTEX_POINT('',#4678);
#2292=VERTEX_POINT('',#4679);
#2293=VERTEX_POINT('',#4684);
#2294=VERTEX_POINT('',#4695);
#2295=VERTEX_POINT('',#4705);
#2296=VERTEX_POINT('',#4706);
#2297=VERTEX_POINT('',#4711);
#2298=VERTEX_POINT('',#4713);
#2299=VERTEX_POINT('',#4727);
#2300=VERTEX_POINT('',#4729);
#2301=VERTEX_POINT('',#4733);
#2302=VERTEX_POINT('',#4737);
#2303=VERTEX_POINT('',#4741);
#2304=VERTEX_POINT('',#4748);
#2305=VERTEX_POINT('',#4750);
#2306=VERTEX_POINT('',#4788);
#2307=VERTEX_POINT('',#4903);
#2308=VERTEX_POINT('',#4904);
#2309=VERTEX_POINT('',#4928);
#2310=VERTEX_POINT('',#4937);
#2311=VERTEX_POINT('',#4940);
#2312=VERTEX_POINT('',#4945);
#2313=VERTEX_POINT('',#4947);
#2314=VERTEX_POINT('',#4963);
#2315=VERTEX_POINT('',#4967);
#2316=VERTEX_POINT('',#4971);
#2317=VERTEX_POINT('',#4975);
#2318=VERTEX_POINT('',#4977);
#2319=VERTEX_POINT('',#4981);
#2320=VERTEX_POINT('',#4983);
#2321=VERTEX_POINT('',#4987);
#2322=VERTEX_POINT('',#4989);
#2323=VERTEX_POINT('',#4997);
#2324=VERTEX_POINT('',#5000);
#2325=VERTEX_POINT('',#5003);
#2326=VERTEX_POINT('',#5014);
#2327=VERTEX_POINT('',#5021);
#2328=VERTEX_POINT('',#5022);
#2329=VERTEX_POINT('',#5024);
#2330=VERTEX_POINT('',#5034);
#2331=VERTEX_POINT('',#5035);
#2332=VERTEX_POINT('',#5037);
#2333=VERTEX_POINT('',#5051);
#2334=VERTEX_POINT('',#5052);
#2335=VERTEX_POINT('',#5062);
#2336=VERTEX_POINT('',#5063);
#2337=VERTEX_POINT('',#5065);
#2338=VERTEX_POINT('',#5075);
#2339=VERTEX_POINT('',#5081);
#2340=VERTEX_POINT('',#5100);
#2341=VERTEX_POINT('',#5113);
#2342=VERTEX_POINT('',#5137);
#2343=VERTEX_POINT('',#5155);
#2344=VERTEX_POINT('',#5157);
#2345=VERTEX_POINT('',#5160);
#2346=VERTEX_POINT('',#5162);
#2347=VERTEX_POINT('',#5165);
#2348=VERTEX_POINT('',#5167);
#2349=VERTEX_POINT('',#5170);
#2350=VERTEX_POINT('',#5172);
#2351=VERTEX_POINT('',#5175);
#2352=VERTEX_POINT('',#5176);
#2353=VERTEX_POINT('',#5178);
#2354=VERTEX_POINT('',#5180);
#2355=VERTEX_POINT('',#5184);
#2356=VERTEX_POINT('',#5185);
#2357=VERTEX_POINT('',#5187);
#2358=VERTEX_POINT('',#5189);
#2359=VERTEX_POINT('',#5193);
#2360=VERTEX_POINT('',#5194);
#2361=VERTEX_POINT('',#5196);
#2362=VERTEX_POINT('',#5198);
#2363=VERTEX_POINT('',#5202);
#2364=VERTEX_POINT('',#5203);
#2365=VERTEX_POINT('',#5205);
#2366=VERTEX_POINT('',#5207);
#2367=ELLIPSE('',#3001,0.00255403574912478,0.00144852813742386);
#2368=ELLIPSE('',#3002,0.00204852813742385,0.00144852813742386);
#2369=ELLIPSE('',#3008,0.00565685424949238,0.004);
#2370=ELLIPSE('',#3009,0.00705277497382142,0.004);
#2371=ELLIPSE('',#3046,0.00105146222423827,0.001);
#2372=ELLIPSE('',#3049,0.033020774461891,0.008);
#2373=ELLIPSE('',#3053,0.00319253331742773,0.003);
#2374=ELLIPSE('',#3089,0.0330207744618911,0.008);
#2375=ELLIPSE('',#3105,0.0148492424049175,0.0105);
#2376=ELLIPSE('',#3124,0.00207055236082017,0.002);
#2377=ELLIPSE('',#3128,0.00790523636045623,0.004);
#2378=ELLIPSE('',#3130,0.00207055236082016,0.002);
#2379=ELLIPSE('',#3131,0.00207055236082016,0.002);
#2380=ELLIPSE('',#3132,0.00790523636045623,0.004);
#2381=ELLIPSE('',#3134,0.135488248704211,0.007);
#2382=ELLIPSE('',#3136,0.135488248704182,0.007);
#2383=ELLIPSE('',#3139,0.00528958123036607,0.003);
#2384=ELLIPSE('',#3149,0.00528958123036615,0.003);
#2385=ELLIPSE('',#3167,0.0115130132191889,0.00524694717847935);
#2386=ELLIPSE('',#3169,0.00105146222423827,0.001);
#2387=ELLIPSE('',#3175,0.00105146222423827,0.001);
#2388=ELLIPSE('',#3176,0.00105146222423827,0.001);
#2389=ELLIPSE('',#3179,0.000692820323027534,0.000599999999999989);
#2390=ELLIPSE('',#3182,0.00819883377015079,0.008);
#2391=ELLIPSE('',#3184,0.0081988337701508,0.008);
#2392=ELLIPSE('',#3195,0.0111970691505118,0.008);
#2393=ELLIPSE('',#3197,0.0111970691505118,0.008);
#2394=EDGE_LOOP('',(#806,#807,#808,#809,#810,#811));
#2395=EDGE_LOOP('',(#812,#813,#814,#815));
#2396=EDGE_LOOP('',(#816,#817,#818,#819));
#2397=EDGE_LOOP('',(#820,#821,#822,#823,#824,#825,#826,#827,#828));
#2398=EDGE_LOOP('',(#829,#830,#831,#832,#833,#834,#835));
#2399=EDGE_LOOP('',(#836,#837,#838,#839,#840));
#2400=EDGE_LOOP('',(#841,#842,#843,#844));
#2401=EDGE_LOOP('',(#845,#846,#847,#848,#849,#850,#851,#852));
#2402=EDGE_LOOP('',(#853,#854));
#2403=EDGE_LOOP('',(#855,#856,#857,#858));
#2404=EDGE_LOOP('',(#859));
#2405=EDGE_LOOP('',(#860));
#2406=EDGE_LOOP('',(#861));
#2407=EDGE_LOOP('',(#862));
#2408=EDGE_LOOP('',(#863));
#2409=EDGE_LOOP('',(#864));
#2410=EDGE_LOOP('',(#865));
#2411=EDGE_LOOP('',(#866));
#2412=EDGE_LOOP('',(#867));
#2413=EDGE_LOOP('',(#868));
#2414=EDGE_LOOP('',(#869));
#2415=EDGE_LOOP('',(#870,#871,#872,#873));
#2416=EDGE_LOOP('',(#874,#875,#876,#877));
#2417=EDGE_LOOP('',(#878,#879,#880,#881));
#2418=EDGE_LOOP('',(#882,#883,#884,#885));
#2419=EDGE_LOOP('',(#886,#887,#888,#889));
#2420=EDGE_LOOP('',(#890,#891,#892,#893));
#2421=EDGE_LOOP('',(#894,#895,#896,#897));
#2422=EDGE_LOOP('',(#898,#899,#900,#901));
#2423=EDGE_LOOP('',(#902,#903,#904,#905));
#2424=EDGE_LOOP('',(#906,#907,#908,#909));
#2425=EDGE_LOOP('',(#910,#911,#912,#913));
#2426=EDGE_LOOP('',(#914,#915,#916,#917,#918,#919,#920,#921,#922,#923));
#2427=EDGE_LOOP('',(#924,#925,#926,#927,#928,#929,#930,#931,#932,#933,#934,
#935,#936));
#2428=EDGE_LOOP('',(#937,#938,#939));
#2429=EDGE_LOOP('',(#940,#941,#942,#943,#944,#945,#946,#947,#948,#949,#950,
#951));
#2430=EDGE_LOOP('',(#952,#953,#954,#955));
#2431=EDGE_LOOP('',(#956,#957,#958,#959));
#2432=EDGE_LOOP('',(#960,#961,#962,#963));
#2433=EDGE_LOOP('',(#964,#965,#966,#967));
#2434=EDGE_LOOP('',(#968,#969,#970,#971));
#2435=EDGE_LOOP('',(#972,#973,#974,#975));
#2436=EDGE_LOOP('',(#976,#977,#978,#979));
#2437=EDGE_LOOP('',(#980,#981,#982,#983));
#2438=EDGE_LOOP('',(#984,#985,#986,#987));
#2439=EDGE_LOOP('',(#988,#989,#990,#991,#992,#993,#994,#995));
#2440=EDGE_LOOP('',(#996));
#2441=EDGE_LOOP('',(#997,#998,#999,#1000,#1001,#1002,#1003));
#2442=EDGE_LOOP('',(#1004,#1005,#1006));
#2443=EDGE_LOOP('',(#1007,#1008,#1009,#1010,#1011,#1012,#1013,#1014,#1015,
#1016,#1017,#1018,#1019));
#2444=EDGE_LOOP('',(#1020,#1021,#1022));
#2445=EDGE_LOOP('',(#1023,#1024,#1025));
#2446=EDGE_LOOP('',(#1026,#1027,#1028));
#2447=EDGE_LOOP('',(#1029,#1030,#1031,#1032,#1033));
#2448=EDGE_LOOP('',(#1034,#1035,#1036,#1037));
#2449=EDGE_LOOP('',(#1038,#1039,#1040,#1041,#1042));
#2450=EDGE_LOOP('',(#1043,#1044,#1045,#1046));
#2451=EDGE_LOOP('',(#1047,#1048,#1049,#1050,#1051,#1052));
#2452=EDGE_LOOP('',(#1053,#1054,#1055,#1056,#1057));
#2453=EDGE_LOOP('',(#1058,#1059,#1060));
#2454=EDGE_LOOP('',(#1061,#1062,#1063));
#2455=EDGE_LOOP('',(#1064,#1065,#1066,#1067,#1068));
#2456=EDGE_LOOP('',(#1069,#1070,#1071,#1072,#1073));
#2457=EDGE_LOOP('',(#1074,#1075,#1076,#1077,#1078,#1079,#1080,#1081,#1082,
#1083,#1084,#1085));
#2458=EDGE_LOOP('',(#1086));
#2459=EDGE_LOOP('',(#1087,#1088,#1089,#1090,#1091,#1092,#1093,#1094,#1095,
#1096,#1097,#1098));
#2460=EDGE_LOOP('',(#1099,#1100,#1101));
#2461=EDGE_LOOP('',(#1102,#1103,#1104,#1105,#1106,#1107));
#2462=EDGE_LOOP('',(#1108,#1109,#1110,#1111,#1112));
#2463=EDGE_LOOP('',(#1113,#1114,#1115,#1116,#1117,#1118));
#2464=EDGE_LOOP('',(#1119,#1120,#1121,#1122));
#2465=EDGE_LOOP('',(#1123,#1124,#1125,#1126,#1127,#1128,#1129,#1130));
#2466=EDGE_LOOP('',(#1131,#1132,#1133,#1134,#1135,#1136));
#2467=EDGE_LOOP('',(#1137,#1138,#1139,#1140,#1141,#1142));
#2468=EDGE_LOOP('',(#1143,#1144,#1145,#1146,#1147,#1148));
#2469=EDGE_LOOP('',(#1149,#1150,#1151,#1152,#1153,#1154));
#2470=EDGE_LOOP('',(#1155,#1156,#1157,#1158));
#2471=EDGE_LOOP('',(#1159,#1160,#1161,#1162));
#2472=EDGE_LOOP('',(#1163,#1164,#1165,#1166,#1167));
#2473=EDGE_LOOP('',(#1168,#1169,#1170));
#2474=EDGE_LOOP('',(#1171,#1172,#1173));
#2475=EDGE_LOOP('',(#1174,#1175,#1176,#1177));
#2476=EDGE_LOOP('',(#1178,#1179,#1180,#1181));
#2477=EDGE_LOOP('',(#1182,#1183,#1184,#1185));
#2478=EDGE_LOOP('',(#1186,#1187,#1188));
#2479=EDGE_LOOP('',(#1189,#1190,#1191));
#2480=EDGE_LOOP('',(#1192,#1193,#1194,#1195,#1196,#1197));
#2481=EDGE_LOOP('',(#1198,#1199,#1200,#1201));
#2482=EDGE_LOOP('',(#1202,#1203,#1204,#1205));
#2483=EDGE_LOOP('',(#1206,#1207,#1208));
#2484=EDGE_LOOP('',(#1209,#1210,#1211));
#2485=EDGE_LOOP('',(#1212,#1213,#1214,#1215));
#2486=EDGE_LOOP('',(#1216,#1217,#1218,#1219));
#2487=EDGE_LOOP('',(#1220,#1221,#1222,#1223));
#2488=EDGE_LOOP('',(#1224,#1225,#1226,#1227,#1228));
#2489=EDGE_LOOP('',(#1229,#1230,#1231));
#2490=EDGE_LOOP('',(#1232,#1233,#1234,#1235,#1236,#1237,#1238,#1239,#1240,
#1241));
#2491=EDGE_LOOP('',(#1242,#1243,#1244,#1245,#1246,#1247));
#2492=EDGE_LOOP('',(#1248,#1249,#1250,#1251,#1252,#1253));
#2493=EDGE_LOOP('',(#1254,#1255,#1256,#1257,#1258,#1259,#1260,#1261));
#2494=EDGE_LOOP('',(#1262,#1263,#1264,#1265));
#2495=EDGE_LOOP('',(#1266,#1267,#1268,#1269));
#2496=EDGE_LOOP('',(#1270,#1271,#1272,#1273));
#2497=EDGE_LOOP('',(#1274,#1275,#1276,#1277,#1278,#1279,#1280));
#2498=EDGE_LOOP('',(#1281,#1282,#1283,#1284));
#2499=EDGE_LOOP('',(#1285,#1286,#1287,#1288,#1289));
#2500=EDGE_LOOP('',(#1290,#1291,#1292,#1293));
#2501=EDGE_LOOP('',(#1294,#1295,#1296,#1297,#1298));
#2502=EDGE_LOOP('',(#1299,#1300,#1301,#1302,#1303));
#2503=EDGE_LOOP('',(#1304,#1305,#1306,#1307,#1308));
#2504=EDGE_LOOP('',(#1309,#1310,#1311,#1312,#1313));
#2505=EDGE_LOOP('',(#1314,#1315,#1316,#1317));
#2506=EDGE_LOOP('',(#1318,#1319,#1320,#1321,#1322));
#2507=EDGE_LOOP('',(#1323,#1324,#1325,#1326));
#2508=EDGE_LOOP('',(#1327,#1328,#1329,#1330,#1331,#1332,#1333));
#2509=EDGE_LOOP('',(#1334,#1335,#1336,#1337));
#2510=EDGE_LOOP('',(#1338,#1339,#1340,#1341,#1342));
#2511=EDGE_LOOP('',(#1343,#1344,#1345,#1346));
#2512=EDGE_LOOP('',(#1347,#1348,#1349,#1350,#1351));
#2513=EDGE_LOOP('',(#1352,#1353,#1354,#1355));
#2514=EDGE_LOOP('',(#1356,#1357,#1358,#1359));
#2515=EDGE_LOOP('',(#1360,#1361,#1362,#1363,#1364,#1365,#1366,#1367,#1368,
#1369,#1370,#1371));
#2516=EDGE_LOOP('',(#1372,#1373,#1374,#1375));
#2517=EDGE_LOOP('',(#1376,#1377,#1378,#1379,#1380,#1381,#1382));
#2518=EDGE_LOOP('',(#1383,#1384,#1385,#1386));
#2519=EDGE_LOOP('',(#1387,#1388,#1389,#1390));
#2520=EDGE_LOOP('',(#1391,#1392,#1393,#1394));
#2521=EDGE_LOOP('',(#1395,#1396,#1397,#1398,#1399));
#2522=EDGE_LOOP('',(#1400,#1401,#1402,#1403,#1404,#1405));
#2523=EDGE_LOOP('',(#1406,#1407,#1408,#1409,#1410));
#2524=EDGE_LOOP('',(#1411,#1412,#1413,#1414,#1415,#1416));
#2525=EDGE_LOOP('',(#1417));
#2526=EDGE_LOOP('',(#1418,#1419,#1420,#1421,#1422,#1423,#1424));
#2527=EDGE_LOOP('',(#1425,#1426,#1427,#1428,#1429,#1430,#1431,#1432));
#2528=EDGE_LOOP('',(#1433,#1434,#1435,#1436,#1437,#1438));
#2529=EDGE_LOOP('',(#1439,#1440,#1441,#1442,#1443,#1444));
#2530=EDGE_LOOP('',(#1445,#1446,#1447));
#2531=EDGE_LOOP('',(#1448,#1449,#1450));
#2532=EDGE_LOOP('',(#1451,#1452,#1453,#1454,#1455,#1456));
#2533=EDGE_LOOP('',(#1457,#1458,#1459,#1460));
#2534=EDGE_LOOP('',(#1461,#1462,#1463,#1464));
#2535=EDGE_LOOP('',(#1465,#1466,#1467));
#2536=EDGE_LOOP('',(#1468,#1469,#1470));
#2537=EDGE_LOOP('',(#1471,#1472,#1473,#1474));
#2538=EDGE_LOOP('',(#1475,#1476,#1477,#1478,#1479));
#2539=EDGE_LOOP('',(#1480,#1481,#1482,#1483,#1484));
#2540=EDGE_LOOP('',(#1485,#1486,#1487));
#2541=EDGE_LOOP('',(#1488,#1489,#1490));
#2542=EDGE_LOOP('',(#1491,#1492,#1493,#1494));
#2543=EDGE_LOOP('',(#1495,#1496,#1497,#1498));
#2544=EDGE_LOOP('',(#1499,#1500,#1501,#1502));
#2545=EDGE_LOOP('',(#1503));
#2546=EDGE_LOOP('',(#1504));
#2547=EDGE_LOOP('',(#1505));
#2548=EDGE_LOOP('',(#1506,#1507,#1508,#1509));
#2549=EDGE_LOOP('',(#1510,#1511,#1512,#1513));
#2550=EDGE_LOOP('',(#1514,#1515,#1516,#1517,#1518,#1519,#1520,#1521));
#2551=EDGE_LOOP('',(#1522));
#2552=EDGE_LOOP('',(#1523,#1524,#1525,#1526,#1527,#1528,#1529));
#2553=EDGE_LOOP('',(#1530,#1531,#1532,#1533,#1534,#1535,#1536));
#2554=EDGE_LOOP('',(#1537,#1538,#1539,#1540,#1541,#1542,#1543));
#2555=EDGE_LOOP('',(#1544,#1545,#1546,#1547,#1548,#1549,#1550,#1551,#1552,
#1553,#1554));
#2556=EDGE_LOOP('',(#1555,#1556,#1557,#1558));
#2557=EDGE_LOOP('',(#1559,#1560,#1561));
#2558=EDGE_LOOP('',(#1562,#1563,#1564));
#2559=EDGE_LOOP('',(#1565,#1566,#1567,#1568,#1569));
#2560=EDGE_LOOP('',(#1570));
#2561=EDGE_LOOP('',(#1571));
#2562=EDGE_LOOP('',(#1572,#1573,#1574,#1575,#1576,#1577,#1578,#1579,#1580,
#1581,#1582));
#2563=EDGE_LOOP('',(#1583,#1584,#1585,#1586,#1587));
#2564=EDGE_LOOP('',(#1588));
#2565=EDGE_LOOP('',(#1589));
#2566=EDGE_LOOP('',(#1590));
#2567=EDGE_LOOP('',(#1591));
#2568=EDGE_LOOP('',(#1592));
#2569=EDGE_LOOP('',(#1593));
#2570=EDGE_LOOP('',(#1594));
#2571=EDGE_LOOP('',(#1595));
#2572=EDGE_LOOP('',(#1596,#1597,#1598,#1599));
#2573=EDGE_LOOP('',(#1600,#1601,#1602,#1603));
#2574=EDGE_LOOP('',(#1604,#1605,#1606,#1607));
#2575=EDGE_LOOP('',(#1608,#1609,#1610,#1611));
#2576=EDGE_LOOP('',(#1612,#1613,#1614,#1615,#1616,#1617,#1618,#1619));
#2577=EDGE_LOOP('',(#1620));
#2578=EDGE_LOOP('',(#1621));
#2579=EDGE_LOOP('',(#1622));
#2580=EDGE_LOOP('',(#1623));
#2581=EDGE_LOOP('',(#1624,#1625,#1626,#1627));
#2582=EDGE_LOOP('',(#1628,#1629,#1630,#1631,#1632,#1633,#1634,#1635));
#2583=EDGE_LOOP('',(#1636));
#2584=EDGE_LOOP('',(#1637));
#2585=EDGE_LOOP('',(#1638));
#2586=EDGE_LOOP('',(#1639));
#2587=EDGE_LOOP('',(#1640,#1641,#1642,#1643));
#2588=EDGE_LOOP('',(#1644,#1645,#1646,#1647));
#2589=EDGE_LOOP('',(#1648,#1649,#1650,#1651));
#2590=EDGE_LOOP('',(#1652,#1653,#1654,#1655));
#2591=FACE_BOUND('',#2394,.T.);
#2592=FACE_BOUND('',#2395,.T.);
#2593=FACE_BOUND('',#2396,.T.);
#2594=FACE_BOUND('',#2397,.T.);
#2595=FACE_BOUND('',#2398,.T.);
#2596=FACE_BOUND('',#2399,.T.);
#2597=FACE_BOUND('',#2400,.T.);
#2598=FACE_BOUND('',#2401,.T.);
#2599=FACE_BOUND('',#2402,.T.);
#2600=FACE_BOUND('',#2403,.T.);
#2601=FACE_BOUND('',#2404,.T.);
#2602=FACE_BOUND('',#2405,.T.);
#2603=FACE_BOUND('',#2406,.T.);
#2604=FACE_BOUND('',#2407,.T.);
#2605=FACE_BOUND('',#2408,.T.);
#2606=FACE_BOUND('',#2409,.T.);
#2607=FACE_BOUND('',#2410,.T.);
#2608=FACE_BOUND('',#2411,.T.);
#2609=FACE_BOUND('',#2412,.T.);
#2610=FACE_BOUND('',#2413,.T.);
#2611=FACE_BOUND('',#2414,.T.);
#2612=FACE_BOUND('',#2415,.T.);
#2613=FACE_BOUND('',#2416,.T.);
#2614=FACE_BOUND('',#2417,.T.);
#2615=FACE_BOUND('',#2418,.T.);
#2616=FACE_BOUND('',#2419,.T.);
#2617=FACE_BOUND('',#2420,.T.);
#2618=FACE_BOUND('',#2421,.T.);
#2619=FACE_BOUND('',#2422,.T.);
#2620=FACE_BOUND('',#2423,.T.);
#2621=FACE_BOUND('',#2424,.T.);
#2622=FACE_BOUND('',#2425,.T.);
#2623=FACE_BOUND('',#2426,.T.);
#2624=FACE_BOUND('',#2427,.T.);
#2625=FACE_BOUND('',#2428,.T.);
#2626=FACE_BOUND('',#2429,.T.);
#2627=FACE_BOUND('',#2430,.T.);
#2628=FACE_BOUND('',#2431,.T.);
#2629=FACE_BOUND('',#2432,.T.);
#2630=FACE_BOUND('',#2433,.T.);
#2631=FACE_BOUND('',#2434,.T.);
#2632=FACE_BOUND('',#2435,.T.);
#2633=FACE_BOUND('',#2436,.T.);
#2634=FACE_BOUND('',#2437,.T.);
#2635=FACE_BOUND('',#2438,.T.);
#2636=FACE_BOUND('',#2439,.T.);
#2637=FACE_BOUND('',#2440,.T.);
#2638=FACE_BOUND('',#2441,.T.);
#2639=FACE_BOUND('',#2442,.T.);
#2640=FACE_BOUND('',#2443,.T.);
#2641=FACE_BOUND('',#2444,.T.);
#2642=FACE_BOUND('',#2445,.T.);
#2643=FACE_BOUND('',#2446,.T.);
#2644=FACE_BOUND('',#2447,.T.);
#2645=FACE_BOUND('',#2448,.T.);
#2646=FACE_BOUND('',#2449,.T.);
#2647=FACE_BOUND('',#2450,.T.);
#2648=FACE_BOUND('',#2451,.T.);
#2649=FACE_BOUND('',#2452,.T.);
#2650=FACE_BOUND('',#2453,.T.);
#2651=FACE_BOUND('',#2454,.T.);
#2652=FACE_BOUND('',#2455,.T.);
#2653=FACE_BOUND('',#2456,.T.);
#2654=FACE_BOUND('',#2457,.T.);
#2655=FACE_BOUND('',#2458,.T.);
#2656=FACE_BOUND('',#2459,.T.);
#2657=FACE_BOUND('',#2460,.T.);
#2658=FACE_BOUND('',#2461,.T.);
#2659=FACE_BOUND('',#2462,.T.);
#2660=FACE_BOUND('',#2463,.T.);
#2661=FACE_BOUND('',#2464,.T.);
#2662=FACE_BOUND('',#2465,.T.);
#2663=FACE_BOUND('',#2466,.T.);
#2664=FACE_BOUND('',#2467,.T.);
#2665=FACE_BOUND('',#2468,.T.);
#2666=FACE_BOUND('',#2469,.T.);
#2667=FACE_BOUND('',#2470,.T.);
#2668=FACE_BOUND('',#2471,.T.);
#2669=FACE_BOUND('',#2472,.T.);
#2670=FACE_BOUND('',#2473,.T.);
#2671=FACE_BOUND('',#2474,.T.);
#2672=FACE_BOUND('',#2475,.T.);
#2673=FACE_BOUND('',#2476,.T.);
#2674=FACE_BOUND('',#2477,.T.);
#2675=FACE_BOUND('',#2478,.T.);
#2676=FACE_BOUND('',#2479,.T.);
#2677=FACE_BOUND('',#2480,.T.);
#2678=FACE_BOUND('',#2481,.T.);
#2679=FACE_BOUND('',#2482,.T.);
#2680=FACE_BOUND('',#2483,.T.);
#2681=FACE_BOUND('',#2484,.T.);
#2682=FACE_BOUND('',#2485,.T.);
#2683=FACE_BOUND('',#2486,.T.);
#2684=FACE_BOUND('',#2487,.T.);
#2685=FACE_BOUND('',#2488,.T.);
#2686=FACE_BOUND('',#2489,.T.);
#2687=FACE_BOUND('',#2490,.T.);
#2688=FACE_BOUND('',#2491,.T.);
#2689=FACE_BOUND('',#2492,.T.);
#2690=FACE_BOUND('',#2493,.T.);
#2691=FACE_BOUND('',#2494,.T.);
#2692=FACE_BOUND('',#2495,.T.);
#2693=FACE_BOUND('',#2496,.T.);
#2694=FACE_BOUND('',#2497,.T.);
#2695=FACE_BOUND('',#2498,.T.);
#2696=FACE_BOUND('',#2499,.T.);
#2697=FACE_BOUND('',#2500,.T.);
#2698=FACE_BOUND('',#2501,.T.);
#2699=FACE_BOUND('',#2502,.T.);
#2700=FACE_BOUND('',#2503,.T.);
#2701=FACE_BOUND('',#2504,.T.);
#2702=FACE_BOUND('',#2505,.T.);
#2703=FACE_BOUND('',#2506,.T.);
#2704=FACE_BOUND('',#2507,.T.);
#2705=FACE_BOUND('',#2508,.T.);
#2706=FACE_BOUND('',#2509,.T.);
#2707=FACE_BOUND('',#2510,.T.);
#2708=FACE_BOUND('',#2511,.T.);
#2709=FACE_BOUND('',#2512,.T.);
#2710=FACE_BOUND('',#2513,.T.);
#2711=FACE_BOUND('',#2514,.T.);
#2712=FACE_BOUND('',#2515,.T.);
#2713=FACE_BOUND('',#2516,.T.);
#2714=FACE_BOUND('',#2517,.T.);
#2715=FACE_BOUND('',#2518,.T.);
#2716=FACE_BOUND('',#2519,.T.);
#2717=FACE_BOUND('',#2520,.T.);
#2718=FACE_BOUND('',#2521,.T.);
#2719=FACE_BOUND('',#2522,.T.);
#2720=FACE_BOUND('',#2523,.T.);
#2721=FACE_BOUND('',#2524,.T.);
#2722=FACE_BOUND('',#2525,.T.);
#2723=FACE_BOUND('',#2526,.T.);
#2724=FACE_BOUND('',#2527,.T.);
#2725=FACE_BOUND('',#2528,.T.);
#2726=FACE_BOUND('',#2529,.T.);
#2727=FACE_BOUND('',#2530,.T.);
#2728=FACE_BOUND('',#2531,.T.);
#2729=FACE_BOUND('',#2532,.T.);
#2730=FACE_BOUND('',#2533,.T.);
#2731=FACE_BOUND('',#2534,.T.);
#2732=FACE_BOUND('',#2535,.T.);
#2733=FACE_BOUND('',#2536,.T.);
#2734=FACE_BOUND('',#2537,.T.);
#2735=FACE_BOUND('',#2538,.T.);
#2736=FACE_BOUND('',#2539,.T.);
#2737=FACE_BOUND('',#2540,.T.);
#2738=FACE_BOUND('',#2541,.T.);
#2739=FACE_BOUND('',#2542,.T.);
#2740=FACE_BOUND('',#2543,.T.);
#2741=FACE_BOUND('',#2544,.T.);
#2742=FACE_BOUND('',#2545,.T.);
#2743=FACE_BOUND('',#2546,.T.);
#2744=FACE_BOUND('',#2547,.T.);
#2745=FACE_BOUND('',#2548,.T.);
#2746=FACE_BOUND('',#2549,.T.);
#2747=FACE_BOUND('',#2550,.T.);
#2748=FACE_BOUND('',#2551,.T.);
#2749=FACE_BOUND('',#2552,.T.);
#2750=FACE_BOUND('',#2553,.T.);
#2751=FACE_BOUND('',#2554,.T.);
#2752=FACE_BOUND('',#2555,.T.);
#2753=FACE_BOUND('',#2556,.T.);
#2754=FACE_BOUND('',#2557,.T.);
#2755=FACE_BOUND('',#2558,.T.);
#2756=FACE_BOUND('',#2559,.T.);
#2757=FACE_BOUND('',#2560,.T.);
#2758=FACE_BOUND('',#2561,.T.);
#2759=FACE_BOUND('',#2562,.T.);
#2760=FACE_BOUND('',#2563,.T.);
#2761=FACE_BOUND('',#2564,.T.);
#2762=FACE_BOUND('',#2565,.T.);
#2763=FACE_BOUND('',#2566,.T.);
#2764=FACE_BOUND('',#2567,.T.);
#2765=FACE_BOUND('',#2568,.T.);
#2766=FACE_BOUND('',#2569,.T.);
#2767=FACE_BOUND('',#2570,.T.);
#2768=FACE_BOUND('',#2571,.T.);
#2769=FACE_BOUND('',#2572,.T.);
#2770=FACE_BOUND('',#2573,.T.);
#2771=FACE_BOUND('',#2574,.T.);
#2772=FACE_BOUND('',#2575,.T.);
#2773=FACE_BOUND('',#2576,.T.);
#2774=FACE_BOUND('',#2577,.T.);
#2775=FACE_BOUND('',#2578,.T.);
#2776=FACE_BOUND('',#2579,.T.);
#2777=FACE_BOUND('',#2580,.T.);
#2778=FACE_BOUND('',#2581,.T.);
#2779=FACE_BOUND('',#2582,.T.);
#2780=FACE_BOUND('',#2583,.T.);
#2781=FACE_BOUND('',#2584,.T.);
#2782=FACE_BOUND('',#2585,.T.);
#2783=FACE_BOUND('',#2586,.T.);
#2784=FACE_BOUND('',#2587,.T.);
#2785=FACE_BOUND('',#2588,.T.);
#2786=FACE_BOUND('',#2589,.T.);
#2787=FACE_BOUND('',#2590,.T.);
#2788=CYLINDRICAL_SURFACE('',#3000,0.00144852813742386);
#2789=CYLINDRICAL_SURFACE('',#3007,0.004);
#2790=CYLINDRICAL_SURFACE('',#3019,0.0025);
#2791=CYLINDRICAL_SURFACE('',#3021,0.003775);
#2792=CYLINDRICAL_SURFACE('',#3026,0.0056);
#2793=CYLINDRICAL_SURFACE('',#3028,0.001);
#2794=CYLINDRICAL_SURFACE('',#3033,0.001);
#2795=CYLINDRICAL_SURFACE('',#3038,0.001);
#2796=CYLINDRICAL_SURFACE('',#3054,0.001);
#2797=CYLINDRICAL_SURFACE('',#3059,0.001);
#2798=CYLINDRICAL_SURFACE('',#3064,0.001);
#2799=CYLINDRICAL_SURFACE('',#3101,0.0105);
#2800=CYLINDRICAL_SURFACE('',#3104,0.0105);
#2801=CYLINDRICAL_SURFACE('',#3113,0.002);
#2802=CYLINDRICAL_SURFACE('',#3118,0.002);
#2803=CYLINDRICAL_SURFACE('',#3123,0.002);
#2804=CYLINDRICAL_SURFACE('',#3133,0.007);
#2805=CYLINDRICAL_SURFACE('',#3135,0.007);
#2806=CYLINDRICAL_SURFACE('',#3137,0.003);
#2807=CYLINDRICAL_SURFACE('',#3143,0.003);
#2808=CYLINDRICAL_SURFACE('',#3148,0.003);
#2809=CYLINDRICAL_SURFACE('',#3150,0.003);
#2810=CYLINDRICAL_SURFACE('',#3151,0.003);
#2811=CYLINDRICAL_SURFACE('',#3181,0.008);
#2812=CYLINDRICAL_SURFACE('',#3183,0.008);
#2813=CYLINDRICAL_SURFACE('',#3185,0.008);
#2814=CYLINDRICAL_SURFACE('',#3188,0.002);
#2815=CYLINDRICAL_SURFACE('',#3193,0.002);
#2816=CYLINDRICAL_SURFACE('',#3200,0.002);
#2817=CYLINDRICAL_SURFACE('',#3203,0.000599999999999989);
#2818=CYLINDRICAL_SURFACE('',#3206,0.001);
#2819=CYLINDRICAL_SURFACE('',#3207,0.001);
#2820=CYLINDRICAL_SURFACE('',#3208,0.005);
#2821=CYLINDRICAL_SURFACE('',#3212,0.008);
#2822=CYLINDRICAL_SURFACE('',#3219,0.00225);
#2823=CYLINDRICAL_SURFACE('',#3222,0.00225);
#2824=CYLINDRICAL_SURFACE('',#3225,0.00225);
#2825=CYLINDRICAL_SURFACE('',#3228,0.00225);
#2826=CYLINDRICAL_SURFACE('',#3231,0.005);
#2827=CYLINDRICAL_SURFACE('',#3234,0.005);
#2828=CYLINDRICAL_SURFACE('',#3237,0.005);
#2829=CYLINDRICAL_SURFACE('',#3240,0.005);
#2830=ADVANCED_FACE('',(#2591),#2788,.T.);
#2831=ADVANCED_FACE('',(#2592),#105,.T.);
#2832=ADVANCED_FACE('',(#2593),#106,.F.);
#2833=ADVANCED_FACE('',(#2594),#107,.F.);
#2834=ADVANCED_FACE('',(#2595),#108,.T.);
#2835=ADVANCED_FACE('',(#2596),#2789,.T.);
#2836=ADVANCED_FACE('',(#2597),#109,.T.);
#2837=ADVANCED_FACE('',(#2598),#110,.F.);
#2838=ADVANCED_FACE('',(#2599),#111,.F.);
#2839=ADVANCED_FACE('',(#2600),#112,.T.);
#2840=ADVANCED_FACE('',(#2601,#2602),#27,.T.);
#2841=ADVANCED_FACE('',(#2603),#113,.T.);
#2842=ADVANCED_FACE('',(#2604,#2605),#2790,.T.);
#2843=ADVANCED_FACE('',(#2606,#2607),#2791,.F.);
#2844=ADVANCED_FACE('',(#2608,#2609),#114,.T.);
#2845=ADVANCED_FACE('',(#2610,#2611),#2792,.F.);
#2846=ADVANCED_FACE('',(#2612),#2793,.F.);
#2847=ADVANCED_FACE('',(#2613),#115,.F.);
#2848=ADVANCED_FACE('',(#2614),#116,.F.);
#2849=ADVANCED_FACE('',(#2615),#2794,.F.);
#2850=ADVANCED_FACE('',(#2616),#117,.F.);
#2851=ADVANCED_FACE('',(#2617),#118,.F.);
#2852=ADVANCED_FACE('',(#2618),#2795,.F.);
#2853=ADVANCED_FACE('',(#2619),#119,.F.);
#2854=ADVANCED_FACE('',(#2620),#120,.F.);
#2855=ADVANCED_FACE('',(#2621),#121,.F.);
#2856=ADVANCED_FACE('',(#2622),#17,.F.);
#2857=ADVANCED_FACE('',(#2623),#122,.F.);
#2858=ADVANCED_FACE('',(#2624,#2625),#123,.F.);
#2859=ADVANCED_FACE('',(#2626),#124,.F.);
#2860=ADVANCED_FACE('',(#2627),#2796,.F.);
#2861=ADVANCED_FACE('',(#2628),#125,.F.);
#2862=ADVANCED_FACE('',(#2629),#126,.F.);
#2863=ADVANCED_FACE('',(#2630),#2797,.F.);
#2864=ADVANCED_FACE('',(#2631),#127,.F.);
#2865=ADVANCED_FACE('',(#2632),#128,.F.);
#2866=ADVANCED_FACE('',(#2633),#2798,.F.);
#2867=ADVANCED_FACE('',(#2634),#129,.F.);
#2868=ADVANCED_FACE('',(#2635),#130,.F.);
#2869=ADVANCED_FACE('',(#2636,#2637),#131,.F.);
#2870=ADVANCED_FACE('',(#2638,#2639),#132,.F.);
#2871=ADVANCED_FACE('',(#2640,#2641,#2642,#2643),#133,.F.);
#2872=ADVANCED_FACE('',(#2644),#134,.T.);
#2873=ADVANCED_FACE('',(#2645),#135,.T.);
#2874=ADVANCED_FACE('',(#2646),#136,.T.);
#2875=ADVANCED_FACE('',(#2647),#137,.T.);
#2876=ADVANCED_FACE('',(#2648),#138,.T.);
#2877=ADVANCED_FACE('',(#2649,#2650,#2651),#139,.F.);
#2878=ADVANCED_FACE('',(#2652),#140,.F.);
#2879=ADVANCED_FACE('',(#2653),#141,.F.);
#2880=ADVANCED_FACE('',(#2654,#2655),#142,.T.);
#2881=ADVANCED_FACE('',(#2656,#2657),#143,.F.);
#2882=ADVANCED_FACE('',(#2658),#144,.T.);
#2883=ADVANCED_FACE('',(#2659),#145,.T.);
#2884=ADVANCED_FACE('',(#2660),#146,.T.);
#2885=ADVANCED_FACE('',(#2661),#147,.F.);
#2886=ADVANCED_FACE('',(#2662),#18,.F.);
#2887=ADVANCED_FACE('',(#2663),#2799,.F.);
#2888=ADVANCED_FACE('',(#2664),#2800,.F.);
#2889=ADVANCED_FACE('',(#2665),#148,.F.);
#2890=ADVANCED_FACE('',(#2666),#149,.F.);
#2891=ADVANCED_FACE('',(#2667),#150,.F.);
#2892=ADVANCED_FACE('',(#2668),#151,.F.);
#2893=ADVANCED_FACE('',(#2669),#152,.F.);
#2894=ADVANCED_FACE('',(#2670,#2671),#153,.T.);
#2895=ADVANCED_FACE('',(#2672),#2801,.F.);
#2896=ADVANCED_FACE('',(#2673),#154,.F.);
#2897=ADVANCED_FACE('',(#2674),#155,.F.);
#2898=ADVANCED_FACE('',(#2675,#2676),#156,.T.);
#2899=ADVANCED_FACE('',(#2677),#2802,.F.);
#2900=ADVANCED_FACE('',(#2678),#157,.F.);
#2901=ADVANCED_FACE('',(#2679),#158,.F.);
#2902=ADVANCED_FACE('',(#2680,#2681),#159,.T.);
#2903=ADVANCED_FACE('',(#2682),#2803,.F.);
#2904=ADVANCED_FACE('',(#2683),#160,.F.);
#2905=ADVANCED_FACE('',(#2684),#161,.F.);
#2906=ADVANCED_FACE('',(#2685,#2686),#162,.F.);
#2907=ADVANCED_FACE('',(#2687),#163,.T.);
#2908=ADVANCED_FACE('',(#2688),#2804,.T.);
#2909=ADVANCED_FACE('',(#2689),#2805,.T.);
#2910=ADVANCED_FACE('',(#2690),#2806,.T.);
#2911=ADVANCED_FACE('',(#2691),#15,.T.);
#2912=ADVANCED_FACE('',(#2692),#2807,.T.);
#2913=ADVANCED_FACE('',(#2693),#16,.T.);
#2914=ADVANCED_FACE('',(#2694),#2808,.T.);
#2915=ADVANCED_FACE('',(#2695),#2809,.T.);
#2916=ADVANCED_FACE('',(#2696),#19,.T.);
#2917=ADVANCED_FACE('',(#2697),#2810,.T.);
#2918=ADVANCED_FACE('',(#2698),#20,.T.);
#2919=ADVANCED_FACE('',(#2699),#28,.F.);
#2920=ADVANCED_FACE('',(#2700),#21,.T.);
#2921=ADVANCED_FACE('',(#2701),#22,.T.);
#2922=ADVANCED_FACE('',(#2702),#164,.T.);
#2923=ADVANCED_FACE('',(#2703),#29,.F.);
#2924=ADVANCED_FACE('',(#2704),#165,.T.);
#2925=ADVANCED_FACE('',(#2705),#166,.T.);
#2926=ADVANCED_FACE('',(#2706),#167,.T.);
#2927=ADVANCED_FACE('',(#2707),#168,.F.);
#2928=ADVANCED_FACE('',(#2708),#169,.F.);
#2929=ADVANCED_FACE('',(#2709),#170,.F.);
#2930=ADVANCED_FACE('',(#2710),#171,.F.);
#2931=ADVANCED_FACE('',(#2711),#172,.F.);
#2932=ADVANCED_FACE('',(#2712),#23,.F.);
#2933=ADVANCED_FACE('',(#2713),#24,.F.);
#2934=ADVANCED_FACE('',(#2714),#173,.F.);
#2935=ADVANCED_FACE('',(#2715),#174,.T.);
#2936=ADVANCED_FACE('',(#2716),#175,.T.);
#2937=ADVANCED_FACE('',(#2717),#176,.F.);
#2938=ADVANCED_FACE('',(#2718),#177,.T.);
#2939=ADVANCED_FACE('',(#2719),#178,.T.);
#2940=ADVANCED_FACE('',(#2720),#179,.T.);
#2941=ADVANCED_FACE('',(#2721,#2722),#180,.F.);
#2942=ADVANCED_FACE('',(#2723),#181,.F.);
#2943=ADVANCED_FACE('',(#2724),#2811,.T.);
#2944=ADVANCED_FACE('',(#2725),#2812,.T.);
#2945=ADVANCED_FACE('',(#2726),#2813,.T.);
#2946=ADVANCED_FACE('',(#2727,#2728),#182,.T.);
#2947=ADVANCED_FACE('',(#2729),#2814,.F.);
#2948=ADVANCED_FACE('',(#2730),#183,.F.);
#2949=ADVANCED_FACE('',(#2731),#184,.F.);
#2950=ADVANCED_FACE('',(#2732,#2733),#185,.T.);
#2951=ADVANCED_FACE('',(#2734),#2815,.F.);
#2952=ADVANCED_FACE('',(#2735),#186,.F.);
#2953=ADVANCED_FACE('',(#2736),#187,.F.);
#2954=ADVANCED_FACE('',(#2737,#2738),#188,.T.);
#2955=ADVANCED_FACE('',(#2739),#2816,.F.);
#2956=ADVANCED_FACE('',(#2740),#189,.F.);
#2957=ADVANCED_FACE('',(#2741),#190,.F.);
#2958=ADVANCED_FACE('',(#2742,#2743),#2817,.F.);
#2959=ADVANCED_FACE('',(#2744),#191,.T.);
#2960=ADVANCED_FACE('',(#2745),#2818,.T.);
#2961=ADVANCED_FACE('',(#2746),#2819,.T.);
#2962=ADVANCED_FACE('',(#2747,#2748),#2820,.F.);
#2963=ADVANCED_FACE('',(#2749),#25,.F.);
#2964=ADVANCED_FACE('',(#2750),#26,.F.);
#2965=ADVANCED_FACE('',(#2751),#192,.F.);
#2966=ADVANCED_FACE('',(#2752),#2821,.T.);
#2967=ADVANCED_FACE('',(#2753),#193,.T.);
#2968=ADVANCED_FACE('',(#2754),#194,.T.);
#2969=ADVANCED_FACE('',(#2755),#195,.F.);
#2970=ADVANCED_FACE('',(#2756),#196,.F.);
#2971=ADVANCED_FACE('',(#2757,#2758,#2759),#197,.F.);
#2972=ADVANCED_FACE('',(#2760),#198,.T.);
#2973=ADVANCED_FACE('',(#2761,#2762),#2822,.F.);
#2974=ADVANCED_FACE('',(#2763,#2764),#2823,.F.);
#2975=ADVANCED_FACE('',(#2765,#2766),#2824,.F.);
#2976=ADVANCED_FACE('',(#2767,#2768),#2825,.F.);
#2977=ADVANCED_FACE('',(#2769),#2826,.T.);
#2978=ADVANCED_FACE('',(#2770),#2827,.T.);
#2979=ADVANCED_FACE('',(#2771),#2828,.T.);
#2980=ADVANCED_FACE('',(#2772),#2829,.T.);
#2981=ADVANCED_FACE('',(#2773,#2774,#2775,#2776,#2777,#2778),#199,.F.);
#2982=ADVANCED_FACE('',(#2779,#2780,#2781,#2782,#2783),#200,.T.);
#2983=ADVANCED_FACE('',(#2784),#201,.F.);
#2984=ADVANCED_FACE('',(#2785),#202,.T.);
#2985=ADVANCED_FACE('',(#2786),#203,.T.);
#2986=ADVANCED_FACE('',(#2787),#204,.F.);
#2987=CLOSED_SHELL('',(#2830,#2831,#2832,#2833,#2834,#2835,#2836,#2837,
#2838,#2839,#2840,#2841,#2842,#2843,#2844,#2845,#2846,#2847,#2848,#2849,
#2850,#2851,#2852,#2853,#2854,#2855,#2856,#2857,#2858,#2859,#2860,#2861,
#2862,#2863,#2864,#2865,#2866,#2867,#2868,#2869,#2870,#2871,#2872,#2873,
#2874,#2875,#2876,#2877,#2878,#2879,#2880,#2881,#2882,#2883,#2884,#2885,
#2886,#2887,#2888,#2889,#2890,#2891,#2892,#2893,#2894,#2895,#2896,#2897,
#2898,#2899,#2900,#2901,#2902,#2903,#2904,#2905,#2906,#2907,#2908,#2909,
#2910,#2911,#2912,#2913,#2914,#2915,#2916,#2917,#2918,#2919,#2920,#2921,
#2922,#2923,#2924,#2925,#2926,#2927,#2928,#2929,#2930,#2931,#2932,#2933,
#2934,#2935,#2936,#2937,#2938,#2939,#2940,#2941,#2942,#2943,#2944,#2945,
#2946,#2947,#2948,#2949,#2950,#2951,#2952,#2953,#2954,#2955,#2956,#2957,
#2958,#2959,#2960,#2961,#2962,#2963,#2964,#2965,#2966,#2967,#2968,#2969,
#2970,#2971,#2972,#2973,#2974,#2975,#2976,#2977,#2978,#2979,#2980,#2981,
#2982,#2983,#2984,#2985,#2986));
#2988=STYLED_ITEM('',(#2989),#2996);
#2989=PRESENTATION_STYLE_ASSIGNMENT((#2990));
#2990=SURFACE_STYLE_USAGE(.BOTH.,#2991);
#2991=SURFACE_SIDE_STYLE('',(#2992));
#2992=SURFACE_STYLE_FILL_AREA(#2993);
#2993=FILL_AREA_STYLE('',(#2994));
#2994=FILL_AREA_STYLE_COLOUR('',#2995);
#2995=COLOUR_RGB('',0.917647058823529,0.917647058823529,0.917647058823529);
#2996=MANIFOLD_SOLID_BREP('Part 3',#2987);
#2997=SHAPE_DEFINITION_REPRESENTATION(#5229,#2998);
#2998=SHAPE_REPRESENTATION('Part 3',(#2999),#5224);
#2999=AXIS2_PLACEMENT_3D('',#4030,#3249,#3250);
#3000=AXIS2_PLACEMENT_3D('',#4031,#3251,#3252);
#3001=AXIS2_PLACEMENT_3D('',#4032,#3253,#3254);
#3002=AXIS2_PLACEMENT_3D('',#4037,#3256,#3257);
#3003=AXIS2_PLACEMENT_3D('',#4049,#3260,#3261);
#3004=AXIS2_PLACEMENT_3D('',#4058,#3266,#3267);
#3005=AXIS2_PLACEMENT_3D('',#4064,#3271,#3272);
#3006=AXIS2_PLACEMENT_3D('',#4075,#3279,#3280);
#3007=AXIS2_PLACEMENT_3D('',#4085,#3286,#3287);
#3008=AXIS2_PLACEMENT_3D('',#4091,#3288,#3289);
#3009=AXIS2_PLACEMENT_3D('',#4095,#3291,#3292);
#3010=AXIS2_PLACEMENT_3D('',#4096,#3293,#3294);
#3011=AXIS2_PLACEMENT_3D('',#4099,#3297,#3298);
#3012=AXIS2_PLACEMENT_3D('',#4107,#3303,#3304);
#3013=AXIS2_PLACEMENT_3D('',#4111,#3306,#3307);
#3014=AXIS2_PLACEMENT_3D('',#4112,#3308,#3309);
#3015=AXIS2_PLACEMENT_3D('',#4115,#3312,#3313);
#3016=AXIS2_PLACEMENT_3D('',#4116,#3314,#3315);
#3017=AXIS2_PLACEMENT_3D('',#4118,#3316,#3317);
#3018=AXIS2_PLACEMENT_3D('',#4120,#3318,#3319);
#3019=AXIS2_PLACEMENT_3D('',#4121,#3320,#3321);
#3020=AXIS2_PLACEMENT_3D('',#4122,#3322,#3323);
#3021=AXIS2_PLACEMENT_3D('',#4124,#3324,#3325);
#3022=AXIS2_PLACEMENT_3D('',#4125,#3326,#3327);
#3023=AXIS2_PLACEMENT_3D('',#4127,#3328,#3329);
#3024=AXIS2_PLACEMENT_3D('',#4129,#3330,#3331);
#3025=AXIS2_PLACEMENT_3D('',#4130,#3332,#3333);
#3026=AXIS2_PLACEMENT_3D('',#4132,#3334,#3335);
#3027=AXIS2_PLACEMENT_3D('',#4133,#3336,#3337);
#3028=AXIS2_PLACEMENT_3D('',#4135,#3338,#3339);
#3029=AXIS2_PLACEMENT_3D('',#4136,#3340,#3341);
#3030=AXIS2_PLACEMENT_3D('',#4141,#3343,#3344);
#3031=AXIS2_PLACEMENT_3D('',#4144,#3346,#3347);
#3032=AXIS2_PLACEMENT_3D('',#4150,#3351,#3352);
#3033=AXIS2_PLACEMENT_3D('',#4153,#3355,#3356);
#3034=AXIS2_PLACEMENT_3D('',#4154,#3357,#3358);
#3035=AXIS2_PLACEMENT_3D('',#4159,#3360,#3361);
#3036=AXIS2_PLACEMENT_3D('',#4162,#3363,#3364);
#3037=AXIS2_PLACEMENT_3D('',#4168,#3368,#3369);
#3038=AXIS2_PLACEMENT_3D('',#4171,#3372,#3373);
#3039=AXIS2_PLACEMENT_3D('',#4172,#3374,#3375);
#3040=AXIS2_PLACEMENT_3D('',#4177,#3377,#3378);
#3041=AXIS2_PLACEMENT_3D('',#4180,#3380,#3381);
#3042=AXIS2_PLACEMENT_3D('',#4186,#3385,#3386);
#3043=AXIS2_PLACEMENT_3D('',#4189,#3389,#3390);
#3044=AXIS2_PLACEMENT_3D('',#4195,#3393,#3394);
#3045=AXIS2_PLACEMENT_3D('',#4221,#3398,#3399);
#3046=AXIS2_PLACEMENT_3D('',#4225,#3401,#3402);
#3047=AXIS2_PLACEMENT_3D('',#4242,#3408,#3409);
#3048=AXIS2_PLACEMENT_3D('',#4245,#3411,#3412);
#3049=AXIS2_PLACEMENT_3D('',#4255,#3417,#3418);
#3050=AXIS2_PLACEMENT_3D('',#4267,#3424,#3425);
#3051=AXIS2_PLACEMENT_3D('',#4275,#3429,#3430);
#3052=AXIS2_PLACEMENT_3D('',#4278,#3432,#3433);
#3053=AXIS2_PLACEMENT_3D('',#4279,#3434,#3435);
#3054=AXIS2_PLACEMENT_3D('',#4297,#3445,#3446);
#3055=AXIS2_PLACEMENT_3D('',#4298,#3447,#3448);
#3056=AXIS2_PLACEMENT_3D('',#4303,#3450,#3451);
#3057=AXIS2_PLACEMENT_3D('',#4306,#3453,#3454);
#3058=AXIS2_PLACEMENT_3D('',#4312,#3458,#3459);
#3059=AXIS2_PLACEMENT_3D('',#4315,#3462,#3463);
#3060=AXIS2_PLACEMENT_3D('',#4316,#3464,#3465);
#3061=AXIS2_PLACEMENT_3D('',#4321,#3467,#3468);
#3062=AXIS2_PLACEMENT_3D('',#4324,#3470,#3471);
#3063=AXIS2_PLACEMENT_3D('',#4330,#3475,#3476);
#3064=AXIS2_PLACEMENT_3D('',#4333,#3479,#3480);
#3065=AXIS2_PLACEMENT_3D('',#4334,#3481,#3482);
#3066=AXIS2_PLACEMENT_3D('',#4339,#3484,#3485);
#3067=AXIS2_PLACEMENT_3D('',#4342,#3487,#3488);
#3068=AXIS2_PLACEMENT_3D('',#4348,#3492,#3493);
#3069=AXIS2_PLACEMENT_3D('',#4351,#3496,#3497);
#3070=AXIS2_PLACEMENT_3D('',#4368,#3506,#3507);
#3071=AXIS2_PLACEMENT_3D('',#4370,#3508,#3509);
#3072=AXIS2_PLACEMENT_3D('',#4389,#3513,#3514);
#3073=AXIS2_PLACEMENT_3D('',#4413,#3527,#3528);
#3074=AXIS2_PLACEMENT_3D('',#4421,#3533,#3534);
#3075=AXIS2_PLACEMENT_3D('',#4426,#3537,#3538);
#3076=AXIS2_PLACEMENT_3D('',#4427,#3539,#3540);
#3077=AXIS2_PLACEMENT_3D('',#4435,#3545,#3546);
#3078=AXIS2_PLACEMENT_3D('',#4441,#3550,#3551);
#3079=AXIS2_PLACEMENT_3D('',#4448,#3556,#3557);
#3080=AXIS2_PLACEMENT_3D('',#4449,#3558,#3559);
#3081=AXIS2_PLACEMENT_3D('',#4456,#3563,#3564);
#3082=AXIS2_PLACEMENT_3D('',#4466,#3569,#3570);
#3083=AXIS2_PLACEMENT_3D('',#4467,#3571,#3572);
#3084=AXIS2_PLACEMENT_3D('',#4474,#3576,#3577);
#3085=AXIS2_PLACEMENT_3D('',#4475,#3578,#3579);
#3086=AXIS2_PLACEMENT_3D('',#4478,#3581,#3582);
#3087=AXIS2_PLACEMENT_3D('',#4482,#3584,#3585);
#3088=AXIS2_PLACEMENT_3D('',#4487,#3589,#3590);
#3089=AXIS2_PLACEMENT_3D('',#4491,#3592,#3593);
#3090=AXIS2_PLACEMENT_3D('',#4495,#3595,#3596);
#3091=AXIS2_PLACEMENT_3D('',#4501,#3599,#3600);
#3092=AXIS2_PLACEMENT_3D('',#4506,#3603,#3604);
#3093=AXIS2_PLACEMENT_3D('',#4515,#3606,#3607);
#3094=AXIS2_PLACEMENT_3D('',#4518,#3609,#3610);
#3095=AXIS2_PLACEMENT_3D('',#4519,#3611,#3612);
#3096=AXIS2_PLACEMENT_3D('',#4524,#3614,#3615);
#3097=AXIS2_PLACEMENT_3D('',#4526,#3617,#3618);
#3098=AXIS2_PLACEMENT_3D('',#4542,#3619,#3620);
#3099=AXIS2_PLACEMENT_3D('',#4544,#3622,#3623);
#3100=AXIS2_PLACEMENT_3D('',#4550,#3627,#3628);
#3101=AXIS2_PLACEMENT_3D('',#4584,#3631,#3632);
#3102=AXIS2_PLACEMENT_3D('',#4585,#3633,#3634);
#3103=AXIS2_PLACEMENT_3D('',#4589,#3636,#3637);
#3104=AXIS2_PLACEMENT_3D('',#4590,#3638,#3639);
#3105=AXIS2_PLACEMENT_3D('',#4591,#3640,#3641);
#3106=AXIS2_PLACEMENT_3D('',#4593,#3643,#3644);
#3107=AXIS2_PLACEMENT_3D('',#4596,#3647,#3648);
#3108=AXIS2_PLACEMENT_3D('',#4600,#3651,#3652);
#3109=AXIS2_PLACEMENT_3D('',#4601,#3653,#3654);
#3110=AXIS2_PLACEMENT_3D('',#4603,#3656,#3657);
#3111=AXIS2_PLACEMENT_3D('',#4605,#3659,#3660);
#3112=AXIS2_PLACEMENT_3D('',#4606,#3661,#3662);
#3113=AXIS2_PLACEMENT_3D('',#4612,#3665,#3666);
#3114=AXIS2_PLACEMENT_3D('',#4615,#3669,#3670);
#3115=AXIS2_PLACEMENT_3D('',#4617,#3672,#3673);
#3116=AXIS2_PLACEMENT_3D('',#4618,#3674,#3675);
#3117=AXIS2_PLACEMENT_3D('',#4619,#3676,#3677);
#3118=AXIS2_PLACEMENT_3D('',#4625,#3680,#3681);
#3119=AXIS2_PLACEMENT_3D('',#4632,#3684,#3685);
#3120=AXIS2_PLACEMENT_3D('',#4634,#3687,#3688);
#3121=AXIS2_PLACEMENT_3D('',#4635,#3689,#3690);
#3122=AXIS2_PLACEMENT_3D('',#4636,#3691,#3692);
#3123=AXIS2_PLACEMENT_3D('',#4642,#3695,#3696);
#3124=AXIS2_PLACEMENT_3D('',#4645,#3698,#3699);
#3125=AXIS2_PLACEMENT_3D('',#4648,#3701,#3702);
#3126=AXIS2_PLACEMENT_3D('',#4652,#3705,#3706);
#3127=AXIS2_PLACEMENT_3D('',#4654,#3708,#3709);
#3128=AXIS2_PLACEMENT_3D('',#4655,#3710,#3711);
#3129=AXIS2_PLACEMENT_3D('',#4660,#3714,#3715);
#3130=AXIS2_PLACEMENT_3D('',#4661,#3716,#3717);
#3131=AXIS2_PLACEMENT_3D('',#4668,#3720,#3721);
#3132=AXIS2_PLACEMENT_3D('',#4672,#3723,#3724);
#3133=AXIS2_PLACEMENT_3D('',#4676,#3727,#3728);
#3134=AXIS2_PLACEMENT_3D('',#4677,#3729,#3730);
#3135=AXIS2_PLACEMENT_3D('',#4700,#3731,#3732);
#3136=AXIS2_PLACEMENT_3D('',#4712,#3733,#3734);
#3137=AXIS2_PLACEMENT_3D('',#4720,#3736,#3737);
#3138=AXIS2_PLACEMENT_3D('',#4726,#3738,#3739);
#3139=AXIS2_PLACEMENT_3D('',#4730,#3741,#3742);
#3140=AXIS2_PLACEMENT_3D('',#4731,#3743,#3744);
#3141=AXIS2_PLACEMENT_3D('',#4732,#3745,#3746);
#3142=AXIS2_PLACEMENT_3D('',#4734,#3747,#3748);
#3143=AXIS2_PLACEMENT_3D('',#4735,#3749,#3750);
#3144=AXIS2_PLACEMENT_3D('',#4738,#3752,#3753);
#3145=AXIS2_PLACEMENT_3D('',#4739,#3754,#3755);
#3146=AXIS2_PLACEMENT_3D('',#4740,#3756,#3757);
#3147=AXIS2_PLACEMENT_3D('',#4742,#3758,#3759);
#3148=AXIS2_PLACEMENT_3D('',#4743,#3760,#3761);
#3149=AXIS2_PLACEMENT_3D('',#4749,#3762,#3763);
#3150=AXIS2_PLACEMENT_3D('',#4752,#3765,#3766);
#3151=AXIS2_PLACEMENT_3D('',#4786,#3767,#3768);
#3152=AXIS2_PLACEMENT_3D('',#4826,#3770,#3771);
#3153=AXIS2_PLACEMENT_3D('',#4861,#3773,#3774);
#3154=AXIS2_PLACEMENT_3D('',#4882,#3775,#3776);
#3155=AXIS2_PLACEMENT_3D('',#4883,#3777,#3778);
#3156=AXIS2_PLACEMENT_3D('',#4884,#3779,#3780);
#3157=AXIS2_PLACEMENT_3D('',#4891,#3781,#3782);
#3158=AXIS2_PLACEMENT_3D('',#4893,#3784,#3785);
#3159=AXIS2_PLACEMENT_3D('',#4895,#3787,#3788);
#3160=AXIS2_PLACEMENT_3D('',#4897,#3790,#3791);
#3161=AXIS2_PLACEMENT_3D('',#4898,#3792,#3793);
#3162=AXIS2_PLACEMENT_3D('',#4899,#3794,#3795);
#3163=AXIS2_PLACEMENT_3D('',#4900,#3796,#3797);
#3164=AXIS2_PLACEMENT_3D('',#4901,#3798,#3799);
#3165=AXIS2_PLACEMENT_3D('',#4927,#3801,#3802);
#3166=AXIS2_PLACEMENT_3D('',#4938,#3803,#3804);
#3167=AXIS2_PLACEMENT_3D('',#4960,#3807,#3808);
#3168=AXIS2_PLACEMENT_3D('',#4961,#3809,#3810);
#3169=AXIS2_PLACEMENT_3D('',#4964,#3812,#3813);
#3170=AXIS2_PLACEMENT_3D('',#4965,#3814,#3815);
#3171=AXIS2_PLACEMENT_3D('',#4969,#3818,#3819);
#3172=AXIS2_PLACEMENT_3D('',#4973,#3822,#3823);
#3173=AXIS2_PLACEMENT_3D('',#4979,#3827,#3828);
#3174=AXIS2_PLACEMENT_3D('',#4985,#3832,#3833);
#3175=AXIS2_PLACEMENT_3D('',#4986,#3834,#3835);
#3176=AXIS2_PLACEMENT_3D('',#4991,#3838,#3839);
#3177=AXIS2_PLACEMENT_3D('',#4992,#3840,#3841);
#3178=AXIS2_PLACEMENT_3D('',#4995,#3844,#3845);
#3179=AXIS2_PLACEMENT_3D('',#4996,#3846,#3847);
#3180=AXIS2_PLACEMENT_3D('',#4998,#3848,#3849);
#3181=AXIS2_PLACEMENT_3D('',#5005,#3854,#3855);
#3182=AXIS2_PLACEMENT_3D('',#5013,#3856,#3857);
#3183=AXIS2_PLACEMENT_3D('',#5016,#3859,#3860);
#3184=AXIS2_PLACEMENT_3D('',#5017,#3861,#3862);
#3185=AXIS2_PLACEMENT_3D('',#5018,#3863,#3864);
#3186=AXIS2_PLACEMENT_3D('',#5019,#3865,#3866);
#3187=AXIS2_PLACEMENT_3D('',#5020,#3867,#3868);
#3188=AXIS2_PLACEMENT_3D('',#5026,#3871,#3872);
#3189=AXIS2_PLACEMENT_3D('',#5029,#3875,#3876);
#3190=AXIS2_PLACEMENT_3D('',#5031,#3878,#3879);
#3191=AXIS2_PLACEMENT_3D('',#5032,#3880,#3881);
#3192=AXIS2_PLACEMENT_3D('',#5033,#3882,#3883);
#3193=AXIS2_PLACEMENT_3D('',#5039,#3886,#3887);
#3194=AXIS2_PLACEMENT_3D('',#5055,#3890,#3891);
#3195=AXIS2_PLACEMENT_3D('',#5056,#3892,#3893);
#3196=AXIS2_PLACEMENT_3D('',#5058,#3895,#3896);
#3197=AXIS2_PLACEMENT_3D('',#5059,#3897,#3898);
#3198=AXIS2_PLACEMENT_3D('',#5060,#3899,#3900);
#3199=AXIS2_PLACEMENT_3D('',#5061,#3901,#3902);
#3200=AXIS2_PLACEMENT_3D('',#5067,#3905,#3906);
#3201=AXIS2_PLACEMENT_3D('',#5070,#3909,#3910);
#3202=AXIS2_PLACEMENT_3D('',#5072,#3912,#3913);
#3203=AXIS2_PLACEMENT_3D('',#5073,#3914,#3915);
#3204=AXIS2_PLACEMENT_3D('',#5074,#3916,#3917);
#3205=AXIS2_PLACEMENT_3D('',#5076,#3918,#3919);
#3206=AXIS2_PLACEMENT_3D('',#5077,#3920,#3921);
#3207=AXIS2_PLACEMENT_3D('',#5078,#3922,#3923);
#3208=AXIS2_PLACEMENT_3D('',#5079,#3924,#3925);
#3209=AXIS2_PLACEMENT_3D('',#5080,#3926,#3927);
#3210=AXIS2_PLACEMENT_3D('',#5101,#3928,#3929);
#3211=AXIS2_PLACEMENT_3D('',#5140,#3933,#3934);
#3212=AXIS2_PLACEMENT_3D('',#5143,#3937,#3938);
#3213=AXIS2_PLACEMENT_3D('',#5144,#3939,#3940);
#3214=AXIS2_PLACEMENT_3D('',#5145,#3941,#3942);
#3215=AXIS2_PLACEMENT_3D('',#5147,#3944,#3945);
#3216=AXIS2_PLACEMENT_3D('',#5148,#3946,#3947);
#3217=AXIS2_PLACEMENT_3D('',#5150,#3949,#3950);
#3218=AXIS2_PLACEMENT_3D('',#5152,#3952,#3953);
#3219=AXIS2_PLACEMENT_3D('',#5153,#3954,#3955);
#3220=AXIS2_PLACEMENT_3D('',#5154,#3956,#3957);
#3221=AXIS2_PLACEMENT_3D('',#5156,#3958,#3959);
#3222=AXIS2_PLACEMENT_3D('',#5158,#3960,#3961);
#3223=AXIS2_PLACEMENT_3D('',#5159,#3962,#3963);
#3224=AXIS2_PLACEMENT_3D('',#5161,#3964,#3965);
#3225=AXIS2_PLACEMENT_3D('',#5163,#3966,#3967);
#3226=AXIS2_PLACEMENT_3D('',#5164,#3968,#3969);
#3227=AXIS2_PLACEMENT_3D('',#5166,#3970,#3971);
#3228=AXIS2_PLACEMENT_3D('',#5168,#3972,#3973);
#3229=AXIS2_PLACEMENT_3D('',#5169,#3974,#3975);
#3230=AXIS2_PLACEMENT_3D('',#5171,#3976,#3977);
#3231=AXIS2_PLACEMENT_3D('',#5173,#3978,#3979);
#3232=AXIS2_PLACEMENT_3D('',#5174,#3980,#3981);
#3233=AXIS2_PLACEMENT_3D('',#5179,#3983,#3984);
#3234=AXIS2_PLACEMENT_3D('',#5182,#3986,#3987);
#3235=AXIS2_PLACEMENT_3D('',#5183,#3988,#3989);
#3236=AXIS2_PLACEMENT_3D('',#5188,#3991,#3992);
#3237=AXIS2_PLACEMENT_3D('',#5191,#3994,#3995);
#3238=AXIS2_PLACEMENT_3D('',#5192,#3996,#3997);
#3239=AXIS2_PLACEMENT_3D('',#5197,#3999,#4000);
#3240=AXIS2_PLACEMENT_3D('',#5200,#4002,#4003);
#3241=AXIS2_PLACEMENT_3D('',#5201,#4004,#4005);
#3242=AXIS2_PLACEMENT_3D('',#5206,#4007,#4008);
#3243=AXIS2_PLACEMENT_3D('',#5209,#4010,#4011);
#3244=AXIS2_PLACEMENT_3D('',#5214,#4016,#4017);
#3245=AXIS2_PLACEMENT_3D('',#5219,#4022,#4023);
#3246=AXIS2_PLACEMENT_3D('',#5220,#4024,#4025);
#3247=AXIS2_PLACEMENT_3D('',#5221,#4026,#4027);
#3248=AXIS2_PLACEMENT_3D('',#5222,#4028,#4029);
#3249=DIRECTION('',(0.,0.,1.));
#3250=DIRECTION('',(1.,0.,0.));
#3251=DIRECTION('',(-1.,0.,3.96508223080413E-16));
#3252=DIRECTION('',(3.96508223080413E-16,0.,1.));
#3253=DIRECTION('',(0.567152647695021,-0.823612696728582,0.));
#3254=DIRECTION('',(-0.823612696728582,-0.567152647695021,4.81425583475531E-16));
#3255=DIRECTION('',(-1.,0.,3.96508223080413E-16));
#3256=DIRECTION('',(0.707106781186547,0.,-0.707106781186548));
#3257=DIRECTION('',(-0.707106781186548,0.,-0.707106781186547));
#3258=DIRECTION('',(-1.,0.,3.96508223080413E-16));
#3259=DIRECTION('',(-1.,0.,3.96508223080413E-16));
#3260=DIRECTION('',(-3.96508223080413E-16,0.,-1.));
#3261=DIRECTION('',(1.,0.,-3.96508223080413E-16));
#3262=DIRECTION('',(1.,0.,-3.96508223080413E-16));
#3263=DIRECTION('',(0.,-1.,0.));
#3264=DIRECTION('',(1.,0.,-3.96508223080413E-16));
#3265=DIRECTION('',(0.,-1.,0.));
#3266=DIRECTION('',(-1.,0.,3.96508223080413E-16));
#3267=DIRECTION('',(3.96508223080413E-16,0.,1.));
#3268=DIRECTION('',(3.96508223080413E-16,0.,1.));
#3269=DIRECTION('',(0.,-1.,0.));
#3270=DIRECTION('',(3.96508223080413E-16,0.,1.));
#3271=DIRECTION('',(0.,-1.,0.));
#3272=DIRECTION('',(0.,0.,-1.));
#3273=DIRECTION('',(0.,0.,1.));
#3274=DIRECTION('',(-0.707106781186548,0.,-0.707106781186547));
#3275=DIRECTION('',(3.96508223080413E-16,0.,1.));
#3276=DIRECTION('',(0.718988376049112,1.00053259538394E-16,0.695022096847475));
#3277=DIRECTION('',(-0.707106781186548,-1.0179293380789E-16,-0.707106781186547));
#3278=DIRECTION('',(-1.,0.,3.96508223080413E-16));
#3279=DIRECTION('',(0.,-1.,0.));
#3280=DIRECTION('',(0.,0.,-1.));
#3281=DIRECTION('',(0.707106781186548,0.,0.707106781186547));
#3282=DIRECTION('',(3.96508223080413E-16,0.,1.));
#3283=DIRECTION('',(0.707106781186548,0.,0.707106781186547));
#3284=DIRECTION('',(-0.718988376049112,0.,-0.695022096847475));
#3285=DIRECTION('',(3.96508223080413E-16,0.,1.));
#3286=DIRECTION('',(1.,0.,-3.96508223080413E-16));
#3287=DIRECTION('',(-3.96508223080413E-16,0.,-1.));
#3288=DIRECTION('',(0.707106781186547,0.,-0.707106781186548));
#3289=DIRECTION('',(0.707106781186548,0.,0.707106781186547));
#3290=DIRECTION('',(-1.,0.,3.96508223080413E-16));
#3291=DIRECTION('',(0.567152647695021,-0.823612696728582,0.));
#3292=DIRECTION('',(0.823612696728582,0.567152647695021,-4.81425583475531E-16));
#3293=DIRECTION('',(-0.695022096847475,0.,0.718988376049112));
#3294=DIRECTION('',(0.,1.,0.));
#3295=DIRECTION('',(0.,1.,0.));
#3296=DIRECTION('',(0.,1.,0.));
#3297=DIRECTION('',(0.707106781186547,0.,-0.707106781186548));
#3298=DIRECTION('',(0.,-1.,0.));
#3299=DIRECTION('',(0.,-1.,0.));
#3300=DIRECTION('',(0.,-1.,0.));
#3301=DIRECTION('',(1.43956947544865E-16,-1.,1.43956947544865E-16));
#3302=DIRECTION('',(0.,-1.,0.));
#3303=DIRECTION('',(-1.,0.,3.96508223080413E-16));
#3304=DIRECTION('',(0.,-1.,0.));
#3305=DIRECTION('',(5.70801134710946E-32,-1.,1.43956947544865E-16));
#3306=DIRECTION('',(-1.,0.,3.96508223080413E-16));
#3307=DIRECTION('',(3.96508223080413E-16,0.,1.));
#3308=DIRECTION('',(3.96508223080413E-16,1.43956947544865E-16,1.));
#3309=DIRECTION('',(1.,0.,-3.96508223080413E-16));
#3310=DIRECTION('',(1.,0.,0.));
#3311=DIRECTION('',(1.,0.,0.));
#3312=DIRECTION('',(0.,0.,1.));
#3313=DIRECTION('',(1.,0.,0.));
#3314=DIRECTION('',(0.,0.,-1.));
#3315=DIRECTION('',(-1.,0.,0.));
#3316=DIRECTION('',(0.,0.,-1.));
#3317=DIRECTION('',(-1.,0.,0.));
#3318=DIRECTION('',(0.,0.,-1.));
#3319=DIRECTION('',(1.,0.,0.));
#3320=DIRECTION('',(0.,0.,1.));
#3321=DIRECTION('',(1.,0.,0.));
#3322=DIRECTION('',(0.,0.,1.));
#3323=DIRECTION('',(1.,0.,0.));
#3324=DIRECTION('',(0.,0.,1.));
#3325=DIRECTION('',(1.,0.,0.));
#3326=DIRECTION('',(0.,0.,1.));
#3327=DIRECTION('',(1.,0.,0.));
#3328=DIRECTION('',(0.,0.,1.));
#3329=DIRECTION('',(1.,0.,0.));
#3330=DIRECTION('',(0.,0.,1.));
#3331=DIRECTION('',(1.,0.,0.));
#3332=DIRECTION('',(0.,0.,1.));
#3333=DIRECTION('',(1.,0.,0.));
#3334=DIRECTION('',(0.,0.,1.));
#3335=DIRECTION('',(1.,0.,0.));
#3336=DIRECTION('',(0.,0.,1.));
#3337=DIRECTION('',(1.,0.,0.));
#3338=DIRECTION('',(0.,-1.,0.));
#3339=DIRECTION('',(-1.,0.,-4.25719507862852E-15));
#3340=DIRECTION('',(1.35525271560688E-16,1.,0.));
#3341=DIRECTION('',(-1.,1.35525271560688E-16,0.));
#3342=DIRECTION('',(0.,-1.,0.));
#3343=DIRECTION('',(0.,-1.,0.));
#3344=DIRECTION('',(0.,0.,-1.));
#3345=DIRECTION('',(0.,-1.,0.));
#3346=DIRECTION('',(0.699663340513367,0.,0.714472679632802));
#3347=DIRECTION('',(0.714472679632802,0.,-0.699663340513367));
#3348=DIRECTION('',(-0.7144726796328,0.,0.699663340513369));
#3349=DIRECTION('',(0.,-1.,0.));
#3350=DIRECTION('',(-0.7144726796328,0.,0.699663340513369));
#3351=DIRECTION('',(0.699663340513368,0.,-0.714472679632801));
#3352=DIRECTION('',(-0.714472679632801,0.,-0.699663340513368));
#3353=DIRECTION('',(0.714472679632802,0.,0.699663340513367));
#3354=DIRECTION('',(0.714472679632802,0.,0.699663340513367));
#3355=DIRECTION('',(-1.17608371252665E-16,1.,0.));
#3356=DIRECTION('',(-1.,-1.17608371252665E-16,0.));
#3357=DIRECTION('',(1.35525271560688E-16,1.,0.));
#3358=DIRECTION('',(-1.,1.35525271560688E-16,0.));
#3359=DIRECTION('',(1.17608371252665E-16,-1.,0.));
#3360=DIRECTION('',(-1.35525271560688E-16,-1.,0.));
#3361=DIRECTION('',(-1.,1.35525271560688E-16,0.));
#3362=DIRECTION('',(1.17608371252665E-16,-1.,0.));
#3363=DIRECTION('',(0.699663340513364,8.22862659029754E-17,0.714472679632805));
#3364=DIRECTION('',(0.714472679632805,0.,-0.699663340513364));
#3365=DIRECTION('',(-0.714472679632805,9.68291039299283E-17,0.699663340513364));
#3366=DIRECTION('',(1.17608371252665E-16,-1.,-3.23343021029807E-32));
#3367=DIRECTION('',(-0.714472679632805,9.68291039299283E-17,0.699663340513364));
#3368=DIRECTION('',(0.699663340513362,8.22862659029752E-17,-0.714472679632807));
#3369=DIRECTION('',(-0.714472679632807,0.,-0.699663340513362));
#3370=DIRECTION('',(0.714472679632807,-9.68291039299286E-17,0.699663340513362));
#3371=DIRECTION('',(0.714472679632807,-9.68291039299286E-17,0.699663340513362));
#3372=DIRECTION('',(0.,-1.,0.));
#3373=DIRECTION('',(-1.,0.,1.96005385927235E-15));
#3374=DIRECTION('',(1.35525271560688E-16,1.,0.));
#3375=DIRECTION('',(-1.,1.35525271560688E-16,0.));
#3376=DIRECTION('',(0.,-1.,0.));
#3377=DIRECTION('',(0.,-1.,0.));
#3378=DIRECTION('',(0.,0.,-1.));
#3379=DIRECTION('',(0.,-1.,0.));
#3380=DIRECTION('',(0.699663340513365,0.,0.714472679632804));
#3381=DIRECTION('',(0.714472679632804,0.,-0.699663340513365));
#3382=DIRECTION('',(-0.714472679632805,0.,0.699663340513364));
#3383=DIRECTION('',(0.,-1.,0.));
#3384=DIRECTION('',(-0.714472679632805,0.,0.699663340513364));
#3385=DIRECTION('',(0.699663340513364,0.,-0.714472679632805));
#3386=DIRECTION('',(-0.714472679632805,0.,-0.699663340513364));
#3387=DIRECTION('',(0.714472679632805,0.,0.699663340513364));
#3388=DIRECTION('',(0.714472679632804,0.,0.699663340513365));
#3389=DIRECTION('',(1.,-8.55284707229503E-48,-3.96508223080413E-16));
#3390=DIRECTION('',(-3.96508223080413E-16,0.,-1.));
#3391=DIRECTION('',(8.55284707229503E-48,1.,-1.58989267520396E-62));
#3392=DIRECTION('',(0.,0.,-1.));
#3393=DIRECTION('',(1.,-8.55284707229503E-48,-3.96508223080413E-16));
#3394=DIRECTION('',(-3.96508223080413E-16,0.,-1.));
#3395=DIRECTION('',(0.,0.,-1.));
#3396=DIRECTION('',(0.,1.,0.));
#3397=DIRECTION('',(0.,1.,0.));
#3398=DIRECTION('',(0.,0.,-1.));
#3399=DIRECTION('',(-1.,0.,0.));
#3400=DIRECTION('',(0.,-1.,0.));
#3401=DIRECTION('',(0.,0.,-1.));
#3402=DIRECTION('',(0.,-1.,0.));
#3403=DIRECTION('',(-1.,0.,0.));
#3404=DIRECTION('',(0.,1.,0.));
#3405=DIRECTION('',(0.851814679082069,-0.523843251841915,0.));
#3406=DIRECTION('',(1.,0.,0.));
#3407=DIRECTION('',(3.14556376515342E-16,-1.,0.));
#3408=DIRECTION('',(2.54941585543204E-10,3.43049585197167E-10,-1.));
#3409=DIRECTION('',(-0.677000332744037,-0.735982710030924,-4.25074100848866E-10));
#3410=DIRECTION('',(1.,0.,0.));
#3411=DIRECTION('',(-5.33761069531325E-17,-1.,0.));
#3412=DIRECTION('',(0.,0.,-1.));
#3413=DIRECTION('',(0.,0.,1.));
#3414=DIRECTION('',(-0.714472679632806,0.,-0.699663340513363));
#3415=DIRECTION('',(0.714472679632807,0.,-0.699663340513362));
#3416=DIRECTION('',(0.,0.,1.));
#3417=DIRECTION('',(-5.33761069531325E-17,-1.,0.));
#3418=DIRECTION('',(-0.362627515376336,1.9355645044876E-17,0.931934163496534));
#3419=DIRECTION('',(-1.,5.48922911185365E-16,-5.48922911185365E-16));
#3420=DIRECTION('',(0.342020143325666,0.,-0.939692620785909));
#3421=DIRECTION('',(1.,0.,0.));
#3422=DIRECTION('',(0.743144825477392,0.,0.669130606358861));
#3423=DIRECTION('',(1.,0.,0.));
#3424=DIRECTION('',(3.20256641718795E-16,-1.,0.));
#3425=DIRECTION('',(1.,3.20256641718795E-16,0.));
#3426=DIRECTION('',(0.,0.,-1.));
#3427=DIRECTION('',(-1.,1.66240495614626E-16,0.));
#3428=DIRECTION('',(0.714472679632804,-3.81357701631717E-17,-0.699663340513365));
#3429=DIRECTION('',(5.33761069531325E-17,1.,0.));
#3430=DIRECTION('',(1.,-5.33761069531325E-17,0.));
#3431=DIRECTION('',(-0.714472679632804,3.81357701631717E-17,-0.699663340513365));
#3432=DIRECTION('',(-0.939692620785909,0.,-0.342020143325666));
#3433=DIRECTION('',(-0.342020143325666,0.,0.939692620785909));
#3434=DIRECTION('',(-0.939692620785909,0.,-0.342020143325666));
#3435=DIRECTION('',(-0.342020143325666,0.,0.939692620785909));
#3436=DIRECTION('',(0.,-1.,0.));
#3437=DIRECTION('',(0.,-1.,0.));
#3438=DIRECTION('',(-0.342020143325667,0.,0.939692620785909));
#3439=DIRECTION('',(0.,1.,0.));
#3440=DIRECTION('',(0.342020143325666,0.,-0.939692620785909));
#3441=DIRECTION('',(0.,1.,0.));
#3442=DIRECTION('',(0.342020143325666,2.07273712310313E-16,-0.939692620785909));
#3443=DIRECTION('',(0.,-1.,0.));
#3444=DIRECTION('',(0.331668125174636,0.24416888505968,-0.911250684670171));
#3445=DIRECTION('',(-1.17608371252665E-16,1.,0.));
#3446=DIRECTION('',(-1.,-1.17608371252665E-16,0.));
#3447=DIRECTION('',(-1.35525271560688E-16,-1.,0.));
#3448=DIRECTION('',(1.,-1.35525271560688E-16,0.));
#3449=DIRECTION('',(0.,1.,0.));
#3450=DIRECTION('',(-1.17608371252665E-16,1.,0.));
#3451=DIRECTION('',(-1.,-1.17608371252665E-16,0.));
#3452=DIRECTION('',(0.,1.,0.));
#3453=DIRECTION('',(0.699663340513361,8.22862659029752E-17,-0.714472679632807));
#3454=DIRECTION('',(-0.714472679632807,0.,-0.699663340513361));
#3455=DIRECTION('',(-0.714472679632808,0.,-0.699663340513361));
#3456=DIRECTION('',(0.,1.,0.));
#3457=DIRECTION('',(-0.714472679632808,0.,-0.699663340513361));
#3458=DIRECTION('',(0.699663340513366,8.22862659029756E-17,0.714472679632803));
#3459=DIRECTION('',(0.714472679632803,0.,-0.699663340513366));
#3460=DIRECTION('',(0.714472679632803,0.,-0.699663340513366));
#3461=DIRECTION('',(0.714472679632803,0.,-0.699663340513366));
#3462=DIRECTION('',(-1.17608371252665E-16,1.,0.));
#3463=DIRECTION('',(-1.,-1.17608371252665E-16,0.));
#3464=DIRECTION('',(-1.35525271560688E-16,-1.,0.));
#3465=DIRECTION('',(1.,-1.35525271560688E-16,0.));
#3466=DIRECTION('',(0.,1.,0.));
#3467=DIRECTION('',(-1.17608371252665E-16,1.,0.));
#3468=DIRECTION('',(-1.,-1.17608371252665E-16,0.));
#3469=DIRECTION('',(0.,1.,0.));
#3470=DIRECTION('',(0.699663340513362,8.22862659029752E-17,-0.714472679632807));
#3471=DIRECTION('',(-0.714472679632807,0.,-0.699663340513362));
#3472=DIRECTION('',(-0.714472679632806,0.,-0.699663340513363));
#3473=DIRECTION('',(0.,1.,0.));
#3474=DIRECTION('',(-0.714472679632807,0.,-0.699663340513362));
#3475=DIRECTION('',(0.699663340513364,8.22862659029754E-17,0.714472679632805));
#3476=DIRECTION('',(0.714472679632805,0.,-0.699663340513364));
#3477=DIRECTION('',(0.714472679632806,0.,-0.699663340513363));
#3478=DIRECTION('',(0.714472679632804,0.,-0.699663340513365));
#3479=DIRECTION('',(-1.17608371252665E-16,1.,0.));
#3480=DIRECTION('',(-1.,-1.17608371252665E-16,0.));
#3481=DIRECTION('',(-1.35525271560688E-16,-1.,0.));
#3482=DIRECTION('',(1.,-1.35525271560688E-16,0.));
#3483=DIRECTION('',(0.,1.,0.));
#3484=DIRECTION('',(-1.17608371252665E-16,1.,0.));
#3485=DIRECTION('',(-1.,-1.17608371252665E-16,0.));
#3486=DIRECTION('',(0.,1.,0.));
#3487=DIRECTION('',(0.699663340513362,8.22862659029752E-17,-0.714472679632807));
#3488=DIRECTION('',(-0.714472679632807,0.,-0.699663340513362));
#3489=DIRECTION('',(-0.714472679632807,0.,-0.699663340513361));
#3490=DIRECTION('',(0.,1.,0.));
#3491=DIRECTION('',(-0.714472679632807,0.,-0.699663340513361));
#3492=DIRECTION('',(0.699663340513364,8.22862659029754E-17,0.714472679632805));
#3493=DIRECTION('',(0.714472679632805,0.,-0.699663340513364));
#3494=DIRECTION('',(0.714472679632804,0.,-0.699663340513365));
#3495=DIRECTION('',(0.714472679632804,0.,-0.699663340513365));
#3496=DIRECTION('',(-1.,0.,0.));
#3497=DIRECTION('',(0.,0.,1.));
#3498=DIRECTION('',(0.,1.,0.));
#3499=DIRECTION('',(0.,0.,-1.));
#3500=DIRECTION('',(0.,-1.,0.));
#3501=DIRECTION('',(0.,0.,-1.));
#3502=DIRECTION('',(0.,1.,0.));
#3503=DIRECTION('',(0.,0.,-1.));
#3504=DIRECTION('',(0.,-1.,0.));
#3505=DIRECTION('',(0.,0.,-1.));
#3506=DIRECTION('',(1.,0.,0.));
#3507=DIRECTION('',(0.,0.,-1.));
#3508=DIRECTION('',(-1.35525271560688E-16,-1.,0.));
#3509=DIRECTION('',(0.,0.,-1.));
#3510=DIRECTION('',(-1.,0.,0.));
#3511=DIRECTION('',(1.,0.,0.));
#3512=DIRECTION('',(0.707106781186544,0.,0.707106781186551));
#3513=DIRECTION('',(1.35525271560688E-16,1.,0.));
#3514=DIRECTION('',(0.,0.,1.));
#3515=DIRECTION('',(1.,-7.40148683083438E-17,0.));
#3516=DIRECTION('',(0.,0.,1.));
#3517=DIRECTION('',(-1.,0.,0.));
#3518=DIRECTION('',(0.743144825477392,0.,0.669130606358861));
#3519=DIRECTION('',(1.,0.,0.));
#3520=DIRECTION('',(-0.707106781186544,0.,0.707106781186551));
#3521=DIRECTION('',(-1.,0.,0.));
#3522=DIRECTION('',(0.,0.,-1.));
#3523=DIRECTION('',(-1.,0.,0.));
#3524=DIRECTION('',(-0.342020143325666,0.,0.939692620785909));
#3525=DIRECTION('',(0.707106781186543,0.,0.707106781186552));
#3526=DIRECTION('',(1.,0.,0.));
#3527=DIRECTION('',(0.,0.,1.));
#3528=DIRECTION('',(1.,0.,0.));
#3529=DIRECTION('',(-0.707106781186548,-0.707106781186548,0.));
#3530=DIRECTION('',(0.,-1.,0.));
#3531=DIRECTION('',(-1.,0.,0.));
#3532=DIRECTION('',(0.,1.,0.));
#3533=DIRECTION('',(0.,-1.,-1.88556899562697E-16));
#3534=DIRECTION('',(0.,1.88556899562697E-16,-1.));
#3535=DIRECTION('',(1.,0.,2.42330310087606E-15));
#3536=DIRECTION('',(0.743144825477392,0.,0.669130606358861));
#3537=DIRECTION('',(0.,-1.,-1.88556899562697E-16));
#3538=DIRECTION('',(0.,1.88556899562697E-16,-1.));
#3539=DIRECTION('',(0.,0.,1.));
#3540=DIRECTION('',(1.,0.,0.));
#3541=DIRECTION('',(0.,1.,0.));
#3542=DIRECTION('',(-0.728739444818665,-0.684791078771755,0.));
#3543=DIRECTION('',(-1.,0.,0.));
#3544=DIRECTION('',(0.,1.,0.));
#3545=DIRECTION('',(0.,-1.,-1.88556899562697E-16));
#3546=DIRECTION('',(0.,1.88556899562697E-16,-1.));
#3547=DIRECTION('',(-0.342020143325666,-2.2679747471019E-16,0.939692620785909));
#3548=DIRECTION('',(-1.,0.,0.));
#3549=DIRECTION('',(0.,0.,1.));
#3550=DIRECTION('',(0.,0.,-1.));
#3551=DIRECTION('',(-1.,0.,0.));
#3552=DIRECTION('',(0.,-1.,0.));
#3553=DIRECTION('',(0.728739444818637,0.684791078771785,0.));
#3554=DIRECTION('',(0.,-1.,0.));
#3555=DIRECTION('',(0.728739444818671,0.684791078771749,0.));
#3556=DIRECTION('',(-1.35525271560688E-16,-1.,0.));
#3557=DIRECTION('',(0.,0.,-1.));
#3558=DIRECTION('',(-1.35525271560688E-16,-1.,0.));
#3559=DIRECTION('',(1.,-1.35525271560688E-16,0.));
#3560=DIRECTION('',(0.,0.,-1.));
#3561=DIRECTION('',(-1.,1.48029736616688E-16,0.));
#3562=DIRECTION('',(-1.,0.,0.));
#3563=DIRECTION('',(-1.,-8.67361737988404E-16,0.));
#3564=DIRECTION('',(0.,0.,1.));
#3565=DIRECTION('',(-5.5511151231258E-16,1.,0.));
#3566=DIRECTION('',(0.,0.,1.));
#3567=DIRECTION('',(0.,-1.,0.));
#3568=DIRECTION('',(0.,0.,-1.));
#3569=DIRECTION('',(-1.,-8.67361737988404E-16,0.));
#3570=DIRECTION('',(8.67361737988404E-16,-1.,0.));
#3571=DIRECTION('',(-1.,-8.67361737988404E-16,0.));
#3572=DIRECTION('',(0.,0.,1.));
#3573=DIRECTION('',(3.20256641718795E-16,-1.,0.));
#3574=DIRECTION('',(0.,0.,-1.));
#3575=DIRECTION('',(-8.67361737988404E-16,1.,0.));
#3576=DIRECTION('',(-1.,-8.67361737988404E-16,0.));
#3577=DIRECTION('',(8.67361737988404E-16,-1.,0.));
#3578=DIRECTION('',(0.,0.,1.));
#3579=DIRECTION('',(1.,0.,0.));
#3580=DIRECTION('',(1.,0.,0.));
#3581=DIRECTION('',(0.,0.,1.));
#3582=DIRECTION('',(1.,0.,0.));
#3583=DIRECTION('',(-1.58603289232165E-16,1.,0.));
#3584=DIRECTION('',(0.,0.,1.));
#3585=DIRECTION('',(1.,0.,0.));
#3586=DIRECTION('',(-1.,0.,0.));
#3587=DIRECTION('',(0.707106781186548,0.707106781186548,0.));
#3588=DIRECTION('',(-0.707106781186547,0.707106781186548,0.));
#3589=DIRECTION('',(-1.60128320859398E-16,1.,0.));
#3590=DIRECTION('',(0.,0.,1.));
#3591=DIRECTION('',(-1.,0.,-5.53824328695656E-16));
#3592=DIRECTION('',(-1.60128320859398E-16,1.,0.));
#3593=DIRECTION('',(0.362627515376344,5.80669351346293E-17,-0.931934163496531));
#3594=DIRECTION('',(0.,0.,-1.));
#3595=DIRECTION('',(3.20256641718795E-16,-1.,0.));
#3596=DIRECTION('',(1.,3.20256641718795E-16,0.));
#3597=DIRECTION('',(-0.714472679632804,0.,0.699663340513365));
#3598=DIRECTION('',(0.714472679632804,0.,0.699663340513365));
#3599=DIRECTION('',(3.20256641718795E-16,-1.,0.));
#3600=DIRECTION('',(1.,3.20256641718795E-16,0.));
#3601=DIRECTION('',(0.,0.,-1.));
#3602=DIRECTION('',(1.,0.,0.));
#3603=DIRECTION('',(3.20256641718795E-16,-1.,0.));
#3604=DIRECTION('',(1.,3.20256641718795E-16,0.));
#3605=DIRECTION('',(0.714472679632804,0.,0.699663340513365));
#3606=DIRECTION('',(3.20256641718795E-16,-1.,0.));
#3607=DIRECTION('',(1.,3.20256641718795E-16,0.));
#3608=DIRECTION('',(-0.714472679632804,0.,0.699663340513365));
#3609=DIRECTION('',(0.,0.,1.));
#3610=DIRECTION('',(1.,0.,0.));
#3611=DIRECTION('',(3.80593791690902E-17,4.796752144856E-17,1.));
#3612=DIRECTION('',(-0.622341073312203,-0.782746183937434,5.39158979759755E-17));
#3613=DIRECTION('',(0.,1.,0.));
#3614=DIRECTION('',(-3.80593791690441E-17,-4.79675214485966E-17,-1.));
#3615=DIRECTION('',(-0.620771964936034,-0.783991178234459,5.39158980326362E-17));
#3616=DIRECTION('',(-1.,0.,0.));
#3617=DIRECTION('',(0.,1.,0.));
#3618=DIRECTION('',(0.,0.,1.));
#3619=DIRECTION('',(0.,1.,0.));
#3620=DIRECTION('',(0.,0.,1.));
#3621=DIRECTION('',(-1.,0.,0.));
#3622=DIRECTION('',(0.,0.,-1.));
#3623=DIRECTION('',(-1.,0.,0.));
#3624=DIRECTION('',(0.742503864575459,-0.669841780638715,-1.12466864951151E-6));
#3625=DIRECTION('',(4.62594590659519E-16,-1.,0.));
#3626=DIRECTION('',(-0.74251229430093,0.669832436366838,1.68386977295164E-6));
#3627=DIRECTION('',(-1.,0.,0.));
#3628=DIRECTION('',(0.,0.,1.));
#3629=DIRECTION('',(0.,-1.,0.));
#3630=DIRECTION('',(0.,-1.,0.));
#3631=DIRECTION('',(3.20256641718795E-16,-1.,0.));
#3632=DIRECTION('',(1.,3.20256641718795E-16,0.));
#3633=DIRECTION('',(0.,-1.,0.));
#3634=DIRECTION('',(0.,0.,-1.));
#3635=DIRECTION('',(0.,-1.,0.));
#3636=DIRECTION('',(0.,1.,0.));
#3637=DIRECTION('',(0.,0.,1.));
#3638=DIRECTION('',(3.20256641718795E-16,-1.,0.));
#3639=DIRECTION('',(1.,3.20256641718795E-16,0.));
#3640=DIRECTION('',(-0.707106781186548,0.707106781186548,0.));
#3641=DIRECTION('',(-0.707106781186548,-0.707106781186548,0.));
#3642=DIRECTION('',(3.64007549057427E-16,-1.,0.));
#3643=DIRECTION('',(0.66913060635886,0.,-0.743144825477392));
#3644=DIRECTION('',(-0.743144825477392,0.,-0.66913060635886));
#3645=DIRECTION('',(0.,-1.,0.));
#3646=DIRECTION('',(0.,-1.,0.));
#3647=DIRECTION('',(0.,0.,-1.));
#3648=DIRECTION('',(-1.,0.,0.));
#3649=DIRECTION('',(-0.728739444818683,-0.684791078771736,0.));
#3650=DIRECTION('',(0.,-1.,0.));
#3651=DIRECTION('',(1.80216105401142E-16,0.,-1.));
#3652=DIRECTION('',(-1.,0.,-1.80216105401142E-16));
#3653=DIRECTION('',(0.,0.,1.));
#3654=DIRECTION('',(1.,0.,0.));
#3655=DIRECTION('',(0.,1.,0.));
#3656=DIRECTION('',(-0.707106781186549,0.,0.707106781186546));
#3657=DIRECTION('',(0.707106781186546,0.,0.707106781186549));
#3658=DIRECTION('',(-0.523941832399009,-0.671542934237813,-0.523941832399015));
#3659=DIRECTION('',(-1.35525271560688E-16,-1.,0.));
#3660=DIRECTION('',(0.,0.,-1.));
#3661=DIRECTION('',(-1.35525271560688E-16,-1.,0.));
#3662=DIRECTION('',(1.,-1.35525271560688E-16,0.));
#3663=DIRECTION('',(-0.714472679632804,0.,-0.699663340513365));
#3664=DIRECTION('',(0.714472679632804,0.,-0.699663340513365));
#3665=DIRECTION('',(3.20256641718795E-16,-1.,0.));
#3666=DIRECTION('',(-1.,-3.20256641718795E-16,1.22464679914735E-16));
#3667=DIRECTION('',(0.,-1.,0.));
#3668=DIRECTION('',(0.,-1.,0.));
#3669=DIRECTION('',(0.699663340513365,2.24071831766564E-16,0.714472679632804));
#3670=DIRECTION('',(0.714472679632804,0.,-0.699663340513365));
#3671=DIRECTION('',(3.82835525732813E-16,-1.,0.));
#3672=DIRECTION('',(0.699663340513365,2.24071831766564E-16,-0.714472679632804));
#3673=DIRECTION('',(-0.714472679632804,0.,-0.699663340513365));
#3674=DIRECTION('',(-1.35525271560688E-16,-1.,0.));
#3675=DIRECTION('',(0.,0.,-1.));
#3676=DIRECTION('',(-1.35525271560688E-16,-1.,0.));
#3677=DIRECTION('',(1.,-1.35525271560688E-16,0.));
#3678=DIRECTION('',(-0.714472679632804,0.,-0.699663340513365));
#3679=DIRECTION('',(0.714472679632804,0.,-0.699663340513365));
#3680=DIRECTION('',(3.20256641718795E-16,-1.,0.));
#3681=DIRECTION('',(-1.,-3.20256641718795E-16,1.22464679914735E-16));
#3682=DIRECTION('',(3.82835525732813E-16,-1.,0.));
#3683=DIRECTION('',(3.82835525732813E-16,-1.,0.));
#3684=DIRECTION('',(0.699663340513365,2.24071831766564E-16,0.714472679632804));
#3685=DIRECTION('',(0.714472679632804,0.,-0.699663340513365));
#3686=DIRECTION('',(3.82835525732813E-16,-1.,0.));
#3687=DIRECTION('',(0.699663340513365,2.24071831766564E-16,-0.714472679632804));
#3688=DIRECTION('',(-0.714472679632804,0.,-0.699663340513365));
#3689=DIRECTION('',(-1.35525271560688E-16,-1.,0.));
#3690=DIRECTION('',(0.,0.,-1.));
#3691=DIRECTION('',(-1.35525271560688E-16,-1.,0.));
#3692=DIRECTION('',(1.,-1.35525271560688E-16,0.));
#3693=DIRECTION('',(-0.714472679632806,0.,-0.699663340513363));
#3694=DIRECTION('',(0.714472679632803,0.,-0.699663340513366));
#3695=DIRECTION('',(3.20256641718795E-16,-1.,0.));
#3696=DIRECTION('',(-1.,-3.20256641718795E-16,1.45473230946492E-15));
#3697=DIRECTION('',(5.57011512936626E-16,-1.,0.));
#3698=DIRECTION('',(0.,0.965925826289068,-0.258819045102521));
#3699=DIRECTION('',(1.23737664510715E-15,-0.258819045102521,-0.965925826289068));
#3700=DIRECTION('',(4.6725326589285E-16,-1.,0.));
#3701=DIRECTION('',(0.699663340513366,2.24071831766564E-16,0.714472679632803));
#3702=DIRECTION('',(0.714472679632803,0.,-0.699663340513366));
#3703=DIRECTION('',(5.08199547497837E-16,-1.,0.));
#3704=DIRECTION('',(-0.702238603182089,0.184264063692231,0.687682847708516));
#3705=DIRECTION('',(0.699663340513364,2.24071831766564E-16,-0.714472679632805));
#3706=DIRECTION('',(-0.714472679632805,0.,-0.699663340513364));
#3707=DIRECTION('',(0.702238603182091,0.184264063692232,0.687682847708514));
#3708=DIRECTION('',(0.,0.965925826289068,-0.258819045102521));
#3709=DIRECTION('',(0.,0.258819045102521,0.965925826289068));
#3710=DIRECTION('',(0.,0.965925826289068,-0.258819045102521));
#3711=DIRECTION('',(0.987568675657368,-0.0406832838876426,-0.15183208248743));
#3712=DIRECTION('',(0.35182427488567,-0.242271725311371,-0.904170388099402));
#3713=DIRECTION('',(-1.,0.,0.));
#3714=DIRECTION('',(0.,0.965925826289068,0.258819045102521));
#3715=DIRECTION('',(0.,-0.258819045102521,0.965925826289068));
#3716=DIRECTION('',(0.,0.965925826289068,0.258819045102521));
#3717=DIRECTION('',(0.,0.258819045102521,-0.965925826289068));
#3718=DIRECTION('',(-0.702238603182091,0.18426406369223,-0.687682847708515));
#3719=DIRECTION('',(0.702238603182091,0.184264063692232,-0.687682847708514));
#3720=DIRECTION('',(0.,0.965925826289068,0.258819045102521));
#3721=DIRECTION('',(0.,0.258819045102521,-0.965925826289068));
#3722=DIRECTION('',(0.351824274885656,0.242271725311288,-0.90417038809943));
#3723=DIRECTION('',(0.,0.965925826289068,0.258819045102521));
#3724=DIRECTION('',(-0.987568675657368,-0.0406832838876426,0.15183208248743));
#3725=DIRECTION('',(-1.,0.,0.));
#3726=DIRECTION('',(0.351824274885663,0.242271725311371,-0.904170388099405));
#3727=DIRECTION('',(0.851814679082069,-0.523843251841915,0.));
#3728=DIRECTION('',(0.523843251841915,0.851814679082069,0.));
#3729=DIRECTION('',(0.567152647695012,0.823612696728589,0.));
#3730=DIRECTION('',(0.823612696728588,-0.567152647695012,0.));
#3731=DIRECTION('',(-0.851814679082069,-0.523843251841914,0.));
#3732=DIRECTION('',(0.523843251841914,-0.851814679082069,0.));
#3733=DIRECTION('',(0.567152647695021,-0.823612696728582,0.));
#3734=DIRECTION('',(-0.823612696728582,-0.567152647695021,0.));
#3735=DIRECTION('',(-0.851814679082069,-0.523843251841914,0.));
#3736=DIRECTION('',(-1.,5.33761069531325E-17,0.));
#3737=DIRECTION('',(5.33761069531325E-17,1.,-1.22464679914735E-16));
#3738=DIRECTION('',(1.,0.,0.));
#3739=DIRECTION('',(0.,0.,-1.));
#3740=DIRECTION('',(-1.,0.,0.));
#3741=DIRECTION('',(0.567152647695021,-0.823612696728582,0.));
#3742=DIRECTION('',(-0.823612696728582,-0.567152647695021,0.));
#3743=DIRECTION('',(0.,0.,1.));
#3744=DIRECTION('',(1.,0.,0.));
#3745=DIRECTION('',(0.,0.,1.));
#3746=DIRECTION('',(1.,0.,0.));
#3747=DIRECTION('',(0.,-1.,0.));
#3748=DIRECTION('',(0.,0.,-1.));
#3749=DIRECTION('',(-2.16840434497101E-16,1.,0.));
#3750=DIRECTION('',(1.,2.16840434497101E-16,-1.22464679914735E-16));
#3751=DIRECTION('',(-1.58603289232165E-16,1.,0.));
#3752=DIRECTION('',(0.,-1.,0.));
#3753=DIRECTION('',(0.,0.,-1.));
#3754=DIRECTION('',(0.,0.,1.));
#3755=DIRECTION('',(1.,0.,0.));
#3756=DIRECTION('',(-1.,0.,0.));
#3757=DIRECTION('',(0.,0.,1.));
#3758=DIRECTION('',(0.,0.,1.));
#3759=DIRECTION('',(1.,0.,0.));
#3760=DIRECTION('',(1.,1.60128320859398E-16,0.));
#3761=DIRECTION('',(1.60128320859398E-16,-1.,-1.01064309961486E-15));
#3762=DIRECTION('',(0.567152647695012,0.823612696728589,0.));
#3763=DIRECTION('',(0.823612696728588,-0.567152647695012,0.));
#3764=DIRECTION('',(1.,1.18252255457689E-16,0.));
#3765=DIRECTION('',(1.,0.,0.));
#3766=DIRECTION('',(0.,0.,-1.));
#3767=DIRECTION('',(-1.,0.,0.));
#3768=DIRECTION('',(0.,0.,1.));
#3769=DIRECTION('',(-1.,0.,0.));
#3770=DIRECTION('',(0.,1.,0.));
#3771=DIRECTION('',(0.,0.,1.));
#3772=DIRECTION('',(-0.62197874166116,0.707106781186548,-0.33636653359334));
#3773=DIRECTION('',(0.707115144437537,1.16066730654896E-5,-0.707098417741383));
#3774=DIRECTION('',(-0.484937806826362,-0.727769149205643,-0.484961224197289));
#3775=DIRECTION('',(-0.707106780995275,2.86922319236993E-10,0.70710678137782));
#3776=DIRECTION('',(-0.48513348952502,-0.727523879486878,-0.485133488967356));
#3777=DIRECTION('',(0.707106781186546,2.2645564307939E-16,-0.707106781186549));
#3778=DIRECTION('',(-0.707106781186549,0.,-0.707106781186546));
#3779=DIRECTION('',(0.,1.,0.));
#3780=DIRECTION('',(0.,0.,1.));
#3781=DIRECTION('',(0.707106781186551,0.,0.707106781186544));
#3782=DIRECTION('',(0.707106781186544,0.,-0.707106781186551));
#3783=DIRECTION('',(-0.651329340593435,-0.389281620635025,0.651329340593443));
#3784=DIRECTION('',(0.664463024388678,-0.707106781186545,0.241844762647974));
#3785=DIRECTION('',(0.342020143325666,0.,-0.939692620785909));
#3786=DIRECTION('',(-0.523941832399011,-0.671542934237821,-0.523941832399003));
#3787=DIRECTION('',(0.707106781186541,0.,-0.707106781186554));
#3788=DIRECTION('',(-0.707106781186554,0.,-0.707106781186541));
#3789=DIRECTION('',(0.523941832399014,0.671542934237815,0.523941832399007));
#3790=DIRECTION('',(-0.664463024388672,0.707106781186551,-0.241844762647972));
#3791=DIRECTION('',(-0.342020143325666,0.,0.939692620785909));
#3792=DIRECTION('',(-0.707106781186548,-0.707106781186547,0.));
#3793=DIRECTION('',(0.,0.,1.));
#3794=DIRECTION('',(-0.707106781186548,0.707106781186548,0.));
#3795=DIRECTION('',(0.,0.,1.));
#3796=DIRECTION('',(-0.151286558564434,-4.84505251830393E-17,-0.988489947949766));
#3797=DIRECTION('',(-0.988489947949766,0.,0.151286558564434));
#3798=DIRECTION('',(-1.8589045983928E-15,0.,-1.));
#3799=DIRECTION('',(-1.,0.,1.8589045983928E-15));
#3800=DIRECTION('',(0.,1.,0.));
#3801=DIRECTION('',(-0.567152175788167,0.823613020482309,4.46178984298047E-5));
#3802=DIRECTION('',(0.0118804087124472,0.00823519385717946,-0.999895513276742));
#3803=DIRECTION('',(-0.567152163913062,-0.823613028788404,4.21749148509702E-5));
#3804=DIRECTION('',(0.000271978816720174,-0.000238495846553056,-0.999999934573625));
#3805=DIRECTION('',(0.,1.,0.));
#3806=DIRECTION('',(0.,1.,0.));
#3807=DIRECTION('',(0.,-1.,0.));
#3808=DIRECTION('',(0.999402785398905,0.,0.0345553546778245));
#3809=DIRECTION('',(0.,0.,-1.));
#3810=DIRECTION('',(-1.,0.,0.));
#3811=DIRECTION('',(1.,0.,0.));
#3812=DIRECTION('',(0.,0.,-1.));
#3813=DIRECTION('',(0.,-1.,0.));
#3814=DIRECTION('',(0.,1.,0.));
#3815=DIRECTION('',(0.,0.,1.));
#3816=DIRECTION('',(-0.743144825477387,0.,-0.669130606358866));
#3817=DIRECTION('',(1.,0.,0.));
#3818=DIRECTION('',(0.,-1.,0.));
#3819=DIRECTION('',(0.,0.,-1.));
#3820=DIRECTION('',(0.743144825477387,0.,0.669130606358866));
#3821=DIRECTION('',(1.,0.,0.));
#3822=DIRECTION('',(-1.,0.,0.));
#3823=DIRECTION('',(0.,0.,1.));
#3824=DIRECTION('',(0.,0.309016994374944,0.951056516295155));
#3825=DIRECTION('',(0.,-1.,0.));
#3826=DIRECTION('',(0.,0.309016994374944,-0.951056516295155));
#3827=DIRECTION('',(0.,-0.951056516295155,-0.309016994374943));
#3828=DIRECTION('',(0.,0.309016994374943,-0.951056516295155));
#3829=DIRECTION('',(0.,0.309016994374943,-0.951056516295155));
#3830=DIRECTION('',(1.,0.,0.));
#3831=DIRECTION('',(0.726180180296793,-0.212450553583648,0.653855571228172));
#3832=DIRECTION('',(0.,0.,1.));
#3833=DIRECTION('',(1.,0.,0.));
#3834=DIRECTION('',(0.,0.,1.));
#3835=DIRECTION('',(0.,-1.,0.));
#3836=DIRECTION('',(1.,0.,0.));
#3837=DIRECTION('',(0.,1.,0.));
#3838=DIRECTION('',(0.,0.,1.));
#3839=DIRECTION('',(0.,-1.,0.));
#3840=DIRECTION('',(0.,0.951056516295155,-0.309016994374943));
#3841=DIRECTION('',(0.,0.309016994374943,0.951056516295155));
#3842=DIRECTION('',(0.,0.309016994374944,0.951056516295155));
#3843=DIRECTION('',(-0.726180180296793,-0.212450553583648,-0.653855571228172));
#3844=DIRECTION('',(0.669130606358862,0.,-0.743144825477391));
#3845=DIRECTION('',(-0.743144825477391,0.,-0.669130606358862));
#3846=DIRECTION('',(0.669130606358862,0.,-0.743144825477391));
#3847=DIRECTION('',(0.743144825477391,0.,0.669130606358862));
#3848=DIRECTION('',(0.567152647695012,0.823612696728589,0.));
#3849=DIRECTION('',(0.,0.,-1.));
#3850=DIRECTION('',(0.,0.,-1.));
#3851=DIRECTION('',(0.823612696728589,-0.567152647695012,0.));
#3852=DIRECTION('',(0.,0.,-1.));
#3853=DIRECTION('',(0.35182427488567,-0.24227172531137,-0.904170388099403));
#3854=DIRECTION('',(-0.351824274885663,-0.242271725311371,0.904170388099405));
#3855=DIRECTION('',(0.931934163496534,0.,0.362627515376336));
#3856=DIRECTION('',(-0.180284296630712,-0.124146600189723,0.975748530129409));
#3857=DIRECTION('',(0.803638878228833,0.553398362347419,0.218894508725773));
#3858=DIRECTION('',(0.351824274885663,0.242271725311371,-0.904170388099405));
#3859=DIRECTION('',(0.,0.,-1.));
#3860=DIRECTION('',(-1.,0.,0.));
#3861=DIRECTION('',(0.180284296630716,-0.124146600189723,-0.975748530129409));
#3862=DIRECTION('',(-0.803638878228839,0.55339836234741,-0.218894508725776));
#3863=DIRECTION('',(0.35182427488567,-0.24227172531137,-0.904170388099403));
#3864=DIRECTION('',(-0.931934163496531,0.,-0.362627515376344));
#3865=DIRECTION('',(1.35525271560688E-16,1.,0.));
#3866=DIRECTION('',(0.,0.,1.));
#3867=DIRECTION('',(1.35525271560688E-16,1.,0.));
#3868=DIRECTION('',(-1.,1.35525271560688E-16,0.));
#3869=DIRECTION('',(-0.714472679632806,0.,0.699663340513363));
#3870=DIRECTION('',(0.714472679632807,0.,0.699663340513362));
#3871=DIRECTION('',(0.,1.,0.));
#3872=DIRECTION('',(-1.,0.,-1.96005385927235E-15));
#3873=DIRECTION('',(0.,1.,0.));
#3874=DIRECTION('',(0.,1.,0.));
#3875=DIRECTION('',(0.699663340513364,0.,-0.714472679632805));
#3876=DIRECTION('',(-0.714472679632805,0.,-0.699663340513364));
#3877=DIRECTION('',(0.,1.,0.));
#3878=DIRECTION('',(0.699663340513364,0.,0.714472679632805));
#3879=DIRECTION('',(0.714472679632805,0.,-0.699663340513364));
#3880=DIRECTION('',(1.35525271560688E-16,1.,0.));
#3881=DIRECTION('',(0.,0.,1.));
#3882=DIRECTION('',(1.35525271560688E-16,1.,0.));
#3883=DIRECTION('',(-1.,1.35525271560688E-16,0.));
#3884=DIRECTION('',(-0.714472679632807,0.,0.699663340513362));
#3885=DIRECTION('',(0.714472679632806,0.,0.699663340513363));
#3886=DIRECTION('',(0.,1.,0.));
#3887=DIRECTION('',(-1.,0.,7.04481399828022E-16));
#3888=DIRECTION('',(0.,1.,0.));
#3889=DIRECTION('',(0.,1.,0.));
#3890=DIRECTION('',(0.699663340513363,0.,-0.714472679632806));
#3891=DIRECTION('',(-0.714472679632806,0.,-0.699663340513363));
#3892=DIRECTION('',(0.699663340513363,0.,-0.714472679632806));
#3893=DIRECTION('',(0.714472679632806,0.,0.699663340513363));
#3894=DIRECTION('',(0.,1.,0.));
#3895=DIRECTION('',(0.699663340513363,0.,0.714472679632806));
#3896=DIRECTION('',(0.714472679632806,0.,-0.699663340513363));
#3897=DIRECTION('',(0.699663340513363,0.,0.714472679632806));
#3898=DIRECTION('',(-0.714472679632806,0.,0.699663340513363));
#3899=DIRECTION('',(1.35525271560688E-16,1.,0.));
#3900=DIRECTION('',(0.,0.,1.));
#3901=DIRECTION('',(1.35525271560688E-16,1.,0.));
#3902=DIRECTION('',(-1.,1.35525271560688E-16,0.));
#3903=DIRECTION('',(-0.714472679632804,9.68291039299282E-17,0.699663340513365));
#3904=DIRECTION('',(0.714472679632804,-9.68291039299282E-17,0.699663340513365));
#3905=DIRECTION('',(3.20256641718795E-16,-1.,0.));
#3906=DIRECTION('',(-1.,-3.20256641718795E-16,1.22464679914735E-16));
#3907=DIRECTION('',(-3.20256641718795E-16,1.,0.));
#3908=DIRECTION('',(-3.20256641718795E-16,1.,0.));
#3909=DIRECTION('',(0.699663340513365,2.24071831766564E-16,-0.714472679632804));
#3910=DIRECTION('',(-0.714472679632804,0.,-0.699663340513365));
#3911=DIRECTION('',(-3.20256641718795E-16,1.,0.));
#3912=DIRECTION('',(0.699663340513365,2.24071831766564E-16,0.714472679632804));
#3913=DIRECTION('',(0.714472679632804,0.,-0.699663340513365));
#3914=DIRECTION('',(0.951056516295152,0.,-0.309016994374953));
#3915=DIRECTION('',(-0.309016994374953,0.,-0.951056516295152));
#3916=DIRECTION('',(0.951056516295152,0.,-0.309016994374953));
#3917=DIRECTION('',(-0.309016994374953,0.,-0.951056516295152));
#3918=DIRECTION('',(-0.951056516295152,0.,0.309016994374953));
#3919=DIRECTION('',(0.309016994374953,0.,0.951056516295152));
#3920=DIRECTION('',(0.,-0.309016994374943,-0.951056516295155));
#3921=DIRECTION('',(0.,0.951056516295155,-0.309016994374943));
#3922=DIRECTION('',(0.,-0.309016994374943,0.951056516295155));
#3923=DIRECTION('',(0.,-0.951056516295155,-0.309016994374943));
#3924=DIRECTION('',(1.,0.,0.));
#3925=DIRECTION('',(0.,0.,-1.));
#3926=DIRECTION('',(1.,0.,0.));
#3927=DIRECTION('',(0.,0.,-1.));
#3928=DIRECTION('',(1.,0.,0.));
#3929=DIRECTION('',(0.,0.,-1.));
#3930=DIRECTION('',(0.,0.,-1.));
#3931=DIRECTION('',(0.,0.,-1.));
#3932=DIRECTION('',(0.,0.,-1.));
#3933=DIRECTION('',(0.567152647695021,-0.823612696728582,0.));
#3934=DIRECTION('',(0.,0.,-1.));
#3935=DIRECTION('',(0.,0.,1.));
#3936=DIRECTION('',(-0.823612696728582,-0.567152647695021,2.53823989238037E-16));
#3937=DIRECTION('',(0.,0.,1.));
#3938=DIRECTION('',(1.,0.,0.));
#3939=DIRECTION('',(3.96508223080413E-16,1.43956947544865E-16,1.));
#3940=DIRECTION('',(1.,0.,-3.96508223080413E-16));
#3941=DIRECTION('',(0.567152647695021,-0.823612696728582,0.));
#3942=DIRECTION('',(0.,0.,-1.));
#3943=DIRECTION('',(-0.823612696728582,-0.567152647695021,2.53823989238037E-16));
#3944=DIRECTION('',(1.,-8.55284707229503E-48,-3.96508223080413E-16));
#3945=DIRECTION('',(-3.96508223080413E-16,0.,-1.));
#3946=DIRECTION('',(1.,-8.55284707229503E-48,-3.96508223080413E-16));
#3947=DIRECTION('',(-3.96508223080413E-16,0.,-1.));
#3948=DIRECTION('',(-5.70801134710947E-32,1.,-1.43956947544865E-16));
#3949=DIRECTION('',(3.96508223080413E-16,1.43956947544865E-16,1.));
#3950=DIRECTION('',(1.,0.,-3.96508223080413E-16));
#3951=DIRECTION('',(0.,1.,0.));
#3952=DIRECTION('',(0.707106781186547,0.,-0.707106781186548));
#3953=DIRECTION('',(0.,1.,0.));
#3954=DIRECTION('',(-1.,0.,3.96508223080413E-16));
#3955=DIRECTION('',(3.96508223080413E-16,0.,1.));
#3956=DIRECTION('',(-1.,0.,3.96508223080413E-16));
#3957=DIRECTION('',(3.96508223080413E-16,0.,1.));
#3958=DIRECTION('',(-1.,0.,3.96508223080413E-16));
#3959=DIRECTION('',(3.96508223080413E-16,0.,1.));
#3960=DIRECTION('',(-1.,0.,3.96508223080413E-16));
#3961=DIRECTION('',(3.96508223080413E-16,0.,1.));
#3962=DIRECTION('',(-1.,0.,3.96508223080413E-16));
#3963=DIRECTION('',(3.96508223080413E-16,0.,1.));
#3964=DIRECTION('',(-1.,0.,3.96508223080413E-16));
#3965=DIRECTION('',(3.96508223080413E-16,0.,1.));
#3966=DIRECTION('',(-1.,0.,3.96508223080413E-16));
#3967=DIRECTION('',(3.96508223080413E-16,0.,1.));
#3968=DIRECTION('',(-1.,0.,3.96508223080413E-16));
#3969=DIRECTION('',(3.96508223080413E-16,0.,1.));
#3970=DIRECTION('',(-1.,0.,3.96508223080413E-16));
#3971=DIRECTION('',(3.96508223080413E-16,0.,1.));
#3972=DIRECTION('',(-1.,0.,3.96508223080413E-16));
#3973=DIRECTION('',(3.96508223080413E-16,0.,1.));
#3974=DIRECTION('',(-1.,0.,3.96508223080413E-16));
#3975=DIRECTION('',(3.96508223080413E-16,0.,1.));
#3976=DIRECTION('',(-1.,0.,3.96508223080413E-16));
#3977=DIRECTION('',(3.96508223080413E-16,0.,1.));
#3978=DIRECTION('',(-1.,1.09476442525376E-47,3.96508223080413E-16));
#3979=DIRECTION('',(3.96508223080413E-16,0.,1.));
#3980=DIRECTION('',(-1.,0.,3.96508223080413E-16));
#3981=DIRECTION('',(3.96508223080413E-16,0.,1.));
#3982=DIRECTION('',(1.,-2.18952885050752E-47,-3.96508223080413E-16));
#3983=DIRECTION('',(-1.,0.,3.96508223080413E-16));
#3984=DIRECTION('',(3.96508223080413E-16,0.,1.));
#3985=DIRECTION('',(1.,-1.09476442525376E-47,-3.96508223080413E-16));
#3986=DIRECTION('',(1.,-1.09476442525376E-47,-3.96508223080413E-16));
#3987=DIRECTION('',(-3.96508223080413E-16,0.,-1.));
#3988=DIRECTION('',(-1.,0.,3.96508223080413E-16));
#3989=DIRECTION('',(3.96508223080413E-16,0.,1.));
#3990=DIRECTION('',(1.,-1.09476442525376E-47,-3.96508223080413E-16));
#3991=DIRECTION('',(-1.,0.,3.96508223080413E-16));
#3992=DIRECTION('',(3.96508223080413E-16,0.,1.));
#3993=DIRECTION('',(1.,-2.18952885050752E-47,-3.96508223080413E-16));
#3994=DIRECTION('',(-1.,1.09476442525376E-47,3.96508223080413E-16));
#3995=DIRECTION('',(3.96508223080413E-16,0.,1.));
#3996=DIRECTION('',(-1.,0.,3.96508223080413E-16));
#3997=DIRECTION('',(3.96508223080413E-16,0.,1.));
#3998=DIRECTION('',(1.,0.,-3.96508223080413E-16));
#3999=DIRECTION('',(-1.,0.,3.96508223080413E-16));
#4000=DIRECTION('',(3.96508223080413E-16,0.,1.));
#4001=DIRECTION('',(1.,-1.09476442525376E-47,-3.96508223080413E-16));
#4002=DIRECTION('',(1.,-1.09476442525376E-47,-3.96508223080413E-16));
#4003=DIRECTION('',(-3.96508223080413E-16,0.,-1.));
#4004=DIRECTION('',(-1.,0.,3.96508223080413E-16));
#4005=DIRECTION('',(3.96508223080413E-16,0.,1.));
#4006=DIRECTION('',(1.,-1.09476442525376E-47,-3.96508223080413E-16));
#4007=DIRECTION('',(-1.,0.,3.96508223080413E-16));
#4008=DIRECTION('',(3.96508223080413E-16,0.,1.));
#4009=DIRECTION('',(1.,0.,-3.96508223080413E-16));
#4010=DIRECTION('',(-1.,0.,3.96508223080413E-16));
#4011=DIRECTION('',(0.,-1.,0.));
#4012=DIRECTION('',(9.92139981939946E-32,1.,2.5021927016599E-16));
#4013=DIRECTION('',(3.96508223080413E-16,-1.82602471155453E-16,1.));
#4014=DIRECTION('',(1.10053139679271E-31,1.,2.77555756156289E-16));
#4015=DIRECTION('',(3.96508223080413E-16,-1.82602471155453E-16,1.));
#4016=DIRECTION('',(-1.,0.,3.96508223080413E-16));
#4017=DIRECTION('',(0.,-1.,0.));
#4018=DIRECTION('',(3.96508223080413E-16,-1.82602471155453E-16,1.));
#4019=DIRECTION('',(9.92139981939946E-32,1.,2.5021927016599E-16));
#4020=DIRECTION('',(3.96508223080413E-16,-1.82602471155453E-16,1.));
#4021=DIRECTION('',(1.10053139679271E-31,1.,2.77555756156289E-16));
#4022=DIRECTION('',(7.24033813679412E-32,1.,1.82602471155453E-16));
#4023=DIRECTION('',(0.,-1.82602471155453E-16,1.));
#4024=DIRECTION('',(-3.96508223080413E-16,2.77555756156289E-16,-1.));
#4025=DIRECTION('',(-1.,0.,3.96508223080413E-16));
#4026=DIRECTION('',(7.24033813679412E-32,1.,1.82602471155453E-16));
#4027=DIRECTION('',(0.,-1.82602471155453E-16,1.));
#4028=DIRECTION('',(-3.96508223080413E-16,2.5021927016599E-16,-1.));
#4029=DIRECTION('',(-1.,0.,3.96508223080413E-16));
#4030=CARTESIAN_POINT('',(0.,0.,0.));
#4031=CARTESIAN_POINT('',(-0.0487,0.021152251961411,0.00644852813742386));
#4032=CARTESIAN_POINT('',(-0.0173371677148454,0.021152251961411,0.00644852813742384));
#4033=CARTESIAN_POINT('',(-0.0173371677148454,0.021152251961411,0.005));
#4034=CARTESIAN_POINT('',(-0.0168397178350947,0.0214948037670312,0.00504108647775375));
#4035=CARTESIAN_POINT('',(-0.0292,0.021152251961411,0.005));
#4036=CARTESIAN_POINT('',(-0.0352,0.021152251961411,0.005));
#4037=CARTESIAN_POINT('',(-0.0337514718625762,0.021152251961411,0.00644852813742385));
#4038=CARTESIAN_POINT('',(-0.0337514718625762,0.0226007800988348,0.00644852813742385));
#4039=CARTESIAN_POINT('',(-0.0487,0.0226007800988348,0.00644852813742386));
#4040=CARTESIAN_POINT('',(-0.0152335829193901,0.0226007800988349,0.00644852813742384));
#4041=CARTESIAN_POINT('',(-0.0165280501649469,0.0214948037670312,0.00504108647775373));
#4042=CARTESIAN_POINT('',(-0.0162589701226641,0.0217795339202293,0.00511038585327128));
#4043=CARTESIAN_POINT('',(-0.0158432289618341,0.0221543011787365,0.00532903182428379));
#4044=CARTESIAN_POINT('',(-0.0153635032762108,0.0225131353357844,0.0058645230886293));
#4045=CARTESIAN_POINT('',(-0.0152335829193901,0.0226007800988349,0.00624784020250784));
#4046=CARTESIAN_POINT('',(-0.0152335829193901,0.0226007800988349,0.00644852813742384));
#4047=CARTESIAN_POINT('',(-0.0165280501649469,0.0214948037670312,0.00504108647775375));
#4048=CARTESIAN_POINT('',(-0.0168397178350947,0.0214948037670312,0.00504108647775375));
#4049=CARTESIAN_POINT('',(-0.0427,2.08166817117217E-17,-0.023));
#4050=CARTESIAN_POINT('',(-0.0487,-0.00260078009883475,-0.023));
#4051=CARTESIAN_POINT('',(-0.0502,-0.00260078009883475,-0.023));
#4052=CARTESIAN_POINT('',(-0.0472,-0.00260078009883475,-0.023));
#4053=CARTESIAN_POINT('',(-0.0502,2.08166817117217E-17,-0.023));
#4054=CARTESIAN_POINT('',(-0.0502,0.0226007800988348,-0.023));
#4055=CARTESIAN_POINT('',(-0.0487,0.0226007800988348,-0.023));
#4056=CARTESIAN_POINT('',(-0.0472,0.0226007800988348,-0.023));
#4057=CARTESIAN_POINT('',(-0.0472,2.08166817117217E-17,-0.023));
#4058=CARTESIAN_POINT('',(-0.0472,2.08166817117217E-17,-0.023));
#4059=CARTESIAN_POINT('',(-0.0472,0.0226007800988348,-0.023));
#4060=CARTESIAN_POINT('',(-0.0472,0.0226007800988348,-0.007));
#4061=CARTESIAN_POINT('',(-0.0472,2.08166817117217E-17,-0.007));
#4062=CARTESIAN_POINT('',(-0.0472,-0.00260078009883475,-0.007));
#4063=CARTESIAN_POINT('',(-0.0472,-0.00260078009883475,-0.023));
#4064=CARTESIAN_POINT('',(-0.0487,0.0226007800988348,-0.023));
#4065=CARTESIAN_POINT('',(-0.0152335829193902,0.0226007800988348,0.00644852813742384));
#4066=CARTESIAN_POINT('',(-0.0152335829193903,0.0226007800988348,0.0150502935465214));
#4067=CARTESIAN_POINT('',(-0.0472,0.0226007800988348,-0.007));
#4068=CARTESIAN_POINT('',(-0.0502,0.0226007800988348,-0.023));
#4069=CARTESIAN_POINT('',(-0.0502,0.0226007800988348,0.0041));
#4070=CARTESIAN_POINT('',(-0.0457399898376009,0.0226007800988348,0.00841134315698579));
#4071=CARTESIAN_POINT('',(-0.0487088063956418,0.0226007800988348,0.00554148715087964));
#4072=CARTESIAN_POINT('',(-0.0457125733866304,0.0226007800988348,0.00853772015989105));
#4073=CARTESIAN_POINT('',(-0.0392,0.0226007800988348,0.0150502935465214));
#4074=CARTESIAN_POINT('',(-0.0152336314439675,0.0226007800988348,0.0150502935465214));
#4075=CARTESIAN_POINT('',(-0.0487,-0.00260078009883475,-0.023));
#4076=CARTESIAN_POINT('',(-0.0487,-0.00260078009883475,-0.0085));
#4077=CARTESIAN_POINT('',(-0.0352,-0.00260078009883475,0.005));
#4078=CARTESIAN_POINT('',(-0.0352,-0.00260078009883475,0.004998));
#4079=CARTESIAN_POINT('',(-0.0352,-0.00260078009883475,0.0190502935465214));
#4080=CARTESIAN_POINT('',(-0.0457125733866304,-0.00260078009883475,0.00853772015989105));
#4081=CARTESIAN_POINT('',(-0.0487088063956417,-0.00260078009883475,0.0055414871508797));
#4082=CARTESIAN_POINT('',(-0.0457399898376009,-0.00260078009883475,0.00841134315698579));
#4083=CARTESIAN_POINT('',(-0.0502,-0.00260078009883475,0.0041));
#4084=CARTESIAN_POINT('',(-0.0502,-0.00260078009883475,-0.023));
#4085=CARTESIAN_POINT('',(-0.0292,0.0186007800988348,0.0150502935465214));
#4086=CARTESIAN_POINT('',(-0.0152335829193902,0.0226007800988348,0.0150502935465214));
#4087=CARTESIAN_POINT('',(-0.0152335829193902,0.0226007800988348,0.0151534492061745));
#4088=CARTESIAN_POINT('',(-0.0152394171815894,0.0225967959489739,0.0152561235960538));
#4089=CARTESIAN_POINT('',(-0.0152508813043944,0.0225889015738287,0.0153583310453634));
#4090=CARTESIAN_POINT('',(-0.0152508813043944,0.0225889015738287,0.0153583310453631));
#4091=CARTESIAN_POINT('',(-0.0392,0.0186007800988348,0.0150502935465214));
#4092=CARTESIAN_POINT('',(-0.0352,0.0186007800988348,0.0190502935465214));
#4093=CARTESIAN_POINT('',(-0.0352,0.0186007800988348,0.0190502935465214));
#4094=CARTESIAN_POINT('',(-0.0210423864595764,0.0186007800988348,0.0190502935465214));
#4095=CARTESIAN_POINT('',(-0.0210423864595764,0.0186007800988348,0.0150502935465214));
#4096=CARTESIAN_POINT('',(-0.0472,2.08166817117217E-17,0.007));
#4097=CARTESIAN_POINT('',(-0.0487088063956418,2.08166817117217E-17,0.00554148715087962));
#4098=CARTESIAN_POINT('',(-0.0502,0.0126007800988348,0.0041));
#4099=CARTESIAN_POINT('',(-0.0352,0.00860078009883479,0.0190502935465214));
#4100=CARTESIAN_POINT('',(-0.0352,0.00860078009883479,0.0190502935465214));
#4101=CARTESIAN_POINT('',(-0.0352,0.00460078009883446,0.0190502935465214));
#4102=CARTESIAN_POINT('',(-0.0352,0.00860078009883479,0.0190502935465214));
#4103=CARTESIAN_POINT('',(-0.0352,-0.0021157765041801,0.0190502935465214));
#4104=CARTESIAN_POINT('',(-0.0352,0.0226007800988348,0.0190502935465214));
#4105=CARTESIAN_POINT('',(-0.0352,0.00281577650418009,0.0190502935465214));
#4106=CARTESIAN_POINT('',(-0.0352,0.00860078009883479,0.0190502935465214));
#4107=CARTESIAN_POINT('',(-0.0292,2.08166817117217E-17,0.0210251467732607));
#4108=CARTESIAN_POINT('',(-0.0292,2.05323878693512E-17,0.0190502935465214));
#4109=CARTESIAN_POINT('',(-0.0292,0.00281577650418009,0.0190502935465214));
#4110=CARTESIAN_POINT('',(-0.0292,-0.0021157765041801,0.0190502935465214));
#4111=CARTESIAN_POINT('',(-0.0292,0.000349999999999996,0.0234));
#4112=CARTESIAN_POINT('',(-0.0292,0.0226007800988348,0.0190502935465214));
#4113=CARTESIAN_POINT('',(-0.0352,0.00281577650418011,0.0190502935465214));
#4114=CARTESIAN_POINT('',(-0.0352,-0.00211577650418011,0.0190502935465214));
#4115=CARTESIAN_POINT('',(-0.007,-0.0121243556529821,0.));
#4116=CARTESIAN_POINT('',(-0.007,-0.0121243556529821,0.));
#4117=CARTESIAN_POINT('',(-0.0092,-0.0121243556529821,0.));
#4118=CARTESIAN_POINT('',(-0.007,-0.0121243556529821,0.0007));
#4119=CARTESIAN_POINT('',(-0.0095,-0.0121243556529821,0.0007));
#4120=CARTESIAN_POINT('',(-0.00409875,0.,0.));
#4121=CARTESIAN_POINT('',(-0.007,-0.0121243556529821,0.));
#4122=CARTESIAN_POINT('',(-0.007,-0.0121243556529821,0.005));
#4123=CARTESIAN_POINT('',(-0.0045,-0.0121243556529821,0.005));
#4124=CARTESIAN_POINT('',(0.,2.31152083339063E-19,-0.014));
#4125=CARTESIAN_POINT('',(0.,2.31152083339063E-19,0.005));
#4126=CARTESIAN_POINT('',(0.003775,2.31152083339063E-19,0.005));
#4127=CARTESIAN_POINT('',(0.,2.31152083339063E-19,0.007));
#4128=CARTESIAN_POINT('',(0.003775,2.31152083339063E-19,0.007));
#4129=CARTESIAN_POINT('',(0.00338570680469274,2.31433659791946E-6,0.007));
#4130=CARTESIAN_POINT('',(0.,3.42901103761259E-19,0.007));
#4131=CARTESIAN_POINT('',(0.0056,3.42901103761259E-19,0.007));
#4132=CARTESIAN_POINT('',(0.,3.42901103761259E-19,0.007));
#4133=CARTESIAN_POINT('',(0.,3.42901103761259E-19,0.011));
#4134=CARTESIAN_POINT('',(0.0056,3.42901103761259E-19,0.011));
#4135=CARTESIAN_POINT('',(-0.0126,0.041,0.03365));
#4136=CARTESIAN_POINT('',(-0.0126,0.0182,0.03365));
#4137=CARTESIAN_POINT('',(-0.0119003366594866,0.0182,0.0329355273203672));
#4138=CARTESIAN_POINT('',(-0.0119003366594866,0.0182,0.0343644726796328));
#4139=CARTESIAN_POINT('',(-0.0119003366594866,0.0182,0.0343644726796328));
#4140=CARTESIAN_POINT('',(-0.0119003366594866,0.016,0.0343644726796328));
#4141=CARTESIAN_POINT('',(-0.0126,0.016,0.03365));
#4142=CARTESIAN_POINT('',(-0.0119003366594866,0.016,0.0329355273203672));
#4143=CARTESIAN_POINT('',(-0.0119003366594866,0.0182,0.0329355273203672));
#4144=CARTESIAN_POINT('',(-0.0119003366594866,0.041,0.0343644726796328));
#4145=CARTESIAN_POINT('',(-0.0111707411806566,0.0182,0.03365));
#4146=CARTESIAN_POINT('',(-0.0111707411806566,0.0182,0.03365));
#4147=CARTESIAN_POINT('',(-0.0111707411806566,0.0182,0.03365));
#4148=CARTESIAN_POINT('',(-0.0111707411806566,0.016,0.03365));
#4149=CARTESIAN_POINT('',(-0.0111707411806566,0.016,0.03365));
#4150=CARTESIAN_POINT('',(-0.0111707411806566,0.041,0.03365));
#4151=CARTESIAN_POINT('',(-0.0119003366594866,0.0182,0.0329355273203672));
#4152=CARTESIAN_POINT('',(-0.0119003366594866,0.016,0.0329355273203672));
#4153=CARTESIAN_POINT('',(0.0119,-0.041,0.01315));
#4154=CARTESIAN_POINT('',(0.0119,0.0182,0.01315));
#4155=CARTESIAN_POINT('',(0.0125996633405134,0.0182,0.0124355273203672));
#4156=CARTESIAN_POINT('',(0.0125996633405134,0.0182,0.0138644726796328));
#4157=CARTESIAN_POINT('',(0.0125996633405134,-0.041,0.0138644726796328));
#4158=CARTESIAN_POINT('',(0.0125996633405134,0.016,0.0138644726796328));
#4159=CARTESIAN_POINT('',(0.0119,0.016,0.01315));
#4160=CARTESIAN_POINT('',(0.0125996633405134,0.016,0.0124355273203672));
#4161=CARTESIAN_POINT('',(0.0125996633405134,-0.041,0.0124355273203672));
#4162=CARTESIAN_POINT('',(0.0125996633405134,-0.041,0.0138644726796328));
#4163=CARTESIAN_POINT('',(-0.0238658056399148,0.0182,0.0495740982084147));
#4164=CARTESIAN_POINT('',(0.0133292588193434,0.0182,0.01315));
#4165=CARTESIAN_POINT('',(0.0133292588193434,-0.041,0.01315));
#4166=CARTESIAN_POINT('',(0.0133292588193434,0.016,0.01315));
#4167=CARTESIAN_POINT('',(0.0125996633405134,0.016,0.0138644726796328));
#4168=CARTESIAN_POINT('',(0.0133292588193434,-0.041,0.01315));
#4169=CARTESIAN_POINT('',(0.000978744344434998,0.0182,0.00105548265748377));
#4170=CARTESIAN_POINT('',(0.0133292588193434,0.016,0.01315));
#4171=CARTESIAN_POINT('',(-0.0126,0.041,0.01315));
#4172=CARTESIAN_POINT('',(-0.0126,0.0182,0.01315));
#4173=CARTESIAN_POINT('',(-0.0119003366594866,0.0182,0.0124355273203672));
#4174=CARTESIAN_POINT('',(-0.0119003366594866,0.0182,0.0138644726796328));
#4175=CARTESIAN_POINT('',(-0.0119003366594866,0.0182,0.0138644726796328));
#4176=CARTESIAN_POINT('',(-0.0119003366594866,0.016,0.0138644726796328));
#4177=CARTESIAN_POINT('',(-0.0126,0.016,0.01315));
#4178=CARTESIAN_POINT('',(-0.0119003366594866,0.016,0.0124355273203672));
#4179=CARTESIAN_POINT('',(-0.0119003366594866,0.0182,0.0124355273203672));
#4180=CARTESIAN_POINT('',(-0.0119003366594866,0.041,0.0138644726796328));
#4181=CARTESIAN_POINT('',(-0.0111707411806566,0.0182,0.01315));
#4182=CARTESIAN_POINT('',(-0.0111707411806566,0.0182,0.01315));
#4183=CARTESIAN_POINT('',(-0.0111707411806566,0.0182,0.01315));
#4184=CARTESIAN_POINT('',(-0.0111707411806566,0.016,0.01315));
#4185=CARTESIAN_POINT('',(-0.0111707411806566,0.016,0.01315));
#4186=CARTESIAN_POINT('',(-0.0111707411806566,0.041,0.01315));
#4187=CARTESIAN_POINT('',(-0.0119003366594866,0.0182,0.0124355273203672));
#4188=CARTESIAN_POINT('',(-0.0119003366594866,0.016,0.0124355273203672));
#4189=CARTESIAN_POINT('',(-0.0352,0.0226007800988348,0.005));
#4190=CARTESIAN_POINT('',(-0.0352,0.0226007800988348,0.0370502935465214));
#4191=CARTESIAN_POINT('',(-0.0352,-0.0046007800988348,0.0370502935465214));
#4192=CARTESIAN_POINT('',(-0.0352,0.00460078009883446,0.0370502935465214));
#4193=CARTESIAN_POINT('',(-0.0352,0.00460078009883479,0.0370502935465214));
#4194=CARTESIAN_POINT('',(-0.0352,0.00460078009883539,0.0260326542787357));
#4195=CARTESIAN_POINT('',(-0.0352,0.000349999999999996,0.0234));
#4196=CARTESIAN_POINT('',(-0.0352,-0.00460078009883475,0.0240998402767645));
#4197=CARTESIAN_POINT('',(-0.0352,-0.00460078009883475,0.0370502935465214));
#4198=CARTESIAN_POINT('',(-0.0218372240639064,0.00473281318469168,0.03795));
#4199=CARTESIAN_POINT('',(-0.0218372240639064,0.0135329393076038,0.03795));
#4200=CARTESIAN_POINT('',(-0.023679198831238,0.00473281318469169,0.0379499999999997));
#4201=CARTESIAN_POINT('',(-0.023679198831238,0.0135329393076038,0.0379499999999997));
#4202=CARTESIAN_POINT('',(-0.0255202790066202,0.00473281318469169,0.0377472456064807));
#4203=CARTESIAN_POINT('',(-0.0255202790066202,0.0135329393076038,0.0377472456064807));
#4204=CARTESIAN_POINT('',(-0.0272057039318968,0.00473281318469168,0.0373589426316359));
#4205=CARTESIAN_POINT('',(-0.0272057039318968,0.0135329393076038,0.0373589426316359));
#4206=CARTESIAN_POINT('',(-0.0272057039302456,0.00473281318469168,0.0373589426320162));
#4207=CARTESIAN_POINT('',(-0.0272057039302454,0.00473281318469168,0.0373589426320163));
#4208=CARTESIAN_POINT('',(-0.0272057039302455,0.0126340238183152,0.0373589426320163));
#4209=CARTESIAN_POINT('',(-0.0218372240639029,0.00473281318469168,0.03795));
#4210=CARTESIAN_POINT('',(-0.0236791988306341,0.00473281318469168,0.03795));
#4211=CARTESIAN_POINT('',(-0.0255202790054165,0.00473281318469168,0.0377472456066134));
#4212=CARTESIAN_POINT('',(-0.0272057039302454,0.00473281318469168,0.0373589426320163));
#4213=CARTESIAN_POINT('',(-0.0218372240639029,0.00473281318469168,0.03795));
#4214=CARTESIAN_POINT('',(-0.0218372240639029,0.00473281318469168,0.03795));
#4215=CARTESIAN_POINT('',(-0.0218372240639046,0.0134804534659164,0.03795));
#4216=CARTESIAN_POINT('',(-0.0218372240639064,0.0134804534659164,0.03795));
#4217=CARTESIAN_POINT('',(-0.0226322758819933,0.0129915178558648,0.0379499999999998));
#4218=CARTESIAN_POINT('',(-0.0244829414562799,0.0127195884340611,0.0378644499987586));
#4219=CARTESIAN_POINT('',(-0.0263045890217976,0.0126585868558879,0.0375665493870337));
#4220=CARTESIAN_POINT('',(-0.0272057039310698,0.0126340238182925,0.0373589426318265));
#4221=CARTESIAN_POINT('',(0.014353281747604,-0.024000025,0.03795));
#4222=CARTESIAN_POINT('',(-0.00573616232194079,-0.00368135096045342,0.03795));
#4223=CARTESIAN_POINT('',(-0.00573616232194079,-0.00368135096045342,0.03795));
#4224=CARTESIAN_POINT('',(-0.00573616232194079,-0.016,0.03795));
#4225=CARTESIAN_POINT('',(-0.00673616232194079,-0.00368135096045342,0.03795));
#4226=CARTESIAN_POINT('',(-0.00673616232194079,-0.00473281318469168,0.03795));
#4227=CARTESIAN_POINT('',(-0.00673616232194079,-0.00473281318469168,0.03795));
#4228=CARTESIAN_POINT('',(-0.0218372240639029,-0.00473281318469168,0.03795));
#4229=CARTESIAN_POINT('',(-0.0218372240639029,-0.0134804534659164,0.03795));
#4230=CARTESIAN_POINT('',(-0.0218372240639036,-0.0134804534659164,0.03795));
#4231=CARTESIAN_POINT('',(-0.0218372240639029,-0.0134804534659164,0.03795));
#4232=CARTESIAN_POINT('',(-0.0121876838759859,-0.0194131983817773,0.03795));
#4233=CARTESIAN_POINT('',(-0.0121870294101698,-0.0194121364936211,0.03795));
#4234=CARTESIAN_POINT('',(-0.0119328555744371,-0.0195687896080296,0.03795));
#4235=CARTESIAN_POINT('',(-0.0115712849105473,-0.0196471161645109,0.03795));
#4236=CARTESIAN_POINT('',(-0.0111023174185004,-0.0196471161630649,0.03795));
#4237=CARTESIAN_POINT('',(-0.0111023174185004,-0.0196471161630648,0.03795));
#4238=CARTESIAN_POINT('',(-0.0111023174185004,-0.0196471161630648,0.03795));
#4239=CARTESIAN_POINT('',(0.00128703662690901,-0.0196471161630648,0.03795));
#4240=CARTESIAN_POINT('',(0.00128703662690901,-0.017,0.03795));
#4241=CARTESIAN_POINT('',(0.00128703653715491,-0.0170000000715665,0.0379500000280504));
#4242=CARTESIAN_POINT('',(2.80595123188238,3.03201527441789,0.0379500017609228));
#4243=CARTESIAN_POINT('',(0.000200302094458332,-0.016,0.03795));
#4244=CARTESIAN_POINT('',(-0.00573616232194079,-0.016,0.03795));
#4245=CARTESIAN_POINT('',(-0.035,0.024,0.011));
#4246=CARTESIAN_POINT('',(-0.0107136601228342,0.024,0.008));
#4247=CARTESIAN_POINT('',(-0.0107136601228342,0.024,0.008));
#4248=CARTESIAN_POINT('',(-0.0107136601228342,0.024,0.012197973198152));
#4249=CARTESIAN_POINT('',(-0.00974148236131317,0.024,0.01315));
#4250=CARTESIAN_POINT('',(-0.00974148236131317,0.024,0.01315));
#4251=CARTESIAN_POINT('',(-0.0107136601228342,0.024,0.014102026801848));
#4252=CARTESIAN_POINT('',(-0.0107136601228342,0.024,0.014102026801848));
#4253=CARTESIAN_POINT('',(-0.0107136601228342,0.024,0.014102026801848));
#4254=CARTESIAN_POINT('',(-0.0107136601228342,0.024,0.0282749702411191));
#4255=CARTESIAN_POINT('',(0.000903849908383624,0.024,-0.00259929355751672));
#4256=CARTESIAN_POINT('',(-0.010317803067942,0.024,0.0283103328837334));
#4257=CARTESIAN_POINT('',(-0.00222761042338504,0.024,0.0283103328837334));
#4258=CARTESIAN_POINT('',(-0.00222761042338504,0.024,0.0283103328837334));
#4259=CARTESIAN_POINT('',(-0.00222761042338504,0.024,0.0283103328837334));
#4260=CARTESIAN_POINT('',(0.00327210097614764,0.024,0.0132));
#4261=CARTESIAN_POINT('',(0.00327210097614764,0.024,0.0132));
#4262=CARTESIAN_POINT('',(0.00747210097614764,0.024,0.0132));
#4263=CARTESIAN_POINT('',(0.00747210097614765,0.024,0.0132));
#4264=CARTESIAN_POINT('',(0.0107484078948937,0.024,0.01615));
#4265=CARTESIAN_POINT('',(0.0107484078948937,0.024,0.01615));
#4266=CARTESIAN_POINT('',(0.0125809859561751,0.024,0.01615));
#4267=CARTESIAN_POINT('',(0.0202,0.024,0.023375));
#4268=CARTESIAN_POINT('',(0.016,0.024,0.0137515910405927));
#4269=CARTESIAN_POINT('',(0.016,0.024,0.011));
#4270=CARTESIAN_POINT('',(0.016,0.024,0.008));
#4271=CARTESIAN_POINT('',(0.016,0.024,0.008));
#4272=CARTESIAN_POINT('',(0.0147585176386868,0.024,0.01315));
#4273=CARTESIAN_POINT('',(0.0132993266810267,0.024,0.0145789453592656));
#4274=CARTESIAN_POINT('',(0.0147585176386868,0.024,0.01315));
#4275=CARTESIAN_POINT('',(0.0119,0.024,0.01315));
#4276=CARTESIAN_POINT('',(0.0132993266810267,0.024,0.0117210546407344));
#4277=CARTESIAN_POINT('',(0.0132993266810267,0.024,0.0117210546407344));
#4278=CARTESIAN_POINT('',(-0.0057543608336541,0.041,0.038));
#4279=CARTESIAN_POINT('',(-0.0046624501308555,0.0191016805573331,0.035));
#4280=CARTESIAN_POINT('',(-0.00573616232194079,0.0196471161630648,0.03795));
#4281=CARTESIAN_POINT('',(-0.00494505741629105,0.0219994580362003,0.0357764571353076));
#4282=CARTESIAN_POINT('',(-0.00573616232194079,0.0196471161630648,0.03795));
#4283=CARTESIAN_POINT('',(-0.00573616232194079,0.00368135096045342,0.03795));
#4284=CARTESIAN_POINT('',(-0.00573616232194079,0.00368135096045342,0.03795));
#4285=CARTESIAN_POINT('',(-0.00528706328571898,-0.016,0.0367161105388817));
#4286=CARTESIAN_POINT('',(-0.00528706328571898,-0.016,0.0367161105388817));
#4287=CARTESIAN_POINT('',(-0.00528706328571898,-0.016,0.0367161105388817));
#4288=CARTESIAN_POINT('',(-0.00528706328571898,0.017,0.0367161105388817));
#4289=CARTESIAN_POINT('',(-0.00528706328571898,0.017,0.0367161105388817));
#4290=CARTESIAN_POINT('',(-0.00405576773953911,0.017,0.0333331538290775));
#4291=CARTESIAN_POINT('',(-0.00405576773953911,0.017,0.0333331538290775));
#4292=CARTESIAN_POINT('',(-0.00405576773953911,0.0189,0.0333331538290775));
#4293=CARTESIAN_POINT('',(-0.00405576773953911,0.0189,0.0333331538290775));
#4294=CARTESIAN_POINT('',(0.00327210097614764,0.0189,0.0132));
#4295=CARTESIAN_POINT('',(0.00327210097614764,0.024,0.0132));
#4296=CARTESIAN_POINT('',(-0.00494505741629105,0.0219994580362003,0.0357764571353076));
#4297=CARTESIAN_POINT('',(-0.0088,-0.041,0.03365));
#4298=CARTESIAN_POINT('',(-0.0088,-0.0182,0.03365));
#4299=CARTESIAN_POINT('',(-0.00810033665948663,-0.0182,0.0343644726796328));
#4300=CARTESIAN_POINT('',(-0.00810033665948663,-0.0182,0.0329355273203672));
#4301=CARTESIAN_POINT('',(-0.00810033665948663,-0.0182,0.0329355273203672));
#4302=CARTESIAN_POINT('',(-0.00810033665948663,-0.016,0.0329355273203672));
#4303=CARTESIAN_POINT('',(-0.0088,-0.016,0.03365));
#4304=CARTESIAN_POINT('',(-0.00810033665948663,-0.016,0.0343644726796328));
#4305=CARTESIAN_POINT('',(-0.00810033665948663,-0.0182,0.0343644726796328));
#4306=CARTESIAN_POINT('',(-0.00737074118065657,-0.041,0.03365));
#4307=CARTESIAN_POINT('',(-0.00737074118065657,-0.0182,0.03365));
#4308=CARTESIAN_POINT('',(-0.00737074118065658,-0.0182,0.03365));
#4309=CARTESIAN_POINT('',(-0.00737074118065658,-0.0182,0.03365));
#4310=CARTESIAN_POINT('',(-0.00737074118065658,-0.016,0.03365));
#4311=CARTESIAN_POINT('',(-0.00737074118065658,-0.016,0.03365));
#4312=CARTESIAN_POINT('',(-0.00810033665948662,-0.041,0.0343644726796328));
#4313=CARTESIAN_POINT('',(-0.00810033665948663,-0.0182,0.0343644726796328));
#4314=CARTESIAN_POINT('',(-0.00810033665948663,-0.016,0.0343644726796328));
#4315=CARTESIAN_POINT('',(-0.0088,-0.041,0.01315));
#4316=CARTESIAN_POINT('',(-0.0088,-0.0182,0.01315));
#4317=CARTESIAN_POINT('',(-0.00810033665948663,-0.0182,0.0138644726796328));
#4318=CARTESIAN_POINT('',(-0.00810033665948663,-0.0182,0.0124355273203672));
#4319=CARTESIAN_POINT('',(-0.00810033665948663,-0.0182,0.0124355273203672));
#4320=CARTESIAN_POINT('',(-0.00810033665948663,-0.016,0.0124355273203672));
#4321=CARTESIAN_POINT('',(-0.0088,-0.016,0.01315));
#4322=CARTESIAN_POINT('',(-0.00810033665948663,-0.016,0.0138644726796328));
#4323=CARTESIAN_POINT('',(-0.00810033665948663,-0.0182,0.0138644726796328));
#4324=CARTESIAN_POINT('',(-0.00737074118065658,-0.041,0.01315));
#4325=CARTESIAN_POINT('',(-0.00737074118065658,-0.0182,0.01315));
#4326=CARTESIAN_POINT('',(-0.00737074118065658,-0.0182,0.01315));
#4327=CARTESIAN_POINT('',(-0.00737074118065658,-0.0182,0.01315));
#4328=CARTESIAN_POINT('',(-0.00737074118065658,-0.016,0.01315));
#4329=CARTESIAN_POINT('',(-0.00737074118065658,-0.016,0.01315));
#4330=CARTESIAN_POINT('',(-0.00810033665948663,-0.041,0.0138644726796328));
#4331=CARTESIAN_POINT('',(-0.00810033665948663,-0.0182,0.0138644726796328));
#4332=CARTESIAN_POINT('',(-0.00810033665948663,-0.016,0.0138644726796328));
#4333=CARTESIAN_POINT('',(0.0119,-0.041,0.01315));
#4334=CARTESIAN_POINT('',(0.0119,-0.0182,0.01315));
#4335=CARTESIAN_POINT('',(0.0125996633405134,-0.0182,0.0138644726796328));
#4336=CARTESIAN_POINT('',(0.0125996633405134,-0.0182,0.0124355273203672));
#4337=CARTESIAN_POINT('',(0.0125996633405134,-0.0182,0.0124355273203672));
#4338=CARTESIAN_POINT('',(0.0125996633405134,-0.016,0.0124355273203672));
#4339=CARTESIAN_POINT('',(0.0119,-0.016,0.01315));
#4340=CARTESIAN_POINT('',(0.0125996633405134,-0.016,0.0138644726796328));
#4341=CARTESIAN_POINT('',(0.0125996633405134,-0.0182,0.0138644726796328));
#4342=CARTESIAN_POINT('',(0.0133292588193434,-0.041,0.01315));
#4343=CARTESIAN_POINT('',(0.0133292588193434,-0.0182,0.01315));
#4344=CARTESIAN_POINT('',(0.0133292588193434,-0.0182,0.01315));
#4345=CARTESIAN_POINT('',(0.0133292588193434,-0.0182,0.01315));
#4346=CARTESIAN_POINT('',(0.0133292588193434,-0.016,0.01315));
#4347=CARTESIAN_POINT('',(0.0133292588193434,-0.016,0.01315));
#4348=CARTESIAN_POINT('',(0.0125996633405134,-0.041,0.0138644726796328));
#4349=CARTESIAN_POINT('',(0.0125996633405134,-0.0182,0.0138644726796328));
#4350=CARTESIAN_POINT('',(0.0125996633405134,-0.016,0.0138644726796328));
#4351=CARTESIAN_POINT('',(-0.015,0.016,0.0460656654467775));
#4352=CARTESIAN_POINT('',(-0.015,-0.016,0.03575));
#4353=CARTESIAN_POINT('',(-0.015,-0.016,0.03575));
#4354=CARTESIAN_POINT('',(-0.015,0.016,0.03575));
#4355=CARTESIAN_POINT('',(-0.015,-0.016,0.03575));
#4356=CARTESIAN_POINT('',(-0.015,-0.016,0.0304));
#4357=CARTESIAN_POINT('',(-0.015,-0.016,0.0304));
#4358=CARTESIAN_POINT('',(-0.015,-0.0172,0.0304));
#4359=CARTESIAN_POINT('',(-0.015,-0.0172,0.0304));
#4360=CARTESIAN_POINT('',(-0.015,-0.0172,0.0164));
#4361=CARTESIAN_POINT('',(-0.015,-0.0172,0.0164));
#4362=CARTESIAN_POINT('',(-0.015,-0.016,0.0164));
#4363=CARTESIAN_POINT('',(-0.015,-0.016,0.0164));
#4364=CARTESIAN_POINT('',(-0.015,-0.016,0.011));
#4365=CARTESIAN_POINT('',(-0.015,0.016,0.011));
#4366=CARTESIAN_POINT('',(-0.015,0.016,0.011));
#4367=CARTESIAN_POINT('',(-0.015,0.016,0.03575));
#4368=CARTESIAN_POINT('',(-0.015,0.000349999999999996,0.0234));
#4369=CARTESIAN_POINT('',(-0.015,0.000349999999999996,0.0184));
#4370=CARTESIAN_POINT('',(0.016,-0.016,0.038));
#4371=CARTESIAN_POINT('',(0.000200302094458329,-0.016,0.03795));
#4372=CARTESIAN_POINT('',(0.000451414579627338,-0.016,0.0373583761066134));
#4373=CARTESIAN_POINT('',(0.000704737014097496,-0.016,0.0367676707863853));
#4374=CARTESIAN_POINT('',(0.000960695790125081,-0.016,0.0361780612707484));
#4375=CARTESIAN_POINT('',(0.00128234691383613,-0.016,0.0354371272570817));
#4376=CARTESIAN_POINT('',(0.00160816460729799,-0.016,0.0346979584460834));
#4377=CARTESIAN_POINT('',(0.00193904363766807,-0.016,0.0339608266907274));
#4378=CARTESIAN_POINT('',(0.00226992266803816,-0.016,0.0332236949353713));
#4379=CARTESIAN_POINT('',(0.00260579181903757,-0.016,0.0324888505973289));
#4380=CARTESIAN_POINT('',(0.00294713388428734,-0.016,0.031756886894872));
#4381=CARTESIAN_POINT('',(0.0031585569677717,-0.016,0.0313035175661935));
#4382=CARTESIAN_POINT('',(0.00337210648000332,-0.016,0.0308512138285768));
#4383=CARTESIAN_POINT('',(0.00358781312230297,-0.016,0.0304000001654373));
#4384=CARTESIAN_POINT('',(0.00358781313993273,-0.0160000000066076,0.0304000001102909));
#4385=CARTESIAN_POINT('',(0.00358781277625562,-0.016,0.0304));
#4386=CARTESIAN_POINT('',(-0.015,-0.016,0.03575));
#4387=CARTESIAN_POINT('',(-0.00625317382460071,-0.016,0.03575));
#4388=CARTESIAN_POINT('',(-0.00625317382460071,-0.016,0.03575));
#4389=CARTESIAN_POINT('',(-0.0352,0.016,0.038));
#4390=CARTESIAN_POINT('',(-0.015,0.016,0.011));
#4391=CARTESIAN_POINT('',(0.015,0.016,0.011));
#4392=CARTESIAN_POINT('',(0.015,0.016,0.011));
#4393=CARTESIAN_POINT('',(0.015,0.016,0.0142));
#4394=CARTESIAN_POINT('',(0.015,0.016,0.0142));
#4395=CARTESIAN_POINT('',(0.00858271349097684,0.016,0.0142));
#4396=CARTESIAN_POINT('',(0.00747210097614764,0.016,0.0132));
#4397=CARTESIAN_POINT('',(0.00747210097614764,0.016,0.0132));
#4398=CARTESIAN_POINT('',(0.00290813074188143,0.016,0.0132));
#4399=CARTESIAN_POINT('',(0.00290813074188143,0.016,0.0132));
#4400=CARTESIAN_POINT('',(0.00290813074188143,0.016,0.0132));
#4401=CARTESIAN_POINT('',(0.00190813074188143,0.016,0.0142));
#4402=CARTESIAN_POINT('',(0.00190813074188143,0.016,0.0142));
#4403=CARTESIAN_POINT('',(-0.01,0.016,0.0142));
#4404=CARTESIAN_POINT('',(-0.01,0.016,0.0326));
#4405=CARTESIAN_POINT('',(-0.01,0.016,0.0326));
#4406=CARTESIAN_POINT('',(-0.00485309934109256,0.016,0.0326));
#4407=CARTESIAN_POINT('',(-0.00485309934109256,0.016,0.0326));
#4408=CARTESIAN_POINT('',(-0.00485309934109256,0.016,0.0326));
#4409=CARTESIAN_POINT('',(-0.00606726929442888,0.016,0.0359359045301718));
#4410=CARTESIAN_POINT('',(-0.00625317382460071,0.016,0.03575));
#4411=CARTESIAN_POINT('',(-0.00625317382460071,0.016,0.03575));
#4412=CARTESIAN_POINT('',(-0.015,0.016,0.03575));
#4413=CARTESIAN_POINT('',(0.0589773195999937,0.0179,0.0142));
#4414=CARTESIAN_POINT('',(0.0150941822398365,0.0160941822398365,0.0142));
#4415=CARTESIAN_POINT('',(0.0150941822398365,0.0160941822398365,0.0142));
#4416=CARTESIAN_POINT('',(0.0150941822398365,0.0179,0.0142));
#4417=CARTESIAN_POINT('',(0.0150941822398365,0.0179,0.0142));
#4418=CARTESIAN_POINT('',(0.0150941822398365,0.0179,0.0142));
#4419=CARTESIAN_POINT('',(0.00858271349097684,0.0179,0.0142));
#4420=CARTESIAN_POINT('',(0.00858271349097684,0.016,0.0142));
#4421=CARTESIAN_POINT('',(0.0589773195999937,0.0179,0.0326));
#4422=CARTESIAN_POINT('',(0.0107484078948937,0.0179,0.01615));
#4423=CARTESIAN_POINT('',(0.0107484078948937,0.0179,0.01615));
#4424=CARTESIAN_POINT('',(0.0125809859561751,0.0179,0.01615));
#4425=CARTESIAN_POINT('',(0.00858271349097683,0.0179,0.0142));
#4426=CARTESIAN_POINT('',(0.0202,0.0179,0.023375));
#4427=CARTESIAN_POINT('',(0.0589773195999937,0.0179,0.0142));
#4428=CARTESIAN_POINT('',(0.00190813074188143,0.016,0.0142));
#4429=CARTESIAN_POINT('',(0.00190813074188143,0.0179603073792141,0.0142));
#4430=CARTESIAN_POINT('',(0.00190813074188143,0.0179603073792141,0.0142));
#4431=CARTESIAN_POINT('',(0.00184395296940553,0.0179,0.0142));
#4432=CARTESIAN_POINT('',(0.00184395296940553,0.0179,0.0142));
#4433=CARTESIAN_POINT('',(-0.01,0.0179,0.0142));
#4434=CARTESIAN_POINT('',(-0.01,0.016,0.0142));
#4435=CARTESIAN_POINT('',(0.0589773195999937,0.0179,0.0326));
#4436=CARTESIAN_POINT('',(0.00184395296940553,0.0179,0.0142));
#4437=CARTESIAN_POINT('',(-0.00485309934109253,0.0179,0.0326));
#4438=CARTESIAN_POINT('',(-0.00485309934109253,0.0179,0.0326));
#4439=CARTESIAN_POINT('',(-0.01,0.0179,0.0326));
#4440=CARTESIAN_POINT('',(-0.01,0.0179,0.0142));
#4441=CARTESIAN_POINT('',(0.0589773195999937,0.016,0.0326));
#4442=CARTESIAN_POINT('',(-0.0047889215686166,0.0179603073792141,0.0326));
#4443=CARTESIAN_POINT('',(-0.0047889215686166,0.0179603073792141,0.0326));
#4444=CARTESIAN_POINT('',(-0.0047889215686166,0.0160603073792141,0.0326));
#4445=CARTESIAN_POINT('',(-0.00485309934109257,0.016,0.0326));
#4446=CARTESIAN_POINT('',(-0.01,0.0179,0.0326));
#4447=CARTESIAN_POINT('',(-0.00485309934109253,0.0179,0.0326));
#4448=CARTESIAN_POINT('',(0.016,-0.016,0.038));
#4449=CARTESIAN_POINT('',(0.0202,-0.016,0.023375));
#4450=CARTESIAN_POINT('',(0.0110567306175525,-0.016,0.0164));
#4451=CARTESIAN_POINT('',(0.015,-0.016,0.0131178074016327));
#4452=CARTESIAN_POINT('',(0.015,-0.016,0.0131178074016327));
#4453=CARTESIAN_POINT('',(0.015,-0.016,0.011));
#4454=CARTESIAN_POINT('',(0.015,-0.016,0.011));
#4455=CARTESIAN_POINT('',(0.0110567306175525,-0.016,0.0164));
#4456=CARTESIAN_POINT('',(0.016,-0.024,0.038));
#4457=CARTESIAN_POINT('',(0.016,-0.021,0.011));
#4458=CARTESIAN_POINT('',(0.016,-0.021,0.011));
#4459=CARTESIAN_POINT('',(0.016,-0.017,0.011));
#4460=CARTESIAN_POINT('',(0.016,-0.017,0.011));
#4461=CARTESIAN_POINT('',(0.016,-0.017,0.0137515910405927));
#4462=CARTESIAN_POINT('',(0.016,-0.017,0.0137515910405927));
#4463=CARTESIAN_POINT('',(0.016,-0.024,0.0137515910405927));
#4464=CARTESIAN_POINT('',(0.016,-0.024,0.0137515910405927));
#4465=CARTESIAN_POINT('',(0.016,-0.024,0.008));
#4466=CARTESIAN_POINT('',(0.016,-0.021,0.008));
#4467=CARTESIAN_POINT('',(0.016,-0.024,0.038));
#4468=CARTESIAN_POINT('',(0.016,0.024,0.0137515910405927));
#4469=CARTESIAN_POINT('',(0.016,0.017,0.0137515910405927));
#4470=CARTESIAN_POINT('',(0.016,0.017,0.038));
#4471=CARTESIAN_POINT('',(0.016,0.017,0.011));
#4472=CARTESIAN_POINT('',(0.016,-0.024,0.011));
#4473=CARTESIAN_POINT('',(0.016,0.021,0.011));
#4474=CARTESIAN_POINT('',(0.016,0.021,0.008));
#4475=CARTESIAN_POINT('',(0.,0.,0.011));
#4476=CARTESIAN_POINT('',(0.016,-0.021,0.011));
#4477=CARTESIAN_POINT('',(0.02,-0.021,0.011));
#4478=CARTESIAN_POINT('',(0.02,-0.014,0.011));
#4479=CARTESIAN_POINT('',(0.027,-0.014,0.011));
#4480=CARTESIAN_POINT('',(0.027,-0.014,0.011));
#4481=CARTESIAN_POINT('',(0.027,0.014,0.011));
#4482=CARTESIAN_POINT('',(0.02,0.014,0.011));
#4483=CARTESIAN_POINT('',(0.02,0.021,0.011));
#4484=CARTESIAN_POINT('',(0.02,0.021,0.011));
#4485=CARTESIAN_POINT('',(0.015,0.016,0.011));
#4486=CARTESIAN_POINT('',(0.016,-0.017,0.011));
#4487=CARTESIAN_POINT('',(-0.035,-0.024,0.011));
#4488=CARTESIAN_POINT('',(0.00572325341815206,-0.024,0.0283103328837334));
#4489=CARTESIAN_POINT('',(0.00572325341815206,-0.024,0.0283103328832564));
#4490=CARTESIAN_POINT('',(-0.010313933351738,-0.024,0.0283103328837333));
#4491=CARTESIAN_POINT('',(0.00090771962458784,-0.024,-0.00259929355751675));
#4492=CARTESIAN_POINT('',(-0.0107097904066303,-0.024,0.0282749702411191));
#4493=CARTESIAN_POINT('',(-0.0107097904066303,-0.024,0.0282749702411191));
#4494=CARTESIAN_POINT('',(-0.0107097904066303,-0.024,0.013743886018309));
#4495=CARTESIAN_POINT('',(-0.0088,-0.024,0.01315));
#4496=CARTESIAN_POINT('',(-0.00740067331897327,-0.024,0.0145789453592656));
#4497=CARTESIAN_POINT('',(-0.00594148236131317,-0.024,0.01315));
#4498=CARTESIAN_POINT('',(-0.00594148236131317,-0.024,0.01315));
#4499=CARTESIAN_POINT('',(-0.00740067331897327,-0.024,0.0117210546407344));
#4500=CARTESIAN_POINT('',(-0.00740067331897327,-0.024,0.0117210546407344));
#4501=CARTESIAN_POINT('',(-0.0088,-0.024,0.01315));
#4502=CARTESIAN_POINT('',(-0.0107097904066303,-0.024,0.012556113981691));
#4503=CARTESIAN_POINT('',(-0.0107097904066303,-0.024,0.0125561139816909));
#4504=CARTESIAN_POINT('',(-0.0107097904066303,-0.024,0.008));
#4505=CARTESIAN_POINT('',(-0.0107097904066303,-0.024,0.008));
#4506=CARTESIAN_POINT('',(0.0202,-0.024,0.023375));
#4507=CARTESIAN_POINT('',(0.0109640868943678,-0.024,0.0183802118057707));
#4508=CARTESIAN_POINT('',(0.00572325341815207,-0.024,0.0283103328832563));
#4509=CARTESIAN_POINT('',(0.00725131186267194,-0.024,0.025254919206843));
#4510=CARTESIAN_POINT('',(0.00887196529212823,-0.024,0.0222487749106136));
#4511=CARTESIAN_POINT('',(0.0109640868943678,-0.024,0.0183802118057707));
#4512=CARTESIAN_POINT('',(0.0132993266810267,-0.024,0.0117210546407344));
#4513=CARTESIAN_POINT('',(0.0132993266810267,-0.024,0.0117210546407344));
#4514=CARTESIAN_POINT('',(0.0147585176386868,-0.024,0.01315));
#4515=CARTESIAN_POINT('',(0.0119,-0.024,0.01315));
#4516=CARTESIAN_POINT('',(0.0132993266810267,-0.024,0.0145789453592656));
#4517=CARTESIAN_POINT('',(0.0147585176386868,-0.024,0.01315));
#4518=CARTESIAN_POINT('',(0.0589773195999937,-0.016,0.0164));
#4519=CARTESIAN_POINT('',(0.051103904474152,0.0331691204999526,0.0164));
#4520=CARTESIAN_POINT('',(0.0110567306175525,-0.0172,0.0164));
#4521=CARTESIAN_POINT('',(0.0111577015458292,-0.0172801144342731,0.0164));
#4522=CARTESIAN_POINT('',(0.0111577015458232,-0.0172801144342731,0.0164));
#4523=CARTESIAN_POINT('',(0.0111577015458293,-0.0160801144342731,0.0164));
#4524=CARTESIAN_POINT('',(0.0511039044320705,0.0343691204470155,0.0164));
#4525=CARTESIAN_POINT('',(0.0110567306175525,-0.0172,0.0164));
#4526=CARTESIAN_POINT('',(0.0589773195999937,-0.0172,0.0164));
#4527=CARTESIAN_POINT('',(0.00358781519934498,-0.0172,0.0304000001293688));
#4528=CARTESIAN_POINT('',(0.00398738102985678,-0.0172,0.0295643017730405));
#4529=CARTESIAN_POINT('',(0.00439435632375506,-0.0172,0.0287324124318977));
#4530=CARTESIAN_POINT('',(0.00480832824054996,-0.0172,0.0279041198727553));
#4531=CARTESIAN_POINT('',(0.00536995206819258,-0.0172,0.0267803991115135));
#4532=CARTESIAN_POINT('',(0.00594430967935565,-0.0172,0.0256632244657205));
#4533=CARTESIAN_POINT('',(0.00652710925106934,-0.0172,0.0245503896130148));
#4534=CARTESIAN_POINT('',(0.00710990882278303,-0.0172,0.023437554760309));
#4535=CARTESIAN_POINT('',(0.00770079444852342,-0.0172,0.0223288767409914));
#4536=CARTESIAN_POINT('',(0.00829503891220221,-0.0172,0.0212219254130543));
#4537=CARTESIAN_POINT('',(0.008889283375881,-0.0172,0.0201149740851172));
#4538=CARTESIAN_POINT('',(0.00948682560353488,-0.0172,0.0190097180539467));
#4539=CARTESIAN_POINT('',(0.0100844761224029,-0.0172,0.0179045176920345));
#4540=CARTESIAN_POINT('',(0.00358781519005316,-0.0172000000100689,0.0304000001249261));
#4541=CARTESIAN_POINT('',(0.0100844761224029,-0.0172,0.0179045176920345));
#4542=CARTESIAN_POINT('',(0.0202,-0.0172,0.023375));
#4543=CARTESIAN_POINT('',(0.00358781410659457,-0.0172,0.0304));
#4544=CARTESIAN_POINT('',(0.0589773195999937,-0.0172,0.0304));
#4545=CARTESIAN_POINT('',(0.00358781312230385,-0.016,0.0304000001654355));
#4546=CARTESIAN_POINT('',(0.00369703325208118,-0.0160985317514185,0.0304));
#4547=CARTESIAN_POINT('',(0.00369703325208119,-0.0160985317514185,0.0304));
#4548=CARTESIAN_POINT('',(0.00369703325208119,-0.0172985274355902,0.0304));
#4549=CARTESIAN_POINT('',(0.00369703325208119,-0.0172985274355902,0.0304));
#4550=CARTESIAN_POINT('',(-0.01,0.,0.));
#4551=CARTESIAN_POINT('',(0.00128703660297869,-0.0169999972776157,0.0379500000561175));
#4552=CARTESIAN_POINT('',(0.00128703660297889,-0.0240000000001209,0.037950000056117));
#4553=CARTESIAN_POINT('',(0.00459428842941582,-0.0169999972776157,0.0301943802765714));
#4554=CARTESIAN_POINT('',(0.00459428842941602,-0.0240000000001209,0.0301943802765709));
#4555=CARTESIAN_POINT('',(0.00688152156456621,-0.0169999972776157,0.0259293244343458));
#4556=CARTESIAN_POINT('',(0.0068815215645664,-0.0240000000001209,0.0259293244343454));
#4557=CARTESIAN_POINT('',(0.0109640868943677,-0.0169999972776157,0.0183802118057709));
#4558=CARTESIAN_POINT('',(0.0109640868943679,-0.0240000000001209,0.0183802118057704));
#4559=CARTESIAN_POINT('',(0.00437321259445197,-0.017,0.0310761805307853));
#4560=CARTESIAN_POINT('',(0.00338839583781476,-0.017,0.0331455252863325));
#4561=CARTESIAN_POINT('',(0.00239495041233327,-0.017,0.0353519039011235));
#4562=CARTESIAN_POINT('',(0.00128703660297779,-0.017,0.0379500000561195));
#4563=CARTESIAN_POINT('',(0.00437321347804916,-0.0169999972776157,0.0310761806220981));
#4564=CARTESIAN_POINT('',(0.00128703662690945,-0.0196471161630648,0.037949999999999));
#4565=CARTESIAN_POINT('',(0.00133282706472778,-0.0202278840190175,0.0378426198415918));
#4566=CARTESIAN_POINT('',(0.00156984039432579,-0.0212831903015946,0.0372865116585371));
#4567=CARTESIAN_POINT('',(0.00199629373096957,-0.0218585736633066,0.0363022447729382));
#4568=CARTESIAN_POINT('',(0.00222717730875545,-0.0219994580361998,0.0357764571353092));
#4569=CARTESIAN_POINT('',(0.00222717730875479,-0.0219994580361994,0.0357764571353107));
#4570=CARTESIAN_POINT('',(0.00222717730875441,-0.0219994580361992,0.0357764571353116));
#4571=CARTESIAN_POINT('',(0.00278003383299338,-0.0223368092045418,0.0345174454350644));
#4572=CARTESIAN_POINT('',(0.00334229588632629,-0.0226704655905724,0.033272222850128));
#4573=CARTESIAN_POINT('',(0.0045132309267324,-0.023341334578678,0.0307685057012957));
#4574=CARTESIAN_POINT('',(0.00510250559153393,-0.0236674187870005,0.0295515428682904));
#4575=CARTESIAN_POINT('',(0.00572325341813909,-0.0240000000001209,0.0283103328832823));
#4576=CARTESIAN_POINT('',(0.0109640868943678,-0.0182,0.0183802118057707));
#4577=CARTESIAN_POINT('',(0.0109640868943678,-0.0182,0.0183802118057707));
#4578=CARTESIAN_POINT('',(0.0109640868943673,-0.0182,0.0183802118057717));
#4579=CARTESIAN_POINT('',(0.00869551830950256,-0.0181998591035362,0.02257504480153));
#4580=CARTESIAN_POINT('',(0.00642267752502279,-0.0181998517797391,0.0267697454495607));
#4581=CARTESIAN_POINT('',(0.00437321305755202,-0.0182000047795054,0.031076179557697));
#4582=CARTESIAN_POINT('',(0.00437321306363313,-0.0182000031058293,0.0310761795449191));
#4583=CARTESIAN_POINT('',(0.00437321297765715,-0.017,0.031076179725576));
#4584=CARTESIAN_POINT('',(0.0202,0.024,0.023375));
#4585=CARTESIAN_POINT('',(0.0202,-0.017,0.023375));
#4586=CARTESIAN_POINT('',(0.0125455067757802,-0.017,0.0161875989759599));
#4587=CARTESIAN_POINT('',(0.0125455067757802,-0.017,0.0161875989759599));
#4588=CARTESIAN_POINT('',(0.0125455067757802,-0.0182,0.0161875989759599));
#4589=CARTESIAN_POINT('',(0.0202,-0.0182,0.023375));
#4590=CARTESIAN_POINT('',(0.0202,0.024,0.023375));
#4591=CARTESIAN_POINT('',(0.0202,0.0212,0.023375));
#4592=CARTESIAN_POINT('',(0.0125809859561751,0.024,0.01615));
#4593=CARTESIAN_POINT('',(0.00747210097614764,0.041,0.0132));
#4594=CARTESIAN_POINT('',(0.0107484078948937,0.024,0.01615));
#4595=CARTESIAN_POINT('',(0.00747210097614764,0.024,0.0132));
#4596=CARTESIAN_POINT('',(0.00327210097614764,0.041,0.0132));
#4597=CARTESIAN_POINT('',(0.00327210097614765,0.0189,0.0132));
#4598=CARTESIAN_POINT('',(0.00290813074188143,0.0185579798566743,0.0132));
#4599=CARTESIAN_POINT('',(0.00290813074188143,0.0185579798566743,0.0132));
#4600=CARTESIAN_POINT('',(0.0107484078948937,0.041,0.01615));
#4601=CARTESIAN_POINT('',(-0.015,-0.0259701373920136,0.03575));
#4602=CARTESIAN_POINT('',(-0.00625317382460071,-0.016,0.03575));
#4603=CARTESIAN_POINT('',(-0.00625317382460071,-0.0259701373920136,0.03575));
#4604=CARTESIAN_POINT('',(-0.00528706328571898,0.017,0.0367161105388817));
#4605=CARTESIAN_POINT('',(0.016,-0.0182,0.038));
#4606=CARTESIAN_POINT('',(0.0119,-0.0182,0.01315));
#4607=CARTESIAN_POINT('',(0.0132993266810267,-0.0182,0.0145789453592656));
#4608=CARTESIAN_POINT('',(0.0132993266810267,-0.0182,0.0117210546407344));
#4609=CARTESIAN_POINT('',(0.0147585176386868,-0.0182,0.01315));
#4610=CARTESIAN_POINT('',(0.0147585176386868,-0.0182,0.01315));
#4611=CARTESIAN_POINT('',(0.0132993266810267,-0.0182,0.0145789453592656));
#4612=CARTESIAN_POINT('',(0.0119,-0.00970673426229027,0.01315));
#4613=CARTESIAN_POINT('',(0.0132993266810267,-0.0182,0.0145789453592656));
#4614=CARTESIAN_POINT('',(0.0132993266810267,-0.0182,0.0117210546407344));
#4615=CARTESIAN_POINT('',(0.0147585176386868,-0.00970673426229027,0.01315));
#4616=CARTESIAN_POINT('',(0.0147585176386868,-0.0182,0.01315));
#4617=CARTESIAN_POINT('',(0.0132993266810267,-0.00970673426229027,0.0117210546407344));
#4618=CARTESIAN_POINT('',(0.016,-0.0182,0.038));
#4619=CARTESIAN_POINT('',(-0.0088,-0.0182,0.01315));
#4620=CARTESIAN_POINT('',(-0.00740067331897327,-0.0182,0.0145789453592656));
#4621=CARTESIAN_POINT('',(-0.00740067331897327,-0.0182,0.0117210546407344));
#4622=CARTESIAN_POINT('',(-0.00594148236131317,-0.0182,0.01315));
#4623=CARTESIAN_POINT('',(-0.00594148236131317,-0.0182,0.01315));
#4624=CARTESIAN_POINT('',(-0.00740067331897327,-0.0182,0.0145789453592656));
#4625=CARTESIAN_POINT('',(-0.0088,-0.00970673426229028,0.01315));
#4626=CARTESIAN_POINT('',(-0.0107097904066303,-0.024,0.013743886018309));
#4627=CARTESIAN_POINT('',(-0.0108301095193354,-0.024,0.0133569695392299));
#4628=CARTESIAN_POINT('',(-0.0108301096003125,-0.024,0.0129430307211724));
#4629=CARTESIAN_POINT('',(-0.0107097904066303,-0.024,0.012556113981691));
#4630=CARTESIAN_POINT('',(-0.00740067331897327,-0.0182,0.0117210546407344));
#4631=CARTESIAN_POINT('',(-0.00740067331897327,-0.0182,0.0145789453592656));
#4632=CARTESIAN_POINT('',(-0.00594148236131318,-0.00970673426229028,0.01315));
#4633=CARTESIAN_POINT('',(-0.00594148236131317,-0.0182,0.01315));
#4634=CARTESIAN_POINT('',(-0.00740067331897327,-0.00970673426229028,0.0117210546407344));
#4635=CARTESIAN_POINT('',(0.016,-0.0182,0.038));
#4636=CARTESIAN_POINT('',(-0.0088,-0.0182,0.03365));
#4637=CARTESIAN_POINT('',(-0.00740067331897327,-0.0182,0.0350789453592656));
#4638=CARTESIAN_POINT('',(-0.00740067331897327,-0.0182,0.0322210546407344));
#4639=CARTESIAN_POINT('',(-0.00594148236131317,-0.0182,0.03365));
#4640=CARTESIAN_POINT('',(-0.00594148236131317,-0.0182,0.03365));
#4641=CARTESIAN_POINT('',(-0.00740067331897327,-0.0182,0.0350789453592656));
#4642=CARTESIAN_POINT('',(-0.0088,-0.00970673426229028,0.03365));
#4643=CARTESIAN_POINT('',(-0.00740067331897327,-0.0182,0.0350789453592656));
#4644=CARTESIAN_POINT('',(-0.00740067331897327,-0.0221863557533019,0.0350789453592656));
#4645=CARTESIAN_POINT('',(-0.0088,-0.0225692405083453,0.03365));
#4646=CARTESIAN_POINT('',(-0.00740067331897327,-0.0229521252633888,0.0322210546407344));
#4647=CARTESIAN_POINT('',(-0.00740067331897327,-0.0182,0.0322210546407344));
#4648=CARTESIAN_POINT('',(-0.00594148236131317,-0.00970673426229028,0.03365));
#4649=CARTESIAN_POINT('',(-0.00594148236131317,-0.0182,0.03365));
#4650=CARTESIAN_POINT('',(-0.00594148236131317,-0.0225692405083453,0.03365));
#4651=CARTESIAN_POINT('',(-0.00594148236131317,-0.0225692405083453,0.03365));
#4652=CARTESIAN_POINT('',(-0.00740067331897327,-0.00970673426229028,0.0322210546407344));
#4653=CARTESIAN_POINT('',(-0.00740067331897327,-0.0229521252633888,0.0322210546407344));
#4654=CARTESIAN_POINT('',(0.03,-0.0294698880663466,0.00789643270841317));
#4655=CARTESIAN_POINT('',(-0.00935948267120929,-0.0230712548059248,0.0317764571353076));
#4656=CARTESIAN_POINT('',(-0.0131576637217465,-0.0220417625709149,0.0356185744569098));
#4657=CARTESIAN_POINT('',(-0.0111023174185004,-0.0219994580362003,0.0357764571353076));
#4658=CARTESIAN_POINT('',(-0.0131576637217466,-0.0220417625722779,0.0356185744572752));
#4659=CARTESIAN_POINT('',(0.00222717730875441,-0.0219994580362003,0.0357764571353076));
#4660=CARTESIAN_POINT('',(0.03,0.0294698880663466,0.00789643270841317));
#4661=CARTESIAN_POINT('',(-0.0126,0.0225692405083453,0.03365));
#4662=CARTESIAN_POINT('',(-0.0112006733189733,0.0229521252633887,0.0322210546407344));
#4663=CARTESIAN_POINT('',(-0.0117004667357802,0.0230478760669901,0.0318637077768288));
#4664=CARTESIAN_POINT('',(-0.00974148236131317,0.0225692405083453,0.03365));
#4665=CARTESIAN_POINT('',(-0.00974148236131317,0.0225692405083453,0.03365));
#4666=CARTESIAN_POINT('',(-0.0112006733189733,0.0221863557533019,0.0350789453592656));
#4667=CARTESIAN_POINT('',(-0.0112006733189733,0.0221863557533019,0.0350789453592656));
#4668=CARTESIAN_POINT('',(-0.0126,0.0225692405083453,0.03365));
#4669=CARTESIAN_POINT('',(-0.0131443786165712,0.0220535756519021,0.0355744874439237));
#4670=CARTESIAN_POINT('',(-0.0131613031426919,0.0220419211572125,0.035617982610242));
#4671=CARTESIAN_POINT('',(-0.0131613031426919,0.022041921155857,0.0356179826098787));
#4672=CARTESIAN_POINT('',(-0.00935948267120928,0.0230712548059248,0.0317764571353076));
#4673=CARTESIAN_POINT('',(-0.0111023174185004,0.0219994580362003,0.0357764571353076));
#4674=CARTESIAN_POINT('',(-0.00494505741629105,0.0219994580362003,0.0357764571353076));
#4675=CARTESIAN_POINT('',(-0.0117004667357802,0.0230478760669901,0.0318637077768288));
#4676=CARTESIAN_POINT('',(-0.0128330972371066,-0.0180372972464255,0.031));
#4677=CARTESIAN_POINT('',(-0.0972119204453623,0.0338534229083842,0.031));
#4678=CARTESIAN_POINT('',(-0.0313781615417665,-0.0114807381823762,0.0366520174205405));
#4679=CARTESIAN_POINT('',(-0.0186374846624174,-0.0202541685268221,0.0359704552565732));
#4680=CARTESIAN_POINT('',(-0.0186374846624175,-0.0202541685268221,0.0359704552565732));
#4681=CARTESIAN_POINT('',(-0.0181130815939467,-0.0206152807218185,0.0359378342706919));
#4682=CARTESIAN_POINT('',(-0.0175630256925915,-0.0209235755434827,0.0359651265081034));
#4683=CARTESIAN_POINT('',(-0.0169792879174015,-0.0211634322106228,0.0360620456460371));
#4684=CARTESIAN_POINT('',(-0.0169792878441635,-0.0211634321697386,0.0360620453061102));
#4685=CARTESIAN_POINT('',(-0.0169792881815093,-0.0211634320662937,0.0360620456313191));
#4686=CARTESIAN_POINT('',(-0.0159469739654743,-0.0206735880711022,0.0369770728528921));
#4687=CARTESIAN_POINT('',(-0.014326025014348,-0.0200519277295298,0.0377503381476398));
#4688=CARTESIAN_POINT('',(-0.0121874685268339,-0.0194139474429466,0.0379500867292063));
#4689=CARTESIAN_POINT('',(-0.0272057039310712,-0.0126340238183153,0.037358942631826));
#4690=CARTESIAN_POINT('',(-0.0263075410482343,-0.0126585063880136,0.0375658692733337));
#4691=CARTESIAN_POINT('',(-0.0249366791455826,-0.0127089204437467,0.0377877554360301));
#4692=CARTESIAN_POINT('',(-0.0231283710641959,-0.0129130561239559,0.0379291866606078));
#4693=CARTESIAN_POINT('',(-0.0222392177371004,-0.0132332381053946,0.03795));
#4694=CARTESIAN_POINT('',(-0.0218372240639049,-0.0134804534659155,0.03795));
#4695=CARTESIAN_POINT('',(-0.0272057039302456,-0.0126340238183153,0.0373589426320162));
#4696=CARTESIAN_POINT('',(-0.0313781615421342,-0.0114807381823762,0.036652017420533));
#4697=CARTESIAN_POINT('',(-0.0300845105254148,-0.0122334926701075,0.036678659696876));
#4698=CARTESIAN_POINT('',(-0.0286573947829748,-0.0125944529082754,0.037024489362691));
#4699=CARTESIAN_POINT('',(-0.0272057039302954,-0.012634023818314,0.0373589426320048));
#4700=CARTESIAN_POINT('',(-0.0315330972371066,0.00653729724642552,0.031));
#4701=CARTESIAN_POINT('',(-0.0121874671851222,0.0194139470426833,0.0379500868545268));
#4702=CARTESIAN_POINT('',(-0.0143273151954444,0.0200523126409036,0.0377502178917427));
#4703=CARTESIAN_POINT('',(-0.015948980003348,0.0206743543577371,0.0369761299559726));
#4704=CARTESIAN_POINT('',(-0.0169813257468354,0.0211643990958486,0.036060238740342));
#4705=CARTESIAN_POINT('',(-0.0121876828445153,0.0194131969022671,0.03795));
#4706=CARTESIAN_POINT('',(-0.0169813254086279,0.0211643991994359,0.0360602384145559));
#4707=CARTESIAN_POINT('',(-0.0169813254821179,0.0211643992404511,0.0360602387551535));
#4708=CARTESIAN_POINT('',(-0.017565437194217,0.0209244989070245,0.0359630954077087));
#4709=CARTESIAN_POINT('',(-0.0181158304968527,0.0206160525314713,0.035935726186738));
#4710=CARTESIAN_POINT('',(-0.0186405524383849,0.0202547207554729,0.0359683943111909));
#4711=CARTESIAN_POINT('',(-0.0186405524383849,0.0202547207554729,0.0359683943111906));
#4712=CARTESIAN_POINT('',(-0.0972481053796902,-0.0338756756754842,0.031));
#4713=CARTESIAN_POINT('',(-0.0314037218108444,0.0114658017267602,0.0366515303846906));
#4714=CARTESIAN_POINT('',(-0.0272057039302957,0.0126340238183152,0.0373589426320047));
#4715=CARTESIAN_POINT('',(-0.0279352073786158,0.0126141386511171,0.0371908732301645));
#4716=CARTESIAN_POINT('',(-0.029363666975765,0.0124138687214193,0.0368483725172474));
#4717=CARTESIAN_POINT('',(-0.0307557104673894,0.011846085726092,0.0366628766831195));
#4718=CARTESIAN_POINT('',(-0.0314037218111577,0.0114658017265764,0.0366515303846851));
#4719=CARTESIAN_POINT('',(-0.0121883966667061,0.0194142243251551,0.03795));
#4720=CARTESIAN_POINT('',(-0.035,0.021,0.008));
#4721=CARTESIAN_POINT('',(-0.0165280501649469,0.0214948037670312,0.00504108647775375));
#4722=CARTESIAN_POINT('',(-0.0156996082350295,0.0223714291593121,0.00518767999700149));
#4723=CARTESIAN_POINT('',(-0.0137916388424544,0.0236135295627335,0.00611768296080452));
#4724=CARTESIAN_POINT('',(-0.0117343813952301,0.024,0.0073749389018056));
#4725=CARTESIAN_POINT('',(-0.0107136601228342,0.024,0.008));
#4726=CARTESIAN_POINT('',(0.02,0.021,0.008));
#4727=CARTESIAN_POINT('',(0.02,0.021,0.005));
#4728=CARTESIAN_POINT('',(0.02,0.021,0.005));
#4729=CARTESIAN_POINT('',(-0.0175582663009658,0.021,0.005));
#4730=CARTESIAN_POINT('',(-0.0175582663009659,0.021,0.008));
#4731=CARTESIAN_POINT('',(0.02,0.014,0.008));
#4732=CARTESIAN_POINT('',(0.02,0.014,0.005));
#4733=CARTESIAN_POINT('',(0.027,0.014,0.005));
#4734=CARTESIAN_POINT('',(0.027,0.014,0.008));
#4735=CARTESIAN_POINT('',(0.027,0.024,0.008));
#4736=CARTESIAN_POINT('',(0.027,-0.014,0.005));
#4737=CARTESIAN_POINT('',(0.027,-0.014,0.005));
#4738=CARTESIAN_POINT('',(0.027,-0.014,0.008));
#4739=CARTESIAN_POINT('',(0.02,-0.014,0.008));
#4740=CARTESIAN_POINT('',(0.02,-0.021,0.008));
#4741=CARTESIAN_POINT('',(0.02,-0.021,0.005));
#4742=CARTESIAN_POINT('',(0.02,-0.014,0.005));
#4743=CARTESIAN_POINT('',(-0.035,-0.021,0.008));
#4744=CARTESIAN_POINT('',(-0.0152470115881904,-0.0225889015738287,0.00545532088689268));
#4745=CARTESIAN_POINT('',(-0.013819337717171,-0.023572020240175,0.00606918170265208));
#4746=CARTESIAN_POINT('',(-0.0122564054389779,-0.024,0.00705289630270356));
#4747=CARTESIAN_POINT('',(-0.0107097904066303,-0.024,0.008));
#4748=CARTESIAN_POINT('',(-0.0152470115881904,-0.0225889015738287,0.00545532088689267));
#4749=CARTESIAN_POINT('',(-0.017554396584762,-0.021,0.008));
#4750=CARTESIAN_POINT('',(-0.017554396584762,-0.021,0.005));
#4751=CARTESIAN_POINT('',(-0.017554396584762,-0.021,0.005));
#4752=CARTESIAN_POINT('',(0.03,-0.0191016805573331,0.035));
#4753=CARTESIAN_POINT('',(-0.0111023174185004,-0.0196471161630648,0.03795));
#4754=CARTESIAN_POINT('',(-0.0111023174185004,-0.0202008155390052,0.0378476246255901));
#4755=CARTESIAN_POINT('',(-0.0111023174185004,-0.0212479479927908,0.0373228227247724));
#4756=CARTESIAN_POINT('',(-0.0111023174185004,-0.0218537211442463,0.0363203546206171));
#4757=CARTESIAN_POINT('',(-0.0111023174185004,-0.0219994580362003,0.0357764571353076));
#4758=CARTESIAN_POINT('',(-0.0159135312138711,-0.0222995802867983,0.0346563856475936));
#4759=CARTESIAN_POINT('',(-0.0161087126717083,-0.0222242037070266,0.0349376948730025));
#4760=CARTESIAN_POINT('',(-0.0163102441667946,-0.0220850680154767,0.0352117291082008));
#4761=CARTESIAN_POINT('',(-0.0166876581774025,-0.0216942445722117,0.0356900181150506));
#4762=CARTESIAN_POINT('',(-0.0168620973274806,-0.0214426549594773,0.0358920695459533));
#4763=CARTESIAN_POINT('',(-0.0170099160191618,-0.021164430423094,0.0360458622499129));
#4764=CARTESIAN_POINT('',(-0.0148171590553159,-0.0221094056525265,0.035366127045007));
#4765=CARTESIAN_POINT('',(-0.014966429692481,-0.0220023107751606,0.0357658105685548));
#4766=CARTESIAN_POINT('',(-0.015123503078673,-0.0218017195905849,0.0361589301452857));
#4767=CARTESIAN_POINT('',(-0.0154061331123089,-0.0212417571739873,0.036827946582742));
#4768=CARTESIAN_POINT('',(-0.0155296519197455,-0.0208835693330922,0.037099549897024));
#4769=CARTESIAN_POINT('',(-0.015622100766358,-0.0204997377815689,0.0372893099521557));
#4770=CARTESIAN_POINT('',(-0.0130546056579764,-0.0219994580362019,0.0357764571353012));
#4771=CARTESIAN_POINT('',(-0.0131395661734169,-0.021863375568589,0.0362843238184451));
#4772=CARTESIAN_POINT('',(-0.0132343804111381,-0.0215806413381399,0.036789706391425));
#4773=CARTESIAN_POINT('',(-0.0133842078646798,-0.0207780375140236,0.0375882443903571));
#4774=CARTESIAN_POINT('',(-0.0134352733796281,-0.0202603528374382,0.0378717652532095));
#4775=CARTESIAN_POINT('',(-0.0134572597443104,-0.0197345698256567,0.0380051945812178));
#4776=CARTESIAN_POINT('',(-0.0111023174185004,-0.0219994580362003,0.0357764571353076));
#4777=CARTESIAN_POINT('',(-0.0111023174185004,-0.0218408699773729,0.0363683158283253));
#4778=CARTESIAN_POINT('',(-0.0111023174185004,-0.0214613624391416,0.036974551516574));
#4779=CARTESIAN_POINT('',(-0.0111023174185004,-0.0203734255355904,0.0378017167924716));
#4780=CARTESIAN_POINT('',(-0.0111023174185004,-0.0196905563244624,0.0380000199470423));
#4781=CARTESIAN_POINT('',(-0.0111023174185004,-0.0190778261627877,0.0379999991937684));
#4782=CARTESIAN_POINT('',(-0.0131576637217463,-0.022041762572278,0.035618574457275));
#4783=CARTESIAN_POINT('',(-0.0146442854418411,-0.0219115420629094,0.036104564014426));
#4784=CARTESIAN_POINT('',(-0.015945218946394,-0.0215883321478756,0.0362337039293038));
#4785=CARTESIAN_POINT('',(-0.0169792877195549,-0.0211634323944353,0.0360620446689153));
#4786=CARTESIAN_POINT('',(0.,0.0191016805573331,0.035));
#4787=CARTESIAN_POINT('',(-0.00573616232194079,0.0196471161630648,0.03795));
#4788=CARTESIAN_POINT('',(-0.0111023174185004,0.0196471161630648,0.03795));
#4789=CARTESIAN_POINT('',(-0.0111023174185004,0.0219994580362003,0.0357764571353076));
#4790=CARTESIAN_POINT('',(-0.0111023174185004,0.0218537211442463,0.0363203546206171));
#4791=CARTESIAN_POINT('',(-0.0111023174185004,0.0212479479927908,0.0373228227247724));
#4792=CARTESIAN_POINT('',(-0.0111023174185004,0.0202008155390052,0.0378476246255901));
#4793=CARTESIAN_POINT('',(-0.0111023174185004,0.0196471161630648,0.03795));
#4794=CARTESIAN_POINT('',(-0.0170119565237833,0.0211654063166061,0.0360440344712086));
#4795=CARTESIAN_POINT('',(-0.0168640563289493,0.0214434758306422,0.0358902945951158));
#4796=CARTESIAN_POINT('',(-0.0166895423172323,0.0216949091347735,0.0356883455428775));
#4797=CARTESIAN_POINT('',(-0.0163119887335984,0.0220854844230392,0.035210336728681));
#4798=CARTESIAN_POINT('',(-0.0161103917318824,0.0222245299341026,0.0349364773769798));
#4799=CARTESIAN_POINT('',(-0.0159151426410211,0.0222998599367264,0.0346553419798537));
#4800=CARTESIAN_POINT('',(-0.0156241965930657,0.0205004852045396,0.0372885793076544));
#4801=CARTESIAN_POINT('',(-0.0155316794226241,0.020884177999836,0.0370987751349125));
#4802=CARTESIAN_POINT('',(-0.0154080930508339,0.0212422131712033,0.0368271859619331));
#4803=CARTESIAN_POINT('',(-0.015125333650672,0.0218019397481723,0.0361582969889941));
#4804=CARTESIAN_POINT('',(-0.0149681977075404,0.0220024512671298,0.0357652862454172));
#4805=CARTESIAN_POINT('',(-0.0148188634517247,0.0221095179189408,0.0353657080610447));
#4806=CARTESIAN_POINT('',(-0.013458413925968,0.0197348892772203,0.0380051977352063));
#4807=CARTESIAN_POINT('',(-0.013436416773737,0.0202606300795213,0.0378717029276683));
#4808=CARTESIAN_POINT('',(-0.0133853263434231,0.0207782344129306,0.0375881408300393));
#4809=CARTESIAN_POINT('',(-0.0132354254108003,0.0215806993516917,0.0367896165697535));
#4810=CARTESIAN_POINT('',(-0.0131405646281212,0.0218633864944375,0.0362842830426075));
#4811=CARTESIAN_POINT('',(-0.0130555624116664,0.0219994580362019,0.0357764571353012));
#4812=CARTESIAN_POINT('',(-0.0111023174185004,0.019077823369121,0.0379999991926179));
#4813=CARTESIAN_POINT('',(-0.0111023174185004,0.0196905539872194,0.0380000199731443));
#4814=CARTESIAN_POINT('',(-0.0111023174185004,0.0203734236677796,0.0378017177667742));
#4815=CARTESIAN_POINT('',(-0.0111023174185004,0.0214613618264775,0.0369745524281911));
#4816=CARTESIAN_POINT('',(-0.0111023174185004,0.021840869856847,0.036368316278134));
#4817=CARTESIAN_POINT('',(-0.0111023174185004,0.0219994580362003,0.0357764571353076));
#4818=CARTESIAN_POINT('',(-0.0169813252835791,0.0211643994247746,0.0360602377761851));
#4819=CARTESIAN_POINT('',(-0.0159476388762787,0.0215889474334364,0.036232120439565));
#4820=CARTESIAN_POINT('',(-0.0146472644628568,0.0219118622914551,0.0361033689052235));
#4821=CARTESIAN_POINT('',(-0.0131613031426919,0.0220419211572126,0.0356179826102418));
#4822=CARTESIAN_POINT('',(-0.0111023174185004,0.0196471161630648,0.03795));
#4823=CARTESIAN_POINT('',(-0.0115712815194363,0.0196471161645119,0.03795));
#4824=CARTESIAN_POINT('',(-0.011932851523815,0.0195687886043018,0.03795));
#4825=CARTESIAN_POINT('',(-0.0121870274316365,0.0194121334824345,0.03795));
#4826=CARTESIAN_POINT('',(0.0202,-0.0182,0.023375));
#4827=CARTESIAN_POINT('',(0.0109640868943678,-0.0182,0.0183802118057707));
#4828=CARTESIAN_POINT('',(0.012545506775781,-0.0182000000000005,0.0161875989759597));
#4829=CARTESIAN_POINT('',(0.0118807243401795,-0.0177850190748384,0.0162893426983768));
#4830=CARTESIAN_POINT('',(0.0111577015458294,-0.0172801144342726,0.0163999999999991));
#4831=CARTESIAN_POINT('',(0.00343323443575946,-0.0172,0.0307242784264159));
#4832=CARTESIAN_POINT('',(0.00388228026938533,-0.0172,0.0297794350362476));
#4833=CARTESIAN_POINT('',(0.00434084304739759,-0.0172,0.0288394840636291));
#4834=CARTESIAN_POINT('',(0.00536995206819258,-0.0172,0.0267803991115135));
#4835=CARTESIAN_POINT('',(0.00594430967935565,-0.0172,0.0256632244657205));
#4836=CARTESIAN_POINT('',(0.00710990882278303,-0.0172,0.023437554760309));
#4837=CARTESIAN_POINT('',(0.00770079444852342,-0.0172,0.0223288767409914));
#4838=CARTESIAN_POINT('',(0.008889283375881,-0.0172,0.0201149740851172));
#4839=CARTESIAN_POINT('',(0.00948682560353488,-0.0172,0.0190097180539467));
#4840=CARTESIAN_POINT('',(0.0100844761224029,-0.0172,0.0179045176920345));
#4841=CARTESIAN_POINT('',(0.00433643325620187,-0.0182,0.0311535014136677));
#4842=CARTESIAN_POINT('',(0.00478258788333174,-0.0182,0.030214740533116));
#4843=CARTESIAN_POINT('',(0.00523814733944787,-0.0182,0.0292809424589014));
#4844=CARTESIAN_POINT('',(0.00626110174551047,-0.0182,0.0272341688521451));
#4845=CARTESIAN_POINT('',(0.00683246353018498,-0.0182,0.0261227982376172));
#4846=CARTESIAN_POINT('',(0.00799351434887909,-0.0182,0.0239058110969328));
#4847=CARTESIAN_POINT('',(0.00858283339346254,-0.0182,0.0228000572279195));
#4848=CARTESIAN_POINT('',(0.00976938994438847,-0.0182,0.0205897551140237));
#4849=CARTESIAN_POINT('',(0.0103665290228492,-0.0182,0.0194852401016601));
#4850=CARTESIAN_POINT('',(0.0109640868943678,-0.0182,0.0183802118057707));
#4851=CARTESIAN_POINT('',(0.0043418940867194,-0.0182060461001431,0.0311560965388324));
#4852=CARTESIAN_POINT('',(0.00478803123332527,-0.0182060461001431,0.0302173724337429));
#4853=CARTESIAN_POINT('',(0.00524357253105645,-0.0182060461001431,0.0292836115605682));
#4854=CARTESIAN_POINT('',(0.00626648972570203,-0.0182060461001431,0.0272369123894389));
#4855=CARTESIAN_POINT('',(0.00683783339730958,-0.0182060461001431,0.0261255768666652));
#4856=CARTESIAN_POINT('',(0.00799885671637687,-0.0182060461001431,0.0239086422216367));
#4857=CARTESIAN_POINT('',(0.00858816628925376,-0.0182060461001431,0.022802906032329));
#4858=CARTESIAN_POINT('',(0.00977471115683827,-0.0182060461001431,0.0205926256876705));
#4859=CARTESIAN_POINT('',(0.0103718477978186,-0.0182060461001431,0.0194881151555808));
#4860=CARTESIAN_POINT('',(0.0109694051091821,-0.0182060461001431,0.0183830879000198));
#4861=CARTESIAN_POINT('',(1.74102534518962,2.5880761653677,1.76781217507961));
#4862=CARTESIAN_POINT('',(0.000180797594188327,-0.016,0.0379959651291324));
#4863=CARTESIAN_POINT('',(0.000438295927562809,-0.016,0.0373889714549247));
#4864=CARTESIAN_POINT('',(0.000698108531555815,-0.016,0.0367829397153959));
#4865=CARTESIAN_POINT('',(0.00128234691383613,-0.016,0.0354371272570817));
#4866=CARTESIAN_POINT('',(0.00160816460729799,-0.016,0.0346979584460834));
#4867=CARTESIAN_POINT('',(0.00226992266803816,-0.016,0.0332236949353713));
#4868=CARTESIAN_POINT('',(0.00260579181903757,-0.016,0.0324888505973289));
#4869=CARTESIAN_POINT('',(0.00317223373009322,-0.016,0.031274189526653));
#4870=CARTESIAN_POINT('',(0.00339974401645044,-0.016,0.030792700072835));
#4871=CARTESIAN_POINT('',(0.00362970179653539,-0.016,0.0303124480822545));
#4872=CARTESIAN_POINT('',(0.00110139001777158,-0.0170000035094682,0.0383864988600667));
#4873=CARTESIAN_POINT('',(0.00135789786819672,-0.0170000035094681,0.0377818400791786));
#4874=CARTESIAN_POINT('',(0.00161661625896573,-0.0170000035094682,0.0371783632647439));
#4875=CARTESIAN_POINT('',(0.00219815900917758,-0.0170000035094682,0.0358387603890866));
#4876=CARTESIAN_POINT('',(0.00252231352657287,-0.0170000035094682,0.0351033703692372));
#4877=CARTESIAN_POINT('',(0.00318038883951661,-0.0170000035094682,0.0336373116114677));
#4878=CARTESIAN_POINT('',(0.00351423589609478,-0.0170000035094682,0.0329068959741494));
#4879=CARTESIAN_POINT('',(0.00407711880211704,-0.0170000035094682,0.0316998670474712));
#4880=CARTESIAN_POINT('',(0.0043031620330762,-0.0170000035094682,0.0312214824705653));
#4881=CARTESIAN_POINT('',(0.00453163562413153,-0.0170000035094682,0.030744330320393));
#4882=CARTESIAN_POINT('',(1.75605914271226,2.61180761710769,1.78276210744582));
#4883=CARTESIAN_POINT('',(0.00437321297765715,-0.0166,0.031076179725576));
#4884=CARTESIAN_POINT('',(0.0202,-0.016,0.023375));
#4885=CARTESIAN_POINT('',(0.0111577015458294,-0.0160801144342726,0.0163999999999991));
#4886=CARTESIAN_POINT('',(0.011880724340179,-0.0165850190748381,0.0162893426983769));
#4887=CARTESIAN_POINT('',(0.0125455067757802,-0.017,0.0161875989759599));
#4888=CARTESIAN_POINT('',(0.016,-0.017,0.0137515910405927));
#4889=CARTESIAN_POINT('',(0.0155159397500402,-0.0165159397500402,0.0134346992211127));
#4890=CARTESIAN_POINT('',(0.015,-0.016,0.0131178074016327));
#4891=CARTESIAN_POINT('',(0.00348038420213623,0.041,0.0126277465397452));
#4892=CARTESIAN_POINT('',(0.00290813074188143,0.0185579798566743,0.0132));
#4893=CARTESIAN_POINT('',(-0.0057543608336541,0.0189,0.038));
#4894=CARTESIAN_POINT('',(-0.00405576773953911,0.0189,0.0333331538290775));
#4895=CARTESIAN_POINT('',(-0.00405576773953911,0.041,0.0333331538290775));
#4896=CARTESIAN_POINT('',(-0.0047889215686166,0.0160603073792141,0.0326));
#4897=CARTESIAN_POINT('',(-0.0057543608336541,0.017,0.038));
#4898=CARTESIAN_POINT('',(0.015,-0.016,0.038));
#4899=CARTESIAN_POINT('',(0.016,0.017,0.038));
#4900=CARTESIAN_POINT('',(0.0125455067757802,0.024,0.0161875989759599));
#4901=CARTESIAN_POINT('',(-0.0337839447396617,-0.024000025,0.0370502935465214));
#4902=CARTESIAN_POINT('',(-0.0337934469248218,-0.00916974750391418,0.0370502935465214));
#4903=CARTESIAN_POINT('',(-0.0337935062072422,-0.00916991522298711,0.0370502935465214));
#4904=CARTESIAN_POINT('',(-0.0337934440858573,0.00916973930976311,0.0370502930972293));
#4905=CARTESIAN_POINT('',(-0.0337933741324994,0.00916969099148308,0.0370502935465214));
#4906=CARTESIAN_POINT('',(-0.0347204885098938,0.00782743093259271,0.0370502935465214));
#4907=CARTESIAN_POINT('',(-0.0351858313538124,0.00623006263094285,0.0370502935465214));
#4908=CARTESIAN_POINT('',(-0.0352,0.00460078009881574,0.0370502935465214));
#4909=CARTESIAN_POINT('',(-0.0352,-0.00460078009882615,0.0370502935465214));
#4910=CARTESIAN_POINT('',(-0.0351858285449329,-0.00622957437955965,0.0370502935465214));
#4911=CARTESIAN_POINT('',(-0.0347204788411118,-0.00782817246148962,0.0370502935465214));
#4912=CARTESIAN_POINT('',(-0.0337930518022376,-0.00916960105979866,0.0370502935465214));
#4913=CARTESIAN_POINT('',(-0.0272057039302456,-0.012785632104135,0.0373589426320162));
#4914=CARTESIAN_POINT('',(-0.0272057039302456,0.012785632104135,0.0373589426320162));
#4915=CARTESIAN_POINT('',(-0.0278378425003009,-0.012785632104135,0.0372133050046772));
#4916=CARTESIAN_POINT('',(-0.0278378425003009,0.012785632104135,0.0372133050046772));
#4917=CARTESIAN_POINT('',(-0.0290799079092031,-0.012785632104135,0.0369178681657395));
#4918=CARTESIAN_POINT('',(-0.0290799079092031,0.012785632104135,0.0369178681657395));
#4919=CARTESIAN_POINT('',(-0.0309156613260636,-0.012785632104135,0.0366194286691171));
#4920=CARTESIAN_POINT('',(-0.0309156613260636,0.012785632104135,0.0366194286691171));
#4921=CARTESIAN_POINT('',(-0.032566654003668,-0.012785632104135,0.0366602933419439));
#4922=CARTESIAN_POINT('',(-0.032566654003668,0.012785632104135,0.0366602933419439));
#4923=CARTESIAN_POINT('',(-0.0334294545001954,-0.012785632104135,0.036907139817203));
#4924=CARTESIAN_POINT('',(-0.0334294545001954,0.012785632104135,0.036907139817203));
#4925=CARTESIAN_POINT('',(-0.0337934469180258,-0.012785632104135,0.0370502935438486));
#4926=CARTESIAN_POINT('',(-0.0337934469180258,0.012785632104135,0.0370502935438486));
#4927=CARTESIAN_POINT('',(-0.0315447718881695,0.0113680303623331,0.0485023217244637));
#4928=CARTESIAN_POINT('',(-0.0315417967387062,0.011370721160237,0.0366502884309391));
#4929=CARTESIAN_POINT('',(-0.0315417967433185,0.0113707211583934,0.0366502884309389));
#4930=CARTESIAN_POINT('',(-0.0324277419379555,0.0107584619543258,0.0366499920373258));
#4931=CARTESIAN_POINT('',(-0.033195894673568,0.010034712805419,0.0368152935235336));
#4932=CARTESIAN_POINT('',(-0.0337933775399754,0.00916968605819455,0.0370502662588925));
#4933=CARTESIAN_POINT('',(-0.0315417967397798,-0.0113680564134414,0.0366502884309391));
#4934=CARTESIAN_POINT('',(-0.0324283804076583,-0.0107575409651715,0.0366499918236269));
#4935=CARTESIAN_POINT('',(-0.0331955623534786,-0.0100338165959479,0.0368152066536918));
#4936=CARTESIAN_POINT('',(-0.0337930706168339,-0.00916957384627857,0.0370501455661479));
#4937=CARTESIAN_POINT('',(-0.0315417967378453,-0.0113680564134317,0.0366502884309394));
#4938=CARTESIAN_POINT('',(-0.0315450353248931,-0.0113652165234309,0.0485577901866484));
#4939=CARTESIAN_POINT('',(-0.0272057039302456,-0.0126340238183153,0.0373589426320162));
#4940=CARTESIAN_POINT('',(-0.0272057039302454,-0.00473281318469168,0.0373589426320163));
#4941=CARTESIAN_POINT('',(-0.0272057039302456,-0.00473281318469168,0.0373589426320162));
#4942=CARTESIAN_POINT('',(-0.0273834406146578,-0.00473281318469168,0.0373179940959909));
#4943=CARTESIAN_POINT('',(-0.0275601992127254,-0.00473281318469168,0.0372769103342927));
#4944=CARTESIAN_POINT('',(-0.0277362097250098,-0.00473281318469168,0.037236249023827));
#4945=CARTESIAN_POINT('',(-0.0277362097250353,-0.00473281318469168,0.0372362490238211));
#4946=CARTESIAN_POINT('',(-0.0277362097250353,-4.77048955893622E-18,0.0372362490238211));
#4947=CARTESIAN_POINT('',(-0.0277361825439849,0.00473281318469168,0.0372362553030928));
#4948=CARTESIAN_POINT('',(-0.0272057039302456,0.00473281318469168,0.0373589426320162));
#4949=CARTESIAN_POINT('',(-0.0273834223162606,0.00473281318469168,0.0373179983117361));
#4950=CARTESIAN_POINT('',(-0.0275601628173131,0.00473281318469168,0.0372769187936252));
#4951=CARTESIAN_POINT('',(-0.0277361553629346,0.00473281318469168,0.0372362615823645));
#4952=CARTESIAN_POINT('',(-0.021837224063905,-0.0135329393076038,0.03795));
#4953=CARTESIAN_POINT('',(-0.021837224063905,-0.00473281318469168,0.03795));
#4954=CARTESIAN_POINT('',(-0.0236791988312286,-0.0135329393076038,0.0379499999999998));
#4955=CARTESIAN_POINT('',(-0.0236791988312286,-0.00473281318469168,0.0379499999999998));
#4956=CARTESIAN_POINT('',(-0.0255202790066119,-0.0135329393076038,0.0377472456064827));
#4957=CARTESIAN_POINT('',(-0.0255202790066119,-0.00473281318469168,0.0377472456064827));
#4958=CARTESIAN_POINT('',(-0.0272057039318968,-0.0135329393076037,0.0373589426316358));
#4959=CARTESIAN_POINT('',(-0.0272057039318968,-0.00473281318469168,0.0373589426316358));
#4960=CARTESIAN_POINT('',(-0.0225269872064309,-0.00473281318469168,0.0326911165617348));
#4961=CARTESIAN_POINT('',(0.014353281747604,-0.024000025,0.03795));
#4962=CARTESIAN_POINT('',(-0.0218372240639029,0.00473281318469168,0.03795));
#4963=CARTESIAN_POINT('',(-0.00673616232194079,0.00473281318469168,0.03795));
#4964=CARTESIAN_POINT('',(-0.00673616232194079,0.00368135096045342,0.03795));
#4965=CARTESIAN_POINT('',(-0.0277361623219408,0.00473281318469168,0.03795));
#4966=CARTESIAN_POINT('',(-0.0269435089584195,0.00473281318469168,0.03795));
#4967=CARTESIAN_POINT('',(-0.0269435089584195,0.00473281318469168,0.03795));
#4968=CARTESIAN_POINT('',(-0.0269435089584195,0.00473281318469168,0.03795));
#4969=CARTESIAN_POINT('',(-0.0277361623219408,-0.00473281318469168,0.0367161105388817));
#4970=CARTESIAN_POINT('',(-0.0277361623219408,-0.00473281318469168,0.0372362917057592));
#4971=CARTESIAN_POINT('',(-0.0269435089584195,-0.00473281318469168,0.03795));
#4972=CARTESIAN_POINT('',(-0.0269435089584195,-0.00473281318469168,0.03795));
#4973=CARTESIAN_POINT('',(-0.00573616232194079,0.,0.));
#4974=CARTESIAN_POINT('',(-0.00573616232194079,0.00368135096045342,0.03795));
#4975=CARTESIAN_POINT('',(-0.00573616232194079,0.00494853777576173,0.04185));
#4976=CARTESIAN_POINT('',(-0.00573616232194079,0.00494853777576173,0.04185));
#4977=CARTESIAN_POINT('',(-0.00573616232194079,-0.00494853777576173,0.04185));
#4978=CARTESIAN_POINT('',(-0.00573616232194079,-0.00494853777576173,0.04185));
#4979=CARTESIAN_POINT('',(-0.0277361623219408,-0.00473281318469168,0.03795));
#4980=CARTESIAN_POINT('',(-0.00673616232194079,-0.006,0.04185));
#4981=CARTESIAN_POINT('',(-0.00673616232194079,-0.006,0.04185));
#4982=CARTESIAN_POINT('',(-0.0226121201505857,-0.006,0.04185));
#4983=CARTESIAN_POINT('',(-0.0226121201505857,-0.006,0.04185));
#4984=CARTESIAN_POINT('',(-0.0269435089584195,-0.00473281318469168,0.03795));
#4985=CARTESIAN_POINT('',(-0.0277361623219408,-0.006,0.04185));
#4986=CARTESIAN_POINT('',(-0.00673616232194079,0.00494853777576173,0.04185));
#4987=CARTESIAN_POINT('',(-0.00673616232194079,0.006,0.04185));
#4988=CARTESIAN_POINT('',(-0.0226121201505857,0.006,0.04185));
#4989=CARTESIAN_POINT('',(-0.0226121201505857,0.006,0.04185));
#4990=CARTESIAN_POINT('',(-0.0226121201505857,-0.006,0.04185));
#4991=CARTESIAN_POINT('',(-0.00673616232194079,-0.00494853777576173,0.04185));
#4992=CARTESIAN_POINT('',(-0.0277361623219408,0.006,0.04185));
#4993=CARTESIAN_POINT('',(-0.00673616232194079,0.00473281318469168,0.03795));
#4994=CARTESIAN_POINT('',(-0.0226121201505857,0.006,0.04185));
#4995=CARTESIAN_POINT('',(-0.0277361623219408,-0.024000025,0.0372362917057592));
#4996=CARTESIAN_POINT('',(-0.0253580712868177,0.,0.0393775344914925));
#4997=CARTESIAN_POINT('',(-0.0248432054487742,0.,0.0398411217743377));
#4998=CARTESIAN_POINT('',(-0.0128436552207332,-0.024243890542032,0.137627988879726));
#4999=CARTESIAN_POINT('',(-0.0315417967395475,-0.0113680564133282,0.0366502977089849));
#5000=CARTESIAN_POINT('',(-0.0315417967395476,-0.0113680564133282,0.005));
#5001=CARTESIAN_POINT('',(-0.0315417967395476,-0.0113680564133284,0.005));
#5002=CARTESIAN_POINT('',(-0.0152470115881904,-0.0225889015738287,0.0272571129030342));
#5003=CARTESIAN_POINT('',(-0.0152470115881904,-0.0225889015738287,0.0272571129030342));
#5004=CARTESIAN_POINT('',(-0.0186374846624174,-0.020254168526822,0.0359704552565732));
#5005=CARTESIAN_POINT('',(-0.045384378402524,-0.00787480152736677,0.11635908522379));
#5006=CARTESIAN_POINT('',(-0.0117004667357802,0.0230478760669901,0.0318637077768288));
#5007=CARTESIAN_POINT('',(-0.0122061380437885,0.0231161076559619,0.0316090640201048));
#5008=CARTESIAN_POINT('',(-0.0134270890258761,0.0229720865111854,0.0315728819420632));
#5009=CARTESIAN_POINT('',(-0.0146708991301586,0.0224058572295639,0.0328072358071503));
#5010=CARTESIAN_POINT('',(-0.0146256873742782,0.0221514233588673,0.0346281414772091));
#5011=CARTESIAN_POINT('',(-0.013691266476462,0.0220950268140232,0.0354197896008555));
#5012=CARTESIAN_POINT('',(-0.0131443786165712,0.0220535756519022,0.0355744874439237));
#5013=CARTESIAN_POINT('',(-0.0107136601228342,0.016,0.0272571129030342));
#5014=CARTESIAN_POINT('',(-0.0152508813043944,0.0225889015738287,0.0272571129030342));
#5015=CARTESIAN_POINT('',(-0.0186405524383849,0.0202547207554729,0.0359683943111906));
#5016=CARTESIAN_POINT('',(-0.0107097904066303,-0.016,0.011));
#5017=CARTESIAN_POINT('',(-0.0107097904066303,-0.016,0.0272571129030342));
#5018=CARTESIAN_POINT('',(0.0016362227213418,-0.0245016586823141,-0.00447150924797102));
#5019=CARTESIAN_POINT('',(-0.0352,0.0182,0.038));
#5020=CARTESIAN_POINT('',(-0.0126,0.0182,0.03365));
#5021=CARTESIAN_POINT('',(-0.0112006733189733,0.0182,0.0322210546407344));
#5022=CARTESIAN_POINT('',(-0.0112006733189733,0.0182,0.0350789453592656));
#5023=CARTESIAN_POINT('',(-0.00974148236131318,0.0182,0.03365));
#5024=CARTESIAN_POINT('',(-0.00974148236131318,0.0182,0.03365));
#5025=CARTESIAN_POINT('',(-0.0112006733189733,0.0182,0.0322210546407344));
#5026=CARTESIAN_POINT('',(-0.0126,0.00970673426229027,0.03365));
#5027=CARTESIAN_POINT('',(-0.0112006733189733,0.0182,0.0350789453592656));
#5028=CARTESIAN_POINT('',(-0.0112006733189733,0.0182,0.0322210546407344));
#5029=CARTESIAN_POINT('',(-0.00974148236131318,0.00970673426229027,0.03365));
#5030=CARTESIAN_POINT('',(-0.00974148236131318,0.0182,0.03365));
#5031=CARTESIAN_POINT('',(-0.0112006733189733,0.00970673426229027,0.0350789453592656));
#5032=CARTESIAN_POINT('',(-0.0352,0.0182,0.038));
#5033=CARTESIAN_POINT('',(-0.0126,0.0182,0.01315));
#5034=CARTESIAN_POINT('',(-0.0112006733189733,0.0182,0.0117210546407344));
#5035=CARTESIAN_POINT('',(-0.0112006733189733,0.0182,0.0145789453592656));
#5036=CARTESIAN_POINT('',(-0.00974148236131317,0.0182,0.01315));
#5037=CARTESIAN_POINT('',(-0.00974148236131317,0.0182,0.01315));
#5038=CARTESIAN_POINT('',(-0.0112006733189733,0.0182,0.0117210546407344));
#5039=CARTESIAN_POINT('',(-0.0126,0.00970673426229027,0.01315));
#5040=CARTESIAN_POINT('',(-0.0112006733189733,0.0239851623744785,0.0117210546407344));
#5041=CARTESIAN_POINT('',(-0.0114899546096158,0.0239675191758393,0.0114377694712259));
#5042=CARTESIAN_POINT('',(-0.0122322946535282,0.0238871194053644,0.0110628815841771));
#5043=CARTESIAN_POINT('',(-0.013435163855137,0.0235536593812817,0.0112114505250989));
#5044=CARTESIAN_POINT('',(-0.0143469301094376,0.023139652638921,0.0119585138131908));
#5045=CARTESIAN_POINT('',(-0.0147265342591724,0.022919058628219,0.0131456142503446));
#5046=CARTESIAN_POINT('',(-0.0143469235612036,0.0231396783705866,0.0143440951981509));
#5047=CARTESIAN_POINT('',(-0.0134339875323135,0.0235541507554327,0.015088667941817));
#5048=CARTESIAN_POINT('',(-0.0122308475404687,0.0238873110320861,0.0152366683298974));
#5049=CARTESIAN_POINT('',(-0.0114902352762645,0.0239675020580456,0.0148625053778629));
#5050=CARTESIAN_POINT('',(-0.0112006733189733,0.0239851623744785,0.0145789453592656));
#5051=CARTESIAN_POINT('',(-0.0112006733189733,0.0239851623744785,0.0117210546407344));
#5052=CARTESIAN_POINT('',(-0.0112006733189733,0.0239851623744785,0.0145789453592656));
#5053=CARTESIAN_POINT('',(-0.0112006733189733,0.0182,0.0145789453592656));
#5054=CARTESIAN_POINT('',(-0.0112006733189733,0.0182,0.0117210546407344));
#5055=CARTESIAN_POINT('',(-0.0112006733189733,0.00970673426229027,0.0117210546407344));
#5056=CARTESIAN_POINT('',(-0.0107136601228342,0.016,0.012197973198152));
#5057=CARTESIAN_POINT('',(-0.00974148236131317,0.0182,0.01315));
#5058=CARTESIAN_POINT('',(-0.00974148236131317,0.00970673426229027,0.01315));
#5059=CARTESIAN_POINT('',(-0.0107136601228342,0.016,0.014102026801848));
#5060=CARTESIAN_POINT('',(-0.0352,0.0182,0.038));
#5061=CARTESIAN_POINT('',(0.0119,0.0182,0.01315));
#5062=CARTESIAN_POINT('',(0.0132993266810267,0.0182,0.0117210546407344));
#5063=CARTESIAN_POINT('',(0.0132993266810267,0.0182,0.0145789453592656));
#5064=CARTESIAN_POINT('',(0.0147585176386868,0.0182,0.01315));
#5065=CARTESIAN_POINT('',(0.0147585176386868,0.0182,0.01315));
#5066=CARTESIAN_POINT('',(0.0132993266810267,0.0182,0.0117210546407344));
#5067=CARTESIAN_POINT('',(0.0119,-0.00970673426229027,0.01315));
#5068=CARTESIAN_POINT('',(0.0132993266810267,-0.00970673426229027,0.0117210546407344));
#5069=CARTESIAN_POINT('',(0.0132993266810267,-0.00970673426229027,0.0145789453592656));
#5070=CARTESIAN_POINT('',(0.0132993266810267,-0.00970673426229027,0.0117210546407344));
#5071=CARTESIAN_POINT('',(0.0147585176386868,-0.00970673426229027,0.01315));
#5072=CARTESIAN_POINT('',(0.0147585176386868,-0.00970673426229027,0.01315));
#5073=CARTESIAN_POINT('',(-0.0177496191564565,0.,0.0369053985364928));
#5074=CARTESIAN_POINT('',(-0.0177496191564565,0.,0.0369053985364928));
#5075=CARTESIAN_POINT('',(-0.0179350293530815,0.,0.0363347646267157));
#5076=CARTESIAN_POINT('',(-0.0175642089598315,0.,0.0374760324462699));
#5077=CARTESIAN_POINT('',(-0.00673616232194079,-0.00782341193739015,0.00254198063020166));
#5078=CARTESIAN_POINT('',(-0.00673616232194079,0.00782341193739015,0.00254198063020166));
#5079=CARTESIAN_POINT('',(-0.0352,0.000349999999999996,0.0234));
#5080=CARTESIAN_POINT('',(-0.0352,0.000349999999999996,0.0234));
#5081=CARTESIAN_POINT('',(-0.0352,-0.0046007800988346,0.0227001597232355));
#5082=CARTESIAN_POINT('',(-0.0352,-0.00460078009883475,0.0227001597232355));
#5083=CARTESIAN_POINT('',(-0.0351998559354196,-0.00461733814198388,0.022817293922595));
#5084=CARTESIAN_POINT('',(-0.0351997035691985,-0.00462973399865734,0.0229349794686854));
#5085=CARTESIAN_POINT('',(-0.0351995969154493,-0.0046379441362643,0.0230529938134483));
#5086=CARTESIAN_POINT('',(-0.0351994925391334,-0.00464597895850802,0.0231684881361713));
#5087=CARTESIAN_POINT('',(-0.0351994319228094,-0.00464999999998788,0.02328422622762));
#5088=CARTESIAN_POINT('',(-0.0351994319228094,-0.00464999999998788,0.0234));
#5089=CARTESIAN_POINT('',(-0.0351994319228094,-0.00464999999998789,0.02351577377238));
#5090=CARTESIAN_POINT('',(-0.0351994925391334,-0.00464597895850802,0.0236315118638286));
#5091=CARTESIAN_POINT('',(-0.0351995969154493,-0.0046379441362643,0.0237470061865517));
#5092=CARTESIAN_POINT('',(-0.0351997035691985,-0.00462973399865734,0.0238650205313145));
#5093=CARTESIAN_POINT('',(-0.0351998559354196,-0.0046173381419839,0.0239827060774049));
#5094=CARTESIAN_POINT('',(-0.0352,-0.00460078009883475,0.0240998402767645));
#5095=CARTESIAN_POINT('',(-0.0352,0.00460078009881699,0.0260326542787357));
#5096=CARTESIAN_POINT('',(-0.0351957302935675,0.00509176265403914,0.0252398958480286));
#5097=CARTESIAN_POINT('',(-0.0351273244449033,0.00560825202664928,0.0234065386413279));
#5098=CARTESIAN_POINT('',(-0.0351957305857717,0.00509172905267995,0.0215600498979546));
#5099=CARTESIAN_POINT('',(-0.0352,0.00460078009883084,0.0207673457212561));
#5100=CARTESIAN_POINT('',(-0.0352,0.00460078009883434,0.0207673457212635));
#5101=CARTESIAN_POINT('',(-0.0352,0.000349999999999996,0.0234));
#5102=CARTESIAN_POINT('',(-0.0352000000000002,-0.00460078009881621,0.0370502935465214));
#5103=CARTESIAN_POINT('',(-0.0352000000000002,-0.00460078009881621,0.00500000000000001));
#5104=CARTESIAN_POINT('',(-0.0351882902784847,-0.00594663536513913,0.0370502935465214));
#5105=CARTESIAN_POINT('',(-0.0351882902784847,-0.00594663536513913,0.005));
#5106=CARTESIAN_POINT('',(-0.0345492299702254,-0.00854792380281457,0.0370502935465214));
#5107=CARTESIAN_POINT('',(-0.0345492299702254,-0.00854792380281457,0.00500000000000003));
#5108=CARTESIAN_POINT('',(-0.0327761185878025,-0.0105180829885979,0.0370502935465214));
#5109=CARTESIAN_POINT('',(-0.0327761185878025,-0.0105180829885979,0.00500000000000002));
#5110=CARTESIAN_POINT('',(-0.0315417967404218,-0.0113680564127262,0.0370502935465214));
#5111=CARTESIAN_POINT('',(-0.0315417967404218,-0.0113680564127262,0.00500000000000002));
#5112=CARTESIAN_POINT('',(-0.0352,-0.00460078009883475,0.0227001597232355));
#5113=CARTESIAN_POINT('',(-0.0352,-0.00460078009883505,0.005));
#5114=CARTESIAN_POINT('',(-0.0315417967405862,-0.011368056412613,0.005));
#5115=CARTESIAN_POINT('',(-0.032095765606259,-0.0109865847447896,0.005));
#5116=CARTESIAN_POINT('',(-0.0331197104708962,-0.0101341918200111,0.00500000000000002));
#5117=CARTESIAN_POINT('',(-0.034709893382955,-0.00794253323042641,0.00499999999999999));
#5118=CARTESIAN_POINT('',(-0.0351882761211606,-0.00594826253511083,0.005));
#5119=CARTESIAN_POINT('',(-0.0352,-0.00460078009882585,0.005));
#5120=CARTESIAN_POINT('',(-0.0315417967431833,0.0113707211582128,0.0370502935465214));
#5121=CARTESIAN_POINT('',(-0.0315417967431833,0.0113707211582128,0.0190502935465213));
#5122=CARTESIAN_POINT('',(-0.0328037839654321,0.010498586745959,0.0370502935465214));
#5123=CARTESIAN_POINT('',(-0.0328037839654321,0.010498586745959,0.0190502935465214));
#5124=CARTESIAN_POINT('',(-0.0345606452912485,0.00851267847480781,0.0370502935465214));
#5125=CARTESIAN_POINT('',(-0.0345606452912485,0.00851267847480781,0.0190502935465214));
#5126=CARTESIAN_POINT('',(-0.0351883490773021,0.00594054429281524,0.0370502935465214));
#5127=CARTESIAN_POINT('',(-0.0351883490773021,0.00594054429281524,0.0190502935465214));
#5128=CARTESIAN_POINT('',(-0.0352000000000003,0.00460078009879754,0.0370502935465214));
#5129=CARTESIAN_POINT('',(-0.0352000000000003,0.00460078009879754,0.0190502935465214));
#5130=CARTESIAN_POINT('',(-0.0352,0.00460078009881607,0.0190502935465214));
#5131=CARTESIAN_POINT('',(-0.035194142272108,0.00527437259370179,0.0190502935465214));
#5132=CARTESIAN_POINT('',(-0.0350320801993914,0.00659662493546324,0.0190502935465214));
#5133=CARTESIAN_POINT('',(-0.0343120801665834,0.00849208965984314,0.0190502935465214));
#5134=CARTESIAN_POINT('',(-0.0331263012561286,0.010128005853312,0.0190502935465214));
#5135=CARTESIAN_POINT('',(-0.0320955483316428,0.0109880343864124,0.0190502935465214));
#5136=CARTESIAN_POINT('',(-0.0315417967431833,0.0113707211582128,0.0190502935465214));
#5137=CARTESIAN_POINT('',(-0.0315417967394683,0.0113707211607807,0.0190502935465213));
#5138=CARTESIAN_POINT('',(-0.0352,0.00460078009883479,0.0207673457212634));
#5139=CARTESIAN_POINT('',(-0.0315417967395561,0.0113707211607206,0.0366502977089849));
#5140=CARTESIAN_POINT('',(-0.0128436552207331,0.0242465552894305,0.137627988879726));
#5141=CARTESIAN_POINT('',(-0.0152508813043944,0.0225889015738287,0.00545532088689266));
#5142=CARTESIAN_POINT('',(-0.015232274768219,0.0226017143270781,0.0190502935465214));
#5143=CARTESIAN_POINT('',(-0.0107136601228342,0.016,0.011));
#5144=CARTESIAN_POINT('',(-0.0292,0.0226007800988348,0.0190502935465214));
#5145=CARTESIAN_POINT('',(-0.0128436552207331,0.0242465552894305,0.137627988879726));
#5146=CARTESIAN_POINT('',(-0.015232274768219,0.0226017143270781,0.005));
#5147=CARTESIAN_POINT('',(-0.0352,0.0226007800988348,0.005));
#5148=CARTESIAN_POINT('',(-0.0352,0.0226007800988348,0.005));
#5149=CARTESIAN_POINT('',(-0.0352,-0.00260078009883475,0.005));
#5150=CARTESIAN_POINT('',(-0.0292,0.0226007800988348,0.005));
#5151=CARTESIAN_POINT('',(-0.0352,0.0126007800988348,0.005));
#5152=CARTESIAN_POINT('',(-0.0472,2.08166817117217E-17,-0.007));
#5153=CARTESIAN_POINT('',(-0.0482,-0.008,0.0020502935465214));
#5154=CARTESIAN_POINT('',(-0.0502,-0.008,0.0020502935465214));
#5155=CARTESIAN_POINT('',(-0.0502,-0.008,0.0043002935465214));
#5156=CARTESIAN_POINT('',(-0.0532,-0.008,0.0020502935465214));
#5157=CARTESIAN_POINT('',(-0.0532,-0.008,0.0043002935465214));
#5158=CARTESIAN_POINT('',(-0.0482,-0.008,-0.0259497064534786));
#5159=CARTESIAN_POINT('',(-0.0502,-0.008,-0.0259497064534786));
#5160=CARTESIAN_POINT('',(-0.0502,-0.008,-0.0236997064534786));
#5161=CARTESIAN_POINT('',(-0.0532,-0.008,-0.0259497064534786));
#5162=CARTESIAN_POINT('',(-0.0532,-0.008,-0.0236997064534786));
#5163=CARTESIAN_POINT('',(-0.0482,0.028,-0.0259497064534786));
#5164=CARTESIAN_POINT('',(-0.0502,0.028,-0.0259497064534786));
#5165=CARTESIAN_POINT('',(-0.0502,0.028,-0.0236997064534786));
#5166=CARTESIAN_POINT('',(-0.0532,0.028,-0.0259497064534786));
#5167=CARTESIAN_POINT('',(-0.0532,0.028,-0.0236997064534786));
#5168=CARTESIAN_POINT('',(-0.0482,0.028,0.00205029354652139));
#5169=CARTESIAN_POINT('',(-0.0502,0.028,0.0020502935465214));
#5170=CARTESIAN_POINT('',(-0.0502,0.028,0.0043002935465214));
#5171=CARTESIAN_POINT('',(-0.0532,0.028,0.0020502935465214));
#5172=CARTESIAN_POINT('',(-0.0532,0.028,0.0043002935465214));
#5173=CARTESIAN_POINT('',(-0.0532,-0.01,-0.0259497064534786));
#5174=CARTESIAN_POINT('',(-0.0532,-0.01,-0.0259497064534786));
#5175=CARTESIAN_POINT('',(-0.0532,-0.01,-0.0309497064534786));
#5176=CARTESIAN_POINT('',(-0.0532,-0.015,-0.0259497064534786));
#5177=CARTESIAN_POINT('',(-0.0532,-0.01,-0.0309497064534786));
#5178=CARTESIAN_POINT('',(-0.0502,-0.01,-0.0309497064534786));
#5179=CARTESIAN_POINT('',(-0.0502,-0.01,-0.0259497064534786));
#5180=CARTESIAN_POINT('',(-0.0502,-0.015,-0.0259497064534786));
#5181=CARTESIAN_POINT('',(-0.0502,-0.015,-0.0259497064534786));
#5182=CARTESIAN_POINT('',(-0.0532,0.03,-0.0259497064534786));
#5183=CARTESIAN_POINT('',(-0.0532,0.03,-0.0259497064534786));
#5184=CARTESIAN_POINT('',(-0.0532,0.035,-0.0259497064534786));
#5185=CARTESIAN_POINT('',(-0.0532,0.03,-0.0309497064534786));
#5186=CARTESIAN_POINT('',(-0.0532,0.035,-0.0259497064534786));
#5187=CARTESIAN_POINT('',(-0.0502,0.035,-0.0259497064534786));
#5188=CARTESIAN_POINT('',(-0.0502,0.03,-0.0259497064534786));
#5189=CARTESIAN_POINT('',(-0.0502,0.03,-0.0309497064534786));
#5190=CARTESIAN_POINT('',(-0.0532,0.03,-0.0309497064534786));
#5191=CARTESIAN_POINT('',(-0.0532,0.03,0.00205029354652141));
#5192=CARTESIAN_POINT('',(-0.0532,0.03,0.00205029354652141));
#5193=CARTESIAN_POINT('',(-0.0532,0.03,0.00705029354652141));
#5194=CARTESIAN_POINT('',(-0.0532,0.035,0.00205029354652141));
#5195=CARTESIAN_POINT('',(-0.0532,0.03,0.00705029354652141));
#5196=CARTESIAN_POINT('',(-0.0502,0.03,0.00705029354652141));
#5197=CARTESIAN_POINT('',(-0.0502,0.03,0.00205029354652141));
#5198=CARTESIAN_POINT('',(-0.0502,0.035,0.00205029354652141));
#5199=CARTESIAN_POINT('',(-0.0502,0.035,0.00205029354652141));
#5200=CARTESIAN_POINT('',(-0.0532,-0.01,0.0020502935465214));
#5201=CARTESIAN_POINT('',(-0.0532,-0.01,0.0020502935465214));
#5202=CARTESIAN_POINT('',(-0.0532,-0.015,0.0020502935465214));
#5203=CARTESIAN_POINT('',(-0.0532,-0.01,0.0070502935465214));
#5204=CARTESIAN_POINT('',(-0.0532,-0.015,0.0020502935465214));
#5205=CARTESIAN_POINT('',(-0.0502,-0.015,0.0020502935465214));
#5206=CARTESIAN_POINT('',(-0.0502,-0.01,0.0020502935465214));
#5207=CARTESIAN_POINT('',(-0.0502,-0.01,0.0070502935465214));
#5208=CARTESIAN_POINT('',(-0.0532,-0.01,0.0070502935465214));
#5209=CARTESIAN_POINT('',(-0.0502,0.01,-0.00412477336512155));
#5210=CARTESIAN_POINT('',(-0.0502,-0.00980039004941737,0.0070502935465214));
#5211=CARTESIAN_POINT('',(-0.0502,-0.015,-0.0119497064534786));
#5212=CARTESIAN_POINT('',(-0.0502,0.01,-0.0309497064534786));
#5213=CARTESIAN_POINT('',(-0.0502,0.035,-0.0119497064534786));
#5214=CARTESIAN_POINT('',(-0.0532,0.01,-0.00412477336512155));
#5215=CARTESIAN_POINT('',(-0.0532,-0.015,-0.0119497064534786));
#5216=CARTESIAN_POINT('',(-0.0532,-0.00980039004941737,0.0070502935465214));
#5217=CARTESIAN_POINT('',(-0.0532,0.035,-0.0119497064534786));
#5218=CARTESIAN_POINT('',(-0.0532,0.01,-0.0309497064534786));
#5219=CARTESIAN_POINT('',(-0.0532,-0.015,-0.0119497064534786));
#5220=CARTESIAN_POINT('',(-0.0532,0.01,-0.0309497064534786));
#5221=CARTESIAN_POINT('',(-0.0532,0.035,-0.0119497064534786));
#5222=CARTESIAN_POINT('',(-0.0532,-0.00980039004941737,0.0070502935465214));
#5223=MECHANICAL_DESIGN_GEOMETRIC_PRESENTATION_REPRESENTATION('',(#2988),
#5224);
#5224=(
GEOMETRIC_REPRESENTATION_CONTEXT(3)
GLOBAL_UNCERTAINTY_ASSIGNED_CONTEXT((#5225))
GLOBAL_UNIT_ASSIGNED_CONTEXT((#5228,#5227,#5226))
REPRESENTATION_CONTEXT('Part 3','TOP_LEVEL_ASSEMBLY_PART')
);
#5225=UNCERTAINTY_MEASURE_WITH_UNIT(LENGTH_MEASURE(4.04852347567855E-5),
#5228,'DISTANCE_ACCURACY_VALUE','Maximum Tolerance applied to model');
#5226=(
NAMED_UNIT(*)
SI_UNIT($,.STERADIAN.)
SOLID_ANGLE_UNIT()
);
#5227=(
NAMED_UNIT(*)
PLANE_ANGLE_UNIT()
SI_UNIT($,.RADIAN.)
);
#5228=(
LENGTH_UNIT()
NAMED_UNIT(*)
SI_UNIT($,.METRE.)
);
#5229=PRODUCT_DEFINITION_SHAPE('','',#5230);
#5230=PRODUCT_DEFINITION('','',#5232,#5231);
#5231=PRODUCT_DEFINITION_CONTEXT('',#5238,'design');
#5232=PRODUCT_DEFINITION_FORMATION_WITH_SPECIFIED_SOURCE('','',#5234,
 .NOT_KNOWN.);
#5233=PRODUCT_RELATED_PRODUCT_CATEGORY('','',(#5234));
#5234=PRODUCT('Part 3','Part 3','Part 3',(#5236));
#5235=PRODUCT_CATEGORY('','');
#5236=PRODUCT_CONTEXT('',#5238,'mechanical');
#5237=APPLICATION_PROTOCOL_DEFINITION('international standard',
'ap242_managed_model_based_3d_engineering',2011,#5238);
#5238=APPLICATION_CONTEXT('managed model based 3d engineering');
ENDSEC;
END-ISO-10303-21;
