ISO-10303-21;
HEADER;
/* Generated by software containing ST-Developer
 * from STEP Tools, Inc. (www.steptools.com) 
 */
/* OPTION: using custom renumber hook */

FILE_DESCRIPTION(
/* description */ ('STEP AP242',
'CAx-IF Rec.Pracs.---Representation and Presentation of Product Manufa
cturing Information (PMI)---4.0---2014-10-13',
'CAx-IF Rec.Pracs.---3D Tessellated Geometry---0.4---2014-09-14','2;1'),

/* implementation_level */ '2;1');

FILE_NAME(
/* name */ '68418f12c0c7f43cd240093f',
/* time_stamp */ '2025-06-05T12:35:32Z',
/* author */ (''),
/* organization */ (''),
/* preprocessor_version */ 'ST-DEVELOPER v20',
/* originating_system */ 'ONSHAPE BY PTC INC, 1.198',
/* authorisation */ '  ');

FILE_SCHEMA (('AP242_MANAGED_MODEL_BASED_3D_ENGINEERING_MIM_LF { 1 0 10303 442 1 1 4 }'));
ENDSEC;

DATA;
#10=SHAPE_REPRESENTATION_RELATIONSHIP('','',#1697,#11);
#11=ADVANCED_BREP_SHAPE_REPRESENTATION('',(#1695),#8723);
#12=VERTEX_LOOP('',#1139);
#13=VERTEX_LOOP('',#1141);
#14=VERTEX_LOOP('',#1143);
#15=VERTEX_LOOP('',#1145);
#16=CONICAL_SURFACE('',#1800,0.00125,1.02974425867665);
#17=CONICAL_SURFACE('',#1803,0.00125,1.02974425867665);
#18=CONICAL_SURFACE('',#1806,0.00125,1.02974425867665);
#19=CONICAL_SURFACE('',#1809,0.00125,1.02974425867665);
#20=SPHERICAL_SURFACE('',#1766,0.002);
#21=SPHERICAL_SURFACE('',#1772,0.002);
#22=TOROIDAL_SURFACE('',#1729,0.007,0.001);
#23=TOROIDAL_SURFACE('',#1781,0.008,0.006);
#24=TOROIDAL_SURFACE('',#1829,0.00425,0.001);
#25=TOROIDAL_SURFACE('',#1832,0.00425,0.001);
#26=TOROIDAL_SURFACE('',#1835,0.00425,0.001);
#27=TOROIDAL_SURFACE('',#1838,0.00425,0.001);
#28=CYLINDRICAL_SURFACE('',#1722,0.008);
#29=CYLINDRICAL_SURFACE('',#1728,0.0011777924887562);
#30=CYLINDRICAL_SURFACE('',#1742,0.0055);
#31=CYLINDRICAL_SURFACE('',#1743,0.00425);
#32=CYLINDRICAL_SURFACE('',#1744,0.00425);
#33=CYLINDRICAL_SURFACE('',#1745,0.001025);
#34=CYLINDRICAL_SURFACE('',#1746,0.001025);
#35=CYLINDRICAL_SURFACE('',#1761,0.002);
#36=CYLINDRICAL_SURFACE('',#1763,0.002);
#37=CYLINDRICAL_SURFACE('',#1768,0.002);
#38=CYLINDRICAL_SURFACE('',#1770,0.002);
#39=CYLINDRICAL_SURFACE('',#1774,0.002);
#40=CYLINDRICAL_SURFACE('',#1778,0.006);
#41=CYLINDRICAL_SURFACE('',#1783,0.006);
#42=CYLINDRICAL_SURFACE('',#1784,0.003);
#43=CYLINDRICAL_SURFACE('',#1788,0.003);
#44=CYLINDRICAL_SURFACE('',#1792,0.003);
#45=CYLINDRICAL_SURFACE('',#1796,0.003);
#46=CYLINDRICAL_SURFACE('',#1802,0.00125);
#47=CYLINDRICAL_SURFACE('',#1805,0.00125);
#48=CYLINDRICAL_SURFACE('',#1808,0.00125);
#49=CYLINDRICAL_SURFACE('',#1811,0.00125);
#50=CYLINDRICAL_SURFACE('',#1816,0.0005);
#51=CYLINDRICAL_SURFACE('',#1817,0.0005);
#52=CYLINDRICAL_SURFACE('',#1818,0.0005);
#53=CYLINDRICAL_SURFACE('',#1819,0.0005);
#54=CYLINDRICAL_SURFACE('',#1820,0.00325);
#55=CYLINDRICAL_SURFACE('',#1822,0.00325);
#56=CYLINDRICAL_SURFACE('',#1824,0.00325);
#57=CYLINDRICAL_SURFACE('',#1826,0.00325);
#58=CYLINDRICAL_SURFACE('',#1840,0.0025);
#59=CYLINDRICAL_SURFACE('',#1844,0.0025);
#60=CYLINDRICAL_SURFACE('',#1848,0.0025);
#61=CYLINDRICAL_SURFACE('',#1852,0.0025);
#62=CYLINDRICAL_SURFACE('',#1856,0.00135);
#63=CYLINDRICAL_SURFACE('',#1857,0.00135);
#64=CYLINDRICAL_SURFACE('',#1858,0.00135);
#65=CYLINDRICAL_SURFACE('',#1859,0.00135);
#66=(
BOUNDED_SURFACE()
B_SPLINE_SURFACE(3,2,((#5881,#5882,#5883,#5884,#5885),(#5886,#5887,#5888,
#5889,#5890),(#5891,#5892,#5893,#5894,#5895),(#5896,#5897,#5898,#5899,#5900),
(#5901,#5902,#5903,#5904,#5905),(#5906,#5907,#5908,#5909,#5910),(#5911,
#5912,#5913,#5914,#5915),(#5916,#5917,#5918,#5919,#5920),(#5921,#5922,#5923,
#5924,#5925),(#5926,#5927,#5928,#5929,#5930),(#5931,#5932,#5933,#5934,#5935),
(#5936,#5937,#5938,#5939,#5940),(#5941,#5942,#5943,#5944,#5945),(#5946,
#5947,#5948,#5949,#5950),(#5951,#5952,#5953,#5954,#5955),(#5956,#5957,#5958,
#5959,#5960),(#5961,#5962,#5963,#5964,#5965),(#5966,#5967,#5968,#5969,#5970),
(#5971,#5972,#5973,#5974,#5975),(#5976,#5977,#5978,#5979,#5980),(#5981,
#5982,#5983,#5984,#5985),(#5986,#5987,#5988,#5989,#5990),(#5991,#5992,#5993,
#5994,#5995),(#5996,#5997,#5998,#5999,#6000),(#6001,#6002,#6003,#6004,#6005),
(#6006,#6007,#6008,#6009,#6010),(#6011,#6012,#6013,#6014,#6015),(#6016,
#6017,#6018,#6019,#6020),(#6021,#6022,#6023,#6024,#6025),(#6026,#6027,#6028,
#6029,#6030),(#6031,#6032,#6033,#6034,#6035),(#6036,#6037,#6038,#6039,#6040),
(#6041,#6042,#6043,#6044,#6045),(#6046,#6047,#6048,#6049,#6050),(#6051,
#6052,#6053,#6054,#6055),(#6056,#6057,#6058,#6059,#6060),(#6061,#6062,#6063,
#6064,#6065),(#6066,#6067,#6068,#6069,#6070),(#6071,#6072,#6073,#6074,#6075),
(#6076,#6077,#6078,#6079,#6080),(#6081,#6082,#6083,#6084,#6085),(#6086,
#6087,#6088,#6089,#6090)),.UNSPECIFIED.,.F.,.F.,.F.)
B_SPLINE_SURFACE_WITH_KNOTS((4,1,1,1,1,1,1,1,1,1,1,1,1,1,1,1,1,1,1,1,1,
1,1,1,1,1,1,1,1,1,1,1,1,1,1,1,1,1,1,4),(3,2,3),(0.0278391239465853,0.0279111860922391,
0.0280632817668818,0.0283674731161672,0.0286716644654525,0.0292800471640232,
0.029888429862594,0.0311051952597354,0.0323219606568769,0.0347554914511597,
0.0371890222454426,0.0396225530397255,0.0420560838340084,0.0469231454225742,
0.05179020701114,0.0566572685997058,0.0615243301882716,0.0663913917768374,
0.0688249225711203,0.0712584533654032,0.0761255149539689,0.0809925765425347,
0.0834261073368176,0.0858596381311005,0.0882931689253834,0.0895099343225249,
0.0907266997196663,0.0931602305139492,0.0955937613082321,0.098027292102515,
0.100460822896798,0.101677588293939,0.102894353691081,0.103502736389652,
0.104111119088222,0.104415310437508,0.104719501786793,0.104871597461436,
0.105023693136078,0.105096970690926),(0.254678050658295,1.,1.00447394047408),
 .UNSPECIFIED.)
GEOMETRIC_REPRESENTATION_ITEM()
RATIONAL_B_SPLINE_SURFACE(((0.888807693072807,0.781700255204991,1.,1.,1.),
(0.888807693072807,0.781700255204991,1.,1.,1.),(0.888807693072807,0.781700255204991,
1.,1.,1.),(0.888807693072808,0.781700255204992,1.,1.,1.),(0.888807693072807,
0.781700255204991,1.,1.,1.),(0.888807693072807,0.781700255204991,1.,1.,
1.),(0.888807693072808,0.781700255204992,1.,1.,1.),(0.888807693072807,0.781700255204991,
1.,1.,1.),(0.888807693072808,0.781700255204992,1.,1.,1.),(0.888807693072807,
0.781700255204991,1.,1.,1.),(0.888807693072807,0.781700255204991,1.,1.,
1.),(0.888807693072808,0.781700255204992,1.,1.,1.),(0.888807693072807,0.781700255204991,
1.,1.,1.),(0.888807693072808,0.781700255204992,1.,1.,1.),(0.888807693072807,
0.781700255204991,1.,1.,1.),(0.888807693072808,0.781700255204992,1.,1.,
1.),(0.888807693072807,0.781700255204991,1.,1.,1.),(0.888807693072808,0.781700255204992,
1.,1.,1.),(0.888807693072808,0.781700255204992,1.,1.,1.),(0.888807693072808,
0.781700255204992,1.,1.,1.),(0.888807693072807,0.781700255204991,1.,1.,
1.),(0.888807693072807,0.781700255204991,1.,1.,1.),(0.888807693072807,0.781700255204991,
1.,1.,1.),(0.888807693072808,0.781700255204992,1.,1.,1.),(0.888807693072807,
0.78170025520499,1.,1.,1.),(0.888807693072807,0.781700255204991,1.,1.,1.),
(0.888807693072808,0.781700255204992,1.,1.,1.),(0.888807693072807,0.781700255204991,
1.,1.,1.),(0.888807693072808,0.781700255204992,1.,1.,1.),(0.888807693072807,
0.781700255204991,1.,1.,1.),(0.888807693072808,0.781700255204992,1.,1.,
1.),(0.888807693072807,0.781700255204991,1.,1.,1.),(0.888807693072808,0.781700255204992,
1.,1.,1.),(0.888807693072808,0.781700255204992,1.,1.,1.),(0.888807693072807,
0.78170025520499,1.,1.,1.),(0.888807693072808,0.781700255204992,1.,1.,1.),
(0.888807693072808,0.781700255204992,1.,1.,1.),(0.888807693072808,0.781700255204992,
1.,1.,1.),(0.888807693072808,0.781700255204992,1.,1.,1.),(0.888807693072808,
0.781700255204992,1.,1.,1.),(0.888807693072808,0.781700255204992,1.,1.,
1.),(0.888807693072808,0.781700255204992,1.,1.,1.)))
REPRESENTATION_ITEM('')
SURFACE()
);
#67=(
BOUNDED_SURFACE()
B_SPLINE_SURFACE(3,2,((#6191,#6192,#6193,#6194,#6195),(#6196,#6197,#6198,
#6199,#6200),(#6201,#6202,#6203,#6204,#6205),(#6206,#6207,#6208,#6209,#6210),
(#6211,#6212,#6213,#6214,#6215),(#6216,#6217,#6218,#6219,#6220),(#6221,
#6222,#6223,#6224,#6225),(#6226,#6227,#6228,#6229,#6230),(#6231,#6232,#6233,
#6234,#6235),(#6236,#6237,#6238,#6239,#6240),(#6241,#6242,#6243,#6244,#6245),
(#6246,#6247,#6248,#6249,#6250),(#6251,#6252,#6253,#6254,#6255),(#6256,
#6257,#6258,#6259,#6260),(#6261,#6262,#6263,#6264,#6265),(#6266,#6267,#6268,
#6269,#6270),(#6271,#6272,#6273,#6274,#6275),(#6276,#6277,#6278,#6279,#6280),
(#6281,#6282,#6283,#6284,#6285),(#6286,#6287,#6288,#6289,#6290),(#6291,
#6292,#6293,#6294,#6295),(#6296,#6297,#6298,#6299,#6300),(#6301,#6302,#6303,
#6304,#6305),(#6306,#6307,#6308,#6309,#6310),(#6311,#6312,#6313,#6314,#6315),
(#6316,#6317,#6318,#6319,#6320),(#6321,#6322,#6323,#6324,#6325),(#6326,
#6327,#6328,#6329,#6330),(#6331,#6332,#6333,#6334,#6335),(#6336,#6337,#6338,
#6339,#6340),(#6341,#6342,#6343,#6344,#6345),(#6346,#6347,#6348,#6349,#6350),
(#6351,#6352,#6353,#6354,#6355),(#6356,#6357,#6358,#6359,#6360),(#6361,
#6362,#6363,#6364,#6365),(#6366,#6367,#6368,#6369,#6370),(#6371,#6372,#6373,
#6374,#6375),(#6376,#6377,#6378,#6379,#6380),(#6381,#6382,#6383,#6384,#6385),
(#6386,#6387,#6388,#6389,#6390),(#6391,#6392,#6393,#6394,#6395),(#6396,
#6397,#6398,#6399,#6400),(#6401,#6402,#6403,#6404,#6405),(#6406,#6407,#6408,
#6409,#6410),(#6411,#6412,#6413,#6414,#6415),(#6416,#6417,#6418,#6419,#6420),
(#6421,#6422,#6423,#6424,#6425),(#6426,#6427,#6428,#6429,#6430),(#6431,
#6432,#6433,#6434,#6435),(#6436,#6437,#6438,#6439,#6440),(#6441,#6442,#6443,
#6444,#6445),(#6446,#6447,#6448,#6449,#6450),(#6451,#6452,#6453,#6454,#6455),
(#6456,#6457,#6458,#6459,#6460),(#6461,#6462,#6463,#6464,#6465),(#6466,
#6467,#6468,#6469,#6470),(#6471,#6472,#6473,#6474,#6475),(#6476,#6477,#6478,
#6479,#6480),(#6481,#6482,#6483,#6484,#6485),(#6486,#6487,#6488,#6489,#6490),
(#6491,#6492,#6493,#6494,#6495),(#6496,#6497,#6498,#6499,#6500),(#6501,
#6502,#6503,#6504,#6505),(#6506,#6507,#6508,#6509,#6510),(#6511,#6512,#6513,
#6514,#6515),(#6516,#6517,#6518,#6519,#6520),(#6521,#6522,#6523,#6524,#6525),
(#6526,#6527,#6528,#6529,#6530),(#6531,#6532,#6533,#6534,#6535),(#6536,
#6537,#6538,#6539,#6540),(#6541,#6542,#6543,#6544,#6545),(#6546,#6547,#6548,
#6549,#6550),(#6551,#6552,#6553,#6554,#6555),(#6556,#6557,#6558,#6559,#6560),
(#6561,#6562,#6563,#6564,#6565),(#6566,#6567,#6568,#6569,#6570),(#6571,
#6572,#6573,#6574,#6575),(#6576,#6577,#6578,#6579,#6580),(#6581,#6582,#6583,
#6584,#6585),(#6586,#6587,#6588,#6589,#6590),(#6591,#6592,#6593,#6594,#6595),
(#6596,#6597,#6598,#6599,#6600),(#6601,#6602,#6603,#6604,#6605),(#6606,
#6607,#6608,#6609,#6610),(#6611,#6612,#6613,#6614,#6615),(#6616,#6617,#6618,
#6619,#6620),(#6621,#6622,#6623,#6624,#6625),(#6626,#6627,#6628,#6629,#6630),
(#6631,#6632,#6633,#6634,#6635),(#6636,#6637,#6638,#6639,#6640),(#6641,
#6642,#6643,#6644,#6645),(#6646,#6647,#6648,#6649,#6650),(#6651,#6652,#6653,
#6654,#6655),(#6656,#6657,#6658,#6659,#6660),(#6661,#6662,#6663,#6664,#6665),
(#6666,#6667,#6668,#6669,#6670),(#6671,#6672,#6673,#6674,#6675),(#6676,
#6677,#6678,#6679,#6680),(#6681,#6682,#6683,#6684,#6685),(#6686,#6687,#6688,
#6689,#6690),(#6691,#6692,#6693,#6694,#6695),(#6696,#6697,#6698,#6699,#6700),
(#6701,#6702,#6703,#6704,#6705),(#6706,#6707,#6708,#6709,#6710),(#6711,
#6712,#6713,#6714,#6715),(#6716,#6717,#6718,#6719,#6720),(#6721,#6722,#6723,
#6724,#6725),(#6726,#6727,#6728,#6729,#6730),(#6731,#6732,#6733,#6734,#6735),
(#6736,#6737,#6738,#6739,#6740),(#6741,#6742,#6743,#6744,#6745),(#6746,
#6747,#6748,#6749,#6750),(#6751,#6752,#6753,#6754,#6755),(#6756,#6757,#6758,
#6759,#6760),(#6761,#6762,#6763,#6764,#6765),(#6766,#6767,#6768,#6769,#6770),
(#6771,#6772,#6773,#6774,#6775),(#6776,#6777,#6778,#6779,#6780),(#6781,
#6782,#6783,#6784,#6785),(#6786,#6787,#6788,#6789,#6790),(#6791,#6792,#6793,
#6794,#6795),(#6796,#6797,#6798,#6799,#6800),(#6801,#6802,#6803,#6804,#6805),
(#6806,#6807,#6808,#6809,#6810),(#6811,#6812,#6813,#6814,#6815),(#6816,
#6817,#6818,#6819,#6820),(#6821,#6822,#6823,#6824,#6825)),.UNSPECIFIED.,
 .F.,.F.,.F.)
B_SPLINE_SURFACE_WITH_KNOTS((4,1,1,1,1,1,1,1,1,1,1,1,1,1,1,1,1,1,1,1,1,
1,1,1,1,1,1,1,1,1,1,1,1,1,1,1,1,1,1,1,1,1,1,1,1,1,1,1,1,1,1,1,1,1,1,1,1,
1,1,1,1,1,1,1,1,1,1,1,1,1,1,1,1,1,1,1,1,1,1,1,1,1,1,1,1,1,1,1,1,1,1,1,1,
1,1,1,1,1,1,1,1,1,1,1,1,1,1,1,1,1,1,1,1,1,1,1,1,1,1,1,1,1,1,1,4),(3,2,3),
(0.114250318254952,0.11462596593162,0.115005679289311,0.115195535968157,
0.115385392647002,0.115575249325848,0.115670177665271,0.115717641834982,
0.115741373919838,0.115765106004693,0.115812570174405,0.115860034344116,
0.115954962683539,0.116049891022962,0.116144819362384,0.11633467604123,
0.116524532720075,0.117283959435457,0.118043386150839,0.118802812866221,
0.119562239581603,0.120321666296985,0.121081093012367,0.121840519727749,
0.122599946443131,0.123359373158512,0.124878226589276,0.12639708002004,
0.127156506735422,0.127915933450804,0.129434786881568,0.130953640312332,
0.132472493743095,0.133991347173859,0.135510200604623,0.137029054035387,
0.138547907466151,0.141585614327678,0.144623321189206,0.147661028050734,
0.150698734912261,0.153736441773789,0.156774148635317,0.159811855496844,
0.162849562358372,0.1658872692199,0.168924976081427,0.171962682942955,0.173481536373719,
0.175000389804483,0.176519243235246,0.17803809666601,0.179556950096774,
0.180316376812156,0.181075803527538,0.18183523024292,0.182594656958302,
0.183354083673684,0.183733797031375,0.184113510389066,0.184493223746757,
0.184872937104447,0.185252650462138,0.185632363819829,0.18601207717752,
0.186201933856366,0.186391790535211,0.186581647214057,0.186771503892902,
0.186961360571748,0.18705628891117,0.187151217250593,0.187246145590016,
0.187341073929439,0.18738853809915,0.187436002268861,0.187483466438573,
0.187530930608284,0.187578394777996,0.187602126862851,0.187625858947707,
0.187649591032563,0.187673323117418,0.18772078728713,0.187768251456841,
0.187815715626552,0.187863179796264,0.187910643965975,0.188005572305398,
0.188100500644821,0.188195428984243,0.188290357323666,0.188480214002512,
0.188670070681357,0.188859927360203,0.189049784039048,0.189239640717893,
0.189429497396739,0.18980921075443,0.190188924112121,0.190568637469812,
0.190948350827503,0.191328064185194,0.191707777542885,0.192467204258267,
0.193226630973649,0.19398605768903,0.194745484404412,0.195504911119794,
0.196264337835176,0.19778319126594,0.199302044696704,0.200820898127468,
0.202339751558231,0.203858604988995,0.205377458419759,0.206896311850523,
0.208415165281287,0.209174591996669,0.209934018712051,0.210313732069742,
0.210693445427433,0.210883302106278,0.211073158785123,0.211227525226266),
(-0.00450117779808169,0.,0.745321949341699),.UNSPECIFIED.)
GEOMETRIC_REPRESENTATION_ITEM()
RATIONAL_B_SPLINE_SURFACE(((1.,1.,1.,0.781700255204993,0.888807693072806),
(1.,1.,1.,0.781700255204993,0.888807693072806),(1.,1.,1.,0.781700255204993,
0.888807693072806),(1.,1.,1.,0.781700255204993,0.888807693072806),(1.,1.,
1.,0.781700255204993,0.888807693072806),(1.,1.,1.,0.781700255204993,0.888807693072806),
(1.,1.,1.,0.781700255204993,0.888807693072806),(1.,1.,1.,0.781700255204993,
0.888807693072806),(1.,1.,1.,0.781700255204993,0.888807693072806),(1.,1.,
1.,0.781700255204993,0.888807693072806),(1.,1.,1.,0.781700255204993,0.888807693072806),
(1.,1.,1.,0.781700255204993,0.888807693072806),(1.,1.,1.,0.781700255204993,
0.888807693072806),(1.,1.,1.,0.781700255204993,0.888807693072806),(1.,1.,
1.,0.781700255204993,0.888807693072806),(1.,1.,1.,0.781700255204993,0.888807693072806),
(1.,1.,1.,0.781700255204993,0.888807693072806),(1.,1.,1.,0.781700255204993,
0.888807693072806),(1.,1.,1.,0.781700255204993,0.888807693072806),(1.,1.,
1.,0.781700255204993,0.888807693072806),(1.,1.,1.,0.781700255204993,0.888807693072806),
(1.,1.,1.,0.781700255204993,0.888807693072806),(1.,1.,1.,0.781700255204993,
0.888807693072806),(1.,1.,1.,0.781700255204993,0.888807693072806),(1.,1.,
1.,0.781700255204993,0.888807693072806),(1.,1.,1.,0.781700255204993,0.888807693072806),
(1.,1.,1.,0.781700255204993,0.888807693072806),(1.,1.,1.,0.781700255204993,
0.888807693072806),(1.,1.,1.,0.781700255204993,0.888807693072806),(1.,1.,
1.,0.781700255204993,0.888807693072806),(1.,1.,1.,0.781700255204993,0.888807693072806),
(1.,1.,1.,0.781700255204993,0.888807693072806),(1.,1.,1.,0.781700255204993,
0.888807693072806),(1.,1.,1.,0.781700255204993,0.888807693072806),(1.,1.,
1.,0.781700255204993,0.888807693072806),(1.,1.,1.,0.781700255204993,0.888807693072806),
(1.,1.,1.,0.781700255204993,0.888807693072806),(1.,1.,1.,0.781700255204993,
0.888807693072806),(1.,1.,1.,0.781700255204993,0.888807693072806),(1.,1.,
1.,0.781700255204993,0.888807693072806),(1.,1.,1.,0.781700255204993,0.888807693072806),
(1.,1.,1.,0.781700255204993,0.888807693072806),(1.,1.,1.,0.781700255204993,
0.888807693072806),(1.,1.,1.,0.781700255204993,0.888807693072806),(1.,1.,
1.,0.781700255204993,0.888807693072806),(1.,1.,1.,0.781700255204993,0.888807693072806),
(1.,1.,1.,0.781700255204993,0.888807693072806),(1.,1.,1.,0.781700255204993,
0.888807693072806),(1.,1.,1.,0.781700255204993,0.888807693072806),(1.,1.,
1.,0.781700255204993,0.888807693072806),(1.,1.,1.,0.781700255204993,0.888807693072806),
(1.,1.,1.,0.781700255204993,0.888807693072806),(1.,1.,1.,0.781700255204993,
0.888807693072806),(1.,1.,1.,0.781700255204993,0.888807693072806),(1.,1.,
1.,0.781700255204993,0.888807693072806),(1.,1.,1.,0.781700255204993,0.888807693072806),
(1.,1.,1.,0.781700255204993,0.888807693072806),(1.,1.,1.,0.781700255204993,
0.888807693072806),(1.,1.,1.,0.781700255204993,0.888807693072806),(1.,1.,
1.,0.781700255204993,0.888807693072806),(1.,1.,1.,0.781700255204993,0.888807693072806),
(1.,1.,1.,0.781700255204993,0.888807693072806),(1.,1.,1.,0.781700255204993,
0.888807693072806),(1.,1.,1.,0.781700255204993,0.888807693072806),(1.,1.,
1.,0.781700255204993,0.888807693072806),(1.,1.,1.,0.781700255204993,0.888807693072806),
(1.,1.,1.,0.781700255204993,0.888807693072806),(1.,1.,1.,0.781700255204993,
0.888807693072806),(1.,1.,1.,0.781700255204993,0.888807693072806),(1.,1.,
1.,0.781700255204993,0.888807693072806),(1.,1.,1.,0.781700255204993,0.888807693072806),
(1.,1.,1.,0.781700255204993,0.888807693072806),(1.,1.,1.,0.781700255204993,
0.888807693072806),(1.,1.,1.,0.781700255204993,0.888807693072806),(1.,1.,
1.,0.781700255204993,0.888807693072806),(1.,1.,1.,0.781700255204993,0.888807693072806),
(1.,1.,1.,0.781700255204993,0.888807693072806),(1.,1.,1.,0.781700255204993,
0.888807693072806),(1.,1.,1.,0.781700255204993,0.888807693072806),(1.,1.,
1.,0.781700255204993,0.888807693072806),(1.,1.,1.,0.781700255204993,0.888807693072806),
(1.,1.,1.,0.781700255204994,0.888807693072806),(1.,1.,1.,0.781700255204992,
0.888807693072805),(1.,1.,1.,0.781700255204994,0.888807693072806),(1.,1.,
1.,0.781700255204993,0.888807693072806),(1.,1.,1.,0.781700255204992,0.888807693072805),
(1.,1.,1.,0.781700255204993,0.888807693072806),(1.,1.,1.,0.781700255204993,
0.888807693072806),(1.,1.,1.,0.781700255204993,0.888807693072806),(1.,1.,
1.,0.781700255204993,0.888807693072806),(1.,1.,1.,0.781700255204994,0.888807693072806),
(1.,1.,1.,0.781700255204993,0.888807693072806),(1.,1.,1.,0.781700255204993,
0.888807693072806),(1.,1.,1.,0.781700255204993,0.888807693072806),(1.,1.,
1.,0.781700255204993,0.888807693072806),(1.,1.,1.,0.781700255204993,0.888807693072806),
(1.,1.,1.,0.781700255204992,0.888807693072805),(1.,1.,1.,0.781700255204993,
0.888807693072806),(1.,1.,1.,0.781700255204993,0.888807693072806),(1.,1.,
1.,0.781700255204993,0.888807693072806),(1.,1.,1.,0.781700255204993,0.888807693072806),
(1.,1.,1.,0.781700255204993,0.888807693072806),(1.,1.,1.,0.781700255204993,
0.888807693072806),(1.,1.,1.,0.781700255204993,0.888807693072806),(1.,1.,
1.,0.781700255204993,0.888807693072806),(1.,1.,1.,0.781700255204993,0.888807693072806),
(1.,1.,1.,0.781700255204993,0.888807693072806),(1.,1.,1.,0.781700255204993,
0.888807693072806),(1.,1.,1.,0.781700255204993,0.888807693072806),(1.,1.,
1.,0.781700255204993,0.888807693072806),(1.,1.,1.,0.781700255204993,0.888807693072806),
(1.,1.,1.,0.781700255204993,0.888807693072806),(1.,1.,1.,0.781700255204993,
0.888807693072806),(1.,1.,1.,0.781700255204993,0.888807693072806),(1.,1.,
1.,0.781700255204993,0.888807693072806),(1.,1.,1.,0.781700255204993,0.888807693072806),
(1.,1.,1.,0.781700255204993,0.888807693072806),(1.,1.,1.,0.781700255204993,
0.888807693072806),(1.,1.,1.,0.781700255204993,0.888807693072806),(1.,1.,
1.,0.781700255204993,0.888807693072806),(1.,1.,1.,0.781700255204993,0.888807693072806),
(1.,1.,1.,0.781700255204993,0.888807693072806),(1.,1.,1.,0.781700255204993,
0.888807693072806),(1.,1.,1.,0.781700255204993,0.888807693072806),(1.,1.,
1.,0.781700255204993,0.888807693072806),(1.,1.,1.,0.781700255204993,0.888807693072806),
(1.,1.,1.,0.781700255204993,0.888807693072806)))
REPRESENTATION_ITEM('')
SURFACE()
);
#68=(
BOUNDED_SURFACE()
B_SPLINE_SURFACE(3,2,((#8041,#8042,#8043),(#8044,#8045,#8046),(#8047,#8048,
#8049),(#8050,#8051,#8052)),.UNSPECIFIED.,.F.,.F.,.F.)
B_SPLINE_SURFACE_WITH_KNOTS((4,4),(3,3),(1.90440278230694,2.05561163965489),
(0.,1.),.PIECEWISE_BEZIER_KNOTS.)
GEOMETRIC_REPRESENTATION_ITEM()
RATIONAL_B_SPLINE_SURFACE(((1.,0.790836069410761,1.),(1.,0.802368860257818,
1.),(1.,0.813346398571444,1.),(1.,0.823714499831601,1.)))
REPRESENTATION_ITEM('')
SURFACE()
);
#69=(
BOUNDED_SURFACE()
B_SPLINE_SURFACE(3,2,((#8054,#8055,#8056),(#8057,#8058,#8059),(#8060,#8061,
#8062),(#8063,#8064,#8065),(#8066,#8067,#8068),(#8069,#8070,#8071),(#8072,
#8073,#8074),(#8075,#8076,#8077)),.UNSPECIFIED.,.F.,.F.,.F.)
B_SPLINE_SURFACE_WITH_KNOTS((4,1,1,1,1,4),(3,3),(0.027656549824688,0.0308783499769079,
0.0324892500530179,0.0341001501291278,0.0373219502813476,0.0405437504335675),
(0.,1.),.UNSPECIFIED.)
GEOMETRIC_REPRESENTATION_ITEM()
RATIONAL_B_SPLINE_SURFACE(((1.,0.791926387042104,1.),(1.,0.815747893608665,
1.),(1.,0.850971142752172,1.),(1.,0.882277530696511,1.),(1.,0.899573772221713,
1.),(1.,0.88650920511164,1.),(1.,0.846440201227757,1.),(1.,0.823714499831597,
1.)))
REPRESENTATION_ITEM('')
SURFACE()
);
#70=(
BOUNDED_SURFACE()
B_SPLINE_SURFACE(3,2,((#8079,#8080,#8081),(#8082,#8083,#8084),(#8085,#8086,
#8087),(#8088,#8089,#8090)),.UNSPECIFIED.,.F.,.F.,.F.)
B_SPLINE_SURFACE_WITH_KNOTS((4,4),(3,3),(4.71238898038469,5.1191236297575),
(0.,1.),.PIECEWISE_BEZIER_KNOTS.)
GEOMETRIC_REPRESENTATION_ITEM()
RATIONAL_B_SPLINE_SURFACE(((1.,0.707106781186547,1.),(1.,0.737918251271482,
1.),(1.,0.766659439837176,1.),(1.,0.791926387042103,1.)))
REPRESENTATION_ITEM('')
SURFACE()
);
#71=(
BOUNDED_SURFACE()
B_SPLINE_SURFACE(3,2,((#8098,#8099,#8100),(#8101,#8102,#8103),(#8104,#8105,
#8106),(#8107,#8108,#8109),(#8110,#8111,#8112),(#8113,#8114,#8115),(#8116,
#8117,#8118),(#8119,#8120,#8121),(#8122,#8123,#8124)),.UNSPECIFIED.,.F.,
 .F.,.F.)
B_SPLINE_SURFACE_WITH_KNOTS((4,1,1,1,1,1,4),(3,3),(-3.12250225675825E-17,
0.00239904906122645,0.00479809812245293,0.00719714718367941,0.00839667171429265,
0.00899643397959927,0.00959619624490589),(0.,1.),.UNSPECIFIED.)
GEOMETRIC_REPRESENTATION_ITEM()
RATIONAL_B_SPLINE_SURFACE(((1.,0.740375453049468,1.),(1.,0.738231492188245,
1.),(1.,0.733644546691504,1.),(1.,0.725731037952813,1.),(1.,0.718500278364493,
1.),(1.,0.71261258717047,1.),(1.,0.709715057386423,1.),(1.,0.707106781186547,
1.),(1.,0.707106781186547,1.)))
REPRESENTATION_ITEM('')
SURFACE()
);
#72=(
BOUNDED_SURFACE()
B_SPLINE_SURFACE(3,2,((#8126,#8127,#8128),(#8129,#8130,#8131),(#8132,#8133,
#8134),(#8135,#8136,#8137),(#8138,#8139,#8140)),.UNSPECIFIED.,.F.,.F.,.F.)
B_SPLINE_SURFACE_WITH_KNOTS((4,1,4),(3,3),(0.0258672417440681,0.0286306075933299,
0.0313939734425918),(0.,1.),.UNSPECIFIED.)
GEOMETRIC_REPRESENTATION_ITEM()
RATIONAL_B_SPLINE_SURFACE(((1.,0.70710682997453,1.),(1.,0.718204687677211,
1.),(1.,0.739125140931877,1.),(1.,0.743294490209278,1.),(1.,0.740375453049464,
1.)))
REPRESENTATION_ITEM('')
SURFACE()
);
#73=(
BOUNDED_SURFACE()
B_SPLINE_SURFACE(3,2,((#8262,#8263,#8264),(#8265,#8266,#8267),(#8268,#8269,
#8270),(#8271,#8272,#8273),(#8274,#8275,#8276),(#8277,#8278,#8279),(#8280,
#8281,#8282)),.UNSPECIFIED.,.F.,.F.,.F.)
B_SPLINE_SURFACE_WITH_KNOTS((4,1,1,1,4),(3,3),(0.0157567349543604,0.0170077409538764,
0.0182587469533924,0.0195097529529084,0.0207607589524244),(0.,1.),
 .UNSPECIFIED.)
GEOMETRIC_REPRESENTATION_ITEM()
RATIONAL_B_SPLINE_SURFACE(((1.,0.70710682917694,1.),(1.,0.72291202768456,
1.),(1.,0.752885368625831,1.),(1.,0.766786708936588,1.),(1.,0.739138742448749,
1.),(1.,0.703080450684517,1.),(1.,0.685316540205841,1.)))
REPRESENTATION_ITEM('')
SURFACE()
);
#74=(
BOUNDED_SURFACE()
B_SPLINE_SURFACE(3,2,((#8286,#8287,#8288),(#8289,#8290,#8291),(#8292,#8293,
#8294),(#8295,#8296,#8297),(#8298,#8299,#8300),(#8301,#8302,#8303),(#8304,
#8305,#8306)),.UNSPECIFIED.,.F.,.F.,.F.)
B_SPLINE_SURFACE_WITH_KNOTS((4,1,1,1,4),(3,3),(0.00479681286452682,0.00605848809416677,
0.00732016332380673,0.00858183855344669,0.00984351378308664),(0.,1.),
 .UNSPECIFIED.)
GEOMETRIC_REPRESENTATION_ITEM()
RATIONAL_B_SPLINE_SURFACE(((1.,0.694317766321182,1.),(1.,0.711521417994113,
1.),(1.,0.745637822152245,1.),(1.,0.769869152147494,1.),(1.,0.753328513218328,
1.),(1.,0.723031650348899,1.),(1.,0.707108401180343,1.)))
REPRESENTATION_ITEM('')
SURFACE()
);
#75=(
BOUNDED_SURFACE()
B_SPLINE_SURFACE(3,2,((#8307,#8308,#8309),(#8310,#8311,#8312),(#8313,#8314,
#8315),(#8316,#8317,#8318),(#8319,#8320,#8321),(#8322,#8323,#8324)),
 .UNSPECIFIED.,.F.,.F.,.F.)
B_SPLINE_SURFACE_WITH_KNOTS((4,1,1,4),(3,3),(-5.3776427755281E-17,0.00118965146809869,
0.00237930293619743,0.00475860587239491),(0.,1.),.UNSPECIFIED.)
GEOMETRIC_REPRESENTATION_ITEM()
RATIONAL_B_SPLINE_SURFACE(((1.,0.707106827474912,1.),(1.,0.722779544881906,
1.),(1.,0.746587530703279,1.),(1.,0.74245708659048,1.),(1.,0.679067149561676,
1.),(1.,0.637472337818947,1.)))
REPRESENTATION_ITEM('')
SURFACE()
);
#76=(
BOUNDED_SURFACE()
B_SPLINE_SURFACE(3,2,((#8328,#8329,#8330),(#8331,#8332,#8333),(#8334,#8335,
#8336),(#8337,#8338,#8339),(#8340,#8341,#8342),(#8343,#8344,#8345)),
 .UNSPECIFIED.,.F.,.F.,.F.)
B_SPLINE_SURFACE_WITH_KNOTS((4,1,1,4),(3,3),(-8.02309607639273E-18,0.00118133053808101,
0.00236266107616203,0.00472532215232407),(0.,1.),.UNSPECIFIED.)
GEOMETRIC_REPRESENTATION_ITEM()
RATIONAL_B_SPLINE_SURFACE(((1.,0.707106781186546,1.),(1.,0.722511061842169,
1.),(1.,0.744863213195818,1.),(1.,0.735708050264415,1.),(1.,0.669698112853976,
1.),(1.,0.626821029700294,1.)))
REPRESENTATION_ITEM('')
SURFACE()
);
#77=(
BOUNDED_SURFACE()
B_SPLINE_SURFACE(3,2,((#8346,#8347,#8348),(#8349,#8350,#8351),(#8352,#8353,
#8354),(#8355,#8356,#8357),(#8358,#8359,#8360),(#8361,#8362,#8363),(#8364,
#8365,#8366)),.UNSPECIFIED.,.F.,.F.,.F.)
B_SPLINE_SURFACE_WITH_KNOTS((4,1,1,1,4),(3,3),(0.00191253030214187,0.0032054154623132,
0.00449830062248453,0.00579118578265586,0.00708407094282719),(0.,1.),
 .UNSPECIFIED.)
GEOMETRIC_REPRESENTATION_ITEM()
RATIONAL_B_SPLINE_SURFACE(((1.,0.690401567963239,1.),(1.,0.708079815812155,
1.),(1.,0.744255454250562,1.),(1.,0.771233268744052,1.),(1.,0.753519475002228,
1.),(1.,0.722009785737552,1.),(1.,0.707106781186548,1.)))
REPRESENTATION_ITEM('')
SURFACE()
);
#78=(
BOUNDED_SURFACE()
B_SPLINE_SURFACE(3,2,((#8370,#8371,#8372),(#8373,#8374,#8375),(#8376,#8377,
#8378),(#8379,#8380,#8381),(#8382,#8383,#8384),(#8385,#8386,#8387),(#8388,
#8389,#8390)),.UNSPECIFIED.,.F.,.F.,.F.)
B_SPLINE_SURFACE_WITH_KNOTS((4,1,1,1,4),(3,3),(0.0113364231484068,0.0126316507808612,
0.0139268784133157,0.0152221060457701,0.0165173336782245),(0.,1.),
 .UNSPECIFIED.)
GEOMETRIC_REPRESENTATION_ITEM()
RATIONAL_B_SPLINE_SURFACE(((1.,0.707106781186548,1.),(1.,0.721969819156698,
1.),(1.,0.753359955276395,1.),(1.,0.772038563799597,1.),(1.,0.74635415728413,
1.),(1.,0.710422830665521,1.),(1.,0.692757201745091,1.)))
REPRESENTATION_ITEM('')
SURFACE()
);
#79=(
BOUNDED_SURFACE()
B_SPLINE_SURFACE(3,2,((#8391,#8392,#8393),(#8394,#8395,#8396),(#8397,#8398,
#8399),(#8400,#8401,#8402),(#8403,#8404,#8405),(#8406,#8407,#8408)),
 .UNSPECIFIED.,.F.,.F.,.F.)
B_SPLINE_SURFACE_WITH_KNOTS((4,1,1,4),(3,3),(2.12503625807159E-17,0.00239447442774644,
0.00359171164161965,0.00478894885549286),(0.,1.),.UNSPECIFIED.)
GEOMETRIC_REPRESENTATION_ITEM()
RATIONAL_B_SPLINE_SURFACE(((1.,0.707106835416717,1.),(1.,0.715727108867351,
1.),(1.,0.66968215332262,1.),(1.,0.563986101649908,1.),(1.,0.508065297253371,
1.),(1.,0.48108549293799,1.)))
REPRESENTATION_ITEM('')
SURFACE()
);
#80=(
BOUNDED_SURFACE()
B_SPLINE_SURFACE(3,2,((#8412,#8413,#8414),(#8415,#8416,#8417),(#8418,#8419,
#8420),(#8421,#8422,#8423),(#8424,#8425,#8426),(#8427,#8428,#8429)),
 .UNSPECIFIED.,.F.,.F.,.F.)
B_SPLINE_SURFACE_WITH_KNOTS((4,1,1,4),(3,3),(-7.50267903359969E-17,0.00116283001789122,
0.00232566003578252,0.00465132007156512),(0.,1.),.UNSPECIFIED.)
GEOMETRIC_REPRESENTATION_ITEM()
RATIONAL_B_SPLINE_SURFACE(((1.,0.707107136057099,1.),(1.,0.721248543911366,
1.),(1.,0.737229854395703,1.),(1.,0.708776323802921,1.),(1.,0.634680900946373,
1.),(1.,0.588338973837633,1.)))
REPRESENTATION_ITEM('')
SURFACE()
);
#81=(
BOUNDED_SURFACE()
B_SPLINE_SURFACE(3,2,((#8520,#8521,#8522),(#8523,#8524,#8525),(#8526,#8527,
#8528),(#8529,#8530,#8531),(#8532,#8533,#8534),(#8535,#8536,#8537),(#8538,
#8539,#8540),(#8541,#8542,#8543),(#8544,#8545,#8546),(#8547,#8548,#8549),
(#8550,#8551,#8552),(#8553,#8554,#8555)),.UNSPECIFIED.,.F.,.F.,.F.)
B_SPLINE_SURFACE_WITH_KNOTS((4,1,1,1,1,1,1,1,1,4),(3,3),(0.00935174355026057,
0.0105382824534978,0.0117248213567351,0.0129113602599724,0.0140978991632096,
0.0152844380664469,0.0164709769696842,0.0170642464213028,0.0176575158729215,
0.0188440547761587),(0.,1.),.UNSPECIFIED.)
GEOMETRIC_REPRESENTATION_ITEM()
RATIONAL_B_SPLINE_SURFACE(((1.,0.721877280998783,1.),(1.,0.72819156899488,
1.),(1.,0.742354112084267,1.),(1.,0.737094098498102,1.),(1.,0.687193768045207,
1.),(1.,0.598134997634035,1.),(1.,0.486022868850986,1.),(1.,0.394234422504016,
1.),(1.,0.371268402384421,1.),(1.,0.397572619862517,1.),(1.,0.453545335210949,
1.),(1.,0.490348101650029,1.)))
REPRESENTATION_ITEM('')
SURFACE()
);
#82=(
BOUNDED_SURFACE()
B_SPLINE_SURFACE(3,2,((#8566,#8567,#8568),(#8569,#8570,#8571),(#8572,#8573,
#8574),(#8575,#8576,#8577),(#8578,#8579,#8580),(#8581,#8582,#8583),(#8584,
#8585,#8586),(#8587,#8588,#8589),(#8590,#8591,#8592),(#8593,#8594,#8595),
(#8596,#8597,#8598)),.UNSPECIFIED.,.F.,.F.,.F.)
B_SPLINE_SURFACE_WITH_KNOTS((4,1,1,1,1,1,1,1,4),(3,3),(0.00937395992893449,
0.010513245940338,0.0116525319517414,0.0127918179631449,0.0139311039745484,
0.0150703899859518,0.0162096759973553,0.0173489620087588,0.0184882480201622),
(0.,1.),.UNSPECIFIED.)
GEOMETRIC_REPRESENTATION_ITEM()
RATIONAL_B_SPLINE_SURFACE(((1.,0.722241236274682,1.),(1.,0.728712360894589,
1.),(1.,0.741358255670314,1.),(1.,0.73188589733505,1.),(1.,0.680875392863448,
1.),(1.,0.59490963222632,1.),(1.,0.490106071414017,1.),(1.,0.385584255466068,
1.),(1.,0.377000823791921,1.),(1.,0.444874727463901,1.),(1.,0.478685236860474,
1.)))
REPRESENTATION_ITEM('')
SURFACE()
);
#83=(
BOUNDED_SURFACE()
B_SPLINE_SURFACE(3,2,((#8599,#8600,#8601),(#8602,#8603,#8604),(#8605,#8606,
#8607),(#8608,#8609,#8610),(#8611,#8612,#8613),(#8614,#8615,#8616),(#8617,
#8618,#8619),(#8620,#8621,#8622),(#8623,#8624,#8625),(#8626,#8627,#8628),
(#8629,#8630,#8631),(#8632,#8633,#8634),(#8635,#8636,#8637),(#8638,#8639,
#8640),(#8641,#8642,#8643),(#8644,#8645,#8646),(#8647,#8648,#8649),(#8650,
#8651,#8652),(#8653,#8654,#8655)),.UNSPECIFIED.,.T.,.F.,.F.)
B_SPLINE_SURFACE_WITH_KNOTS((1,3,1,1,1,1,1,1,1,1,1,1,1,1,1,1,1,3,1),(3,
3),(-0.00112329688297582,0.,0.00112329688297581,0.00224659376595163,0.00336989064892744,
0.00449318753190326,0.00561648441487907,0.00673978129785489,0.0078630781808307,
0.00898637506380652,0.0101096719467823,0.0112329688297581,0.012356265712734,
0.0134795625957098,0.0146028594786856,0.0157261563616614,0.0168494532446372,
0.017972750127613,0.0190960470105888),(0.,1.),.UNSPECIFIED.)
GEOMETRIC_REPRESENTATION_ITEM()
RATIONAL_B_SPLINE_SURFACE(((1.,0.696156946595614,1.),(1.,0.709156312519125,
1.),(1.,0.727273724145476,1.),(1.,0.705646267202679,1.),(1.,0.710346909809834,
1.),(1.,0.734829899432637,1.),(1.,0.733381863808487,1.),(1.,0.692186550965834,
1.),(1.,0.618629397493702,1.),(1.,0.527913943146779,1.),(1.,0.435692015913537,
1.),(1.,0.37254265954061,1.),(1.,0.383741927084307,1.),(1.,0.446157376581278,
1.),(1.,0.517690399794933,1.),(1.,0.586379554636146,1.),(1.,0.649277528604406,
1.),(1.,0.683157580672102,1.),(1.,0.696156946595614,1.)))
REPRESENTATION_ITEM('')
SURFACE()
);
#84=(
BOUNDED_SURFACE()
B_SPLINE_SURFACE(3,2,((#8656,#8657,#8658),(#8659,#8660,#8661),(#8662,#8663,
#8664),(#8665,#8666,#8667),(#8668,#8669,#8670),(#8671,#8672,#8673),(#8674,
#8675,#8676),(#8677,#8678,#8679),(#8680,#8681,#8682),(#8683,#8684,#8685),
(#8686,#8687,#8688),(#8689,#8690,#8691),(#8692,#8693,#8694),(#8695,#8696,
#8697),(#8698,#8699,#8700),(#8701,#8702,#8703),(#8704,#8705,#8706),(#8707,
#8708,#8709),(#8710,#8711,#8712),(#8713,#8714,#8715),(#8716,#8717,#8718),
(#8719,#8720,#8721)),.UNSPECIFIED.,.T.,.F.,.F.)
B_SPLINE_SURFACE_WITH_KNOTS((1,3,1,1,1,1,1,1,1,1,1,1,1,1,1,1,1,1,1,1,3,
1),(3,3),(-0.00116119806021062,0.,0.00116119806021062,0.00232239612042124,
0.00348359418063186,0.00464479224084248,0.0058059903010531,0.00696718836126372,
0.00812838642147434,0.00928958448168496,0.00987018351179027,0.0104507825418956,
0.0110313815720009,0.0116119806021062,0.0121925796322115,0.0127731786623168,
0.0139343767225274,0.0150955747827381,0.0162567728429487,0.0174179709031593,
0.0185791689633699,0.0197403670235805),(0.,1.),.UNSPECIFIED.)
GEOMETRIC_REPRESENTATION_ITEM()
RATIONAL_B_SPLINE_SURFACE(((1.,0.741992951722305,1.),(1.,0.737609605715601,
1.),(1.,0.730103716724142,1.),(1.,0.737052562691273,1.),(1.,0.75352334689628,
1.),(1.,0.7550812197606,1.),(1.,0.719867716847044,1.),(1.,0.644245267141916,
1.),(1.,0.537633260183322,1.),(1.,0.431297583023679,1.),(1.,0.355605560255824,
1.),(1.,0.322299549299316,1.),(1.,0.334234095044262,1.),(1.,0.381806837760294,
1.),(1.,0.441418323129987,1.),(1.,0.522353284720628,1.),(1.,0.61590652751388,
1.),(1.,0.70073731446123,1.),(1.,0.748461535871107,1.),(1.,0.756403792764367,
1.),(1.,0.746376297729009,1.),(1.,0.741992951722305,1.)))
REPRESENTATION_ITEM('')
SURFACE()
);
#85=ELLIPSE('',#1714,0.00456154953516862,0.0011777924887562);
#86=ELLIPSE('',#1724,0.0104432583146582,0.008);
#87=ELLIPSE('',#1725,0.0185033569546285,0.008);
#88=ELLIPSE('',#1726,0.0142127156252492,0.008);
#89=ELLIPSE('',#1749,0.0217801335760457,0.014);
#90=ELLIPSE('',#1752,0.0182757020506519,0.014);
#91=LINE('',#4980,#145);
#92=LINE('',#4984,#146);
#93=LINE('',#4986,#147);
#94=LINE('',#4988,#148);
#95=LINE('',#5516,#149);
#96=LINE('',#5520,#150);
#97=LINE('',#5524,#151);
#98=LINE('',#5537,#152);
#99=LINE('',#5546,#153);
#100=LINE('',#5548,#154);
#101=LINE('',#5555,#155);
#102=LINE('',#5558,#156);
#103=LINE('',#5565,#157);
#104=LINE('',#5569,#158);
#105=LINE('',#5694,#159);
#106=LINE('',#5696,#160);
#107=LINE('',#5725,#161);
#108=LINE('',#5727,#162);
#109=LINE('',#5736,#163);
#110=LINE('',#5878,#164);
#111=LINE('',#5880,#165);
#112=LINE('',#6903,#166);
#113=LINE('',#6913,#167);
#114=LINE('',#6958,#168);
#115=LINE('',#6982,#169);
#116=LINE('',#6986,#170);
#117=LINE('',#6993,#171);
#118=LINE('',#6995,#172);
#119=LINE('',#7914,#173);
#120=LINE('',#7924,#174);
#121=LINE('',#7951,#175);
#122=LINE('',#7953,#176);
#123=LINE('',#7956,#177);
#124=LINE('',#7958,#178);
#125=LINE('',#7960,#179);
#126=LINE('',#7962,#180);
#127=LINE('',#7965,#181);
#128=LINE('',#7967,#182);
#129=LINE('',#7971,#183);
#130=LINE('',#7974,#184);
#131=LINE('',#7976,#185);
#132=LINE('',#7978,#186);
#133=LINE('',#7980,#187);
#134=LINE('',#7985,#188);
#135=LINE('',#7987,#189);
#136=LINE('',#7989,#190);
#137=LINE('',#8190,#191);
#138=LINE('',#8191,#192);
#139=LINE('',#8193,#193);
#140=LINE('',#8194,#194);
#141=LINE('',#8196,#195);
#142=LINE('',#8197,#196);
#143=LINE('',#8199,#197);
#144=LINE('',#8200,#198);
#145=VECTOR('',#1866,1.);
#146=VECTOR('',#1869,1.);
#147=VECTOR('',#1870,1.);
#148=VECTOR('',#1871,1.);
#149=VECTOR('',#1872,1.);
#150=VECTOR('',#1875,1.);
#151=VECTOR('',#1878,1.);
#152=VECTOR('',#1887,1.);
#153=VECTOR('',#1888,1.);
#154=VECTOR('',#1889,1.);
#155=VECTOR('',#1892,1.);
#156=VECTOR('',#1893,1.);
#157=VECTOR('',#1894,1.);
#158=VECTOR('',#1897,1.);
#159=VECTOR('',#1906,1.);
#160=VECTOR('',#1907,1.);
#161=VECTOR('',#1908,1.);
#162=VECTOR('',#1909,1.);
#163=VECTOR('',#1912,1.);
#164=VECTOR('',#1923,1.);
#165=VECTOR('',#1924,1.);
#166=VECTOR('',#1927,1.);
#167=VECTOR('',#1930,1.);
#168=VECTOR('',#1941,1.);
#169=VECTOR('',#1950,1.);
#170=VECTOR('',#1953,1.);
#171=VECTOR('',#1954,1.);
#172=VECTOR('',#1955,1.);
#173=VECTOR('',#1974,1.);
#174=VECTOR('',#1977,1.);
#175=VECTOR('',#1988,1.);
#176=VECTOR('',#1991,1.);
#177=VECTOR('',#1992,1.);
#178=VECTOR('',#1993,1.);
#179=VECTOR('',#1994,1.);
#180=VECTOR('',#1997,1.);
#181=VECTOR('',#1998,1.);
#182=VECTOR('',#1999,1.);
#183=VECTOR('',#2004,1.);
#184=VECTOR('',#2005,1.);
#185=VECTOR('',#2006,1.);
#186=VECTOR('',#2007,1.);
#187=VECTOR('',#2010,1.);
#188=VECTOR('',#2013,1.);
#189=VECTOR('',#2014,1.);
#190=VECTOR('',#2015,1.);
#191=VECTOR('',#2136,1.);
#192=VECTOR('',#2137,1.);
#193=VECTOR('',#2140,1.);
#194=VECTOR('',#2141,1.);
#195=VECTOR('',#2144,1.);
#196=VECTOR('',#2145,1.);
#197=VECTOR('',#2148,1.);
#198=VECTOR('',#2149,1.);
#199=CIRCLE('',#1700,0.008);
#200=CIRCLE('',#1701,0.001025);
#201=CIRCLE('',#1702,0.0005);
#202=CIRCLE('',#1703,0.0005);
#203=CIRCLE('',#1704,0.00425);
#204=CIRCLE('',#1705,0.00425);
#205=CIRCLE('',#1706,0.001025);
#206=CIRCLE('',#1709,0.0005);
#207=CIRCLE('',#1710,0.00325);
#208=CIRCLE('',#1711,0.00325);
#209=CIRCLE('',#1712,0.00325);
#210=CIRCLE('',#1713,0.00325);
#211=CIRCLE('',#1715,0.00135);
#212=CIRCLE('',#1716,0.00135);
#213=CIRCLE('',#1717,0.00135);
#214=CIRCLE('',#1718,0.00135);
#215=CIRCLE('',#1721,0.008);
#216=CIRCLE('',#1723,0.008);
#217=CIRCLE('',#1731,0.0005);
#218=CIRCLE('',#1732,0.00425);
#219=CIRCLE('',#1733,0.00425);
#220=CIRCLE('',#1734,0.00425);
#221=CIRCLE('',#1735,0.00425);
#222=CIRCLE('',#1736,0.001025);
#223=CIRCLE('',#1737,0.001025);
#224=CIRCLE('',#1738,0.00425);
#225=CIRCLE('',#1739,0.00425);
#226=CIRCLE('',#1741,0.0055);
#227=CIRCLE('',#1754,0.003);
#228=CIRCLE('',#1755,0.003);
#229=CIRCLE('',#1756,0.003);
#230=CIRCLE('',#1757,0.003);
#231=CIRCLE('',#1758,0.006);
#232=CIRCLE('',#1759,0.002);
#233=CIRCLE('',#1760,0.002);
#234=CIRCLE('',#1762,0.002);
#235=CIRCLE('',#1764,0.002);
#236=CIRCLE('',#1765,0.002);
#237=CIRCLE('',#1767,0.002);
#238=CIRCLE('',#1769,0.002);
#239=CIRCLE('',#1771,0.002);
#240=CIRCLE('',#1773,0.002);
#241=CIRCLE('',#1775,0.006);
#242=CIRCLE('',#1776,0.006);
#243=CIRCLE('',#1777,0.006);
#244=CIRCLE('',#1779,0.006);
#245=CIRCLE('',#1780,0.006);
#246=CIRCLE('',#1782,0.006);
#247=CIRCLE('',#1785,0.003);
#248=CIRCLE('',#1787,0.00125);
#249=CIRCLE('',#1789,0.003);
#250=CIRCLE('',#1791,0.00125);
#251=CIRCLE('',#1793,0.003);
#252=CIRCLE('',#1795,0.00125);
#253=CIRCLE('',#1797,0.003);
#254=CIRCLE('',#1799,0.00125);
#255=CIRCLE('',#1801,0.00125);
#256=CIRCLE('',#1804,0.00125);
#257=CIRCLE('',#1807,0.00125);
#258=CIRCLE('',#1810,0.00125);
#259=CIRCLE('',#1821,0.00325);
#260=CIRCLE('',#1823,0.00325);
#261=CIRCLE('',#1825,0.00325);
#262=CIRCLE('',#1827,0.00325);
#263=CIRCLE('',#1828,0.001);
#264=CIRCLE('',#1830,0.001);
#265=CIRCLE('',#1831,0.001);
#266=CIRCLE('',#1833,0.001);
#267=CIRCLE('',#1834,0.001);
#268=CIRCLE('',#1836,0.001);
#269=CIRCLE('',#1837,0.001);
#270=CIRCLE('',#1839,0.001);
#271=CIRCLE('',#1841,0.0025);
#272=CIRCLE('',#1843,0.00135);
#273=CIRCLE('',#1845,0.0025);
#274=CIRCLE('',#1847,0.00135);
#275=CIRCLE('',#1849,0.0025);
#276=CIRCLE('',#1851,0.00135);
#277=CIRCLE('',#1853,0.0025);
#278=CIRCLE('',#1855,0.00135);
#279=PLANE('',#1699);
#280=PLANE('',#1707);
#281=PLANE('',#1708);
#282=PLANE('',#1719);
#283=PLANE('',#1720);
#284=PLANE('',#1727);
#285=PLANE('',#1730);
#286=PLANE('',#1740);
#287=PLANE('',#1747);
#288=PLANE('',#1748);
#289=PLANE('',#1750);
#290=PLANE('',#1751);
#291=PLANE('',#1753);
#292=PLANE('',#1786);
#293=PLANE('',#1790);
#294=PLANE('',#1794);
#295=PLANE('',#1798);
#296=PLANE('',#1812);
#297=PLANE('',#1813);
#298=PLANE('',#1814);
#299=PLANE('',#1815);
#300=PLANE('',#1842);
#301=PLANE('',#1846);
#302=PLANE('',#1850);
#303=PLANE('',#1854);
#304=ORIENTED_EDGE('',*,*,#770,.T.);
#305=ORIENTED_EDGE('',*,*,#771,.T.);
#306=ORIENTED_EDGE('',*,*,#772,.F.);
#307=ORIENTED_EDGE('',*,*,#773,.F.);
#308=ORIENTED_EDGE('',*,*,#774,.T.);
#309=ORIENTED_EDGE('',*,*,#775,.T.);
#310=ORIENTED_EDGE('',*,*,#776,.T.);
#311=ORIENTED_EDGE('',*,*,#777,.F.);
#312=ORIENTED_EDGE('',*,*,#778,.T.);
#313=ORIENTED_EDGE('',*,*,#779,.F.);
#314=ORIENTED_EDGE('',*,*,#780,.T.);
#315=ORIENTED_EDGE('',*,*,#781,.F.);
#316=ORIENTED_EDGE('',*,*,#782,.F.);
#317=ORIENTED_EDGE('',*,*,#783,.F.);
#318=ORIENTED_EDGE('',*,*,#784,.F.);
#319=ORIENTED_EDGE('',*,*,#785,.F.);
#320=ORIENTED_EDGE('',*,*,#771,.F.);
#321=ORIENTED_EDGE('',*,*,#786,.T.);
#322=ORIENTED_EDGE('',*,*,#787,.F.);
#323=ORIENTED_EDGE('',*,*,#788,.F.);
#324=ORIENTED_EDGE('',*,*,#789,.F.);
#325=ORIENTED_EDGE('',*,*,#790,.F.);
#326=ORIENTED_EDGE('',*,*,#791,.F.);
#327=ORIENTED_EDGE('',*,*,#792,.T.);
#328=ORIENTED_EDGE('',*,*,#793,.F.);
#329=ORIENTED_EDGE('',*,*,#794,.T.);
#330=ORIENTED_EDGE('',*,*,#795,.T.);
#331=ORIENTED_EDGE('',*,*,#796,.F.);
#332=ORIENTED_EDGE('',*,*,#797,.F.);
#333=ORIENTED_EDGE('',*,*,#798,.T.);
#334=ORIENTED_EDGE('',*,*,#799,.F.);
#335=ORIENTED_EDGE('',*,*,#800,.F.);
#336=ORIENTED_EDGE('',*,*,#801,.F.);
#337=ORIENTED_EDGE('',*,*,#802,.F.);
#338=ORIENTED_EDGE('',*,*,#803,.F.);
#339=ORIENTED_EDGE('',*,*,#804,.F.);
#340=ORIENTED_EDGE('',*,*,#805,.T.);
#341=ORIENTED_EDGE('',*,*,#777,.T.);
#342=ORIENTED_EDGE('',*,*,#806,.T.);
#343=ORIENTED_EDGE('',*,*,#807,.F.);
#344=ORIENTED_EDGE('',*,*,#808,.T.);
#345=ORIENTED_EDGE('',*,*,#806,.F.);
#346=ORIENTED_EDGE('',*,*,#776,.F.);
#347=ORIENTED_EDGE('',*,*,#809,.T.);
#348=ORIENTED_EDGE('',*,*,#810,.T.);
#349=ORIENTED_EDGE('',*,*,#811,.F.);
#350=ORIENTED_EDGE('',*,*,#812,.F.);
#351=ORIENTED_EDGE('',*,*,#813,.F.);
#352=ORIENTED_EDGE('',*,*,#814,.T.);
#353=ORIENTED_EDGE('',*,*,#815,.F.);
#354=ORIENTED_EDGE('',*,*,#816,.F.);
#355=ORIENTED_EDGE('',*,*,#810,.F.);
#356=ORIENTED_EDGE('',*,*,#817,.F.);
#357=ORIENTED_EDGE('',*,*,#774,.F.);
#358=ORIENTED_EDGE('',*,*,#818,.F.);
#359=ORIENTED_EDGE('',*,*,#819,.F.);
#360=ORIENTED_EDGE('',*,*,#820,.F.);
#361=ORIENTED_EDGE('',*,*,#821,.F.);
#362=ORIENTED_EDGE('',*,*,#822,.F.);
#363=ORIENTED_EDGE('',*,*,#823,.F.);
#364=ORIENTED_EDGE('',*,*,#824,.F.);
#365=ORIENTED_EDGE('',*,*,#786,.F.);
#366=ORIENTED_EDGE('',*,*,#770,.F.);
#367=ORIENTED_EDGE('',*,*,#825,.F.);
#368=ORIENTED_EDGE('',*,*,#826,.F.);
#369=ORIENTED_EDGE('',*,*,#827,.F.);
#370=ORIENTED_EDGE('',*,*,#828,.F.);
#371=ORIENTED_EDGE('',*,*,#829,.F.);
#372=ORIENTED_EDGE('',*,*,#830,.F.);
#373=ORIENTED_EDGE('',*,*,#831,.F.);
#374=ORIENTED_EDGE('',*,*,#832,.T.);
#375=ORIENTED_EDGE('',*,*,#833,.T.);
#376=ORIENTED_EDGE('',*,*,#834,.F.);
#377=ORIENTED_EDGE('',*,*,#835,.T.);
#378=ORIENTED_EDGE('',*,*,#836,.T.);
#379=ORIENTED_EDGE('',*,*,#837,.T.);
#380=ORIENTED_EDGE('',*,*,#838,.T.);
#381=ORIENTED_EDGE('',*,*,#839,.T.);
#382=ORIENTED_EDGE('',*,*,#840,.T.);
#383=ORIENTED_EDGE('',*,*,#841,.T.);
#384=ORIENTED_EDGE('',*,*,#842,.T.);
#385=ORIENTED_EDGE('',*,*,#843,.F.);
#386=ORIENTED_EDGE('',*,*,#844,.F.);
#387=ORIENTED_EDGE('',*,*,#845,.F.);
#388=ORIENTED_EDGE('',*,*,#846,.F.);
#389=ORIENTED_EDGE('',*,*,#847,.F.);
#390=ORIENTED_EDGE('',*,*,#848,.T.);
#391=ORIENTED_EDGE('',*,*,#849,.F.);
#392=ORIENTED_EDGE('',*,*,#850,.F.);
#393=ORIENTED_EDGE('',*,*,#851,.T.);
#394=ORIENTED_EDGE('',*,*,#847,.T.);
#395=ORIENTED_EDGE('',*,*,#852,.F.);
#396=ORIENTED_EDGE('',*,*,#853,.F.);
#397=ORIENTED_EDGE('',*,*,#789,.T.);
#398=ORIENTED_EDGE('',*,*,#854,.F.);
#399=ORIENTED_EDGE('',*,*,#832,.F.);
#400=ORIENTED_EDGE('',*,*,#855,.T.);
#401=ORIENTED_EDGE('',*,*,#856,.F.);
#402=ORIENTED_EDGE('',*,*,#857,.T.);
#403=ORIENTED_EDGE('',*,*,#858,.F.);
#404=ORIENTED_EDGE('',*,*,#859,.F.);
#405=ORIENTED_EDGE('',*,*,#860,.T.);
#406=ORIENTED_EDGE('',*,*,#861,.F.);
#407=ORIENTED_EDGE('',*,*,#862,.F.);
#408=ORIENTED_EDGE('',*,*,#863,.F.);
#409=ORIENTED_EDGE('',*,*,#864,.F.);
#410=ORIENTED_EDGE('',*,*,#797,.T.);
#411=ORIENTED_EDGE('',*,*,#865,.F.);
#412=ORIENTED_EDGE('',*,*,#866,.T.);
#413=ORIENTED_EDGE('',*,*,#833,.F.);
#414=ORIENTED_EDGE('',*,*,#854,.T.);
#415=ORIENTED_EDGE('',*,*,#788,.T.);
#416=ORIENTED_EDGE('',*,*,#867,.F.);
#417=ORIENTED_EDGE('',*,*,#795,.F.);
#418=ORIENTED_EDGE('',*,*,#868,.T.);
#419=ORIENTED_EDGE('',*,*,#838,.F.);
#420=ORIENTED_EDGE('',*,*,#869,.F.);
#421=ORIENTED_EDGE('',*,*,#796,.T.);
#422=ORIENTED_EDGE('',*,*,#867,.T.);
#423=ORIENTED_EDGE('',*,*,#837,.F.);
#424=ORIENTED_EDGE('',*,*,#855,.F.);
#425=ORIENTED_EDGE('',*,*,#842,.F.);
#426=ORIENTED_EDGE('',*,*,#870,.F.);
#427=ORIENTED_EDGE('',*,*,#871,.T.);
#428=ORIENTED_EDGE('',*,*,#839,.F.);
#429=ORIENTED_EDGE('',*,*,#868,.F.);
#430=ORIENTED_EDGE('',*,*,#794,.F.);
#431=ORIENTED_EDGE('',*,*,#872,.F.);
#432=ORIENTED_EDGE('',*,*,#873,.F.);
#433=ORIENTED_EDGE('',*,*,#874,.F.);
#434=ORIENTED_EDGE('',*,*,#875,.F.);
#435=ORIENTED_EDGE('',*,*,#848,.F.);
#436=ORIENTED_EDGE('',*,*,#851,.F.);
#437=ORIENTED_EDGE('',*,*,#876,.F.);
#438=ORIENTED_EDGE('',*,*,#877,.F.);
#439=ORIENTED_EDGE('',*,*,#865,.T.);
#440=ORIENTED_EDGE('',*,*,#869,.T.);
#441=ORIENTED_EDGE('',*,*,#836,.F.);
#442=ORIENTED_EDGE('',*,*,#878,.F.);
#443=ORIENTED_EDGE('',*,*,#877,.T.);
#444=ORIENTED_EDGE('',*,*,#835,.F.);
#445=ORIENTED_EDGE('',*,*,#834,.T.);
#446=ORIENTED_EDGE('',*,*,#866,.F.);
#447=ORIENTED_EDGE('',*,*,#878,.T.);
#448=ORIENTED_EDGE('',*,*,#871,.F.);
#449=ORIENTED_EDGE('',*,*,#879,.F.);
#450=ORIENTED_EDGE('',*,*,#840,.F.);
#451=ORIENTED_EDGE('',*,*,#879,.T.);
#452=ORIENTED_EDGE('',*,*,#870,.T.);
#453=ORIENTED_EDGE('',*,*,#841,.F.);
#454=ORIENTED_EDGE('',*,*,#783,.T.);
#455=ORIENTED_EDGE('',*,*,#880,.T.);
#456=ORIENTED_EDGE('',*,*,#881,.F.);
#457=ORIENTED_EDGE('',*,*,#882,.T.);
#458=ORIENTED_EDGE('',*,*,#883,.T.);
#459=ORIENTED_EDGE('',*,*,#884,.F.);
#460=ORIENTED_EDGE('',*,*,#885,.F.);
#461=ORIENTED_EDGE('',*,*,#886,.F.);
#462=ORIENTED_EDGE('',*,*,#887,.T.);
#463=ORIENTED_EDGE('',*,*,#888,.F.);
#464=ORIENTED_EDGE('',*,*,#772,.T.);
#465=ORIENTED_EDGE('',*,*,#785,.T.);
#466=ORIENTED_EDGE('',*,*,#889,.F.);
#467=ORIENTED_EDGE('',*,*,#890,.T.);
#468=ORIENTED_EDGE('',*,*,#891,.F.);
#469=ORIENTED_EDGE('',*,*,#892,.F.);
#470=ORIENTED_EDGE('',*,*,#893,.F.);
#471=ORIENTED_EDGE('',*,*,#894,.T.);
#472=ORIENTED_EDGE('',*,*,#895,.T.);
#473=ORIENTED_EDGE('',*,*,#828,.T.);
#474=ORIENTED_EDGE('',*,*,#896,.F.);
#475=ORIENTED_EDGE('',*,*,#887,.F.);
#476=ORIENTED_EDGE('',*,*,#897,.F.);
#477=ORIENTED_EDGE('',*,*,#890,.F.);
#478=ORIENTED_EDGE('',*,*,#898,.F.);
#479=ORIENTED_EDGE('',*,*,#821,.T.);
#480=ORIENTED_EDGE('',*,*,#899,.F.);
#481=ORIENTED_EDGE('',*,*,#900,.T.);
#482=ORIENTED_EDGE('',*,*,#812,.T.);
#483=ORIENTED_EDGE('',*,*,#901,.F.);
#484=ORIENTED_EDGE('',*,*,#884,.T.);
#485=ORIENTED_EDGE('',*,*,#813,.T.);
#486=ORIENTED_EDGE('',*,*,#900,.F.);
#487=ORIENTED_EDGE('',*,*,#883,.F.);
#488=ORIENTED_EDGE('',*,*,#902,.F.);
#489=ORIENTED_EDGE('',*,*,#885,.T.);
#490=ORIENTED_EDGE('',*,*,#901,.T.);
#491=ORIENTED_EDGE('',*,*,#811,.T.);
#492=ORIENTED_EDGE('',*,*,#903,.F.);
#493=ORIENTED_EDGE('',*,*,#775,.F.);
#494=ORIENTED_EDGE('',*,*,#817,.T.);
#495=ORIENTED_EDGE('',*,*,#809,.F.);
#496=ORIENTED_EDGE('',*,*,#895,.F.);
#497=ORIENTED_EDGE('',*,*,#803,.T.);
#498=ORIENTED_EDGE('',*,*,#894,.F.);
#499=ORIENTED_EDGE('',*,*,#804,.T.);
#500=ORIENTED_EDGE('',*,*,#893,.T.);
#501=ORIENTED_EDGE('',*,*,#805,.F.);
#502=ORIENTED_EDGE('',*,*,#892,.T.);
#503=ORIENTED_EDGE('',*,*,#792,.F.);
#504=ORIENTED_EDGE('',*,*,#904,.F.);
#505=ORIENTED_EDGE('',*,*,#905,.F.);
#506=ORIENTED_EDGE('',*,*,#906,.T.);
#507=ORIENTED_EDGE('',*,*,#907,.F.);
#508=ORIENTED_EDGE('',*,*,#908,.F.);
#509=ORIENTED_EDGE('',*,*,#909,.F.);
#510=ORIENTED_EDGE('',*,*,#910,.F.);
#511=ORIENTED_EDGE('',*,*,#911,.F.);
#512=ORIENTED_EDGE('',*,*,#912,.F.);
#513=ORIENTED_EDGE('',*,*,#913,.F.);
#514=ORIENTED_EDGE('',*,*,#914,.F.);
#515=ORIENTED_EDGE('',*,*,#915,.F.);
#516=ORIENTED_EDGE('',*,*,#916,.T.);
#517=ORIENTED_EDGE('',*,*,#917,.F.);
#518=ORIENTED_EDGE('',*,*,#918,.F.);
#519=ORIENTED_EDGE('',*,*,#919,.F.);
#520=ORIENTED_EDGE('',*,*,#920,.F.);
#521=ORIENTED_EDGE('',*,*,#921,.F.);
#522=ORIENTED_EDGE('',*,*,#922,.F.);
#523=ORIENTED_EDGE('',*,*,#923,.F.);
#524=ORIENTED_EDGE('',*,*,#924,.T.);
#525=ORIENTED_EDGE('',*,*,#925,.T.);
#526=ORIENTED_EDGE('',*,*,#926,.T.);
#527=ORIENTED_EDGE('',*,*,#927,.T.);
#528=ORIENTED_EDGE('',*,*,#910,.T.);
#529=ORIENTED_EDGE('',*,*,#928,.F.);
#530=ORIENTED_EDGE('',*,*,#872,.T.);
#531=ORIENTED_EDGE('',*,*,#793,.T.);
#532=ORIENTED_EDGE('',*,*,#905,.T.);
#533=ORIENTED_EDGE('',*,*,#929,.F.);
#534=ORIENTED_EDGE('',*,*,#916,.F.);
#535=ORIENTED_EDGE('',*,*,#930,.F.);
#536=ORIENTED_EDGE('',*,*,#906,.F.);
#537=ORIENTED_EDGE('',*,*,#931,.F.);
#538=ORIENTED_EDGE('',*,*,#930,.T.);
#539=ORIENTED_EDGE('',*,*,#915,.T.);
#540=ORIENTED_EDGE('',*,*,#932,.T.);
#541=ORIENTED_EDGE('',*,*,#907,.T.);
#542=ORIENTED_EDGE('',*,*,#922,.T.);
#543=ORIENTED_EDGE('',*,*,#933,.T.);
#544=ORIENTED_EDGE('',*,*,#914,.T.);
#545=ORIENTED_EDGE('',*,*,#934,.F.);
#546=ORIENTED_EDGE('',*,*,#935,.F.);
#547=ORIENTED_EDGE('',*,*,#933,.F.);
#548=ORIENTED_EDGE('',*,*,#936,.T.);
#549=ORIENTED_EDGE('',*,*,#932,.F.);
#550=ORIENTED_EDGE('',*,*,#936,.F.);
#551=ORIENTED_EDGE('',*,*,#921,.T.);
#552=ORIENTED_EDGE('',*,*,#937,.T.);
#553=ORIENTED_EDGE('',*,*,#908,.T.);
#554=ORIENTED_EDGE('',*,*,#912,.T.);
#555=ORIENTED_EDGE('',*,*,#938,.T.);
#556=ORIENTED_EDGE('',*,*,#920,.T.);
#557=ORIENTED_EDGE('',*,*,#939,.F.);
#558=ORIENTED_EDGE('',*,*,#938,.F.);
#559=ORIENTED_EDGE('',*,*,#940,.T.);
#560=ORIENTED_EDGE('',*,*,#937,.F.);
#561=ORIENTED_EDGE('',*,*,#940,.F.);
#562=ORIENTED_EDGE('',*,*,#911,.T.);
#563=ORIENTED_EDGE('',*,*,#931,.T.);
#564=ORIENTED_EDGE('',*,*,#909,.T.);
#565=ORIENTED_EDGE('',*,*,#928,.T.);
#566=ORIENTED_EDGE('',*,*,#913,.T.);
#567=ORIENTED_EDGE('',*,*,#941,.T.);
#568=ORIENTED_EDGE('',*,*,#873,.T.);
#569=ORIENTED_EDGE('',*,*,#941,.F.);
#570=ORIENTED_EDGE('',*,*,#939,.T.);
#571=ORIENTED_EDGE('',*,*,#942,.T.);
#572=ORIENTED_EDGE('',*,*,#874,.T.);
#573=ORIENTED_EDGE('',*,*,#942,.F.);
#574=ORIENTED_EDGE('',*,*,#919,.T.);
#575=ORIENTED_EDGE('',*,*,#943,.T.);
#576=ORIENTED_EDGE('',*,*,#875,.T.);
#577=ORIENTED_EDGE('',*,*,#849,.T.);
#578=ORIENTED_EDGE('',*,*,#943,.F.);
#579=ORIENTED_EDGE('',*,*,#918,.T.);
#580=ORIENTED_EDGE('',*,*,#944,.T.);
#581=ORIENTED_EDGE('',*,*,#944,.F.);
#582=ORIENTED_EDGE('',*,*,#923,.T.);
#583=ORIENTED_EDGE('',*,*,#945,.T.);
#584=ORIENTED_EDGE('',*,*,#852,.T.);
#585=ORIENTED_EDGE('',*,*,#945,.F.);
#586=ORIENTED_EDGE('',*,*,#935,.T.);
#587=ORIENTED_EDGE('',*,*,#946,.T.);
#588=ORIENTED_EDGE('',*,*,#853,.T.);
#589=ORIENTED_EDGE('',*,*,#946,.F.);
#590=ORIENTED_EDGE('',*,*,#934,.T.);
#591=ORIENTED_EDGE('',*,*,#947,.T.);
#592=ORIENTED_EDGE('',*,*,#790,.T.);
#593=ORIENTED_EDGE('',*,*,#791,.T.);
#594=ORIENTED_EDGE('',*,*,#947,.F.);
#595=ORIENTED_EDGE('',*,*,#917,.T.);
#596=ORIENTED_EDGE('',*,*,#929,.T.);
#597=ORIENTED_EDGE('',*,*,#904,.T.);
#598=ORIENTED_EDGE('',*,*,#948,.T.);
#599=ORIENTED_EDGE('',*,*,#927,.F.);
#600=ORIENTED_EDGE('',*,*,#949,.F.);
#601=ORIENTED_EDGE('',*,*,#948,.F.);
#602=ORIENTED_EDGE('',*,*,#950,.T.);
#603=ORIENTED_EDGE('',*,*,#926,.F.);
#604=ORIENTED_EDGE('',*,*,#951,.F.);
#605=ORIENTED_EDGE('',*,*,#950,.F.);
#606=ORIENTED_EDGE('',*,*,#952,.T.);
#607=ORIENTED_EDGE('',*,*,#925,.F.);
#608=ORIENTED_EDGE('',*,*,#953,.F.);
#609=ORIENTED_EDGE('',*,*,#952,.F.);
#610=ORIENTED_EDGE('',*,*,#954,.T.);
#611=ORIENTED_EDGE('',*,*,#924,.F.);
#612=ORIENTED_EDGE('',*,*,#955,.F.);
#613=ORIENTED_EDGE('',*,*,#954,.F.);
#614=ORIENTED_EDGE('',*,*,#956,.T.);
#615=ORIENTED_EDGE('',*,*,#956,.F.);
#616=ORIENTED_EDGE('',*,*,#955,.T.);
#617=ORIENTED_EDGE('',*,*,#957,.T.);
#618=ORIENTED_EDGE('',*,*,#957,.F.);
#619=ORIENTED_EDGE('',*,*,#953,.T.);
#620=ORIENTED_EDGE('',*,*,#958,.T.);
#621=ORIENTED_EDGE('',*,*,#958,.F.);
#622=ORIENTED_EDGE('',*,*,#951,.T.);
#623=ORIENTED_EDGE('',*,*,#959,.T.);
#624=ORIENTED_EDGE('',*,*,#959,.F.);
#625=ORIENTED_EDGE('',*,*,#949,.T.);
#626=ORIENTED_EDGE('',*,*,#862,.T.);
#627=ORIENTED_EDGE('',*,*,#960,.F.);
#628=ORIENTED_EDGE('',*,*,#780,.F.);
#629=ORIENTED_EDGE('',*,*,#961,.F.);
#630=ORIENTED_EDGE('',*,*,#778,.F.);
#631=ORIENTED_EDGE('',*,*,#807,.T.);
#632=ORIENTED_EDGE('',*,*,#808,.F.);
#633=ORIENTED_EDGE('',*,*,#816,.T.);
#634=ORIENTED_EDGE('',*,*,#962,.F.);
#635=ORIENTED_EDGE('',*,*,#798,.F.);
#636=ORIENTED_EDGE('',*,*,#864,.T.);
#637=ORIENTED_EDGE('',*,*,#963,.F.);
#638=ORIENTED_EDGE('',*,*,#860,.F.);
#639=ORIENTED_EDGE('',*,*,#802,.T.);
#640=ORIENTED_EDGE('',*,*,#964,.F.);
#641=ORIENTED_EDGE('',*,*,#880,.F.);
#642=ORIENTED_EDGE('',*,*,#782,.T.);
#643=ORIENTED_EDGE('',*,*,#965,.F.);
#644=ORIENTED_EDGE('',*,*,#814,.F.);
#645=ORIENTED_EDGE('',*,*,#902,.T.);
#646=ORIENTED_EDGE('',*,*,#882,.F.);
#647=ORIENTED_EDGE('',*,*,#966,.F.);
#648=ORIENTED_EDGE('',*,*,#800,.T.);
#649=ORIENTED_EDGE('',*,*,#967,.F.);
#650=ORIENTED_EDGE('',*,*,#863,.T.);
#651=ORIENTED_EDGE('',*,*,#961,.T.);
#652=ORIENTED_EDGE('',*,*,#779,.T.);
#653=ORIENTED_EDGE('',*,*,#963,.T.);
#654=ORIENTED_EDGE('',*,*,#861,.T.);
#655=ORIENTED_EDGE('',*,*,#965,.T.);
#656=ORIENTED_EDGE('',*,*,#781,.T.);
#657=ORIENTED_EDGE('',*,*,#960,.T.);
#658=ORIENTED_EDGE('',*,*,#799,.T.);
#659=ORIENTED_EDGE('',*,*,#962,.T.);
#660=ORIENTED_EDGE('',*,*,#815,.T.);
#661=ORIENTED_EDGE('',*,*,#967,.T.);
#662=ORIENTED_EDGE('',*,*,#801,.T.);
#663=ORIENTED_EDGE('',*,*,#966,.T.);
#664=ORIENTED_EDGE('',*,*,#881,.T.);
#665=ORIENTED_EDGE('',*,*,#964,.T.);
#666=ORIENTED_EDGE('',*,*,#830,.T.);
#667=ORIENTED_EDGE('',*,*,#968,.F.);
#668=ORIENTED_EDGE('',*,*,#969,.F.);
#669=ORIENTED_EDGE('',*,*,#970,.F.);
#670=ORIENTED_EDGE('',*,*,#819,.T.);
#671=ORIENTED_EDGE('',*,*,#971,.F.);
#672=ORIENTED_EDGE('',*,*,#972,.F.);
#673=ORIENTED_EDGE('',*,*,#973,.F.);
#674=ORIENTED_EDGE('',*,*,#974,.F.);
#675=ORIENTED_EDGE('',*,*,#975,.F.);
#676=ORIENTED_EDGE('',*,*,#823,.T.);
#677=ORIENTED_EDGE('',*,*,#976,.F.);
#678=ORIENTED_EDGE('',*,*,#826,.T.);
#679=ORIENTED_EDGE('',*,*,#977,.F.);
#680=ORIENTED_EDGE('',*,*,#978,.F.);
#681=ORIENTED_EDGE('',*,*,#979,.F.);
#682=ORIENTED_EDGE('',*,*,#820,.T.);
#683=ORIENTED_EDGE('',*,*,#973,.T.);
#684=ORIENTED_EDGE('',*,*,#980,.T.);
#685=ORIENTED_EDGE('',*,*,#899,.T.);
#686=ORIENTED_EDGE('',*,*,#980,.F.);
#687=ORIENTED_EDGE('',*,*,#972,.T.);
#688=ORIENTED_EDGE('',*,*,#981,.T.);
#689=ORIENTED_EDGE('',*,*,#891,.T.);
#690=ORIENTED_EDGE('',*,*,#818,.T.);
#691=ORIENTED_EDGE('',*,*,#784,.T.);
#692=ORIENTED_EDGE('',*,*,#981,.F.);
#693=ORIENTED_EDGE('',*,*,#971,.T.);
#694=ORIENTED_EDGE('',*,*,#829,.T.);
#695=ORIENTED_EDGE('',*,*,#897,.T.);
#696=ORIENTED_EDGE('',*,*,#982,.T.);
#697=ORIENTED_EDGE('',*,*,#968,.T.);
#698=ORIENTED_EDGE('',*,*,#982,.F.);
#699=ORIENTED_EDGE('',*,*,#886,.T.);
#700=ORIENTED_EDGE('',*,*,#983,.T.);
#701=ORIENTED_EDGE('',*,*,#969,.T.);
#702=ORIENTED_EDGE('',*,*,#983,.F.);
#703=ORIENTED_EDGE('',*,*,#903,.T.);
#704=ORIENTED_EDGE('',*,*,#831,.T.);
#705=ORIENTED_EDGE('',*,*,#970,.T.);
#706=ORIENTED_EDGE('',*,*,#827,.T.);
#707=ORIENTED_EDGE('',*,*,#979,.T.);
#708=ORIENTED_EDGE('',*,*,#984,.T.);
#709=ORIENTED_EDGE('',*,*,#896,.T.);
#710=ORIENTED_EDGE('',*,*,#984,.F.);
#711=ORIENTED_EDGE('',*,*,#978,.T.);
#712=ORIENTED_EDGE('',*,*,#985,.T.);
#713=ORIENTED_EDGE('',*,*,#888,.T.);
#714=ORIENTED_EDGE('',*,*,#825,.T.);
#715=ORIENTED_EDGE('',*,*,#773,.T.);
#716=ORIENTED_EDGE('',*,*,#985,.F.);
#717=ORIENTED_EDGE('',*,*,#977,.T.);
#718=ORIENTED_EDGE('',*,*,#824,.T.);
#719=ORIENTED_EDGE('',*,*,#975,.T.);
#720=ORIENTED_EDGE('',*,*,#986,.T.);
#721=ORIENTED_EDGE('',*,*,#787,.T.);
#722=ORIENTED_EDGE('',*,*,#986,.F.);
#723=ORIENTED_EDGE('',*,*,#974,.T.);
#724=ORIENTED_EDGE('',*,*,#987,.T.);
#725=ORIENTED_EDGE('',*,*,#889,.T.);
#726=ORIENTED_EDGE('',*,*,#822,.T.);
#727=ORIENTED_EDGE('',*,*,#898,.T.);
#728=ORIENTED_EDGE('',*,*,#987,.F.);
#729=ORIENTED_EDGE('',*,*,#976,.T.);
#730=ORIENTED_EDGE('',*,*,#988,.F.);
#731=ORIENTED_EDGE('',*,*,#989,.F.);
#732=ORIENTED_EDGE('',*,*,#990,.F.);
#733=ORIENTED_EDGE('',*,*,#991,.F.);
#734=ORIENTED_EDGE('',*,*,#990,.T.);
#735=ORIENTED_EDGE('',*,*,#992,.F.);
#736=ORIENTED_EDGE('',*,*,#993,.F.);
#737=ORIENTED_EDGE('',*,*,#994,.F.);
#738=ORIENTED_EDGE('',*,*,#993,.T.);
#739=ORIENTED_EDGE('',*,*,#995,.F.);
#740=ORIENTED_EDGE('',*,*,#996,.F.);
#741=ORIENTED_EDGE('',*,*,#997,.F.);
#742=ORIENTED_EDGE('',*,*,#995,.T.);
#743=ORIENTED_EDGE('',*,*,#998,.F.);
#744=ORIENTED_EDGE('',*,*,#857,.F.);
#745=ORIENTED_EDGE('',*,*,#999,.F.);
#746=ORIENTED_EDGE('',*,*,#1000,.F.);
#747=ORIENTED_EDGE('',*,*,#999,.T.);
#748=ORIENTED_EDGE('',*,*,#843,.T.);
#749=ORIENTED_EDGE('',*,*,#1000,.T.);
#750=ORIENTED_EDGE('',*,*,#846,.T.);
#751=ORIENTED_EDGE('',*,*,#994,.T.);
#752=ORIENTED_EDGE('',*,*,#845,.T.);
#753=ORIENTED_EDGE('',*,*,#997,.T.);
#754=ORIENTED_EDGE('',*,*,#844,.T.);
#755=ORIENTED_EDGE('',*,*,#991,.T.);
#756=ORIENTED_EDGE('',*,*,#1001,.T.);
#757=ORIENTED_EDGE('',*,*,#988,.T.);
#758=ORIENTED_EDGE('',*,*,#1002,.T.);
#759=ORIENTED_EDGE('',*,*,#850,.T.);
#760=ORIENTED_EDGE('',*,*,#1002,.F.);
#761=ORIENTED_EDGE('',*,*,#989,.T.);
#762=ORIENTED_EDGE('',*,*,#1001,.F.);
#763=ORIENTED_EDGE('',*,*,#856,.T.);
#764=ORIENTED_EDGE('',*,*,#876,.T.);
#765=ORIENTED_EDGE('',*,*,#858,.T.);
#766=ORIENTED_EDGE('',*,*,#992,.T.);
#767=ORIENTED_EDGE('',*,*,#859,.T.);
#768=ORIENTED_EDGE('',*,*,#998,.T.);
#769=ORIENTED_EDGE('',*,*,#996,.T.);
#770=EDGE_CURVE('',#1003,#1004,#1167,.T.);
#771=EDGE_CURVE('',#1004,#1005,#1168,.T.);
#772=EDGE_CURVE('',#1006,#1005,#1169,.T.);
#773=EDGE_CURVE('',#1003,#1006,#1170,.T.);
#774=EDGE_CURVE('',#1007,#1008,#1171,.T.);
#775=EDGE_CURVE('',#1008,#1009,#1172,.F.);
#776=EDGE_CURVE('',#1009,#1010,#1173,.T.);
#777=EDGE_CURVE('',#1011,#1010,#1174,.T.);
#778=EDGE_CURVE('',#1011,#1012,#1175,.T.);
#779=EDGE_CURVE('',#1013,#1012,#1176,.T.);
#780=EDGE_CURVE('',#1013,#1014,#1177,.T.);
#781=EDGE_CURVE('',#1015,#1014,#1178,.T.);
#782=EDGE_CURVE('',#1016,#1015,#1179,.T.);
#783=EDGE_CURVE('',#1017,#1016,#1180,.T.);
#784=EDGE_CURVE('',#1007,#1017,#1181,.T.);
#785=EDGE_CURVE('',#1005,#1018,#1182,.T.);
#786=EDGE_CURVE('',#1004,#1019,#1183,.T.);
#787=EDGE_CURVE('',#1018,#1019,#1184,.T.);
#788=EDGE_CURVE('',#1020,#1021,#1185,.T.);
#789=EDGE_CURVE('',#1022,#1020,#1186,.T.);
#790=EDGE_CURVE('',#1023,#1022,#199,.T.);
#791=EDGE_CURVE('',#1024,#1023,#91,.F.);
#792=EDGE_CURVE('',#1024,#1025,#200,.F.);
#793=EDGE_CURVE('',#1026,#1025,#92,.T.);
#794=EDGE_CURVE('',#1026,#1027,#93,.T.);
#795=EDGE_CURVE('',#1027,#1028,#94,.T.);
#796=EDGE_CURVE('',#1029,#1028,#1187,.T.);
#797=EDGE_CURVE('',#1030,#1029,#1188,.T.);
#798=EDGE_CURVE('',#1030,#1031,#95,.T.);
#799=EDGE_CURVE('',#1032,#1031,#201,.T.);
#800=EDGE_CURVE('',#1033,#1032,#96,.T.);
#801=EDGE_CURVE('',#1034,#1033,#202,.T.);
#802=EDGE_CURVE('',#1021,#1034,#97,.T.);
#803=EDGE_CURVE('',#1035,#1035,#203,.T.);
#804=EDGE_CURVE('',#1036,#1036,#204,.T.);
#805=EDGE_CURVE('',#1037,#1037,#205,.F.);
#806=EDGE_CURVE('',#1010,#1038,#1189,.T.);
#807=EDGE_CURVE('',#1011,#1038,#98,.T.);
#808=EDGE_CURVE('',#1039,#1038,#99,.T.);
#809=EDGE_CURVE('',#1009,#1040,#100,.F.);
#810=EDGE_CURVE('',#1040,#1039,#1190,.T.);
#811=EDGE_CURVE('',#1041,#1042,#101,.F.);
#812=EDGE_CURVE('',#1043,#1041,#102,.T.);
#813=EDGE_CURVE('',#1044,#1043,#1191,.T.);
#814=EDGE_CURVE('',#1044,#1045,#103,.T.);
#815=EDGE_CURVE('',#1046,#1045,#206,.F.);
#816=EDGE_CURVE('',#1039,#1046,#104,.T.);
#817=EDGE_CURVE('',#1008,#1040,#1192,.T.);
#818=EDGE_CURVE('',#1047,#1007,#1193,.T.);
#819=EDGE_CURVE('',#1048,#1047,#207,.T.);
#820=EDGE_CURVE('',#1049,#1048,#1194,.T.);
#821=EDGE_CURVE('',#1050,#1049,#1195,.T.);
#822=EDGE_CURVE('',#1051,#1050,#1196,.T.);
#823=EDGE_CURVE('',#1052,#1051,#208,.T.);
#824=EDGE_CURVE('',#1019,#1052,#1197,.T.);
#825=EDGE_CURVE('',#1053,#1003,#1198,.T.);
#826=EDGE_CURVE('',#1054,#1053,#209,.T.);
#827=EDGE_CURVE('',#1055,#1054,#1199,.T.);
#828=EDGE_CURVE('',#1056,#1055,#1200,.T.);
#829=EDGE_CURVE('',#1057,#1056,#1201,.T.);
#830=EDGE_CURVE('',#1058,#1057,#210,.T.);
#831=EDGE_CURVE('',#1042,#1058,#1202,.T.);
#832=EDGE_CURVE('',#1059,#1060,#1203,.T.);
#833=EDGE_CURVE('',#1060,#1061,#1204,.T.);
#834=EDGE_CURVE('',#1062,#1061,#105,.T.);
#835=EDGE_CURVE('',#1062,#1063,#106,.T.);
#836=EDGE_CURVE('',#1063,#1064,#1205,.F.);
#837=EDGE_CURVE('',#1064,#1065,#1206,.T.);
#838=EDGE_CURVE('',#1065,#1066,#107,.T.);
#839=EDGE_CURVE('',#1066,#1067,#108,.F.);
#840=EDGE_CURVE('',#1067,#1068,#85,.T.);
#841=EDGE_CURVE('',#1068,#1069,#1207,.T.);
#842=EDGE_CURVE('',#1069,#1059,#109,.F.);
#843=EDGE_CURVE('',#1070,#1070,#211,.F.);
#844=EDGE_CURVE('',#1071,#1071,#212,.F.);
#845=EDGE_CURVE('',#1072,#1072,#213,.F.);
#846=EDGE_CURVE('',#1073,#1073,#214,.F.);
#847=EDGE_CURVE('',#1074,#1075,#1208,.T.);
#848=EDGE_CURVE('',#1074,#1076,#110,.T.);
#849=EDGE_CURVE('',#1075,#1076,#111,.F.);
#850=EDGE_CURVE('',#1077,#1078,#1209,.T.);
#851=EDGE_CURVE('',#1077,#1074,#1210,.T.);
#852=EDGE_CURVE('',#1079,#1075,#1211,.T.);
#853=EDGE_CURVE('',#1022,#1079,#1212,.T.);
#854=EDGE_CURVE('',#1060,#1020,#1213,.F.);
#855=EDGE_CURVE('',#1059,#1080,#1214,.T.);
#856=EDGE_CURVE('',#1078,#1080,#1215,.F.);
#857=EDGE_CURVE('',#1081,#1081,#1216,.F.);
#858=EDGE_CURVE('',#1082,#1082,#1217,.T.);
#859=EDGE_CURVE('',#1083,#1083,#1218,.T.);
#860=EDGE_CURVE('',#1021,#1084,#1219,.T.);
#861=EDGE_CURVE('',#1085,#1084,#1220,.T.);
#862=EDGE_CURVE('',#1086,#1085,#1221,.T.);
#863=EDGE_CURVE('',#1087,#1086,#1222,.T.);
#864=EDGE_CURVE('',#1030,#1087,#1223,.T.);
#865=EDGE_CURVE('',#1088,#1029,#1224,.T.);
#866=EDGE_CURVE('',#1088,#1061,#1225,.T.);
#867=EDGE_CURVE('',#1028,#1065,#112,.T.);
#868=EDGE_CURVE('',#1027,#1066,#215,.T.);
#869=EDGE_CURVE('',#1029,#1064,#113,.T.);
#870=EDGE_CURVE('',#1089,#1069,#216,.T.);
#871=EDGE_CURVE('',#1089,#1067,#1226,.F.);
#872=EDGE_CURVE('',#1090,#1026,#86,.F.);
#873=EDGE_CURVE('',#1091,#1090,#87,.T.);
#874=EDGE_CURVE('',#1092,#1091,#1227,.T.);
#875=EDGE_CURVE('',#1076,#1092,#88,.F.);
#876=EDGE_CURVE('',#1080,#1077,#1228,.T.);
#877=EDGE_CURVE('',#1088,#1063,#114,.T.);
#878=EDGE_CURVE('',#1088,#1062,#1229,.T.);
#879=EDGE_CURVE('',#1068,#1089,#1230,.F.);
#880=EDGE_CURVE('',#1016,#1093,#115,.T.);
#881=EDGE_CURVE('',#1094,#1093,#217,.F.);
#882=EDGE_CURVE('',#1094,#1095,#116,.T.);
#883=EDGE_CURVE('',#1095,#1096,#1231,.T.);
#884=EDGE_CURVE('',#1097,#1096,#117,.T.);
#885=EDGE_CURVE('',#1098,#1097,#118,.T.);
#886=EDGE_CURVE('',#1099,#1098,#218,.F.);
#887=EDGE_CURVE('',#1099,#1100,#1232,.T.);
#888=EDGE_CURVE('',#1006,#1100,#219,.F.);
#889=EDGE_CURVE('',#1101,#1018,#220,.F.);
#890=EDGE_CURVE('',#1101,#1102,#1233,.T.);
#891=EDGE_CURVE('',#1017,#1102,#221,.F.);
#892=EDGE_CURVE('',#1103,#1103,#222,.T.);
#893=EDGE_CURVE('',#1104,#1104,#223,.T.);
#894=EDGE_CURVE('',#1105,#1105,#224,.T.);
#895=EDGE_CURVE('',#1106,#1106,#225,.T.);
#896=EDGE_CURVE('',#1100,#1055,#1234,.T.);
#897=EDGE_CURVE('',#1056,#1099,#1235,.T.);
#898=EDGE_CURVE('',#1050,#1101,#1236,.T.);
#899=EDGE_CURVE('',#1102,#1049,#1237,.T.);
#900=EDGE_CURVE('',#1096,#1043,#119,.T.);
#901=EDGE_CURVE('',#1097,#1041,#226,.F.);
#902=EDGE_CURVE('',#1044,#1095,#120,.T.);
#903=EDGE_CURVE('',#1098,#1042,#1238,.T.);
#904=EDGE_CURVE('',#1107,#1024,#1239,.F.);
#905=EDGE_CURVE('',#1025,#1107,#121,.T.);
#906=EDGE_CURVE('',#1108,#1109,#122,.T.);
#907=EDGE_CURVE('',#1110,#1109,#123,.T.);
#908=EDGE_CURVE('',#1111,#1110,#124,.T.);
#909=EDGE_CURVE('',#1108,#1111,#125,.F.);
#910=EDGE_CURVE('',#1112,#1113,#126,.T.);
#911=EDGE_CURVE('',#1114,#1112,#127,.T.);
#912=EDGE_CURVE('',#1115,#1114,#128,.F.);
#913=EDGE_CURVE('',#1113,#1115,#89,.T.);
#914=EDGE_CURVE('',#1116,#1117,#129,.T.);
#915=EDGE_CURVE('',#1118,#1116,#130,.F.);
#916=EDGE_CURVE('',#1118,#1119,#131,.T.);
#917=EDGE_CURVE('',#1117,#1119,#132,.T.);
#918=EDGE_CURVE('',#1120,#1121,#133,.T.);
#919=EDGE_CURVE('',#1122,#1120,#90,.F.);
#920=EDGE_CURVE('',#1123,#1122,#134,.T.);
#921=EDGE_CURVE('',#1124,#1123,#135,.F.);
#922=EDGE_CURVE('',#1125,#1124,#136,.F.);
#923=EDGE_CURVE('',#1121,#1125,#1240,.T.);
#924=EDGE_CURVE('',#1126,#1126,#227,.F.);
#925=EDGE_CURVE('',#1127,#1127,#228,.F.);
#926=EDGE_CURVE('',#1128,#1128,#229,.F.);
#927=EDGE_CURVE('',#1129,#1129,#230,.F.);
#928=EDGE_CURVE('',#1090,#1113,#1241,.T.);
#929=EDGE_CURVE('',#1119,#1107,#231,.T.);
#930=EDGE_CURVE('',#1109,#1118,#232,.F.);
#931=EDGE_CURVE('',#1112,#1108,#233,.F.);
#932=EDGE_CURVE('',#1116,#1110,#234,.T.);
#933=EDGE_CURVE('',#1124,#1116,#235,.T.);
#934=EDGE_CURVE('',#1130,#1117,#236,.F.);
#935=EDGE_CURVE('',#1125,#1130,#1242,.T.);
#936=EDGE_CURVE('',#1124,#1110,#237,.F.);
#937=EDGE_CURVE('',#1123,#1111,#238,.T.);
#938=EDGE_CURVE('',#1114,#1123,#239,.T.);
#939=EDGE_CURVE('',#1115,#1122,#1243,.T.);
#940=EDGE_CURVE('',#1114,#1111,#240,.F.);
#941=EDGE_CURVE('',#1115,#1091,#241,.T.);
#942=EDGE_CURVE('',#1122,#1092,#242,.T.);
#943=EDGE_CURVE('',#1120,#1076,#243,.T.);
#944=EDGE_CURVE('',#1121,#1075,#1244,.F.);
#945=EDGE_CURVE('',#1125,#1079,#244,.T.);
#946=EDGE_CURVE('',#1130,#1022,#245,.T.);
#947=EDGE_CURVE('',#1117,#1023,#246,.T.);
#948=EDGE_CURVE('',#1131,#1131,#247,.T.);
#949=EDGE_CURVE('',#1132,#1132,#248,.T.);
#950=EDGE_CURVE('',#1133,#1133,#249,.T.);
#951=EDGE_CURVE('',#1134,#1134,#250,.T.);
#952=EDGE_CURVE('',#1135,#1135,#251,.T.);
#953=EDGE_CURVE('',#1136,#1136,#252,.T.);
#954=EDGE_CURVE('',#1137,#1137,#253,.T.);
#955=EDGE_CURVE('',#1138,#1138,#254,.T.);
#956=EDGE_CURVE('',#1140,#1140,#255,.T.);
#957=EDGE_CURVE('',#1142,#1142,#256,.T.);
#958=EDGE_CURVE('',#1144,#1144,#257,.T.);
#959=EDGE_CURVE('',#1146,#1146,#258,.T.);
#960=EDGE_CURVE('',#1014,#1085,#137,.F.);
#961=EDGE_CURVE('',#1086,#1013,#138,.T.);
#962=EDGE_CURVE('',#1031,#1046,#139,.T.);
#963=EDGE_CURVE('',#1012,#1087,#140,.F.);
#964=EDGE_CURVE('',#1093,#1034,#141,.F.);
#965=EDGE_CURVE('',#1084,#1015,#142,.T.);
#966=EDGE_CURVE('',#1033,#1094,#143,.T.);
#967=EDGE_CURVE('',#1045,#1032,#144,.F.);
#968=EDGE_CURVE('',#1147,#1057,#1245,.T.);
#969=EDGE_CURVE('',#1148,#1147,#259,.T.);
#970=EDGE_CURVE('',#1058,#1148,#1246,.T.);
#971=EDGE_CURVE('',#1149,#1047,#1247,.T.);
#972=EDGE_CURVE('',#1150,#1149,#260,.T.);
#973=EDGE_CURVE('',#1048,#1150,#1248,.T.);
#974=EDGE_CURVE('',#1151,#1152,#261,.T.);
#975=EDGE_CURVE('',#1052,#1151,#1249,.T.);
#976=EDGE_CURVE('',#1152,#1051,#1250,.T.);
#977=EDGE_CURVE('',#1153,#1053,#1251,.T.);
#978=EDGE_CURVE('',#1154,#1153,#262,.T.);
#979=EDGE_CURVE('',#1054,#1154,#1252,.T.);
#980=EDGE_CURVE('',#1150,#1102,#263,.T.);
#981=EDGE_CURVE('',#1149,#1017,#264,.T.);
#982=EDGE_CURVE('',#1099,#1147,#265,.T.);
#983=EDGE_CURVE('',#1098,#1148,#266,.T.);
#984=EDGE_CURVE('',#1154,#1100,#267,.T.);
#985=EDGE_CURVE('',#1153,#1006,#268,.T.);
#986=EDGE_CURVE('',#1151,#1018,#269,.T.);
#987=EDGE_CURVE('',#1152,#1101,#270,.T.);
#988=EDGE_CURVE('',#1155,#1156,#1253,.T.);
#989=EDGE_CURVE('',#1156,#1155,#1254,.T.);
#990=EDGE_CURVE('',#1157,#1157,#271,.T.);
#991=EDGE_CURVE('',#1158,#1158,#272,.T.);
#992=EDGE_CURVE('',#1159,#1159,#1255,.T.);
#993=EDGE_CURVE('',#1160,#1160,#273,.T.);
#994=EDGE_CURVE('',#1161,#1161,#274,.T.);
#995=EDGE_CURVE('',#1162,#1163,#275,.T.);
#996=EDGE_CURVE('',#1163,#1162,#1256,.T.);
#997=EDGE_CURVE('',#1164,#1164,#276,.T.);
#998=EDGE_CURVE('',#1162,#1163,#1257,.T.);
#999=EDGE_CURVE('',#1165,#1165,#277,.T.);
#1000=EDGE_CURVE('',#1166,#1166,#278,.T.);
#1001=EDGE_CURVE('',#1078,#1155,#1258,.T.);
#1002=EDGE_CURVE('',#1156,#1077,#1259,.F.);
#1003=VERTEX_POINT('',#2283);
#1004=VERTEX_POINT('',#2284);
#1005=VERTEX_POINT('',#2298);
#1006=VERTEX_POINT('',#2429);
#1007=VERTEX_POINT('',#2552);
#1008=VERTEX_POINT('',#2553);
#1009=VERTEX_POINT('',#2559);
#1010=VERTEX_POINT('',#2564);
#1011=VERTEX_POINT('',#3085);
#1012=VERTEX_POINT('',#3091);
#1013=VERTEX_POINT('',#3097);
#1014=VERTEX_POINT('',#3102);
#1015=VERTEX_POINT('',#3107);
#1016=VERTEX_POINT('',#3112);
#1017=VERTEX_POINT('',#3633);
#1018=VERTEX_POINT('',#4309);
#1019=VERTEX_POINT('',#4318);
#1020=VERTEX_POINT('',#4845);
#1021=VERTEX_POINT('',#4846);
#1022=VERTEX_POINT('',#4977);
#1023=VERTEX_POINT('',#4979);
#1024=VERTEX_POINT('',#4981);
#1025=VERTEX_POINT('',#4983);
#1026=VERTEX_POINT('',#4985);
#1027=VERTEX_POINT('',#4987);
#1028=VERTEX_POINT('',#4989);
#1029=VERTEX_POINT('',#4994);
#1030=VERTEX_POINT('',#5515);
#1031=VERTEX_POINT('',#5517);
#1032=VERTEX_POINT('',#5519);
#1033=VERTEX_POINT('',#5521);
#1034=VERTEX_POINT('',#5523);
#1035=VERTEX_POINT('',#5526);
#1036=VERTEX_POINT('',#5528);
#1037=VERTEX_POINT('',#5530);
#1038=VERTEX_POINT('',#5536);
#1039=VERTEX_POINT('',#5547);
#1040=VERTEX_POINT('',#5549);
#1041=VERTEX_POINT('',#5556);
#1042=VERTEX_POINT('',#5557);
#1043=VERTEX_POINT('',#5559);
#1044=VERTEX_POINT('',#5564);
#1045=VERTEX_POINT('',#5566);
#1046=VERTEX_POINT('',#5568);
#1047=VERTEX_POINT('',#5580);
#1048=VERTEX_POINT('',#5582);
#1049=VERTEX_POINT('',#5588);
#1050=VERTEX_POINT('',#5597);
#1051=VERTEX_POINT('',#5604);
#1052=VERTEX_POINT('',#5606);
#1053=VERTEX_POINT('',#5619);
#1054=VERTEX_POINT('',#5621);
#1055=VERTEX_POINT('',#5627);
#1056=VERTEX_POINT('',#5637);
#1057=VERTEX_POINT('',#5643);
#1058=VERTEX_POINT('',#5645);
#1059=VERTEX_POINT('',#5663);
#1060=VERTEX_POINT('',#5664);
#1061=VERTEX_POINT('',#5693);
#1062=VERTEX_POINT('',#5695);
#1063=VERTEX_POINT('',#5697);
#1064=VERTEX_POINT('',#5717);
#1065=VERTEX_POINT('',#5724);
#1066=VERTEX_POINT('',#5726);
#1067=VERTEX_POINT('',#5728);
#1068=VERTEX_POINT('',#5730);
#1069=VERTEX_POINT('',#5735);
#1070=VERTEX_POINT('',#5738);
#1071=VERTEX_POINT('',#5740);
#1072=VERTEX_POINT('',#5742);
#1073=VERTEX_POINT('',#5744);
#1074=VERTEX_POINT('',#5876);
#1075=VERTEX_POINT('',#5877);
#1076=VERTEX_POINT('',#5879);
#1077=VERTEX_POINT('',#6102);
#1078=VERTEX_POINT('',#6103);
#1079=VERTEX_POINT('',#6117);
#1080=VERTEX_POINT('',#6167);
#1081=VERTEX_POINT('',#6190);
#1082=VERTEX_POINT('',#6843);
#1083=VERTEX_POINT('',#6863);
#1084=VERTEX_POINT('',#6868);
#1085=VERTEX_POINT('',#6873);
#1086=VERTEX_POINT('',#6878);
#1087=VERTEX_POINT('',#6883);
#1088=VERTEX_POINT('',#6897);
#1089=VERTEX_POINT('',#6916);
#1090=VERTEX_POINT('',#6922);
#1091=VERTEX_POINT('',#6924);
#1092=VERTEX_POINT('',#6932);
#1093=VERTEX_POINT('',#6983);
#1094=VERTEX_POINT('',#6985);
#1095=VERTEX_POINT('',#6987);
#1096=VERTEX_POINT('',#6992);
#1097=VERTEX_POINT('',#6994);
#1098=VERTEX_POINT('',#6996);
#1099=VERTEX_POINT('',#6998);
#1100=VERTEX_POINT('',#7129);
#1101=VERTEX_POINT('',#7132);
#1102=VERTEX_POINT('',#7653);
#1103=VERTEX_POINT('',#7656);
#1104=VERTEX_POINT('',#7658);
#1105=VERTEX_POINT('',#7660);
#1106=VERTEX_POINT('',#7662);
#1107=VERTEX_POINT('',#7950);
#1108=VERTEX_POINT('',#7954);
#1109=VERTEX_POINT('',#7955);
#1110=VERTEX_POINT('',#7957);
#1111=VERTEX_POINT('',#7959);
#1112=VERTEX_POINT('',#7963);
#1113=VERTEX_POINT('',#7964);
#1114=VERTEX_POINT('',#7966);
#1115=VERTEX_POINT('',#7968);
#1116=VERTEX_POINT('',#7972);
#1117=VERTEX_POINT('',#7973);
#1118=VERTEX_POINT('',#7975);
#1119=VERTEX_POINT('',#7977);
#1120=VERTEX_POINT('',#7981);
#1121=VERTEX_POINT('',#7982);
#1122=VERTEX_POINT('',#7984);
#1123=VERTEX_POINT('',#7986);
#1124=VERTEX_POINT('',#7988);
#1125=VERTEX_POINT('',#7990);
#1126=VERTEX_POINT('',#7997);
#1127=VERTEX_POINT('',#7999);
#1128=VERTEX_POINT('',#8001);
#1129=VERTEX_POINT('',#8003);
#1130=VERTEX_POINT('',#8017);
#1131=VERTEX_POINT('',#8147);
#1132=VERTEX_POINT('',#8150);
#1133=VERTEX_POINT('',#8153);
#1134=VERTEX_POINT('',#8156);
#1135=VERTEX_POINT('',#8159);
#1136=VERTEX_POINT('',#8162);
#1137=VERTEX_POINT('',#8165);
#1138=VERTEX_POINT('',#8168);
#1139=VERTEX_POINT('',#8170);
#1140=VERTEX_POINT('',#8172);
#1141=VERTEX_POINT('',#8175);
#1142=VERTEX_POINT('',#8177);
#1143=VERTEX_POINT('',#8180);
#1144=VERTEX_POINT('',#8182);
#1145=VERTEX_POINT('',#8185);
#1146=VERTEX_POINT('',#8187);
#1147=VERTEX_POINT('',#8211);
#1148=VERTEX_POINT('',#8213);
#1149=VERTEX_POINT('',#8225);
#1150=VERTEX_POINT('',#8227);
#1151=VERTEX_POINT('',#8235);
#1152=VERTEX_POINT('',#8236);
#1153=VERTEX_POINT('',#8254);
#1154=VERTEX_POINT('',#8256);
#1155=VERTEX_POINT('',#8442);
#1156=VERTEX_POINT('',#8443);
#1157=VERTEX_POINT('',#8456);
#1158=VERTEX_POINT('',#8459);
#1159=VERTEX_POINT('',#8478);
#1160=VERTEX_POINT('',#8480);
#1161=VERTEX_POINT('',#8483);
#1162=VERTEX_POINT('',#8486);
#1163=VERTEX_POINT('',#8487);
#1164=VERTEX_POINT('',#8504);
#1165=VERTEX_POINT('',#8512);
#1166=VERTEX_POINT('',#8515);
#1167=B_SPLINE_CURVE_WITH_KNOTS('',3,(#2279,#2280,#2281,#2282),
 .UNSPECIFIED.,.F.,.F.,(4,4),(0.0680247445680456,0.0750714332493636),
 .UNSPECIFIED.);
#1168=B_SPLINE_CURVE_WITH_KNOTS('',3,(#2285,#2286,#2287,#2288,#2289,#2290,
#2291,#2292,#2293,#2294,#2295,#2296,#2297),.UNSPECIFIED.,.F.,.F.,(4,1,1,
1,1,1,1,1,1,1,4),(0.178038251651318,0.383528688738488,0.589019125825659,
0.691764344369244,0.794509562912829,0.845882172184622,0.897254781456415,
0.948627390728207,0.974313695364104,0.987156847682052,1.),.UNSPECIFIED.);
#1169=B_SPLINE_CURVE_WITH_KNOTS('',3,(#2299,#2300,#2301,#2302,#2303,#2304,
#2305,#2306,#2307,#2308,#2309,#2310,#2311,#2312,#2313,#2314,#2315,#2316,
#2317,#2318,#2319,#2320,#2321,#2322,#2323,#2324,#2325,#2326,#2327,#2328,
#2329,#2330,#2331,#2332,#2333,#2334,#2335,#2336,#2337,#2338,#2339,#2340,
#2341,#2342,#2343,#2344,#2345,#2346,#2347,#2348,#2349,#2350,#2351,#2352,
#2353,#2354,#2355,#2356,#2357,#2358,#2359,#2360,#2361,#2362,#2363,#2364,
#2365,#2366,#2367,#2368,#2369,#2370,#2371,#2372,#2373,#2374,#2375,#2376,
#2377,#2378,#2379,#2380,#2381,#2382,#2383,#2384,#2385,#2386,#2387,#2388,
#2389,#2390,#2391,#2392,#2393,#2394,#2395,#2396,#2397,#2398,#2399,#2400,
#2401,#2402,#2403,#2404,#2405,#2406,#2407,#2408,#2409,#2410,#2411,#2412,
#2413,#2414,#2415,#2416,#2417,#2418,#2419,#2420,#2421,#2422,#2423,#2424,
#2425,#2426,#2427,#2428),.UNSPECIFIED.,.F.,.F.,(4,3,3,3,3,3,3,3,3,3,3,3,
3,3,3,3,3,3,3,3,3,3,3,3,3,3,3,3,3,3,3,3,3,3,3,3,3,3,3,3,3,3,3,4),(2.40010729272916E-10,
0.00181736621764716,0.00424549831078464,0.00667389013896321,0.00855664887376742,
0.00910242141407979,0.0139606861735401,0.0171132977475348,0.0188208015936648,
0.0213916221844185,0.0236804149901476,0.0254791536224643,0.0279586399531959,
0.0285402879302517,0.029948271058186,0.0334005450748346,0.0342265954950697,
0.0358297660687833,0.0382601410352535,0.0385049199319534,0.0414719326760284,
0.0427832443688371,0.0431200701556205,0.045531642143844,0.0470615688057208,
0.0479799529142254,0.0504098677802026,0.0513398932426045,0.0528399938010227,
0.0534790554610464,0.0550298433893747,0.0552695878183148,0.0556182176794882,
0.0564849368537232,0.057698115160467,0.0577573798979301,0.0596376120313195,
0.0598965421163719,0.0601214247455032,0.0625403669644902,0.0641748665532556,
0.0649552444217931,0.0673668670120335,0.0684531909901394),.UNSPECIFIED.);
#1170=B_SPLINE_CURVE_WITH_KNOTS('',3,(#2430,#2431,#2432,#2433,#2434),
 .UNSPECIFIED.,.F.,.F.,(4,1,4),(1.34012300672032E-16,0.00304500806744765,
0.00609001613489517),.UNSPECIFIED.);
#1171=B_SPLINE_CURVE_WITH_KNOTS('',3,(#2545,#2546,#2547,#2548,#2549,#2550,
#2551),.UNSPECIFIED.,.F.,.F.,(4,1,1,1,4),(0.0833475340538006,0.0870355702086287,
0.0907236063634569,0.094411642518285,0.0980996786731131),.UNSPECIFIED.);
#1172=B_SPLINE_CURVE_WITH_KNOTS('',3,(#2554,#2555,#2556,#2557,#2558),
 .UNSPECIFIED.,.F.,.F.,(4,1,4),(0.00442263288574645,0.00683757486564255,
0.00925251684553866),.UNSPECIFIED.);
#1173=B_SPLINE_CURVE_WITH_KNOTS('',3,(#2560,#2561,#2562,#2563),
 .UNSPECIFIED.,.F.,.F.,(4,4),(0.,0.000650536775986179),.UNSPECIFIED.);
#1174=B_SPLINE_CURVE_WITH_KNOTS('',3,(#2565,#2566,#2567,#2568,#2569,#2570,
#2571,#2572,#2573,#2574,#2575,#2576,#2577,#2578,#2579,#2580,#2581,#2582,
#2583,#2584,#2585,#2586,#2587,#2588,#2589,#2590,#2591,#2592,#2593,#2594,
#2595,#2596,#2597,#2598,#2599,#2600,#2601,#2602,#2603,#2604,#2605,#2606,
#2607,#2608,#2609,#2610,#2611,#2612,#2613,#2614,#2615,#2616,#2617,#2618,
#2619,#2620,#2621,#2622,#2623,#2624,#2625,#2626,#2627,#2628,#2629,#2630,
#2631,#2632,#2633,#2634,#2635,#2636,#2637,#2638,#2639,#2640,#2641,#2642,
#2643,#2644,#2645,#2646,#2647,#2648,#2649,#2650,#2651,#2652,#2653,#2654,
#2655,#2656,#2657,#2658,#2659,#2660,#2661,#2662,#2663,#2664,#2665,#2666,
#2667,#2668,#2669,#2670,#2671,#2672,#2673,#2674,#2675,#2676,#2677,#2678,
#2679,#2680,#2681,#2682,#2683,#2684,#2685,#2686,#2687,#2688,#2689,#2690,
#2691,#2692,#2693,#2694,#2695,#2696,#2697,#2698,#2699,#2700,#2701,#2702,
#2703,#2704,#2705,#2706,#2707,#2708,#2709,#2710,#2711,#2712,#2713,#2714,
#2715,#2716,#2717,#2718,#2719,#2720,#2721,#2722,#2723,#2724,#2725,#2726,
#2727,#2728,#2729,#2730,#2731,#2732,#2733,#2734,#2735,#2736,#2737,#2738,
#2739,#2740,#2741,#2742,#2743,#2744,#2745,#2746,#2747,#2748,#2749,#2750,
#2751,#2752,#2753,#2754,#2755,#2756,#2757,#2758,#2759,#2760,#2761,#2762,
#2763,#2764,#2765,#2766,#2767,#2768,#2769,#2770,#2771,#2772,#2773,#2774,
#2775,#2776,#2777,#2778,#2779,#2780,#2781,#2782,#2783,#2784,#2785,#2786,
#2787,#2788,#2789,#2790,#2791,#2792,#2793,#2794,#2795,#2796,#2797,#2798,
#2799,#2800,#2801,#2802,#2803,#2804,#2805,#2806,#2807,#2808,#2809,#2810,
#2811,#2812,#2813,#2814,#2815,#2816,#2817,#2818,#2819,#2820,#2821,#2822,
#2823,#2824,#2825,#2826,#2827,#2828,#2829,#2830,#2831,#2832,#2833,#2834,
#2835,#2836,#2837,#2838,#2839,#2840,#2841,#2842,#2843,#2844,#2845,#2846,
#2847,#2848,#2849,#2850,#2851,#2852,#2853,#2854,#2855,#2856,#2857,#2858,
#2859,#2860,#2861,#2862,#2863,#2864,#2865,#2866,#2867,#2868,#2869,#2870,
#2871,#2872,#2873,#2874,#2875,#2876,#2877,#2878,#2879,#2880,#2881,#2882,
#2883,#2884,#2885,#2886,#2887,#2888,#2889,#2890,#2891,#2892,#2893,#2894,
#2895,#2896,#2897,#2898,#2899,#2900,#2901,#2902,#2903,#2904,#2905,#2906,
#2907,#2908,#2909,#2910,#2911,#2912,#2913,#2914,#2915,#2916,#2917,#2918,
#2919,#2920,#2921,#2922,#2923,#2924,#2925,#2926,#2927,#2928,#2929,#2930,
#2931,#2932,#2933,#2934,#2935,#2936,#2937,#2938,#2939,#2940,#2941,#2942,
#2943,#2944,#2945,#2946,#2947,#2948,#2949,#2950,#2951,#2952,#2953,#2954,
#2955,#2956,#2957,#2958,#2959,#2960,#2961,#2962,#2963,#2964,#2965,#2966,
#2967,#2968,#2969,#2970,#2971,#2972,#2973,#2974,#2975,#2976,#2977,#2978,
#2979,#2980,#2981,#2982,#2983,#2984,#2985,#2986,#2987,#2988,#2989,#2990,
#2991,#2992,#2993,#2994,#2995,#2996,#2997,#2998,#2999,#3000,#3001,#3002,
#3003,#3004,#3005,#3006,#3007,#3008,#3009,#3010,#3011,#3012,#3013,#3014,
#3015,#3016,#3017,#3018,#3019,#3020,#3021,#3022,#3023,#3024,#3025,#3026,
#3027,#3028,#3029,#3030,#3031,#3032,#3033,#3034,#3035,#3036,#3037,#3038,
#3039,#3040,#3041,#3042,#3043,#3044,#3045,#3046,#3047,#3048,#3049,#3050,
#3051,#3052,#3053,#3054,#3055,#3056,#3057,#3058,#3059,#3060,#3061,#3062,
#3063,#3064,#3065,#3066,#3067,#3068,#3069,#3070,#3071,#3072,#3073,#3074,
#3075,#3076,#3077,#3078,#3079,#3080,#3081,#3082,#3083,#3084),
 .UNSPECIFIED.,.F.,.F.,(4,3,3,3,3,3,3,3,3,3,3,3,3,3,3,3,3,3,3,3,3,3,3,3,
3,3,3,3,3,3,3,3,3,3,3,3,3,3,3,3,3,3,3,3,3,3,3,3,3,3,3,3,3,3,3,3,3,3,3,3,
3,3,3,3,3,3,3,3,3,3,3,3,3,3,3,3,3,3,3,3,3,3,3,3,3,3,3,3,3,3,3,3,3,3,3,3,
3,3,3,3,3,3,3,3,3,3,3,3,3,3,3,3,3,3,3,3,3,3,3,3,3,3,3,3,3,3,3,3,3,3,3,3,
3,3,3,3,3,3,3,3,3,3,3,3,3,3,3,3,3,3,3,3,3,3,3,3,3,3,3,3,3,3,3,3,3,3,3,3,
3,3,3,3,3,4),(5.083721920159E-10,0.000741802127726925,0.00228129412894232,
0.0029121637768105,0.0038218594349988,0.0053636022030203,0.00582432755362099,
0.00690664798746493,0.008451278594493,0.00873649133043149,0.00999777619413865,
0.0101925732188367,0.011546194071652,0.011648655107242,0.0123212217039382,
0.0130960541323216,0.0131047369956472,0.0138708814490851,0.0145608188840525,
0.0146458327741066,0.0154207438595057,0.0160169007724577,0.0161955826860712,
0.0165830167788458,0.0167449417166604,0.0169705600342201,0.0173580066503005,
0.017472982660863,0.017745236775957,0.0181327995750304,0.0182010236050656,
0.0185203154188788,0.0187140186050253,0.0189077097038412,0.0189290645492682,
0.0191014069484106,0.0192930850213695,0.019295150645982,0.0194889292996818,
0.0196571054934708,0.0196825676146742,0.019779374326414,0.0198762299626417,
0.0199731347000344,0.0200211259655722,0.0200701069729919,0.0201186032136108,
0.0201670152850645,0.0202031362016228,0.0202152805936728,0.0202636414298391,
0.0203121246670534,0.0203363774351228,0.0203606189742263,0.020384835348581,
0.0203851464376735,0.0204090281301449,0.0204573993940667,0.020505800928108,
0.0205542923178684,0.0205671566737241,0.0206028536073733,0.0206513225521395,
0.0207480657704839,0.0207491669097748,0.0208447887370215,0.0209416125167778,
0.0210385196412909,0.0211131873818761,0.0212324137520519,0.0214261063826601,
0.0214772078539774,0.0216197856398257,0.0218135292665763,0.0218412283260787,
0.0220072743244335,0.022394725269219,0.0225692692702813,0.0227821562794789,
0.0231696416912231,0.023297310214484,0.0235569896030671,0.0239444622351909,
0.0240253511586866,0.0243319390589719,0.0247193633139207,0.0247533921028892,
0.025494181590413,0.0262094739912945,0.0262691484577489,0.0270441525657492,
0.0276655558796997,0.0278188632969017,0.0285937290940248,0.029121637768105,
0.0301435827365853,0.0305777196565102,0.031693352695744,0.0320338015449155,
0.033243091056768,0.0347928941031904,0.034945965321726,0.0363426770587059,
0.0378581290985364,0.0394422158192467,0.0407702928753469,0.0425417661791972,
0.0436824566521574,0.0456413149085415,0.0465946204289679,0.0487408633459259,
0.0495067842057784,0.0518404133477885,0.0524189479825889,0.0549399338252136,
0.0580395100185854,0.0582432755362099,0.0611390589089294,0.0611554393130204,
0.0631453968175906,0.0640676030898309,0.0642386117102537,0.0655236849782362,
0.0667343827073009,0.0669797668666414,0.0673380382139854,0.0691846295818967,
0.0698919306434519,0.0704377332696644,0.071987501449923,0.0728040944202624,
0.0735372711473532,0.0742601763086676,0.0750870038368091,0.0757162581970729,
0.0766373295795788,0.0771723400854781,0.0781309438694419,0.0781864069734533,
0.0786284219738834,0.0797364475648368,0.0800845038622886,0.0811585407541117,
0.0812859867984329,0.0815405857506939,0.0820611898846027,0.0822686266948965,
0.0828358505281376,0.0829966676390991,0.0843107755135588,0.0843856846502072,
0.0844527495275044,0.0857984000766789,0.0859088314159096,0.0859354569931169,
0.0866368723601123,0.0867102764601104,0.0872435537379301,0.0873649133043149,
0.0874852672860038,0.0880929542485175,0.0882563581017348,0.0888209951927201,
0.0890229250161103,0.0897847381716871,0.0902770770811254,0.0905420413832025,
0.0912950494787404,0.0917331589695306,0.0920438637179156,0.0927885824377149,
0.0929741359954254,0.0931594427306908,0.0931892408579359),.UNSPECIFIED.);
#1175=B_SPLINE_CURVE_WITH_KNOTS('',3,(#3086,#3087,#3088,#3089,#3090),
 .UNSPECIFIED.,.F.,.F.,(4,1,4),(6.32031938566096E-5,0.00591379131878581,
0.011764379443715),.UNSPECIFIED.);
#1176=B_SPLINE_CURVE_WITH_KNOTS('',3,(#3092,#3093,#3094,#3095,#3096),
 .UNSPECIFIED.,.F.,.F.,(4,1,4),(1.04544978044847E-16,0.000496928988969447,
0.000993857977938789),.UNSPECIFIED.);
#1177=B_SPLINE_CURVE_WITH_KNOTS('',3,(#3098,#3099,#3100,#3101),
 .UNSPECIFIED.,.F.,.F.,(4,4),(0.000772714163132208,0.00420428773101608),
 .UNSPECIFIED.);
#1178=B_SPLINE_CURVE_WITH_KNOTS('',3,(#3103,#3104,#3105,#3106),
 .UNSPECIFIED.,.F.,.F.,(4,4),(0.,0.000784789419072263),.UNSPECIFIED.);
#1179=B_SPLINE_CURVE_WITH_KNOTS('',3,(#3108,#3109,#3110,#3111),
 .UNSPECIFIED.,.F.,.F.,(4,4),(0.000198128164570917,0.00385093873506763),
 .UNSPECIFIED.);
#1180=B_SPLINE_CURVE_WITH_KNOTS('',3,(#3113,#3114,#3115,#3116,#3117,#3118,
#3119,#3120,#3121,#3122,#3123,#3124,#3125,#3126,#3127,#3128,#3129,#3130,
#3131,#3132,#3133,#3134,#3135,#3136,#3137,#3138,#3139,#3140,#3141,#3142,
#3143,#3144,#3145,#3146,#3147,#3148,#3149,#3150,#3151,#3152,#3153,#3154,
#3155,#3156,#3157,#3158,#3159,#3160,#3161,#3162,#3163,#3164,#3165,#3166,
#3167,#3168,#3169,#3170,#3171,#3172,#3173,#3174,#3175,#3176,#3177,#3178,
#3179,#3180,#3181,#3182,#3183,#3184,#3185,#3186,#3187,#3188,#3189,#3190,
#3191,#3192,#3193,#3194,#3195,#3196,#3197,#3198,#3199,#3200,#3201,#3202,
#3203,#3204,#3205,#3206,#3207,#3208,#3209,#3210,#3211,#3212,#3213,#3214,
#3215,#3216,#3217,#3218,#3219,#3220,#3221,#3222,#3223,#3224,#3225,#3226,
#3227,#3228,#3229,#3230,#3231,#3232,#3233,#3234,#3235,#3236,#3237,#3238,
#3239,#3240,#3241,#3242,#3243,#3244,#3245,#3246,#3247,#3248,#3249,#3250,
#3251,#3252,#3253,#3254,#3255,#3256,#3257,#3258,#3259,#3260,#3261,#3262,
#3263,#3264,#3265,#3266,#3267,#3268,#3269,#3270,#3271,#3272,#3273,#3274,
#3275,#3276,#3277,#3278,#3279,#3280,#3281,#3282,#3283,#3284,#3285,#3286,
#3287,#3288,#3289,#3290,#3291,#3292,#3293,#3294,#3295,#3296,#3297,#3298,
#3299,#3300,#3301,#3302,#3303,#3304,#3305,#3306,#3307,#3308,#3309,#3310,
#3311,#3312,#3313,#3314,#3315,#3316,#3317,#3318,#3319,#3320,#3321,#3322,
#3323,#3324,#3325,#3326,#3327,#3328,#3329,#3330,#3331,#3332,#3333,#3334,
#3335,#3336,#3337,#3338,#3339,#3340,#3341,#3342,#3343,#3344,#3345,#3346,
#3347,#3348,#3349,#3350,#3351,#3352,#3353,#3354,#3355,#3356,#3357,#3358,
#3359,#3360,#3361,#3362,#3363,#3364,#3365,#3366,#3367,#3368,#3369,#3370,
#3371,#3372,#3373,#3374,#3375,#3376,#3377,#3378,#3379,#3380,#3381,#3382,
#3383,#3384,#3385,#3386,#3387,#3388,#3389,#3390,#3391,#3392,#3393,#3394,
#3395,#3396,#3397,#3398,#3399,#3400,#3401,#3402,#3403,#3404,#3405,#3406,
#3407,#3408,#3409,#3410,#3411,#3412,#3413,#3414,#3415,#3416,#3417,#3418,
#3419,#3420,#3421,#3422,#3423,#3424,#3425,#3426,#3427,#3428,#3429,#3430,
#3431,#3432,#3433,#3434,#3435,#3436,#3437,#3438,#3439,#3440,#3441,#3442,
#3443,#3444,#3445,#3446,#3447,#3448,#3449,#3450,#3451,#3452,#3453,#3454,
#3455,#3456,#3457,#3458,#3459,#3460,#3461,#3462,#3463,#3464,#3465,#3466,
#3467,#3468,#3469,#3470,#3471,#3472,#3473,#3474,#3475,#3476,#3477,#3478,
#3479,#3480,#3481,#3482,#3483,#3484,#3485,#3486,#3487,#3488,#3489,#3490,
#3491,#3492,#3493,#3494,#3495,#3496,#3497,#3498,#3499,#3500,#3501,#3502,
#3503,#3504,#3505,#3506,#3507,#3508,#3509,#3510,#3511,#3512,#3513,#3514,
#3515,#3516,#3517,#3518,#3519,#3520,#3521,#3522,#3523,#3524,#3525,#3526,
#3527,#3528,#3529,#3530,#3531,#3532,#3533,#3534,#3535,#3536,#3537,#3538,
#3539,#3540,#3541,#3542,#3543,#3544,#3545,#3546,#3547,#3548,#3549,#3550,
#3551,#3552,#3553,#3554,#3555,#3556,#3557,#3558,#3559,#3560,#3561,#3562,
#3563,#3564,#3565,#3566,#3567,#3568,#3569,#3570,#3571,#3572,#3573,#3574,
#3575,#3576,#3577,#3578,#3579,#3580,#3581,#3582,#3583,#3584,#3585,#3586,
#3587,#3588,#3589,#3590,#3591,#3592,#3593,#3594,#3595,#3596,#3597,#3598,
#3599,#3600,#3601,#3602,#3603,#3604,#3605,#3606,#3607,#3608,#3609,#3610,
#3611,#3612,#3613,#3614,#3615,#3616,#3617,#3618,#3619,#3620,#3621,#3622,
#3623,#3624,#3625,#3626,#3627,#3628,#3629,#3630,#3631,#3632),
 .UNSPECIFIED.,.F.,.F.,(4,3,3,3,3,3,3,3,3,3,3,3,3,3,3,3,3,3,3,3,3,3,3,3,
3,3,3,3,3,3,3,3,3,3,3,3,3,3,3,3,3,3,3,3,3,3,3,3,3,3,3,3,3,3,3,3,3,3,3,3,
3,3,3,3,3,3,3,3,3,3,3,3,3,3,3,3,3,3,3,3,3,3,3,3,3,3,3,3,3,3,3,3,3,3,3,3,
3,3,3,3,3,3,3,3,3,3,3,3,3,3,3,3,3,3,3,3,3,3,3,3,3,3,3,3,3,3,3,3,3,3,3,3,
3,3,3,3,3,3,3,3,3,3,3,3,3,3,3,3,3,3,3,3,3,3,3,3,3,3,3,3,3,3,3,3,3,3,3,3,
3,3,3,3,3,4),(5.083721920159E-10,0.000741802127726925,0.00228129412894232,
0.0029121637768105,0.0038218594349988,0.0053636022030203,0.00582432755362099,
0.00690664798746493,0.008451278594493,0.00873649133043149,0.00999777619413865,
0.0101925732188367,0.011546194071652,0.011648655107242,0.0123212217039382,
0.0130960541323216,0.0131047369956472,0.0138708814490851,0.0145608188840525,
0.0146458327741066,0.0154207438595057,0.0160169007724577,0.0161955826860712,
0.0165830167788458,0.0167449417166604,0.0169705600342201,0.0173580066503005,
0.017472982660863,0.017745236775957,0.0181327995750304,0.0182010236050656,
0.0185203154188788,0.0187140186050253,0.0189077097038412,0.0189290645492682,
0.0191014069484106,0.0192930850213695,0.019295150645982,0.0194889292996818,
0.0196571054934708,0.0196825676146742,0.019779374326414,0.0198762299626417,
0.0199731347000344,0.0200211259655722,0.0200701069729919,0.0201186032136108,
0.0201670152850645,0.0202031362016228,0.0202152805936728,0.0202636414298391,
0.0203121246670534,0.0203363774351228,0.0203606189742263,0.020384835348581,
0.0203851464376735,0.0204090281301449,0.0204573993940667,0.020505800928108,
0.0205542923178684,0.0205671566737241,0.0206028536073733,0.0206513225521395,
0.0207480657704839,0.0207491669097748,0.0208447887370215,0.0209416125167778,
0.0210385196412909,0.0211131873818761,0.0212324137520519,0.0214261063826601,
0.0214772078539774,0.0216197856398257,0.0218135292665763,0.0218412283260787,
0.0220072743244335,0.022394725269219,0.0225692692702813,0.0227821562794789,
0.0231696416912231,0.023297310214484,0.0235569896030671,0.0239444622351909,
0.0240253511586866,0.0243319390589719,0.0247193633139207,0.0247533921028892,
0.025494181590413,0.0262094739912945,0.0262691484577489,0.0270441525657492,
0.0276655558796997,0.0278188632969017,0.0285937290940248,0.029121637768105,
0.0301435827365853,0.0305777196565102,0.031693352695744,0.0320338015449155,
0.033243091056768,0.0347928941031904,0.034945965321726,0.0363426770587059,
0.0378581290985364,0.0394422158192467,0.0407702928753469,0.0425417661791972,
0.0436824566521574,0.0456413149085415,0.0465946204289679,0.0487408633459259,
0.0495067842057784,0.0518404133477885,0.0524189479825889,0.0549399338252136,
0.0580395100185854,0.0582432755362099,0.0611390589089294,0.0611554393130204,
0.0631453968175906,0.0640676030898309,0.0642386117102537,0.0655236849782362,
0.0667343827073009,0.0669797668666414,0.0673380382139854,0.0691846295818967,
0.0698919306434519,0.0704377332696644,0.071987501449923,0.0728040944202624,
0.0735372711473532,0.0742601763086676,0.0750870038368091,0.0757162581970729,
0.0766373295795788,0.0771723400854781,0.0781309438694419,0.0781864069734533,
0.0786284219738834,0.0797364475648368,0.0800845038622886,0.0811585407541117,
0.0812859867984329,0.0815405857506939,0.0820611898846027,0.0822686266948965,
0.0828358505281376,0.0829966676390991,0.0843107755135588,0.0843856846502072,
0.0844527495275044,0.0857984000766789,0.0859088314159096,0.0859354569931169,
0.0866368723601123,0.0867102764601104,0.0872435537379301,0.0873649133043149,
0.0874852672860038,0.0880929542485175,0.0882563581017348,0.0888209951927201,
0.0890229250161103,0.0897847381716871,0.0902770770811254,0.0905420413832025,
0.0912950494787404,0.0917331589695306,0.0920438637179156,0.0927885824377149,
0.0929741359954254,0.0931594427306908,0.0931892408579359),.UNSPECIFIED.);
#1181=B_SPLINE_CURVE_WITH_KNOTS('',3,(#3634,#3635,#3636,#3637,#3638),
 .UNSPECIFIED.,.F.,.F.,(4,1,4),(1.69967494438815E-17,0.00296889234598029,
0.00593778469196057),.UNSPECIFIED.);
#1182=B_SPLINE_CURVE_WITH_KNOTS('',3,(#3789,#3790,#3791,#3792,#3793,#3794,
#3795,#3796,#3797,#3798,#3799,#3800,#3801,#3802,#3803,#3804,#3805,#3806,
#3807,#3808,#3809,#3810,#3811,#3812,#3813,#3814,#3815,#3816,#3817,#3818,
#3819,#3820,#3821,#3822,#3823,#3824,#3825,#3826,#3827,#3828,#3829,#3830,
#3831,#3832,#3833,#3834,#3835,#3836,#3837,#3838,#3839,#3840,#3841,#3842,
#3843,#3844,#3845,#3846,#3847,#3848,#3849,#3850,#3851,#3852,#3853,#3854,
#3855,#3856,#3857,#3858,#3859,#3860,#3861,#3862,#3863,#3864,#3865,#3866,
#3867,#3868,#3869,#3870,#3871,#3872,#3873,#3874,#3875,#3876,#3877,#3878,
#3879,#3880,#3881,#3882,#3883,#3884,#3885,#3886,#3887,#3888,#3889,#3890,
#3891,#3892,#3893,#3894,#3895,#3896,#3897,#3898,#3899,#3900,#3901,#3902,
#3903,#3904,#3905,#3906,#3907,#3908,#3909,#3910,#3911,#3912,#3913,#3914,
#3915,#3916,#3917,#3918,#3919,#3920,#3921,#3922,#3923,#3924,#3925,#3926,
#3927,#3928,#3929,#3930,#3931,#3932,#3933,#3934,#3935,#3936,#3937,#3938,
#3939,#3940,#3941,#3942,#3943,#3944,#3945,#3946,#3947,#3948,#3949,#3950,
#3951,#3952,#3953,#3954,#3955,#3956,#3957,#3958,#3959,#3960,#3961,#3962,
#3963,#3964,#3965,#3966,#3967,#3968,#3969,#3970,#3971,#3972,#3973,#3974,
#3975,#3976,#3977,#3978,#3979,#3980,#3981,#3982,#3983,#3984,#3985,#3986,
#3987,#3988,#3989,#3990,#3991,#3992,#3993,#3994,#3995,#3996,#3997,#3998,
#3999,#4000,#4001,#4002,#4003,#4004,#4005,#4006,#4007,#4008,#4009,#4010,
#4011,#4012,#4013,#4014,#4015,#4016,#4017,#4018,#4019,#4020,#4021,#4022,
#4023,#4024,#4025,#4026,#4027,#4028,#4029,#4030,#4031,#4032,#4033,#4034,
#4035,#4036,#4037,#4038,#4039,#4040,#4041,#4042,#4043,#4044,#4045,#4046,
#4047,#4048,#4049,#4050,#4051,#4052,#4053,#4054,#4055,#4056,#4057,#4058,
#4059,#4060,#4061,#4062,#4063,#4064,#4065,#4066,#4067,#4068,#4069,#4070,
#4071,#4072,#4073,#4074,#4075,#4076,#4077,#4078,#4079,#4080,#4081,#4082,
#4083,#4084,#4085,#4086,#4087,#4088,#4089,#4090,#4091,#4092,#4093,#4094,
#4095,#4096,#4097,#4098,#4099,#4100,#4101,#4102,#4103,#4104,#4105,#4106,
#4107,#4108,#4109,#4110,#4111,#4112,#4113,#4114,#4115,#4116,#4117,#4118,
#4119,#4120,#4121,#4122,#4123,#4124,#4125,#4126,#4127,#4128,#4129,#4130,
#4131,#4132,#4133,#4134,#4135,#4136,#4137,#4138,#4139,#4140,#4141,#4142,
#4143,#4144,#4145,#4146,#4147,#4148,#4149,#4150,#4151,#4152,#4153,#4154,
#4155,#4156,#4157,#4158,#4159,#4160,#4161,#4162,#4163,#4164,#4165,#4166,
#4167,#4168,#4169,#4170,#4171,#4172,#4173,#4174,#4175,#4176,#4177,#4178,
#4179,#4180,#4181,#4182,#4183,#4184,#4185,#4186,#4187,#4188,#4189,#4190,
#4191,#4192,#4193,#4194,#4195,#4196,#4197,#4198,#4199,#4200,#4201,#4202,
#4203,#4204,#4205,#4206,#4207,#4208,#4209,#4210,#4211,#4212,#4213,#4214,
#4215,#4216,#4217,#4218,#4219,#4220,#4221,#4222,#4223,#4224,#4225,#4226,
#4227,#4228,#4229,#4230,#4231,#4232,#4233,#4234,#4235,#4236,#4237,#4238,
#4239,#4240,#4241,#4242,#4243,#4244,#4245,#4246,#4247,#4248,#4249,#4250,
#4251,#4252,#4253,#4254,#4255,#4256,#4257,#4258,#4259,#4260,#4261,#4262,
#4263,#4264,#4265,#4266,#4267,#4268,#4269,#4270,#4271,#4272,#4273,#4274,
#4275,#4276,#4277,#4278,#4279,#4280,#4281,#4282,#4283,#4284,#4285,#4286,
#4287,#4288,#4289,#4290,#4291,#4292,#4293,#4294,#4295,#4296,#4297,#4298,
#4299,#4300,#4301,#4302,#4303,#4304,#4305,#4306,#4307,#4308),
 .UNSPECIFIED.,.F.,.F.,(4,3,3,3,3,3,3,3,3,3,3,3,3,3,3,3,3,3,3,3,3,3,3,3,
3,3,3,3,3,3,3,3,3,3,3,3,3,3,3,3,3,3,3,3,3,3,3,3,3,3,3,3,3,3,3,3,3,3,3,3,
3,3,3,3,3,3,3,3,3,3,3,3,3,3,3,3,3,3,3,3,3,3,3,3,3,3,3,3,3,3,3,3,3,3,3,3,
3,3,3,3,3,3,3,3,3,3,3,3,3,3,3,3,3,3,3,3,3,3,3,3,3,3,3,3,3,3,3,3,3,3,3,3,
3,3,3,3,3,3,3,3,3,3,3,3,3,3,3,3,3,3,3,3,3,3,3,3,3,3,3,3,3,3,3,3,3,3,3,3,
3,3,3,3,3,4),(5.083721920159E-10,0.000741802127726925,0.00228129412894232,
0.0029121637768105,0.0038218594349988,0.0053636022030203,0.00582432755362099,
0.00690664798746493,0.008451278594493,0.00873649133043149,0.00999777619413865,
0.0101925732188367,0.011546194071652,0.011648655107242,0.0123212217039382,
0.0130960541323216,0.0131047369956472,0.0138708814490851,0.0145608188840525,
0.0146458327741066,0.0154207438595057,0.0160169007724577,0.0161955826860712,
0.0165830167788458,0.0167449417166604,0.0169705600342201,0.0173580066503005,
0.017472982660863,0.017745236775957,0.0181327995750304,0.0182010236050656,
0.0185203154188788,0.0187140186050253,0.0189077097038412,0.0189290645492682,
0.0191014069484106,0.0192930850213695,0.019295150645982,0.0194889292996818,
0.0196571054934708,0.0196825676146742,0.019779374326414,0.0198762299626417,
0.0199731347000344,0.0200211259655722,0.0200701069729919,0.0201186032136108,
0.0201670152850645,0.0202031362016228,0.0202152805936728,0.0202636414298391,
0.0203121246670534,0.0203363774351228,0.0203606189742263,0.020384835348581,
0.0203851464376735,0.0204090281301449,0.0204573993940667,0.020505800928108,
0.0205542923178684,0.0205671566737241,0.0206028536073733,0.0206513225521395,
0.0207480657704839,0.0207491669097748,0.0208447887370215,0.0209416125167778,
0.0210385196412909,0.0211131873818761,0.0212324137520519,0.0214261063826601,
0.0214772078539774,0.0216197856398257,0.0218135292665763,0.0218412283260787,
0.0220072743244335,0.022394725269219,0.0225692692702813,0.0227821562794789,
0.0231696416912231,0.023297310214484,0.0235569896030671,0.0239444622351909,
0.0240253511586866,0.0243319390589719,0.0247193633139207,0.0247533921028892,
0.025494181590413,0.0262094739912945,0.0262691484577489,0.0270441525657492,
0.0276655558796997,0.0278188632969017,0.0285937290940248,0.029121637768105,
0.0301435827365853,0.0305777196565102,0.031693352695744,0.0320338015449155,
0.033243091056768,0.0347928941031904,0.034945965321726,0.0363426770587059,
0.0378581290985364,0.0394422158192467,0.0407702928753469,0.0425417661791972,
0.0436824566521574,0.0456413149085415,0.0465946204289679,0.0487408633459259,
0.0495067842057784,0.0518404133477885,0.0524189479825889,0.0549399338252136,
0.0580395100185854,0.0582432755362099,0.0611390589089294,0.0611554393130204,
0.0631453968175906,0.0640676030898309,0.0642386117102537,0.0655236849782362,
0.0667343827073009,0.0669797668666414,0.0673380382139854,0.0691846295818967,
0.0698919306434519,0.0704377332696644,0.071987501449923,0.0728040944202624,
0.0735372711473532,0.0742601763086676,0.0750870038368091,0.0757162581970729,
0.0766373295795788,0.0771723400854781,0.0781309438694419,0.0781864069734533,
0.0786284219738834,0.0797364475648368,0.0800845038622886,0.0811585407541117,
0.0812859867984329,0.0815405857506939,0.0820611898846027,0.0822686266948965,
0.0828358505281376,0.0829966676390991,0.0843107755135588,0.0843856846502072,
0.0844527495275044,0.0857984000766789,0.0859088314159096,0.0859354569931169,
0.0866368723601123,0.0867102764601104,0.0872435537379301,0.0873649133043149,
0.0874852672860038,0.0880929542485175,0.0882563581017348,0.0888209951927201,
0.0890229250161103,0.0897847381716871,0.0902770770811254,0.0905420413832025,
0.0912950494787404,0.0917331589695306,0.0920438637179156,0.0927885824377149,
0.0929741359954254,0.0931594427306908,0.0931892408579359),.UNSPECIFIED.);
#1183=B_SPLINE_CURVE_WITH_KNOTS('',3,(#4310,#4311,#4312,#4313,#4314,#4315,
#4316,#4317),.UNSPECIFIED.,.F.,.F.,(4,1,1,1,1,4),(0.,0.00624111290761885,
0.0124822258152377,0.0187233387228566,0.021843895176666,0.0249644516304754),
 .UNSPECIFIED.);
#1184=B_SPLINE_CURVE_WITH_KNOTS('',3,(#4319,#4320,#4321,#4322,#4323),
 .UNSPECIFIED.,.F.,.F.,(4,1,4),(-6.00000000467963E-8,0.00282269455113634,
0.00564544910227272),.UNSPECIFIED.);
#1185=B_SPLINE_CURVE_WITH_KNOTS('',3,(#4325,#4326,#4327,#4328,#4329,#4330,
#4331,#4332,#4333,#4334,#4335,#4336,#4337,#4338,#4339,#4340,#4341,#4342,
#4343,#4344,#4345,#4346,#4347,#4348,#4349,#4350,#4351,#4352,#4353,#4354,
#4355,#4356,#4357,#4358,#4359,#4360,#4361,#4362,#4363,#4364,#4365,#4366,
#4367,#4368,#4369,#4370,#4371,#4372,#4373,#4374,#4375,#4376,#4377,#4378,
#4379,#4380,#4381,#4382,#4383,#4384,#4385,#4386,#4387,#4388,#4389,#4390,
#4391,#4392,#4393,#4394,#4395,#4396,#4397,#4398,#4399,#4400,#4401,#4402,
#4403,#4404,#4405,#4406,#4407,#4408,#4409,#4410,#4411,#4412,#4413,#4414,
#4415,#4416,#4417,#4418,#4419,#4420,#4421,#4422,#4423,#4424,#4425,#4426,
#4427,#4428,#4429,#4430,#4431,#4432,#4433,#4434,#4435,#4436,#4437,#4438,
#4439,#4440,#4441,#4442,#4443,#4444,#4445,#4446,#4447,#4448,#4449,#4450,
#4451,#4452,#4453,#4454,#4455,#4456,#4457,#4458,#4459,#4460,#4461,#4462,
#4463,#4464,#4465,#4466,#4467,#4468,#4469,#4470,#4471,#4472,#4473,#4474,
#4475,#4476,#4477,#4478,#4479,#4480,#4481,#4482,#4483,#4484,#4485,#4486,
#4487,#4488,#4489,#4490,#4491,#4492,#4493,#4494,#4495,#4496,#4497,#4498,
#4499,#4500,#4501,#4502,#4503,#4504,#4505,#4506,#4507,#4508,#4509,#4510,
#4511,#4512,#4513,#4514,#4515,#4516,#4517,#4518,#4519,#4520,#4521,#4522,
#4523,#4524,#4525,#4526,#4527,#4528,#4529,#4530,#4531,#4532,#4533,#4534,
#4535,#4536,#4537,#4538,#4539,#4540,#4541,#4542,#4543,#4544,#4545,#4546,
#4547,#4548,#4549,#4550,#4551,#4552,#4553,#4554,#4555,#4556,#4557,#4558,
#4559,#4560,#4561,#4562,#4563,#4564,#4565,#4566,#4567,#4568,#4569,#4570,
#4571,#4572,#4573,#4574,#4575,#4576,#4577,#4578,#4579,#4580,#4581,#4582,
#4583,#4584,#4585,#4586,#4587,#4588,#4589,#4590,#4591,#4592,#4593,#4594,
#4595,#4596,#4597,#4598,#4599,#4600,#4601,#4602,#4603,#4604,#4605,#4606,
#4607,#4608,#4609,#4610,#4611,#4612,#4613,#4614,#4615,#4616,#4617,#4618,
#4619,#4620,#4621,#4622,#4623,#4624,#4625,#4626,#4627,#4628,#4629,#4630,
#4631,#4632,#4633,#4634,#4635,#4636,#4637,#4638,#4639,#4640,#4641,#4642,
#4643,#4644,#4645,#4646,#4647,#4648,#4649,#4650,#4651,#4652,#4653,#4654,
#4655,#4656,#4657,#4658,#4659,#4660,#4661,#4662,#4663,#4664,#4665,#4666,
#4667,#4668,#4669,#4670,#4671,#4672,#4673,#4674,#4675,#4676,#4677,#4678,
#4679,#4680,#4681,#4682,#4683,#4684,#4685,#4686,#4687,#4688,#4689,#4690,
#4691,#4692,#4693,#4694,#4695,#4696,#4697,#4698,#4699,#4700,#4701,#4702,
#4703,#4704,#4705,#4706,#4707,#4708,#4709,#4710,#4711,#4712,#4713,#4714,
#4715,#4716,#4717,#4718,#4719,#4720,#4721,#4722,#4723,#4724,#4725,#4726,
#4727,#4728,#4729,#4730,#4731,#4732,#4733,#4734,#4735,#4736,#4737,#4738,
#4739,#4740,#4741,#4742,#4743,#4744,#4745,#4746,#4747,#4748,#4749,#4750,
#4751,#4752,#4753,#4754,#4755,#4756,#4757,#4758,#4759,#4760,#4761,#4762,
#4763,#4764,#4765,#4766,#4767,#4768,#4769,#4770,#4771,#4772,#4773,#4774,
#4775,#4776,#4777,#4778,#4779,#4780,#4781,#4782,#4783,#4784,#4785,#4786,
#4787,#4788,#4789,#4790,#4791,#4792,#4793,#4794,#4795,#4796,#4797,#4798,
#4799,#4800,#4801,#4802,#4803,#4804,#4805,#4806,#4807,#4808,#4809,#4810,
#4811,#4812,#4813,#4814,#4815,#4816,#4817,#4818,#4819,#4820,#4821,#4822,
#4823,#4824,#4825,#4826,#4827,#4828,#4829,#4830,#4831,#4832,#4833,#4834,
#4835,#4836,#4837,#4838,#4839,#4840,#4841,#4842,#4843,#4844),
 .UNSPECIFIED.,.F.,.F.,(4,3,3,3,3,3,3,3,3,3,3,3,3,3,3,3,3,3,3,3,3,3,3,3,
3,3,3,3,3,3,3,3,3,3,3,3,3,3,3,3,3,3,3,3,3,3,3,3,3,3,3,3,3,3,3,3,3,3,3,3,
3,3,3,3,3,3,3,3,3,3,3,3,3,3,3,3,3,3,3,3,3,3,3,3,3,3,3,3,3,3,3,3,3,3,3,3,
3,3,3,3,3,3,3,3,3,3,3,3,3,3,3,3,3,3,3,3,3,3,3,3,3,3,3,3,3,3,3,3,3,3,3,3,
3,3,3,3,3,3,3,3,3,3,3,3,3,3,3,3,3,3,3,3,3,3,3,3,3,3,3,3,3,3,3,3,3,3,3,3,
3,3,3,3,3,4),(5.083721920159E-10,0.000741802127726925,0.00228129412894232,
0.0029121637768105,0.0038218594349988,0.0053636022030203,0.00582432755362099,
0.00690664798746493,0.008451278594493,0.00873649133043149,0.00999777619413865,
0.0101925732188367,0.011546194071652,0.011648655107242,0.0123212217039382,
0.0130960541323216,0.0131047369956472,0.0138708814490851,0.0145608188840525,
0.0146458327741066,0.0154207438595057,0.0160169007724577,0.0161955826860712,
0.0165830167788458,0.0167449417166604,0.0169705600342201,0.0173580066503005,
0.017472982660863,0.017745236775957,0.0181327995750304,0.0182010236050656,
0.0185203154188788,0.0187140186050253,0.0189077097038412,0.0189290645492682,
0.0191014069484106,0.0192930850213695,0.019295150645982,0.0194889292996818,
0.0196571054934708,0.0196825676146742,0.019779374326414,0.0198762299626417,
0.0199731347000344,0.0200211259655722,0.0200701069729919,0.0201186032136108,
0.0201670152850645,0.0202031362016228,0.0202152805936728,0.0202636414298391,
0.0203121246670534,0.0203363774351228,0.0203606189742263,0.020384835348581,
0.0203851464376735,0.0204090281301449,0.0204573993940667,0.020505800928108,
0.0205542923178684,0.0205671566737241,0.0206028536073733,0.0206513225521395,
0.0207480657704839,0.0207491669097748,0.0208447887370215,0.0209416125167778,
0.0210385196412909,0.0211131873818761,0.0212324137520519,0.0214261063826601,
0.0214772078539774,0.0216197856398257,0.0218135292665763,0.0218412283260787,
0.0220072743244335,0.022394725269219,0.0225692692702813,0.0227821562794789,
0.0231696416912231,0.023297310214484,0.0235569896030671,0.0239444622351909,
0.0240253511586866,0.0243319390589719,0.0247193633139207,0.0247533921028892,
0.025494181590413,0.0262094739912945,0.0262691484577489,0.0270441525657492,
0.0276655558796997,0.0278188632969017,0.0285937290940248,0.029121637768105,
0.0301435827365853,0.0305777196565102,0.031693352695744,0.0320338015449155,
0.033243091056768,0.0347928941031904,0.034945965321726,0.0363426770587059,
0.0378581290985364,0.0394422158192467,0.0407702928753469,0.0425417661791972,
0.0436824566521574,0.0456413149085415,0.0465946204289679,0.0487408633459259,
0.0495067842057784,0.0518404133477885,0.0524189479825889,0.0549399338252136,
0.0580395100185854,0.0582432755362099,0.0611390589089294,0.0611554393130204,
0.0631453968175906,0.0640676030898309,0.0642386117102537,0.0655236849782362,
0.0667343827073009,0.0669797668666414,0.0673380382139854,0.0691846295818967,
0.0698919306434519,0.0704377332696644,0.071987501449923,0.0728040944202624,
0.0735372711473532,0.0742601763086676,0.0750870038368091,0.0757162581970729,
0.0766373295795788,0.0771723400854781,0.0781309438694419,0.0781864069734533,
0.0786284219738834,0.0797364475648368,0.0800845038622886,0.0811585407541117,
0.0812859867984329,0.0815405857506939,0.0820611898846027,0.0822686266948965,
0.0828358505281376,0.0829966676390991,0.0843107755135588,0.0843856846502072,
0.0844527495275044,0.0857984000766789,0.0859088314159096,0.0859354569931169,
0.0866368723601123,0.0867102764601104,0.0872435537379301,0.0873649133043149,
0.0874852672860038,0.0880929542485175,0.0882563581017348,0.0888209951927201,
0.0890229250161103,0.0897847381716871,0.0902770770811254,0.0905420413832025,
0.0912950494787404,0.0917331589695306,0.0920438637179156,0.0927885824377149,
0.0929741359954254,0.0931594427306908,0.0931892408579359),.UNSPECIFIED.);
#1186=B_SPLINE_CURVE_WITH_KNOTS('',3,(#4847,#4848,#4849,#4850,#4851,#4852,
#4853,#4854,#4855,#4856,#4857,#4858,#4859,#4860,#4861,#4862,#4863,#4864,
#4865,#4866,#4867,#4868,#4869,#4870,#4871,#4872,#4873,#4874,#4875,#4876,
#4877,#4878,#4879,#4880,#4881,#4882,#4883,#4884,#4885,#4886,#4887,#4888,
#4889,#4890,#4891,#4892,#4893,#4894,#4895,#4896,#4897,#4898,#4899,#4900,
#4901,#4902,#4903,#4904,#4905,#4906,#4907,#4908,#4909,#4910,#4911,#4912,
#4913,#4914,#4915,#4916,#4917,#4918,#4919,#4920,#4921,#4922,#4923,#4924,
#4925,#4926,#4927,#4928,#4929,#4930,#4931,#4932,#4933,#4934,#4935,#4936,
#4937,#4938,#4939,#4940,#4941,#4942,#4943,#4944,#4945,#4946,#4947,#4948,
#4949,#4950,#4951,#4952,#4953,#4954,#4955,#4956,#4957,#4958,#4959,#4960,
#4961,#4962,#4963,#4964,#4965,#4966,#4967,#4968,#4969,#4970,#4971,#4972,
#4973,#4974,#4975,#4976),.UNSPECIFIED.,.F.,.F.,(4,3,3,3,3,3,3,3,3,3,3,3,
3,3,3,3,3,3,3,3,3,3,3,3,3,3,3,3,3,3,3,3,3,3,3,3,3,3,3,3,3,3,3,4),(2.40010729272916E-10,
0.00181736621764716,0.00424549831078464,0.00667389013896321,0.00855664887376742,
0.00910242141407979,0.0139606861735401,0.0171132977475348,0.0188208015936648,
0.0213916221844185,0.0236804149901476,0.0254791536224643,0.0279586399531959,
0.0285402879302517,0.029948271058186,0.0334005450748346,0.0342265954950697,
0.0358297660687833,0.0382601410352535,0.0385049199319534,0.0414719326760284,
0.0427832443688371,0.0431200701556205,0.045531642143844,0.0470615688057208,
0.0479799529142254,0.0504098677802026,0.0513398932426045,0.0528399938010227,
0.0534790554610464,0.0550298433893747,0.0552695878183148,0.0556182176794882,
0.0564849368537232,0.057698115160467,0.0577573798979301,0.0596376120313195,
0.0598965421163719,0.0601214247455032,0.0625403669644902,0.0641748665532556,
0.0649552444217931,0.0673668670120335,0.0684531909901394),.UNSPECIFIED.);
#1187=B_SPLINE_CURVE_WITH_KNOTS('',3,(#4990,#4991,#4992,#4993),
 .UNSPECIFIED.,.F.,.F.,(4,4),(0.,0.540497035541198),.UNSPECIFIED.);
#1188=B_SPLINE_CURVE_WITH_KNOTS('',3,(#4995,#4996,#4997,#4998,#4999,#5000,
#5001,#5002,#5003,#5004,#5005,#5006,#5007,#5008,#5009,#5010,#5011,#5012,
#5013,#5014,#5015,#5016,#5017,#5018,#5019,#5020,#5021,#5022,#5023,#5024,
#5025,#5026,#5027,#5028,#5029,#5030,#5031,#5032,#5033,#5034,#5035,#5036,
#5037,#5038,#5039,#5040,#5041,#5042,#5043,#5044,#5045,#5046,#5047,#5048,
#5049,#5050,#5051,#5052,#5053,#5054,#5055,#5056,#5057,#5058,#5059,#5060,
#5061,#5062,#5063,#5064,#5065,#5066,#5067,#5068,#5069,#5070,#5071,#5072,
#5073,#5074,#5075,#5076,#5077,#5078,#5079,#5080,#5081,#5082,#5083,#5084,
#5085,#5086,#5087,#5088,#5089,#5090,#5091,#5092,#5093,#5094,#5095,#5096,
#5097,#5098,#5099,#5100,#5101,#5102,#5103,#5104,#5105,#5106,#5107,#5108,
#5109,#5110,#5111,#5112,#5113,#5114,#5115,#5116,#5117,#5118,#5119,#5120,
#5121,#5122,#5123,#5124,#5125,#5126,#5127,#5128,#5129,#5130,#5131,#5132,
#5133,#5134,#5135,#5136,#5137,#5138,#5139,#5140,#5141,#5142,#5143,#5144,
#5145,#5146,#5147,#5148,#5149,#5150,#5151,#5152,#5153,#5154,#5155,#5156,
#5157,#5158,#5159,#5160,#5161,#5162,#5163,#5164,#5165,#5166,#5167,#5168,
#5169,#5170,#5171,#5172,#5173,#5174,#5175,#5176,#5177,#5178,#5179,#5180,
#5181,#5182,#5183,#5184,#5185,#5186,#5187,#5188,#5189,#5190,#5191,#5192,
#5193,#5194,#5195,#5196,#5197,#5198,#5199,#5200,#5201,#5202,#5203,#5204,
#5205,#5206,#5207,#5208,#5209,#5210,#5211,#5212,#5213,#5214,#5215,#5216,
#5217,#5218,#5219,#5220,#5221,#5222,#5223,#5224,#5225,#5226,#5227,#5228,
#5229,#5230,#5231,#5232,#5233,#5234,#5235,#5236,#5237,#5238,#5239,#5240,
#5241,#5242,#5243,#5244,#5245,#5246,#5247,#5248,#5249,#5250,#5251,#5252,
#5253,#5254,#5255,#5256,#5257,#5258,#5259,#5260,#5261,#5262,#5263,#5264,
#5265,#5266,#5267,#5268,#5269,#5270,#5271,#5272,#5273,#5274,#5275,#5276,
#5277,#5278,#5279,#5280,#5281,#5282,#5283,#5284,#5285,#5286,#5287,#5288,
#5289,#5290,#5291,#5292,#5293,#5294,#5295,#5296,#5297,#5298,#5299,#5300,
#5301,#5302,#5303,#5304,#5305,#5306,#5307,#5308,#5309,#5310,#5311,#5312,
#5313,#5314,#5315,#5316,#5317,#5318,#5319,#5320,#5321,#5322,#5323,#5324,
#5325,#5326,#5327,#5328,#5329,#5330,#5331,#5332,#5333,#5334,#5335,#5336,
#5337,#5338,#5339,#5340,#5341,#5342,#5343,#5344,#5345,#5346,#5347,#5348,
#5349,#5350,#5351,#5352,#5353,#5354,#5355,#5356,#5357,#5358,#5359,#5360,
#5361,#5362,#5363,#5364,#5365,#5366,#5367,#5368,#5369,#5370,#5371,#5372,
#5373,#5374,#5375,#5376,#5377,#5378,#5379,#5380,#5381,#5382,#5383,#5384,
#5385,#5386,#5387,#5388,#5389,#5390,#5391,#5392,#5393,#5394,#5395,#5396,
#5397,#5398,#5399,#5400,#5401,#5402,#5403,#5404,#5405,#5406,#5407,#5408,
#5409,#5410,#5411,#5412,#5413,#5414,#5415,#5416,#5417,#5418,#5419,#5420,
#5421,#5422,#5423,#5424,#5425,#5426,#5427,#5428,#5429,#5430,#5431,#5432,
#5433,#5434,#5435,#5436,#5437,#5438,#5439,#5440,#5441,#5442,#5443,#5444,
#5445,#5446,#5447,#5448,#5449,#5450,#5451,#5452,#5453,#5454,#5455,#5456,
#5457,#5458,#5459,#5460,#5461,#5462,#5463,#5464,#5465,#5466,#5467,#5468,
#5469,#5470,#5471,#5472,#5473,#5474,#5475,#5476,#5477,#5478,#5479,#5480,
#5481,#5482,#5483,#5484,#5485,#5486,#5487,#5488,#5489,#5490,#5491,#5492,
#5493,#5494,#5495,#5496,#5497,#5498,#5499,#5500,#5501,#5502,#5503,#5504,
#5505,#5506,#5507,#5508,#5509,#5510,#5511,#5512,#5513,#5514),
 .UNSPECIFIED.,.F.,.F.,(4,3,3,3,3,3,3,3,3,3,3,3,3,3,3,3,3,3,3,3,3,3,3,3,
3,3,3,3,3,3,3,3,3,3,3,3,3,3,3,3,3,3,3,3,3,3,3,3,3,3,3,3,3,3,3,3,3,3,3,3,
3,3,3,3,3,3,3,3,3,3,3,3,3,3,3,3,3,3,3,3,3,3,3,3,3,3,3,3,3,3,3,3,3,3,3,3,
3,3,3,3,3,3,3,3,3,3,3,3,3,3,3,3,3,3,3,3,3,3,3,3,3,3,3,3,3,3,3,3,3,3,3,3,
3,3,3,3,3,3,3,3,3,3,3,3,3,3,3,3,3,3,3,3,3,3,3,3,3,3,3,3,3,3,3,3,3,3,3,3,
3,3,3,3,3,4),(5.083721920159E-10,0.000741802127726925,0.00228129412894232,
0.0029121637768105,0.0038218594349988,0.0053636022030203,0.00582432755362099,
0.00690664798746493,0.008451278594493,0.00873649133043149,0.00999777619413865,
0.0101925732188367,0.011546194071652,0.011648655107242,0.0123212217039382,
0.0130960541323216,0.0131047369956472,0.0138708814490851,0.0145608188840525,
0.0146458327741066,0.0154207438595057,0.0160169007724577,0.0161955826860712,
0.0165830167788458,0.0167449417166604,0.0169705600342201,0.0173580066503005,
0.017472982660863,0.017745236775957,0.0181327995750304,0.0182010236050656,
0.0185203154188788,0.0187140186050253,0.0189077097038412,0.0189290645492682,
0.0191014069484106,0.0192930850213695,0.019295150645982,0.0194889292996818,
0.0196571054934708,0.0196825676146742,0.019779374326414,0.0198762299626417,
0.0199731347000344,0.0200211259655722,0.0200701069729919,0.0201186032136108,
0.0201670152850645,0.0202031362016228,0.0202152805936728,0.0202636414298391,
0.0203121246670534,0.0203363774351228,0.0203606189742263,0.020384835348581,
0.0203851464376735,0.0204090281301449,0.0204573993940667,0.020505800928108,
0.0205542923178684,0.0205671566737241,0.0206028536073733,0.0206513225521395,
0.0207480657704839,0.0207491669097748,0.0208447887370215,0.0209416125167778,
0.0210385196412909,0.0211131873818761,0.0212324137520519,0.0214261063826601,
0.0214772078539774,0.0216197856398257,0.0218135292665763,0.0218412283260787,
0.0220072743244335,0.022394725269219,0.0225692692702813,0.0227821562794789,
0.0231696416912231,0.023297310214484,0.0235569896030671,0.0239444622351909,
0.0240253511586866,0.0243319390589719,0.0247193633139207,0.0247533921028892,
0.025494181590413,0.0262094739912945,0.0262691484577489,0.0270441525657492,
0.0276655558796997,0.0278188632969017,0.0285937290940248,0.029121637768105,
0.0301435827365853,0.0305777196565102,0.031693352695744,0.0320338015449155,
0.033243091056768,0.0347928941031904,0.034945965321726,0.0363426770587059,
0.0378581290985364,0.0394422158192467,0.0407702928753469,0.0425417661791972,
0.0436824566521574,0.0456413149085415,0.0465946204289679,0.0487408633459259,
0.0495067842057784,0.0518404133477885,0.0524189479825889,0.0549399338252136,
0.0580395100185854,0.0582432755362099,0.0611390589089294,0.0611554393130204,
0.0631453968175906,0.0640676030898309,0.0642386117102537,0.0655236849782362,
0.0667343827073009,0.0669797668666414,0.0673380382139854,0.0691846295818967,
0.0698919306434519,0.0704377332696644,0.071987501449923,0.0728040944202624,
0.0735372711473532,0.0742601763086676,0.0750870038368091,0.0757162581970729,
0.0766373295795788,0.0771723400854781,0.0781309438694419,0.0781864069734533,
0.0786284219738834,0.0797364475648368,0.0800845038622886,0.0811585407541117,
0.0812859867984329,0.0815405857506939,0.0820611898846027,0.0822686266948965,
0.0828358505281376,0.0829966676390991,0.0843107755135588,0.0843856846502072,
0.0844527495275044,0.0857984000766789,0.0859088314159096,0.0859354569931169,
0.0866368723601123,0.0867102764601104,0.0872435537379301,0.0873649133043149,
0.0874852672860038,0.0880929542485175,0.0882563581017348,0.0888209951927201,
0.0890229250161103,0.0897847381716871,0.0902770770811254,0.0905420413832025,
0.0912950494787404,0.0917331589695306,0.0920438637179156,0.0927885824377149,
0.0929741359954254,0.0931594427306908,0.0931892408579359),.UNSPECIFIED.);
#1189=B_SPLINE_CURVE_WITH_KNOTS('',3,(#5532,#5533,#5534,#5535),
 .UNSPECIFIED.,.F.,.F.,(4,4),(0.0259172410163689,0.0272180374254285),
 .UNSPECIFIED.);
#1190=B_SPLINE_CURVE_WITH_KNOTS('',3,(#5550,#5551,#5552,#5553),
 .UNSPECIFIED.,.F.,.F.,(4,4),(0.,0.00194696342513449),.UNSPECIFIED.);
#1191=B_SPLINE_CURVE_WITH_KNOTS('',3,(#5560,#5561,#5562,#5563),
 .UNSPECIFIED.,.F.,.F.,(4,4),(0.00574919722140682,0.00598854884783257),
 .UNSPECIFIED.);
#1192=B_SPLINE_CURVE_WITH_KNOTS('',3,(#5570,#5571,#5572,#5573,#5574),
 .UNSPECIFIED.,.F.,.F.,(4,1,4),(0.00162509682831367,0.00362754290989439,
0.00562998899147511),.UNSPECIFIED.);
#1193=B_SPLINE_CURVE_WITH_KNOTS('',3,(#5575,#5576,#5577,#5578,#5579),
 .UNSPECIFIED.,.F.,.F.,(4,1,4),(0.,0.000856663738982717,0.00171332747796543),
 .UNSPECIFIED.);
#1194=B_SPLINE_CURVE_WITH_KNOTS('',3,(#5583,#5584,#5585,#5586,#5587),
 .UNSPECIFIED.,.F.,.F.,(4,1,4),(9.81307786677359E-17,0.000870026951843699,
0.0017400539036873),.UNSPECIFIED.);
#1195=B_SPLINE_CURVE_WITH_KNOTS('',3,(#5589,#5590,#5591,#5592,#5593,#5594,
#5595,#5596),.UNSPECIFIED.,.F.,.F.,(4,1,1,1,1,4),(0.0350538388350844,0.0400574343039795,
0.0450610297728746,0.0550682207106648,0.065075411648455,0.0750826025862452),
 .UNSPECIFIED.);
#1196=B_SPLINE_CURVE_WITH_KNOTS('',3,(#5598,#5599,#5600,#5601,#5602,#5603),
 .UNSPECIFIED.,.F.,.F.,(4,1,1,4),(0.,0.00100034686036157,0.00150052029054236,
0.00200069372072314),.UNSPECIFIED.);
#1197=B_SPLINE_CURVE_WITH_KNOTS('',3,(#5607,#5608,#5609,#5610,#5611,#5612,
#5613),.UNSPECIFIED.,.F.,.F.,(4,1,1,1,4),(6.10780345318845E-16,0.000579025923709099,
0.00115805184741759,0.00173707777112608,0.00231610369483456),
 .UNSPECIFIED.);
#1198=B_SPLINE_CURVE_WITH_KNOTS('',3,(#5614,#5615,#5616,#5617,#5618),
 .UNSPECIFIED.,.F.,.F.,(4,1,4),(0.,0.000858748352702269,0.00171749670540454),
 .UNSPECIFIED.);
#1199=B_SPLINE_CURVE_WITH_KNOTS('',3,(#5622,#5623,#5624,#5625,#5626),
 .UNSPECIFIED.,.F.,.F.,(4,1,4),(0.,0.000862931976548978,0.00172586395309796),
 .UNSPECIFIED.);
#1200=B_SPLINE_CURVE_WITH_KNOTS('',3,(#5628,#5629,#5630,#5631,#5632,#5633,
#5634,#5635,#5636),.UNSPECIFIED.,.F.,.F.,(4,1,1,1,1,1,4),(0.00528746875654159,
0.0188221526704457,0.0255894946273978,0.0323568365843498,0.045891520498254,
0.052658862455206,0.0594262044121581),.UNSPECIFIED.);
#1201=B_SPLINE_CURVE_WITH_KNOTS('',3,(#5638,#5639,#5640,#5641,#5642),
 .UNSPECIFIED.,.F.,.F.,(4,1,4),(0.,0.000934163890406763,0.00186832778081353),
 .UNSPECIFIED.);
#1202=B_SPLINE_CURVE_WITH_KNOTS('',3,(#5646,#5647,#5648,#5649,#5650),
 .UNSPECIFIED.,.F.,.F.,(4,1,4),(0.,0.000949067743856144,0.00189813548771229),
 .UNSPECIFIED.);
#1203=B_SPLINE_CURVE_WITH_KNOTS('',3,(#5651,#5652,#5653,#5654,#5655,#5656,
#5657,#5658,#5659,#5660,#5661,#5662),.UNSPECIFIED.,.F.,.F.,(4,1,1,1,1,1,
1,1,1,4),(8.56401661832303E-9,0.0099051178649506,0.0198102271658846,0.0297153364668186,
0.0396204457677525,0.0445730004182195,0.0495255550686865,0.0594306643696205,
0.0693357736705545,0.0792408829714885),.UNSPECIFIED.);
#1204=B_SPLINE_CURVE_WITH_KNOTS('',3,(#5665,#5666,#5667,#5668,#5669,#5670,
#5671,#5672,#5673,#5674,#5675,#5676,#5677,#5678,#5679,#5680,#5681,#5682,
#5683,#5684,#5685,#5686,#5687,#5688,#5689,#5690,#5691,#5692),
 .UNSPECIFIED.,.F.,.F.,(4,1,1,1,1,1,1,1,1,1,1,1,1,1,1,1,1,1,1,1,1,1,1,1,
1,4),(0.,0.00644564132980558,0.0128912826596112,0.0193369239894167,0.0225597446543195,
0.0257825653192223,0.0290053859841251,0.0322282066490279,0.0354510273139307,
0.0386738479788335,0.0418966686437363,0.045119489308639,0.0515651306384446,
0.0580107719682502,0.0644564132980558,0.0709020546278613,0.0773476959576669,
0.0837933372874725,0.0870161579523753,0.0902389786172781,0.0934617992821809,
0.0966846199470837,0.0982960302795351,0.0999074406119864,0.101518850944438,
0.103130261276889),.UNSPECIFIED.);
#1205=B_SPLINE_CURVE_WITH_KNOTS('',3,(#5698,#5699,#5700,#5701,#5702,#5703,
#5704,#5705,#5706,#5707,#5708,#5709,#5710,#5711,#5712,#5713,#5714,#5715,
#5716),.UNSPECIFIED.,.F.,.F.,(4,1,1,1,1,1,1,1,1,1,3,3,4),(-0.0616062557394034,
0.,0.152490732028226,0.190613415035283,0.228736098042339,0.304981464056453,
0.381226830070566,0.419349513077622,0.457472196084679,0.533717562098792,
0.609962928112905,0.616062557394034,0.677668813133437),.UNSPECIFIED.);
#1206=B_SPLINE_CURVE_WITH_KNOTS('',3,(#5718,#5719,#5720,#5721,#5722,#5723),
 .UNSPECIFIED.,.F.,.F.,(4,1,1,4),(1.52936199552975,1.5707963267949,1.9851396394464,
2.02657397071155),.UNSPECIFIED.);
#1207=B_SPLINE_CURVE_WITH_KNOTS('',3,(#5731,#5732,#5733,#5734),
 .UNSPECIFIED.,.F.,.F.,(4,4),(0.00116816389460785,0.00125829197147821),
 .UNSPECIFIED.);
#1208=B_SPLINE_CURVE_WITH_KNOTS('',3,(#5746,#5747,#5748,#5749,#5750,#5751,
#5752,#5753,#5754,#5755,#5756,#5757,#5758,#5759,#5760,#5761,#5762,#5763,
#5764,#5765,#5766,#5767,#5768,#5769,#5770,#5771,#5772,#5773,#5774,#5775,
#5776,#5777,#5778,#5779,#5780,#5781,#5782,#5783,#5784,#5785,#5786,#5787,
#5788,#5789,#5790,#5791,#5792,#5793,#5794,#5795,#5796,#5797,#5798,#5799,
#5800,#5801,#5802,#5803,#5804,#5805,#5806,#5807,#5808,#5809,#5810,#5811,
#5812,#5813,#5814,#5815,#5816,#5817,#5818,#5819,#5820,#5821,#5822,#5823,
#5824,#5825,#5826,#5827,#5828,#5829,#5830,#5831,#5832,#5833,#5834,#5835,
#5836,#5837,#5838,#5839,#5840,#5841,#5842,#5843,#5844,#5845,#5846,#5847,
#5848,#5849,#5850,#5851,#5852,#5853,#5854,#5855,#5856,#5857,#5858,#5859,
#5860,#5861,#5862,#5863,#5864,#5865,#5866,#5867,#5868,#5869,#5870,#5871,
#5872,#5873,#5874,#5875),.UNSPECIFIED.,.F.,.F.,(4,3,3,3,3,3,3,3,3,3,3,3,
3,3,3,3,3,3,3,3,3,3,3,3,3,3,3,3,3,3,3,3,3,3,3,3,3,3,3,3,3,3,3,4),(2.40010729272916E-10,
0.00181736621764716,0.00424549831078464,0.00667389013896321,0.00855664887376742,
0.00910242141407979,0.0139606861735401,0.0171132977475348,0.0188208015936648,
0.0213916221844185,0.0236804149901476,0.0254791536224643,0.0279586399531959,
0.0285402879302517,0.029948271058186,0.0334005450748346,0.0342265954950697,
0.0358297660687833,0.0382601410352535,0.0385049199319534,0.0414719326760284,
0.0427832443688371,0.0431200701556205,0.045531642143844,0.0470615688057208,
0.0479799529142254,0.0504098677802026,0.0513398932426045,0.0528399938010227,
0.0534790554610464,0.0550298433893747,0.0552695878183148,0.0556182176794882,
0.0564849368537232,0.057698115160467,0.0577573798979301,0.0596376120313195,
0.0598965421163719,0.0601214247455032,0.0625403669644902,0.0641748665532556,
0.0649552444217931,0.0673668670120335,0.0684531909901394),.UNSPECIFIED.);
#1209=B_SPLINE_CURVE_WITH_KNOTS('',3,(#6091,#6092,#6093,#6094,#6095,#6096,
#6097,#6098,#6099,#6100,#6101),.UNSPECIFIED.,.F.,.F.,(4,1,1,1,1,1,1,1,4),
(0.,0.00119006552431765,0.0023801310486353,0.00357019657295295,0.0047602620972706,
0.00595032762158824,0.00714039314590589,0.00833045867022354,0.00952052419454119),
 .UNSPECIFIED.);
#1210=B_SPLINE_CURVE_WITH_KNOTS('',3,(#6104,#6105,#6106,#6107),
 .UNSPECIFIED.,.F.,.F.,(4,4),(0.975694592488506,1.),.UNSPECIFIED.);
#1211=B_SPLINE_CURVE_WITH_KNOTS('',3,(#6108,#6109,#6110,#6111,#6112,#6113,
#6114,#6115,#6116),.UNSPECIFIED.,.F.,.F.,(4,1,1,1,1,1,4),(0.,0.00237301083432472,
0.00474602166864945,0.00711903250297417,0.00830553792013654,0.00889879062871772,
0.0094920433372989),.UNSPECIFIED.);
#1212=B_SPLINE_CURVE_WITH_KNOTS('',3,(#6118,#6119,#6120,#6121,#6122,#6123,
#6124,#6125,#6126,#6127,#6128),.UNSPECIFIED.,.F.,.F.,(4,1,1,1,1,1,1,1,4),
(-5.52075216317187E-8,0.000167548263352349,0.00033515173422633,0.000670358675974292,
0.00134077255947022,0.00201118644296614,0.00268160032646206,0.00402242809345391,
0.00536325586044576),.UNSPECIFIED.);
#1213=B_SPLINE_CURVE_WITH_KNOTS('',3,(#6129,#6130,#6131,#6132,#6133,#6134,
#6135,#6136,#6137,#6138,#6139,#6140,#6141,#6142,#6143,#6144,#6145,#6146,
#6147,#6148,#6149,#6150,#6151,#6152,#6153,#6154,#6155,#6156,#6157,#6158),
 .UNSPECIFIED.,.F.,.F.,(4,1,1,1,1,1,1,1,1,1,1,1,1,1,1,1,1,1,1,1,1,1,1,1,
1,1,1,4),(0.,0.0625,0.09375,0.109375,0.1171875,0.125,0.1328125,0.140625,
0.15625,0.1875,0.21875,0.234375,0.25,0.265625,0.28125,0.3125,0.34375,0.375,
0.40625,0.4375,0.5,0.5625,0.625,0.6875,0.75,0.8125,0.875,1.),
 .UNSPECIFIED.);
#1214=B_SPLINE_CURVE_WITH_KNOTS('',3,(#6159,#6160,#6161,#6162,#6163,#6164,
#6165,#6166),.UNSPECIFIED.,.F.,.F.,(4,1,1,1,1,4),(0.228322627611256,0.302740570299986,
0.377158512988716,0.451576455677446,0.488785427021811,0.525994398366176),
 .UNSPECIFIED.);
#1215=B_SPLINE_CURVE_WITH_KNOTS('',3,(#6168,#6169,#6170,#6171),
 .UNSPECIFIED.,.F.,.F.,(4,4),(0.,6.36396489792957E-6),.UNSPECIFIED.);
#1216=B_SPLINE_CURVE_WITH_KNOTS('',3,(#6172,#6173,#6174,#6175,#6176,#6177,
#6178,#6179,#6180,#6181,#6182,#6183,#6184,#6185,#6186,#6187,#6188,#6189),
 .UNSPECIFIED.,.T.,.F.,(1,1,1,1,1,1,1,1,1,1,1,1,1,1,1,1,1,1,1,1,1,1),(-0.00318672622960583,
-0.00212448415307055,-0.00106224207653528,0.,0.00106224207653528,0.00212448415307055,
0.00318672622960583,0.00424896830614111,0.00531121038267639,0.00637345245921166,
0.00743569453574694,0.00849793661228222,0.0106224207653528,0.011684662841888,
0.0127469049184233,0.0138091469949586,0.0148713890714939,0.0159336311480292,
0.0169958732245644,0.0180581153010997,0.019120357377635,0.0201825994541703),
 .UNSPECIFIED.);
#1217=B_SPLINE_CURVE_WITH_KNOTS('',3,(#6826,#6827,#6828,#6829,#6830,#6831,
#6832,#6833,#6834,#6835,#6836,#6837,#6838,#6839,#6840,#6841,#6842),
 .UNSPECIFIED.,.T.,.F.,(1,1,1,1,1,1,1,1,1,1,1,1,1,1,1,1,1,1,1,1,1),(-0.00465474950743451,
-0.00232737475371726,-0.00116368737685863,0.,0.00116368737685863,0.00232737475371725,
0.00465474950743451,0.00581843688429314,0.00698212426115176,0.00814581163801039,
0.00930949901486902,0.0104731863917276,0.0116368737685863,0.0128005611454449,
0.0139642485223035,0.0162916232760208,0.0174553106528794,0.018618998029738,
0.0197826854065967,0.0209463727834553,0.0232737475371726),.UNSPECIFIED.);
#1218=B_SPLINE_CURVE_WITH_KNOTS('',3,(#6844,#6845,#6846,#6847,#6848,#6849,
#6850,#6851,#6852,#6853,#6854,#6855,#6856,#6857,#6858,#6859,#6860,#6861,
#6862),.UNSPECIFIED.,.T.,.F.,(1,1,1,1,1,1,1,1,1,1,1,1,1,1,1,1,1,1,1,1,1,
1,1),(-0.00355830751893288,-0.00237220501262192,-0.00118610250631096,0.,
0.00118610250631096,0.00237220501262192,0.00355830751893288,0.00474441002524384,
0.00593051253155481,0.00711661503786577,0.00830271754417673,0.00948882005048769,
0.0106749225567987,0.0118610250631096,0.0130471275694206,0.0142332300757315,
0.0154193325820425,0.0166054350883535,0.0177915375946644,0.0189776401009754,
0.0201637426072863,0.0213498451135973,0.0225359476199083),.UNSPECIFIED.);
#1219=B_SPLINE_CURVE_WITH_KNOTS('',3,(#6864,#6865,#6866,#6867),
 .UNSPECIFIED.,.F.,.F.,(4,4),(6.66458996056251E-17,0.00365278413415172),
 .UNSPECIFIED.);
#1220=B_SPLINE_CURVE_WITH_KNOTS('',3,(#6869,#6870,#6871,#6872),
 .UNSPECIFIED.,.F.,.F.,(4,4),(0.,0.000782825727949597),.UNSPECIFIED.);
#1221=B_SPLINE_CURVE_WITH_KNOTS('',3,(#6874,#6875,#6876,#6877),
 .UNSPECIFIED.,.F.,.F.,(4,4),(9.81307786677359E-18,0.00315768881333971),
 .UNSPECIFIED.);
#1222=B_SPLINE_CURVE_WITH_KNOTS('',3,(#6879,#6880,#6881,#6882),
 .UNSPECIFIED.,.F.,.F.,(4,4),(0.,0.00084813358089555),.UNSPECIFIED.);
#1223=B_SPLINE_CURVE_WITH_KNOTS('',3,(#6884,#6885,#6886,#6887,#6888,#6889),
 .UNSPECIFIED.,.F.,.F.,(4,1,1,4),(4.17776736080521E-17,0.00576772906666828,
0.0086515936000024,0.0115354581333365),.UNSPECIFIED.);
#1224=B_SPLINE_CURVE_WITH_KNOTS('',3,(#6890,#6891,#6892,#6893,#6894,#6895,
#6896),.UNSPECIFIED.,.F.,.F.,(4,1,1,1,4),(0.,0.00192938124479862,0.00385876248959723,
0.00578814373439585,0.00771752497919447),.UNSPECIFIED.);
#1225=B_SPLINE_CURVE_WITH_KNOTS('',3,(#6898,#6899,#6900,#6901),
 .UNSPECIFIED.,.F.,.F.,(4,4),(0.,0.00195396336170877),.UNSPECIFIED.);
#1226=B_SPLINE_CURVE_WITH_KNOTS('',3,(#6917,#6918,#6919,#6920),
 .UNSPECIFIED.,.F.,.F.,(4,4),(0.91333450142034,0.999999721518482),
 .UNSPECIFIED.);
#1227=B_SPLINE_CURVE_WITH_KNOTS('',3,(#6925,#6926,#6927,#6928,#6929,#6930,
#6931),.UNSPECIFIED.,.F.,.F.,(4,1,1,1,4),(0.,0.00295593813466566,0.00591187626933132,
0.00886781440399698,0.0118237525386626),.UNSPECIFIED.);
#1228=B_SPLINE_CURVE_WITH_KNOTS('',3,(#6934,#6935,#6936,#6937,#6938,#6939,
#6940,#6941,#6942,#6943),.UNSPECIFIED.,.F.,.F.,(4,1,1,1,1,1,1,4),(0.,0.00116552856263897,
0.00233105712527794,0.0034965856879169,0.00466211425055587,0.00582764281319484,
0.00699317137583381,0.00932422850111174),.UNSPECIFIED.);
#1229=B_SPLINE_CURVE_WITH_KNOTS('',3,(#6960,#6961,#6962,#6963,#6964,#6965,
#6966),.UNSPECIFIED.,.F.,.F.,(4,1,1,1,4),(-0.999983565382654,-0.754506173796618,
-0.503004115864412,-0.251502057932206,0.),.UNSPECIFIED.);
#1230=B_SPLINE_CURVE_WITH_KNOTS('',3,(#6976,#6977,#6978,#6979),
 .UNSPECIFIED.,.F.,.F.,(4,4),(6.3178579607031E-6,1.),.UNSPECIFIED.);
#1231=B_SPLINE_CURVE_WITH_KNOTS('',3,(#6988,#6989,#6990,#6991),
 .UNSPECIFIED.,.F.,.F.,(4,4),(0.0310234660993729,0.0312631009774081),
 .UNSPECIFIED.);
#1232=B_SPLINE_CURVE_WITH_KNOTS('',3,(#6999,#7000,#7001,#7002,#7003,#7004,
#7005,#7006,#7007,#7008,#7009,#7010,#7011,#7012,#7013,#7014,#7015,#7016,
#7017,#7018,#7019,#7020,#7021,#7022,#7023,#7024,#7025,#7026,#7027,#7028,
#7029,#7030,#7031,#7032,#7033,#7034,#7035,#7036,#7037,#7038,#7039,#7040,
#7041,#7042,#7043,#7044,#7045,#7046,#7047,#7048,#7049,#7050,#7051,#7052,
#7053,#7054,#7055,#7056,#7057,#7058,#7059,#7060,#7061,#7062,#7063,#7064,
#7065,#7066,#7067,#7068,#7069,#7070,#7071,#7072,#7073,#7074,#7075,#7076,
#7077,#7078,#7079,#7080,#7081,#7082,#7083,#7084,#7085,#7086,#7087,#7088,
#7089,#7090,#7091,#7092,#7093,#7094,#7095,#7096,#7097,#7098,#7099,#7100,
#7101,#7102,#7103,#7104,#7105,#7106,#7107,#7108,#7109,#7110,#7111,#7112,
#7113,#7114,#7115,#7116,#7117,#7118,#7119,#7120,#7121,#7122,#7123,#7124,
#7125,#7126,#7127,#7128),.UNSPECIFIED.,.F.,.F.,(4,3,3,3,3,3,3,3,3,3,3,3,
3,3,3,3,3,3,3,3,3,3,3,3,3,3,3,3,3,3,3,3,3,3,3,3,3,3,3,3,3,3,3,4),(2.40010729272916E-10,
0.00181736621764716,0.00424549831078464,0.00667389013896321,0.00855664887376742,
0.00910242141407979,0.0139606861735401,0.0171132977475348,0.0188208015936648,
0.0213916221844185,0.0236804149901476,0.0254791536224643,0.0279586399531959,
0.0285402879302517,0.029948271058186,0.0334005450748346,0.0342265954950697,
0.0358297660687833,0.0382601410352535,0.0385049199319534,0.0414719326760284,
0.0427832443688371,0.0431200701556205,0.045531642143844,0.0470615688057208,
0.0479799529142254,0.0504098677802026,0.0513398932426045,0.0528399938010227,
0.0534790554610464,0.0550298433893747,0.0552695878183148,0.0556182176794882,
0.0564849368537232,0.057698115160467,0.0577573798979301,0.0596376120313195,
0.0598965421163719,0.0601214247455032,0.0625403669644902,0.0641748665532556,
0.0649552444217931,0.0673668670120335,0.0684531909901394),.UNSPECIFIED.);
#1233=B_SPLINE_CURVE_WITH_KNOTS('',3,(#7133,#7134,#7135,#7136,#7137,#7138,
#7139,#7140,#7141,#7142,#7143,#7144,#7145,#7146,#7147,#7148,#7149,#7150,
#7151,#7152,#7153,#7154,#7155,#7156,#7157,#7158,#7159,#7160,#7161,#7162,
#7163,#7164,#7165,#7166,#7167,#7168,#7169,#7170,#7171,#7172,#7173,#7174,
#7175,#7176,#7177,#7178,#7179,#7180,#7181,#7182,#7183,#7184,#7185,#7186,
#7187,#7188,#7189,#7190,#7191,#7192,#7193,#7194,#7195,#7196,#7197,#7198,
#7199,#7200,#7201,#7202,#7203,#7204,#7205,#7206,#7207,#7208,#7209,#7210,
#7211,#7212,#7213,#7214,#7215,#7216,#7217,#7218,#7219,#7220,#7221,#7222,
#7223,#7224,#7225,#7226,#7227,#7228,#7229,#7230,#7231,#7232,#7233,#7234,
#7235,#7236,#7237,#7238,#7239,#7240,#7241,#7242,#7243,#7244,#7245,#7246,
#7247,#7248,#7249,#7250,#7251,#7252,#7253,#7254,#7255,#7256,#7257,#7258,
#7259,#7260,#7261,#7262,#7263,#7264,#7265,#7266,#7267,#7268,#7269,#7270,
#7271,#7272,#7273,#7274,#7275,#7276,#7277,#7278,#7279,#7280,#7281,#7282,
#7283,#7284,#7285,#7286,#7287,#7288,#7289,#7290,#7291,#7292,#7293,#7294,
#7295,#7296,#7297,#7298,#7299,#7300,#7301,#7302,#7303,#7304,#7305,#7306,
#7307,#7308,#7309,#7310,#7311,#7312,#7313,#7314,#7315,#7316,#7317,#7318,
#7319,#7320,#7321,#7322,#7323,#7324,#7325,#7326,#7327,#7328,#7329,#7330,
#7331,#7332,#7333,#7334,#7335,#7336,#7337,#7338,#7339,#7340,#7341,#7342,
#7343,#7344,#7345,#7346,#7347,#7348,#7349,#7350,#7351,#7352,#7353,#7354,
#7355,#7356,#7357,#7358,#7359,#7360,#7361,#7362,#7363,#7364,#7365,#7366,
#7367,#7368,#7369,#7370,#7371,#7372,#7373,#7374,#7375,#7376,#7377,#7378,
#7379,#7380,#7381,#7382,#7383,#7384,#7385,#7386,#7387,#7388,#7389,#7390,
#7391,#7392,#7393,#7394,#7395,#7396,#7397,#7398,#7399,#7400,#7401,#7402,
#7403,#7404,#7405,#7406,#7407,#7408,#7409,#7410,#7411,#7412,#7413,#7414,
#7415,#7416,#7417,#7418,#7419,#7420,#7421,#7422,#7423,#7424,#7425,#7426,
#7427,#7428,#7429,#7430,#7431,#7432,#7433,#7434,#7435,#7436,#7437,#7438,
#7439,#7440,#7441,#7442,#7443,#7444,#7445,#7446,#7447,#7448,#7449,#7450,
#7451,#7452,#7453,#7454,#7455,#7456,#7457,#7458,#7459,#7460,#7461,#7462,
#7463,#7464,#7465,#7466,#7467,#7468,#7469,#7470,#7471,#7472,#7473,#7474,
#7475,#7476,#7477,#7478,#7479,#7480,#7481,#7482,#7483,#7484,#7485,#7486,
#7487,#7488,#7489,#7490,#7491,#7492,#7493,#7494,#7495,#7496,#7497,#7498,
#7499,#7500,#7501,#7502,#7503,#7504,#7505,#7506,#7507,#7508,#7509,#7510,
#7511,#7512,#7513,#7514,#7515,#7516,#7517,#7518,#7519,#7520,#7521,#7522,
#7523,#7524,#7525,#7526,#7527,#7528,#7529,#7530,#7531,#7532,#7533,#7534,
#7535,#7536,#7537,#7538,#7539,#7540,#7541,#7542,#7543,#7544,#7545,#7546,
#7547,#7548,#7549,#7550,#7551,#7552,#7553,#7554,#7555,#7556,#7557,#7558,
#7559,#7560,#7561,#7562,#7563,#7564,#7565,#7566,#7567,#7568,#7569,#7570,
#7571,#7572,#7573,#7574,#7575,#7576,#7577,#7578,#7579,#7580,#7581,#7582,
#7583,#7584,#7585,#7586,#7587,#7588,#7589,#7590,#7591,#7592,#7593,#7594,
#7595,#7596,#7597,#7598,#7599,#7600,#7601,#7602,#7603,#7604,#7605,#7606,
#7607,#7608,#7609,#7610,#7611,#7612,#7613,#7614,#7615,#7616,#7617,#7618,
#7619,#7620,#7621,#7622,#7623,#7624,#7625,#7626,#7627,#7628,#7629,#7630,
#7631,#7632,#7633,#7634,#7635,#7636,#7637,#7638,#7639,#7640,#7641,#7642,
#7643,#7644,#7645,#7646,#7647,#7648,#7649,#7650,#7651,#7652),
 .UNSPECIFIED.,.F.,.F.,(4,3,3,3,3,3,3,3,3,3,3,3,3,3,3,3,3,3,3,3,3,3,3,3,
3,3,3,3,3,3,3,3,3,3,3,3,3,3,3,3,3,3,3,3,3,3,3,3,3,3,3,3,3,3,3,3,3,3,3,3,
3,3,3,3,3,3,3,3,3,3,3,3,3,3,3,3,3,3,3,3,3,3,3,3,3,3,3,3,3,3,3,3,3,3,3,3,
3,3,3,3,3,3,3,3,3,3,3,3,3,3,3,3,3,3,3,3,3,3,3,3,3,3,3,3,3,3,3,3,3,3,3,3,
3,3,3,3,3,3,3,3,3,3,3,3,3,3,3,3,3,3,3,3,3,3,3,3,3,3,3,3,3,3,3,3,3,3,3,3,
3,3,3,3,3,4),(5.083721920159E-10,0.000741802127726925,0.00228129412894232,
0.0029121637768105,0.0038218594349988,0.0053636022030203,0.00582432755362099,
0.00690664798746493,0.008451278594493,0.00873649133043149,0.00999777619413865,
0.0101925732188367,0.011546194071652,0.011648655107242,0.0123212217039382,
0.0130960541323216,0.0131047369956472,0.0138708814490851,0.0145608188840525,
0.0146458327741066,0.0154207438595057,0.0160169007724577,0.0161955826860712,
0.0165830167788458,0.0167449417166604,0.0169705600342201,0.0173580066503005,
0.017472982660863,0.017745236775957,0.0181327995750304,0.0182010236050656,
0.0185203154188788,0.0187140186050253,0.0189077097038412,0.0189290645492682,
0.0191014069484106,0.0192930850213695,0.019295150645982,0.0194889292996818,
0.0196571054934708,0.0196825676146742,0.019779374326414,0.0198762299626417,
0.0199731347000344,0.0200211259655722,0.0200701069729919,0.0201186032136108,
0.0201670152850645,0.0202031362016228,0.0202152805936728,0.0202636414298391,
0.0203121246670534,0.0203363774351228,0.0203606189742263,0.020384835348581,
0.0203851464376735,0.0204090281301449,0.0204573993940667,0.020505800928108,
0.0205542923178684,0.0205671566737241,0.0206028536073733,0.0206513225521395,
0.0207480657704839,0.0207491669097748,0.0208447887370215,0.0209416125167778,
0.0210385196412909,0.0211131873818761,0.0212324137520519,0.0214261063826601,
0.0214772078539774,0.0216197856398257,0.0218135292665763,0.0218412283260787,
0.0220072743244335,0.022394725269219,0.0225692692702813,0.0227821562794789,
0.0231696416912231,0.023297310214484,0.0235569896030671,0.0239444622351909,
0.0240253511586866,0.0243319390589719,0.0247193633139207,0.0247533921028892,
0.025494181590413,0.0262094739912945,0.0262691484577489,0.0270441525657492,
0.0276655558796997,0.0278188632969017,0.0285937290940248,0.029121637768105,
0.0301435827365853,0.0305777196565102,0.031693352695744,0.0320338015449155,
0.033243091056768,0.0347928941031904,0.034945965321726,0.0363426770587059,
0.0378581290985364,0.0394422158192467,0.0407702928753469,0.0425417661791972,
0.0436824566521574,0.0456413149085415,0.0465946204289679,0.0487408633459259,
0.0495067842057784,0.0518404133477885,0.0524189479825889,0.0549399338252136,
0.0580395100185854,0.0582432755362099,0.0611390589089294,0.0611554393130204,
0.0631453968175906,0.0640676030898309,0.0642386117102537,0.0655236849782362,
0.0667343827073009,0.0669797668666414,0.0673380382139854,0.0691846295818967,
0.0698919306434519,0.0704377332696644,0.071987501449923,0.0728040944202624,
0.0735372711473532,0.0742601763086676,0.0750870038368091,0.0757162581970729,
0.0766373295795788,0.0771723400854781,0.0781309438694419,0.0781864069734533,
0.0786284219738834,0.0797364475648368,0.0800845038622886,0.0811585407541117,
0.0812859867984329,0.0815405857506939,0.0820611898846027,0.0822686266948965,
0.0828358505281376,0.0829966676390991,0.0843107755135588,0.0843856846502072,
0.0844527495275044,0.0857984000766789,0.0859088314159096,0.0859354569931169,
0.0866368723601123,0.0867102764601104,0.0872435537379301,0.0873649133043149,
0.0874852672860038,0.0880929542485175,0.0882563581017348,0.0888209951927201,
0.0890229250161103,0.0897847381716871,0.0902770770811254,0.0905420413832025,
0.0912950494787404,0.0917331589695306,0.0920438637179156,0.0927885824377149,
0.0929741359954254,0.0931594427306908,0.0931892408579359),.UNSPECIFIED.);
#1234=B_SPLINE_CURVE_WITH_KNOTS('',3,(#7773,#7774,#7775,#7776,#7777),
 .UNSPECIFIED.,.F.,.F.,(4,1,4),(-5.97473918282331E-8,0.00304996538968271,
0.00609999052675726),.UNSPECIFIED.);
#1235=B_SPLINE_CURVE_WITH_KNOTS('',3,(#7778,#7779,#7780,#7781,#7782),
 .UNSPECIFIED.,.F.,.F.,(4,1,4),(2.08166817117217E-17,0.00286305873746277,
0.00572611747492553),.UNSPECIFIED.);
#1236=B_SPLINE_CURVE_WITH_KNOTS('',3,(#7903,#7904,#7905,#7906,#7907),
 .UNSPECIFIED.,.F.,.F.,(4,1,4),(3.98609107286759E-17,0.00281183233408103,
0.00562366466816202),.UNSPECIFIED.);
#1237=B_SPLINE_CURVE_WITH_KNOTS('',3,(#7908,#7909,#7910,#7911,#7912),
 .UNSPECIFIED.,.F.,.F.,(4,1,4),(-5.99999999608684E-8,0.00296675278436992,
0.0059335655687398),.UNSPECIFIED.);
#1238=B_SPLINE_CURVE_WITH_KNOTS('',3,(#7926,#7927,#7928,#7929,#7930),
 .UNSPECIFIED.,.F.,.F.,(4,1,4),(0.,0.00281884535875764,0.00563769071751529),
 .UNSPECIFIED.);
#1239=B_SPLINE_CURVE_WITH_KNOTS('',3,(#7945,#7946,#7947,#7948,#7949),
 .UNSPECIFIED.,.F.,.F.,(4,1,4),(0.,0.000769637675967702,0.0015392753519354),
 .UNSPECIFIED.);
#1240=B_SPLINE_CURVE_WITH_KNOTS('',3,(#7991,#7992,#7993,#7994),
 .UNSPECIFIED.,.F.,.F.,(4,4),(2.07011855262006E-7,0.00953905919409953),
 .UNSPECIFIED.);
#1241=B_SPLINE_CURVE_WITH_KNOTS('',3,(#8004,#8005,#8006,#8007,#8008),
 .UNSPECIFIED.,.F.,.F.,(4,1,4),(0.,0.00382818849670985,0.0076563769934197),
 .UNSPECIFIED.);
#1242=B_SPLINE_CURVE_WITH_KNOTS('',3,(#8018,#8019,#8020,#8021),
 .UNSPECIFIED.,.F.,.F.,(4,4),(0.,0.00140515864785011),.UNSPECIFIED.);
#1243=B_SPLINE_CURVE_WITH_KNOTS('',3,(#8028,#8029,#8030,#8031,#8032,#8033,
#8034,#8035,#8036,#8037),.UNSPECIFIED.,.F.,.F.,(4,1,1,1,1,1,1,4),(0.,0.000542014253672887,
0.00108402850734577,0.00162604276101866,0.00216805701469155,0.00271007126836444,
0.00325208552203732,0.0043361140293831),.UNSPECIFIED.);
#1244=B_SPLINE_CURVE_WITH_KNOTS('',3,(#8093,#8094,#8095,#8096,#8097),
 .UNSPECIFIED.,.F.,.F.,(4,1,4),(0.,0.5,1.),.UNSPECIFIED.);
#1245=B_SPLINE_CURVE_WITH_KNOTS('',3,(#8206,#8207,#8208,#8209,#8210),
 .UNSPECIFIED.,.F.,.F.,(4,1,4),(0.,0.00163655528584688,0.00327311057169376),
 .UNSPECIFIED.);
#1246=B_SPLINE_CURVE_WITH_KNOTS('',3,(#8214,#8215,#8216,#8217,#8218),
 .UNSPECIFIED.,.F.,.F.,(4,1,4),(0.,0.00163944062135712,0.00327888124271424),
 .UNSPECIFIED.);
#1247=B_SPLINE_CURVE_WITH_KNOTS('',3,(#8220,#8221,#8222,#8223,#8224),
 .UNSPECIFIED.,.F.,.F.,(4,1,4),(0.00813037104780764,0.00991142613033933,
0.011692481212871),.UNSPECIFIED.);
#1248=B_SPLINE_CURVE_WITH_KNOTS('',3,(#8228,#8229,#8230,#8231,#8232),
 .UNSPECIFIED.,.F.,.F.,(4,1,4),(0.,0.00176613496811869,0.00353226993623738),
 .UNSPECIFIED.);
#1249=B_SPLINE_CURVE_WITH_KNOTS('',3,(#8237,#8238,#8239,#8240,#8241),
 .UNSPECIFIED.,.F.,.F.,(4,1,4),(0.,0.00160360398290077,0.00320720796580154),
 .UNSPECIFIED.);
#1250=B_SPLINE_CURVE_WITH_KNOTS('',3,(#8242,#8243,#8244,#8245,#8246),
 .UNSPECIFIED.,.F.,.F.,(4,1,4),(9.97585159529498E-16,0.00158474325728978,
0.00316948651457856),.UNSPECIFIED.);
#1251=B_SPLINE_CURVE_WITH_KNOTS('',3,(#8248,#8249,#8250,#8251,#8252,#8253),
 .UNSPECIFIED.,.F.,.F.,(4,1,1,4),(0.00693684882695366,0.00784935240242644,
0.00876185597789923,0.0105868631288448),.UNSPECIFIED.);
#1252=B_SPLINE_CURVE_WITH_KNOTS('',3,(#8257,#8258,#8259,#8260,#8261),
 .UNSPECIFIED.,.F.,.F.,(4,1,4),(0.,0.00182140835727759,0.00364281671455517),
 .UNSPECIFIED.);
#1253=B_SPLINE_CURVE_WITH_KNOTS('',3,(#8431,#8432,#8433,#8434,#8435,#8436,
#8437,#8438,#8439,#8440,#8441),.UNSPECIFIED.,.F.,.F.,(4,1,1,1,1,1,1,1,4),
(0.,0.00107418732730765,0.0021483746546153,0.00322256198192295,0.0042967493092306,
0.00537093663653825,0.0064451239638459,0.00751931129115355,0.0085934986184612),
 .UNSPECIFIED.);
#1254=B_SPLINE_CURVE_WITH_KNOTS('',3,(#8444,#8445,#8446,#8447,#8448,#8449,
#8450,#8451,#8452,#8453,#8454),.UNSPECIFIED.,.F.,.F.,(4,1,1,1,1,1,1,1,4),
(0.,0.00102819322754931,0.00205638645509862,0.00308457968264793,0.00411277291019724,
0.00514096613774656,0.00616915936529587,0.00719735259284518,0.00822554582039449),
 .UNSPECIFIED.);
#1255=B_SPLINE_CURVE_WITH_KNOTS('',3,(#8461,#8462,#8463,#8464,#8465,#8466,
#8467,#8468,#8469,#8470,#8471,#8472,#8473,#8474,#8475,#8476,#8477),
 .UNSPECIFIED.,.T.,.F.,(1,1,1,1,1,1,1,1,1,1,1,1,1,1,1,1,1,1,1,1,1),(-0.00418526433327784,
-0.00209263216663892,-0.00104631608331946,0.,0.00104631608331946,0.00209263216663892,
0.00418526433327784,0.00523158041659731,0.00627789649991677,0.00732421258323623,
0.00837052866655569,0.00941684474987515,0.0104631608331946,0.0115094769165141,
0.0125557929998335,0.0146484251664725,0.0156947412497919,0.0167410573331114,
0.0177873734164308,0.0188336894997503,0.0209263216663892),.UNSPECIFIED.);
#1256=B_SPLINE_CURVE_WITH_KNOTS('',3,(#8488,#8489,#8490,#8491,#8492,#8493,
#8494,#8495,#8496,#8497,#8498,#8499,#8500,#8501),.UNSPECIFIED.,.F.,.F.,
(4,1,1,1,1,1,1,1,1,1,1,4),(0.008480563150102,0.00945821937744857,0.0104358756047951,
0.0123911880594883,0.0133688442868349,0.0143465005141815,0.0163018129688746,
0.0182571254235678,0.0192347816509143,0.0202124378782609,0.0221677503329541,
0.0241230627876472),.UNSPECIFIED.);
#1257=B_SPLINE_CURVE_WITH_KNOTS('',3,(#8505,#8506,#8507,#8508,#8509),
 .UNSPECIFIED.,.F.,.F.,(4,1,4),(0.,0.000841806177576416,0.00168361235515283),
 .UNSPECIFIED.);
#1258=B_SPLINE_CURVE_WITH_KNOTS('',3,(#8556,#8557,#8558,#8559,#8560),
 .UNSPECIFIED.,.F.,.F.,(4,1,4),(4.68031256864307E-10,0.000277780822655734,
0.000555561177280212),.UNSPECIFIED.);
#1259=B_SPLINE_CURVE_WITH_KNOTS('',3,(#8561,#8562,#8563,#8564,#8565),
 .UNSPECIFIED.,.F.,.F.,(4,1,4),(0.,0.5,1.),.UNSPECIFIED.);
#1260=EDGE_LOOP('',(#304,#305,#306,#307));
#1261=EDGE_LOOP('',(#308,#309,#310,#311,#312,#313,#314,#315,#316,#317,#318));
#1262=EDGE_LOOP('',(#319,#320,#321,#322));
#1263=EDGE_LOOP('',(#323,#324,#325,#326,#327,#328,#329,#330,#331,#332,#333,
#334,#335,#336,#337));
#1264=EDGE_LOOP('',(#338));
#1265=EDGE_LOOP('',(#339));
#1266=EDGE_LOOP('',(#340));
#1267=EDGE_LOOP('',(#341,#342,#343));
#1268=EDGE_LOOP('',(#344,#345,#346,#347,#348));
#1269=EDGE_LOOP('',(#349,#350,#351,#352,#353,#354,#355,#356,#357,#358,#359,
#360,#361,#362,#363,#364,#365,#366,#367,#368,#369,#370,#371,#372,#373));
#1270=EDGE_LOOP('',(#374,#375,#376,#377,#378,#379,#380,#381,#382,#383,#384));
#1271=EDGE_LOOP('',(#385));
#1272=EDGE_LOOP('',(#386));
#1273=EDGE_LOOP('',(#387));
#1274=EDGE_LOOP('',(#388));
#1275=EDGE_LOOP('',(#389,#390,#391));
#1276=EDGE_LOOP('',(#392,#393,#394,#395,#396,#397,#398,#399,#400,#401));
#1277=EDGE_LOOP('',(#402));
#1278=EDGE_LOOP('',(#403));
#1279=EDGE_LOOP('',(#404));
#1280=EDGE_LOOP('',(#405,#406,#407,#408,#409,#410,#411,#412,#413,#414,#415));
#1281=EDGE_LOOP('',(#416,#417,#418,#419));
#1282=EDGE_LOOP('',(#420,#421,#422,#423));
#1283=EDGE_LOOP('',(#424,#425,#426,#427,#428,#429,#430,#431,#432,#433,#434,
#435,#436,#437));
#1284=EDGE_LOOP('',(#438,#439,#440,#441));
#1285=EDGE_LOOP('',(#442,#443,#444));
#1286=EDGE_LOOP('',(#445,#446,#447));
#1287=EDGE_LOOP('',(#448,#449,#450));
#1288=EDGE_LOOP('',(#451,#452,#453));
#1289=EDGE_LOOP('',(#454,#455,#456,#457,#458,#459,#460,#461,#462,#463,#464,
#465,#466,#467,#468));
#1290=EDGE_LOOP('',(#469));
#1291=EDGE_LOOP('',(#470));
#1292=EDGE_LOOP('',(#471));
#1293=EDGE_LOOP('',(#472));
#1294=EDGE_LOOP('',(#473,#474,#475,#476));
#1295=EDGE_LOOP('',(#477,#478,#479,#480));
#1296=EDGE_LOOP('',(#481,#482,#483,#484));
#1297=EDGE_LOOP('',(#485,#486,#487,#488));
#1298=EDGE_LOOP('',(#489,#490,#491,#492));
#1299=EDGE_LOOP('',(#493,#494,#495));
#1300=EDGE_LOOP('',(#496));
#1301=EDGE_LOOP('',(#497));
#1302=EDGE_LOOP('',(#498));
#1303=EDGE_LOOP('',(#499));
#1304=EDGE_LOOP('',(#500));
#1305=EDGE_LOOP('',(#501));
#1306=EDGE_LOOP('',(#502));
#1307=EDGE_LOOP('',(#503,#504,#505));
#1308=EDGE_LOOP('',(#506,#507,#508,#509));
#1309=EDGE_LOOP('',(#510,#511,#512,#513));
#1310=EDGE_LOOP('',(#514,#515,#516,#517));
#1311=EDGE_LOOP('',(#518,#519,#520,#521,#522,#523));
#1312=EDGE_LOOP('',(#524));
#1313=EDGE_LOOP('',(#525));
#1314=EDGE_LOOP('',(#526));
#1315=EDGE_LOOP('',(#527));
#1316=EDGE_LOOP('',(#528,#529,#530,#531,#532,#533,#534,#535,#536,#537));
#1317=EDGE_LOOP('',(#538,#539,#540,#541));
#1318=EDGE_LOOP('',(#542,#543,#544,#545,#546));
#1319=EDGE_LOOP('',(#547,#548,#549));
#1320=EDGE_LOOP('',(#550,#551,#552,#553));
#1321=EDGE_LOOP('',(#554,#555,#556,#557));
#1322=EDGE_LOOP('',(#558,#559,#560));
#1323=EDGE_LOOP('',(#561,#562,#563,#564));
#1324=EDGE_LOOP('',(#565,#566,#567,#568));
#1325=EDGE_LOOP('',(#569,#570,#571,#572));
#1326=EDGE_LOOP('',(#573,#574,#575,#576));
#1327=EDGE_LOOP('',(#577,#578,#579,#580));
#1328=EDGE_LOOP('',(#581,#582,#583,#584));
#1329=EDGE_LOOP('',(#585,#586,#587,#588));
#1330=EDGE_LOOP('',(#589,#590,#591,#592));
#1331=EDGE_LOOP('',(#593,#594,#595,#596,#597));
#1332=EDGE_LOOP('',(#598));
#1333=EDGE_LOOP('',(#599));
#1334=EDGE_LOOP('',(#600));
#1335=EDGE_LOOP('',(#601));
#1336=EDGE_LOOP('',(#602));
#1337=EDGE_LOOP('',(#603));
#1338=EDGE_LOOP('',(#604));
#1339=EDGE_LOOP('',(#605));
#1340=EDGE_LOOP('',(#606));
#1341=EDGE_LOOP('',(#607));
#1342=EDGE_LOOP('',(#608));
#1343=EDGE_LOOP('',(#609));
#1344=EDGE_LOOP('',(#610));
#1345=EDGE_LOOP('',(#611));
#1346=EDGE_LOOP('',(#612));
#1347=EDGE_LOOP('',(#613));
#1348=EDGE_LOOP('',(#614));
#1349=EDGE_LOOP('',(#615));
#1350=EDGE_LOOP('',(#616));
#1351=EDGE_LOOP('',(#617));
#1352=EDGE_LOOP('',(#618));
#1353=EDGE_LOOP('',(#619));
#1354=EDGE_LOOP('',(#620));
#1355=EDGE_LOOP('',(#621));
#1356=EDGE_LOOP('',(#622));
#1357=EDGE_LOOP('',(#623));
#1358=EDGE_LOOP('',(#624));
#1359=EDGE_LOOP('',(#625));
#1360=EDGE_LOOP('',(#626,#627,#628,#629));
#1361=EDGE_LOOP('',(#630,#631,#632,#633,#634,#635,#636,#637));
#1362=EDGE_LOOP('',(#638,#639,#640,#641,#642,#643));
#1363=EDGE_LOOP('',(#644,#645,#646,#647,#648,#649));
#1364=EDGE_LOOP('',(#650,#651,#652,#653));
#1365=EDGE_LOOP('',(#654,#655,#656,#657));
#1366=EDGE_LOOP('',(#658,#659,#660,#661));
#1367=EDGE_LOOP('',(#662,#663,#664,#665));
#1368=EDGE_LOOP('',(#666,#667,#668,#669));
#1369=EDGE_LOOP('',(#670,#671,#672,#673));
#1370=EDGE_LOOP('',(#674,#675,#676,#677));
#1371=EDGE_LOOP('',(#678,#679,#680,#681));
#1372=EDGE_LOOP('',(#682,#683,#684,#685));
#1373=EDGE_LOOP('',(#686,#687,#688,#689));
#1374=EDGE_LOOP('',(#690,#691,#692,#693));
#1375=EDGE_LOOP('',(#694,#695,#696,#697));
#1376=EDGE_LOOP('',(#698,#699,#700,#701));
#1377=EDGE_LOOP('',(#702,#703,#704,#705));
#1378=EDGE_LOOP('',(#706,#707,#708,#709));
#1379=EDGE_LOOP('',(#710,#711,#712,#713));
#1380=EDGE_LOOP('',(#714,#715,#716,#717));
#1381=EDGE_LOOP('',(#718,#719,#720,#721));
#1382=EDGE_LOOP('',(#722,#723,#724,#725));
#1383=EDGE_LOOP('',(#726,#727,#728,#729));
#1384=EDGE_LOOP('',(#730,#731));
#1385=EDGE_LOOP('',(#732));
#1386=EDGE_LOOP('',(#733));
#1387=EDGE_LOOP('',(#734));
#1388=EDGE_LOOP('',(#735));
#1389=EDGE_LOOP('',(#736));
#1390=EDGE_LOOP('',(#737));
#1391=EDGE_LOOP('',(#738));
#1392=EDGE_LOOP('',(#739,#740));
#1393=EDGE_LOOP('',(#741));
#1394=EDGE_LOOP('',(#742,#743));
#1395=EDGE_LOOP('',(#744));
#1396=EDGE_LOOP('',(#745));
#1397=EDGE_LOOP('',(#746));
#1398=EDGE_LOOP('',(#747));
#1399=EDGE_LOOP('',(#748));
#1400=EDGE_LOOP('',(#749));
#1401=EDGE_LOOP('',(#750));
#1402=EDGE_LOOP('',(#751));
#1403=EDGE_LOOP('',(#752));
#1404=EDGE_LOOP('',(#753));
#1405=EDGE_LOOP('',(#754));
#1406=EDGE_LOOP('',(#755));
#1407=EDGE_LOOP('',(#756,#757,#758,#759));
#1408=EDGE_LOOP('',(#760,#761,#762,#763,#764));
#1409=EDGE_LOOP('',(#765));
#1410=EDGE_LOOP('',(#766));
#1411=EDGE_LOOP('',(#767));
#1412=EDGE_LOOP('',(#768,#769));
#1413=FACE_BOUND('',#1260,.T.);
#1414=FACE_BOUND('',#1261,.T.);
#1415=FACE_BOUND('',#1262,.T.);
#1416=FACE_BOUND('',#1263,.T.);
#1417=FACE_BOUND('',#1264,.T.);
#1418=FACE_BOUND('',#1265,.T.);
#1419=FACE_BOUND('',#1266,.T.);
#1420=FACE_BOUND('',#1267,.T.);
#1421=FACE_BOUND('',#1268,.T.);
#1422=FACE_BOUND('',#1269,.T.);
#1423=FACE_BOUND('',#1270,.T.);
#1424=FACE_BOUND('',#1271,.T.);
#1425=FACE_BOUND('',#1272,.T.);
#1426=FACE_BOUND('',#1273,.T.);
#1427=FACE_BOUND('',#1274,.T.);
#1428=FACE_BOUND('',#1275,.T.);
#1429=FACE_BOUND('',#1276,.T.);
#1430=FACE_BOUND('',#1277,.T.);
#1431=FACE_BOUND('',#1278,.T.);
#1432=FACE_BOUND('',#1279,.T.);
#1433=FACE_BOUND('',#1280,.T.);
#1434=FACE_BOUND('',#1281,.T.);
#1435=FACE_BOUND('',#1282,.T.);
#1436=FACE_BOUND('',#1283,.T.);
#1437=FACE_BOUND('',#1284,.T.);
#1438=FACE_BOUND('',#1285,.T.);
#1439=FACE_BOUND('',#1286,.T.);
#1440=FACE_BOUND('',#1287,.T.);
#1441=FACE_BOUND('',#1288,.T.);
#1442=FACE_BOUND('',#1289,.T.);
#1443=FACE_BOUND('',#1290,.T.);
#1444=FACE_BOUND('',#1291,.T.);
#1445=FACE_BOUND('',#1292,.T.);
#1446=FACE_BOUND('',#1293,.T.);
#1447=FACE_BOUND('',#1294,.T.);
#1448=FACE_BOUND('',#1295,.T.);
#1449=FACE_BOUND('',#1296,.T.);
#1450=FACE_BOUND('',#1297,.T.);
#1451=FACE_BOUND('',#1298,.T.);
#1452=FACE_BOUND('',#1299,.T.);
#1453=FACE_BOUND('',#1300,.T.);
#1454=FACE_BOUND('',#1301,.T.);
#1455=FACE_BOUND('',#1302,.T.);
#1456=FACE_BOUND('',#1303,.T.);
#1457=FACE_BOUND('',#1304,.T.);
#1458=FACE_BOUND('',#1305,.T.);
#1459=FACE_BOUND('',#1306,.T.);
#1460=FACE_BOUND('',#1307,.T.);
#1461=FACE_BOUND('',#1308,.T.);
#1462=FACE_BOUND('',#1309,.T.);
#1463=FACE_BOUND('',#1310,.T.);
#1464=FACE_BOUND('',#1311,.T.);
#1465=FACE_BOUND('',#1312,.T.);
#1466=FACE_BOUND('',#1313,.T.);
#1467=FACE_BOUND('',#1314,.T.);
#1468=FACE_BOUND('',#1315,.T.);
#1469=FACE_BOUND('',#1316,.T.);
#1470=FACE_BOUND('',#1317,.T.);
#1471=FACE_BOUND('',#1318,.T.);
#1472=FACE_BOUND('',#1319,.T.);
#1473=FACE_BOUND('',#1320,.T.);
#1474=FACE_BOUND('',#1321,.T.);
#1475=FACE_BOUND('',#1322,.T.);
#1476=FACE_BOUND('',#1323,.T.);
#1477=FACE_BOUND('',#1324,.T.);
#1478=FACE_BOUND('',#1325,.T.);
#1479=FACE_BOUND('',#1326,.T.);
#1480=FACE_BOUND('',#1327,.T.);
#1481=FACE_BOUND('',#1328,.T.);
#1482=FACE_BOUND('',#1329,.T.);
#1483=FACE_BOUND('',#1330,.T.);
#1484=FACE_BOUND('',#1331,.T.);
#1485=FACE_BOUND('',#1332,.T.);
#1486=FACE_BOUND('',#1333,.T.);
#1487=FACE_BOUND('',#1334,.T.);
#1488=FACE_BOUND('',#1335,.T.);
#1489=FACE_BOUND('',#1336,.T.);
#1490=FACE_BOUND('',#1337,.T.);
#1491=FACE_BOUND('',#1338,.T.);
#1492=FACE_BOUND('',#1339,.T.);
#1493=FACE_BOUND('',#1340,.T.);
#1494=FACE_BOUND('',#1341,.T.);
#1495=FACE_BOUND('',#1342,.T.);
#1496=FACE_BOUND('',#1343,.T.);
#1497=FACE_BOUND('',#1344,.T.);
#1498=FACE_BOUND('',#1345,.T.);
#1499=FACE_BOUND('',#1346,.T.);
#1500=FACE_BOUND('',#1347,.T.);
#1501=FACE_BOUND('',#12,.T.);
#1502=FACE_BOUND('',#1348,.T.);
#1503=FACE_BOUND('',#1349,.T.);
#1504=FACE_BOUND('',#1350,.T.);
#1505=FACE_BOUND('',#13,.T.);
#1506=FACE_BOUND('',#1351,.T.);
#1507=FACE_BOUND('',#1352,.T.);
#1508=FACE_BOUND('',#1353,.T.);
#1509=FACE_BOUND('',#14,.T.);
#1510=FACE_BOUND('',#1354,.T.);
#1511=FACE_BOUND('',#1355,.T.);
#1512=FACE_BOUND('',#1356,.T.);
#1513=FACE_BOUND('',#15,.T.);
#1514=FACE_BOUND('',#1357,.T.);
#1515=FACE_BOUND('',#1358,.T.);
#1516=FACE_BOUND('',#1359,.T.);
#1517=FACE_BOUND('',#1360,.T.);
#1518=FACE_BOUND('',#1361,.T.);
#1519=FACE_BOUND('',#1362,.T.);
#1520=FACE_BOUND('',#1363,.T.);
#1521=FACE_BOUND('',#1364,.T.);
#1522=FACE_BOUND('',#1365,.T.);
#1523=FACE_BOUND('',#1366,.T.);
#1524=FACE_BOUND('',#1367,.T.);
#1525=FACE_BOUND('',#1368,.T.);
#1526=FACE_BOUND('',#1369,.T.);
#1527=FACE_BOUND('',#1370,.T.);
#1528=FACE_BOUND('',#1371,.T.);
#1529=FACE_BOUND('',#1372,.T.);
#1530=FACE_BOUND('',#1373,.T.);
#1531=FACE_BOUND('',#1374,.T.);
#1532=FACE_BOUND('',#1375,.T.);
#1533=FACE_BOUND('',#1376,.T.);
#1534=FACE_BOUND('',#1377,.T.);
#1535=FACE_BOUND('',#1378,.T.);
#1536=FACE_BOUND('',#1379,.T.);
#1537=FACE_BOUND('',#1380,.T.);
#1538=FACE_BOUND('',#1381,.T.);
#1539=FACE_BOUND('',#1382,.T.);
#1540=FACE_BOUND('',#1383,.T.);
#1541=FACE_BOUND('',#1384,.T.);
#1542=FACE_BOUND('',#1385,.T.);
#1543=FACE_BOUND('',#1386,.T.);
#1544=FACE_BOUND('',#1387,.T.);
#1545=FACE_BOUND('',#1388,.T.);
#1546=FACE_BOUND('',#1389,.T.);
#1547=FACE_BOUND('',#1390,.T.);
#1548=FACE_BOUND('',#1391,.T.);
#1549=FACE_BOUND('',#1392,.T.);
#1550=FACE_BOUND('',#1393,.T.);
#1551=FACE_BOUND('',#1394,.T.);
#1552=FACE_BOUND('',#1395,.T.);
#1553=FACE_BOUND('',#1396,.T.);
#1554=FACE_BOUND('',#1397,.T.);
#1555=FACE_BOUND('',#1398,.T.);
#1556=FACE_BOUND('',#1399,.T.);
#1557=FACE_BOUND('',#1400,.T.);
#1558=FACE_BOUND('',#1401,.T.);
#1559=FACE_BOUND('',#1402,.T.);
#1560=FACE_BOUND('',#1403,.T.);
#1561=FACE_BOUND('',#1404,.T.);
#1562=FACE_BOUND('',#1405,.T.);
#1563=FACE_BOUND('',#1406,.T.);
#1564=FACE_BOUND('',#1407,.T.);
#1565=FACE_BOUND('',#1408,.T.);
#1566=FACE_BOUND('',#1409,.T.);
#1567=FACE_BOUND('',#1410,.T.);
#1568=FACE_BOUND('',#1411,.T.);
#1569=FACE_BOUND('',#1412,.T.);
#1570=B_SPLINE_SURFACE_WITH_KNOTS('',3,3,((#2239,#2240,#2241,#2242,#2243,
#2244,#2245,#2246,#2247,#2248),(#2249,#2250,#2251,#2252,#2253,#2254,#2255,
#2256,#2257,#2258),(#2259,#2260,#2261,#2262,#2263,#2264,#2265,#2266,#2267,
#2268),(#2269,#2270,#2271,#2272,#2273,#2274,#2275,#2276,#2277,#2278)),
 .UNSPECIFIED.,.F.,.F.,.F.,(4,4),(4,1,1,1,1,1,1,4),(0.0946389829166892,
0.103569405745153),(0.369962810948875,0.686860245842396,0.818900843714697,
0.911329262225307,0.957543471480612,0.980650576108265,0.992204128422091,
1.00375768073592),.UNSPECIFIED.);
#1571=B_SPLINE_SURFACE_WITH_KNOTS('',3,3,((#2435,#2436,#2437,#2438,#2439,
#2440,#2441,#2442,#2443,#2444),(#2445,#2446,#2447,#2448,#2449,#2450,#2451,
#2452,#2453,#2454),(#2455,#2456,#2457,#2458,#2459,#2460,#2461,#2462,#2463,
#2464),(#2465,#2466,#2467,#2468,#2469,#2470,#2471,#2472,#2473,#2474),(#2475,
#2476,#2477,#2478,#2479,#2480,#2481,#2482,#2483,#2484),(#2485,#2486,#2487,
#2488,#2489,#2490,#2491,#2492,#2493,#2494),(#2495,#2496,#2497,#2498,#2499,
#2500,#2501,#2502,#2503,#2504),(#2505,#2506,#2507,#2508,#2509,#2510,#2511,
#2512,#2513,#2514),(#2515,#2516,#2517,#2518,#2519,#2520,#2521,#2522,#2523,
#2524),(#2525,#2526,#2527,#2528,#2529,#2530,#2531,#2532,#2533,#2534),(#2535,
#2536,#2537,#2538,#2539,#2540,#2541,#2542,#2543,#2544)),.UNSPECIFIED.,.F.,
 .F.,.F.,(4,1,1,1,1,1,1,1,4),(4,1,1,1,1,1,1,4),(0.117781589967324,0.120409938042544,
0.121724112080154,0.1234763441303,0.125666634192984,0.128294982268204,0.130923330343424,
0.133551678418643,0.138808374569083),(-0.0037619026393643,0.00779172633219041,
0.0193453553037451,0.0424526132468545,0.0886671291330734,0.181096160905511,
0.313137634866136,0.630037172371637),.UNSPECIFIED.);
#1572=B_SPLINE_SURFACE_WITH_KNOTS('',3,3,((#3639,#3640,#3641,#3642,#3643,
#3644,#3645,#3646,#3647,#3648),(#3649,#3650,#3651,#3652,#3653,#3654,#3655,
#3656,#3657,#3658),(#3659,#3660,#3661,#3662,#3663,#3664,#3665,#3666,#3667,
#3668),(#3669,#3670,#3671,#3672,#3673,#3674,#3675,#3676,#3677,#3678),(#3679,
#3680,#3681,#3682,#3683,#3684,#3685,#3686,#3687,#3688),(#3689,#3690,#3691,
#3692,#3693,#3694,#3695,#3696,#3697,#3698),(#3699,#3700,#3701,#3702,#3703,
#3704,#3705,#3706,#3707,#3708),(#3709,#3710,#3711,#3712,#3713,#3714,#3715,
#3716,#3717,#3718),(#3719,#3720,#3721,#3722,#3723,#3724,#3725,#3726,#3727,
#3728),(#3729,#3730,#3731,#3732,#3733,#3734,#3735,#3736,#3737,#3738),(#3739,
#3740,#3741,#3742,#3743,#3744,#3745,#3746,#3747,#3748),(#3749,#3750,#3751,
#3752,#3753,#3754,#3755,#3756,#3757,#3758),(#3759,#3760,#3761,#3762,#3763,
#3764,#3765,#3766,#3767,#3768),(#3769,#3770,#3771,#3772,#3773,#3774,#3775,
#3776,#3777,#3778),(#3779,#3780,#3781,#3782,#3783,#3784,#3785,#3786,#3787,
#3788)),.UNSPECIFIED.,.F.,.F.,.F.,(4,1,1,1,1,1,1,1,1,1,1,1,4),(4,1,1,1,
1,1,1,4),(0.188086434446733,0.188873582082775,0.189435830394234,0.190110528367985,
0.191010125666319,0.192134622289236,0.193484018236737,0.194833414184238,
0.196632608780906,0.198881602026741,0.201580393921743,0.204279185816745,
0.209676769606749),(-0.00375895851270435,0.00779461698095414,0.0193481924746126,
0.0424553434619296,0.0886696454365635,0.181098249385831,0.3131391121705,
0.630037182853704),.UNSPECIFIED.);
#1573=B_SPLINE_SURFACE_WITH_KNOTS('',3,1,((#5538,#5539),(#5540,#5541),(#5542,
#5543),(#5544,#5545)),.SURF_OF_LINEAR_EXTRUSION.,.F.,.F.,.F.,(4,4),(2,2),
(1.57079632679481,1.70772305259525),(0.,1.),.PIECEWISE_BEZIER_KNOTS.);
#1574=B_SPLINE_SURFACE_WITH_KNOTS('',3,1,((#6905,#6906),(#6907,#6908),(#6909,
#6910),(#6911,#6912)),.SURF_OF_LINEAR_EXTRUSION.,.F.,.F.,.F.,(4,4),(2,2),
(1.57079633343508,1.98513963944614),(0.,1.),.PIECEWISE_BEZIER_KNOTS.);
#1575=B_SPLINE_SURFACE_WITH_KNOTS('',3,1,((#6944,#6945),(#6946,#6947),(#6948,
#6949),(#6950,#6951),(#6952,#6953),(#6954,#6955),(#6956,#6957)),
 .SURF_OF_LINEAR_EXTRUSION.,.F.,.F.,.F.,(4,1,1,1,4),(2,2),(-6.64011923765878E-9,
0.153406681832724,0.306813370305568,0.460220058778412,0.613626747251255),
(0.,1.),.UNSPECIFIED.);
#1576=B_SPLINE_SURFACE_WITH_KNOTS('',3,1,((#6967,#6968),(#6969,#6970),(#6971,
#6972),(#6973,#6974)),.SURF_OF_LINEAR_EXTRUSION.,.F.,.F.,.F.,(4,4),(2,2),
(0.00360107481129208,0.400786130406709),(0.,1.),
 .PIECEWISE_BEZIER_KNOTS.);
#1577=B_SPLINE_SURFACE_WITH_KNOTS('',3,3,((#7663,#7664,#7665,#7666,#7667,
#7668,#7669,#7670,#7671,#7672),(#7673,#7674,#7675,#7676,#7677,#7678,#7679,
#7680,#7681,#7682),(#7683,#7684,#7685,#7686,#7687,#7688,#7689,#7690,#7691,
#7692),(#7693,#7694,#7695,#7696,#7697,#7698,#7699,#7700,#7701,#7702),(#7703,
#7704,#7705,#7706,#7707,#7708,#7709,#7710,#7711,#7712),(#7713,#7714,#7715,
#7716,#7717,#7718,#7719,#7720,#7721,#7722),(#7723,#7724,#7725,#7726,#7727,
#7728,#7729,#7730,#7731,#7732),(#7733,#7734,#7735,#7736,#7737,#7738,#7739,
#7740,#7741,#7742),(#7743,#7744,#7745,#7746,#7747,#7748,#7749,#7750,#7751,
#7752),(#7753,#7754,#7755,#7756,#7757,#7758,#7759,#7760,#7761,#7762),(#7763,
#7764,#7765,#7766,#7767,#7768,#7769,#7770,#7771,#7772)),.UNSPECIFIED.,.F.,
 .F.,.F.,(4,1,1,1,1,1,1,1,4),(4,1,1,1,1,1,1,4),(0.0342180453947869,0.0483919334159717,
0.0554788774265641,0.0625658214371565,0.0696527654477489,0.0755585521232426,
0.0802831814636375,0.0838266534689337,0.0909135974795261),(0.369953073309281,
0.686855831927797,0.818898648018845,0.911328619282579,0.957543604914446,
0.980651097730379,0.992204844138346,1.00375859054631),.UNSPECIFIED.);
#1578=B_SPLINE_SURFACE_WITH_KNOTS('',3,3,((#7783,#7784,#7785,#7786,#7787,
#7788,#7789,#7790,#7791,#7792),(#7793,#7794,#7795,#7796,#7797,#7798,#7799,
#7800,#7801,#7802),(#7803,#7804,#7805,#7806,#7807,#7808,#7809,#7810,#7811,
#7812),(#7813,#7814,#7815,#7816,#7817,#7818,#7819,#7820,#7821,#7822),(#7823,
#7824,#7825,#7826,#7827,#7828,#7829,#7830,#7831,#7832),(#7833,#7834,#7835,
#7836,#7837,#7838,#7839,#7840,#7841,#7842),(#7843,#7844,#7845,#7846,#7847,
#7848,#7849,#7850,#7851,#7852),(#7853,#7854,#7855,#7856,#7857,#7858,#7859,
#7860,#7861,#7862),(#7863,#7864,#7865,#7866,#7867,#7868,#7869,#7870,#7871,
#7872),(#7873,#7874,#7875,#7876,#7877,#7878,#7879,#7880,#7881,#7882),(#7883,
#7884,#7885,#7886,#7887,#7888,#7889,#7890,#7891,#7892),(#7893,#7894,#7895,
#7896,#7897,#7898,#7899,#7900,#7901,#7902)),.UNSPECIFIED.,.F.,.F.,.F.,(4,
1,1,1,1,1,1,1,1,4),(4,1,1,1,1,1,1,4),(0.143752459428503,0.153916271767173,
0.158998177936508,0.164080084105843,0.169161990275178,0.173396912082957,
0.17678484952918,0.179325802613848,0.181443263517737,0.184407708783183),
(-0.00377340230570606,0.00778042323223199,0.0193342487701701,0.0424418998460462,
0.0886572019977984,0.181087806301303,0.313131526734881,0.630036455775467),
 .UNSPECIFIED.);
#1579=B_SPLINE_SURFACE_WITH_KNOTS('',3,1,((#7916,#7917),(#7918,#7919),(#7920,
#7921),(#7922,#7923)),.SURF_OF_LINEAR_EXTRUSION.,.F.,.F.,.F.,(4,4),(2,2),
(1.96883616495019,1.9851396394464),(0.,1.),.PIECEWISE_BEZIER_KNOTS.);
#1580=B_SPLINE_SURFACE_WITH_KNOTS('',3,1,((#7931,#7932),(#7933,#7934),(#7935,
#7936),(#7937,#7938),(#7939,#7940)),.SURF_OF_LINEAR_EXTRUSION.,.F.,.F.,
 .F.,(4,1,4),(2,2),(-3.51320720267214E-9,0.196343114421392,0.392686232355992),
(0.,1.),.UNSPECIFIED.);
#1581=ADVANCED_FACE('',(#1413),#1570,.T.);
#1582=ADVANCED_FACE('',(#1414),#1571,.T.);
#1583=ADVANCED_FACE('',(#1415),#1572,.T.);
#1584=ADVANCED_FACE('',(#1416,#1417,#1418,#1419),#279,.F.);
#1585=ADVANCED_FACE('',(#1420),#280,.T.);
#1586=ADVANCED_FACE('',(#1421),#1573,.T.);
#1587=ADVANCED_FACE('',(#1422,#1423,#1424,#1425,#1426,#1427),#281,.T.);
#1588=ADVANCED_FACE('',(#1428),#282,.F.);
#1589=ADVANCED_FACE('',(#1429,#1430),#66,.F.);
#1590=ADVANCED_FACE('',(#1431,#1432,#1433),#67,.F.);
#1591=ADVANCED_FACE('',(#1434),#283,.T.);
#1592=ADVANCED_FACE('',(#1435),#1574,.F.);
#1593=ADVANCED_FACE('',(#1436),#28,.T.);
#1594=ADVANCED_FACE('',(#1437),#1575,.F.);
#1595=ADVANCED_FACE('',(#1438),#284,.T.);
#1596=ADVANCED_FACE('',(#1439),#1576,.T.);
#1597=ADVANCED_FACE('',(#1440),#29,.T.);
#1598=ADVANCED_FACE('',(#1441),#22,.T.);
#1599=ADVANCED_FACE('',(#1442,#1443,#1444,#1445,#1446),#285,.T.);
#1600=ADVANCED_FACE('',(#1447),#1577,.T.);
#1601=ADVANCED_FACE('',(#1448),#1578,.T.);
#1602=ADVANCED_FACE('',(#1449),#286,.F.);
#1603=ADVANCED_FACE('',(#1450),#1579,.T.);
#1604=ADVANCED_FACE('',(#1451),#30,.F.);
#1605=ADVANCED_FACE('',(#1452),#1580,.T.);
#1606=ADVANCED_FACE('',(#1453,#1454),#31,.F.);
#1607=ADVANCED_FACE('',(#1455,#1456),#32,.F.);
#1608=ADVANCED_FACE('',(#1457,#1458),#33,.F.);
#1609=ADVANCED_FACE('',(#1459,#1460),#34,.F.);
#1610=ADVANCED_FACE('',(#1461),#287,.T.);
#1611=ADVANCED_FACE('',(#1462),#288,.F.);
#1612=ADVANCED_FACE('',(#1463),#289,.T.);
#1613=ADVANCED_FACE('',(#1464),#290,.T.);
#1614=ADVANCED_FACE('',(#1465,#1466,#1467,#1468,#1469),#291,.F.);
#1615=ADVANCED_FACE('',(#1470),#35,.T.);
#1616=ADVANCED_FACE('',(#1471),#36,.T.);
#1617=ADVANCED_FACE('',(#1472),#20,.T.);
#1618=ADVANCED_FACE('',(#1473),#37,.T.);
#1619=ADVANCED_FACE('',(#1474),#38,.T.);
#1620=ADVANCED_FACE('',(#1475),#21,.T.);
#1621=ADVANCED_FACE('',(#1476),#39,.T.);
#1622=ADVANCED_FACE('',(#1477),#68,.F.);
#1623=ADVANCED_FACE('',(#1478),#69,.F.);
#1624=ADVANCED_FACE('',(#1479),#70,.F.);
#1625=ADVANCED_FACE('',(#1480),#40,.F.);
#1626=ADVANCED_FACE('',(#1481),#71,.F.);
#1627=ADVANCED_FACE('',(#1482),#72,.F.);
#1628=ADVANCED_FACE('',(#1483),#23,.F.);
#1629=ADVANCED_FACE('',(#1484),#41,.F.);
#1630=ADVANCED_FACE('',(#1485,#1486),#42,.T.);
#1631=ADVANCED_FACE('',(#1487,#1488),#292,.T.);
#1632=ADVANCED_FACE('',(#1489,#1490),#43,.T.);
#1633=ADVANCED_FACE('',(#1491,#1492),#293,.T.);
#1634=ADVANCED_FACE('',(#1493,#1494),#44,.T.);
#1635=ADVANCED_FACE('',(#1495,#1496),#294,.T.);
#1636=ADVANCED_FACE('',(#1497,#1498),#45,.T.);
#1637=ADVANCED_FACE('',(#1499,#1500),#295,.T.);
#1638=ADVANCED_FACE('',(#1501,#1502),#16,.F.);
#1639=ADVANCED_FACE('',(#1503,#1504),#46,.F.);
#1640=ADVANCED_FACE('',(#1505,#1506),#17,.F.);
#1641=ADVANCED_FACE('',(#1507,#1508),#47,.F.);
#1642=ADVANCED_FACE('',(#1509,#1510),#18,.F.);
#1643=ADVANCED_FACE('',(#1511,#1512),#48,.F.);
#1644=ADVANCED_FACE('',(#1513,#1514),#19,.F.);
#1645=ADVANCED_FACE('',(#1515,#1516),#49,.F.);
#1646=ADVANCED_FACE('',(#1517),#296,.T.);
#1647=ADVANCED_FACE('',(#1518),#297,.T.);
#1648=ADVANCED_FACE('',(#1519),#298,.F.);
#1649=ADVANCED_FACE('',(#1520),#299,.F.);
#1650=ADVANCED_FACE('',(#1521),#50,.F.);
#1651=ADVANCED_FACE('',(#1522),#51,.F.);
#1652=ADVANCED_FACE('',(#1523),#52,.F.);
#1653=ADVANCED_FACE('',(#1524),#53,.F.);
#1654=ADVANCED_FACE('',(#1525),#54,.T.);
#1655=ADVANCED_FACE('',(#1526),#55,.T.);
#1656=ADVANCED_FACE('',(#1527),#56,.T.);
#1657=ADVANCED_FACE('',(#1528),#57,.T.);
#1658=ADVANCED_FACE('',(#1529),#73,.F.);
#1659=ADVANCED_FACE('',(#1530),#24,.F.);
#1660=ADVANCED_FACE('',(#1531),#74,.F.);
#1661=ADVANCED_FACE('',(#1532),#75,.F.);
#1662=ADVANCED_FACE('',(#1533),#25,.F.);
#1663=ADVANCED_FACE('',(#1534),#76,.F.);
#1664=ADVANCED_FACE('',(#1535),#77,.F.);
#1665=ADVANCED_FACE('',(#1536),#26,.F.);
#1666=ADVANCED_FACE('',(#1537),#78,.F.);
#1667=ADVANCED_FACE('',(#1538),#79,.F.);
#1668=ADVANCED_FACE('',(#1539),#27,.F.);
#1669=ADVANCED_FACE('',(#1540),#80,.F.);
#1670=ADVANCED_FACE('',(#1541,#1542),#58,.F.);
#1671=ADVANCED_FACE('',(#1543,#1544),#300,.F.);
#1672=ADVANCED_FACE('',(#1545,#1546),#59,.F.);
#1673=ADVANCED_FACE('',(#1547,#1548),#301,.F.);
#1674=ADVANCED_FACE('',(#1549),#60,.F.);
#1675=ADVANCED_FACE('',(#1550,#1551),#302,.F.);
#1676=ADVANCED_FACE('',(#1552,#1553),#61,.F.);
#1677=ADVANCED_FACE('',(#1554,#1555),#303,.F.);
#1678=ADVANCED_FACE('',(#1556,#1557),#62,.F.);
#1679=ADVANCED_FACE('',(#1558,#1559),#63,.F.);
#1680=ADVANCED_FACE('',(#1560,#1561),#64,.F.);
#1681=ADVANCED_FACE('',(#1562,#1563),#65,.F.);
#1682=ADVANCED_FACE('',(#1564),#81,.T.);
#1683=ADVANCED_FACE('',(#1565),#82,.T.);
#1684=ADVANCED_FACE('',(#1566,#1567),#83,.T.);
#1685=ADVANCED_FACE('',(#1568,#1569),#84,.T.);
#1686=CLOSED_SHELL('',(#1581,#1582,#1583,#1584,#1585,#1586,#1587,#1588,
#1589,#1590,#1591,#1592,#1593,#1594,#1595,#1596,#1597,#1598,#1599,#1600,
#1601,#1602,#1603,#1604,#1605,#1606,#1607,#1608,#1609,#1610,#1611,#1612,
#1613,#1614,#1615,#1616,#1617,#1618,#1619,#1620,#1621,#1622,#1623,#1624,
#1625,#1626,#1627,#1628,#1629,#1630,#1631,#1632,#1633,#1634,#1635,#1636,
#1637,#1638,#1639,#1640,#1641,#1642,#1643,#1644,#1645,#1646,#1647,#1648,
#1649,#1650,#1651,#1652,#1653,#1654,#1655,#1656,#1657,#1658,#1659,#1660,
#1661,#1662,#1663,#1664,#1665,#1666,#1667,#1668,#1669,#1670,#1671,#1672,
#1673,#1674,#1675,#1676,#1677,#1678,#1679,#1680,#1681,#1682,#1683,#1684,
#1685));
#1687=STYLED_ITEM('',(#1688),#1695);
#1688=PRESENTATION_STYLE_ASSIGNMENT((#1689));
#1689=SURFACE_STYLE_USAGE(.BOTH.,#1690);
#1690=SURFACE_SIDE_STYLE('',(#1691));
#1691=SURFACE_STYLE_FILL_AREA(#1692);
#1692=FILL_AREA_STYLE('',(#1693));
#1693=FILL_AREA_STYLE_COLOUR('',#1694);
#1694=COLOUR_RGB('',0.627450980392157,0.627450980392157,0.627450980392157);
#1695=MANIFOLD_SOLID_BREP('Wrist_Roll_05m_Leader_02ba v1',#1686);
#1696=SHAPE_DEFINITION_REPRESENTATION(#8728,#1697);
#1697=SHAPE_REPRESENTATION('Wrist_Roll_05m_Leader_02ba v1',(#1698),#8723);
#1698=AXIS2_PLACEMENT_3D('',#2238,#1860,#1861);
#1699=AXIS2_PLACEMENT_3D('',#4324,#1862,#1863);
#1700=AXIS2_PLACEMENT_3D('',#4978,#1864,#1865);
#1701=AXIS2_PLACEMENT_3D('',#4982,#1867,#1868);
#1702=AXIS2_PLACEMENT_3D('',#5518,#1873,#1874);
#1703=AXIS2_PLACEMENT_3D('',#5522,#1876,#1877);
#1704=AXIS2_PLACEMENT_3D('',#5525,#1879,#1880);
#1705=AXIS2_PLACEMENT_3D('',#5527,#1881,#1882);
#1706=AXIS2_PLACEMENT_3D('',#5529,#1883,#1884);
#1707=AXIS2_PLACEMENT_3D('',#5531,#1885,#1886);
#1708=AXIS2_PLACEMENT_3D('',#5554,#1890,#1891);
#1709=AXIS2_PLACEMENT_3D('',#5567,#1895,#1896);
#1710=AXIS2_PLACEMENT_3D('',#5581,#1898,#1899);
#1711=AXIS2_PLACEMENT_3D('',#5605,#1900,#1901);
#1712=AXIS2_PLACEMENT_3D('',#5620,#1902,#1903);
#1713=AXIS2_PLACEMENT_3D('',#5644,#1904,#1905);
#1714=AXIS2_PLACEMENT_3D('',#5729,#1910,#1911);
#1715=AXIS2_PLACEMENT_3D('',#5737,#1913,#1914);
#1716=AXIS2_PLACEMENT_3D('',#5739,#1915,#1916);
#1717=AXIS2_PLACEMENT_3D('',#5741,#1917,#1918);
#1718=AXIS2_PLACEMENT_3D('',#5743,#1919,#1920);
#1719=AXIS2_PLACEMENT_3D('',#5745,#1921,#1922);
#1720=AXIS2_PLACEMENT_3D('',#6902,#1925,#1926);
#1721=AXIS2_PLACEMENT_3D('',#6904,#1928,#1929);
#1722=AXIS2_PLACEMENT_3D('',#6914,#1931,#1932);
#1723=AXIS2_PLACEMENT_3D('',#6915,#1933,#1934);
#1724=AXIS2_PLACEMENT_3D('',#6921,#1935,#1936);
#1725=AXIS2_PLACEMENT_3D('',#6923,#1937,#1938);
#1726=AXIS2_PLACEMENT_3D('',#6933,#1939,#1940);
#1727=AXIS2_PLACEMENT_3D('',#6959,#1942,#1943);
#1728=AXIS2_PLACEMENT_3D('',#6975,#1944,#1945);
#1729=AXIS2_PLACEMENT_3D('',#6980,#1946,#1947);
#1730=AXIS2_PLACEMENT_3D('',#6981,#1948,#1949);
#1731=AXIS2_PLACEMENT_3D('',#6984,#1951,#1952);
#1732=AXIS2_PLACEMENT_3D('',#6997,#1956,#1957);
#1733=AXIS2_PLACEMENT_3D('',#7130,#1958,#1959);
#1734=AXIS2_PLACEMENT_3D('',#7131,#1960,#1961);
#1735=AXIS2_PLACEMENT_3D('',#7654,#1962,#1963);
#1736=AXIS2_PLACEMENT_3D('',#7655,#1964,#1965);
#1737=AXIS2_PLACEMENT_3D('',#7657,#1966,#1967);
#1738=AXIS2_PLACEMENT_3D('',#7659,#1968,#1969);
#1739=AXIS2_PLACEMENT_3D('',#7661,#1970,#1971);
#1740=AXIS2_PLACEMENT_3D('',#7913,#1972,#1973);
#1741=AXIS2_PLACEMENT_3D('',#7915,#1975,#1976);
#1742=AXIS2_PLACEMENT_3D('',#7925,#1978,#1979);
#1743=AXIS2_PLACEMENT_3D('',#7941,#1980,#1981);
#1744=AXIS2_PLACEMENT_3D('',#7942,#1982,#1983);
#1745=AXIS2_PLACEMENT_3D('',#7943,#1984,#1985);
#1746=AXIS2_PLACEMENT_3D('',#7944,#1986,#1987);
#1747=AXIS2_PLACEMENT_3D('',#7952,#1989,#1990);
#1748=AXIS2_PLACEMENT_3D('',#7961,#1995,#1996);
#1749=AXIS2_PLACEMENT_3D('',#7969,#2000,#2001);
#1750=AXIS2_PLACEMENT_3D('',#7970,#2002,#2003);
#1751=AXIS2_PLACEMENT_3D('',#7979,#2008,#2009);
#1752=AXIS2_PLACEMENT_3D('',#7983,#2011,#2012);
#1753=AXIS2_PLACEMENT_3D('',#7995,#2016,#2017);
#1754=AXIS2_PLACEMENT_3D('',#7996,#2018,#2019);
#1755=AXIS2_PLACEMENT_3D('',#7998,#2020,#2021);
#1756=AXIS2_PLACEMENT_3D('',#8000,#2022,#2023);
#1757=AXIS2_PLACEMENT_3D('',#8002,#2024,#2025);
#1758=AXIS2_PLACEMENT_3D('',#8009,#2026,#2027);
#1759=AXIS2_PLACEMENT_3D('',#8010,#2028,#2029);
#1760=AXIS2_PLACEMENT_3D('',#8011,#2030,#2031);
#1761=AXIS2_PLACEMENT_3D('',#8012,#2032,#2033);
#1762=AXIS2_PLACEMENT_3D('',#8013,#2034,#2035);
#1763=AXIS2_PLACEMENT_3D('',#8014,#2036,#2037);
#1764=AXIS2_PLACEMENT_3D('',#8015,#2038,#2039);
#1765=AXIS2_PLACEMENT_3D('',#8016,#2040,#2041);
#1766=AXIS2_PLACEMENT_3D('',#8022,#2042,#2043);
#1767=AXIS2_PLACEMENT_3D('',#8023,#2044,#2045);
#1768=AXIS2_PLACEMENT_3D('',#8024,#2046,#2047);
#1769=AXIS2_PLACEMENT_3D('',#8025,#2048,#2049);
#1770=AXIS2_PLACEMENT_3D('',#8026,#2050,#2051);
#1771=AXIS2_PLACEMENT_3D('',#8027,#2052,#2053);
#1772=AXIS2_PLACEMENT_3D('',#8038,#2054,#2055);
#1773=AXIS2_PLACEMENT_3D('',#8039,#2056,#2057);
#1774=AXIS2_PLACEMENT_3D('',#8040,#2058,#2059);
#1775=AXIS2_PLACEMENT_3D('',#8053,#2060,#2061);
#1776=AXIS2_PLACEMENT_3D('',#8078,#2062,#2063);
#1777=AXIS2_PLACEMENT_3D('',#8091,#2064,#2065);
#1778=AXIS2_PLACEMENT_3D('',#8092,#2066,#2067);
#1779=AXIS2_PLACEMENT_3D('',#8125,#2068,#2069);
#1780=AXIS2_PLACEMENT_3D('',#8141,#2070,#2071);
#1781=AXIS2_PLACEMENT_3D('',#8142,#2072,#2073);
#1782=AXIS2_PLACEMENT_3D('',#8143,#2074,#2075);
#1783=AXIS2_PLACEMENT_3D('',#8144,#2076,#2077);
#1784=AXIS2_PLACEMENT_3D('',#8145,#2078,#2079);
#1785=AXIS2_PLACEMENT_3D('',#8146,#2080,#2081);
#1786=AXIS2_PLACEMENT_3D('',#8148,#2082,#2083);
#1787=AXIS2_PLACEMENT_3D('',#8149,#2084,#2085);
#1788=AXIS2_PLACEMENT_3D('',#8151,#2086,#2087);
#1789=AXIS2_PLACEMENT_3D('',#8152,#2088,#2089);
#1790=AXIS2_PLACEMENT_3D('',#8154,#2090,#2091);
#1791=AXIS2_PLACEMENT_3D('',#8155,#2092,#2093);
#1792=AXIS2_PLACEMENT_3D('',#8157,#2094,#2095);
#1793=AXIS2_PLACEMENT_3D('',#8158,#2096,#2097);
#1794=AXIS2_PLACEMENT_3D('',#8160,#2098,#2099);
#1795=AXIS2_PLACEMENT_3D('',#8161,#2100,#2101);
#1796=AXIS2_PLACEMENT_3D('',#8163,#2102,#2103);
#1797=AXIS2_PLACEMENT_3D('',#8164,#2104,#2105);
#1798=AXIS2_PLACEMENT_3D('',#8166,#2106,#2107);
#1799=AXIS2_PLACEMENT_3D('',#8167,#2108,#2109);
#1800=AXIS2_PLACEMENT_3D('',#8169,#2110,#2111);
#1801=AXIS2_PLACEMENT_3D('',#8171,#2112,#2113);
#1802=AXIS2_PLACEMENT_3D('',#8173,#2114,#2115);
#1803=AXIS2_PLACEMENT_3D('',#8174,#2116,#2117);
#1804=AXIS2_PLACEMENT_3D('',#8176,#2118,#2119);
#1805=AXIS2_PLACEMENT_3D('',#8178,#2120,#2121);
#1806=AXIS2_PLACEMENT_3D('',#8179,#2122,#2123);
#1807=AXIS2_PLACEMENT_3D('',#8181,#2124,#2125);
#1808=AXIS2_PLACEMENT_3D('',#8183,#2126,#2127);
#1809=AXIS2_PLACEMENT_3D('',#8184,#2128,#2129);
#1810=AXIS2_PLACEMENT_3D('',#8186,#2130,#2131);
#1811=AXIS2_PLACEMENT_3D('',#8188,#2132,#2133);
#1812=AXIS2_PLACEMENT_3D('',#8189,#2134,#2135);
#1813=AXIS2_PLACEMENT_3D('',#8192,#2138,#2139);
#1814=AXIS2_PLACEMENT_3D('',#8195,#2142,#2143);
#1815=AXIS2_PLACEMENT_3D('',#8198,#2146,#2147);
#1816=AXIS2_PLACEMENT_3D('',#8201,#2150,#2151);
#1817=AXIS2_PLACEMENT_3D('',#8202,#2152,#2153);
#1818=AXIS2_PLACEMENT_3D('',#8203,#2154,#2155);
#1819=AXIS2_PLACEMENT_3D('',#8204,#2156,#2157);
#1820=AXIS2_PLACEMENT_3D('',#8205,#2158,#2159);
#1821=AXIS2_PLACEMENT_3D('',#8212,#2160,#2161);
#1822=AXIS2_PLACEMENT_3D('',#8219,#2162,#2163);
#1823=AXIS2_PLACEMENT_3D('',#8226,#2164,#2165);
#1824=AXIS2_PLACEMENT_3D('',#8233,#2166,#2167);
#1825=AXIS2_PLACEMENT_3D('',#8234,#2168,#2169);
#1826=AXIS2_PLACEMENT_3D('',#8247,#2170,#2171);
#1827=AXIS2_PLACEMENT_3D('',#8255,#2172,#2173);
#1828=AXIS2_PLACEMENT_3D('',#8283,#2174,#2175);
#1829=AXIS2_PLACEMENT_3D('',#8284,#2176,#2177);
#1830=AXIS2_PLACEMENT_3D('',#8285,#2178,#2179);
#1831=AXIS2_PLACEMENT_3D('',#8325,#2180,#2181);
#1832=AXIS2_PLACEMENT_3D('',#8326,#2182,#2183);
#1833=AXIS2_PLACEMENT_3D('',#8327,#2184,#2185);
#1834=AXIS2_PLACEMENT_3D('',#8367,#2186,#2187);
#1835=AXIS2_PLACEMENT_3D('',#8368,#2188,#2189);
#1836=AXIS2_PLACEMENT_3D('',#8369,#2190,#2191);
#1837=AXIS2_PLACEMENT_3D('',#8409,#2192,#2193);
#1838=AXIS2_PLACEMENT_3D('',#8410,#2194,#2195);
#1839=AXIS2_PLACEMENT_3D('',#8411,#2196,#2197);
#1840=AXIS2_PLACEMENT_3D('',#8430,#2198,#2199);
#1841=AXIS2_PLACEMENT_3D('',#8455,#2200,#2201);
#1842=AXIS2_PLACEMENT_3D('',#8457,#2202,#2203);
#1843=AXIS2_PLACEMENT_3D('',#8458,#2204,#2205);
#1844=AXIS2_PLACEMENT_3D('',#8460,#2206,#2207);
#1845=AXIS2_PLACEMENT_3D('',#8479,#2208,#2209);
#1846=AXIS2_PLACEMENT_3D('',#8481,#2210,#2211);
#1847=AXIS2_PLACEMENT_3D('',#8482,#2212,#2213);
#1848=AXIS2_PLACEMENT_3D('',#8484,#2214,#2215);
#1849=AXIS2_PLACEMENT_3D('',#8485,#2216,#2217);
#1850=AXIS2_PLACEMENT_3D('',#8502,#2218,#2219);
#1851=AXIS2_PLACEMENT_3D('',#8503,#2220,#2221);
#1852=AXIS2_PLACEMENT_3D('',#8510,#2222,#2223);
#1853=AXIS2_PLACEMENT_3D('',#8511,#2224,#2225);
#1854=AXIS2_PLACEMENT_3D('',#8513,#2226,#2227);
#1855=AXIS2_PLACEMENT_3D('',#8514,#2228,#2229);
#1856=AXIS2_PLACEMENT_3D('',#8516,#2230,#2231);
#1857=AXIS2_PLACEMENT_3D('',#8517,#2232,#2233);
#1858=AXIS2_PLACEMENT_3D('',#8518,#2234,#2235);
#1859=AXIS2_PLACEMENT_3D('',#8519,#2236,#2237);
#1860=DIRECTION('',(0.,0.,1.));
#1861=DIRECTION('',(1.,0.,0.));
#1862=DIRECTION('',(0.,-1.,0.));
#1863=DIRECTION('',(0.,0.,1.));
#1864=DIRECTION('',(0.,1.,0.));
#1865=DIRECTION('',(0.,0.,1.));
#1866=DIRECTION('',(-0.64278760968654,0.,-0.766044443118978));
#1867=DIRECTION('',(0.,1.,0.));
#1868=DIRECTION('',(0.,0.,1.));
#1869=DIRECTION('',(-0.766044443118978,6.79815536723446E-33,0.64278760968654));
#1870=DIRECTION('',(0.,0.,-1.));
#1871=DIRECTION('',(-1.,0.,0.));
#1872=DIRECTION('',(0.766044443118978,0.,-0.64278760968654));
#1873=DIRECTION('',(0.,1.,0.));
#1874=DIRECTION('',(0.,0.,1.));
#1875=DIRECTION('',(-0.64278760968654,0.,-0.766044443118978));
#1876=DIRECTION('',(0.,1.,0.));
#1877=DIRECTION('',(0.,0.,1.));
#1878=DIRECTION('',(0.766044443118978,0.,-0.64278760968654));
#1879=DIRECTION('',(0.,1.,0.));
#1880=DIRECTION('',(0.,0.,1.));
#1881=DIRECTION('',(0.,1.,0.));
#1882=DIRECTION('',(0.,0.,1.));
#1883=DIRECTION('',(0.,1.,0.));
#1884=DIRECTION('',(0.,0.,1.));
#1885=DIRECTION('',(0.,-1.,0.));
#1886=DIRECTION('',(0.,0.,1.));
#1887=DIRECTION('',(0.766044443118978,0.,-0.64278760968654));
#1888=DIRECTION('',(0.,1.,0.));
#1889=DIRECTION('',(0.,1.,0.));
#1890=DIRECTION('',(0.,-1.,0.));
#1891=DIRECTION('',(-1.,0.,0.));
#1892=DIRECTION('',(0.,0.,-1.));
#1893=DIRECTION('',(1.,0.,0.));
#1894=DIRECTION('',(-0.64278760968654,0.,-0.766044443118978));
#1895=DIRECTION('',(0.,1.,0.));
#1896=DIRECTION('',(0.,0.,1.));
#1897=DIRECTION('',(0.766044443118978,0.,-0.64278760968654));
#1898=DIRECTION('',(0.,1.,0.));
#1899=DIRECTION('',(0.,0.,1.));
#1900=DIRECTION('',(0.,1.,0.));
#1901=DIRECTION('',(0.,0.,1.));
#1902=DIRECTION('',(0.,1.,0.));
#1903=DIRECTION('',(0.,0.,1.));
#1904=DIRECTION('',(0.,1.,0.));
#1905=DIRECTION('',(0.,0.,1.));
#1906=DIRECTION('',(0.,0.,1.));
#1907=DIRECTION('',(1.,0.,-1.8589045983928E-15));
#1908=DIRECTION('',(1.,0.,0.));
#1909=DIRECTION('',(0.,0.,-1.));
#1910=DIRECTION('',(0.,-1.,0.));
#1911=DIRECTION('',(-0.11369863193399,0.,0.993515284782443));
#1912=DIRECTION('',(0.,0.,-1.));
#1913=DIRECTION('',(0.,1.,0.));
#1914=DIRECTION('',(0.,0.,1.));
#1915=DIRECTION('',(0.,1.,0.));
#1916=DIRECTION('',(0.,0.,1.));
#1917=DIRECTION('',(0.,1.,0.));
#1918=DIRECTION('',(0.,0.,1.));
#1919=DIRECTION('',(0.,1.,0.));
#1920=DIRECTION('',(0.,0.,1.));
#1921=DIRECTION('',(0.,-1.,0.));
#1922=DIRECTION('',(0.,0.,1.));
#1923=DIRECTION('',(0.,0.,-1.));
#1924=DIRECTION('',(-0.766044443118978,0.,0.64278760968654));
#1925=DIRECTION('',(0.,0.,-1.));
#1926=DIRECTION('',(-1.,0.,0.));
#1927=DIRECTION('',(0.,-1.,0.));
#1928=DIRECTION('',(0.,0.,-1.));
#1929=DIRECTION('',(1.,0.,0.));
#1930=DIRECTION('',(0.,-1.,0.));
#1931=DIRECTION('',(0.,0.,-1.));
#1932=DIRECTION('',(-1.,0.,0.));
#1933=DIRECTION('',(0.,0.,-1.));
#1934=DIRECTION('',(1.,0.,0.));
#1935=DIRECTION('',(-0.64278760968654,-6.12323399573677E-17,-0.766044443118978));
#1936=DIRECTION('',(0.766044443118978,7.29738611271429E-17,-0.64278760968654));
#1937=DIRECTION('',(-0.901703963082519,0.,0.432353978773505));
#1938=DIRECTION('',(-0.432353978773505,0.,-0.901703963082519));
#1939=DIRECTION('',(0.826541186514169,7.87368178208701E-17,0.562876244831624));
#1940=DIRECTION('',(0.562876244831624,6.10271647486929E-17,-0.826541186514169));
#1941=DIRECTION('',(0.,-1.,0.));
#1942=DIRECTION('',(-1.8589045983928E-15,0.,-1.));
#1943=DIRECTION('',(-1.,0.,1.8589045983928E-15));
#1944=DIRECTION('',(-0.109843277664692,0.258200087421096,0.959826634975096));
#1945=DIRECTION('',(0.,-0.96566998188038,0.259771988665341));
#1946=DIRECTION('',(0.,0.,1.));
#1947=DIRECTION('',(1.,0.,0.));
#1948=DIRECTION('',(0.,-1.,0.));
#1949=DIRECTION('',(0.,0.,1.));
#1950=DIRECTION('',(0.766044443118978,0.,-0.64278760968654));
#1951=DIRECTION('',(0.,1.,0.));
#1952=DIRECTION('',(0.,0.,1.));
#1953=DIRECTION('',(-0.64278760968654,0.,-0.766044443118978));
#1954=DIRECTION('',(-1.,0.,0.));
#1955=DIRECTION('',(0.,0.,-1.));
#1956=DIRECTION('',(0.,1.,0.));
#1957=DIRECTION('',(0.,0.,1.));
#1958=DIRECTION('',(0.,1.,0.));
#1959=DIRECTION('',(0.,0.,1.));
#1960=DIRECTION('',(0.,1.,0.));
#1961=DIRECTION('',(0.,0.,1.));
#1962=DIRECTION('',(0.,1.,0.));
#1963=DIRECTION('',(0.,0.,1.));
#1964=DIRECTION('',(0.,-1.,0.));
#1965=DIRECTION('',(0.,0.,-1.));
#1966=DIRECTION('',(0.,-1.,0.));
#1967=DIRECTION('',(0.,0.,-1.));
#1968=DIRECTION('',(0.,1.,0.));
#1969=DIRECTION('',(0.,0.,1.));
#1970=DIRECTION('',(0.,1.,0.));
#1971=DIRECTION('',(0.,0.,1.));
#1972=DIRECTION('',(0.,0.,-1.));
#1973=DIRECTION('',(-1.,0.,0.));
#1974=DIRECTION('',(0.,-1.,0.));
#1975=DIRECTION('',(0.,0.,1.));
#1976=DIRECTION('',(-1.,0.,0.));
#1977=DIRECTION('',(0.,1.,0.));
#1978=DIRECTION('',(0.,0.,-1.));
#1979=DIRECTION('',(-1.,0.,0.));
#1980=DIRECTION('',(0.,-1.,0.));
#1981=DIRECTION('',(0.,0.,1.));
#1982=DIRECTION('',(0.,-1.,0.));
#1983=DIRECTION('',(0.,0.,1.));
#1984=DIRECTION('',(0.,1.,0.));
#1985=DIRECTION('',(0.,0.,-1.));
#1986=DIRECTION('',(0.,1.,0.));
#1987=DIRECTION('',(0.,0.,-1.));
#1988=DIRECTION('',(0.,1.,0.));
#1989=DIRECTION('',(-3.93593894367099E-17,1.,-4.69066937635137E-17));
#1990=DIRECTION('',(0.,-4.69066937635137E-17,-1.));
#1991=DIRECTION('',(-0.766044443118978,0.,0.64278760968654));
#1992=DIRECTION('',(-0.64278760968654,-6.12323399573677E-17,-0.766044443118978));
#1993=DIRECTION('',(-0.766044443118978,0.,0.64278760968654));
#1994=DIRECTION('',(-0.64278760968654,-6.12323399573677E-17,-0.766044443118978));
#1995=DIRECTION('',(-0.766044443118978,0.,0.642787609686539));
#1996=DIRECTION('',(0.64278760968654,0.,0.766044443118978));
#1997=DIRECTION('',(3.93593894367099E-17,-1.,4.69066937635137E-17));
#1998=DIRECTION('',(-0.64278760968654,-6.12323399573677E-17,-0.766044443118978));
#1999=DIRECTION('',(3.93593894367099E-17,-1.,4.69066937635136E-17));
#2000=DIRECTION('',(0.766044443118978,0.,-0.642787609686539));
#2001=DIRECTION('',(-0.64278760968654,0.,-0.766044443118978));
#2002=DIRECTION('',(-0.766044443118978,0.,0.642787609686539));
#2003=DIRECTION('',(0.64278760968654,0.,0.766044443118978));
#2004=DIRECTION('',(3.93593894367099E-17,-1.,4.69066937635136E-17));
#2005=DIRECTION('',(-0.64278760968654,-6.12323399573677E-17,-0.766044443118978));
#2006=DIRECTION('',(3.93593894367099E-17,-1.,4.69066937635137E-17));
#2007=DIRECTION('',(-0.64278760968654,0.,-0.766044443118978));
#2008=DIRECTION('',(0.64278760968654,6.12323399573677E-17,0.766044443118978));
#2009=DIRECTION('',(0.766044443118978,-5.13800338743491E-17,-0.64278760968654));
#2010=DIRECTION('',(-0.766044443118978,-6.16297582203916E-33,0.64278760968654));
#2011=DIRECTION('',(-0.64278760968654,-6.12323399573677E-17,-0.766044443118978));
#2012=DIRECTION('',(0.766044443118978,7.29738611271429E-17,-0.64278760968654));
#2013=DIRECTION('',(3.93593894367099E-17,-1.,4.69066937635137E-17));
#2014=DIRECTION('',(-0.766044443118978,-6.16297582203916E-33,0.64278760968654));
#2015=DIRECTION('',(3.93593894367099E-17,-1.,4.69066937635137E-17));
#2016=DIRECTION('',(0.64278760968654,6.12323399573677E-17,0.766044443118978));
#2017=DIRECTION('',(0.766044443118978,-5.13800338743491E-17,-0.64278760968654));
#2018=DIRECTION('',(-0.64278760968654,-6.12323399573677E-17,-0.766044443118978));
#2019=DIRECTION('',(0.766044443118978,0.,-0.64278760968654));
#2020=DIRECTION('',(-0.64278760968654,-6.12323399573677E-17,-0.766044443118978));
#2021=DIRECTION('',(0.766044443118978,0.,-0.64278760968654));
#2022=DIRECTION('',(-0.64278760968654,-6.12323399573677E-17,-0.766044443118978));
#2023=DIRECTION('',(0.766044443118978,0.,-0.64278760968654));
#2024=DIRECTION('',(-0.64278760968654,-6.12323399573677E-17,-0.766044443118978));
#2025=DIRECTION('',(0.766044443118978,0.,-0.64278760968654));
#2026=DIRECTION('',(-0.64278760968654,-6.12323399573677E-17,-0.766044443118978));
#2027=DIRECTION('',(0.766044443118978,0.,-0.64278760968654));
#2028=DIRECTION('',(-0.64278760968654,-6.12323399573677E-17,-0.766044443118978));
#2029=DIRECTION('',(0.766044443118978,0.,-0.64278760968654));
#2030=DIRECTION('',(-0.64278760968654,-6.12323399573677E-17,-0.766044443118978));
#2031=DIRECTION('',(0.766044443118978,0.,-0.64278760968654));
#2032=DIRECTION('',(-0.64278760968654,-6.12323399573677E-17,-0.766044443118978));
#2033=DIRECTION('',(-0.766044443118978,0.,0.64278760968654));
#2034=DIRECTION('',(-0.64278760968654,1.11505875659026E-15,-0.766044443118978));
#2035=DIRECTION('',(0.766044443118978,0.,-0.64278760968654));
#2036=DIRECTION('',(3.93593894367099E-17,-1.,4.69066937635136E-17));
#2037=DIRECTION('',(0.,4.69066937635136E-17,1.));
#2038=DIRECTION('',(0.,-1.,0.));
#2039=DIRECTION('',(0.,0.,-1.));
#2040=DIRECTION('',(0.,1.,0.));
#2041=DIRECTION('',(0.,0.,1.));
#2042=DIRECTION('',(-0.766044443118979,0.,0.642787609686539));
#2043=DIRECTION('',(0.642787609686539,0.,0.766044443118979));
#2044=DIRECTION('',(0.766044443118978,0.,-0.642787609686539));
#2045=DIRECTION('',(0.642787609686539,0.,0.766044443118979));
#2046=DIRECTION('',(-0.766044443118978,0.,0.64278760968654));
#2047=DIRECTION('',(0.64278760968654,0.,0.766044443118978));
#2048=DIRECTION('',(-0.766044443118978,-1.99331291868011E-15,0.642787609686539));
#2049=DIRECTION('',(-0.642787609686539,0.,-0.766044443118979));
#2050=DIRECTION('',(-3.93593894367099E-17,1.,-4.69066937635136E-17));
#2051=DIRECTION('',(0.,-4.69066937635136E-17,-1.));
#2052=DIRECTION('',(0.,-1.,0.));
#2053=DIRECTION('',(0.,0.,-1.));
#2054=DIRECTION('',(0.64278760968654,0.,0.766044443118978));
#2055=DIRECTION('',(0.766044443118978,0.,-0.64278760968654));
#2056=DIRECTION('',(-0.642787609686539,0.,-0.766044443118978));
#2057=DIRECTION('',(0.766044443118978,0.,-0.642787609686539));
#2058=DIRECTION('',(0.64278760968654,6.12323399573677E-17,0.766044443118978));
#2059=DIRECTION('',(0.766044443118978,0.,-0.64278760968654));
#2060=DIRECTION('',(0.608835626177356,-0.320702161774095,0.72558204479621));
#2061=DIRECTION('',(-0.766044443118978,0.,0.64278760968654));
#2062=DIRECTION('',(-0.727462708446689,0.31335783770193,0.610413690352845));
#2063=DIRECTION('',(-0.642787609686542,0.,-0.766044443118976));
#2064=DIRECTION('',(-0.766044443118978,-2.21479213186679E-16,0.642787609686539));
#2065=DIRECTION('',(-0.642787609686539,0.,-0.766044443118978));
#2066=DIRECTION('',(-0.766044443118978,0.,0.64278760968654));
#2067=DIRECTION('',(0.64278760968654,0.,0.766044443118978));
#2068=DIRECTION('',(-0.765999803490152,-0.0107954804429644,0.642750152590456));
#2069=DIRECTION('',(-0.64278760968654,0.,-0.766044443118978));
#2070=DIRECTION('',(-0.999991908778154,-5.78236479981441E-16,0.00402273268105928));
#2071=DIRECTION('',(-0.00402273268105928,0.,-0.999991908778155));
#2072=DIRECTION('',(0.,-1.,0.));
#2073=DIRECTION('',(0.,0.,1.));
#2074=DIRECTION('',(-0.642787609686539,0.,-0.766044443118979));
#2075=DIRECTION('',(0.766044443118979,0.,-0.642787609686539));
#2076=DIRECTION('',(-0.64278760968654,0.,-0.766044443118978));
#2077=DIRECTION('',(-0.766044443118978,0.,0.64278760968654));
#2078=DIRECTION('',(0.64278760968654,6.12323399573677E-17,0.766044443118978));
#2079=DIRECTION('',(0.766044443118978,0.,-0.64278760968654));
#2080=DIRECTION('',(0.64278760968654,6.12323399573677E-17,0.766044443118978));
#2081=DIRECTION('',(-0.766044443118978,0.,0.64278760968654));
#2082=DIRECTION('',(-0.64278760968654,-6.12323399573677E-17,-0.766044443118978));
#2083=DIRECTION('',(0.766044443118978,-5.13800338743491E-17,-0.64278760968654));
#2084=DIRECTION('',(-0.64278760968654,-6.12323399573677E-17,-0.766044443118978));
#2085=DIRECTION('',(0.766044443118978,0.,-0.64278760968654));
#2086=DIRECTION('',(0.64278760968654,6.12323399573677E-17,0.766044443118978));
#2087=DIRECTION('',(0.766044443118978,0.,-0.64278760968654));
#2088=DIRECTION('',(0.64278760968654,6.12323399573677E-17,0.766044443118978));
#2089=DIRECTION('',(-0.766044443118978,0.,0.64278760968654));
#2090=DIRECTION('',(-0.64278760968654,-6.12323399573677E-17,-0.766044443118978));
#2091=DIRECTION('',(0.766044443118978,-5.13800338743491E-17,-0.64278760968654));
#2092=DIRECTION('',(-0.64278760968654,-6.12323399573677E-17,-0.766044443118978));
#2093=DIRECTION('',(0.766044443118978,0.,-0.64278760968654));
#2094=DIRECTION('',(0.64278760968654,6.12323399573677E-17,0.766044443118978));
#2095=DIRECTION('',(0.766044443118978,0.,-0.64278760968654));
#2096=DIRECTION('',(0.64278760968654,6.12323399573677E-17,0.766044443118978));
#2097=DIRECTION('',(-0.766044443118978,0.,0.64278760968654));
#2098=DIRECTION('',(-0.64278760968654,-6.12323399573677E-17,-0.766044443118978));
#2099=DIRECTION('',(0.766044443118978,-5.13800338743491E-17,-0.64278760968654));
#2100=DIRECTION('',(-0.64278760968654,-6.12323399573677E-17,-0.766044443118978));
#2101=DIRECTION('',(0.766044443118978,0.,-0.64278760968654));
#2102=DIRECTION('',(0.64278760968654,6.12323399573677E-17,0.766044443118978));
#2103=DIRECTION('',(0.766044443118978,0.,-0.64278760968654));
#2104=DIRECTION('',(0.64278760968654,6.12323399573677E-17,0.766044443118978));
#2105=DIRECTION('',(-0.766044443118978,0.,0.64278760968654));
#2106=DIRECTION('',(-0.64278760968654,-6.12323399573677E-17,-0.766044443118978));
#2107=DIRECTION('',(0.766044443118978,-5.13800338743491E-17,-0.64278760968654));
#2108=DIRECTION('',(-0.64278760968654,-6.12323399573677E-17,-0.766044443118978));
#2109=DIRECTION('',(0.766044443118978,0.,-0.64278760968654));
#2110=DIRECTION('',(-0.64278760968654,-6.12323399573677E-17,-0.766044443118978));
#2111=DIRECTION('',(-0.766044443118978,0.,0.64278760968654));
#2112=DIRECTION('',(-0.64278760968654,-6.12323399573677E-17,-0.766044443118978));
#2113=DIRECTION('',(0.766044443118978,0.,-0.64278760968654));
#2114=DIRECTION('',(0.64278760968654,6.12323399573677E-17,0.766044443118978));
#2115=DIRECTION('',(0.766044443118978,0.,-0.64278760968654));
#2116=DIRECTION('',(-0.64278760968654,-6.12323399573677E-17,-0.766044443118978));
#2117=DIRECTION('',(-0.766044443118978,0.,0.64278760968654));
#2118=DIRECTION('',(-0.64278760968654,-6.12323399573677E-17,-0.766044443118978));
#2119=DIRECTION('',(0.766044443118978,0.,-0.64278760968654));
#2120=DIRECTION('',(0.64278760968654,6.12323399573677E-17,0.766044443118978));
#2121=DIRECTION('',(0.766044443118978,0.,-0.64278760968654));
#2122=DIRECTION('',(-0.64278760968654,-6.12323399573677E-17,-0.766044443118978));
#2123=DIRECTION('',(-0.766044443118978,0.,0.64278760968654));
#2124=DIRECTION('',(-0.64278760968654,-6.12323399573677E-17,-0.766044443118978));
#2125=DIRECTION('',(0.766044443118978,0.,-0.64278760968654));
#2126=DIRECTION('',(0.64278760968654,6.12323399573677E-17,0.766044443118978));
#2127=DIRECTION('',(0.766044443118978,0.,-0.64278760968654));
#2128=DIRECTION('',(-0.64278760968654,-6.12323399573677E-17,-0.766044443118978));
#2129=DIRECTION('',(-0.766044443118978,0.,0.64278760968654));
#2130=DIRECTION('',(-0.64278760968654,-6.12323399573677E-17,-0.766044443118978));
#2131=DIRECTION('',(0.766044443118978,0.,-0.64278760968654));
#2132=DIRECTION('',(0.64278760968654,6.12323399573677E-17,0.766044443118978));
#2133=DIRECTION('',(0.766044443118978,0.,-0.64278760968654));
#2134=DIRECTION('',(0.766044443118977,0.,-0.642787609686541));
#2135=DIRECTION('',(-0.642787609686541,0.,-0.766044443118977));
#2136=DIRECTION('',(0.,-1.,0.));
#2137=DIRECTION('',(0.,-1.,0.));
#2138=DIRECTION('',(0.64278760968654,0.,0.766044443118978));
#2139=DIRECTION('',(0.766044443118978,0.,-0.64278760968654));
#2140=DIRECTION('',(0.,-1.,0.));
#2141=DIRECTION('',(0.,-1.,0.));
#2142=DIRECTION('',(0.64278760968654,0.,0.766044443118978));
#2143=DIRECTION('',(0.766044443118978,0.,-0.64278760968654));
#2144=DIRECTION('',(0.,-1.,0.));
#2145=DIRECTION('',(0.,-1.,0.));
#2146=DIRECTION('',(0.766044443118978,0.,-0.64278760968654));
#2147=DIRECTION('',(-0.64278760968654,0.,-0.766044443118978));
#2148=DIRECTION('',(0.,-1.,0.));
#2149=DIRECTION('',(0.,-1.,0.));
#2150=DIRECTION('',(0.,1.,0.));
#2151=DIRECTION('',(0.,0.,-1.));
#2152=DIRECTION('',(0.,-1.,0.));
#2153=DIRECTION('',(0.,0.,1.));
#2154=DIRECTION('',(0.,-1.,0.));
#2155=DIRECTION('',(0.,0.,1.));
#2156=DIRECTION('',(0.,1.,0.));
#2157=DIRECTION('',(0.,0.,-1.));
#2158=DIRECTION('',(0.,-1.,0.));
#2159=DIRECTION('',(0.,0.,1.));
#2160=DIRECTION('',(0.,1.,0.));
#2161=DIRECTION('',(0.,0.,1.));
#2162=DIRECTION('',(0.,-1.,0.));
#2163=DIRECTION('',(0.,0.,1.));
#2164=DIRECTION('',(0.,1.,0.));
#2165=DIRECTION('',(0.,0.,1.));
#2166=DIRECTION('',(0.,-1.,0.));
#2167=DIRECTION('',(0.,0.,1.));
#2168=DIRECTION('',(0.,1.,0.));
#2169=DIRECTION('',(0.,0.,1.));
#2170=DIRECTION('',(0.,-1.,0.));
#2171=DIRECTION('',(0.,0.,1.));
#2172=DIRECTION('',(0.,1.,0.));
#2173=DIRECTION('',(0.,0.,1.));
#2174=DIRECTION('',(0.962546988380932,-1.27001136110984E-6,0.271114911351597));
#2175=DIRECTION('',(-0.271114911351816,0.,0.962546988381709));
#2176=DIRECTION('',(0.,-1.,0.));
#2177=DIRECTION('',(0.,0.,1.));
#2178=DIRECTION('',(0.428557968005177,-3.39274335364424E-6,-0.903514287683246));
#2179=DIRECTION('',(0.903514287688446,0.,0.428557968007644));
#2180=DIRECTION('',(0.225884779859448,1.58434808079079E-7,-0.974154025925995));
#2181=DIRECTION('',(0.974154025926007,0.,0.225884779859451));
#2182=DIRECTION('',(0.,-1.,0.));
#2183=DIRECTION('',(0.,0.,1.));
#2184=DIRECTION('',(0.769328290196365,0.,-0.63885364670129));
#2185=DIRECTION('',(0.63885364670129,0.,0.769328290196365));
#2186=DIRECTION('',(-0.951321155977507,-4.27715262325987E-15,-0.308201327365118));
#2187=DIRECTION('',(0.308201327365118,0.,-0.951321155977507));
#2188=DIRECTION('',(0.,-1.,0.));
#2189=DIRECTION('',(0.,0.,1.));
#2190=DIRECTION('',(-0.768890258972485,1.24678010619387E-14,0.639380770478144));
#2191=DIRECTION('',(-0.639380770478144,0.,-0.768890258972485));
#2192=DIRECTION('',(0.909982455407478,-6.23785908041481E-6,-0.414646754251937));
#2193=DIRECTION('',(0.414646754260004,0.,0.909982455425182));
#2194=DIRECTION('',(0.,-1.,0.));
#2195=DIRECTION('',(0.,0.,1.));
#2196=DIRECTION('',(0.0503669444171482,-1.53463942144861E-6,-0.998730779994151));
#2197=DIRECTION('',(0.998730779995327,0.,0.0503669444172075));
#2198=DIRECTION('',(0.,-1.,0.));
#2199=DIRECTION('',(0.,0.,1.));
#2200=DIRECTION('',(0.,1.,0.));
#2201=DIRECTION('',(0.,0.,1.));
#2202=DIRECTION('',(0.,-1.,0.));
#2203=DIRECTION('',(-1.,0.,0.));
#2204=DIRECTION('',(0.,1.,0.));
#2205=DIRECTION('',(0.,0.,1.));
#2206=DIRECTION('',(0.,-1.,0.));
#2207=DIRECTION('',(0.,0.,1.));
#2208=DIRECTION('',(0.,1.,0.));
#2209=DIRECTION('',(0.,0.,1.));
#2210=DIRECTION('',(0.,-1.,0.));
#2211=DIRECTION('',(-1.,0.,0.));
#2212=DIRECTION('',(0.,1.,0.));
#2213=DIRECTION('',(0.,0.,1.));
#2214=DIRECTION('',(0.,-1.,0.));
#2215=DIRECTION('',(0.,0.,1.));
#2216=DIRECTION('',(0.,1.,0.));
#2217=DIRECTION('',(0.,0.,1.));
#2218=DIRECTION('',(0.,-1.,0.));
#2219=DIRECTION('',(-1.,0.,0.));
#2220=DIRECTION('',(0.,1.,0.));
#2221=DIRECTION('',(0.,0.,1.));
#2222=DIRECTION('',(0.,-1.,0.));
#2223=DIRECTION('',(0.,0.,1.));
#2224=DIRECTION('',(0.,1.,0.));
#2225=DIRECTION('',(0.,0.,1.));
#2226=DIRECTION('',(0.,-1.,0.));
#2227=DIRECTION('',(-1.,0.,0.));
#2228=DIRECTION('',(0.,1.,0.));
#2229=DIRECTION('',(0.,0.,1.));
#2230=DIRECTION('',(0.,-1.,0.));
#2231=DIRECTION('',(0.,0.,1.));
#2232=DIRECTION('',(0.,-1.,0.));
#2233=DIRECTION('',(0.,0.,1.));
#2234=DIRECTION('',(0.,-1.,0.));
#2235=DIRECTION('',(0.,0.,1.));
#2236=DIRECTION('',(0.,-1.,0.));
#2237=DIRECTION('',(0.,0.,1.));
#2238=CARTESIAN_POINT('',(0.,0.,0.));
#2239=CARTESIAN_POINT('',(-0.0662662004480153,0.0586715552639104,0.0922560488498284));
#2240=CARTESIAN_POINT('',(-0.0663492188252698,0.0594795464225624,0.0917503400184846));
#2241=CARTESIAN_POINT('',(-0.0665204930752879,0.0604288292792496,0.0907070179926246));
#2242=CARTESIAN_POINT('',(-0.0667630448772039,0.0610005462694752,0.0892295025318669));
#2243=CARTESIAN_POINT('',(-0.0668804599446192,0.0611473831215742,0.0885142632184142));
#2244=CARTESIAN_POINT('',(-0.066952966324314,0.0611882494512734,0.0880725862251785));
#2245=CARTESIAN_POINT('',(-0.0669858362670436,0.061197564599561,0.0878723574113248));
#2246=CARTESIAN_POINT('',(-0.0670067953051072,0.061199937084118,0.087744683969936));
#2247=CARTESIAN_POINT('',(-0.0670149195778212,0.0612000487814912,0.0876951947749101));
#2248=CARTESIAN_POINT('',(-0.0670228204826883,0.0612,0.087647065400318));
#2249=CARTESIAN_POINT('',(-0.0693614739265691,0.0586715555341859,0.0927632070165389));
#2250=CARTESIAN_POINT('',(-0.0694253510976734,0.0594795467112373,0.0922543796771493));
#2251=CARTESIAN_POINT('',(-0.0695571353277496,0.0604288294538231,0.0912046240143055));
#2252=CARTESIAN_POINT('',(-0.0697437620441537,0.0610005463191547,0.0897179975452802));
#2253=CARTESIAN_POINT('',(-0.069834104752082,0.061147383134995,0.0889983477891385));
#2254=CARTESIAN_POINT('',(-0.0698898931446636,0.0611882494542878,0.0885539472108019));
#2255=CARTESIAN_POINT('',(-0.069915184266354,0.0611975646001861,0.0883524837133234));
#2256=CARTESIAN_POINT('',(-0.0699313106838852,0.0611999370841342,0.088224022971475));
#2257=CARTESIAN_POINT('',(-0.0699375617840789,0.0612000487814784,0.0881742286169049));
#2258=CARTESIAN_POINT('',(-0.0699436408464377,0.0611999999999999,0.0881258024319275));
#2259=CARTESIAN_POINT('',(-0.0724346867845911,0.0586715556449756,0.0930915647531688));
#2260=CARTESIAN_POINT('',(-0.0724837985234136,0.059479546829573,0.0925813191028347));
#2261=CARTESIAN_POINT('',(-0.0725851201032038,0.0604288295253956,0.0915286373817717));
#2262=CARTESIAN_POINT('',(-0.0727286067840154,0.061000546339522,0.0900378673464127));
#2263=CARTESIAN_POINT('',(-0.0727980658770102,0.0611473831404995,0.0893162117694689));
#2264=CARTESIAN_POINT('',(-0.0728409583683769,0.0611882494555232,0.0888705725866755));
#2265=CARTESIAN_POINT('',(-0.0728604031259873,0.0611975646004433,0.0886685475677707));
#2266=CARTESIAN_POINT('',(-0.0728728018281264,0.0611999370841409,0.0885397287952294));
#2267=CARTESIAN_POINT('',(-0.0728776078508091,0.0612000487814738,0.0884897956461474));
#2268=CARTESIAN_POINT('',(-0.0728822818186013,0.0612000000000003,0.0884412345098438));
#2269=CARTESIAN_POINT('',(-0.0754956210398258,0.058671555527382,0.0933134003068643));
#2270=CARTESIAN_POINT('',(-0.0755325262061179,0.0594795467039716,0.0928022532083351));
#2271=CARTESIAN_POINT('',(-0.0756086650846404,0.0604288294494334,0.0917477117012876));
#2272=CARTESIAN_POINT('',(-0.0757164915944447,0.0610005463179049,0.090254307991016));
#2273=CARTESIAN_POINT('',(-0.0757686888087175,0.0611473831346583,0.0895313775197477));
#2274=CARTESIAN_POINT('',(-0.0758009219410848,0.0611882494542113,0.0890849510787871));
#2275=CARTESIAN_POINT('',(-0.0758155344545165,0.0611975646001705,0.0888825691653845));
#2276=CARTESIAN_POINT('',(-0.0758248519567844,0.0611999370841334,0.0887535228277932));
#2277=CARTESIAN_POINT('',(-0.0758284636367146,0.0612000487814787,0.0887035014667018));
#2278=CARTESIAN_POINT('',(-0.0758319760845484,0.0611999999999997,0.0886548545482265));
#2279=CARTESIAN_POINT('',(-0.0684156448096711,0.0587,0.0925624014649505));
#2280=CARTESIAN_POINT('',(-0.0707434448150449,0.0587,0.092885236995872));
#2281=CARTESIAN_POINT('',(-0.073087203890089,0.0587,0.0931200486889253));
#2282=CARTESIAN_POINT('',(-0.0754425194168479,0.0587,0.0932911196218297));
#2283=CARTESIAN_POINT('',(-0.068415644809671,0.0587,0.0925624014649504));
#2284=CARTESIAN_POINT('',(-0.075442519416848,0.0587,0.0932911196218297));
#2285=CARTESIAN_POINT('',(-0.0754424798658984,0.0586999924144209,0.0932911216987896));
#2286=CARTESIAN_POINT('',(-0.0753530042601025,0.059094291204935,0.0930273416011827));
#2287=CARTESIAN_POINT('',(-0.0751367978657128,0.0598268384954985,0.0923864832449276));
#2288=CARTESIAN_POINT('',(-0.0747945416437035,0.0605045918738283,0.0913740412812519));
#2289=CARTESIAN_POINT('',(-0.0745006767958483,0.0608752051255738,0.0905037363306845));
#2290=CARTESIAN_POINT('',(-0.0743135156911718,0.0610355540708241,0.0899494595492919));
#2291=CARTESIAN_POINT('',(-0.0741643557568354,0.0611225668692245,0.0895072942349336));
#2292=CARTESIAN_POINT('',(-0.0740534413332983,0.0611679717421089,0.0891794478750652));
#2293=CARTESIAN_POINT('',(-0.0739626142441399,0.0611899781426201,0.0889062225657166));
#2294=CARTESIAN_POINT('',(-0.073899218663621,0.0611975181949877,0.0887245605775175));
#2295=CARTESIAN_POINT('',(-0.0738641525214948,0.0611996488791563,0.0886105037970782));
#2296=CARTESIAN_POINT('',(-0.0738447948257555,0.0612,0.0885744943137429));
#2297=CARTESIAN_POINT('',(-0.0738368868706062,0.0612,0.0885367379098342));
#2298=CARTESIAN_POINT('',(-0.0738368860946947,0.0612,0.0885367381357654));
#2299=CARTESIAN_POINT('',(-0.0137543608328767,0.0612,0.0581089312098297));
#2300=CARTESIAN_POINT('',(-0.0142900456089542,0.0612,0.058393903307893));
#2301=CARTESIAN_POINT('',(-0.014823874797889,0.0612,0.0586819102867576));
#2302=CARTESIAN_POINT('',(-0.0153558167287036,0.0612,0.0589730109641437));
#2303=CARTESIAN_POINT('',(-0.0160665295349245,0.0612,0.0593619424758994));
#2304=CARTESIAN_POINT('',(-0.0167738734528575,0.0612000000000035,0.0597563964753113));
#2305=CARTESIAN_POINT('',(-0.0174778036483757,0.0611999999999759,0.0601564939451904));
#2306=CARTESIAN_POINT('',(-0.018181809142655,0.0611999999999483,0.0605566342131252));
#2307=CARTESIAN_POINT('',(-0.0188824001872707,0.061199999999901,0.0609624191540821));
#2308=CARTESIAN_POINT('',(-0.0195795642161723,0.0611999999996363,0.0613739286573031));
#2309=CARTESIAN_POINT('',(-0.0201200831101065,0.0611999999994311,0.0616929764743208));
#2310=CARTESIAN_POINT('',(-0.0206585419821814,0.0611999999990954,0.0620154653863692));
#2311=CARTESIAN_POINT('',(-0.0211949270414814,0.0611999999983845,0.0623414053062245));
#2312=CARTESIAN_POINT('',(-0.0213504138975443,0.0611999999981784,0.0624358884998277));
#2313=CARTESIAN_POINT('',(-0.0215057244731552,0.0611999999979798,0.0625306581384557));
#2314=CARTESIAN_POINT('',(-0.021660858148162,0.0611999999977993,0.0626257143203447));
#2315=CARTESIAN_POINT('',(-0.0230418005932696,0.0611999999961922,0.0634718692008672));
#2316=CARTESIAN_POINT('',(-0.0244087261465288,0.0611999999969592,0.0643407303334525));
#2317=CARTESIAN_POINT('',(-0.0257624394700884,0.0611999999981433,0.0652316928906419));
#2318=CARTESIAN_POINT('',(-0.0266408873322422,0.0611999999989117,0.0658098538202868));
#2319=CARTESIAN_POINT('',(-0.0275137714325349,0.0611999999995846,0.0663973211365335));
#2320=CARTESIAN_POINT('',(-0.0283810570080034,0.0611999999998321,0.0669928783275777));
#2321=CARTESIAN_POINT('',(-0.0288507924705073,0.0611999999999661,0.0673154414376946));
#2322=CARTESIAN_POINT('',(-0.0293189949986353,0.0611999999999816,0.067640460020699));
#2323=CARTESIAN_POINT('',(-0.0297856280949212,0.0611999999999921,0.0679677156961872));
#2324=CARTESIAN_POINT('',(-0.0304881916498893,0.0612000000000079,0.0684604323778468));
#2325=CARTESIAN_POINT('',(-0.0311871973065905,0.0612,0.0689582204272332));
#2326=CARTESIAN_POINT('',(-0.0318832129378086,0.0612,0.0694600445687709));
#2327=CARTESIAN_POINT('',(-0.0325028732809443,0.0612,0.0699068168908162));
#2328=CARTESIAN_POINT('',(-0.0331201254167101,0.0612,0.0703567598020745));
#2329=CARTESIAN_POINT('',(-0.0337355063449535,0.0612,0.0708092479793806));
#2330=CARTESIAN_POINT('',(-0.0342191278621356,0.0612,0.0711648537656054));
#2331=CARTESIAN_POINT('',(-0.0347015936192774,0.0612,0.0715220316482917));
#2332=CARTESIAN_POINT('',(-0.0351833460929077,0.0612,0.0718802343609419));
#2333=CARTESIAN_POINT('',(-0.0358474218244796,0.0612,0.0723740018898591));
#2334=CARTESIAN_POINT('',(-0.0365101496600698,0.0612,0.0728697226010559));
#2335=CARTESIAN_POINT('',(-0.037172538267186,0.0612,0.0733658506806578));
#2336=CARTESIAN_POINT('',(-0.0373279240777785,0.0612,0.0734822344212271));
#2337=CARTESIAN_POINT('',(-0.037483291203251,0.0612,0.0735986405590393));
#2338=CARTESIAN_POINT('',(-0.0376386526517588,0.0612,0.0737150491252573));
#2339=CARTESIAN_POINT('',(-0.0380147328701373,0.0612,0.0739968369138293));
#2340=CARTESIAN_POINT('',(-0.0383907798439409,0.0612,0.0742786389033786));
#2341=CARTESIAN_POINT('',(-0.0387670928884034,0.0612,0.0745600068530999));
#2342=CARTESIAN_POINT('',(-0.0396897855824769,0.0612,0.0752499009595483));
#2343=CARTESIAN_POINT('',(-0.0406140672253152,0.0611999999997666,0.0759372591553833));
#2344=CARTESIAN_POINT('',(-0.0415453104989079,0.0611999999997745,0.0766160208699169));
#2345=CARTESIAN_POINT('',(-0.0417681357711148,0.0611999999997764,0.0767784330645532));
#2346=CARTESIAN_POINT('',(-0.0419913597650963,0.0611999999998091,0.0769403528242263));
#2347=CARTESIAN_POINT('',(-0.0422150810049111,0.0611999999998623,0.0771016748191576));
#2348=CARTESIAN_POINT('',(-0.0426492715816603,0.0611999999999655,0.0774147630627215));
#2349=CARTESIAN_POINT('',(-0.0430850438392688,0.0611999999999808,0.0777254220479952));
#2350=CARTESIAN_POINT('',(-0.0435230871798932,0.0611999999999895,0.0780328852918911));
#2351=CARTESIAN_POINT('',(-0.0441871522436727,0.0612000000000027,0.0784989935047829));
#2352=CARTESIAN_POINT('',(-0.044856435768412,0.0612000000000071,0.0789577578967423));
#2353=CARTESIAN_POINT('',(-0.0455310225442246,0.0611999999999639,0.0794047173001922));
#2354=CARTESIAN_POINT('',(-0.0455989645733311,0.0611999999999595,0.079449733493642));
#2355=CARTESIAN_POINT('',(-0.0456669604071113,0.0611999999999545,0.0794946299290651));
#2356=CARTESIAN_POINT('',(-0.0457350116484159,0.0611999999999486,0.0795394038730302));
#2357=CARTESIAN_POINT('',(-0.0465598740157317,0.0611999999998773,0.0800821175797179));
#2358=CARTESIAN_POINT('',(-0.0473932113950349,0.0611999999998508,0.0806070114329827));
#2359=CARTESIAN_POINT('',(-0.0482373021401154,0.0611999999998966,0.0811088212880793));
#2360=CARTESIAN_POINT('',(-0.0486103595413774,0.0611999999999169,0.0813306029881644));
#2361=CARTESIAN_POINT('',(-0.0489855171959437,0.0611999999999443,0.081547876160651));
#2362=CARTESIAN_POINT('',(-0.0493629703899605,0.0611999999999654,0.0817601895592455));
#2363=CARTESIAN_POINT('',(-0.0494599236694484,0.0611999999999709,0.0818147247455925));
#2364=CARTESIAN_POINT('',(-0.0495570264499399,0.0611999999999672,0.0818689357712912));
#2365=CARTESIAN_POINT('',(-0.0496542829608686,0.0611999999999513,0.0819228147414435));
#2366=CARTESIAN_POINT('',(-0.0503506105184105,0.0611999999998377,0.0823085720684411));
#2367=CARTESIAN_POINT('',(-0.0510548215466195,0.0611999999967729,0.0826773104401062));
#2368=CARTESIAN_POINT('',(-0.0517674782729303,0.0611999999937508,0.0830279326884682));
#2369=CARTESIAN_POINT('',(-0.0522195952039915,0.0611999999918336,0.0832503711346916));
#2370=CARTESIAN_POINT('',(-0.0526751105975514,0.0611999999919579,0.0834655175888652));
#2371=CARTESIAN_POINT('',(-0.0531341592790258,0.0611999999953113,0.0836730851731126));
#2372=CARTESIAN_POINT('',(-0.0534097169411028,0.0611999999973243,0.0837976838062129));
#2373=CARTESIAN_POINT('',(-0.0536865290932725,0.0611999999982963,0.0839195983758333));
#2374=CARTESIAN_POINT('',(-0.0539646148181513,0.0611999999988913,0.0840387748379455));
#2375=CARTESIAN_POINT('',(-0.0547003904382231,0.0612000000004655,0.0843540989537259));
#2376=CARTESIAN_POINT('',(-0.0554450828916688,0.0611999999999893,0.0846502538878634));
#2377=CARTESIAN_POINT('',(-0.0561983244721944,0.0611999999999503,0.0849278979848614));
#2378=CARTESIAN_POINT('',(-0.0564866201071721,0.0611999999999353,0.0850341634690186));
#2379=CARTESIAN_POINT('',(-0.0567761679425894,0.0611999999999008,0.085137717429611));
#2380=CARTESIAN_POINT('',(-0.0570669356158232,0.0611999999998246,0.085238612699022));
#2381=CARTESIAN_POINT('',(-0.0575359343331932,0.0611999999997015,0.0854013534583923));
#2382=CARTESIAN_POINT('',(-0.0580081388907569,0.061199999999899,0.0855571351904133));
#2383=CARTESIAN_POINT('',(-0.0584835507249444,0.0611999999999612,0.0857062822041864));
#2384=CARTESIAN_POINT('',(-0.0586860821314197,0.0611999999999877,0.0857698207034386));
#2385=CARTESIAN_POINT('',(-0.0588891957796894,0.0611999999999951,0.0858321549231426));
#2386=CARTESIAN_POINT('',(-0.0590928924520739,0.0611999999999969,0.0858933165880371));
#2387=CARTESIAN_POINT('',(-0.0595871958351978,0.0612000000000014,0.0860417353988155));
#2388=CARTESIAN_POINT('',(-0.0600848352137521,0.0612,0.086183187068338));
#2389=CARTESIAN_POINT('',(-0.0605852262470994,0.0612,0.0863179208646655));
#2390=CARTESIAN_POINT('',(-0.0606625843180163,0.0611999999999993,0.0863387500679817));
#2391=CARTESIAN_POINT('',(-0.0607400081093397,0.0611999999999992,0.0863594188076931));
#2392=CARTESIAN_POINT('',(-0.060817495415384,0.0611999999999989,0.0863799281029064));
#2393=CARTESIAN_POINT('',(-0.0609301753590572,0.0611999999999984,0.086409752165032));
#2394=CARTESIAN_POINT('',(-0.0610429896059874,0.0611999999999978,0.0864392390562901));
#2395=CARTESIAN_POINT('',(-0.0611558941036538,0.0611999999999968,0.0864683839564333));
#2396=CARTESIAN_POINT('',(-0.0614365828910556,0.0611999999999941,0.0865408402965191));
#2397=CARTESIAN_POINT('',(-0.0617182266270326,0.0611999999999945,0.0866112803970945));
#2398=CARTESIAN_POINT('',(-0.0620001989961452,0.061199999999996,0.0866796292693231));
#2399=CARTESIAN_POINT('',(-0.0623948859622095,0.061199999999998,0.0867752996681594));
#2400=CARTESIAN_POINT('',(-0.0627902157510132,0.0612,0.0868668721319588));
#2401=CARTESIAN_POINT('',(-0.0631862894368105,0.0611999999999986,0.0869546525281141));
#2402=CARTESIAN_POINT('',(-0.0632056379553871,0.0611999999999986,0.0869589406711707));
#2403=CARTESIAN_POINT('',(-0.0632249882495582,0.0611999999999985,0.0869632197669026));
#2404=CARTESIAN_POINT('',(-0.0632443403038565,0.0611999999999984,0.0869674898401897));
#2405=CARTESIAN_POINT('',(-0.0638583032757076,0.0611999999999956,0.0871029621184797));
#2406=CARTESIAN_POINT('',(-0.064473306070484,0.0612,0.0872291687712117));
#2407=CARTESIAN_POINT('',(-0.065089665358363,0.0611999999999991,0.0873471161704972));
#2408=CARTESIAN_POINT('',(-0.065174545283559,0.061199999999999,0.0873633589149894));
#2409=CARTESIAN_POINT('',(-0.0652594509456923,0.0611999999999988,0.0873794449471598));
#2410=CARTESIAN_POINT('',(-0.0653443831822328,0.0611999999999984,0.0873953768223135));
#2411=CARTESIAN_POINT('',(-0.0654181474365772,0.0611999999999981,0.0874092137697306));
#2412=CARTESIAN_POINT('',(-0.0654919318248549,0.0611999999999977,0.0874229342101317));
#2413=CARTESIAN_POINT('',(-0.0655657358810171,0.0611999999999974,0.0874365395936694));
#2414=CARTESIAN_POINT('',(-0.0663596066573993,0.061199999999994,0.087582885430926));
#2415=CARTESIAN_POINT('',(-0.0671557533177089,0.061199999999997,0.0877159151070387));
#2416=CARTESIAN_POINT('',(-0.0679538381890402,0.0611999999999988,0.087837238641319));
#2417=CARTESIAN_POINT('',(-0.0684931108445636,0.0612,0.0879192179731658));
#2418=CARTESIAN_POINT('',(-0.0690332683829106,0.0612,0.0879958535785737));
#2419=CARTESIAN_POINT('',(-0.0695741961755003,0.0612,0.0880675705127581));
#2420=CARTESIAN_POINT('',(-0.0698324575300551,0.0612,0.0881018111504563));
#2421=CARTESIAN_POINT('',(-0.0700908962535748,0.0612,0.088134930484196));
#2422=CARTESIAN_POINT('',(-0.0703495057837651,0.0612,0.0881669757365933));
#2423=CARTESIAN_POINT('',(-0.0711486937287373,0.0612,0.088266006036794));
#2424=CARTESIAN_POINT('',(-0.0719495129978455,0.0612,0.088354777807594));
#2425=CARTESIAN_POINT('',(-0.0727518087566961,0.0612,0.088434472387661));
#2426=CARTESIAN_POINT('',(-0.0731132057364305,0.0612,0.0884703710948643));
#2427=CARTESIAN_POINT('',(-0.0734749022894802,0.0612,0.0885044281376829));
#2428=CARTESIAN_POINT('',(-0.0738368851573847,0.0612,0.0885367378642849));
#2429=CARTESIAN_POINT('',(-0.0670679125631276,0.0611999999999967,0.0876975389368435));
#2430=CARTESIAN_POINT('',(-0.0684156448096711,0.0587,0.0925624014649502));
#2431=CARTESIAN_POINT('',(-0.0685120149161556,0.0595555636935616,0.0920136438885069));
#2432=CARTESIAN_POINT('',(-0.0686449781265007,0.0609468560594068,0.0903851615090116));
#2433=CARTESIAN_POINT('',(-0.0677856963524316,0.0612,0.088415179989901));
#2434=CARTESIAN_POINT('',(-0.0670679136808736,0.0612,0.0876975320989443));
#2435=CARTESIAN_POINT('',(-0.0270835908857173,0.0612,0.0390686690790411));
#2436=CARTESIAN_POINT('',(-0.0271345822448435,0.0612000360597835,0.0390690548118969));
#2437=CARTESIAN_POINT('',(-0.0271834911112417,0.0611999311161138,0.0390694248401166));
#2438=CARTESIAN_POINT('',(-0.0273085093689321,0.0611975888634297,0.0390703706381368));
#2439=CARTESIAN_POINT('',(-0.0275204471643507,0.0611881982581343,0.0390719740255168));
#2440=CARTESIAN_POINT('',(-0.0279543651323609,0.0611475545702236,0.0390752567913564));
#2441=CARTESIAN_POINT('',(-0.0286950788234918,0.0610000037814234,0.0390808606845594));
#2442=CARTESIAN_POINT('',(-0.0301787689423661,0.0604317916550657,0.0390920859192288));
#2443=CARTESIAN_POINT('',(-0.0312436264084594,0.0594762251829885,0.0391001431819886));
#2444=CARTESIAN_POINT('',(-0.0317541771708228,0.0586715557058256,0.0391040065742286));
#2445=CARTESIAN_POINT('',(-0.0270772322497728,0.0612,0.0399468679348676));
#2446=CARTESIAN_POINT('',(-0.0271282430895343,0.0612000360597853,0.0399446853146065));
#2447=CARTESIAN_POINT('',(-0.0271771707877601,0.0611999311161106,0.0399425924808097));
#2448=CARTESIAN_POINT('',(-0.0273022370303656,0.0611975888633102,0.0399372422171934));
#2449=CARTESIAN_POINT('',(-0.0275142562141735,0.0611881982575559,0.0399281723379475));
#2450=CARTESIAN_POINT('',(-0.0279483408073854,0.0611475545676359,0.0399096027660556));
#2451=CARTESIAN_POINT('',(-0.0286893389656777,0.061000003771943,0.0398779039191835));
#2452=CARTESIAN_POINT('',(-0.0301735989821664,0.0604317916212178,0.0398144096208213));
#2453=CARTESIAN_POINT('',(-0.0312388657077433,0.0594762251279147,0.0397688398344718));
#2454=CARTESIAN_POINT('',(-0.0317496127883895,0.0586715556539036,0.0397469914608312));
#2455=CARTESIAN_POINT('',(-0.0271655618149529,0.0612,0.0412662769000665));
#2456=CARTESIAN_POINT('',(-0.0272163115877195,0.0612000360597834,0.0412600870745588));
#2457=CARTESIAN_POINT('',(-0.0272649884528186,0.0611999311161141,0.0412541485725155));
#2458=CARTESIAN_POINT('',(-0.0273894139722401,0.061197588863438,0.0412389704079084));
#2459=CARTESIAN_POINT('',(-0.0276003468447838,0.0611881982581746,0.0412132391296569));
#2460=CARTESIAN_POINT('',(-0.0280322073635058,0.0611475545704037,0.0411605573940189));
#2461=CARTESIAN_POINT('',(-0.0287694088423679,0.0610000037820835,0.0410706273526661));
#2462=CARTESIAN_POINT('',(-0.0302460635827495,0.0604317916574225,0.0408904912478606));
#2463=CARTESIAN_POINT('',(-0.0313058711149629,0.0594762251868253,0.0407612026082324));
#2464=CARTESIAN_POINT('',(-0.03181400043413,0.0586715557094443,0.0406992132475826));
#2465=CARTESIAN_POINT('',(-0.0275355297452367,0.0612,0.0431933512865609));
#2466=CARTESIAN_POINT('',(-0.0275851271959605,0.0612000360597886,0.0431811515045914));
#2467=CARTESIAN_POINT('',(-0.0276326994340351,0.0611999311161044,0.0431694515593858));
#2468=CARTESIAN_POINT('',(-0.0277543007072795,0.0611975888630864,0.0431395431230996));
#2469=CARTESIAN_POINT('',(-0.0279604459424159,0.0611881982564725,0.0430888411533845));
#2470=CARTESIAN_POINT('',(-0.0283825042924118,0.0611475545627885,0.0429850346656635));
#2471=CARTESIAN_POINT('',(-0.029102973237682,0.0610000037541849,0.0428078335086787));
#2472=CARTESIAN_POINT('',(-0.0305461121559026,0.0604317915578211,0.0424528906909826));
#2473=CARTESIAN_POINT('',(-0.0315818660037657,0.05947622502479,0.0421981472304327));
#2474=CARTESIAN_POINT('',(-0.032078463042328,0.0586715555566937,0.0420760101606423));
#2475=CARTESIAN_POINT('',(-0.0280605406273589,0.0612,0.0449620232774928));
#2476=CARTESIAN_POINT('',(-0.028108489150216,0.0612000360598466,0.044944267947468));
#2477=CARTESIAN_POINT('',(-0.0281544799242264,0.0611999311159956,0.0449272383116677));
#2478=CARTESIAN_POINT('',(-0.0282720386163126,0.0611975888591376,0.0448837074719665));
#2479=CARTESIAN_POINT('',(-0.0284713306787801,0.0611881982373569,0.0448099117684279));
#2480=CARTESIAN_POINT('',(-0.0288793579383408,0.0611475544772589,0.0446588236197967));
#2481=CARTESIAN_POINT('',(-0.0295758752586467,0.0610000034408389,0.0444009107980356));
#2482=CARTESIAN_POINT('',(-0.0309710374873661,0.0604317904391029,0.0438842976898313));
#2483=CARTESIAN_POINT('',(-0.0319723571639876,0.0594762232046594,0.0435135210682186));
#2484=CARTESIAN_POINT('',(-0.032452444305595,0.0586715538407984,0.0433357509695008));
#2485=CARTESIAN_POINT('',(-0.0289667024115269,0.0612,0.047021597674355));
#2486=CARTESIAN_POINT('',(-0.0290118353216699,0.0612000360597011,0.0469974617428904));
#2487=CARTESIAN_POINT('',(-0.0290551253642495,0.0611999311162681,0.0469743124746987));
#2488=CARTESIAN_POINT('',(-0.0291657807025268,0.0611975888690331,0.0469151385522438));
#2489=CARTESIAN_POINT('',(-0.0293533697936955,0.0611881982852603,0.0468148239370893));
#2490=CARTESIAN_POINT('',(-0.0297374366030448,0.0611475546915936,0.0466094413396024));
#2491=CARTESIAN_POINT('',(-0.0303930526747492,0.0610000042260721,0.0462588457940097));
#2492=CARTESIAN_POINT('',(-0.0317062880922682,0.0604317932425505,0.0455565834776966));
#2493=CARTESIAN_POINT('',(-0.0326488101948575,0.0594762277657224,0.045052562874974));
#2494=CARTESIAN_POINT('',(-0.0331007071614212,0.0586715581406226,0.0448109075929668));
#2495=CARTESIAN_POINT('',(-0.0303584995027394,0.0612,0.0492304279456557));
#2496=CARTESIAN_POINT('',(-0.0303995190740279,0.0612000360598634,0.0491998073109388));
#2497=CARTESIAN_POINT('',(-0.0304388615836669,0.0611999311159644,0.0491704344040659));
#2498=CARTESIAN_POINT('',(-0.0305394287028674,0.0611975888580008,0.0490953558504253));
#2499=CARTESIAN_POINT('',(-0.0307099150570226,0.061188198231854,0.0489680777603555));
#2500=CARTESIAN_POINT('',(-0.0310589660583201,0.0611475544526384,0.0487074907887256));
#2501=CARTESIAN_POINT('',(-0.0316548080581926,0.0610000033506535,0.0482626585799404));
#2502=CARTESIAN_POINT('',(-0.0328483098092609,0.0604317901171883,0.0473716328004739));
#2503=CARTESIAN_POINT('',(-0.0337048903736981,0.0594762226812375,0.0467321299246144));
#2504=CARTESIAN_POINT('',(-0.0341155797145399,0.0586715533474909,0.0464255153124474));
#2505=CARTESIAN_POINT('',(-0.0321411861057074,0.0612,0.0512889471162828));
#2506=CARTESIAN_POINT('',(-0.0321774569086794,0.0612000360597851,0.0512528944682888));
#2507=CARTESIAN_POINT('',(-0.0322122464782614,0.0611999311161109,0.0512183142077132));
#2508=CARTESIAN_POINT('',(-0.0323011736698198,0.0611975888633241,0.0511299219886412));
#2509=CARTESIAN_POINT('',(-0.0324519279500271,0.061188198257623,0.0509800746758106));
#2510=CARTESIAN_POINT('',(-0.0327605798525506,0.0611475545679353,0.0506732798178334));
#2511=CARTESIAN_POINT('',(-0.033287460112565,0.0610000037730316,0.0501495701844707));
#2512=CARTESIAN_POINT('',(-0.0343428311520394,0.0604317916250647,0.0491005521853111));
#2513=CARTESIAN_POINT('',(-0.0351002825508757,0.0594762251339923,0.0483476652878912));
#2514=CARTESIAN_POINT('',(-0.035463446817688,0.0586715556595588,0.0479866910742541));
#2515=CARTESIAN_POINT('',(-0.0348837786237425,0.0612,0.0537211423441859));
#2516=CARTESIAN_POINT('',(-0.0349137657426798,0.061200036059664,0.0536795755029993));
#2517=CARTESIAN_POINT('',(-0.0349425223791438,0.0611999311163376,0.0536397021421175));
#2518=CARTESIAN_POINT('',(-0.0350160345896281,0.0611975888715552,0.0535377842259741));
#2519=CARTESIAN_POINT('',(-0.0351406548782183,0.0611881982974701,0.053365006223114));
#2520=CARTESIAN_POINT('',(-0.0353958007885754,0.0611475547462255,0.0530112635855247));
#2521=CARTESIAN_POINT('',(-0.0358313431331346,0.0610000044262532,0.0524074111115135));
#2522=CARTESIAN_POINT('',(-0.0367037557015111,0.0604317939573963,0.0511978583596926));
#2523=CARTESIAN_POINT('',(-0.037329888389701,0.0594762289294405,0.0503297441608544));
#2524=CARTESIAN_POINT('',(-0.0376300889777851,0.0586715592379693,0.0499135205848647));
#2525=CARTESIAN_POINT('',(-0.0371954109537728,0.0612,0.0551606341241675));
#2526=CARTESIAN_POINT('',(-0.0372214340261772,0.0612000360598653,0.0551167282620749));
#2527=CARTESIAN_POINT('',(-0.0372463979569724,0.0611999311159607,0.0550746180160547));
#2528=CARTESIAN_POINT('',(-0.0373102056527497,0.0611975888578679,0.0549669754458342));
#2529=CARTESIAN_POINT('',(-0.0374183769608699,0.0611881982312097,0.0547844945732094));
#2530=CARTESIAN_POINT('',(-0.0376398448170284,0.0611475544497559,0.0544108860789219));
#2531=CARTESIAN_POINT('',(-0.0380178988133099,0.0610000033400716,0.0537731233798073));
#2532=CARTESIAN_POINT('',(-0.0387751624299268,0.0604317900793382,0.0524956514839321));
#2533=CARTESIAN_POINT('',(-0.0393186591227414,0.0594762226190357,0.0515788030852797));
#2534=CARTESIAN_POINT('',(-0.0395792418185835,0.0586715532885519,0.0511392173557386));
#2535=CARTESIAN_POINT('',(-0.0387864945665875,0.0612,0.0560048356852548));
#2536=CARTESIAN_POINT('',(-0.0388103601360162,0.0612000360598452,0.055959772295312));
#2537=CARTESIAN_POINT('',(-0.0388332487880846,0.0611999311159984,0.0559165479138084));
#2538=CARTESIAN_POINT('',(-0.0388917579849826,0.0611975888592362,0.0558060615297747));
#2539=CARTESIAN_POINT('',(-0.0389909456132234,0.0611881982378335,0.055618758715938));
#2540=CARTESIAN_POINT('',(-0.0391940219475443,0.0611475544793814,0.0552352786720207));
#2541=CARTESIAN_POINT('',(-0.0395406842738771,0.0610000034485608,0.0545806663431165));
#2542=CARTESIAN_POINT('',(-0.040235080804824,0.0604317904662762,0.0532694491498007));
#2543=CARTESIAN_POINT('',(-0.0407334793650268,0.0594762232483866,0.0523283909058606));
#2544=CARTESIAN_POINT('',(-0.0409724442146569,0.0586715538820182,0.0518771994689766));
#2545=CARTESIAN_POINT('',(-0.0394264436075284,0.0587,0.0510214881951744));
#2546=CARTESIAN_POINT('',(-0.0383799792430626,0.0587,0.0503845160175423));
#2547=CARTESIAN_POINT('',(-0.0363493806912613,0.0587,0.0489541601241491));
#2548=CARTESIAN_POINT('',(-0.0337989053254365,0.0587,0.0462257823517107));
#2549=CARTESIAN_POINT('',(-0.0321099109965895,0.0587,0.0429186656913688));
#2550=CARTESIAN_POINT('',(-0.0317357796242203,0.0587,0.0404358183933434));
#2551=CARTESIAN_POINT('',(-0.031735426544763,0.0587,0.0392039140296226));
#2552=CARTESIAN_POINT('',(-0.0394264436075406,0.0587,0.0510214881951818));
#2553=CARTESIAN_POINT('',(-0.031735426544763,0.0587,0.0392039140296409));
#2554=CARTESIAN_POINT('',(-0.0277781980267225,0.0611626307976481,0.0398438471592564));
#2555=CARTESIAN_POINT('',(-0.0285538751446155,0.0610709992549371,0.0396651398624984));
#2556=CARTESIAN_POINT('',(-0.0301049777749165,0.0605368985645305,0.0392923365895899));
#2557=CARTESIAN_POINT('',(-0.0312938778685024,0.0593784720715856,0.0391868183403762));
#2558=CARTESIAN_POINT('',(-0.031735426544763,0.0587,0.039203914029641));
#2559=CARTESIAN_POINT('',(-0.0277781980267226,0.0611626307976481,0.0398438471592564));
#2560=CARTESIAN_POINT('',(-0.0277781980267226,0.0611626307976481,0.0398438471592564));
#2561=CARTESIAN_POINT('',(-0.0275679115955777,0.0611874721519339,0.0398922947913806));
#2562=CARTESIAN_POINT('',(-0.0273563035285872,0.0611999999671319,0.0399379795397295));
#2563=CARTESIAN_POINT('',(-0.0271433761656503,0.0612,0.0399809706230792));
#2564=CARTESIAN_POINT('',(-0.0271433761656503,0.0612,0.0399809706230793));
#2565=CARTESIAN_POINT('',(-0.0738368863346965,0.0612,0.0885367383988059));
#2566=CARTESIAN_POINT('',(-0.0740199243547311,0.0612,0.088369731908966));
#2567=CARTESIAN_POINT('',(-0.0742024204180655,0.0612,0.0882022021996723));
#2568=CARTESIAN_POINT('',(-0.0743843494090711,0.0612,0.0880341259373591));
#2569=CARTESIAN_POINT('',(-0.0747619142716094,0.0612,0.087685310223462));
#2570=CARTESIAN_POINT('',(-0.075137036611039,0.0612,0.0873341403577711));
#2571=CARTESIAN_POINT('',(-0.0755094507301564,0.0612,0.0869803647800838));
#2572=CARTESIAN_POINT('',(-0.0756620626073232,0.0612,0.0868353908055885));
#2573=CARTESIAN_POINT('',(-0.0758142197172652,0.0612,0.0866899792789871));
#2574=CARTESIAN_POINT('',(-0.0759659003580915,0.0612,0.0865441091140697));
#2575=CARTESIAN_POINT('',(-0.0761846194244742,0.0612,0.0863337685847179));
#2576=CARTESIAN_POINT('',(-0.0764023474182673,0.0612,0.086122474471036));
#2577=CARTESIAN_POINT('',(-0.0766190207158112,0.0612,0.0859101630820515));
#2578=CARTESIAN_POINT('',(-0.0769862363736026,0.0612,0.0855503399416537));
#2579=CARTESIAN_POINT('',(-0.0773504224640009,0.0612,0.0851875947246816));
#2580=CARTESIAN_POINT('',(-0.0777111974020165,0.061199999999998,0.0848215496545003));
#2581=CARTESIAN_POINT('',(-0.0778190092648336,0.0611999999999972,0.0847121628963504));
#2582=CARTESIAN_POINT('',(-0.0779265165225628,0.0611999999999962,0.0846024814715634));
#2583=CARTESIAN_POINT('',(-0.0780337068815446,0.0611999999999944,0.0844924922155404));
#2584=CARTESIAN_POINT('',(-0.0782855148527922,0.0611999999999902,0.0842341091698892));
#2585=CARTESIAN_POINT('',(-0.0785355662868371,0.0611999999999815,0.0839740344164213));
#2586=CARTESIAN_POINT('',(-0.0787836940394744,0.0611999999999736,0.0837121030426247));
#2587=CARTESIAN_POINT('',(-0.0791378088738543,0.0611999999999623,0.0833382884085701));
#2588=CARTESIAN_POINT('',(-0.0794880053163561,0.0611999999999612,0.082960691951981));
#2589=CARTESIAN_POINT('',(-0.0798336141998055,0.0611999999999803,0.0825787593621634));
#2590=CARTESIAN_POINT('',(-0.0798974301405001,0.0611999999999839,0.0825082363268238));
#2591=CARTESIAN_POINT('',(-0.0799610896868178,0.0611999999999877,0.0824375654715792));
#2592=CARTESIAN_POINT('',(-0.0800245886465104,0.0611999999999912,0.08236674055718));
#2593=CARTESIAN_POINT('',(-0.0803053975537909,0.0612000000000065,0.0820535343736934));
#2594=CARTESIAN_POINT('',(-0.0805830565208958,0.0611999999999992,0.0817373559272532));
#2595=CARTESIAN_POINT('',(-0.0808572524047439,0.0612,0.08141759715907));
#2596=CARTESIAN_POINT('',(-0.0808996001280022,0.0612,0.0813682125525822));
#2597=CARTESIAN_POINT('',(-0.0809418652422241,0.0612,0.0813187425461066));
#2598=CARTESIAN_POINT('',(-0.0809840444925769,0.0612,0.0812691859677493));
#2599=CARTESIAN_POINT('',(-0.0812771429776393,0.0612,0.08092482332688));
#2600=CARTESIAN_POINT('',(-0.0815661423316326,0.0612000000000007,0.0805762306680572));
#2601=CARTESIAN_POINT('',(-0.0818496792562549,0.0611999999999992,0.0802233946974935));
#2602=CARTESIAN_POINT('',(-0.0818711413125349,0.0611999999999991,0.080196687116222));
#2603=CARTESIAN_POINT('',(-0.0818925720919292,0.061199999999999,0.0801699552388233));
#2604=CARTESIAN_POINT('',(-0.0819139703418264,0.0611999999999988,0.0801431997600371));
#2605=CARTESIAN_POINT('',(-0.0820544310352568,0.0611999999999978,0.0799675735699778));
#2606=CARTESIAN_POINT('',(-0.0821935802909251,0.0611999999999982,0.0797908119418197));
#2607=CARTESIAN_POINT('',(-0.0823310986496489,0.0611999999999988,0.0796130599448572));
#2608=CARTESIAN_POINT('',(-0.0824895271002451,0.0612,0.0794082802068609));
#2609=CARTESIAN_POINT('',(-0.0826457910029391,0.0612,0.0792021861130837));
#2610=CARTESIAN_POINT('',(-0.0827997448856061,0.0612,0.0789945090551549));
#2611=CARTESIAN_POINT('',(-0.0828014701109228,0.0612,0.0789921818016175));
#2612=CARTESIAN_POINT('',(-0.0828031950461367,0.0612,0.0789898543492778));
#2613=CARTESIAN_POINT('',(-0.0828049196908168,0.0612,0.07898752669788));
#2614=CARTESIAN_POINT('',(-0.0829570960992455,0.0612,0.078782143157787));
#2615=CARTESIAN_POINT('',(-0.0831069377313169,0.0612,0.0785753003413049));
#2616=CARTESIAN_POINT('',(-0.0832541664694895,0.0611999999999989,0.0783668092846065));
#2617=CARTESIAN_POINT('',(-0.0833867506284068,0.0611999999999981,0.0781790564604144));
#2618=CARTESIAN_POINT('',(-0.083517215849768,0.0611999999999991,0.0779899669843259));
#2619=CARTESIAN_POINT('',(-0.0836453200123349,0.0611999999999826,0.0777993412565966));
#2620=CARTESIAN_POINT('',(-0.0836611049699847,0.0611999999999806,0.0777758524098733));
#2621=CARTESIAN_POINT('',(-0.0836768538607923,0.0611999999999785,0.0777523402653443));
#2622=CARTESIAN_POINT('',(-0.0836925662016357,0.0611999999999766,0.0777288044892717));
#2623=CARTESIAN_POINT('',(-0.0838357859400728,0.061199999999959,0.0775142732665437));
#2624=CARTESIAN_POINT('',(-0.0839759689701738,0.0611999999999564,0.0772977786678311));
#2625=CARTESIAN_POINT('',(-0.0841126285846336,0.0611999999999677,0.0770790043048769));
#2626=CARTESIAN_POINT('',(-0.0842177639677979,0.0611999999999764,0.0769106961579046));
#2627=CARTESIAN_POINT('',(-0.0843208139835081,0.0611999999999899,0.076741038707269));
#2628=CARTESIAN_POINT('',(-0.0844214695498487,0.0611999999999962,0.0765698289179035));
#2629=CARTESIAN_POINT('',(-0.0844516383339705,0.0611999999999981,0.0765185134133298));
#2630=CARTESIAN_POINT('',(-0.0844815924456696,0.0611999999999988,0.0764670588087655));
#2631=CARTESIAN_POINT('',(-0.0845113226938815,0.0611999999999992,0.0764154610879519));
#2632=CARTESIAN_POINT('',(-0.0845757864748597,0.0612,0.0763035822987201));
#2633=CARTESIAN_POINT('',(-0.0846391976811592,0.0612,0.0761910305990132));
#2634=CARTESIAN_POINT('',(-0.0847014335158606,0.0611999999999991,0.0760777486050912));
#2635=CARTESIAN_POINT('',(-0.0847274444783748,0.0611999999999986,0.0760304033142058));
#2636=CARTESIAN_POINT('',(-0.0847532501475877,0.0611999999999978,0.0759829304681859));
#2637=CARTESIAN_POINT('',(-0.0847788402780463,0.0611999999999961,0.0759353243298308));
#2638=CARTESIAN_POINT('',(-0.0848144963187904,0.0611999999999937,0.0758689922565494));
#2639=CARTESIAN_POINT('',(-0.0848497324076868,0.0611999999999899,0.075802402778125));
#2640=CARTESIAN_POINT('',(-0.0848845292533855,0.0611999999999865,0.0757355228862772));
#2641=CARTESIAN_POINT('',(-0.0849442846857549,0.0611999999999806,0.0756206723366385));
#2642=CARTESIAN_POINT('',(-0.0850027452628954,0.0611999999999771,0.0755049656234092));
#2643=CARTESIAN_POINT('',(-0.0850597597957644,0.0611999999999837,0.0753882389714479));
#2644=CARTESIAN_POINT('',(-0.0850766790389874,0.0611999999999857,0.0753535999677456));
#2645=CARTESIAN_POINT('',(-0.0850934708849797,0.0611999999999883,0.0753188711156321));
#2646=CARTESIAN_POINT('',(-0.0851101309362786,0.0611999999999911,0.0752840441915562));
#2647=CARTESIAN_POINT('',(-0.0851495806223619,0.0611999999999978,0.0752015767851004));
#2648=CARTESIAN_POINT('',(-0.0851882436652447,0.0611999999999987,0.0751186696426329));
#2649=CARTESIAN_POINT('',(-0.0852260674715303,0.061199999999999,0.0750352181215901));
#2650=CARTESIAN_POINT('',(-0.085279910919335,0.0612,0.0749164221023966));
#2651=CARTESIAN_POINT('',(-0.0853320540521444,0.0612000000000024,0.0747965233304014));
#2652=CARTESIAN_POINT('',(-0.0853819547256675,0.0611999999999854,0.0746759585369784));
#2653=CARTESIAN_POINT('',(-0.0853907389151133,0.0611999999999824,0.074654735096268));
#2654=CARTESIAN_POINT('',(-0.0853994535941206,0.0611999999999786,0.074633491003365));
#2655=CARTESIAN_POINT('',(-0.0854080968452485,0.0611999999999737,0.0746122249567346));
#2656=CARTESIAN_POINT('',(-0.0854485476853477,0.0611999999999506,0.0745126988132666));
#2657=CARTESIAN_POINT('',(-0.085487430701313,0.0611999999999243,0.0744126793270598));
#2658=CARTESIAN_POINT('',(-0.0855245246757563,0.0611999999999212,0.0743120870975581));
#2659=CARTESIAN_POINT('',(-0.0855470282938438,0.0611999999999193,0.074251061307002));
#2660=CARTESIAN_POINT('',(-0.0855688734902684,0.0611999999999254,0.0741898247307373));
#2661=CARTESIAN_POINT('',(-0.0855899877514356,0.0611999999999377,0.0741283624333334));
#2662=CARTESIAN_POINT('',(-0.0856111006950454,0.06119999999995,0.0740669039712567));
#2663=CARTESIAN_POINT('',(-0.0856314827900459,0.0611999999999686,0.0740052198139718));
#2664=CARTESIAN_POINT('',(-0.08565105024746,0.0611999999999831,0.0739432865186879));
#2665=CARTESIAN_POINT('',(-0.0856532076002296,0.0611999999999847,0.0739364582444117));
#2666=CARTESIAN_POINT('',(-0.0856553550509466,0.0611999999999862,0.0739296269418838));
#2667=CARTESIAN_POINT('',(-0.0856574924536309,0.0611999999999876,0.073922792572002));
#2668=CARTESIAN_POINT('',(-0.0856747421737378,0.0611999999999993,0.0738676363918235));
#2669=CARTESIAN_POINT('',(-0.0856913424632846,0.0611999999999991,0.073812280261464));
#2670=CARTESIAN_POINT('',(-0.0857072153106548,0.0612,0.0737567075145556));
#2671=CARTESIAN_POINT('',(-0.0857248689861951,0.0612,0.0736948998741292));
#2672=CARTESIAN_POINT('',(-0.0857416227916243,0.0612,0.0736328242719241));
#2673=CARTESIAN_POINT('',(-0.0857573350857006,0.0611999999999936,0.0735704446129985));
#2674=CARTESIAN_POINT('',(-0.085757504409718,0.0611999999999936,0.0735697723766973));
#2675=CARTESIAN_POINT('',(-0.0857576736117528,0.0611999999999935,0.0735691001039006));
#2676=CARTESIAN_POINT('',(-0.085757842691651,0.0611999999999934,0.0735684277945171));
#2677=CARTESIAN_POINT('',(-0.0857737042740649,0.0611999999999867,0.0735053576672537));
#2678=CARTESIAN_POINT('',(-0.0857884913680677,0.0611999999999914,0.073441965768256));
#2679=CARTESIAN_POINT('',(-0.0858020159304293,0.0611999999999949,0.0733781664332153));
#2680=CARTESIAN_POINT('',(-0.0858137535980062,0.061199999999998,0.0733227964059777));
#2681=CARTESIAN_POINT('',(-0.0858245403517317,0.0612,0.0732671195208167));
#2682=CARTESIAN_POINT('',(-0.0858341751785951,0.061199999999997,0.0732110334321967));
#2683=CARTESIAN_POINT('',(-0.0858356339054449,0.0611999999999966,0.0732025419165185));
#2684=CARTESIAN_POINT('',(-0.0858370657340243,0.0611999999999962,0.0731940424496302));
#2685=CARTESIAN_POINT('',(-0.0858384699766528,0.0611999999999959,0.0731855347605352));
#2686=CARTESIAN_POINT('',(-0.0858438088920664,0.0611999999999947,0.073153188617839));
#2687=CARTESIAN_POINT('',(-0.0858487490313183,0.0611999999999946,0.0731207236351959));
#2688=CARTESIAN_POINT('',(-0.0858532257262881,0.0611999999999944,0.0730881527101667));
#2689=CARTESIAN_POINT('',(-0.0858577046837044,0.0611999999999942,0.0730555653243385));
#2690=CARTESIAN_POINT('',(-0.085861719722683,0.061199999999994,0.0730228719223352));
#2691=CARTESIAN_POINT('',(-0.0858651832591662,0.0611999999999914,0.072990202309929));
#2692=CARTESIAN_POINT('',(-0.0858686485514964,0.0611999999999889,0.0729575161355952));
#2693=CARTESIAN_POINT('',(-0.0858715617814702,0.0611999999999849,0.0729248537406862));
#2694=CARTESIAN_POINT('',(-0.0858738300959899,0.0611999999999682,0.0728921821571369));
#2695=CARTESIAN_POINT('',(-0.0858749534598973,0.06119999999996,0.0728760018270123));
#2696=CARTESIAN_POINT('',(-0.0858759186526849,0.0611999999999485,0.0728598192414484));
#2697=CARTESIAN_POINT('',(-0.0858767063622046,0.06119999999993,0.072843635077125));
#2698=CARTESIAN_POINT('',(-0.0858775103169534,0.0611999999999112,0.0728271171407063));
#2699=CARTESIAN_POINT('',(-0.0858781293116082,0.0611999999998824,0.0728106083060577));
#2700=CARTESIAN_POINT('',(-0.0858785416955359,0.0611999999998513,0.0727940954718343));
#2701=CARTESIAN_POINT('',(-0.085878949998085,0.0611999999998204,0.072777746065728));
#2702=CARTESIAN_POINT('',(-0.0858791557851248,0.0611999999997877,0.0727613927354433));
#2703=CARTESIAN_POINT('',(-0.085879126169794,0.0611999999997712,0.0727450214784749));
#2704=CARTESIAN_POINT('',(-0.0858790966058631,0.0611999999997547,0.0727286786351529));
#2705=CARTESIAN_POINT('',(-0.0858788325027981,0.0611999999997564,0.0727123179240516));
#2706=CARTESIAN_POINT('',(-0.0858782886048188,0.0611999999997867,0.0726959235297154));
#2707=CARTESIAN_POINT('',(-0.0858778827950086,0.0611999999998093,0.0726836914451948));
#2708=CARTESIAN_POINT('',(-0.0858773212026932,0.061199999999848,0.0726714406051929));
#2709=CARTESIAN_POINT('',(-0.0858765765387773,0.0611999999998912,0.0726591689082484));
#2710=CARTESIAN_POINT('',(-0.0858763261716382,0.0611999999999057,0.0726550429803093));
#2711=CARTESIAN_POINT('',(-0.0858760559275246,0.0611999999999178,0.072650919804818));
#2712=CARTESIAN_POINT('',(-0.0858757649512727,0.0611999999999279,0.0726467991993391));
#2713=CARTESIAN_POINT('',(-0.085874606239104,0.0611999999999681,0.072630390314839));
#2714=CARTESIAN_POINT('',(-0.0858731188570153,0.0611999999999787,0.0726140221720858));
#2715=CARTESIAN_POINT('',(-0.0858712065564449,0.0611999999999799,0.0725976415535923));
#2716=CARTESIAN_POINT('',(-0.0858692894158508,0.061199999999981,0.0725812194758306));
#2717=CARTESIAN_POINT('',(-0.085866945356283,0.0611999999999784,0.0725647850273196));
#2718=CARTESIAN_POINT('',(-0.0858640363458155,0.0611999999999231,0.0725484366697806));
#2719=CARTESIAN_POINT('',(-0.0858625811716103,0.0611999999998954,0.0725402587314561));
#2720=CARTESIAN_POINT('',(-0.0858609845742469,0.061199999999853,0.0725321022953626));
#2721=CARTESIAN_POINT('',(-0.0858592349510429,0.0611999999997752,0.0725240120273209));
#2722=CARTESIAN_POINT('',(-0.0858574861379097,0.0611999999996975,0.0725159255050515));
#2723=CARTESIAN_POINT('',(-0.0858555844459271,0.0611999999995848,0.0725079050893544));
#2724=CARTESIAN_POINT('',(-0.0858535147240749,0.0611999999994022,0.072499942297665));
#2725=CARTESIAN_POINT('',(-0.0858514471507675,0.0611999999992198,0.0724919877720206));
#2726=CARTESIAN_POINT('',(-0.0858492118878948,0.0611999999989679,0.0724840907377497));
#2727=CARTESIAN_POINT('',(-0.0858468085747252,0.0611999999985928,0.0724762516588262));
#2728=CARTESIAN_POINT('',(-0.0858467777012137,0.061199999998588,0.0724761509562226));
#2729=CARTESIAN_POINT('',(-0.0858467467999643,0.0611999999985832,0.072476050263187));
#2730=CARTESIAN_POINT('',(-0.0858467158710038,0.0611999999985783,0.0724759495797014));
#2731=CARTESIAN_POINT('',(-0.085844341516066,0.0611999999982052,0.072468220308255));
#2732=CARTESIAN_POINT('',(-0.0858417982143779,0.061199999997849,0.0724605533204584));
#2733=CARTESIAN_POINT('',(-0.0858391003737868,0.0611999999975692,0.0724529442516804));
#2734=CARTESIAN_POINT('',(-0.0858336360224055,0.0611999999970025,0.0724375324346787));
#2735=CARTESIAN_POINT('',(-0.0858275375800985,0.0611999999967751,0.0724223585104536));
#2736=CARTESIAN_POINT('',(-0.0858209656375814,0.0611999999968793,0.0724073764129479));
#2737=CARTESIAN_POINT('',(-0.0858143895824266,0.0611999999969836,0.0723923849398367));
#2738=CARTESIAN_POINT('',(-0.0858073395204361,0.0611999999973915,0.0723775853975881));
#2739=CARTESIAN_POINT('',(-0.0857999307279265,0.0611999999978522,0.0723629387415763));
#2740=CARTESIAN_POINT('',(-0.0857925081812582,0.0611999999983137,0.0723482648945708));
#2741=CARTESIAN_POINT('',(-0.0857847256045518,0.0611999999988139,0.0723337444644521));
#2742=CARTESIAN_POINT('',(-0.0857766704151334,0.0611999999991788,0.072319373777086));
#2743=CARTESIAN_POINT('',(-0.0857745334414629,0.0611999999992757,0.0723155613551884));
#2744=CARTESIAN_POINT('',(-0.0857723772814149,0.061199999999364,0.0723117594658001));
#2745=CARTESIAN_POINT('',(-0.0857702037275482,0.0611999999994427,0.0723079689499039));
#2746=CARTESIAN_POINT('',(-0.0857641723950017,0.0611999999996613,0.0722974507556034));
#2747=CARTESIAN_POINT('',(-0.0857579964296614,0.0611999999997757,0.0722869955716502));
#2748=CARTESIAN_POINT('',(-0.0857517091560041,0.0611999999998475,0.0722766214924115));
#2749=CARTESIAN_POINT('',(-0.0857431723577845,0.0611999999999449,0.0722625356698429));
#2750=CARTESIAN_POINT('',(-0.0857344303652473,0.0611999999999657,0.0722485994407332));
#2751=CARTESIAN_POINT('',(-0.0857255070911954,0.0611999999999768,0.0722347787231529));
#2752=CARTESIAN_POINT('',(-0.0857076963826247,0.061199999999999,0.0722071927976703));
#2753=CARTESIAN_POINT('',(-0.0856891629484429,0.0612000000000091,0.0721800671785344));
#2754=CARTESIAN_POINT('',(-0.0856700801599635,0.0611999999998692,0.0721533321028071));
#2755=CARTESIAN_POINT('',(-0.085669862958091,0.0611999999998676,0.0721530278019699));
#2756=CARTESIAN_POINT('',(-0.0856696456851394,0.061199999999866,0.0721527235516939));
#2757=CARTESIAN_POINT('',(-0.0856694283412703,0.0611999999998644,0.0721524193519289));
#2758=CARTESIAN_POINT('',(-0.0856505544185306,0.0611999999997219,0.0721260029506466));
#2759=CARTESIAN_POINT('',(-0.0856311456891129,0.0611999999995457,0.0721000064726608));
#2760=CARTESIAN_POINT('',(-0.0856112973028862,0.061199999999461,0.0720743597797076));
#2761=CARTESIAN_POINT('',(-0.0855911994253212,0.0611999999993753,0.0720483907115411));
#2762=CARTESIAN_POINT('',(-0.0855706507292894,0.0611999999993733,0.0720227802653816));
#2763=CARTESIAN_POINT('',(-0.0855497042812059,0.061199999999428,0.0719974614035409));
#2764=CARTESIAN_POINT('',(-0.0855287398026692,0.0611999999994826,0.0719721207475253));
#2765=CARTESIAN_POINT('',(-0.085507376893654,0.0611999999995875,0.0719470722060924));
#2766=CARTESIAN_POINT('',(-0.0854857171754369,0.0611999999996839,0.0719223333513642));
#2767=CARTESIAN_POINT('',(-0.085469028183486,0.0611999999997582,0.0719032718592757));
#2768=CARTESIAN_POINT('',(-0.0854521629517119,0.0611999999998271,0.0718843942130089));
#2769=CARTESIAN_POINT('',(-0.0854351428694064,0.0611999999998774,0.0718656908719679));
#2770=CARTESIAN_POINT('',(-0.0854079659035913,0.0611999999999577,0.0718358261479921));
#2771=CARTESIAN_POINT('',(-0.0853803709201733,0.0611999999999775,0.0718063745953388));
#2772=CARTESIAN_POINT('',(-0.0853524478410837,0.0611999999999884,0.071777314878544));
#2773=CARTESIAN_POINT('',(-0.085307084599415,0.0612000000000062,0.0717301050793829));
#2774=CARTESIAN_POINT('',(-0.0852608552808693,0.0612,0.0716839296802548));
#2775=CARTESIAN_POINT('',(-0.0852138917013327,0.0612,0.071638608350653));
#2776=CARTESIAN_POINT('',(-0.0852015014105658,0.0612,0.0716266513308251));
#2777=CARTESIAN_POINT('',(-0.085189060038427,0.0612,0.0716147537339497));
#2778=CARTESIAN_POINT('',(-0.0851765701166048,0.0611999999999991,0.0716029140693827));
#2779=CARTESIAN_POINT('',(-0.0851417220906493,0.0611999999999985,0.0715698803207326));
#2780=CARTESIAN_POINT('',(-0.0851064997693202,0.0611999999999985,0.0715373040453107));
#2781=CARTESIAN_POINT('',(-0.085070945878626,0.0611999999999988,0.0715051351674424));
#2782=CARTESIAN_POINT('',(-0.0850226330247883,0.0611999999999991,0.0714614220810762));
#2783=CARTESIAN_POINT('',(-0.0849737079590523,0.0612,0.0714184612299181));
#2784=CARTESIAN_POINT('',(-0.084924236199822,0.0611999999999983,0.071376147343843));
#2785=CARTESIAN_POINT('',(-0.0849171633416043,0.061199999999998,0.0713700978295037));
#2786=CARTESIAN_POINT('',(-0.0849100793069711,0.0611999999999977,0.0713640615405416));
#2787=CARTESIAN_POINT('',(-0.0849029842544635,0.0611999999999973,0.0713580382347899));
#2788=CARTESIAN_POINT('',(-0.0848604519411591,0.0611999999999949,0.071321930661648));
#2789=CARTESIAN_POINT('',(-0.0848175234190186,0.06119999999999,0.0712862924970112));
#2790=CARTESIAN_POINT('',(-0.0847742372112051,0.0611999999999829,0.071251079227038));
#2791=CARTESIAN_POINT('',(-0.0846732333792569,0.0611999999999663,0.0711689127499456));
#2792=CARTESIAN_POINT('',(-0.0845702819891369,0.0611999999999362,0.071089059658507));
#2793=CARTESIAN_POINT('',(-0.0844657079182953,0.0611999999999425,0.0710111087106697));
#2794=CARTESIAN_POINT('',(-0.0844185980145056,0.0611999999999453,0.0709759923417326));
#2795=CARTESIAN_POINT('',(-0.0843711588089353,0.0611999999999562,0.0709412620116771));
#2796=CARTESIAN_POINT('',(-0.0843234137921854,0.0611999999999704,0.0709068952723447));
#2797=CARTESIAN_POINT('',(-0.0842651803739177,0.0611999999999877,0.0708649790087792));
#2798=CARTESIAN_POINT('',(-0.0842065123592431,0.0611999999999932,0.0708236110565422));
#2799=CARTESIAN_POINT('',(-0.0841474443495468,0.0611999999999962,0.0707827428094927));
#2800=CARTESIAN_POINT('',(-0.0840399319553226,0.0612000000000016,0.0707083566381854));
#2801=CARTESIAN_POINT('',(-0.0839310945738032,0.0612,0.0706356255578339));
#2802=CARTESIAN_POINT('',(-0.0838214112426435,0.0612,0.0705645232874411));
#2803=CARTESIAN_POINT('',(-0.0837852728268707,0.0611999999999993,0.0705410965426233));
#2804=CARTESIAN_POINT('',(-0.0837490425550197,0.0611999999999989,0.0705178466766256));
#2805=CARTESIAN_POINT('',(-0.0837127193273085,0.0611999999999984,0.0704947632822882));
#2806=CARTESIAN_POINT('',(-0.0836388374234337,0.0611999999999972,0.0704478113666956));
#2807=CARTESIAN_POINT('',(-0.0835646158879485,0.0611999999999955,0.0704015776032561));
#2808=CARTESIAN_POINT('',(-0.0834900577987213,0.0611999999999941,0.0703559792596669));
#2809=CARTESIAN_POINT('',(-0.0833788082334916,0.0611999999999921,0.0702879410903405));
#2810=CARTESIAN_POINT('',(-0.0832668094141637,0.0611999999999918,0.0702213175528667));
#2811=CARTESIAN_POINT('',(-0.083154145908034,0.0611999999999947,0.070155950261028));
#2812=CARTESIAN_POINT('',(-0.0831306262347138,0.0611999999999954,0.0701423041621031));
#2813=CARTESIAN_POINT('',(-0.0831070775897856,0.0611999999999961,0.0701287128194219));
#2814=CARTESIAN_POINT('',(-0.083083500342494,0.0611999999999968,0.0701151749239699));
#2815=CARTESIAN_POINT('',(-0.0829941370721072,0.0612,0.0700638631403344));
#2816=CARTESIAN_POINT('',(-0.0829043582874721,0.0612,0.0700133127622147));
#2817=CARTESIAN_POINT('',(-0.0828141986304737,0.0612,0.0699634601776072));
#2818=CARTESIAN_POINT('',(-0.0827002670698789,0.0612,0.0699004632347048));
#2819=CARTESIAN_POINT('',(-0.0825857273072227,0.0612,0.0698385805734764));
#2820=CARTESIAN_POINT('',(-0.0824706456743864,0.0611999999999963,0.0697777067765419));
#2821=CARTESIAN_POINT('',(-0.0824605376634709,0.061199999999996,0.0697723600240784));
#2822=CARTESIAN_POINT('',(-0.0824504254723771,0.0611999999999956,0.069767021054359));
#2823=CARTESIAN_POINT('',(-0.0824403091366002,0.0611999999999951,0.0697616898131627));
#2824=CARTESIAN_POINT('',(-0.0822200816344482,0.0611999999999851,0.0696456313945888));
#2825=CARTESIAN_POINT('',(-0.0819978731019122,0.0611999999999665,0.0695332416944569));
#2826=CARTESIAN_POINT('',(-0.0817740353563295,0.0611999999999632,0.0694239547785017));
#2827=CARTESIAN_POINT('',(-0.0815579018377762,0.06119999999996,0.0693184293872602));
#2828=CARTESIAN_POINT('',(-0.0813402493729311,0.061199999999972,0.0692157967705589));
#2829=CARTESIAN_POINT('',(-0.0811212973168581,0.0611999999999859,0.069115677918459));
#2830=CARTESIAN_POINT('',(-0.0811030308748979,0.061199999999987,0.069107325335552));
#2831=CARTESIAN_POINT('',(-0.0810847549838677,0.0611999999999881,0.0690989900001908));
#2832=CARTESIAN_POINT('',(-0.0810664697370142,0.061199999999989,0.0690906716793933));
#2833=CARTESIAN_POINT('',(-0.0808289956166871,0.0612000000000012,0.0689826400006408));
#2834=CARTESIAN_POINT('',(-0.0805899434942123,0.0612,0.0688774778831937));
#2835=CARTESIAN_POINT('',(-0.0803499608238942,0.0612,0.0687749804467304));
#2836=CARTESIAN_POINT('',(-0.0801575411643246,0.0612,0.0686927973382382));
#2837=CARTESIAN_POINT('',(-0.0799645232906985,0.0612,0.0686123274246364));
#2838=CARTESIAN_POINT('',(-0.0797709157680858,0.0611999999999977,0.0685333697980818));
#2839=CARTESIAN_POINT('',(-0.0797231505428668,0.0611999999999972,0.0685138900342574));
#2840=CARTESIAN_POINT('',(-0.0796753559930998,0.0611999999999967,0.0684945052563327));
#2841=CARTESIAN_POINT('',(-0.0796275320372648,0.0611999999999964,0.0684752122432615));
#2842=CARTESIAN_POINT('',(-0.0793858141325733,0.0611999999999948,0.0683776990490196));
#2843=CARTESIAN_POINT('',(-0.0791433451972473,0.061199999999997,0.0682825296688977));
#2844=CARTESIAN_POINT('',(-0.0789001821663672,0.0611999999999984,0.068189389544754));
#2845=CARTESIAN_POINT('',(-0.0787345175136057,0.0611999999999993,0.0681259340668855));
#2846=CARTESIAN_POINT('',(-0.0785685306391733,0.0612,0.0680634206054223));
#2847=CARTESIAN_POINT('',(-0.0784022246424993,0.0612,0.0680017713264336));
#2848=CARTESIAN_POINT('',(-0.0780802833960797,0.0612,0.06788242839163));
#2849=CARTESIAN_POINT('',(-0.0777571535529217,0.0611999999999993,0.0677663270785344));
#2850=CARTESIAN_POINT('',(-0.0774330465499354,0.0611999999999989,0.0676529889677529));
#2851=CARTESIAN_POINT('',(-0.0772953612338545,0.0611999999999988,0.0676048413082973));
#2852=CARTESIAN_POINT('',(-0.0771574995936014,0.0611999999999989,0.0675571922742729));
#2853=CARTESIAN_POINT('',(-0.0770194747386462,0.0611999999999993,0.0675100158963724));
#2854=CARTESIAN_POINT('',(-0.0766647822871262,0.0612,0.0673887833463597));
#2855=CARTESIAN_POINT('',(-0.0763090118826326,0.0612,0.067270663383551));
#2856=CARTESIAN_POINT('',(-0.0759522955357936,0.0612,0.0671551755768479));
#2857=CARTESIAN_POINT('',(-0.0758434392492808,0.0612,0.067119933082674));
#2858=CARTESIAN_POINT('',(-0.0757344948669864,0.0611999999999991,0.0670849357216768));
#2859=CARTESIAN_POINT('',(-0.0756254647142941,0.0611999999999983,0.0670501726775542));
#2860=CARTESIAN_POINT('',(-0.0752381847441978,0.0611999999999954,0.0669266927928087));
#2861=CARTESIAN_POINT('',(-0.0748498698611571,0.0611999999999896,0.0668061892246796));
#2862=CARTESIAN_POINT('',(-0.0744606661440273,0.0611999999999866,0.066688190564759));
#2863=CARTESIAN_POINT('',(-0.0739618698668953,0.0611999999999826,0.0665369656671425));
#2864=CARTESIAN_POINT('',(-0.0734616137299542,0.0611999999999848,0.0663898549488712));
#2865=CARTESIAN_POINT('',(-0.0729604294521169,0.0611999999999915,0.0662461451993514));
#2866=CARTESIAN_POINT('',(-0.0729109283956461,0.0611999999999922,0.0662319512496587));
#2867=CARTESIAN_POINT('',(-0.072861418284791,0.0611999999999929,0.066217790477614));
#2868=CARTESIAN_POINT('',(-0.0728118992654124,0.0611999999999935,0.0662036622046521));
#2869=CARTESIAN_POINT('',(-0.0723600586370342,0.0612,0.0660747475408903));
#2870=CARTESIAN_POINT('',(-0.0719074664471565,0.0612,0.0659485299748443));
#2871=CARTESIAN_POINT('',(-0.0714542528808471,0.0612,0.0658244998480304));
#2872=CARTESIAN_POINT('',(-0.0709625097348865,0.0612,0.0656899254017048));
#2873=CARTESIAN_POINT('',(-0.0704700350737871,0.0612,0.0655579261199354));
#2874=CARTESIAN_POINT('',(-0.0699769862185184,0.0612,0.0654280014450878));
#2875=CARTESIAN_POINT('',(-0.0694616072267954,0.0612,0.0652921924938909));
#2876=CARTESIAN_POINT('',(-0.0689455929500212,0.0612,0.0651586465149634));
#2877=CARTESIAN_POINT('',(-0.0684291061047089,0.0612,0.0650267879662384));
#2878=CARTESIAN_POINT('',(-0.0679960904622766,0.0611999999999993,0.0649162395278715));
#2879=CARTESIAN_POINT('',(-0.0675627426568804,0.0611999999999991,0.0648068771739173));
#2880=CARTESIAN_POINT('',(-0.067129136607718,0.0612,0.0646984311606742));
#2881=CARTESIAN_POINT('',(-0.0665507653927716,0.0612,0.0645537789987482));
#2882=CARTESIAN_POINT('',(-0.0659719378982776,0.0612,0.0644107534805648));
#2883=CARTESIAN_POINT('',(-0.0653928334579642,0.0612,0.064268713349726));
#2884=CARTESIAN_POINT('',(-0.0650199354207888,0.0612,0.0641772505974091));
#2885=CARTESIAN_POINT('',(-0.0646469225529178,0.0612,0.0640861964214708));
#2886=CARTESIAN_POINT('',(-0.0642738377838226,0.0612,0.0639953986617576));
#2887=CARTESIAN_POINT('',(-0.063633155497438,0.0612,0.0638394756085792));
#2888=CARTESIAN_POINT('',(-0.0629922623590463,0.0611999999999993,0.0636843047164644));
#2889=CARTESIAN_POINT('',(-0.0623513732208033,0.0611999999999987,0.063529119309089));
#2890=CARTESIAN_POINT('',(-0.0620394756388945,0.0611999999999984,0.0634535961797056));
#2891=CARTESIAN_POINT('',(-0.061727579005045,0.0611999999999985,0.0633780696128169));
#2892=CARTESIAN_POINT('',(-0.0614157070775422,0.0611999999999991,0.0633024548764692));
#2893=CARTESIAN_POINT('',(-0.0607135681503476,0.0612,0.0631322181697405));
#2894=CARTESIAN_POINT('',(-0.0600115565473482,0.0612000000000009,0.0629615266648458));
#2895=CARTESIAN_POINT('',(-0.0593099472159727,0.061199999999999,0.0627894039460337));
#2896=CARTESIAN_POINT('',(-0.0590595667869347,0.0611999999999983,0.0627279792211104));
#2897=CARTESIAN_POINT('',(-0.0588092375892431,0.0611999999999971,0.0626663722266113));
#2898=CARTESIAN_POINT('',(-0.0585589724493032,0.0611999999999939,0.062604536881407));
#2899=CARTESIAN_POINT('',(-0.0577964576068359,0.0611999999999842,0.0624161352185997));
#2900=CARTESIAN_POINT('',(-0.0570345412187475,0.0611999999998818,0.0622256028210856));
#2901=CARTESIAN_POINT('',(-0.0562735746976131,0.0611999999998814,0.0620316815777141));
#2902=CARTESIAN_POINT('',(-0.0560849219762039,0.0611999999998813,0.0619836061771741));
#2903=CARTESIAN_POINT('',(-0.0558963276271367,0.0611999999998905,0.061935322495468));
#2904=CARTESIAN_POINT('',(-0.0557077978211599,0.0611999999999087,0.0618868093088656));
#2905=CARTESIAN_POINT('',(-0.0548862722923657,0.0611999999999877,0.0616754113229052));
#2906=CARTESIAN_POINT('',(-0.0540659611336833,0.0611999999999908,0.0614596011932399));
#2907=CARTESIAN_POINT('',(-0.0532474165436537,0.0611999999999936,0.0612375765777916));
#2908=CARTESIAN_POINT('',(-0.0522410081451727,0.0611999999999969,0.0609645951906096));
#2909=CARTESIAN_POINT('',(-0.0512372703227719,0.0612000000000078,0.060682219079153));
#2910=CARTESIAN_POINT('',(-0.0502372679746989,0.0611999999999233,0.0603864345696701));
#2911=CARTESIAN_POINT('',(-0.0501715280207928,0.0611999999999177,0.0603669897553084));
#2912=CARTESIAN_POINT('',(-0.0501058042101239,0.0611999999999116,0.0603474869960222));
#2913=CARTESIAN_POINT('',(-0.050040097059715,0.061199999999905,0.0603279249477805));
#2914=CARTESIAN_POINT('',(-0.0491063096562277,0.0611999999998105,0.0600499218062528));
#2915=CARTESIAN_POINT('',(-0.0481758601132969,0.0612000000000012,0.0597600309150697));
#2916=CARTESIAN_POINT('',(-0.0472499006925785,0.0611999999999984,0.0594541291131617));
#2917=CARTESIAN_POINT('',(-0.0472446628734702,0.0611999999999983,0.0594523987367894));
#2918=CARTESIAN_POINT('',(-0.0472394251981185,0.0611999999999983,0.0594506678479913));
#2919=CARTESIAN_POINT('',(-0.04723418766653,0.0611999999999983,0.0594489364456604));
#2920=CARTESIAN_POINT('',(-0.0465979112210903,0.061199999999996,0.0592385987126892));
#2921=CARTESIAN_POINT('',(-0.0459637589699152,0.0611999999999196,0.0590206854076555));
#2922=CARTESIAN_POINT('',(-0.04533221739325,0.0611999999999061,0.0587934897735324));
#2923=CARTESIAN_POINT('',(-0.0450395419959897,0.0611999999998999,0.058688200470453));
#2924=CARTESIAN_POINT('',(-0.0447474270579445,0.0611999999999309,0.0585809182229179));
#2925=CARTESIAN_POINT('',(-0.044455919706952,0.0611999999999695,0.0584714769162292));
#2926=CARTESIAN_POINT('',(-0.0444018642624849,0.0611999999999767,0.0584511827505556));
#2927=CARTESIAN_POINT('',(-0.0443478312924589,0.0611999999999818,0.0584308142543508));
#2928=CARTESIAN_POINT('',(-0.0442938193469131,0.0611999999999856,0.0584103697308902));
#2929=CARTESIAN_POINT('',(-0.0438879374258671,0.0612000000000144,0.0582567358935375));
#2930=CARTESIAN_POINT('',(-0.0434832413519199,0.0612,0.0580988134583322));
#2931=CARTESIAN_POINT('',(-0.043079900106319,0.0612,0.0579360381436412));
#2932=CARTESIAN_POINT('',(-0.0426999028390396,0.0612,0.0577826836939346));
#2933=CARTESIAN_POINT('',(-0.0423211020106822,0.0612,0.0576250099214305));
#2934=CARTESIAN_POINT('',(-0.0419447079900168,0.0612,0.0574629584771379));
#2935=CARTESIAN_POINT('',(-0.0418684204674383,0.0612,0.057430113897956));
#2936=CARTESIAN_POINT('',(-0.0417922317477108,0.0612,0.0573970896441088));
#2937=CARTESIAN_POINT('',(-0.0417161517891708,0.0612,0.0573638854752925));
#2938=CARTESIAN_POINT('',(-0.0416050718020794,0.0612,0.0573154059714352));
#2939=CARTESIAN_POINT('',(-0.0414942162756745,0.0612,0.0572665381108811));
#2940=CARTESIAN_POINT('',(-0.0413836002973005,0.061199999999999,0.057217274639413));
#2941=CARTESIAN_POINT('',(-0.0408134667593197,0.0611999999999925,0.0569633623412602));
#2942=CARTESIAN_POINT('',(-0.0402496958412692,0.0611999999997952,0.0566989439668096));
#2943=CARTESIAN_POINT('',(-0.0396930548621667,0.0611999999997556,0.0564221323607407));
#2944=CARTESIAN_POINT('',(-0.0394798443152824,0.0611999999997404,0.0563161050358947));
#2945=CARTESIAN_POINT('',(-0.0392676799638655,0.0611999999997746,0.0562082589917703));
#2946=CARTESIAN_POINT('',(-0.0390566055541509,0.0611999999998483,0.0560984861389723));
#2947=CARTESIAN_POINT('',(-0.038893725878988,0.0611999999999052,0.0560137777812438));
#2948=CARTESIAN_POINT('',(-0.0387315034126903,0.0611999999999362,0.0559279184214259));
#2949=CARTESIAN_POINT('',(-0.0385699684085405,0.0611999999999563,0.0558408621882574));
#2950=CARTESIAN_POINT('',(-0.0381113011222239,0.0612000000000135,0.0555936721353368));
#2951=CARTESIAN_POINT('',(-0.0376581768515317,0.0612,0.055336831834363));
#2952=CARTESIAN_POINT('',(-0.0372113737774803,0.0612,0.0550689532047604));
#2953=CARTESIAN_POINT('',(-0.0369759474382097,0.0612,0.0549278044777287));
#2954=CARTESIAN_POINT('',(-0.0367422760022356,0.0612,0.0547835912381837));
#2955=CARTESIAN_POINT('',(-0.0365105248843673,0.0612,0.0546361280006984));
#2956=CARTESIAN_POINT('',(-0.0363024475039953,0.0612,0.0545037283625032));
#2957=CARTESIAN_POINT('',(-0.0360958741927094,0.0611999999999991,0.0543686709586571));
#2958=CARTESIAN_POINT('',(-0.0358909266554237,0.0611999999999776,0.0542308271545652));
#2959=CARTESIAN_POINT('',(-0.0356888503659996,0.0611999999999563,0.0540949144970145));
#2960=CARTESIAN_POINT('',(-0.0354883546342959,0.0611999999999133,0.0539562929789899));
#2961=CARTESIAN_POINT('',(-0.0352894676193063,0.0611999999999025,0.0538147125736853));
#2962=CARTESIAN_POINT('',(-0.0350619892891138,0.06119999999989,0.0536527790548563));
#2963=CARTESIAN_POINT('',(-0.0348368244038151,0.0611999999999563,0.0534871326119767));
#2964=CARTESIAN_POINT('',(-0.0346139096771699,0.0611999999999816,0.0533173123633055));
#2965=CARTESIAN_POINT('',(-0.0344442611604789,0.0612000000000008,0.0531880712237688));
#2966=CARTESIAN_POINT('',(-0.0342759161423759,0.0612,0.0530564125354163));
#2967=CARTESIAN_POINT('',(-0.0341092330301305,0.0612,0.0529224546742615));
#2968=CARTESIAN_POINT('',(-0.0338652505417582,0.0612,0.052726373788434));
#2969=CARTESIAN_POINT('',(-0.0336244362206841,0.0611999999999625,0.0525250325373249));
#2970=CARTESIAN_POINT('',(-0.0333883133473658,0.0611999999999085,0.052319152179761));
#2971=CARTESIAN_POINT('',(-0.0332511597886864,0.0611999999998771,0.0521995651897111));
#2972=CARTESIAN_POINT('',(-0.0331155887005932,0.0611999999998768,0.0520784476036498));
#2973=CARTESIAN_POINT('',(-0.0329816903050324,0.061199999999929,0.0519558142939057));
#2974=CARTESIAN_POINT('',(-0.0327417781776333,0.0612000000000225,0.0517360863568569));
#2975=CARTESIAN_POINT('',(-0.0325074998656038,0.0612,0.051511663128235));
#2976=CARTESIAN_POINT('',(-0.0322788615237552,0.0612,0.0512821568371223));
#2977=CARTESIAN_POINT('',(-0.0322656329173726,0.0612,0.0512688780127443));
#2978=CARTESIAN_POINT('',(-0.0322524232016048,0.0612,0.0512555821621859));
#2979=CARTESIAN_POINT('',(-0.0322392323815318,0.0612,0.0512422692065126));
#2980=CARTESIAN_POINT('',(-0.0321341077145267,0.0612,0.051136171175893));
#2981=CARTESIAN_POINT('',(-0.0320301830283946,0.0612,0.0510289868872419));
#2982=CARTESIAN_POINT('',(-0.0319274666031427,0.0612,0.0509206726581196));
#2983=CARTESIAN_POINT('',(-0.0316699811610657,0.0612,0.0506491548643454));
#2984=CARTESIAN_POINT('',(-0.0314200767352727,0.061200000000005,0.0503705243460862));
#2985=CARTESIAN_POINT('',(-0.0311782141569838,0.0611999999999949,0.0500843647270389));
#2986=CARTESIAN_POINT('',(-0.0311022395638167,0.0611999999999918,0.0499944754155473));
#2987=CARTESIAN_POINT('',(-0.0310270585592277,0.0611999999999865,0.0499038431415155));
#2988=CARTESIAN_POINT('',(-0.0309526844277447,0.0611999999999741,0.0498124459212579));
#2989=CARTESIAN_POINT('',(-0.0307231797137232,0.0611999999999358,0.0495304111266414));
#2990=CARTESIAN_POINT('',(-0.0305014835158343,0.0611999999999886,0.0492413101190716));
#2991=CARTESIAN_POINT('',(-0.030288103470457,0.0611999999999973,0.0489446934383844));
#2992=CARTESIAN_POINT('',(-0.0302627836300237,0.0611999999999983,0.0489094966747341));
#2993=CARTESIAN_POINT('',(-0.0302375808493873,0.061199999999999,0.0488741941372629));
#2994=CARTESIAN_POINT('',(-0.0302124959480276,0.0612,0.0488387851162198));
#2995=CARTESIAN_POINT('',(-0.030162383842644,0.0612,0.0487680485177935));
#2996=CARTESIAN_POINT('',(-0.030112742186286,0.0612,0.048696886969662));
#2997=CARTESIAN_POINT('',(-0.0300636197686556,0.0612,0.0486253630178362));
#2998=CARTESIAN_POINT('',(-0.0299631742112058,0.0612,0.0484791107859893));
#2999=CARTESIAN_POINT('',(-0.0298647405280714,0.0611999999999963,0.0483311047662945));
#3000=CARTESIAN_POINT('',(-0.0297687948833445,0.0611999999999943,0.0481819676719844));
#3001=CARTESIAN_POINT('',(-0.0297305649554445,0.0611999999999935,0.0481225433971369));
#3002=CARTESIAN_POINT('',(-0.0296927299301761,0.0611999999999942,0.0480629396729778));
#3003=CARTESIAN_POINT('',(-0.0296552916136848,0.0611999999999963,0.0480031607950144));
#3004=CARTESIAN_POINT('',(-0.0295529187254774,0.0612000000000021,0.0478396989472487));
#3005=CARTESIAN_POINT('',(-0.0294536195175731,0.0612,0.0476750668363966));
#3006=CARTESIAN_POINT('',(-0.029357281757205,0.0612,0.0475091095113749));
#3007=CARTESIAN_POINT('',(-0.0293299684473774,0.0612,0.047462057931401));
#3008=CARTESIAN_POINT('',(-0.0293028932749598,0.0612,0.0474148997881231));
#3009=CARTESIAN_POINT('',(-0.0292760552990566,0.0612,0.0473676325106732));
#3010=CARTESIAN_POINT('',(-0.0290567503055886,0.0611999999999976,0.0469813906416968));
#3011=CARTESIAN_POINT('',(-0.0288532412332877,0.0611999999999974,0.0465878092358844));
#3012=CARTESIAN_POINT('',(-0.0286658805843228,0.0611999999999989,0.0461869062026537));
#3013=CARTESIAN_POINT('',(-0.0286552003161891,0.061199999999999,0.0461640532080992));
#3014=CARTESIAN_POINT('',(-0.0286445725085976,0.061199999999999,0.0461411764286286));
#3015=CARTESIAN_POINT('',(-0.0286339972222206,0.0611999999999991,0.0461182758698283));
#3016=CARTESIAN_POINT('',(-0.0286245293480068,0.0611999999999992,0.0460977733886265));
#3017=CARTESIAN_POINT('',(-0.0286151035712031,0.0611999999999993,0.0460772518475426));
#3018=CARTESIAN_POINT('',(-0.028605719959721,0.0611999999999993,0.0460567112824012));
#3019=CARTESIAN_POINT('',(-0.0284174386647575,0.0612,0.0456445667459955));
#3020=CARTESIAN_POINT('',(-0.0282461269420789,0.0612,0.0452247504372764));
#3021=CARTESIAN_POINT('',(-0.0280922156430623,0.0612,0.0447972400487961));
#3022=CARTESIAN_POINT('',(-0.0280795848520419,0.0612,0.0447621562413664));
#3023=CARTESIAN_POINT('',(-0.0280670712748668,0.0612,0.0447270206047542));
#3024=CARTESIAN_POINT('',(-0.0280546751641221,0.0612,0.0446918331204155));
#3025=CARTESIAN_POINT('',(-0.0280516863965676,0.0612,0.0446833492327119));
#3026=CARTESIAN_POINT('',(-0.0280487044569145,0.0611999999999993,0.0446748623022048));
#3027=CARTESIAN_POINT('',(-0.0280457293511532,0.0611999999999993,0.0446663723386536));
#3028=CARTESIAN_POINT('',(-0.0279673541526303,0.0611999999999985,0.0444427155572918));
#3029=CARTESIAN_POINT('',(-0.0278937238877744,0.0611999999999914,0.0442169530708916));
#3030=CARTESIAN_POINT('',(-0.0278248431421005,0.0611999999999971,0.0439887271336194));
#3031=CARTESIAN_POINT('',(-0.0278176346756463,0.0611999999999977,0.043964842969813));
#3032=CARTESIAN_POINT('',(-0.0278104791792099,0.0611999999999981,0.0439409342850167));
#3033=CARTESIAN_POINT('',(-0.027803376291815,0.0611999999999984,0.0439169995359785));
#3034=CARTESIAN_POINT('',(-0.0277517741544042,0.061200000000001,0.043743114728281));
#3035=CARTESIAN_POINT('',(-0.0277029447250945,0.0612,0.0435678558460955));
#3036=CARTESIAN_POINT('',(-0.0276570582674253,0.0612,0.0433918316920572));
#3037=CARTESIAN_POINT('',(-0.0276466157437377,0.0612,0.0433517733286206));
#3038=CARTESIAN_POINT('',(-0.0276363258421202,0.0612,0.0433116752823777));
#3039=CARTESIAN_POINT('',(-0.0276261909519111,0.061199999999999,0.0432715447001618));
#3040=CARTESIAN_POINT('',(-0.0276161400393461,0.0611999999999987,0.0432317466397282));
#3041=CARTESIAN_POINT('',(-0.0276062396011095,0.0611999999999984,0.043191909497705));
#3042=CARTESIAN_POINT('',(-0.0275964936245936,0.0611999999999981,0.0431520458888272));
#3043=CARTESIAN_POINT('',(-0.0275472845931798,0.0611999999999964,0.0429507679996051));
#3044=CARTESIAN_POINT('',(-0.0275020157433439,0.0611999999999971,0.0427488147123103));
#3045=CARTESIAN_POINT('',(-0.027460704023328,0.0611999999999989,0.0425466960406124));
#3046=CARTESIAN_POINT('',(-0.0274495955173865,0.0612,0.0424923473844786));
#3047=CARTESIAN_POINT('',(-0.0274387728069009,0.0612,0.0424379837904581));
#3048=CARTESIAN_POINT('',(-0.0274282350090777,0.0612,0.0423836101815661));
#3049=CARTESIAN_POINT('',(-0.0273918219662322,0.0612,0.042195723814466));
#3050=CARTESIAN_POINT('',(-0.0273588102134815,0.0612,0.042007718057483));
#3051=CARTESIAN_POINT('',(-0.027329114139397,0.0612,0.0418194341399979));
#3052=CARTESIAN_POINT('',(-0.0273184940028686,0.0612,0.0417520986092437));
#3053=CARTESIAN_POINT('',(-0.0273082987685799,0.0612,0.041684732670788));
#3054=CARTESIAN_POINT('',(-0.0272985251838345,0.0612,0.0416173329846941));
#3055=CARTESIAN_POINT('',(-0.0272616527431461,0.0612,0.0413630566886716));
#3056=CARTESIAN_POINT('',(-0.0272307824667415,0.0612,0.041108299914858));
#3057=CARTESIAN_POINT('',(-0.027205812793158,0.0612,0.0408531282406521));
#3058=CARTESIAN_POINT('',(-0.0271896755792347,0.0612,0.0406882177991897));
#3059=CARTESIAN_POINT('',(-0.0271760026281432,0.0612,0.040523134125669));
#3060=CARTESIAN_POINT('',(-0.0271647681879068,0.0612,0.0403578774470118));
#3061=CARTESIAN_POINT('',(-0.0271587220973798,0.0612,0.0402689404979212));
#3062=CARTESIAN_POINT('',(-0.0271533825164454,0.0612,0.0401799552091916));
#3063=CARTESIAN_POINT('',(-0.0271487451086085,0.0612,0.0400909207832442));
#3064=CARTESIAN_POINT('',(-0.027135565953469,0.0612,0.0398378918167217));
#3065=CARTESIAN_POINT('',(-0.0271280583041891,0.0612,0.0395844659995534));
#3066=CARTESIAN_POINT('',(-0.0271261454646931,0.0612,0.0393306437867476));
#3067=CARTESIAN_POINT('',(-0.0271250325508446,0.0612,0.0391829668612768));
#3068=CARTESIAN_POINT('',(-0.0271258134052957,0.0612,0.0390351557512768));
#3069=CARTESIAN_POINT('',(-0.0271284756988469,0.0612,0.0388872097585416));
#3070=CARTESIAN_POINT('',(-0.0271303637822263,0.0612,0.0387822873055619));
#3071=CARTESIAN_POINT('',(-0.0271331978861831,0.0612,0.0386772971358491));
#3072=CARTESIAN_POINT('',(-0.0271369734769903,0.0612,0.0385722395611327));
#3073=CARTESIAN_POINT('',(-0.0271460230752569,0.0612,0.0383204302696601));
#3074=CARTESIAN_POINT('',(-0.0271604818733593,0.0612,0.0380682337468288));
#3075=CARTESIAN_POINT('',(-0.0271802989131471,0.0612,0.0378156561380666));
#3076=CARTESIAN_POINT('',(-0.0271852365119185,0.0612,0.0377527240904923));
#3077=CARTESIAN_POINT('',(-0.0271905067251179,0.0612,0.0376897683842499));
#3078=CARTESIAN_POINT('',(-0.027196108901692,0.0612,0.0376267891228005));
#3079=CARTESIAN_POINT('',(-0.027201703626278,0.0612,0.0375638936360601));
#3080=CARTESIAN_POINT('',(-0.0272076294316929,0.0612,0.0375009746567393));
#3081=CARTESIAN_POINT('',(-0.027213885614275,0.0612,0.0374380322843631));
#3082=CARTESIAN_POINT('',(-0.0272148916355855,0.0612,0.0374279108777208));
#3083=CARTESIAN_POINT('',(-0.0272159061997585,0.0612,0.037417788866179));
#3084=CARTESIAN_POINT('',(-0.0272169293046863,0.0612,0.0374076662501974));
#3085=CARTESIAN_POINT('',(-0.0272658930911995,0.0612,0.0413801962239483));
#3086=CARTESIAN_POINT('',(-0.0272658930911994,0.0611999999999993,0.0413801962239483));
#3087=CARTESIAN_POINT('',(-0.0287656852476805,0.0611999993375438,0.0426386712692942));
#3088=CARTESIAN_POINT('',(-0.0316876664307394,0.0602329140613405,0.0450905046023059));
#3089=CARTESIAN_POINT('',(-0.0345458819485885,0.0590547381171212,0.0474888321891582));
#3090=CARTESIAN_POINT('',(-0.0360435319865647,0.0589525132356348,0.0487455097836567));
#3091=CARTESIAN_POINT('',(-0.0360435319865647,0.0589525132356348,0.0487455097836567));
#3092=CARTESIAN_POINT('',(-0.0361051604032809,0.0595298589222167,0.0494499258100594));
#3093=CARTESIAN_POINT('',(-0.0361803806058619,0.0594092510592469,0.0493602818633978));
#3094=CARTESIAN_POINT('',(-0.0362673923620755,0.0591659065881906,0.049152213238856));
#3095=CARTESIAN_POINT('',(-0.0361733810303527,0.0589436501482807,0.048854466068408));
#3096=CARTESIAN_POINT('',(-0.0360435319865645,0.0589525132356348,0.0487455097836566));
#3097=CARTESIAN_POINT('',(-0.036105160403281,0.0595298589222167,0.0494499258100593));
#3098=CARTESIAN_POINT('',(-0.036105160403281,0.0595298589222167,0.0494499258100593));
#3099=CARTESIAN_POINT('',(-0.0355929664860364,0.0603511092202124,0.0500603347510404));
#3100=CARTESIAN_POINT('',(-0.0349083298586924,0.0609187218323486,0.050876252911299));
#3101=CARTESIAN_POINT('',(-0.0341767975742212,0.0611177603036636,0.0517480591394162));
#3102=CARTESIAN_POINT('',(-0.0341767975742212,0.0611177603036636,0.0517480591394163));
#3103=CARTESIAN_POINT('',(-0.0334723815478185,0.0611825621889797,0.0518096875561325));
#3104=CARTESIAN_POINT('',(-0.0336756608366724,0.061181899887053,0.0519802591324358));
#3105=CARTESIAN_POINT('',(-0.0340088121572697,0.0611634665032436,0.0519482563635717));
#3106=CARTESIAN_POINT('',(-0.0341767975742212,0.0611177603036636,0.0517480591394163));
#3107=CARTESIAN_POINT('',(-0.0334723815478185,0.0611825621889797,0.0518096875561325));
#3108=CARTESIAN_POINT('',(-0.0306742016053305,0.0611999999999402,0.0494617357984231));
#3109=CARTESIAN_POINT('',(-0.031606940756573,0.0611999987961559,0.0502443968762153));
#3110=CARTESIAN_POINT('',(-0.0325396461878803,0.0611856011233909,0.0510270296596223));
#3111=CARTESIAN_POINT('',(-0.0334723815478185,0.0611825621889797,0.0518096875561325));
#3112=CARTESIAN_POINT('',(-0.0306742016053305,0.0611999999999402,0.0494617357984232));
#3113=CARTESIAN_POINT('',(-0.0738368863346965,0.0612,0.0885367383988059));
#3114=CARTESIAN_POINT('',(-0.0740199243547311,0.0612,0.088369731908966));
#3115=CARTESIAN_POINT('',(-0.0742024204180655,0.0612,0.0882022021996723));
#3116=CARTESIAN_POINT('',(-0.0743843494090711,0.0612,0.0880341259373591));
#3117=CARTESIAN_POINT('',(-0.0747619142716094,0.0612,0.087685310223462));
#3118=CARTESIAN_POINT('',(-0.075137036611039,0.0612,0.0873341403577711));
#3119=CARTESIAN_POINT('',(-0.0755094507301564,0.0612,0.0869803647800838));
#3120=CARTESIAN_POINT('',(-0.0756620626073232,0.0612,0.0868353908055885));
#3121=CARTESIAN_POINT('',(-0.0758142197172652,0.0612,0.0866899792789871));
#3122=CARTESIAN_POINT('',(-0.0759659003580915,0.0612,0.0865441091140697));
#3123=CARTESIAN_POINT('',(-0.0761846194244742,0.0612,0.0863337685847179));
#3124=CARTESIAN_POINT('',(-0.0764023474182673,0.0612,0.086122474471036));
#3125=CARTESIAN_POINT('',(-0.0766190207158112,0.0612,0.0859101630820515));
#3126=CARTESIAN_POINT('',(-0.0769862363736026,0.0612,0.0855503399416537));
#3127=CARTESIAN_POINT('',(-0.0773504224640009,0.0612,0.0851875947246816));
#3128=CARTESIAN_POINT('',(-0.0777111974020165,0.061199999999998,0.0848215496545003));
#3129=CARTESIAN_POINT('',(-0.0778190092648336,0.0611999999999972,0.0847121628963504));
#3130=CARTESIAN_POINT('',(-0.0779265165225628,0.0611999999999962,0.0846024814715634));
#3131=CARTESIAN_POINT('',(-0.0780337068815446,0.0611999999999944,0.0844924922155404));
#3132=CARTESIAN_POINT('',(-0.0782855148527922,0.0611999999999902,0.0842341091698892));
#3133=CARTESIAN_POINT('',(-0.0785355662868371,0.0611999999999815,0.0839740344164213));
#3134=CARTESIAN_POINT('',(-0.0787836940394744,0.0611999999999736,0.0837121030426247));
#3135=CARTESIAN_POINT('',(-0.0791378088738543,0.0611999999999623,0.0833382884085701));
#3136=CARTESIAN_POINT('',(-0.0794880053163561,0.0611999999999612,0.082960691951981));
#3137=CARTESIAN_POINT('',(-0.0798336141998055,0.0611999999999803,0.0825787593621634));
#3138=CARTESIAN_POINT('',(-0.0798974301405001,0.0611999999999839,0.0825082363268238));
#3139=CARTESIAN_POINT('',(-0.0799610896868178,0.0611999999999877,0.0824375654715792));
#3140=CARTESIAN_POINT('',(-0.0800245886465104,0.0611999999999912,0.08236674055718));
#3141=CARTESIAN_POINT('',(-0.0803053975537909,0.0612000000000065,0.0820535343736934));
#3142=CARTESIAN_POINT('',(-0.0805830565208958,0.0611999999999992,0.0817373559272532));
#3143=CARTESIAN_POINT('',(-0.0808572524047439,0.0612,0.08141759715907));
#3144=CARTESIAN_POINT('',(-0.0808996001280022,0.0612,0.0813682125525822));
#3145=CARTESIAN_POINT('',(-0.0809418652422241,0.0612,0.0813187425461066));
#3146=CARTESIAN_POINT('',(-0.0809840444925769,0.0612,0.0812691859677493));
#3147=CARTESIAN_POINT('',(-0.0812771429776393,0.0612,0.08092482332688));
#3148=CARTESIAN_POINT('',(-0.0815661423316326,0.0612000000000007,0.0805762306680572));
#3149=CARTESIAN_POINT('',(-0.0818496792562549,0.0611999999999992,0.0802233946974935));
#3150=CARTESIAN_POINT('',(-0.0818711413125349,0.0611999999999991,0.080196687116222));
#3151=CARTESIAN_POINT('',(-0.0818925720919292,0.061199999999999,0.0801699552388233));
#3152=CARTESIAN_POINT('',(-0.0819139703418264,0.0611999999999988,0.0801431997600371));
#3153=CARTESIAN_POINT('',(-0.0820544310352568,0.0611999999999978,0.0799675735699778));
#3154=CARTESIAN_POINT('',(-0.0821935802909251,0.0611999999999982,0.0797908119418197));
#3155=CARTESIAN_POINT('',(-0.0823310986496489,0.0611999999999988,0.0796130599448572));
#3156=CARTESIAN_POINT('',(-0.0824895271002451,0.0612,0.0794082802068609));
#3157=CARTESIAN_POINT('',(-0.0826457910029391,0.0612,0.0792021861130837));
#3158=CARTESIAN_POINT('',(-0.0827997448856061,0.0612,0.0789945090551549));
#3159=CARTESIAN_POINT('',(-0.0828014701109228,0.0612,0.0789921818016175));
#3160=CARTESIAN_POINT('',(-0.0828031950461367,0.0612,0.0789898543492778));
#3161=CARTESIAN_POINT('',(-0.0828049196908168,0.0612,0.07898752669788));
#3162=CARTESIAN_POINT('',(-0.0829570960992455,0.0612,0.078782143157787));
#3163=CARTESIAN_POINT('',(-0.0831069377313169,0.0612,0.0785753003413049));
#3164=CARTESIAN_POINT('',(-0.0832541664694895,0.0611999999999989,0.0783668092846065));
#3165=CARTESIAN_POINT('',(-0.0833867506284068,0.0611999999999981,0.0781790564604144));
#3166=CARTESIAN_POINT('',(-0.083517215849768,0.0611999999999991,0.0779899669843259));
#3167=CARTESIAN_POINT('',(-0.0836453200123349,0.0611999999999826,0.0777993412565966));
#3168=CARTESIAN_POINT('',(-0.0836611049699847,0.0611999999999806,0.0777758524098733));
#3169=CARTESIAN_POINT('',(-0.0836768538607923,0.0611999999999785,0.0777523402653443));
#3170=CARTESIAN_POINT('',(-0.0836925662016357,0.0611999999999766,0.0777288044892717));
#3171=CARTESIAN_POINT('',(-0.0838357859400728,0.061199999999959,0.0775142732665437));
#3172=CARTESIAN_POINT('',(-0.0839759689701738,0.0611999999999564,0.0772977786678311));
#3173=CARTESIAN_POINT('',(-0.0841126285846336,0.0611999999999677,0.0770790043048769));
#3174=CARTESIAN_POINT('',(-0.0842177639677979,0.0611999999999764,0.0769106961579046));
#3175=CARTESIAN_POINT('',(-0.0843208139835081,0.0611999999999899,0.076741038707269));
#3176=CARTESIAN_POINT('',(-0.0844214695498487,0.0611999999999962,0.0765698289179035));
#3177=CARTESIAN_POINT('',(-0.0844516383339705,0.0611999999999981,0.0765185134133298));
#3178=CARTESIAN_POINT('',(-0.0844815924456696,0.0611999999999988,0.0764670588087655));
#3179=CARTESIAN_POINT('',(-0.0845113226938815,0.0611999999999992,0.0764154610879519));
#3180=CARTESIAN_POINT('',(-0.0845757864748597,0.0612,0.0763035822987201));
#3181=CARTESIAN_POINT('',(-0.0846391976811592,0.0612,0.0761910305990132));
#3182=CARTESIAN_POINT('',(-0.0847014335158606,0.0611999999999991,0.0760777486050912));
#3183=CARTESIAN_POINT('',(-0.0847274444783748,0.0611999999999986,0.0760304033142058));
#3184=CARTESIAN_POINT('',(-0.0847532501475877,0.0611999999999978,0.0759829304681859));
#3185=CARTESIAN_POINT('',(-0.0847788402780463,0.0611999999999961,0.0759353243298308));
#3186=CARTESIAN_POINT('',(-0.0848144963187904,0.0611999999999937,0.0758689922565494));
#3187=CARTESIAN_POINT('',(-0.0848497324076868,0.0611999999999899,0.075802402778125));
#3188=CARTESIAN_POINT('',(-0.0848845292533855,0.0611999999999865,0.0757355228862772));
#3189=CARTESIAN_POINT('',(-0.0849442846857549,0.0611999999999806,0.0756206723366385));
#3190=CARTESIAN_POINT('',(-0.0850027452628954,0.0611999999999771,0.0755049656234092));
#3191=CARTESIAN_POINT('',(-0.0850597597957644,0.0611999999999837,0.0753882389714479));
#3192=CARTESIAN_POINT('',(-0.0850766790389874,0.0611999999999857,0.0753535999677456));
#3193=CARTESIAN_POINT('',(-0.0850934708849797,0.0611999999999883,0.0753188711156321));
#3194=CARTESIAN_POINT('',(-0.0851101309362786,0.0611999999999911,0.0752840441915562));
#3195=CARTESIAN_POINT('',(-0.0851495806223619,0.0611999999999978,0.0752015767851004));
#3196=CARTESIAN_POINT('',(-0.0851882436652447,0.0611999999999987,0.0751186696426329));
#3197=CARTESIAN_POINT('',(-0.0852260674715303,0.061199999999999,0.0750352181215901));
#3198=CARTESIAN_POINT('',(-0.085279910919335,0.0612,0.0749164221023966));
#3199=CARTESIAN_POINT('',(-0.0853320540521444,0.0612000000000024,0.0747965233304014));
#3200=CARTESIAN_POINT('',(-0.0853819547256675,0.0611999999999854,0.0746759585369784));
#3201=CARTESIAN_POINT('',(-0.0853907389151133,0.0611999999999824,0.074654735096268));
#3202=CARTESIAN_POINT('',(-0.0853994535941206,0.0611999999999786,0.074633491003365));
#3203=CARTESIAN_POINT('',(-0.0854080968452485,0.0611999999999737,0.0746122249567346));
#3204=CARTESIAN_POINT('',(-0.0854485476853477,0.0611999999999506,0.0745126988132666));
#3205=CARTESIAN_POINT('',(-0.085487430701313,0.0611999999999243,0.0744126793270598));
#3206=CARTESIAN_POINT('',(-0.0855245246757563,0.0611999999999212,0.0743120870975581));
#3207=CARTESIAN_POINT('',(-0.0855470282938438,0.0611999999999193,0.074251061307002));
#3208=CARTESIAN_POINT('',(-0.0855688734902684,0.0611999999999254,0.0741898247307373));
#3209=CARTESIAN_POINT('',(-0.0855899877514356,0.0611999999999377,0.0741283624333334));
#3210=CARTESIAN_POINT('',(-0.0856111006950454,0.06119999999995,0.0740669039712567));
#3211=CARTESIAN_POINT('',(-0.0856314827900459,0.0611999999999686,0.0740052198139718));
#3212=CARTESIAN_POINT('',(-0.08565105024746,0.0611999999999831,0.0739432865186879));
#3213=CARTESIAN_POINT('',(-0.0856532076002296,0.0611999999999847,0.0739364582444117));
#3214=CARTESIAN_POINT('',(-0.0856553550509466,0.0611999999999862,0.0739296269418838));
#3215=CARTESIAN_POINT('',(-0.0856574924536309,0.0611999999999876,0.073922792572002));
#3216=CARTESIAN_POINT('',(-0.0856747421737378,0.0611999999999993,0.0738676363918235));
#3217=CARTESIAN_POINT('',(-0.0856913424632846,0.0611999999999991,0.073812280261464));
#3218=CARTESIAN_POINT('',(-0.0857072153106548,0.0612,0.0737567075145556));
#3219=CARTESIAN_POINT('',(-0.0857248689861951,0.0612,0.0736948998741292));
#3220=CARTESIAN_POINT('',(-0.0857416227916243,0.0612,0.0736328242719241));
#3221=CARTESIAN_POINT('',(-0.0857573350857006,0.0611999999999936,0.0735704446129985));
#3222=CARTESIAN_POINT('',(-0.085757504409718,0.0611999999999936,0.0735697723766973));
#3223=CARTESIAN_POINT('',(-0.0857576736117528,0.0611999999999935,0.0735691001039006));
#3224=CARTESIAN_POINT('',(-0.085757842691651,0.0611999999999934,0.0735684277945171));
#3225=CARTESIAN_POINT('',(-0.0857737042740649,0.0611999999999867,0.0735053576672537));
#3226=CARTESIAN_POINT('',(-0.0857884913680677,0.0611999999999914,0.073441965768256));
#3227=CARTESIAN_POINT('',(-0.0858020159304293,0.0611999999999949,0.0733781664332153));
#3228=CARTESIAN_POINT('',(-0.0858137535980062,0.061199999999998,0.0733227964059777));
#3229=CARTESIAN_POINT('',(-0.0858245403517317,0.0612,0.0732671195208167));
#3230=CARTESIAN_POINT('',(-0.0858341751785951,0.061199999999997,0.0732110334321967));
#3231=CARTESIAN_POINT('',(-0.0858356339054449,0.0611999999999966,0.0732025419165185));
#3232=CARTESIAN_POINT('',(-0.0858370657340243,0.0611999999999962,0.0731940424496302));
#3233=CARTESIAN_POINT('',(-0.0858384699766528,0.0611999999999959,0.0731855347605352));
#3234=CARTESIAN_POINT('',(-0.0858438088920664,0.0611999999999947,0.073153188617839));
#3235=CARTESIAN_POINT('',(-0.0858487490313183,0.0611999999999946,0.0731207236351959));
#3236=CARTESIAN_POINT('',(-0.0858532257262881,0.0611999999999944,0.0730881527101667));
#3237=CARTESIAN_POINT('',(-0.0858577046837044,0.0611999999999942,0.0730555653243385));
#3238=CARTESIAN_POINT('',(-0.085861719722683,0.061199999999994,0.0730228719223352));
#3239=CARTESIAN_POINT('',(-0.0858651832591662,0.0611999999999914,0.072990202309929));
#3240=CARTESIAN_POINT('',(-0.0858686485514964,0.0611999999999889,0.0729575161355952));
#3241=CARTESIAN_POINT('',(-0.0858715617814702,0.0611999999999849,0.0729248537406862));
#3242=CARTESIAN_POINT('',(-0.0858738300959899,0.0611999999999682,0.0728921821571369));
#3243=CARTESIAN_POINT('',(-0.0858749534598973,0.06119999999996,0.0728760018270123));
#3244=CARTESIAN_POINT('',(-0.0858759186526849,0.0611999999999485,0.0728598192414484));
#3245=CARTESIAN_POINT('',(-0.0858767063622046,0.06119999999993,0.072843635077125));
#3246=CARTESIAN_POINT('',(-0.0858775103169534,0.0611999999999112,0.0728271171407063));
#3247=CARTESIAN_POINT('',(-0.0858781293116082,0.0611999999998824,0.0728106083060577));
#3248=CARTESIAN_POINT('',(-0.0858785416955359,0.0611999999998513,0.0727940954718343));
#3249=CARTESIAN_POINT('',(-0.085878949998085,0.0611999999998204,0.072777746065728));
#3250=CARTESIAN_POINT('',(-0.0858791557851248,0.0611999999997877,0.0727613927354433));
#3251=CARTESIAN_POINT('',(-0.085879126169794,0.0611999999997712,0.0727450214784749));
#3252=CARTESIAN_POINT('',(-0.0858790966058631,0.0611999999997547,0.0727286786351529));
#3253=CARTESIAN_POINT('',(-0.0858788325027981,0.0611999999997564,0.0727123179240516));
#3254=CARTESIAN_POINT('',(-0.0858782886048188,0.0611999999997867,0.0726959235297154));
#3255=CARTESIAN_POINT('',(-0.0858778827950086,0.0611999999998093,0.0726836914451948));
#3256=CARTESIAN_POINT('',(-0.0858773212026932,0.061199999999848,0.0726714406051929));
#3257=CARTESIAN_POINT('',(-0.0858765765387773,0.0611999999998912,0.0726591689082484));
#3258=CARTESIAN_POINT('',(-0.0858763261716382,0.0611999999999057,0.0726550429803093));
#3259=CARTESIAN_POINT('',(-0.0858760559275246,0.0611999999999178,0.072650919804818));
#3260=CARTESIAN_POINT('',(-0.0858757649512727,0.0611999999999279,0.0726467991993391));
#3261=CARTESIAN_POINT('',(-0.085874606239104,0.0611999999999681,0.072630390314839));
#3262=CARTESIAN_POINT('',(-0.0858731188570153,0.0611999999999787,0.0726140221720858));
#3263=CARTESIAN_POINT('',(-0.0858712065564449,0.0611999999999799,0.0725976415535923));
#3264=CARTESIAN_POINT('',(-0.0858692894158508,0.061199999999981,0.0725812194758306));
#3265=CARTESIAN_POINT('',(-0.085866945356283,0.0611999999999784,0.0725647850273196));
#3266=CARTESIAN_POINT('',(-0.0858640363458155,0.0611999999999231,0.0725484366697806));
#3267=CARTESIAN_POINT('',(-0.0858625811716103,0.0611999999998954,0.0725402587314561));
#3268=CARTESIAN_POINT('',(-0.0858609845742469,0.061199999999853,0.0725321022953626));
#3269=CARTESIAN_POINT('',(-0.0858592349510429,0.0611999999997752,0.0725240120273209));
#3270=CARTESIAN_POINT('',(-0.0858574861379097,0.0611999999996975,0.0725159255050515));
#3271=CARTESIAN_POINT('',(-0.0858555844459271,0.0611999999995848,0.0725079050893544));
#3272=CARTESIAN_POINT('',(-0.0858535147240749,0.0611999999994022,0.072499942297665));
#3273=CARTESIAN_POINT('',(-0.0858514471507675,0.0611999999992198,0.0724919877720206));
#3274=CARTESIAN_POINT('',(-0.0858492118878948,0.0611999999989679,0.0724840907377497));
#3275=CARTESIAN_POINT('',(-0.0858468085747252,0.0611999999985928,0.0724762516588262));
#3276=CARTESIAN_POINT('',(-0.0858467777012137,0.061199999998588,0.0724761509562226));
#3277=CARTESIAN_POINT('',(-0.0858467467999643,0.0611999999985832,0.072476050263187));
#3278=CARTESIAN_POINT('',(-0.0858467158710038,0.0611999999985783,0.0724759495797014));
#3279=CARTESIAN_POINT('',(-0.085844341516066,0.0611999999982052,0.072468220308255));
#3280=CARTESIAN_POINT('',(-0.0858417982143779,0.061199999997849,0.0724605533204584));
#3281=CARTESIAN_POINT('',(-0.0858391003737868,0.0611999999975692,0.0724529442516804));
#3282=CARTESIAN_POINT('',(-0.0858336360224055,0.0611999999970025,0.0724375324346787));
#3283=CARTESIAN_POINT('',(-0.0858275375800985,0.0611999999967751,0.0724223585104536));
#3284=CARTESIAN_POINT('',(-0.0858209656375814,0.0611999999968793,0.0724073764129479));
#3285=CARTESIAN_POINT('',(-0.0858143895824266,0.0611999999969836,0.0723923849398367));
#3286=CARTESIAN_POINT('',(-0.0858073395204361,0.0611999999973915,0.0723775853975881));
#3287=CARTESIAN_POINT('',(-0.0857999307279265,0.0611999999978522,0.0723629387415763));
#3288=CARTESIAN_POINT('',(-0.0857925081812582,0.0611999999983137,0.0723482648945708));
#3289=CARTESIAN_POINT('',(-0.0857847256045518,0.0611999999988139,0.0723337444644521));
#3290=CARTESIAN_POINT('',(-0.0857766704151334,0.0611999999991788,0.072319373777086));
#3291=CARTESIAN_POINT('',(-0.0857745334414629,0.0611999999992757,0.0723155613551884));
#3292=CARTESIAN_POINT('',(-0.0857723772814149,0.061199999999364,0.0723117594658001));
#3293=CARTESIAN_POINT('',(-0.0857702037275482,0.0611999999994427,0.0723079689499039));
#3294=CARTESIAN_POINT('',(-0.0857641723950017,0.0611999999996613,0.0722974507556034));
#3295=CARTESIAN_POINT('',(-0.0857579964296614,0.0611999999997757,0.0722869955716502));
#3296=CARTESIAN_POINT('',(-0.0857517091560041,0.0611999999998475,0.0722766214924115));
#3297=CARTESIAN_POINT('',(-0.0857431723577845,0.0611999999999449,0.0722625356698429));
#3298=CARTESIAN_POINT('',(-0.0857344303652473,0.0611999999999657,0.0722485994407332));
#3299=CARTESIAN_POINT('',(-0.0857255070911954,0.0611999999999768,0.0722347787231529));
#3300=CARTESIAN_POINT('',(-0.0857076963826247,0.061199999999999,0.0722071927976703));
#3301=CARTESIAN_POINT('',(-0.0856891629484429,0.0612000000000091,0.0721800671785344));
#3302=CARTESIAN_POINT('',(-0.0856700801599635,0.0611999999998692,0.0721533321028071));
#3303=CARTESIAN_POINT('',(-0.085669862958091,0.0611999999998676,0.0721530278019699));
#3304=CARTESIAN_POINT('',(-0.0856696456851394,0.061199999999866,0.0721527235516939));
#3305=CARTESIAN_POINT('',(-0.0856694283412703,0.0611999999998644,0.0721524193519289));
#3306=CARTESIAN_POINT('',(-0.0856505544185306,0.0611999999997219,0.0721260029506466));
#3307=CARTESIAN_POINT('',(-0.0856311456891129,0.0611999999995457,0.0721000064726608));
#3308=CARTESIAN_POINT('',(-0.0856112973028862,0.061199999999461,0.0720743597797076));
#3309=CARTESIAN_POINT('',(-0.0855911994253212,0.0611999999993753,0.0720483907115411));
#3310=CARTESIAN_POINT('',(-0.0855706507292894,0.0611999999993733,0.0720227802653816));
#3311=CARTESIAN_POINT('',(-0.0855497042812059,0.061199999999428,0.0719974614035409));
#3312=CARTESIAN_POINT('',(-0.0855287398026692,0.0611999999994826,0.0719721207475253));
#3313=CARTESIAN_POINT('',(-0.085507376893654,0.0611999999995875,0.0719470722060924));
#3314=CARTESIAN_POINT('',(-0.0854857171754369,0.0611999999996839,0.0719223333513642));
#3315=CARTESIAN_POINT('',(-0.085469028183486,0.0611999999997582,0.0719032718592757));
#3316=CARTESIAN_POINT('',(-0.0854521629517119,0.0611999999998271,0.0718843942130089));
#3317=CARTESIAN_POINT('',(-0.0854351428694064,0.0611999999998774,0.0718656908719679));
#3318=CARTESIAN_POINT('',(-0.0854079659035913,0.0611999999999577,0.0718358261479921));
#3319=CARTESIAN_POINT('',(-0.0853803709201733,0.0611999999999775,0.0718063745953388));
#3320=CARTESIAN_POINT('',(-0.0853524478410837,0.0611999999999884,0.071777314878544));
#3321=CARTESIAN_POINT('',(-0.085307084599415,0.0612000000000062,0.0717301050793829));
#3322=CARTESIAN_POINT('',(-0.0852608552808693,0.0612,0.0716839296802548));
#3323=CARTESIAN_POINT('',(-0.0852138917013327,0.0612,0.071638608350653));
#3324=CARTESIAN_POINT('',(-0.0852015014105658,0.0612,0.0716266513308251));
#3325=CARTESIAN_POINT('',(-0.085189060038427,0.0612,0.0716147537339497));
#3326=CARTESIAN_POINT('',(-0.0851765701166048,0.0611999999999991,0.0716029140693827));
#3327=CARTESIAN_POINT('',(-0.0851417220906493,0.0611999999999985,0.0715698803207326));
#3328=CARTESIAN_POINT('',(-0.0851064997693202,0.0611999999999985,0.0715373040453107));
#3329=CARTESIAN_POINT('',(-0.085070945878626,0.0611999999999988,0.0715051351674424));
#3330=CARTESIAN_POINT('',(-0.0850226330247883,0.0611999999999991,0.0714614220810762));
#3331=CARTESIAN_POINT('',(-0.0849737079590523,0.0612,0.0714184612299181));
#3332=CARTESIAN_POINT('',(-0.084924236199822,0.0611999999999983,0.071376147343843));
#3333=CARTESIAN_POINT('',(-0.0849171633416043,0.061199999999998,0.0713700978295037));
#3334=CARTESIAN_POINT('',(-0.0849100793069711,0.0611999999999977,0.0713640615405416));
#3335=CARTESIAN_POINT('',(-0.0849029842544635,0.0611999999999973,0.0713580382347899));
#3336=CARTESIAN_POINT('',(-0.0848604519411591,0.0611999999999949,0.071321930661648));
#3337=CARTESIAN_POINT('',(-0.0848175234190186,0.06119999999999,0.0712862924970112));
#3338=CARTESIAN_POINT('',(-0.0847742372112051,0.0611999999999829,0.071251079227038));
#3339=CARTESIAN_POINT('',(-0.0846732333792569,0.0611999999999663,0.0711689127499456));
#3340=CARTESIAN_POINT('',(-0.0845702819891369,0.0611999999999362,0.071089059658507));
#3341=CARTESIAN_POINT('',(-0.0844657079182953,0.0611999999999425,0.0710111087106697));
#3342=CARTESIAN_POINT('',(-0.0844185980145056,0.0611999999999453,0.0709759923417326));
#3343=CARTESIAN_POINT('',(-0.0843711588089353,0.0611999999999562,0.0709412620116771));
#3344=CARTESIAN_POINT('',(-0.0843234137921854,0.0611999999999704,0.0709068952723447));
#3345=CARTESIAN_POINT('',(-0.0842651803739177,0.0611999999999877,0.0708649790087792));
#3346=CARTESIAN_POINT('',(-0.0842065123592431,0.0611999999999932,0.0708236110565422));
#3347=CARTESIAN_POINT('',(-0.0841474443495468,0.0611999999999962,0.0707827428094927));
#3348=CARTESIAN_POINT('',(-0.0840399319553226,0.0612000000000016,0.0707083566381854));
#3349=CARTESIAN_POINT('',(-0.0839310945738032,0.0612,0.0706356255578339));
#3350=CARTESIAN_POINT('',(-0.0838214112426435,0.0612,0.0705645232874411));
#3351=CARTESIAN_POINT('',(-0.0837852728268707,0.0611999999999993,0.0705410965426233));
#3352=CARTESIAN_POINT('',(-0.0837490425550197,0.0611999999999989,0.0705178466766256));
#3353=CARTESIAN_POINT('',(-0.0837127193273085,0.0611999999999984,0.0704947632822882));
#3354=CARTESIAN_POINT('',(-0.0836388374234337,0.0611999999999972,0.0704478113666956));
#3355=CARTESIAN_POINT('',(-0.0835646158879485,0.0611999999999955,0.0704015776032561));
#3356=CARTESIAN_POINT('',(-0.0834900577987213,0.0611999999999941,0.0703559792596669));
#3357=CARTESIAN_POINT('',(-0.0833788082334916,0.0611999999999921,0.0702879410903405));
#3358=CARTESIAN_POINT('',(-0.0832668094141637,0.0611999999999918,0.0702213175528667));
#3359=CARTESIAN_POINT('',(-0.083154145908034,0.0611999999999947,0.070155950261028));
#3360=CARTESIAN_POINT('',(-0.0831306262347138,0.0611999999999954,0.0701423041621031));
#3361=CARTESIAN_POINT('',(-0.0831070775897856,0.0611999999999961,0.0701287128194219));
#3362=CARTESIAN_POINT('',(-0.083083500342494,0.0611999999999968,0.0701151749239699));
#3363=CARTESIAN_POINT('',(-0.0829941370721072,0.0612,0.0700638631403344));
#3364=CARTESIAN_POINT('',(-0.0829043582874721,0.0612,0.0700133127622147));
#3365=CARTESIAN_POINT('',(-0.0828141986304737,0.0612,0.0699634601776072));
#3366=CARTESIAN_POINT('',(-0.0827002670698789,0.0612,0.0699004632347048));
#3367=CARTESIAN_POINT('',(-0.0825857273072227,0.0612,0.0698385805734764));
#3368=CARTESIAN_POINT('',(-0.0824706456743864,0.0611999999999963,0.0697777067765419));
#3369=CARTESIAN_POINT('',(-0.0824605376634709,0.061199999999996,0.0697723600240784));
#3370=CARTESIAN_POINT('',(-0.0824504254723771,0.0611999999999956,0.069767021054359));
#3371=CARTESIAN_POINT('',(-0.0824403091366002,0.0611999999999951,0.0697616898131627));
#3372=CARTESIAN_POINT('',(-0.0822200816344482,0.0611999999999851,0.0696456313945888));
#3373=CARTESIAN_POINT('',(-0.0819978731019122,0.0611999999999665,0.0695332416944569));
#3374=CARTESIAN_POINT('',(-0.0817740353563295,0.0611999999999632,0.0694239547785017));
#3375=CARTESIAN_POINT('',(-0.0815579018377762,0.06119999999996,0.0693184293872602));
#3376=CARTESIAN_POINT('',(-0.0813402493729311,0.061199999999972,0.0692157967705589));
#3377=CARTESIAN_POINT('',(-0.0811212973168581,0.0611999999999859,0.069115677918459));
#3378=CARTESIAN_POINT('',(-0.0811030308748979,0.061199999999987,0.069107325335552));
#3379=CARTESIAN_POINT('',(-0.0810847549838677,0.0611999999999881,0.0690989900001908));
#3380=CARTESIAN_POINT('',(-0.0810664697370142,0.061199999999989,0.0690906716793933));
#3381=CARTESIAN_POINT('',(-0.0808289956166871,0.0612000000000012,0.0689826400006408));
#3382=CARTESIAN_POINT('',(-0.0805899434942123,0.0612,0.0688774778831937));
#3383=CARTESIAN_POINT('',(-0.0803499608238942,0.0612,0.0687749804467304));
#3384=CARTESIAN_POINT('',(-0.0801575411643246,0.0612,0.0686927973382382));
#3385=CARTESIAN_POINT('',(-0.0799645232906985,0.0612,0.0686123274246364));
#3386=CARTESIAN_POINT('',(-0.0797709157680858,0.0611999999999977,0.0685333697980818));
#3387=CARTESIAN_POINT('',(-0.0797231505428668,0.0611999999999972,0.0685138900342574));
#3388=CARTESIAN_POINT('',(-0.0796753559930998,0.0611999999999967,0.0684945052563327));
#3389=CARTESIAN_POINT('',(-0.0796275320372648,0.0611999999999964,0.0684752122432615));
#3390=CARTESIAN_POINT('',(-0.0793858141325733,0.0611999999999948,0.0683776990490196));
#3391=CARTESIAN_POINT('',(-0.0791433451972473,0.061199999999997,0.0682825296688977));
#3392=CARTESIAN_POINT('',(-0.0789001821663672,0.0611999999999984,0.068189389544754));
#3393=CARTESIAN_POINT('',(-0.0787345175136057,0.0611999999999993,0.0681259340668855));
#3394=CARTESIAN_POINT('',(-0.0785685306391733,0.0612,0.0680634206054223));
#3395=CARTESIAN_POINT('',(-0.0784022246424993,0.0612,0.0680017713264336));
#3396=CARTESIAN_POINT('',(-0.0780802833960797,0.0612,0.06788242839163));
#3397=CARTESIAN_POINT('',(-0.0777571535529217,0.0611999999999993,0.0677663270785344));
#3398=CARTESIAN_POINT('',(-0.0774330465499354,0.0611999999999989,0.0676529889677529));
#3399=CARTESIAN_POINT('',(-0.0772953612338545,0.0611999999999988,0.0676048413082973));
#3400=CARTESIAN_POINT('',(-0.0771574995936014,0.0611999999999989,0.0675571922742729));
#3401=CARTESIAN_POINT('',(-0.0770194747386462,0.0611999999999993,0.0675100158963724));
#3402=CARTESIAN_POINT('',(-0.0766647822871262,0.0612,0.0673887833463597));
#3403=CARTESIAN_POINT('',(-0.0763090118826326,0.0612,0.067270663383551));
#3404=CARTESIAN_POINT('',(-0.0759522955357936,0.0612,0.0671551755768479));
#3405=CARTESIAN_POINT('',(-0.0758434392492808,0.0612,0.067119933082674));
#3406=CARTESIAN_POINT('',(-0.0757344948669864,0.0611999999999991,0.0670849357216768));
#3407=CARTESIAN_POINT('',(-0.0756254647142941,0.0611999999999983,0.0670501726775542));
#3408=CARTESIAN_POINT('',(-0.0752381847441978,0.0611999999999954,0.0669266927928087));
#3409=CARTESIAN_POINT('',(-0.0748498698611571,0.0611999999999896,0.0668061892246796));
#3410=CARTESIAN_POINT('',(-0.0744606661440273,0.0611999999999866,0.066688190564759));
#3411=CARTESIAN_POINT('',(-0.0739618698668953,0.0611999999999826,0.0665369656671425));
#3412=CARTESIAN_POINT('',(-0.0734616137299542,0.0611999999999848,0.0663898549488712));
#3413=CARTESIAN_POINT('',(-0.0729604294521169,0.0611999999999915,0.0662461451993514));
#3414=CARTESIAN_POINT('',(-0.0729109283956461,0.0611999999999922,0.0662319512496587));
#3415=CARTESIAN_POINT('',(-0.072861418284791,0.0611999999999929,0.066217790477614));
#3416=CARTESIAN_POINT('',(-0.0728118992654124,0.0611999999999935,0.0662036622046521));
#3417=CARTESIAN_POINT('',(-0.0723600586370342,0.0612,0.0660747475408903));
#3418=CARTESIAN_POINT('',(-0.0719074664471565,0.0612,0.0659485299748443));
#3419=CARTESIAN_POINT('',(-0.0714542528808471,0.0612,0.0658244998480304));
#3420=CARTESIAN_POINT('',(-0.0709625097348865,0.0612,0.0656899254017048));
#3421=CARTESIAN_POINT('',(-0.0704700350737871,0.0612,0.0655579261199354));
#3422=CARTESIAN_POINT('',(-0.0699769862185184,0.0612,0.0654280014450878));
#3423=CARTESIAN_POINT('',(-0.0694616072267954,0.0612,0.0652921924938909));
#3424=CARTESIAN_POINT('',(-0.0689455929500212,0.0612,0.0651586465149634));
#3425=CARTESIAN_POINT('',(-0.0684291061047089,0.0612,0.0650267879662384));
#3426=CARTESIAN_POINT('',(-0.0679960904622766,0.0611999999999993,0.0649162395278715));
#3427=CARTESIAN_POINT('',(-0.0675627426568804,0.0611999999999991,0.0648068771739173));
#3428=CARTESIAN_POINT('',(-0.067129136607718,0.0612,0.0646984311606742));
#3429=CARTESIAN_POINT('',(-0.0665507653927716,0.0612,0.0645537789987482));
#3430=CARTESIAN_POINT('',(-0.0659719378982776,0.0612,0.0644107534805648));
#3431=CARTESIAN_POINT('',(-0.0653928334579642,0.0612,0.064268713349726));
#3432=CARTESIAN_POINT('',(-0.0650199354207888,0.0612,0.0641772505974091));
#3433=CARTESIAN_POINT('',(-0.0646469225529178,0.0612,0.0640861964214708));
#3434=CARTESIAN_POINT('',(-0.0642738377838226,0.0612,0.0639953986617576));
#3435=CARTESIAN_POINT('',(-0.063633155497438,0.0612,0.0638394756085792));
#3436=CARTESIAN_POINT('',(-0.0629922623590463,0.0611999999999993,0.0636843047164644));
#3437=CARTESIAN_POINT('',(-0.0623513732208033,0.0611999999999987,0.063529119309089));
#3438=CARTESIAN_POINT('',(-0.0620394756388945,0.0611999999999984,0.0634535961797056));
#3439=CARTESIAN_POINT('',(-0.061727579005045,0.0611999999999985,0.0633780696128169));
#3440=CARTESIAN_POINT('',(-0.0614157070775422,0.0611999999999991,0.0633024548764692));
#3441=CARTESIAN_POINT('',(-0.0607135681503476,0.0612,0.0631322181697405));
#3442=CARTESIAN_POINT('',(-0.0600115565473482,0.0612000000000009,0.0629615266648458));
#3443=CARTESIAN_POINT('',(-0.0593099472159727,0.061199999999999,0.0627894039460337));
#3444=CARTESIAN_POINT('',(-0.0590595667869347,0.0611999999999983,0.0627279792211104));
#3445=CARTESIAN_POINT('',(-0.0588092375892431,0.0611999999999971,0.0626663722266113));
#3446=CARTESIAN_POINT('',(-0.0585589724493032,0.0611999999999939,0.062604536881407));
#3447=CARTESIAN_POINT('',(-0.0577964576068359,0.0611999999999842,0.0624161352185997));
#3448=CARTESIAN_POINT('',(-0.0570345412187475,0.0611999999998818,0.0622256028210856));
#3449=CARTESIAN_POINT('',(-0.0562735746976131,0.0611999999998814,0.0620316815777141));
#3450=CARTESIAN_POINT('',(-0.0560849219762039,0.0611999999998813,0.0619836061771741));
#3451=CARTESIAN_POINT('',(-0.0558963276271367,0.0611999999998905,0.061935322495468));
#3452=CARTESIAN_POINT('',(-0.0557077978211599,0.0611999999999087,0.0618868093088656));
#3453=CARTESIAN_POINT('',(-0.0548862722923657,0.0611999999999877,0.0616754113229052));
#3454=CARTESIAN_POINT('',(-0.0540659611336833,0.0611999999999908,0.0614596011932399));
#3455=CARTESIAN_POINT('',(-0.0532474165436537,0.0611999999999936,0.0612375765777916));
#3456=CARTESIAN_POINT('',(-0.0522410081451727,0.0611999999999969,0.0609645951906096));
#3457=CARTESIAN_POINT('',(-0.0512372703227719,0.0612000000000078,0.060682219079153));
#3458=CARTESIAN_POINT('',(-0.0502372679746989,0.0611999999999233,0.0603864345696701));
#3459=CARTESIAN_POINT('',(-0.0501715280207928,0.0611999999999177,0.0603669897553084));
#3460=CARTESIAN_POINT('',(-0.0501058042101239,0.0611999999999116,0.0603474869960222));
#3461=CARTESIAN_POINT('',(-0.050040097059715,0.061199999999905,0.0603279249477805));
#3462=CARTESIAN_POINT('',(-0.0491063096562277,0.0611999999998105,0.0600499218062528));
#3463=CARTESIAN_POINT('',(-0.0481758601132969,0.0612000000000012,0.0597600309150697));
#3464=CARTESIAN_POINT('',(-0.0472499006925785,0.0611999999999984,0.0594541291131617));
#3465=CARTESIAN_POINT('',(-0.0472446628734702,0.0611999999999983,0.0594523987367894));
#3466=CARTESIAN_POINT('',(-0.0472394251981185,0.0611999999999983,0.0594506678479913));
#3467=CARTESIAN_POINT('',(-0.04723418766653,0.0611999999999983,0.0594489364456604));
#3468=CARTESIAN_POINT('',(-0.0465979112210903,0.061199999999996,0.0592385987126892));
#3469=CARTESIAN_POINT('',(-0.0459637589699152,0.0611999999999196,0.0590206854076555));
#3470=CARTESIAN_POINT('',(-0.04533221739325,0.0611999999999061,0.0587934897735324));
#3471=CARTESIAN_POINT('',(-0.0450395419959897,0.0611999999998999,0.058688200470453));
#3472=CARTESIAN_POINT('',(-0.0447474270579445,0.0611999999999309,0.0585809182229179));
#3473=CARTESIAN_POINT('',(-0.044455919706952,0.0611999999999695,0.0584714769162292));
#3474=CARTESIAN_POINT('',(-0.0444018642624849,0.0611999999999767,0.0584511827505556));
#3475=CARTESIAN_POINT('',(-0.0443478312924589,0.0611999999999818,0.0584308142543508));
#3476=CARTESIAN_POINT('',(-0.0442938193469131,0.0611999999999856,0.0584103697308902));
#3477=CARTESIAN_POINT('',(-0.0438879374258671,0.0612000000000144,0.0582567358935375));
#3478=CARTESIAN_POINT('',(-0.0434832413519199,0.0612,0.0580988134583322));
#3479=CARTESIAN_POINT('',(-0.043079900106319,0.0612,0.0579360381436412));
#3480=CARTESIAN_POINT('',(-0.0426999028390396,0.0612,0.0577826836939346));
#3481=CARTESIAN_POINT('',(-0.0423211020106822,0.0612,0.0576250099214305));
#3482=CARTESIAN_POINT('',(-0.0419447079900168,0.0612,0.0574629584771379));
#3483=CARTESIAN_POINT('',(-0.0418684204674383,0.0612,0.057430113897956));
#3484=CARTESIAN_POINT('',(-0.0417922317477108,0.0612,0.0573970896441088));
#3485=CARTESIAN_POINT('',(-0.0417161517891708,0.0612,0.0573638854752925));
#3486=CARTESIAN_POINT('',(-0.0416050718020794,0.0612,0.0573154059714352));
#3487=CARTESIAN_POINT('',(-0.0414942162756745,0.0612,0.0572665381108811));
#3488=CARTESIAN_POINT('',(-0.0413836002973005,0.061199999999999,0.057217274639413));
#3489=CARTESIAN_POINT('',(-0.0408134667593197,0.0611999999999925,0.0569633623412602));
#3490=CARTESIAN_POINT('',(-0.0402496958412692,0.0611999999997952,0.0566989439668096));
#3491=CARTESIAN_POINT('',(-0.0396930548621667,0.0611999999997556,0.0564221323607407));
#3492=CARTESIAN_POINT('',(-0.0394798443152824,0.0611999999997404,0.0563161050358947));
#3493=CARTESIAN_POINT('',(-0.0392676799638655,0.0611999999997746,0.0562082589917703));
#3494=CARTESIAN_POINT('',(-0.0390566055541509,0.0611999999998483,0.0560984861389723));
#3495=CARTESIAN_POINT('',(-0.038893725878988,0.0611999999999052,0.0560137777812438));
#3496=CARTESIAN_POINT('',(-0.0387315034126903,0.0611999999999362,0.0559279184214259));
#3497=CARTESIAN_POINT('',(-0.0385699684085405,0.0611999999999563,0.0558408621882574));
#3498=CARTESIAN_POINT('',(-0.0381113011222239,0.0612000000000135,0.0555936721353368));
#3499=CARTESIAN_POINT('',(-0.0376581768515317,0.0612,0.055336831834363));
#3500=CARTESIAN_POINT('',(-0.0372113737774803,0.0612,0.0550689532047604));
#3501=CARTESIAN_POINT('',(-0.0369759474382097,0.0612,0.0549278044777287));
#3502=CARTESIAN_POINT('',(-0.0367422760022356,0.0612,0.0547835912381837));
#3503=CARTESIAN_POINT('',(-0.0365105248843673,0.0612,0.0546361280006984));
#3504=CARTESIAN_POINT('',(-0.0363024475039953,0.0612,0.0545037283625032));
#3505=CARTESIAN_POINT('',(-0.0360958741927094,0.0611999999999991,0.0543686709586571));
#3506=CARTESIAN_POINT('',(-0.0358909266554237,0.0611999999999776,0.0542308271545652));
#3507=CARTESIAN_POINT('',(-0.0356888503659996,0.0611999999999563,0.0540949144970145));
#3508=CARTESIAN_POINT('',(-0.0354883546342959,0.0611999999999133,0.0539562929789899));
#3509=CARTESIAN_POINT('',(-0.0352894676193063,0.0611999999999025,0.0538147125736853));
#3510=CARTESIAN_POINT('',(-0.0350619892891138,0.06119999999989,0.0536527790548563));
#3511=CARTESIAN_POINT('',(-0.0348368244038151,0.0611999999999563,0.0534871326119767));
#3512=CARTESIAN_POINT('',(-0.0346139096771699,0.0611999999999816,0.0533173123633055));
#3513=CARTESIAN_POINT('',(-0.0344442611604789,0.0612000000000008,0.0531880712237688));
#3514=CARTESIAN_POINT('',(-0.0342759161423759,0.0612,0.0530564125354163));
#3515=CARTESIAN_POINT('',(-0.0341092330301305,0.0612,0.0529224546742615));
#3516=CARTESIAN_POINT('',(-0.0338652505417582,0.0612,0.052726373788434));
#3517=CARTESIAN_POINT('',(-0.0336244362206841,0.0611999999999625,0.0525250325373249));
#3518=CARTESIAN_POINT('',(-0.0333883133473658,0.0611999999999085,0.052319152179761));
#3519=CARTESIAN_POINT('',(-0.0332511597886864,0.0611999999998771,0.0521995651897111));
#3520=CARTESIAN_POINT('',(-0.0331155887005932,0.0611999999998768,0.0520784476036498));
#3521=CARTESIAN_POINT('',(-0.0329816903050324,0.061199999999929,0.0519558142939057));
#3522=CARTESIAN_POINT('',(-0.0327417781776333,0.0612000000000225,0.0517360863568569));
#3523=CARTESIAN_POINT('',(-0.0325074998656038,0.0612,0.051511663128235));
#3524=CARTESIAN_POINT('',(-0.0322788615237552,0.0612,0.0512821568371223));
#3525=CARTESIAN_POINT('',(-0.0322656329173726,0.0612,0.0512688780127443));
#3526=CARTESIAN_POINT('',(-0.0322524232016048,0.0612,0.0512555821621859));
#3527=CARTESIAN_POINT('',(-0.0322392323815318,0.0612,0.0512422692065126));
#3528=CARTESIAN_POINT('',(-0.0321341077145267,0.0612,0.051136171175893));
#3529=CARTESIAN_POINT('',(-0.0320301830283946,0.0612,0.0510289868872419));
#3530=CARTESIAN_POINT('',(-0.0319274666031427,0.0612,0.0509206726581196));
#3531=CARTESIAN_POINT('',(-0.0316699811610657,0.0612,0.0506491548643454));
#3532=CARTESIAN_POINT('',(-0.0314200767352727,0.061200000000005,0.0503705243460862));
#3533=CARTESIAN_POINT('',(-0.0311782141569838,0.0611999999999949,0.0500843647270389));
#3534=CARTESIAN_POINT('',(-0.0311022395638167,0.0611999999999918,0.0499944754155473));
#3535=CARTESIAN_POINT('',(-0.0310270585592277,0.0611999999999865,0.0499038431415155));
#3536=CARTESIAN_POINT('',(-0.0309526844277447,0.0611999999999741,0.0498124459212579));
#3537=CARTESIAN_POINT('',(-0.0307231797137232,0.0611999999999358,0.0495304111266414));
#3538=CARTESIAN_POINT('',(-0.0305014835158343,0.0611999999999886,0.0492413101190716));
#3539=CARTESIAN_POINT('',(-0.030288103470457,0.0611999999999973,0.0489446934383844));
#3540=CARTESIAN_POINT('',(-0.0302627836300237,0.0611999999999983,0.0489094966747341));
#3541=CARTESIAN_POINT('',(-0.0302375808493873,0.061199999999999,0.0488741941372629));
#3542=CARTESIAN_POINT('',(-0.0302124959480276,0.0612,0.0488387851162198));
#3543=CARTESIAN_POINT('',(-0.030162383842644,0.0612,0.0487680485177935));
#3544=CARTESIAN_POINT('',(-0.030112742186286,0.0612,0.048696886969662));
#3545=CARTESIAN_POINT('',(-0.0300636197686556,0.0612,0.0486253630178362));
#3546=CARTESIAN_POINT('',(-0.0299631742112058,0.0612,0.0484791107859893));
#3547=CARTESIAN_POINT('',(-0.0298647405280714,0.0611999999999963,0.0483311047662945));
#3548=CARTESIAN_POINT('',(-0.0297687948833445,0.0611999999999943,0.0481819676719844));
#3549=CARTESIAN_POINT('',(-0.0297305649554445,0.0611999999999935,0.0481225433971369));
#3550=CARTESIAN_POINT('',(-0.0296927299301761,0.0611999999999942,0.0480629396729778));
#3551=CARTESIAN_POINT('',(-0.0296552916136848,0.0611999999999963,0.0480031607950144));
#3552=CARTESIAN_POINT('',(-0.0295529187254774,0.0612000000000021,0.0478396989472487));
#3553=CARTESIAN_POINT('',(-0.0294536195175731,0.0612,0.0476750668363966));
#3554=CARTESIAN_POINT('',(-0.029357281757205,0.0612,0.0475091095113749));
#3555=CARTESIAN_POINT('',(-0.0293299684473774,0.0612,0.047462057931401));
#3556=CARTESIAN_POINT('',(-0.0293028932749598,0.0612,0.0474148997881231));
#3557=CARTESIAN_POINT('',(-0.0292760552990566,0.0612,0.0473676325106732));
#3558=CARTESIAN_POINT('',(-0.0290567503055886,0.0611999999999976,0.0469813906416968));
#3559=CARTESIAN_POINT('',(-0.0288532412332877,0.0611999999999974,0.0465878092358844));
#3560=CARTESIAN_POINT('',(-0.0286658805843228,0.0611999999999989,0.0461869062026537));
#3561=CARTESIAN_POINT('',(-0.0286552003161891,0.061199999999999,0.0461640532080992));
#3562=CARTESIAN_POINT('',(-0.0286445725085976,0.061199999999999,0.0461411764286286));
#3563=CARTESIAN_POINT('',(-0.0286339972222206,0.0611999999999991,0.0461182758698283));
#3564=CARTESIAN_POINT('',(-0.0286245293480068,0.0611999999999992,0.0460977733886265));
#3565=CARTESIAN_POINT('',(-0.0286151035712031,0.0611999999999993,0.0460772518475426));
#3566=CARTESIAN_POINT('',(-0.028605719959721,0.0611999999999993,0.0460567112824012));
#3567=CARTESIAN_POINT('',(-0.0284174386647575,0.0612,0.0456445667459955));
#3568=CARTESIAN_POINT('',(-0.0282461269420789,0.0612,0.0452247504372764));
#3569=CARTESIAN_POINT('',(-0.0280922156430623,0.0612,0.0447972400487961));
#3570=CARTESIAN_POINT('',(-0.0280795848520419,0.0612,0.0447621562413664));
#3571=CARTESIAN_POINT('',(-0.0280670712748668,0.0612,0.0447270206047542));
#3572=CARTESIAN_POINT('',(-0.0280546751641221,0.0612,0.0446918331204155));
#3573=CARTESIAN_POINT('',(-0.0280516863965676,0.0612,0.0446833492327119));
#3574=CARTESIAN_POINT('',(-0.0280487044569145,0.0611999999999993,0.0446748623022048));
#3575=CARTESIAN_POINT('',(-0.0280457293511532,0.0611999999999993,0.0446663723386536));
#3576=CARTESIAN_POINT('',(-0.0279673541526303,0.0611999999999985,0.0444427155572918));
#3577=CARTESIAN_POINT('',(-0.0278937238877744,0.0611999999999914,0.0442169530708916));
#3578=CARTESIAN_POINT('',(-0.0278248431421005,0.0611999999999971,0.0439887271336194));
#3579=CARTESIAN_POINT('',(-0.0278176346756463,0.0611999999999977,0.043964842969813));
#3580=CARTESIAN_POINT('',(-0.0278104791792099,0.0611999999999981,0.0439409342850167));
#3581=CARTESIAN_POINT('',(-0.027803376291815,0.0611999999999984,0.0439169995359785));
#3582=CARTESIAN_POINT('',(-0.0277517741544042,0.061200000000001,0.043743114728281));
#3583=CARTESIAN_POINT('',(-0.0277029447250945,0.0612,0.0435678558460955));
#3584=CARTESIAN_POINT('',(-0.0276570582674253,0.0612,0.0433918316920572));
#3585=CARTESIAN_POINT('',(-0.0276466157437377,0.0612,0.0433517733286206));
#3586=CARTESIAN_POINT('',(-0.0276363258421202,0.0612,0.0433116752823777));
#3587=CARTESIAN_POINT('',(-0.0276261909519111,0.061199999999999,0.0432715447001618));
#3588=CARTESIAN_POINT('',(-0.0276161400393461,0.0611999999999987,0.0432317466397282));
#3589=CARTESIAN_POINT('',(-0.0276062396011095,0.0611999999999984,0.043191909497705));
#3590=CARTESIAN_POINT('',(-0.0275964936245936,0.0611999999999981,0.0431520458888272));
#3591=CARTESIAN_POINT('',(-0.0275472845931798,0.0611999999999964,0.0429507679996051));
#3592=CARTESIAN_POINT('',(-0.0275020157433439,0.0611999999999971,0.0427488147123103));
#3593=CARTESIAN_POINT('',(-0.027460704023328,0.0611999999999989,0.0425466960406124));
#3594=CARTESIAN_POINT('',(-0.0274495955173865,0.0612,0.0424923473844786));
#3595=CARTESIAN_POINT('',(-0.0274387728069009,0.0612,0.0424379837904581));
#3596=CARTESIAN_POINT('',(-0.0274282350090777,0.0612,0.0423836101815661));
#3597=CARTESIAN_POINT('',(-0.0273918219662322,0.0612,0.042195723814466));
#3598=CARTESIAN_POINT('',(-0.0273588102134815,0.0612,0.042007718057483));
#3599=CARTESIAN_POINT('',(-0.027329114139397,0.0612,0.0418194341399979));
#3600=CARTESIAN_POINT('',(-0.0273184940028686,0.0612,0.0417520986092437));
#3601=CARTESIAN_POINT('',(-0.0273082987685799,0.0612,0.041684732670788));
#3602=CARTESIAN_POINT('',(-0.0272985251838345,0.0612,0.0416173329846941));
#3603=CARTESIAN_POINT('',(-0.0272616527431461,0.0612,0.0413630566886716));
#3604=CARTESIAN_POINT('',(-0.0272307824667415,0.0612,0.041108299914858));
#3605=CARTESIAN_POINT('',(-0.027205812793158,0.0612,0.0408531282406521));
#3606=CARTESIAN_POINT('',(-0.0271896755792347,0.0612,0.0406882177991897));
#3607=CARTESIAN_POINT('',(-0.0271760026281432,0.0612,0.040523134125669));
#3608=CARTESIAN_POINT('',(-0.0271647681879068,0.0612,0.0403578774470118));
#3609=CARTESIAN_POINT('',(-0.0271587220973798,0.0612,0.0402689404979212));
#3610=CARTESIAN_POINT('',(-0.0271533825164454,0.0612,0.0401799552091916));
#3611=CARTESIAN_POINT('',(-0.0271487451086085,0.0612,0.0400909207832442));
#3612=CARTESIAN_POINT('',(-0.027135565953469,0.0612,0.0398378918167217));
#3613=CARTESIAN_POINT('',(-0.0271280583041891,0.0612,0.0395844659995534));
#3614=CARTESIAN_POINT('',(-0.0271261454646931,0.0612,0.0393306437867476));
#3615=CARTESIAN_POINT('',(-0.0271250325508446,0.0612,0.0391829668612768));
#3616=CARTESIAN_POINT('',(-0.0271258134052957,0.0612,0.0390351557512768));
#3617=CARTESIAN_POINT('',(-0.0271284756988469,0.0612,0.0388872097585416));
#3618=CARTESIAN_POINT('',(-0.0271303637822263,0.0612,0.0387822873055619));
#3619=CARTESIAN_POINT('',(-0.0271331978861831,0.0612,0.0386772971358491));
#3620=CARTESIAN_POINT('',(-0.0271369734769903,0.0612,0.0385722395611327));
#3621=CARTESIAN_POINT('',(-0.0271460230752569,0.0612,0.0383204302696601));
#3622=CARTESIAN_POINT('',(-0.0271604818733593,0.0612,0.0380682337468288));
#3623=CARTESIAN_POINT('',(-0.0271802989131471,0.0612,0.0378156561380666));
#3624=CARTESIAN_POINT('',(-0.0271852365119185,0.0612,0.0377527240904923));
#3625=CARTESIAN_POINT('',(-0.0271905067251179,0.0612,0.0376897683842499));
#3626=CARTESIAN_POINT('',(-0.027196108901692,0.0612,0.0376267891228005));
#3627=CARTESIAN_POINT('',(-0.027201703626278,0.0612,0.0375638936360601));
#3628=CARTESIAN_POINT('',(-0.0272076294316929,0.0612,0.0375009746567393));
#3629=CARTESIAN_POINT('',(-0.027213885614275,0.0612,0.0374380322843631));
#3630=CARTESIAN_POINT('',(-0.0272148916355855,0.0612,0.0374279108777208));
#3631=CARTESIAN_POINT('',(-0.0272159061997585,0.0612,0.037417788866179));
#3632=CARTESIAN_POINT('',(-0.0272169293046863,0.0612,0.0374076662501974));
#3633=CARTESIAN_POINT('',(-0.0386931337457885,0.0611999999999386,0.0559069377519583));
#3634=CARTESIAN_POINT('',(-0.0394264436075407,0.0587,0.0510214881951818));
#3635=CARTESIAN_POINT('',(-0.0391287666432317,0.0595375793319452,0.0514784234255225));
#3636=CARTESIAN_POINT('',(-0.038378328340322,0.0609015897606835,0.0528718805876361));
#3637=CARTESIAN_POINT('',(-0.0383547367718353,0.0611999950808593,0.0549643626668949));
#3638=CARTESIAN_POINT('',(-0.0386931360545179,0.0611999999998527,0.0559069288922101));
#3639=CARTESIAN_POINT('',(-0.0858243611678467,0.0612,0.0729714070986705));
#3640=CARTESIAN_POINT('',(-0.0858750799117029,0.0612000361272838,0.0729765237629357));
#3641=CARTESIAN_POINT('',(-0.0859237517687622,0.0611999308354975,0.0729814328948396));
#3642=CARTESIAN_POINT('',(-0.0860481387374326,0.0611975881350943,0.0729939797310248));
#3643=CARTESIAN_POINT('',(-0.0862590129996684,0.0611881966905143,0.073015249922505));
#3644=CARTESIAN_POINT('',(-0.0866907509912586,0.061147551457884,0.0730587971258704));
#3645=CARTESIAN_POINT('',(-0.0874277438173734,0.0609999985687549,0.0731331318805105));
#3646=CARTESIAN_POINT('',(-0.0889039794210118,0.0604317843382593,0.0732820253259363));
#3647=CARTESIAN_POINT('',(-0.0899634857646344,0.0594762211169859,0.0733888855779611));
#3648=CARTESIAN_POINT('',(-0.0904714716991366,0.0586715554323434,0.0734401203331297));
#3649=CARTESIAN_POINT('',(-0.0857958840909973,0.0612,0.0732398047951183));
#3650=CARTESIAN_POINT('',(-0.0858460743630093,0.0612000361275118,0.073249495794632));
#3651=CARTESIAN_POINT('',(-0.0858942403725753,0.0611999308350697,0.0732587920814925));
#3652=CARTESIAN_POINT('',(-0.0860173335276511,0.0611975881196254,0.0732825521357272));
#3653=CARTESIAN_POINT('',(-0.0862260153609143,0.061188196615653,0.0733228284778003));
#3654=CARTESIAN_POINT('',(-0.0866532666750136,0.0611475511230637,0.0734052781305237));
#3655=CARTESIAN_POINT('',(-0.0873826059481382,0.0609999973429461,0.0735459939753588));
#3656=CARTESIAN_POINT('',(-0.0888435207653912,0.0604317799671601,0.0738277991613283));
#3657=CARTESIAN_POINT('',(-0.0898920353779828,0.0594762140138085,0.0740300119909209));
#3658=CARTESIAN_POINT('',(-0.0903947500759169,0.0586715487377569,0.0741269637936632));
#3659=CARTESIAN_POINT('',(-0.0856942006608395,0.0612,0.0736880780342104));
#3660=CARTESIAN_POINT('',(-0.0857433131175801,0.0612000361271942,0.0737019377089285));
#3661=CARTESIAN_POINT('',(-0.0857904427661728,0.0611999308356657,0.0737152400504867));
#3662=CARTESIAN_POINT('',(-0.0859108890291142,0.0611975881411771,0.0737492345834825));
#3663=CARTESIAN_POINT('',(-0.0861150819940018,0.0611881967199482,0.0738068681714967));
#3664=CARTESIAN_POINT('',(-0.086533139665042,0.0611475515895034,0.0739248716244411));
#3665=CARTESIAN_POINT('',(-0.0872467765323832,0.0609999990504464,0.0741263237291844));
#3666=CARTESIAN_POINT('',(-0.0886762234089006,0.0604317860548069,0.0745298733320975));
#3667=CARTESIAN_POINT('',(-0.0897021465383186,0.0594762239046709,0.0748195257838661));
#3668=CARTESIAN_POINT('',(-0.0901940313404486,0.0586715580592939,0.0749584011581738));
#3669=CARTESIAN_POINT('',(-0.0854761447776161,0.0612,0.0743411351130495));
#3670=CARTESIAN_POINT('',(-0.0855238650614886,0.0612000361273043,0.0743591958176355));
#3671=CARTESIAN_POINT('',(-0.0855696590680687,0.061199930835459,0.0743765283420666));
#3672=CARTESIAN_POINT('',(-0.0856866917191239,0.0611975881337041,0.074420822953564));
#3673=CARTESIAN_POINT('',(-0.0858850979629933,0.0611881966837875,0.0744959160357502));
#3674=CARTESIAN_POINT('',(-0.0862913090373697,0.0611475514278081,0.0746496590718979));
#3675=CARTESIAN_POINT('',(-0.0869847254861893,0.0609999984587254,0.0749121039824244));
#3676=CARTESIAN_POINT('',(-0.0883736724788821,0.0604317839464648,0.0754377970900726));
#3677=CARTESIAN_POINT('',(-0.0893705277583144,0.0594762204813571,0.0758150955517582));
#3678=CARTESIAN_POINT('',(-0.0898484750222853,0.058671554833522,0.0759959937639364));
#3679=CARTESIAN_POINT('',(-0.0851965459234705,0.0612,0.0750186400217739));
#3680=CARTESIAN_POINT('',(-0.0852429441127611,0.061200036127269,0.0750398301082726));
#3681=CARTESIAN_POINT('',(-0.0852874693238327,0.0611999308355255,0.0750601657228504));
#3682=CARTESIAN_POINT('',(-0.0854012595249892,0.0611975881361074,0.0751121351283249));
#3683=CARTESIAN_POINT('',(-0.0855941689348098,0.0611881966954155,0.0752002393770316));
#3684=CARTESIAN_POINT('',(-0.085989126501737,0.061147551479797,0.0753806209737798));
#3685=CARTESIAN_POINT('',(-0.0866633346999487,0.0609999986489313,0.0756885373253311));
#3686=CARTESIAN_POINT('',(-0.0880138122733529,0.0604317846238969,0.0763053043760729));
#3687=CARTESIAN_POINT('',(-0.0889830644870301,0.0594762215807595,0.0767479564055512));
#3688=CARTESIAN_POINT('',(-0.0894477778870588,0.0586715558693533,0.0769601877978425));
#3689=CARTESIAN_POINT('',(-0.0847907271744797,0.0612,0.0758453578553735));
#3690=CARTESIAN_POINT('',(-0.0848357060374189,0.0612000361272857,0.0758694188050164));
#3691=CARTESIAN_POINT('',(-0.0848788697426328,0.061199930835494,0.0758925082343329));
#3692=CARTESIAN_POINT('',(-0.0849891798228692,0.0611975881349682,0.0759515166533771));
#3693=CARTESIAN_POINT('',(-0.085176189353367,0.0611881966899042,0.0760515540449807));
#3694=CARTESIAN_POINT('',(-0.0855590670346535,0.0611475514551585,0.0762563680928946));
#3695=CARTESIAN_POINT('',(-0.0862126525176296,0.060999998558805,0.0766059944260377));
#3696=CARTESIAN_POINT('',(-0.087521816250791,0.0604317843029919,0.0773063183709705));
#3697=CARTESIAN_POINT('',(-0.0884614110598668,0.0594762210600777,0.0778089514095662));
#3698=CARTESIAN_POINT('',(-0.0889119046042202,0.0586715553788007,0.078049941861153));
#3699=CARTESIAN_POINT('',(-0.0842242485335901,0.0612,0.0768396543666112));
#3700=CARTESIAN_POINT('',(-0.0842677412350175,0.061200036127358,0.0768662926624448));
#3701=CARTESIAN_POINT('',(-0.0843094789369868,0.0611999308353585,0.0768918557312566));
#3702=CARTESIAN_POINT('',(-0.0844161445624498,0.0611975881300657,0.0769571854436198));
#3703=CARTESIAN_POINT('',(-0.0845969758108194,0.0611881966661747,0.0770679392662614));
#3704=CARTESIAN_POINT('',(-0.0849672047929845,0.0611475513489826,0.0772946929895061));
#3705=CARTESIAN_POINT('',(-0.0855992002617164,0.0609999981697556,0.0776817682519777));
#3706=CARTESIAN_POINT('',(-0.0868651229942129,0.060431782913546,0.0784570951554809));
#3707=CARTESIAN_POINT('',(-0.0877736884168077,0.0594762187987105,0.0790135467966936));
#3708=CARTESIAN_POINT('',(-0.0882093048943123,0.0586715532467608,0.0792803397518533));
#3709=CARTESIAN_POINT('',(-0.0835198013567048,0.0612,0.0779281860890404));
#3710=CARTESIAN_POINT('',(-0.08356189510915,0.0612000361272697,0.0779569711157545));
#3711=CARTESIAN_POINT('',(-0.0836022896481654,0.0611999308355241,0.077984594790473));
#3712=CARTESIAN_POINT('',(-0.083705523297053,0.0611975881360546,0.0780551901868795));
#3713=CARTESIAN_POINT('',(-0.0838805359726909,0.0611881966951613,0.0781748713050082));
#3714=CARTESIAN_POINT('',(-0.0842388517305579,0.0611475514786715,0.0784199032614549));
#3715=CARTESIAN_POINT('',(-0.0848505092324087,0.0609999986448955,0.0788381828807556));
#3716=CARTESIAN_POINT('',(-0.0860756893705512,0.0604317846100379,0.0796760220573796));
#3717=CARTESIAN_POINT('',(-0.0869550087201575,0.0594762215591276,0.0802773500083555));
#3718=CARTESIAN_POINT('',(-0.0873766028758231,0.0586715558491629,0.0805656602984328));
#3719=CARTESIAN_POINT('',(-0.0826306913129632,0.0612,0.079169773367101));
#3720=CARTESIAN_POINT('',(-0.0826713987996641,0.0612000361272844,0.0792004844079271));
#3721=CARTESIAN_POINT('',(-0.0827104632501121,0.0611999308354965,0.0792299560929831));
#3722=CARTESIAN_POINT('',(-0.0828102974796804,0.0611975881350598,0.0793052745543281));
#3723=CARTESIAN_POINT('',(-0.0829795472178746,0.0611881966903462,0.0794329625533519));
#3724=CARTESIAN_POINT('',(-0.0833260643248805,0.061147551457128,0.0796943872204263));
#3725=CARTESIAN_POINT('',(-0.0839175818990378,0.0609999985659615,0.0801406485286306));
#3726=CARTESIAN_POINT('',(-0.0851024230109736,0.0604317843281717,0.0810345326942356));
#3727=CARTESIAN_POINT('',(-0.0859527934306765,0.0594762211004339,0.0816760797671074));
#3728=CARTESIAN_POINT('',(-0.0863605080718954,0.0586715554167116,0.0819836728504876));
#3729=CARTESIAN_POINT('',(-0.0814935718268005,0.0612,0.0806180893729078));
#3730=CARTESIAN_POINT('',(-0.0815328867831296,0.0612000361272672,0.0806505633457846));
#3731=CARTESIAN_POINT('',(-0.0815706144471666,0.0611999308355287,0.0806817272877674));
#3732=CARTESIAN_POINT('',(-0.0816670328088897,0.0611975881362217,0.0807613700545044));
#3733=CARTESIAN_POINT('',(-0.0818304914321346,0.0611881966959706,0.0808963892713207));
#3734=CARTESIAN_POINT('',(-0.0821651518561974,0.0611475514822921,0.0811728238499809));
#3735=CARTESIAN_POINT('',(-0.0827364290766974,0.0609999986581555,0.0816447084424082));
#3736=CARTESIAN_POINT('',(-0.0838807260965454,0.0604317846573555,0.082589919834608));
#3737=CARTESIAN_POINT('',(-0.0847019957527137,0.0594762216360762,0.0832683081390079));
#3738=CARTESIAN_POINT('',(-0.0850957577228535,0.058671555921698,0.0835935653216993));
#3739=CARTESIAN_POINT('',(-0.0799980256670058,0.0612,0.0823587457035438));
#3740=CARTESIAN_POINT('',(-0.0800359238664448,0.0612000361272935,0.0823928598095506));
#3741=CARTESIAN_POINT('',(-0.0800722931903771,0.0611999308354793,0.0824255963390728));
#3742=CARTESIAN_POINT('',(-0.0801652388822326,0.0611975881344355,0.0825092594232708));
#3743=CARTESIAN_POINT('',(-0.0803228106584324,0.0611881966873246,0.0826510938710025));
#3744=CARTESIAN_POINT('',(-0.0806454186337658,0.0611475514436096,0.0829414815890816));
#3745=CARTESIAN_POINT('',(-0.0811961227072898,0.0609999985164391,0.0834371836192376));
#3746=CARTESIAN_POINT('',(-0.0822992129943512,0.060431784151381,0.0844300993553219));
#3747=CARTESIAN_POINT('',(-0.0830909112662101,0.0594762208128223,0.0851427209072617));
#3748=CARTESIAN_POINT('',(-0.0834704953614405,0.0586715551455752,0.0854843908235282));
#3749=CARTESIAN_POINT('',(-0.0782305128199729,0.0612,0.0842515229334477));
#3750=CARTESIAN_POINT('',(-0.0782671188106339,0.0612000361272816,0.0842870136867578));
#3751=CARTESIAN_POINT('',(-0.0783022471877088,0.0611999308355018,0.0843210722762483));
#3752=CARTESIAN_POINT('',(-0.078392022394309,0.0611975881352499,0.0844081130578005));
#3753=CARTESIAN_POINT('',(-0.0785442189416258,0.0611881966912669,0.0845556740528588));
#3754=CARTESIAN_POINT('',(-0.0788558217696063,0.061147551461247,0.0848577862203946));
#3755=CARTESIAN_POINT('',(-0.0793877391287454,0.060999998581054,0.0853735029600743));
#3756=CARTESIAN_POINT('',(-0.0804531971343782,0.060431784382069,0.086406511119026));
#3757=CARTESIAN_POINT('',(-0.0812178844039871,0.0594762211881468,0.0871479100458612));
#3758=CARTESIAN_POINT('',(-0.0815845177164261,0.058671555499407,0.0875033777807518));
#3759=CARTESIAN_POINT('',(-0.0756466010572104,0.0612,0.0868322098956067));
#3760=CARTESIAN_POINT('',(-0.075681711552278,0.0612000361272792,0.086869189399184));
#3761=CARTESIAN_POINT('',(-0.0757154049826183,0.0611999308355063,0.0869046764008485));
#3762=CARTESIAN_POINT('',(-0.0758015128072333,0.0611975881354118,0.0869953679271688));
#3763=CARTESIAN_POINT('',(-0.0759474920745725,0.06118819669205,0.0871491179773129));
#3764=CARTESIAN_POINT('',(-0.0762463658398787,0.0611475514647509,0.0874639014152354));
#3765=CARTESIAN_POINT('',(-0.0767565543523666,0.0609999985938902,0.0880012483080513));
#3766=CARTESIAN_POINT('',(-0.0777784887226125,0.0604317844278974,0.089077582303212));
#3767=CARTESIAN_POINT('',(-0.0785119392587328,0.0594762212627123,0.0898500758825258));
#3768=CARTESIAN_POINT('',(-0.0788635960174158,0.0586715555697036,0.0902204520475746));
#3769=CARTESIAN_POINT('',(-0.0736296572227462,0.0612,0.0886841610290012));
#3770=CARTESIAN_POINT('',(-0.0736639153512278,0.061200036127277,0.0887219140326489));
#3771=CARTESIAN_POINT('',(-0.0736967906797624,0.0611999308355104,0.0887581434598986));
#3772=CARTESIAN_POINT('',(-0.0737808078815544,0.0611975881355596,0.0888507322019432));
#3773=CARTESIAN_POINT('',(-0.0739232428566262,0.061188196692766,0.089007698663187));
#3774=CARTESIAN_POINT('',(-0.0742148601306147,0.0611475514679539,0.0893290673029904));
#3775=CARTESIAN_POINT('',(-0.0747126614653388,0.0609999986056248,0.0898776554797896));
#3776=CARTESIAN_POINT('',(-0.0757097834393527,0.0604317844697907,0.0909765066599113));
#3777=CARTESIAN_POINT('',(-0.0764254256184746,0.0594762213308681,0.0917651614324313));
#3778=CARTESIAN_POINT('',(-0.0767685440352513,0.0586715556339556,0.0921432862224308));
#3779=CARTESIAN_POINT('',(-0.0722612432492288,0.0612,0.0898939361237433));
#3780=CARTESIAN_POINT('',(-0.0722949986158768,0.0612000361272819,0.0899321348963537));
#3781=CARTESIAN_POINT('',(-0.0723273920634287,0.0611999308355012,0.0899687915881098));
#3782=CARTESIAN_POINT('',(-0.0724101771479562,0.0611975881352285,0.0900624727889705));
#3783=CARTESIAN_POINT('',(-0.0725505234733805,0.0611881966911629,0.090221291156575));
#3784=CARTESIAN_POINT('',(-0.0728378644774764,0.061147551460782,0.0905464513570691));
#3785=CARTESIAN_POINT('',(-0.0733283661837888,0.0609999985793503,0.0911015117435595));
#3786=CARTESIAN_POINT('',(-0.0743108669339629,0.0604317843759873,0.0922133267548767));
#3787=CARTESIAN_POINT('',(-0.075016015784162,0.0594762211782549,0.0930112852312666));
#3788=CARTESIAN_POINT('',(-0.0753541031686537,0.0586715554900823,0.0933938706474851));
#3789=CARTESIAN_POINT('',(-0.0738368863346965,0.0612,0.0885367383988059));
#3790=CARTESIAN_POINT('',(-0.0740199243547311,0.0612,0.088369731908966));
#3791=CARTESIAN_POINT('',(-0.0742024204180655,0.0612,0.0882022021996723));
#3792=CARTESIAN_POINT('',(-0.0743843494090711,0.0612,0.0880341259373591));
#3793=CARTESIAN_POINT('',(-0.0747619142716094,0.0612,0.087685310223462));
#3794=CARTESIAN_POINT('',(-0.075137036611039,0.0612,0.0873341403577711));
#3795=CARTESIAN_POINT('',(-0.0755094507301564,0.0612,0.0869803647800838));
#3796=CARTESIAN_POINT('',(-0.0756620626073232,0.0612,0.0868353908055885));
#3797=CARTESIAN_POINT('',(-0.0758142197172652,0.0612,0.0866899792789871));
#3798=CARTESIAN_POINT('',(-0.0759659003580915,0.0612,0.0865441091140697));
#3799=CARTESIAN_POINT('',(-0.0761846194244742,0.0612,0.0863337685847179));
#3800=CARTESIAN_POINT('',(-0.0764023474182673,0.0612,0.086122474471036));
#3801=CARTESIAN_POINT('',(-0.0766190207158112,0.0612,0.0859101630820515));
#3802=CARTESIAN_POINT('',(-0.0769862363736026,0.0612,0.0855503399416537));
#3803=CARTESIAN_POINT('',(-0.0773504224640009,0.0612,0.0851875947246816));
#3804=CARTESIAN_POINT('',(-0.0777111974020165,0.061199999999998,0.0848215496545003));
#3805=CARTESIAN_POINT('',(-0.0778190092648336,0.0611999999999972,0.0847121628963504));
#3806=CARTESIAN_POINT('',(-0.0779265165225628,0.0611999999999962,0.0846024814715634));
#3807=CARTESIAN_POINT('',(-0.0780337068815446,0.0611999999999944,0.0844924922155404));
#3808=CARTESIAN_POINT('',(-0.0782855148527922,0.0611999999999902,0.0842341091698892));
#3809=CARTESIAN_POINT('',(-0.0785355662868371,0.0611999999999815,0.0839740344164213));
#3810=CARTESIAN_POINT('',(-0.0787836940394744,0.0611999999999736,0.0837121030426247));
#3811=CARTESIAN_POINT('',(-0.0791378088738543,0.0611999999999623,0.0833382884085701));
#3812=CARTESIAN_POINT('',(-0.0794880053163561,0.0611999999999612,0.082960691951981));
#3813=CARTESIAN_POINT('',(-0.0798336141998055,0.0611999999999803,0.0825787593621634));
#3814=CARTESIAN_POINT('',(-0.0798974301405001,0.0611999999999839,0.0825082363268238));
#3815=CARTESIAN_POINT('',(-0.0799610896868178,0.0611999999999877,0.0824375654715792));
#3816=CARTESIAN_POINT('',(-0.0800245886465104,0.0611999999999912,0.08236674055718));
#3817=CARTESIAN_POINT('',(-0.0803053975537909,0.0612000000000065,0.0820535343736934));
#3818=CARTESIAN_POINT('',(-0.0805830565208958,0.0611999999999992,0.0817373559272532));
#3819=CARTESIAN_POINT('',(-0.0808572524047439,0.0612,0.08141759715907));
#3820=CARTESIAN_POINT('',(-0.0808996001280022,0.0612,0.0813682125525822));
#3821=CARTESIAN_POINT('',(-0.0809418652422241,0.0612,0.0813187425461066));
#3822=CARTESIAN_POINT('',(-0.0809840444925769,0.0612,0.0812691859677493));
#3823=CARTESIAN_POINT('',(-0.0812771429776393,0.0612,0.08092482332688));
#3824=CARTESIAN_POINT('',(-0.0815661423316326,0.0612000000000007,0.0805762306680572));
#3825=CARTESIAN_POINT('',(-0.0818496792562549,0.0611999999999992,0.0802233946974935));
#3826=CARTESIAN_POINT('',(-0.0818711413125349,0.0611999999999991,0.080196687116222));
#3827=CARTESIAN_POINT('',(-0.0818925720919292,0.061199999999999,0.0801699552388233));
#3828=CARTESIAN_POINT('',(-0.0819139703418264,0.0611999999999988,0.0801431997600371));
#3829=CARTESIAN_POINT('',(-0.0820544310352568,0.0611999999999978,0.0799675735699778));
#3830=CARTESIAN_POINT('',(-0.0821935802909251,0.0611999999999982,0.0797908119418197));
#3831=CARTESIAN_POINT('',(-0.0823310986496489,0.0611999999999988,0.0796130599448572));
#3832=CARTESIAN_POINT('',(-0.0824895271002451,0.0612,0.0794082802068609));
#3833=CARTESIAN_POINT('',(-0.0826457910029391,0.0612,0.0792021861130837));
#3834=CARTESIAN_POINT('',(-0.0827997448856061,0.0612,0.0789945090551549));
#3835=CARTESIAN_POINT('',(-0.0828014701109228,0.0612,0.0789921818016175));
#3836=CARTESIAN_POINT('',(-0.0828031950461367,0.0612,0.0789898543492778));
#3837=CARTESIAN_POINT('',(-0.0828049196908168,0.0612,0.07898752669788));
#3838=CARTESIAN_POINT('',(-0.0829570960992455,0.0612,0.078782143157787));
#3839=CARTESIAN_POINT('',(-0.0831069377313169,0.0612,0.0785753003413049));
#3840=CARTESIAN_POINT('',(-0.0832541664694895,0.0611999999999989,0.0783668092846065));
#3841=CARTESIAN_POINT('',(-0.0833867506284068,0.0611999999999981,0.0781790564604144));
#3842=CARTESIAN_POINT('',(-0.083517215849768,0.0611999999999991,0.0779899669843259));
#3843=CARTESIAN_POINT('',(-0.0836453200123349,0.0611999999999826,0.0777993412565966));
#3844=CARTESIAN_POINT('',(-0.0836611049699847,0.0611999999999806,0.0777758524098733));
#3845=CARTESIAN_POINT('',(-0.0836768538607923,0.0611999999999785,0.0777523402653443));
#3846=CARTESIAN_POINT('',(-0.0836925662016357,0.0611999999999766,0.0777288044892717));
#3847=CARTESIAN_POINT('',(-0.0838357859400728,0.061199999999959,0.0775142732665437));
#3848=CARTESIAN_POINT('',(-0.0839759689701738,0.0611999999999564,0.0772977786678311));
#3849=CARTESIAN_POINT('',(-0.0841126285846336,0.0611999999999677,0.0770790043048769));
#3850=CARTESIAN_POINT('',(-0.0842177639677979,0.0611999999999764,0.0769106961579046));
#3851=CARTESIAN_POINT('',(-0.0843208139835081,0.0611999999999899,0.076741038707269));
#3852=CARTESIAN_POINT('',(-0.0844214695498487,0.0611999999999962,0.0765698289179035));
#3853=CARTESIAN_POINT('',(-0.0844516383339705,0.0611999999999981,0.0765185134133298));
#3854=CARTESIAN_POINT('',(-0.0844815924456696,0.0611999999999988,0.0764670588087655));
#3855=CARTESIAN_POINT('',(-0.0845113226938815,0.0611999999999992,0.0764154610879519));
#3856=CARTESIAN_POINT('',(-0.0845757864748597,0.0612,0.0763035822987201));
#3857=CARTESIAN_POINT('',(-0.0846391976811592,0.0612,0.0761910305990132));
#3858=CARTESIAN_POINT('',(-0.0847014335158606,0.0611999999999991,0.0760777486050912));
#3859=CARTESIAN_POINT('',(-0.0847274444783748,0.0611999999999986,0.0760304033142058));
#3860=CARTESIAN_POINT('',(-0.0847532501475877,0.0611999999999978,0.0759829304681859));
#3861=CARTESIAN_POINT('',(-0.0847788402780463,0.0611999999999961,0.0759353243298308));
#3862=CARTESIAN_POINT('',(-0.0848144963187904,0.0611999999999937,0.0758689922565494));
#3863=CARTESIAN_POINT('',(-0.0848497324076868,0.0611999999999899,0.075802402778125));
#3864=CARTESIAN_POINT('',(-0.0848845292533855,0.0611999999999865,0.0757355228862772));
#3865=CARTESIAN_POINT('',(-0.0849442846857549,0.0611999999999806,0.0756206723366385));
#3866=CARTESIAN_POINT('',(-0.0850027452628954,0.0611999999999771,0.0755049656234092));
#3867=CARTESIAN_POINT('',(-0.0850597597957644,0.0611999999999837,0.0753882389714479));
#3868=CARTESIAN_POINT('',(-0.0850766790389874,0.0611999999999857,0.0753535999677456));
#3869=CARTESIAN_POINT('',(-0.0850934708849797,0.0611999999999883,0.0753188711156321));
#3870=CARTESIAN_POINT('',(-0.0851101309362786,0.0611999999999911,0.0752840441915562));
#3871=CARTESIAN_POINT('',(-0.0851495806223619,0.0611999999999978,0.0752015767851004));
#3872=CARTESIAN_POINT('',(-0.0851882436652447,0.0611999999999987,0.0751186696426329));
#3873=CARTESIAN_POINT('',(-0.0852260674715303,0.061199999999999,0.0750352181215901));
#3874=CARTESIAN_POINT('',(-0.085279910919335,0.0612,0.0749164221023966));
#3875=CARTESIAN_POINT('',(-0.0853320540521444,0.0612000000000024,0.0747965233304014));
#3876=CARTESIAN_POINT('',(-0.0853819547256675,0.0611999999999854,0.0746759585369784));
#3877=CARTESIAN_POINT('',(-0.0853907389151133,0.0611999999999824,0.074654735096268));
#3878=CARTESIAN_POINT('',(-0.0853994535941206,0.0611999999999786,0.074633491003365));
#3879=CARTESIAN_POINT('',(-0.0854080968452485,0.0611999999999737,0.0746122249567346));
#3880=CARTESIAN_POINT('',(-0.0854485476853477,0.0611999999999506,0.0745126988132666));
#3881=CARTESIAN_POINT('',(-0.085487430701313,0.0611999999999243,0.0744126793270598));
#3882=CARTESIAN_POINT('',(-0.0855245246757563,0.0611999999999212,0.0743120870975581));
#3883=CARTESIAN_POINT('',(-0.0855470282938438,0.0611999999999193,0.074251061307002));
#3884=CARTESIAN_POINT('',(-0.0855688734902684,0.0611999999999254,0.0741898247307373));
#3885=CARTESIAN_POINT('',(-0.0855899877514356,0.0611999999999377,0.0741283624333334));
#3886=CARTESIAN_POINT('',(-0.0856111006950454,0.06119999999995,0.0740669039712567));
#3887=CARTESIAN_POINT('',(-0.0856314827900459,0.0611999999999686,0.0740052198139718));
#3888=CARTESIAN_POINT('',(-0.08565105024746,0.0611999999999831,0.0739432865186879));
#3889=CARTESIAN_POINT('',(-0.0856532076002296,0.0611999999999847,0.0739364582444117));
#3890=CARTESIAN_POINT('',(-0.0856553550509466,0.0611999999999862,0.0739296269418838));
#3891=CARTESIAN_POINT('',(-0.0856574924536309,0.0611999999999876,0.073922792572002));
#3892=CARTESIAN_POINT('',(-0.0856747421737378,0.0611999999999993,0.0738676363918235));
#3893=CARTESIAN_POINT('',(-0.0856913424632846,0.0611999999999991,0.073812280261464));
#3894=CARTESIAN_POINT('',(-0.0857072153106548,0.0612,0.0737567075145556));
#3895=CARTESIAN_POINT('',(-0.0857248689861951,0.0612,0.0736948998741292));
#3896=CARTESIAN_POINT('',(-0.0857416227916243,0.0612,0.0736328242719241));
#3897=CARTESIAN_POINT('',(-0.0857573350857006,0.0611999999999936,0.0735704446129985));
#3898=CARTESIAN_POINT('',(-0.085757504409718,0.0611999999999936,0.0735697723766973));
#3899=CARTESIAN_POINT('',(-0.0857576736117528,0.0611999999999935,0.0735691001039006));
#3900=CARTESIAN_POINT('',(-0.085757842691651,0.0611999999999934,0.0735684277945171));
#3901=CARTESIAN_POINT('',(-0.0857737042740649,0.0611999999999867,0.0735053576672537));
#3902=CARTESIAN_POINT('',(-0.0857884913680677,0.0611999999999914,0.073441965768256));
#3903=CARTESIAN_POINT('',(-0.0858020159304293,0.0611999999999949,0.0733781664332153));
#3904=CARTESIAN_POINT('',(-0.0858137535980062,0.061199999999998,0.0733227964059777));
#3905=CARTESIAN_POINT('',(-0.0858245403517317,0.0612,0.0732671195208167));
#3906=CARTESIAN_POINT('',(-0.0858341751785951,0.061199999999997,0.0732110334321967));
#3907=CARTESIAN_POINT('',(-0.0858356339054449,0.0611999999999966,0.0732025419165185));
#3908=CARTESIAN_POINT('',(-0.0858370657340243,0.0611999999999962,0.0731940424496302));
#3909=CARTESIAN_POINT('',(-0.0858384699766528,0.0611999999999959,0.0731855347605352));
#3910=CARTESIAN_POINT('',(-0.0858438088920664,0.0611999999999947,0.073153188617839));
#3911=CARTESIAN_POINT('',(-0.0858487490313183,0.0611999999999946,0.0731207236351959));
#3912=CARTESIAN_POINT('',(-0.0858532257262881,0.0611999999999944,0.0730881527101667));
#3913=CARTESIAN_POINT('',(-0.0858577046837044,0.0611999999999942,0.0730555653243385));
#3914=CARTESIAN_POINT('',(-0.085861719722683,0.061199999999994,0.0730228719223352));
#3915=CARTESIAN_POINT('',(-0.0858651832591662,0.0611999999999914,0.072990202309929));
#3916=CARTESIAN_POINT('',(-0.0858686485514964,0.0611999999999889,0.0729575161355952));
#3917=CARTESIAN_POINT('',(-0.0858715617814702,0.0611999999999849,0.0729248537406862));
#3918=CARTESIAN_POINT('',(-0.0858738300959899,0.0611999999999682,0.0728921821571369));
#3919=CARTESIAN_POINT('',(-0.0858749534598973,0.06119999999996,0.0728760018270123));
#3920=CARTESIAN_POINT('',(-0.0858759186526849,0.0611999999999485,0.0728598192414484));
#3921=CARTESIAN_POINT('',(-0.0858767063622046,0.06119999999993,0.072843635077125));
#3922=CARTESIAN_POINT('',(-0.0858775103169534,0.0611999999999112,0.0728271171407063));
#3923=CARTESIAN_POINT('',(-0.0858781293116082,0.0611999999998824,0.0728106083060577));
#3924=CARTESIAN_POINT('',(-0.0858785416955359,0.0611999999998513,0.0727940954718343));
#3925=CARTESIAN_POINT('',(-0.085878949998085,0.0611999999998204,0.072777746065728));
#3926=CARTESIAN_POINT('',(-0.0858791557851248,0.0611999999997877,0.0727613927354433));
#3927=CARTESIAN_POINT('',(-0.085879126169794,0.0611999999997712,0.0727450214784749));
#3928=CARTESIAN_POINT('',(-0.0858790966058631,0.0611999999997547,0.0727286786351529));
#3929=CARTESIAN_POINT('',(-0.0858788325027981,0.0611999999997564,0.0727123179240516));
#3930=CARTESIAN_POINT('',(-0.0858782886048188,0.0611999999997867,0.0726959235297154));
#3931=CARTESIAN_POINT('',(-0.0858778827950086,0.0611999999998093,0.0726836914451948));
#3932=CARTESIAN_POINT('',(-0.0858773212026932,0.061199999999848,0.0726714406051929));
#3933=CARTESIAN_POINT('',(-0.0858765765387773,0.0611999999998912,0.0726591689082484));
#3934=CARTESIAN_POINT('',(-0.0858763261716382,0.0611999999999057,0.0726550429803093));
#3935=CARTESIAN_POINT('',(-0.0858760559275246,0.0611999999999178,0.072650919804818));
#3936=CARTESIAN_POINT('',(-0.0858757649512727,0.0611999999999279,0.0726467991993391));
#3937=CARTESIAN_POINT('',(-0.085874606239104,0.0611999999999681,0.072630390314839));
#3938=CARTESIAN_POINT('',(-0.0858731188570153,0.0611999999999787,0.0726140221720858));
#3939=CARTESIAN_POINT('',(-0.0858712065564449,0.0611999999999799,0.0725976415535923));
#3940=CARTESIAN_POINT('',(-0.0858692894158508,0.061199999999981,0.0725812194758306));
#3941=CARTESIAN_POINT('',(-0.085866945356283,0.0611999999999784,0.0725647850273196));
#3942=CARTESIAN_POINT('',(-0.0858640363458155,0.0611999999999231,0.0725484366697806));
#3943=CARTESIAN_POINT('',(-0.0858625811716103,0.0611999999998954,0.0725402587314561));
#3944=CARTESIAN_POINT('',(-0.0858609845742469,0.061199999999853,0.0725321022953626));
#3945=CARTESIAN_POINT('',(-0.0858592349510429,0.0611999999997752,0.0725240120273209));
#3946=CARTESIAN_POINT('',(-0.0858574861379097,0.0611999999996975,0.0725159255050515));
#3947=CARTESIAN_POINT('',(-0.0858555844459271,0.0611999999995848,0.0725079050893544));
#3948=CARTESIAN_POINT('',(-0.0858535147240749,0.0611999999994022,0.072499942297665));
#3949=CARTESIAN_POINT('',(-0.0858514471507675,0.0611999999992198,0.0724919877720206));
#3950=CARTESIAN_POINT('',(-0.0858492118878948,0.0611999999989679,0.0724840907377497));
#3951=CARTESIAN_POINT('',(-0.0858468085747252,0.0611999999985928,0.0724762516588262));
#3952=CARTESIAN_POINT('',(-0.0858467777012137,0.061199999998588,0.0724761509562226));
#3953=CARTESIAN_POINT('',(-0.0858467467999643,0.0611999999985832,0.072476050263187));
#3954=CARTESIAN_POINT('',(-0.0858467158710038,0.0611999999985783,0.0724759495797014));
#3955=CARTESIAN_POINT('',(-0.085844341516066,0.0611999999982052,0.072468220308255));
#3956=CARTESIAN_POINT('',(-0.0858417982143779,0.061199999997849,0.0724605533204584));
#3957=CARTESIAN_POINT('',(-0.0858391003737868,0.0611999999975692,0.0724529442516804));
#3958=CARTESIAN_POINT('',(-0.0858336360224055,0.0611999999970025,0.0724375324346787));
#3959=CARTESIAN_POINT('',(-0.0858275375800985,0.0611999999967751,0.0724223585104536));
#3960=CARTESIAN_POINT('',(-0.0858209656375814,0.0611999999968793,0.0724073764129479));
#3961=CARTESIAN_POINT('',(-0.0858143895824266,0.0611999999969836,0.0723923849398367));
#3962=CARTESIAN_POINT('',(-0.0858073395204361,0.0611999999973915,0.0723775853975881));
#3963=CARTESIAN_POINT('',(-0.0857999307279265,0.0611999999978522,0.0723629387415763));
#3964=CARTESIAN_POINT('',(-0.0857925081812582,0.0611999999983137,0.0723482648945708));
#3965=CARTESIAN_POINT('',(-0.0857847256045518,0.0611999999988139,0.0723337444644521));
#3966=CARTESIAN_POINT('',(-0.0857766704151334,0.0611999999991788,0.072319373777086));
#3967=CARTESIAN_POINT('',(-0.0857745334414629,0.0611999999992757,0.0723155613551884));
#3968=CARTESIAN_POINT('',(-0.0857723772814149,0.061199999999364,0.0723117594658001));
#3969=CARTESIAN_POINT('',(-0.0857702037275482,0.0611999999994427,0.0723079689499039));
#3970=CARTESIAN_POINT('',(-0.0857641723950017,0.0611999999996613,0.0722974507556034));
#3971=CARTESIAN_POINT('',(-0.0857579964296614,0.0611999999997757,0.0722869955716502));
#3972=CARTESIAN_POINT('',(-0.0857517091560041,0.0611999999998475,0.0722766214924115));
#3973=CARTESIAN_POINT('',(-0.0857431723577845,0.0611999999999449,0.0722625356698429));
#3974=CARTESIAN_POINT('',(-0.0857344303652473,0.0611999999999657,0.0722485994407332));
#3975=CARTESIAN_POINT('',(-0.0857255070911954,0.0611999999999768,0.0722347787231529));
#3976=CARTESIAN_POINT('',(-0.0857076963826247,0.061199999999999,0.0722071927976703));
#3977=CARTESIAN_POINT('',(-0.0856891629484429,0.0612000000000091,0.0721800671785344));
#3978=CARTESIAN_POINT('',(-0.0856700801599635,0.0611999999998692,0.0721533321028071));
#3979=CARTESIAN_POINT('',(-0.085669862958091,0.0611999999998676,0.0721530278019699));
#3980=CARTESIAN_POINT('',(-0.0856696456851394,0.061199999999866,0.0721527235516939));
#3981=CARTESIAN_POINT('',(-0.0856694283412703,0.0611999999998644,0.0721524193519289));
#3982=CARTESIAN_POINT('',(-0.0856505544185306,0.0611999999997219,0.0721260029506466));
#3983=CARTESIAN_POINT('',(-0.0856311456891129,0.0611999999995457,0.0721000064726608));
#3984=CARTESIAN_POINT('',(-0.0856112973028862,0.061199999999461,0.0720743597797076));
#3985=CARTESIAN_POINT('',(-0.0855911994253212,0.0611999999993753,0.0720483907115411));
#3986=CARTESIAN_POINT('',(-0.0855706507292894,0.0611999999993733,0.0720227802653816));
#3987=CARTESIAN_POINT('',(-0.0855497042812059,0.061199999999428,0.0719974614035409));
#3988=CARTESIAN_POINT('',(-0.0855287398026692,0.0611999999994826,0.0719721207475253));
#3989=CARTESIAN_POINT('',(-0.085507376893654,0.0611999999995875,0.0719470722060924));
#3990=CARTESIAN_POINT('',(-0.0854857171754369,0.0611999999996839,0.0719223333513642));
#3991=CARTESIAN_POINT('',(-0.085469028183486,0.0611999999997582,0.0719032718592757));
#3992=CARTESIAN_POINT('',(-0.0854521629517119,0.0611999999998271,0.0718843942130089));
#3993=CARTESIAN_POINT('',(-0.0854351428694064,0.0611999999998774,0.0718656908719679));
#3994=CARTESIAN_POINT('',(-0.0854079659035913,0.0611999999999577,0.0718358261479921));
#3995=CARTESIAN_POINT('',(-0.0853803709201733,0.0611999999999775,0.0718063745953388));
#3996=CARTESIAN_POINT('',(-0.0853524478410837,0.0611999999999884,0.071777314878544));
#3997=CARTESIAN_POINT('',(-0.085307084599415,0.0612000000000062,0.0717301050793829));
#3998=CARTESIAN_POINT('',(-0.0852608552808693,0.0612,0.0716839296802548));
#3999=CARTESIAN_POINT('',(-0.0852138917013327,0.0612,0.071638608350653));
#4000=CARTESIAN_POINT('',(-0.0852015014105658,0.0612,0.0716266513308251));
#4001=CARTESIAN_POINT('',(-0.085189060038427,0.0612,0.0716147537339497));
#4002=CARTESIAN_POINT('',(-0.0851765701166048,0.0611999999999991,0.0716029140693827));
#4003=CARTESIAN_POINT('',(-0.0851417220906493,0.0611999999999985,0.0715698803207326));
#4004=CARTESIAN_POINT('',(-0.0851064997693202,0.0611999999999985,0.0715373040453107));
#4005=CARTESIAN_POINT('',(-0.085070945878626,0.0611999999999988,0.0715051351674424));
#4006=CARTESIAN_POINT('',(-0.0850226330247883,0.0611999999999991,0.0714614220810762));
#4007=CARTESIAN_POINT('',(-0.0849737079590523,0.0612,0.0714184612299181));
#4008=CARTESIAN_POINT('',(-0.084924236199822,0.0611999999999983,0.071376147343843));
#4009=CARTESIAN_POINT('',(-0.0849171633416043,0.061199999999998,0.0713700978295037));
#4010=CARTESIAN_POINT('',(-0.0849100793069711,0.0611999999999977,0.0713640615405416));
#4011=CARTESIAN_POINT('',(-0.0849029842544635,0.0611999999999973,0.0713580382347899));
#4012=CARTESIAN_POINT('',(-0.0848604519411591,0.0611999999999949,0.071321930661648));
#4013=CARTESIAN_POINT('',(-0.0848175234190186,0.06119999999999,0.0712862924970112));
#4014=CARTESIAN_POINT('',(-0.0847742372112051,0.0611999999999829,0.071251079227038));
#4015=CARTESIAN_POINT('',(-0.0846732333792569,0.0611999999999663,0.0711689127499456));
#4016=CARTESIAN_POINT('',(-0.0845702819891369,0.0611999999999362,0.071089059658507));
#4017=CARTESIAN_POINT('',(-0.0844657079182953,0.0611999999999425,0.0710111087106697));
#4018=CARTESIAN_POINT('',(-0.0844185980145056,0.0611999999999453,0.0709759923417326));
#4019=CARTESIAN_POINT('',(-0.0843711588089353,0.0611999999999562,0.0709412620116771));
#4020=CARTESIAN_POINT('',(-0.0843234137921854,0.0611999999999704,0.0709068952723447));
#4021=CARTESIAN_POINT('',(-0.0842651803739177,0.0611999999999877,0.0708649790087792));
#4022=CARTESIAN_POINT('',(-0.0842065123592431,0.0611999999999932,0.0708236110565422));
#4023=CARTESIAN_POINT('',(-0.0841474443495468,0.0611999999999962,0.0707827428094927));
#4024=CARTESIAN_POINT('',(-0.0840399319553226,0.0612000000000016,0.0707083566381854));
#4025=CARTESIAN_POINT('',(-0.0839310945738032,0.0612,0.0706356255578339));
#4026=CARTESIAN_POINT('',(-0.0838214112426435,0.0612,0.0705645232874411));
#4027=CARTESIAN_POINT('',(-0.0837852728268707,0.0611999999999993,0.0705410965426233));
#4028=CARTESIAN_POINT('',(-0.0837490425550197,0.0611999999999989,0.0705178466766256));
#4029=CARTESIAN_POINT('',(-0.0837127193273085,0.0611999999999984,0.0704947632822882));
#4030=CARTESIAN_POINT('',(-0.0836388374234337,0.0611999999999972,0.0704478113666956));
#4031=CARTESIAN_POINT('',(-0.0835646158879485,0.0611999999999955,0.0704015776032561));
#4032=CARTESIAN_POINT('',(-0.0834900577987213,0.0611999999999941,0.0703559792596669));
#4033=CARTESIAN_POINT('',(-0.0833788082334916,0.0611999999999921,0.0702879410903405));
#4034=CARTESIAN_POINT('',(-0.0832668094141637,0.0611999999999918,0.0702213175528667));
#4035=CARTESIAN_POINT('',(-0.083154145908034,0.0611999999999947,0.070155950261028));
#4036=CARTESIAN_POINT('',(-0.0831306262347138,0.0611999999999954,0.0701423041621031));
#4037=CARTESIAN_POINT('',(-0.0831070775897856,0.0611999999999961,0.0701287128194219));
#4038=CARTESIAN_POINT('',(-0.083083500342494,0.0611999999999968,0.0701151749239699));
#4039=CARTESIAN_POINT('',(-0.0829941370721072,0.0612,0.0700638631403344));
#4040=CARTESIAN_POINT('',(-0.0829043582874721,0.0612,0.0700133127622147));
#4041=CARTESIAN_POINT('',(-0.0828141986304737,0.0612,0.0699634601776072));
#4042=CARTESIAN_POINT('',(-0.0827002670698789,0.0612,0.0699004632347048));
#4043=CARTESIAN_POINT('',(-0.0825857273072227,0.0612,0.0698385805734764));
#4044=CARTESIAN_POINT('',(-0.0824706456743864,0.0611999999999963,0.0697777067765419));
#4045=CARTESIAN_POINT('',(-0.0824605376634709,0.061199999999996,0.0697723600240784));
#4046=CARTESIAN_POINT('',(-0.0824504254723771,0.0611999999999956,0.069767021054359));
#4047=CARTESIAN_POINT('',(-0.0824403091366002,0.0611999999999951,0.0697616898131627));
#4048=CARTESIAN_POINT('',(-0.0822200816344482,0.0611999999999851,0.0696456313945888));
#4049=CARTESIAN_POINT('',(-0.0819978731019122,0.0611999999999665,0.0695332416944569));
#4050=CARTESIAN_POINT('',(-0.0817740353563295,0.0611999999999632,0.0694239547785017));
#4051=CARTESIAN_POINT('',(-0.0815579018377762,0.06119999999996,0.0693184293872602));
#4052=CARTESIAN_POINT('',(-0.0813402493729311,0.061199999999972,0.0692157967705589));
#4053=CARTESIAN_POINT('',(-0.0811212973168581,0.0611999999999859,0.069115677918459));
#4054=CARTESIAN_POINT('',(-0.0811030308748979,0.061199999999987,0.069107325335552));
#4055=CARTESIAN_POINT('',(-0.0810847549838677,0.0611999999999881,0.0690989900001908));
#4056=CARTESIAN_POINT('',(-0.0810664697370142,0.061199999999989,0.0690906716793933));
#4057=CARTESIAN_POINT('',(-0.0808289956166871,0.0612000000000012,0.0689826400006408));
#4058=CARTESIAN_POINT('',(-0.0805899434942123,0.0612,0.0688774778831937));
#4059=CARTESIAN_POINT('',(-0.0803499608238942,0.0612,0.0687749804467304));
#4060=CARTESIAN_POINT('',(-0.0801575411643246,0.0612,0.0686927973382382));
#4061=CARTESIAN_POINT('',(-0.0799645232906985,0.0612,0.0686123274246364));
#4062=CARTESIAN_POINT('',(-0.0797709157680858,0.0611999999999977,0.0685333697980818));
#4063=CARTESIAN_POINT('',(-0.0797231505428668,0.0611999999999972,0.0685138900342574));
#4064=CARTESIAN_POINT('',(-0.0796753559930998,0.0611999999999967,0.0684945052563327));
#4065=CARTESIAN_POINT('',(-0.0796275320372648,0.0611999999999964,0.0684752122432615));
#4066=CARTESIAN_POINT('',(-0.0793858141325733,0.0611999999999948,0.0683776990490196));
#4067=CARTESIAN_POINT('',(-0.0791433451972473,0.061199999999997,0.0682825296688977));
#4068=CARTESIAN_POINT('',(-0.0789001821663672,0.0611999999999984,0.068189389544754));
#4069=CARTESIAN_POINT('',(-0.0787345175136057,0.0611999999999993,0.0681259340668855));
#4070=CARTESIAN_POINT('',(-0.0785685306391733,0.0612,0.0680634206054223));
#4071=CARTESIAN_POINT('',(-0.0784022246424993,0.0612,0.0680017713264336));
#4072=CARTESIAN_POINT('',(-0.0780802833960797,0.0612,0.06788242839163));
#4073=CARTESIAN_POINT('',(-0.0777571535529217,0.0611999999999993,0.0677663270785344));
#4074=CARTESIAN_POINT('',(-0.0774330465499354,0.0611999999999989,0.0676529889677529));
#4075=CARTESIAN_POINT('',(-0.0772953612338545,0.0611999999999988,0.0676048413082973));
#4076=CARTESIAN_POINT('',(-0.0771574995936014,0.0611999999999989,0.0675571922742729));
#4077=CARTESIAN_POINT('',(-0.0770194747386462,0.0611999999999993,0.0675100158963724));
#4078=CARTESIAN_POINT('',(-0.0766647822871262,0.0612,0.0673887833463597));
#4079=CARTESIAN_POINT('',(-0.0763090118826326,0.0612,0.067270663383551));
#4080=CARTESIAN_POINT('',(-0.0759522955357936,0.0612,0.0671551755768479));
#4081=CARTESIAN_POINT('',(-0.0758434392492808,0.0612,0.067119933082674));
#4082=CARTESIAN_POINT('',(-0.0757344948669864,0.0611999999999991,0.0670849357216768));
#4083=CARTESIAN_POINT('',(-0.0756254647142941,0.0611999999999983,0.0670501726775542));
#4084=CARTESIAN_POINT('',(-0.0752381847441978,0.0611999999999954,0.0669266927928087));
#4085=CARTESIAN_POINT('',(-0.0748498698611571,0.0611999999999896,0.0668061892246796));
#4086=CARTESIAN_POINT('',(-0.0744606661440273,0.0611999999999866,0.066688190564759));
#4087=CARTESIAN_POINT('',(-0.0739618698668953,0.0611999999999826,0.0665369656671425));
#4088=CARTESIAN_POINT('',(-0.0734616137299542,0.0611999999999848,0.0663898549488712));
#4089=CARTESIAN_POINT('',(-0.0729604294521169,0.0611999999999915,0.0662461451993514));
#4090=CARTESIAN_POINT('',(-0.0729109283956461,0.0611999999999922,0.0662319512496587));
#4091=CARTESIAN_POINT('',(-0.072861418284791,0.0611999999999929,0.066217790477614));
#4092=CARTESIAN_POINT('',(-0.0728118992654124,0.0611999999999935,0.0662036622046521));
#4093=CARTESIAN_POINT('',(-0.0723600586370342,0.0612,0.0660747475408903));
#4094=CARTESIAN_POINT('',(-0.0719074664471565,0.0612,0.0659485299748443));
#4095=CARTESIAN_POINT('',(-0.0714542528808471,0.0612,0.0658244998480304));
#4096=CARTESIAN_POINT('',(-0.0709625097348865,0.0612,0.0656899254017048));
#4097=CARTESIAN_POINT('',(-0.0704700350737871,0.0612,0.0655579261199354));
#4098=CARTESIAN_POINT('',(-0.0699769862185184,0.0612,0.0654280014450878));
#4099=CARTESIAN_POINT('',(-0.0694616072267954,0.0612,0.0652921924938909));
#4100=CARTESIAN_POINT('',(-0.0689455929500212,0.0612,0.0651586465149634));
#4101=CARTESIAN_POINT('',(-0.0684291061047089,0.0612,0.0650267879662384));
#4102=CARTESIAN_POINT('',(-0.0679960904622766,0.0611999999999993,0.0649162395278715));
#4103=CARTESIAN_POINT('',(-0.0675627426568804,0.0611999999999991,0.0648068771739173));
#4104=CARTESIAN_POINT('',(-0.067129136607718,0.0612,0.0646984311606742));
#4105=CARTESIAN_POINT('',(-0.0665507653927716,0.0612,0.0645537789987482));
#4106=CARTESIAN_POINT('',(-0.0659719378982776,0.0612,0.0644107534805648));
#4107=CARTESIAN_POINT('',(-0.0653928334579642,0.0612,0.064268713349726));
#4108=CARTESIAN_POINT('',(-0.0650199354207888,0.0612,0.0641772505974091));
#4109=CARTESIAN_POINT('',(-0.0646469225529178,0.0612,0.0640861964214708));
#4110=CARTESIAN_POINT('',(-0.0642738377838226,0.0612,0.0639953986617576));
#4111=CARTESIAN_POINT('',(-0.063633155497438,0.0612,0.0638394756085792));
#4112=CARTESIAN_POINT('',(-0.0629922623590463,0.0611999999999993,0.0636843047164644));
#4113=CARTESIAN_POINT('',(-0.0623513732208033,0.0611999999999987,0.063529119309089));
#4114=CARTESIAN_POINT('',(-0.0620394756388945,0.0611999999999984,0.0634535961797056));
#4115=CARTESIAN_POINT('',(-0.061727579005045,0.0611999999999985,0.0633780696128169));
#4116=CARTESIAN_POINT('',(-0.0614157070775422,0.0611999999999991,0.0633024548764692));
#4117=CARTESIAN_POINT('',(-0.0607135681503476,0.0612,0.0631322181697405));
#4118=CARTESIAN_POINT('',(-0.0600115565473482,0.0612000000000009,0.0629615266648458));
#4119=CARTESIAN_POINT('',(-0.0593099472159727,0.061199999999999,0.0627894039460337));
#4120=CARTESIAN_POINT('',(-0.0590595667869347,0.0611999999999983,0.0627279792211104));
#4121=CARTESIAN_POINT('',(-0.0588092375892431,0.0611999999999971,0.0626663722266113));
#4122=CARTESIAN_POINT('',(-0.0585589724493032,0.0611999999999939,0.062604536881407));
#4123=CARTESIAN_POINT('',(-0.0577964576068359,0.0611999999999842,0.0624161352185997));
#4124=CARTESIAN_POINT('',(-0.0570345412187475,0.0611999999998818,0.0622256028210856));
#4125=CARTESIAN_POINT('',(-0.0562735746976131,0.0611999999998814,0.0620316815777141));
#4126=CARTESIAN_POINT('',(-0.0560849219762039,0.0611999999998813,0.0619836061771741));
#4127=CARTESIAN_POINT('',(-0.0558963276271367,0.0611999999998905,0.061935322495468));
#4128=CARTESIAN_POINT('',(-0.0557077978211599,0.0611999999999087,0.0618868093088656));
#4129=CARTESIAN_POINT('',(-0.0548862722923657,0.0611999999999877,0.0616754113229052));
#4130=CARTESIAN_POINT('',(-0.0540659611336833,0.0611999999999908,0.0614596011932399));
#4131=CARTESIAN_POINT('',(-0.0532474165436537,0.0611999999999936,0.0612375765777916));
#4132=CARTESIAN_POINT('',(-0.0522410081451727,0.0611999999999969,0.0609645951906096));
#4133=CARTESIAN_POINT('',(-0.0512372703227719,0.0612000000000078,0.060682219079153));
#4134=CARTESIAN_POINT('',(-0.0502372679746989,0.0611999999999233,0.0603864345696701));
#4135=CARTESIAN_POINT('',(-0.0501715280207928,0.0611999999999177,0.0603669897553084));
#4136=CARTESIAN_POINT('',(-0.0501058042101239,0.0611999999999116,0.0603474869960222));
#4137=CARTESIAN_POINT('',(-0.050040097059715,0.061199999999905,0.0603279249477805));
#4138=CARTESIAN_POINT('',(-0.0491063096562277,0.0611999999998105,0.0600499218062528));
#4139=CARTESIAN_POINT('',(-0.0481758601132969,0.0612000000000012,0.0597600309150697));
#4140=CARTESIAN_POINT('',(-0.0472499006925785,0.0611999999999984,0.0594541291131617));
#4141=CARTESIAN_POINT('',(-0.0472446628734702,0.0611999999999983,0.0594523987367894));
#4142=CARTESIAN_POINT('',(-0.0472394251981185,0.0611999999999983,0.0594506678479913));
#4143=CARTESIAN_POINT('',(-0.04723418766653,0.0611999999999983,0.0594489364456604));
#4144=CARTESIAN_POINT('',(-0.0465979112210903,0.061199999999996,0.0592385987126892));
#4145=CARTESIAN_POINT('',(-0.0459637589699152,0.0611999999999196,0.0590206854076555));
#4146=CARTESIAN_POINT('',(-0.04533221739325,0.0611999999999061,0.0587934897735324));
#4147=CARTESIAN_POINT('',(-0.0450395419959897,0.0611999999998999,0.058688200470453));
#4148=CARTESIAN_POINT('',(-0.0447474270579445,0.0611999999999309,0.0585809182229179));
#4149=CARTESIAN_POINT('',(-0.044455919706952,0.0611999999999695,0.0584714769162292));
#4150=CARTESIAN_POINT('',(-0.0444018642624849,0.0611999999999767,0.0584511827505556));
#4151=CARTESIAN_POINT('',(-0.0443478312924589,0.0611999999999818,0.0584308142543508));
#4152=CARTESIAN_POINT('',(-0.0442938193469131,0.0611999999999856,0.0584103697308902));
#4153=CARTESIAN_POINT('',(-0.0438879374258671,0.0612000000000144,0.0582567358935375));
#4154=CARTESIAN_POINT('',(-0.0434832413519199,0.0612,0.0580988134583322));
#4155=CARTESIAN_POINT('',(-0.043079900106319,0.0612,0.0579360381436412));
#4156=CARTESIAN_POINT('',(-0.0426999028390396,0.0612,0.0577826836939346));
#4157=CARTESIAN_POINT('',(-0.0423211020106822,0.0612,0.0576250099214305));
#4158=CARTESIAN_POINT('',(-0.0419447079900168,0.0612,0.0574629584771379));
#4159=CARTESIAN_POINT('',(-0.0418684204674383,0.0612,0.057430113897956));
#4160=CARTESIAN_POINT('',(-0.0417922317477108,0.0612,0.0573970896441088));
#4161=CARTESIAN_POINT('',(-0.0417161517891708,0.0612,0.0573638854752925));
#4162=CARTESIAN_POINT('',(-0.0416050718020794,0.0612,0.0573154059714352));
#4163=CARTESIAN_POINT('',(-0.0414942162756745,0.0612,0.0572665381108811));
#4164=CARTESIAN_POINT('',(-0.0413836002973005,0.061199999999999,0.057217274639413));
#4165=CARTESIAN_POINT('',(-0.0408134667593197,0.0611999999999925,0.0569633623412602));
#4166=CARTESIAN_POINT('',(-0.0402496958412692,0.0611999999997952,0.0566989439668096));
#4167=CARTESIAN_POINT('',(-0.0396930548621667,0.0611999999997556,0.0564221323607407));
#4168=CARTESIAN_POINT('',(-0.0394798443152824,0.0611999999997404,0.0563161050358947));
#4169=CARTESIAN_POINT('',(-0.0392676799638655,0.0611999999997746,0.0562082589917703));
#4170=CARTESIAN_POINT('',(-0.0390566055541509,0.0611999999998483,0.0560984861389723));
#4171=CARTESIAN_POINT('',(-0.038893725878988,0.0611999999999052,0.0560137777812438));
#4172=CARTESIAN_POINT('',(-0.0387315034126903,0.0611999999999362,0.0559279184214259));
#4173=CARTESIAN_POINT('',(-0.0385699684085405,0.0611999999999563,0.0558408621882574));
#4174=CARTESIAN_POINT('',(-0.0381113011222239,0.0612000000000135,0.0555936721353368));
#4175=CARTESIAN_POINT('',(-0.0376581768515317,0.0612,0.055336831834363));
#4176=CARTESIAN_POINT('',(-0.0372113737774803,0.0612,0.0550689532047604));
#4177=CARTESIAN_POINT('',(-0.0369759474382097,0.0612,0.0549278044777287));
#4178=CARTESIAN_POINT('',(-0.0367422760022356,0.0612,0.0547835912381837));
#4179=CARTESIAN_POINT('',(-0.0365105248843673,0.0612,0.0546361280006984));
#4180=CARTESIAN_POINT('',(-0.0363024475039953,0.0612,0.0545037283625032));
#4181=CARTESIAN_POINT('',(-0.0360958741927094,0.0611999999999991,0.0543686709586571));
#4182=CARTESIAN_POINT('',(-0.0358909266554237,0.0611999999999776,0.0542308271545652));
#4183=CARTESIAN_POINT('',(-0.0356888503659996,0.0611999999999563,0.0540949144970145));
#4184=CARTESIAN_POINT('',(-0.0354883546342959,0.0611999999999133,0.0539562929789899));
#4185=CARTESIAN_POINT('',(-0.0352894676193063,0.0611999999999025,0.0538147125736853));
#4186=CARTESIAN_POINT('',(-0.0350619892891138,0.06119999999989,0.0536527790548563));
#4187=CARTESIAN_POINT('',(-0.0348368244038151,0.0611999999999563,0.0534871326119767));
#4188=CARTESIAN_POINT('',(-0.0346139096771699,0.0611999999999816,0.0533173123633055));
#4189=CARTESIAN_POINT('',(-0.0344442611604789,0.0612000000000008,0.0531880712237688));
#4190=CARTESIAN_POINT('',(-0.0342759161423759,0.0612,0.0530564125354163));
#4191=CARTESIAN_POINT('',(-0.0341092330301305,0.0612,0.0529224546742615));
#4192=CARTESIAN_POINT('',(-0.0338652505417582,0.0612,0.052726373788434));
#4193=CARTESIAN_POINT('',(-0.0336244362206841,0.0611999999999625,0.0525250325373249));
#4194=CARTESIAN_POINT('',(-0.0333883133473658,0.0611999999999085,0.052319152179761));
#4195=CARTESIAN_POINT('',(-0.0332511597886864,0.0611999999998771,0.0521995651897111));
#4196=CARTESIAN_POINT('',(-0.0331155887005932,0.0611999999998768,0.0520784476036498));
#4197=CARTESIAN_POINT('',(-0.0329816903050324,0.061199999999929,0.0519558142939057));
#4198=CARTESIAN_POINT('',(-0.0327417781776333,0.0612000000000225,0.0517360863568569));
#4199=CARTESIAN_POINT('',(-0.0325074998656038,0.0612,0.051511663128235));
#4200=CARTESIAN_POINT('',(-0.0322788615237552,0.0612,0.0512821568371223));
#4201=CARTESIAN_POINT('',(-0.0322656329173726,0.0612,0.0512688780127443));
#4202=CARTESIAN_POINT('',(-0.0322524232016048,0.0612,0.0512555821621859));
#4203=CARTESIAN_POINT('',(-0.0322392323815318,0.0612,0.0512422692065126));
#4204=CARTESIAN_POINT('',(-0.0321341077145267,0.0612,0.051136171175893));
#4205=CARTESIAN_POINT('',(-0.0320301830283946,0.0612,0.0510289868872419));
#4206=CARTESIAN_POINT('',(-0.0319274666031427,0.0612,0.0509206726581196));
#4207=CARTESIAN_POINT('',(-0.0316699811610657,0.0612,0.0506491548643454));
#4208=CARTESIAN_POINT('',(-0.0314200767352727,0.061200000000005,0.0503705243460862));
#4209=CARTESIAN_POINT('',(-0.0311782141569838,0.0611999999999949,0.0500843647270389));
#4210=CARTESIAN_POINT('',(-0.0311022395638167,0.0611999999999918,0.0499944754155473));
#4211=CARTESIAN_POINT('',(-0.0310270585592277,0.0611999999999865,0.0499038431415155));
#4212=CARTESIAN_POINT('',(-0.0309526844277447,0.0611999999999741,0.0498124459212579));
#4213=CARTESIAN_POINT('',(-0.0307231797137232,0.0611999999999358,0.0495304111266414));
#4214=CARTESIAN_POINT('',(-0.0305014835158343,0.0611999999999886,0.0492413101190716));
#4215=CARTESIAN_POINT('',(-0.030288103470457,0.0611999999999973,0.0489446934383844));
#4216=CARTESIAN_POINT('',(-0.0302627836300237,0.0611999999999983,0.0489094966747341));
#4217=CARTESIAN_POINT('',(-0.0302375808493873,0.061199999999999,0.0488741941372629));
#4218=CARTESIAN_POINT('',(-0.0302124959480276,0.0612,0.0488387851162198));
#4219=CARTESIAN_POINT('',(-0.030162383842644,0.0612,0.0487680485177935));
#4220=CARTESIAN_POINT('',(-0.030112742186286,0.0612,0.048696886969662));
#4221=CARTESIAN_POINT('',(-0.0300636197686556,0.0612,0.0486253630178362));
#4222=CARTESIAN_POINT('',(-0.0299631742112058,0.0612,0.0484791107859893));
#4223=CARTESIAN_POINT('',(-0.0298647405280714,0.0611999999999963,0.0483311047662945));
#4224=CARTESIAN_POINT('',(-0.0297687948833445,0.0611999999999943,0.0481819676719844));
#4225=CARTESIAN_POINT('',(-0.0297305649554445,0.0611999999999935,0.0481225433971369));
#4226=CARTESIAN_POINT('',(-0.0296927299301761,0.0611999999999942,0.0480629396729778));
#4227=CARTESIAN_POINT('',(-0.0296552916136848,0.0611999999999963,0.0480031607950144));
#4228=CARTESIAN_POINT('',(-0.0295529187254774,0.0612000000000021,0.0478396989472487));
#4229=CARTESIAN_POINT('',(-0.0294536195175731,0.0612,0.0476750668363966));
#4230=CARTESIAN_POINT('',(-0.029357281757205,0.0612,0.0475091095113749));
#4231=CARTESIAN_POINT('',(-0.0293299684473774,0.0612,0.047462057931401));
#4232=CARTESIAN_POINT('',(-0.0293028932749598,0.0612,0.0474148997881231));
#4233=CARTESIAN_POINT('',(-0.0292760552990566,0.0612,0.0473676325106732));
#4234=CARTESIAN_POINT('',(-0.0290567503055886,0.0611999999999976,0.0469813906416968));
#4235=CARTESIAN_POINT('',(-0.0288532412332877,0.0611999999999974,0.0465878092358844));
#4236=CARTESIAN_POINT('',(-0.0286658805843228,0.0611999999999989,0.0461869062026537));
#4237=CARTESIAN_POINT('',(-0.0286552003161891,0.061199999999999,0.0461640532080992));
#4238=CARTESIAN_POINT('',(-0.0286445725085976,0.061199999999999,0.0461411764286286));
#4239=CARTESIAN_POINT('',(-0.0286339972222206,0.0611999999999991,0.0461182758698283));
#4240=CARTESIAN_POINT('',(-0.0286245293480068,0.0611999999999992,0.0460977733886265));
#4241=CARTESIAN_POINT('',(-0.0286151035712031,0.0611999999999993,0.0460772518475426));
#4242=CARTESIAN_POINT('',(-0.028605719959721,0.0611999999999993,0.0460567112824012));
#4243=CARTESIAN_POINT('',(-0.0284174386647575,0.0612,0.0456445667459955));
#4244=CARTESIAN_POINT('',(-0.0282461269420789,0.0612,0.0452247504372764));
#4245=CARTESIAN_POINT('',(-0.0280922156430623,0.0612,0.0447972400487961));
#4246=CARTESIAN_POINT('',(-0.0280795848520419,0.0612,0.0447621562413664));
#4247=CARTESIAN_POINT('',(-0.0280670712748668,0.0612,0.0447270206047542));
#4248=CARTESIAN_POINT('',(-0.0280546751641221,0.0612,0.0446918331204155));
#4249=CARTESIAN_POINT('',(-0.0280516863965676,0.0612,0.0446833492327119));
#4250=CARTESIAN_POINT('',(-0.0280487044569145,0.0611999999999993,0.0446748623022048));
#4251=CARTESIAN_POINT('',(-0.0280457293511532,0.0611999999999993,0.0446663723386536));
#4252=CARTESIAN_POINT('',(-0.0279673541526303,0.0611999999999985,0.0444427155572918));
#4253=CARTESIAN_POINT('',(-0.0278937238877744,0.0611999999999914,0.0442169530708916));
#4254=CARTESIAN_POINT('',(-0.0278248431421005,0.0611999999999971,0.0439887271336194));
#4255=CARTESIAN_POINT('',(-0.0278176346756463,0.0611999999999977,0.043964842969813));
#4256=CARTESIAN_POINT('',(-0.0278104791792099,0.0611999999999981,0.0439409342850167));
#4257=CARTESIAN_POINT('',(-0.027803376291815,0.0611999999999984,0.0439169995359785));
#4258=CARTESIAN_POINT('',(-0.0277517741544042,0.061200000000001,0.043743114728281));
#4259=CARTESIAN_POINT('',(-0.0277029447250945,0.0612,0.0435678558460955));
#4260=CARTESIAN_POINT('',(-0.0276570582674253,0.0612,0.0433918316920572));
#4261=CARTESIAN_POINT('',(-0.0276466157437377,0.0612,0.0433517733286206));
#4262=CARTESIAN_POINT('',(-0.0276363258421202,0.0612,0.0433116752823777));
#4263=CARTESIAN_POINT('',(-0.0276261909519111,0.061199999999999,0.0432715447001618));
#4264=CARTESIAN_POINT('',(-0.0276161400393461,0.0611999999999987,0.0432317466397282));
#4265=CARTESIAN_POINT('',(-0.0276062396011095,0.0611999999999984,0.043191909497705));
#4266=CARTESIAN_POINT('',(-0.0275964936245936,0.0611999999999981,0.0431520458888272));
#4267=CARTESIAN_POINT('',(-0.0275472845931798,0.0611999999999964,0.0429507679996051));
#4268=CARTESIAN_POINT('',(-0.0275020157433439,0.0611999999999971,0.0427488147123103));
#4269=CARTESIAN_POINT('',(-0.027460704023328,0.0611999999999989,0.0425466960406124));
#4270=CARTESIAN_POINT('',(-0.0274495955173865,0.0612,0.0424923473844786));
#4271=CARTESIAN_POINT('',(-0.0274387728069009,0.0612,0.0424379837904581));
#4272=CARTESIAN_POINT('',(-0.0274282350090777,0.0612,0.0423836101815661));
#4273=CARTESIAN_POINT('',(-0.0273918219662322,0.0612,0.042195723814466));
#4274=CARTESIAN_POINT('',(-0.0273588102134815,0.0612,0.042007718057483));
#4275=CARTESIAN_POINT('',(-0.027329114139397,0.0612,0.0418194341399979));
#4276=CARTESIAN_POINT('',(-0.0273184940028686,0.0612,0.0417520986092437));
#4277=CARTESIAN_POINT('',(-0.0273082987685799,0.0612,0.041684732670788));
#4278=CARTESIAN_POINT('',(-0.0272985251838345,0.0612,0.0416173329846941));
#4279=CARTESIAN_POINT('',(-0.0272616527431461,0.0612,0.0413630566886716));
#4280=CARTESIAN_POINT('',(-0.0272307824667415,0.0612,0.041108299914858));
#4281=CARTESIAN_POINT('',(-0.027205812793158,0.0612,0.0408531282406521));
#4282=CARTESIAN_POINT('',(-0.0271896755792347,0.0612,0.0406882177991897));
#4283=CARTESIAN_POINT('',(-0.0271760026281432,0.0612,0.040523134125669));
#4284=CARTESIAN_POINT('',(-0.0271647681879068,0.0612,0.0403578774470118));
#4285=CARTESIAN_POINT('',(-0.0271587220973798,0.0612,0.0402689404979212));
#4286=CARTESIAN_POINT('',(-0.0271533825164454,0.0612,0.0401799552091916));
#4287=CARTESIAN_POINT('',(-0.0271487451086085,0.0612,0.0400909207832442));
#4288=CARTESIAN_POINT('',(-0.027135565953469,0.0612,0.0398378918167217));
#4289=CARTESIAN_POINT('',(-0.0271280583041891,0.0612,0.0395844659995534));
#4290=CARTESIAN_POINT('',(-0.0271261454646931,0.0612,0.0393306437867476));
#4291=CARTESIAN_POINT('',(-0.0271250325508446,0.0612,0.0391829668612768));
#4292=CARTESIAN_POINT('',(-0.0271258134052957,0.0612,0.0390351557512768));
#4293=CARTESIAN_POINT('',(-0.0271284756988469,0.0612,0.0388872097585416));
#4294=CARTESIAN_POINT('',(-0.0271303637822263,0.0612,0.0387822873055619));
#4295=CARTESIAN_POINT('',(-0.0271331978861831,0.0612,0.0386772971358491));
#4296=CARTESIAN_POINT('',(-0.0271369734769903,0.0612,0.0385722395611327));
#4297=CARTESIAN_POINT('',(-0.0271460230752569,0.0612,0.0383204302696601));
#4298=CARTESIAN_POINT('',(-0.0271604818733593,0.0612,0.0380682337468288));
#4299=CARTESIAN_POINT('',(-0.0271802989131471,0.0612,0.0378156561380666));
#4300=CARTESIAN_POINT('',(-0.0271852365119185,0.0612,0.0377527240904923));
#4301=CARTESIAN_POINT('',(-0.0271905067251179,0.0612,0.0376897683842499));
#4302=CARTESIAN_POINT('',(-0.027196108901692,0.0612,0.0376267891228005));
#4303=CARTESIAN_POINT('',(-0.027201703626278,0.0612,0.0375638936360601));
#4304=CARTESIAN_POINT('',(-0.0272076294316929,0.0612,0.0375009746567393));
#4305=CARTESIAN_POINT('',(-0.027213885614275,0.0612,0.0374380322843631));
#4306=CARTESIAN_POINT('',(-0.0272148916355855,0.0612,0.0374279108777208));
#4307=CARTESIAN_POINT('',(-0.0272159061997585,0.0612,0.037417788866179));
#4308=CARTESIAN_POINT('',(-0.0272169293046863,0.0612,0.0374076662501974));
#4309=CARTESIAN_POINT('',(-0.0856837854930855,0.0611999999999979,0.0738368477345419));
#4310=CARTESIAN_POINT('',(-0.075442519416848,0.0587,0.0932911196218298));
#4311=CARTESIAN_POINT('',(-0.0770020286017785,0.0587,0.0919104329008996));
#4312=CARTESIAN_POINT('',(-0.0800580446522388,0.0587,0.0890861099095854));
#4313=CARTESIAN_POINT('',(-0.0843705433042764,0.0587000000000001,0.0845623851067076));
#4314=CARTESIAN_POINT('',(-0.0875794543861532,0.0587,0.0804393219931868));
#4315=CARTESIAN_POINT('',(-0.0895983377776207,0.0587,0.0767824735914586));
#4316=CARTESIAN_POINT('',(-0.0902674315114527,0.0587,0.0747821647952841));
#4317=CARTESIAN_POINT('',(-0.0904136629076281,0.0587,0.0737613717526872));
#4318=CARTESIAN_POINT('',(-0.0904136629076282,0.0587,0.0737613717526865));
#4319=CARTESIAN_POINT('',(-0.0856837795726749,0.0612,0.0738368459642983));
#4320=CARTESIAN_POINT('',(-0.0865493626381349,0.0612,0.0742057537918849));
#4321=CARTESIAN_POINT('',(-0.0884539125753231,0.0606791817126373,0.0745253715557129));
#4322=CARTESIAN_POINT('',(-0.0898862233437204,0.0594420108953349,0.0740379158800968));
#4323=CARTESIAN_POINT('',(-0.0904136629076281,0.0587,0.073761371752687));
#4324=CARTESIAN_POINT('',(-0.0759603241143077,0.0637,0.0587869564681942));
#4325=CARTESIAN_POINT('',(-0.0738368863346965,0.0637,0.0885367383988059));
#4326=CARTESIAN_POINT('',(-0.0740199243547311,0.0637,0.088369731908966));
#4327=CARTESIAN_POINT('',(-0.0742024204180655,0.0637,0.0882022021996723));
#4328=CARTESIAN_POINT('',(-0.0743843494090711,0.0637,0.0880341259373591));
#4329=CARTESIAN_POINT('',(-0.0747619142716094,0.0637,0.087685310223462));
#4330=CARTESIAN_POINT('',(-0.075137036611039,0.0637,0.0873341403577711));
#4331=CARTESIAN_POINT('',(-0.0755094507301564,0.0637,0.0869803647800838));
#4332=CARTESIAN_POINT('',(-0.0756620626073232,0.0637,0.0868353908055885));
#4333=CARTESIAN_POINT('',(-0.0758142197172652,0.0637,0.0866899792789871));
#4334=CARTESIAN_POINT('',(-0.0759659003580915,0.0637,0.0865441091140697));
#4335=CARTESIAN_POINT('',(-0.0761846194244742,0.0637,0.0863337685847179));
#4336=CARTESIAN_POINT('',(-0.0764023474182673,0.0637,0.086122474471036));
#4337=CARTESIAN_POINT('',(-0.0766190207158112,0.0637,0.0859101630820515));
#4338=CARTESIAN_POINT('',(-0.0769862363736026,0.0637,0.0855503399416537));
#4339=CARTESIAN_POINT('',(-0.0773504224640009,0.0637,0.0851875947246816));
#4340=CARTESIAN_POINT('',(-0.0777111974020165,0.063699999999998,0.0848215496545003));
#4341=CARTESIAN_POINT('',(-0.0778190092648336,0.0636999999999972,0.0847121628963504));
#4342=CARTESIAN_POINT('',(-0.0779265165225628,0.0636999999999962,0.0846024814715634));
#4343=CARTESIAN_POINT('',(-0.0780337068815446,0.0636999999999944,0.0844924922155404));
#4344=CARTESIAN_POINT('',(-0.0782855148527922,0.0636999999999902,0.0842341091698892));
#4345=CARTESIAN_POINT('',(-0.0785355662868371,0.0636999999999815,0.0839740344164213));
#4346=CARTESIAN_POINT('',(-0.0787836940394744,0.0636999999999736,0.0837121030426247));
#4347=CARTESIAN_POINT('',(-0.0791378088738543,0.0636999999999623,0.0833382884085701));
#4348=CARTESIAN_POINT('',(-0.0794880053163561,0.0636999999999612,0.082960691951981));
#4349=CARTESIAN_POINT('',(-0.0798336141998055,0.0636999999999803,0.0825787593621634));
#4350=CARTESIAN_POINT('',(-0.0798974301405001,0.0636999999999839,0.0825082363268238));
#4351=CARTESIAN_POINT('',(-0.0799610896868178,0.0636999999999877,0.0824375654715792));
#4352=CARTESIAN_POINT('',(-0.0800245886465104,0.0636999999999912,0.08236674055718));
#4353=CARTESIAN_POINT('',(-0.0803053975537909,0.0637000000000065,0.0820535343736934));
#4354=CARTESIAN_POINT('',(-0.0805830565208958,0.0636999999999992,0.0817373559272532));
#4355=CARTESIAN_POINT('',(-0.0808572524047439,0.0637,0.08141759715907));
#4356=CARTESIAN_POINT('',(-0.0808996001280022,0.0637,0.0813682125525822));
#4357=CARTESIAN_POINT('',(-0.0809418652422241,0.0637,0.0813187425461066));
#4358=CARTESIAN_POINT('',(-0.0809840444925769,0.0637,0.0812691859677493));
#4359=CARTESIAN_POINT('',(-0.0812771429776393,0.0637,0.08092482332688));
#4360=CARTESIAN_POINT('',(-0.0815661423316326,0.0637000000000007,0.0805762306680572));
#4361=CARTESIAN_POINT('',(-0.0818496792562549,0.0636999999999992,0.0802233946974935));
#4362=CARTESIAN_POINT('',(-0.0818711413125349,0.0636999999999991,0.080196687116222));
#4363=CARTESIAN_POINT('',(-0.0818925720919292,0.063699999999999,0.0801699552388233));
#4364=CARTESIAN_POINT('',(-0.0819139703418264,0.0636999999999988,0.0801431997600371));
#4365=CARTESIAN_POINT('',(-0.0820544310352568,0.0636999999999978,0.0799675735699778));
#4366=CARTESIAN_POINT('',(-0.0821935802909251,0.0636999999999982,0.0797908119418197));
#4367=CARTESIAN_POINT('',(-0.0823310986496489,0.0636999999999988,0.0796130599448572));
#4368=CARTESIAN_POINT('',(-0.0824895271002451,0.0637,0.0794082802068609));
#4369=CARTESIAN_POINT('',(-0.0826457910029391,0.0637,0.0792021861130837));
#4370=CARTESIAN_POINT('',(-0.0827997448856061,0.0637,0.0789945090551549));
#4371=CARTESIAN_POINT('',(-0.0828014701109228,0.0637,0.0789921818016175));
#4372=CARTESIAN_POINT('',(-0.0828031950461367,0.0637,0.0789898543492778));
#4373=CARTESIAN_POINT('',(-0.0828049196908168,0.0637,0.07898752669788));
#4374=CARTESIAN_POINT('',(-0.0829570960992455,0.0637,0.078782143157787));
#4375=CARTESIAN_POINT('',(-0.0831069377313169,0.0637,0.0785753003413049));
#4376=CARTESIAN_POINT('',(-0.0832541664694895,0.0636999999999989,0.0783668092846065));
#4377=CARTESIAN_POINT('',(-0.0833867506284068,0.0636999999999981,0.0781790564604144));
#4378=CARTESIAN_POINT('',(-0.083517215849768,0.0636999999999991,0.0779899669843259));
#4379=CARTESIAN_POINT('',(-0.0836453200123349,0.0636999999999826,0.0777993412565966));
#4380=CARTESIAN_POINT('',(-0.0836611049699847,0.0636999999999806,0.0777758524098733));
#4381=CARTESIAN_POINT('',(-0.0836768538607923,0.0636999999999785,0.0777523402653443));
#4382=CARTESIAN_POINT('',(-0.0836925662016357,0.0636999999999766,0.0777288044892717));
#4383=CARTESIAN_POINT('',(-0.0838357859400728,0.063699999999959,0.0775142732665437));
#4384=CARTESIAN_POINT('',(-0.0839759689701738,0.0636999999999564,0.0772977786678311));
#4385=CARTESIAN_POINT('',(-0.0841126285846336,0.0636999999999677,0.0770790043048769));
#4386=CARTESIAN_POINT('',(-0.0842177639677979,0.0636999999999764,0.0769106961579046));
#4387=CARTESIAN_POINT('',(-0.0843208139835081,0.0636999999999899,0.076741038707269));
#4388=CARTESIAN_POINT('',(-0.0844214695498487,0.0636999999999962,0.0765698289179035));
#4389=CARTESIAN_POINT('',(-0.0844516383339705,0.0636999999999981,0.0765185134133298));
#4390=CARTESIAN_POINT('',(-0.0844815924456696,0.0636999999999988,0.0764670588087655));
#4391=CARTESIAN_POINT('',(-0.0845113226938815,0.0636999999999992,0.0764154610879519));
#4392=CARTESIAN_POINT('',(-0.0845757864748597,0.0637,0.0763035822987201));
#4393=CARTESIAN_POINT('',(-0.0846391976811592,0.0637,0.0761910305990132));
#4394=CARTESIAN_POINT('',(-0.0847014335158606,0.0636999999999991,0.0760777486050912));
#4395=CARTESIAN_POINT('',(-0.0847274444783748,0.0636999999999986,0.0760304033142058));
#4396=CARTESIAN_POINT('',(-0.0847532501475877,0.0636999999999978,0.0759829304681859));
#4397=CARTESIAN_POINT('',(-0.0847788402780463,0.0636999999999961,0.0759353243298308));
#4398=CARTESIAN_POINT('',(-0.0848144963187904,0.0636999999999937,0.0758689922565494));
#4399=CARTESIAN_POINT('',(-0.0848497324076868,0.0636999999999899,0.075802402778125));
#4400=CARTESIAN_POINT('',(-0.0848845292533855,0.0636999999999865,0.0757355228862772));
#4401=CARTESIAN_POINT('',(-0.0849442846857549,0.0636999999999806,0.0756206723366385));
#4402=CARTESIAN_POINT('',(-0.0850027452628954,0.0636999999999771,0.0755049656234092));
#4403=CARTESIAN_POINT('',(-0.0850597597957644,0.0636999999999837,0.0753882389714479));
#4404=CARTESIAN_POINT('',(-0.0850766790389874,0.0636999999999857,0.0753535999677456));
#4405=CARTESIAN_POINT('',(-0.0850934708849797,0.0636999999999883,0.0753188711156321));
#4406=CARTESIAN_POINT('',(-0.0851101309362786,0.0636999999999911,0.0752840441915562));
#4407=CARTESIAN_POINT('',(-0.0851495806223619,0.0636999999999978,0.0752015767851004));
#4408=CARTESIAN_POINT('',(-0.0851882436652447,0.0636999999999987,0.0751186696426329));
#4409=CARTESIAN_POINT('',(-0.0852260674715303,0.063699999999999,0.0750352181215901));
#4410=CARTESIAN_POINT('',(-0.085279910919335,0.0637,0.0749164221023966));
#4411=CARTESIAN_POINT('',(-0.0853320540521444,0.0637000000000024,0.0747965233304014));
#4412=CARTESIAN_POINT('',(-0.0853819547256675,0.0636999999999854,0.0746759585369784));
#4413=CARTESIAN_POINT('',(-0.0853907389151133,0.0636999999999824,0.074654735096268));
#4414=CARTESIAN_POINT('',(-0.0853994535941206,0.0636999999999786,0.074633491003365));
#4415=CARTESIAN_POINT('',(-0.0854080968452485,0.0636999999999737,0.0746122249567346));
#4416=CARTESIAN_POINT('',(-0.0854485476853477,0.0636999999999506,0.0745126988132666));
#4417=CARTESIAN_POINT('',(-0.085487430701313,0.0636999999999243,0.0744126793270598));
#4418=CARTESIAN_POINT('',(-0.0855245246757563,0.0636999999999212,0.0743120870975581));
#4419=CARTESIAN_POINT('',(-0.0855470282938438,0.0636999999999193,0.074251061307002));
#4420=CARTESIAN_POINT('',(-0.0855688734902684,0.0636999999999254,0.0741898247307373));
#4421=CARTESIAN_POINT('',(-0.0855899877514356,0.0636999999999377,0.0741283624333334));
#4422=CARTESIAN_POINT('',(-0.0856111006950454,0.06369999999995,0.0740669039712567));
#4423=CARTESIAN_POINT('',(-0.0856314827900459,0.0636999999999686,0.0740052198139718));
#4424=CARTESIAN_POINT('',(-0.08565105024746,0.0636999999999831,0.0739432865186879));
#4425=CARTESIAN_POINT('',(-0.0856532076002296,0.0636999999999847,0.0739364582444117));
#4426=CARTESIAN_POINT('',(-0.0856553550509466,0.0636999999999862,0.0739296269418838));
#4427=CARTESIAN_POINT('',(-0.0856574924536309,0.0636999999999876,0.073922792572002));
#4428=CARTESIAN_POINT('',(-0.0856747421737378,0.0636999999999993,0.0738676363918235));
#4429=CARTESIAN_POINT('',(-0.0856913424632846,0.0636999999999991,0.073812280261464));
#4430=CARTESIAN_POINT('',(-0.0857072153106548,0.0637,0.0737567075145556));
#4431=CARTESIAN_POINT('',(-0.0857248689861951,0.0637,0.0736948998741292));
#4432=CARTESIAN_POINT('',(-0.0857416227916243,0.0637,0.0736328242719241));
#4433=CARTESIAN_POINT('',(-0.0857573350857006,0.0636999999999936,0.0735704446129985));
#4434=CARTESIAN_POINT('',(-0.085757504409718,0.0636999999999936,0.0735697723766973));
#4435=CARTESIAN_POINT('',(-0.0857576736117528,0.0636999999999935,0.0735691001039006));
#4436=CARTESIAN_POINT('',(-0.085757842691651,0.0636999999999934,0.0735684277945171));
#4437=CARTESIAN_POINT('',(-0.0857737042740649,0.0636999999999867,0.0735053576672537));
#4438=CARTESIAN_POINT('',(-0.0857884913680677,0.0636999999999914,0.073441965768256));
#4439=CARTESIAN_POINT('',(-0.0858020159304293,0.0636999999999949,0.0733781664332153));
#4440=CARTESIAN_POINT('',(-0.0858137535980062,0.063699999999998,0.0733227964059777));
#4441=CARTESIAN_POINT('',(-0.0858245403517317,0.0637,0.0732671195208167));
#4442=CARTESIAN_POINT('',(-0.0858341751785951,0.063699999999997,0.0732110334321967));
#4443=CARTESIAN_POINT('',(-0.0858356339054449,0.0636999999999966,0.0732025419165185));
#4444=CARTESIAN_POINT('',(-0.0858370657340243,0.0636999999999962,0.0731940424496302));
#4445=CARTESIAN_POINT('',(-0.0858384699766528,0.0636999999999959,0.0731855347605352));
#4446=CARTESIAN_POINT('',(-0.0858438088920664,0.0636999999999947,0.073153188617839));
#4447=CARTESIAN_POINT('',(-0.0858487490313183,0.0636999999999946,0.0731207236351959));
#4448=CARTESIAN_POINT('',(-0.0858532257262881,0.0636999999999944,0.0730881527101667));
#4449=CARTESIAN_POINT('',(-0.0858577046837044,0.0636999999999942,0.0730555653243385));
#4450=CARTESIAN_POINT('',(-0.085861719722683,0.063699999999994,0.0730228719223352));
#4451=CARTESIAN_POINT('',(-0.0858651832591662,0.0636999999999914,0.072990202309929));
#4452=CARTESIAN_POINT('',(-0.0858686485514964,0.0636999999999889,0.0729575161355952));
#4453=CARTESIAN_POINT('',(-0.0858715617814702,0.0636999999999849,0.0729248537406862));
#4454=CARTESIAN_POINT('',(-0.0858738300959899,0.0636999999999682,0.0728921821571369));
#4455=CARTESIAN_POINT('',(-0.0858749534598973,0.06369999999996,0.0728760018270123));
#4456=CARTESIAN_POINT('',(-0.0858759186526849,0.0636999999999485,0.0728598192414484));
#4457=CARTESIAN_POINT('',(-0.0858767063622046,0.06369999999993,0.072843635077125));
#4458=CARTESIAN_POINT('',(-0.0858775103169534,0.0636999999999112,0.0728271171407063));
#4459=CARTESIAN_POINT('',(-0.0858781293116082,0.0636999999998824,0.0728106083060577));
#4460=CARTESIAN_POINT('',(-0.0858785416955359,0.0636999999998513,0.0727940954718343));
#4461=CARTESIAN_POINT('',(-0.085878949998085,0.0636999999998204,0.072777746065728));
#4462=CARTESIAN_POINT('',(-0.0858791557851248,0.0636999999997877,0.0727613927354433));
#4463=CARTESIAN_POINT('',(-0.085879126169794,0.0636999999997712,0.0727450214784749));
#4464=CARTESIAN_POINT('',(-0.0858790966058631,0.0636999999997547,0.0727286786351529));
#4465=CARTESIAN_POINT('',(-0.0858788325027981,0.0636999999997564,0.0727123179240516));
#4466=CARTESIAN_POINT('',(-0.0858782886048188,0.0636999999997867,0.0726959235297154));
#4467=CARTESIAN_POINT('',(-0.0858778827950086,0.0636999999998093,0.0726836914451948));
#4468=CARTESIAN_POINT('',(-0.0858773212026932,0.063699999999848,0.0726714406051929));
#4469=CARTESIAN_POINT('',(-0.0858765765387773,0.0636999999998912,0.0726591689082484));
#4470=CARTESIAN_POINT('',(-0.0858763261716382,0.0636999999999057,0.0726550429803093));
#4471=CARTESIAN_POINT('',(-0.0858760559275246,0.0636999999999178,0.072650919804818));
#4472=CARTESIAN_POINT('',(-0.0858757649512727,0.0636999999999279,0.0726467991993391));
#4473=CARTESIAN_POINT('',(-0.085874606239104,0.0636999999999681,0.072630390314839));
#4474=CARTESIAN_POINT('',(-0.0858731188570153,0.0636999999999787,0.0726140221720858));
#4475=CARTESIAN_POINT('',(-0.0858712065564449,0.0636999999999799,0.0725976415535923));
#4476=CARTESIAN_POINT('',(-0.0858692894158508,0.063699999999981,0.0725812194758306));
#4477=CARTESIAN_POINT('',(-0.085866945356283,0.0636999999999784,0.0725647850273196));
#4478=CARTESIAN_POINT('',(-0.0858640363458155,0.0636999999999231,0.0725484366697806));
#4479=CARTESIAN_POINT('',(-0.0858625811716103,0.0636999999998954,0.0725402587314561));
#4480=CARTESIAN_POINT('',(-0.0858609845742469,0.063699999999853,0.0725321022953626));
#4481=CARTESIAN_POINT('',(-0.0858592349510429,0.0636999999997752,0.0725240120273209));
#4482=CARTESIAN_POINT('',(-0.0858574861379097,0.0636999999996975,0.0725159255050515));
#4483=CARTESIAN_POINT('',(-0.0858555844459271,0.0636999999995848,0.0725079050893544));
#4484=CARTESIAN_POINT('',(-0.0858535147240749,0.0636999999994022,0.072499942297665));
#4485=CARTESIAN_POINT('',(-0.0858514471507675,0.0636999999992198,0.0724919877720206));
#4486=CARTESIAN_POINT('',(-0.0858492118878948,0.0636999999989679,0.0724840907377497));
#4487=CARTESIAN_POINT('',(-0.0858468085747252,0.0636999999985928,0.0724762516588262));
#4488=CARTESIAN_POINT('',(-0.0858467777012137,0.063699999998588,0.0724761509562226));
#4489=CARTESIAN_POINT('',(-0.0858467467999643,0.0636999999985832,0.072476050263187));
#4490=CARTESIAN_POINT('',(-0.0858467158710038,0.0636999999985783,0.0724759495797014));
#4491=CARTESIAN_POINT('',(-0.085844341516066,0.0636999999982052,0.072468220308255));
#4492=CARTESIAN_POINT('',(-0.0858417982143779,0.063699999997849,0.0724605533204584));
#4493=CARTESIAN_POINT('',(-0.0858391003737868,0.0636999999975692,0.0724529442516804));
#4494=CARTESIAN_POINT('',(-0.0858336360224055,0.0636999999970025,0.0724375324346787));
#4495=CARTESIAN_POINT('',(-0.0858275375800985,0.0636999999967751,0.0724223585104536));
#4496=CARTESIAN_POINT('',(-0.0858209656375814,0.0636999999968793,0.0724073764129479));
#4497=CARTESIAN_POINT('',(-0.0858143895824266,0.0636999999969836,0.0723923849398367));
#4498=CARTESIAN_POINT('',(-0.0858073395204361,0.0636999999973915,0.0723775853975881));
#4499=CARTESIAN_POINT('',(-0.0857999307279265,0.0636999999978522,0.0723629387415763));
#4500=CARTESIAN_POINT('',(-0.0857925081812582,0.0636999999983137,0.0723482648945708));
#4501=CARTESIAN_POINT('',(-0.0857847256045518,0.0636999999988139,0.0723337444644521));
#4502=CARTESIAN_POINT('',(-0.0857766704151334,0.0636999999991788,0.072319373777086));
#4503=CARTESIAN_POINT('',(-0.0857745334414629,0.0636999999992757,0.0723155613551884));
#4504=CARTESIAN_POINT('',(-0.0857723772814149,0.063699999999364,0.0723117594658001));
#4505=CARTESIAN_POINT('',(-0.0857702037275482,0.0636999999994427,0.0723079689499039));
#4506=CARTESIAN_POINT('',(-0.0857641723950017,0.0636999999996613,0.0722974507556034));
#4507=CARTESIAN_POINT('',(-0.0857579964296614,0.0636999999997757,0.0722869955716502));
#4508=CARTESIAN_POINT('',(-0.0857517091560041,0.0636999999998475,0.0722766214924115));
#4509=CARTESIAN_POINT('',(-0.0857431723577845,0.0636999999999449,0.0722625356698429));
#4510=CARTESIAN_POINT('',(-0.0857344303652473,0.0636999999999657,0.0722485994407332));
#4511=CARTESIAN_POINT('',(-0.0857255070911954,0.0636999999999768,0.0722347787231529));
#4512=CARTESIAN_POINT('',(-0.0857076963826247,0.063699999999999,0.0722071927976703));
#4513=CARTESIAN_POINT('',(-0.0856891629484429,0.0637000000000091,0.0721800671785344));
#4514=CARTESIAN_POINT('',(-0.0856700801599635,0.0636999999998692,0.0721533321028071));
#4515=CARTESIAN_POINT('',(-0.085669862958091,0.0636999999998676,0.0721530278019699));
#4516=CARTESIAN_POINT('',(-0.0856696456851394,0.063699999999866,0.0721527235516939));
#4517=CARTESIAN_POINT('',(-0.0856694283412703,0.0636999999998644,0.0721524193519289));
#4518=CARTESIAN_POINT('',(-0.0856505544185306,0.0636999999997219,0.0721260029506466));
#4519=CARTESIAN_POINT('',(-0.0856311456891129,0.0636999999995457,0.0721000064726608));
#4520=CARTESIAN_POINT('',(-0.0856112973028862,0.063699999999461,0.0720743597797076));
#4521=CARTESIAN_POINT('',(-0.0855911994253212,0.0636999999993753,0.0720483907115411));
#4522=CARTESIAN_POINT('',(-0.0855706507292894,0.0636999999993733,0.0720227802653816));
#4523=CARTESIAN_POINT('',(-0.0855497042812059,0.063699999999428,0.0719974614035409));
#4524=CARTESIAN_POINT('',(-0.0855287398026692,0.0636999999994826,0.0719721207475253));
#4525=CARTESIAN_POINT('',(-0.085507376893654,0.0636999999995875,0.0719470722060924));
#4526=CARTESIAN_POINT('',(-0.0854857171754369,0.0636999999996839,0.0719223333513642));
#4527=CARTESIAN_POINT('',(-0.085469028183486,0.0636999999997582,0.0719032718592757));
#4528=CARTESIAN_POINT('',(-0.0854521629517119,0.0636999999998271,0.0718843942130089));
#4529=CARTESIAN_POINT('',(-0.0854351428694064,0.0636999999998774,0.0718656908719679));
#4530=CARTESIAN_POINT('',(-0.0854079659035913,0.0636999999999577,0.0718358261479921));
#4531=CARTESIAN_POINT('',(-0.0853803709201733,0.0636999999999775,0.0718063745953388));
#4532=CARTESIAN_POINT('',(-0.0853524478410837,0.0636999999999884,0.071777314878544));
#4533=CARTESIAN_POINT('',(-0.085307084599415,0.0637000000000062,0.0717301050793829));
#4534=CARTESIAN_POINT('',(-0.0852608552808693,0.0637,0.0716839296802548));
#4535=CARTESIAN_POINT('',(-0.0852138917013327,0.0637,0.071638608350653));
#4536=CARTESIAN_POINT('',(-0.0852015014105658,0.0637,0.0716266513308251));
#4537=CARTESIAN_POINT('',(-0.085189060038427,0.0637,0.0716147537339497));
#4538=CARTESIAN_POINT('',(-0.0851765701166048,0.0636999999999991,0.0716029140693827));
#4539=CARTESIAN_POINT('',(-0.0851417220906493,0.0636999999999985,0.0715698803207326));
#4540=CARTESIAN_POINT('',(-0.0851064997693202,0.0636999999999985,0.0715373040453107));
#4541=CARTESIAN_POINT('',(-0.085070945878626,0.0636999999999988,0.0715051351674424));
#4542=CARTESIAN_POINT('',(-0.0850226330247883,0.0636999999999991,0.0714614220810762));
#4543=CARTESIAN_POINT('',(-0.0849737079590523,0.0637,0.0714184612299181));
#4544=CARTESIAN_POINT('',(-0.084924236199822,0.0636999999999983,0.071376147343843));
#4545=CARTESIAN_POINT('',(-0.0849171633416043,0.063699999999998,0.0713700978295037));
#4546=CARTESIAN_POINT('',(-0.0849100793069711,0.0636999999999977,0.0713640615405416));
#4547=CARTESIAN_POINT('',(-0.0849029842544635,0.0636999999999973,0.0713580382347899));
#4548=CARTESIAN_POINT('',(-0.0848604519411591,0.0636999999999949,0.071321930661648));
#4549=CARTESIAN_POINT('',(-0.0848175234190186,0.06369999999999,0.0712862924970112));
#4550=CARTESIAN_POINT('',(-0.0847742372112051,0.0636999999999829,0.071251079227038));
#4551=CARTESIAN_POINT('',(-0.0846732333792569,0.0636999999999663,0.0711689127499456));
#4552=CARTESIAN_POINT('',(-0.0845702819891369,0.0636999999999362,0.071089059658507));
#4553=CARTESIAN_POINT('',(-0.0844657079182953,0.0636999999999425,0.0710111087106697));
#4554=CARTESIAN_POINT('',(-0.0844185980145056,0.0636999999999453,0.0709759923417326));
#4555=CARTESIAN_POINT('',(-0.0843711588089353,0.0636999999999562,0.0709412620116771));
#4556=CARTESIAN_POINT('',(-0.0843234137921854,0.0636999999999704,0.0709068952723447));
#4557=CARTESIAN_POINT('',(-0.0842651803739177,0.0636999999999877,0.0708649790087792));
#4558=CARTESIAN_POINT('',(-0.0842065123592431,0.0636999999999932,0.0708236110565422));
#4559=CARTESIAN_POINT('',(-0.0841474443495468,0.0636999999999962,0.0707827428094927));
#4560=CARTESIAN_POINT('',(-0.0840399319553226,0.0637000000000016,0.0707083566381854));
#4561=CARTESIAN_POINT('',(-0.0839310945738032,0.0637,0.0706356255578339));
#4562=CARTESIAN_POINT('',(-0.0838214112426435,0.0637,0.0705645232874411));
#4563=CARTESIAN_POINT('',(-0.0837852728268707,0.0636999999999993,0.0705410965426233));
#4564=CARTESIAN_POINT('',(-0.0837490425550197,0.0636999999999989,0.0705178466766256));
#4565=CARTESIAN_POINT('',(-0.0837127193273085,0.0636999999999984,0.0704947632822882));
#4566=CARTESIAN_POINT('',(-0.0836388374234337,0.0636999999999972,0.0704478113666956));
#4567=CARTESIAN_POINT('',(-0.0835646158879485,0.0636999999999955,0.0704015776032561));
#4568=CARTESIAN_POINT('',(-0.0834900577987213,0.0636999999999941,0.0703559792596669));
#4569=CARTESIAN_POINT('',(-0.0833788082334916,0.0636999999999921,0.0702879410903405));
#4570=CARTESIAN_POINT('',(-0.0832668094141637,0.0636999999999918,0.0702213175528667));
#4571=CARTESIAN_POINT('',(-0.083154145908034,0.0636999999999947,0.070155950261028));
#4572=CARTESIAN_POINT('',(-0.0831306262347138,0.0636999999999954,0.0701423041621031));
#4573=CARTESIAN_POINT('',(-0.0831070775897856,0.0636999999999961,0.0701287128194219));
#4574=CARTESIAN_POINT('',(-0.083083500342494,0.0636999999999968,0.0701151749239699));
#4575=CARTESIAN_POINT('',(-0.0829941370721072,0.0637,0.0700638631403344));
#4576=CARTESIAN_POINT('',(-0.0829043582874721,0.0637,0.0700133127622147));
#4577=CARTESIAN_POINT('',(-0.0828141986304737,0.0637,0.0699634601776072));
#4578=CARTESIAN_POINT('',(-0.0827002670698789,0.0637,0.0699004632347048));
#4579=CARTESIAN_POINT('',(-0.0825857273072227,0.0637,0.0698385805734764));
#4580=CARTESIAN_POINT('',(-0.0824706456743864,0.0636999999999963,0.0697777067765419));
#4581=CARTESIAN_POINT('',(-0.0824605376634709,0.063699999999996,0.0697723600240784));
#4582=CARTESIAN_POINT('',(-0.0824504254723771,0.0636999999999956,0.069767021054359));
#4583=CARTESIAN_POINT('',(-0.0824403091366002,0.0636999999999951,0.0697616898131627));
#4584=CARTESIAN_POINT('',(-0.0822200816344482,0.0636999999999851,0.0696456313945888));
#4585=CARTESIAN_POINT('',(-0.0819978731019122,0.0636999999999665,0.0695332416944569));
#4586=CARTESIAN_POINT('',(-0.0817740353563295,0.0636999999999632,0.0694239547785017));
#4587=CARTESIAN_POINT('',(-0.0815579018377762,0.06369999999996,0.0693184293872602));
#4588=CARTESIAN_POINT('',(-0.0813402493729311,0.063699999999972,0.0692157967705589));
#4589=CARTESIAN_POINT('',(-0.0811212973168581,0.0636999999999859,0.069115677918459));
#4590=CARTESIAN_POINT('',(-0.0811030308748979,0.063699999999987,0.069107325335552));
#4591=CARTESIAN_POINT('',(-0.0810847549838677,0.0636999999999881,0.0690989900001908));
#4592=CARTESIAN_POINT('',(-0.0810664697370142,0.063699999999989,0.0690906716793933));
#4593=CARTESIAN_POINT('',(-0.0808289956166871,0.0637000000000012,0.0689826400006408));
#4594=CARTESIAN_POINT('',(-0.0805899434942123,0.0637,0.0688774778831937));
#4595=CARTESIAN_POINT('',(-0.0803499608238942,0.0637,0.0687749804467304));
#4596=CARTESIAN_POINT('',(-0.0801575411643246,0.0637,0.0686927973382382));
#4597=CARTESIAN_POINT('',(-0.0799645232906985,0.0637,0.0686123274246364));
#4598=CARTESIAN_POINT('',(-0.0797709157680858,0.0636999999999977,0.0685333697980818));
#4599=CARTESIAN_POINT('',(-0.0797231505428668,0.0636999999999972,0.0685138900342574));
#4600=CARTESIAN_POINT('',(-0.0796753559930998,0.0636999999999967,0.0684945052563327));
#4601=CARTESIAN_POINT('',(-0.0796275320372648,0.0636999999999964,0.0684752122432615));
#4602=CARTESIAN_POINT('',(-0.0793858141325733,0.0636999999999948,0.0683776990490196));
#4603=CARTESIAN_POINT('',(-0.0791433451972473,0.063699999999997,0.0682825296688977));
#4604=CARTESIAN_POINT('',(-0.0789001821663672,0.0636999999999984,0.068189389544754));
#4605=CARTESIAN_POINT('',(-0.0787345175136057,0.0636999999999993,0.0681259340668855));
#4606=CARTESIAN_POINT('',(-0.0785685306391733,0.0637,0.0680634206054223));
#4607=CARTESIAN_POINT('',(-0.0784022246424993,0.0637,0.0680017713264336));
#4608=CARTESIAN_POINT('',(-0.0780802833960797,0.0637,0.06788242839163));
#4609=CARTESIAN_POINT('',(-0.0777571535529217,0.0636999999999993,0.0677663270785344));
#4610=CARTESIAN_POINT('',(-0.0774330465499354,0.0636999999999989,0.0676529889677529));
#4611=CARTESIAN_POINT('',(-0.0772953612338545,0.0636999999999988,0.0676048413082973));
#4612=CARTESIAN_POINT('',(-0.0771574995936014,0.0636999999999989,0.0675571922742729));
#4613=CARTESIAN_POINT('',(-0.0770194747386462,0.0636999999999993,0.0675100158963724));
#4614=CARTESIAN_POINT('',(-0.0766647822871262,0.0637,0.0673887833463597));
#4615=CARTESIAN_POINT('',(-0.0763090118826326,0.0637,0.067270663383551));
#4616=CARTESIAN_POINT('',(-0.0759522955357936,0.0637,0.0671551755768479));
#4617=CARTESIAN_POINT('',(-0.0758434392492808,0.0637,0.067119933082674));
#4618=CARTESIAN_POINT('',(-0.0757344948669864,0.0636999999999991,0.0670849357216768));
#4619=CARTESIAN_POINT('',(-0.0756254647142941,0.0636999999999983,0.0670501726775542));
#4620=CARTESIAN_POINT('',(-0.0752381847441978,0.0636999999999954,0.0669266927928087));
#4621=CARTESIAN_POINT('',(-0.0748498698611571,0.0636999999999896,0.0668061892246796));
#4622=CARTESIAN_POINT('',(-0.0744606661440273,0.0636999999999866,0.066688190564759));
#4623=CARTESIAN_POINT('',(-0.0739618698668953,0.0636999999999826,0.0665369656671425));
#4624=CARTESIAN_POINT('',(-0.0734616137299542,0.0636999999999848,0.0663898549488712));
#4625=CARTESIAN_POINT('',(-0.0729604294521169,0.0636999999999915,0.0662461451993514));
#4626=CARTESIAN_POINT('',(-0.0729109283956461,0.0636999999999922,0.0662319512496587));
#4627=CARTESIAN_POINT('',(-0.072861418284791,0.0636999999999929,0.066217790477614));
#4628=CARTESIAN_POINT('',(-0.0728118992654124,0.0636999999999935,0.0662036622046521));
#4629=CARTESIAN_POINT('',(-0.0723600586370342,0.0637,0.0660747475408903));
#4630=CARTESIAN_POINT('',(-0.0719074664471565,0.0637,0.0659485299748443));
#4631=CARTESIAN_POINT('',(-0.0714542528808471,0.0637,0.0658244998480304));
#4632=CARTESIAN_POINT('',(-0.0709625097348865,0.0637,0.0656899254017048));
#4633=CARTESIAN_POINT('',(-0.0704700350737871,0.0637,0.0655579261199354));
#4634=CARTESIAN_POINT('',(-0.0699769862185184,0.0637,0.0654280014450878));
#4635=CARTESIAN_POINT('',(-0.0694616072267954,0.0637,0.0652921924938909));
#4636=CARTESIAN_POINT('',(-0.0689455929500212,0.0637,0.0651586465149634));
#4637=CARTESIAN_POINT('',(-0.0684291061047089,0.0637,0.0650267879662384));
#4638=CARTESIAN_POINT('',(-0.0679960904622766,0.0636999999999993,0.0649162395278715));
#4639=CARTESIAN_POINT('',(-0.0675627426568804,0.0636999999999991,0.0648068771739173));
#4640=CARTESIAN_POINT('',(-0.067129136607718,0.0637,0.0646984311606742));
#4641=CARTESIAN_POINT('',(-0.0665507653927716,0.0637,0.0645537789987482));
#4642=CARTESIAN_POINT('',(-0.0659719378982776,0.0637,0.0644107534805648));
#4643=CARTESIAN_POINT('',(-0.0653928334579642,0.0637,0.064268713349726));
#4644=CARTESIAN_POINT('',(-0.0650199354207888,0.0637,0.0641772505974091));
#4645=CARTESIAN_POINT('',(-0.0646469225529178,0.0637,0.0640861964214708));
#4646=CARTESIAN_POINT('',(-0.0642738377838226,0.0637,0.0639953986617576));
#4647=CARTESIAN_POINT('',(-0.063633155497438,0.0637,0.0638394756085792));
#4648=CARTESIAN_POINT('',(-0.0629922623590463,0.0636999999999993,0.0636843047164644));
#4649=CARTESIAN_POINT('',(-0.0623513732208033,0.0636999999999987,0.063529119309089));
#4650=CARTESIAN_POINT('',(-0.0620394756388945,0.0636999999999984,0.0634535961797056));
#4651=CARTESIAN_POINT('',(-0.061727579005045,0.0636999999999985,0.0633780696128169));
#4652=CARTESIAN_POINT('',(-0.0614157070775422,0.0636999999999991,0.0633024548764692));
#4653=CARTESIAN_POINT('',(-0.0607135681503476,0.0637,0.0631322181697405));
#4654=CARTESIAN_POINT('',(-0.0600115565473482,0.0637000000000009,0.0629615266648458));
#4655=CARTESIAN_POINT('',(-0.0593099472159727,0.063699999999999,0.0627894039460337));
#4656=CARTESIAN_POINT('',(-0.0590595667869347,0.0636999999999983,0.0627279792211104));
#4657=CARTESIAN_POINT('',(-0.0588092375892431,0.0636999999999971,0.0626663722266113));
#4658=CARTESIAN_POINT('',(-0.0585589724493032,0.0636999999999939,0.062604536881407));
#4659=CARTESIAN_POINT('',(-0.0577964576068359,0.0636999999999842,0.0624161352185997));
#4660=CARTESIAN_POINT('',(-0.0570345412187475,0.0636999999998818,0.0622256028210856));
#4661=CARTESIAN_POINT('',(-0.0562735746976131,0.0636999999998814,0.0620316815777141));
#4662=CARTESIAN_POINT('',(-0.0560849219762039,0.0636999999998813,0.0619836061771741));
#4663=CARTESIAN_POINT('',(-0.0558963276271367,0.0636999999998905,0.061935322495468));
#4664=CARTESIAN_POINT('',(-0.0557077978211599,0.0636999999999087,0.0618868093088656));
#4665=CARTESIAN_POINT('',(-0.0548862722923657,0.0636999999999877,0.0616754113229052));
#4666=CARTESIAN_POINT('',(-0.0540659611336833,0.0636999999999908,0.0614596011932399));
#4667=CARTESIAN_POINT('',(-0.0532474165436537,0.0636999999999936,0.0612375765777916));
#4668=CARTESIAN_POINT('',(-0.0522410081451727,0.0636999999999969,0.0609645951906096));
#4669=CARTESIAN_POINT('',(-0.0512372703227719,0.0637000000000078,0.060682219079153));
#4670=CARTESIAN_POINT('',(-0.0502372679746989,0.0636999999999233,0.0603864345696701));
#4671=CARTESIAN_POINT('',(-0.0501715280207928,0.0636999999999177,0.0603669897553084));
#4672=CARTESIAN_POINT('',(-0.0501058042101239,0.0636999999999116,0.0603474869960222));
#4673=CARTESIAN_POINT('',(-0.050040097059715,0.063699999999905,0.0603279249477805));
#4674=CARTESIAN_POINT('',(-0.0491063096562277,0.0636999999998105,0.0600499218062528));
#4675=CARTESIAN_POINT('',(-0.0481758601132969,0.0637000000000012,0.0597600309150697));
#4676=CARTESIAN_POINT('',(-0.0472499006925785,0.0636999999999984,0.0594541291131617));
#4677=CARTESIAN_POINT('',(-0.0472446628734702,0.0636999999999983,0.0594523987367894));
#4678=CARTESIAN_POINT('',(-0.0472394251981185,0.0636999999999983,0.0594506678479913));
#4679=CARTESIAN_POINT('',(-0.04723418766653,0.0636999999999983,0.0594489364456604));
#4680=CARTESIAN_POINT('',(-0.0465979112210903,0.063699999999996,0.0592385987126892));
#4681=CARTESIAN_POINT('',(-0.0459637589699152,0.0636999999999196,0.0590206854076555));
#4682=CARTESIAN_POINT('',(-0.04533221739325,0.0636999999999061,0.0587934897735324));
#4683=CARTESIAN_POINT('',(-0.0450395419959897,0.0636999999998999,0.058688200470453));
#4684=CARTESIAN_POINT('',(-0.0447474270579445,0.0636999999999309,0.0585809182229179));
#4685=CARTESIAN_POINT('',(-0.044455919706952,0.0636999999999695,0.0584714769162292));
#4686=CARTESIAN_POINT('',(-0.0444018642624849,0.0636999999999767,0.0584511827505556));
#4687=CARTESIAN_POINT('',(-0.0443478312924589,0.0636999999999818,0.0584308142543508));
#4688=CARTESIAN_POINT('',(-0.0442938193469131,0.0636999999999856,0.0584103697308902));
#4689=CARTESIAN_POINT('',(-0.0438879374258671,0.0637000000000144,0.0582567358935375));
#4690=CARTESIAN_POINT('',(-0.0434832413519199,0.0637,0.0580988134583322));
#4691=CARTESIAN_POINT('',(-0.043079900106319,0.0637,0.0579360381436412));
#4692=CARTESIAN_POINT('',(-0.0426999028390396,0.0637,0.0577826836939346));
#4693=CARTESIAN_POINT('',(-0.0423211020106822,0.0637,0.0576250099214305));
#4694=CARTESIAN_POINT('',(-0.0419447079900168,0.0637,0.0574629584771379));
#4695=CARTESIAN_POINT('',(-0.0418684204674383,0.0637,0.057430113897956));
#4696=CARTESIAN_POINT('',(-0.0417922317477108,0.0637,0.0573970896441088));
#4697=CARTESIAN_POINT('',(-0.0417161517891708,0.0637,0.0573638854752925));
#4698=CARTESIAN_POINT('',(-0.0416050718020794,0.0637,0.0573154059714352));
#4699=CARTESIAN_POINT('',(-0.0414942162756745,0.0637,0.0572665381108811));
#4700=CARTESIAN_POINT('',(-0.0413836002973005,0.063699999999999,0.057217274639413));
#4701=CARTESIAN_POINT('',(-0.0408134667593197,0.0636999999999925,0.0569633623412602));
#4702=CARTESIAN_POINT('',(-0.0402496958412692,0.0636999999997952,0.0566989439668096));
#4703=CARTESIAN_POINT('',(-0.0396930548621667,0.0636999999997556,0.0564221323607407));
#4704=CARTESIAN_POINT('',(-0.0394798443152824,0.0636999999997404,0.0563161050358947));
#4705=CARTESIAN_POINT('',(-0.0392676799638655,0.0636999999997746,0.0562082589917703));
#4706=CARTESIAN_POINT('',(-0.0390566055541509,0.0636999999998483,0.0560984861389723));
#4707=CARTESIAN_POINT('',(-0.038893725878988,0.0636999999999052,0.0560137777812438));
#4708=CARTESIAN_POINT('',(-0.0387315034126903,0.0636999999999362,0.0559279184214259));
#4709=CARTESIAN_POINT('',(-0.0385699684085405,0.0636999999999563,0.0558408621882574));
#4710=CARTESIAN_POINT('',(-0.0381113011222239,0.0637000000000135,0.0555936721353368));
#4711=CARTESIAN_POINT('',(-0.0376581768515317,0.0637,0.055336831834363));
#4712=CARTESIAN_POINT('',(-0.0372113737774803,0.0637,0.0550689532047604));
#4713=CARTESIAN_POINT('',(-0.0369759474382097,0.0637,0.0549278044777287));
#4714=CARTESIAN_POINT('',(-0.0367422760022356,0.0637,0.0547835912381837));
#4715=CARTESIAN_POINT('',(-0.0365105248843673,0.0637,0.0546361280006984));
#4716=CARTESIAN_POINT('',(-0.0363024475039953,0.0637,0.0545037283625032));
#4717=CARTESIAN_POINT('',(-0.0360958741927094,0.0636999999999991,0.0543686709586571));
#4718=CARTESIAN_POINT('',(-0.0358909266554237,0.0636999999999776,0.0542308271545652));
#4719=CARTESIAN_POINT('',(-0.0356888503659996,0.0636999999999563,0.0540949144970145));
#4720=CARTESIAN_POINT('',(-0.0354883546342959,0.0636999999999133,0.0539562929789899));
#4721=CARTESIAN_POINT('',(-0.0352894676193063,0.0636999999999025,0.0538147125736853));
#4722=CARTESIAN_POINT('',(-0.0350619892891138,0.06369999999989,0.0536527790548563));
#4723=CARTESIAN_POINT('',(-0.0348368244038151,0.0636999999999563,0.0534871326119767));
#4724=CARTESIAN_POINT('',(-0.0346139096771699,0.0636999999999816,0.0533173123633055));
#4725=CARTESIAN_POINT('',(-0.0344442611604789,0.0637000000000008,0.0531880712237688));
#4726=CARTESIAN_POINT('',(-0.0342759161423759,0.0637,0.0530564125354163));
#4727=CARTESIAN_POINT('',(-0.0341092330301305,0.0637,0.0529224546742615));
#4728=CARTESIAN_POINT('',(-0.0338652505417582,0.0637,0.052726373788434));
#4729=CARTESIAN_POINT('',(-0.0336244362206841,0.0636999999999625,0.0525250325373249));
#4730=CARTESIAN_POINT('',(-0.0333883133473658,0.0636999999999085,0.052319152179761));
#4731=CARTESIAN_POINT('',(-0.0332511597886864,0.0636999999998771,0.0521995651897111));
#4732=CARTESIAN_POINT('',(-0.0331155887005932,0.0636999999998768,0.0520784476036498));
#4733=CARTESIAN_POINT('',(-0.0329816903050324,0.063699999999929,0.0519558142939057));
#4734=CARTESIAN_POINT('',(-0.0327417781776333,0.0637000000000225,0.0517360863568569));
#4735=CARTESIAN_POINT('',(-0.0325074998656038,0.0637,0.051511663128235));
#4736=CARTESIAN_POINT('',(-0.0322788615237552,0.0637,0.0512821568371223));
#4737=CARTESIAN_POINT('',(-0.0322656329173726,0.0637,0.0512688780127443));
#4738=CARTESIAN_POINT('',(-0.0322524232016048,0.0637,0.0512555821621859));
#4739=CARTESIAN_POINT('',(-0.0322392323815318,0.0637,0.0512422692065126));
#4740=CARTESIAN_POINT('',(-0.0321341077145267,0.0637,0.051136171175893));
#4741=CARTESIAN_POINT('',(-0.0320301830283946,0.0637,0.0510289868872419));
#4742=CARTESIAN_POINT('',(-0.0319274666031427,0.0637,0.0509206726581196));
#4743=CARTESIAN_POINT('',(-0.0316699811610657,0.0637,0.0506491548643454));
#4744=CARTESIAN_POINT('',(-0.0314200767352727,0.063700000000005,0.0503705243460862));
#4745=CARTESIAN_POINT('',(-0.0311782141569838,0.0636999999999949,0.0500843647270389));
#4746=CARTESIAN_POINT('',(-0.0311022395638167,0.0636999999999918,0.0499944754155473));
#4747=CARTESIAN_POINT('',(-0.0310270585592277,0.0636999999999865,0.0499038431415155));
#4748=CARTESIAN_POINT('',(-0.0309526844277447,0.0636999999999741,0.0498124459212579));
#4749=CARTESIAN_POINT('',(-0.0307231797137232,0.0636999999999358,0.0495304111266414));
#4750=CARTESIAN_POINT('',(-0.0305014835158343,0.0636999999999886,0.0492413101190716));
#4751=CARTESIAN_POINT('',(-0.030288103470457,0.0636999999999973,0.0489446934383844));
#4752=CARTESIAN_POINT('',(-0.0302627836300237,0.0636999999999983,0.0489094966747341));
#4753=CARTESIAN_POINT('',(-0.0302375808493873,0.063699999999999,0.0488741941372629));
#4754=CARTESIAN_POINT('',(-0.0302124959480276,0.0637,0.0488387851162198));
#4755=CARTESIAN_POINT('',(-0.030162383842644,0.0637,0.0487680485177935));
#4756=CARTESIAN_POINT('',(-0.030112742186286,0.0637,0.048696886969662));
#4757=CARTESIAN_POINT('',(-0.0300636197686556,0.0637,0.0486253630178362));
#4758=CARTESIAN_POINT('',(-0.0299631742112058,0.0637,0.0484791107859893));
#4759=CARTESIAN_POINT('',(-0.0298647405280714,0.0636999999999963,0.0483311047662945));
#4760=CARTESIAN_POINT('',(-0.0297687948833445,0.0636999999999943,0.0481819676719844));
#4761=CARTESIAN_POINT('',(-0.0297305649554445,0.0636999999999935,0.0481225433971369));
#4762=CARTESIAN_POINT('',(-0.0296927299301761,0.0636999999999942,0.0480629396729778));
#4763=CARTESIAN_POINT('',(-0.0296552916136848,0.0636999999999963,0.0480031607950144));
#4764=CARTESIAN_POINT('',(-0.0295529187254774,0.0637000000000021,0.0478396989472487));
#4765=CARTESIAN_POINT('',(-0.0294536195175731,0.0637,0.0476750668363966));
#4766=CARTESIAN_POINT('',(-0.029357281757205,0.0637,0.0475091095113749));
#4767=CARTESIAN_POINT('',(-0.0293299684473774,0.0637,0.047462057931401));
#4768=CARTESIAN_POINT('',(-0.0293028932749598,0.0637,0.0474148997881231));
#4769=CARTESIAN_POINT('',(-0.0292760552990566,0.0637,0.0473676325106732));
#4770=CARTESIAN_POINT('',(-0.0290567503055886,0.0636999999999976,0.0469813906416968));
#4771=CARTESIAN_POINT('',(-0.0288532412332877,0.0636999999999974,0.0465878092358844));
#4772=CARTESIAN_POINT('',(-0.0286658805843228,0.0636999999999989,0.0461869062026537));
#4773=CARTESIAN_POINT('',(-0.0286552003161891,0.063699999999999,0.0461640532080992));
#4774=CARTESIAN_POINT('',(-0.0286445725085976,0.063699999999999,0.0461411764286286));
#4775=CARTESIAN_POINT('',(-0.0286339972222206,0.0636999999999991,0.0461182758698283));
#4776=CARTESIAN_POINT('',(-0.0286245293480068,0.0636999999999992,0.0460977733886265));
#4777=CARTESIAN_POINT('',(-0.0286151035712031,0.0636999999999993,0.0460772518475426));
#4778=CARTESIAN_POINT('',(-0.028605719959721,0.0636999999999993,0.0460567112824012));
#4779=CARTESIAN_POINT('',(-0.0284174386647575,0.0637,0.0456445667459955));
#4780=CARTESIAN_POINT('',(-0.0282461269420789,0.0637,0.0452247504372764));
#4781=CARTESIAN_POINT('',(-0.0280922156430623,0.0637,0.0447972400487961));
#4782=CARTESIAN_POINT('',(-0.0280795848520419,0.0637,0.0447621562413664));
#4783=CARTESIAN_POINT('',(-0.0280670712748668,0.0637,0.0447270206047542));
#4784=CARTESIAN_POINT('',(-0.0280546751641221,0.0637,0.0446918331204155));
#4785=CARTESIAN_POINT('',(-0.0280516863965676,0.0637,0.0446833492327119));
#4786=CARTESIAN_POINT('',(-0.0280487044569145,0.0636999999999993,0.0446748623022048));
#4787=CARTESIAN_POINT('',(-0.0280457293511532,0.0636999999999993,0.0446663723386536));
#4788=CARTESIAN_POINT('',(-0.0279673541526303,0.0636999999999985,0.0444427155572918));
#4789=CARTESIAN_POINT('',(-0.0278937238877744,0.0636999999999914,0.0442169530708916));
#4790=CARTESIAN_POINT('',(-0.0278248431421005,0.0636999999999971,0.0439887271336194));
#4791=CARTESIAN_POINT('',(-0.0278176346756463,0.0636999999999977,0.043964842969813));
#4792=CARTESIAN_POINT('',(-0.0278104791792099,0.0636999999999981,0.0439409342850167));
#4793=CARTESIAN_POINT('',(-0.027803376291815,0.0636999999999984,0.0439169995359785));
#4794=CARTESIAN_POINT('',(-0.0277517741544042,0.063700000000001,0.043743114728281));
#4795=CARTESIAN_POINT('',(-0.0277029447250945,0.0637,0.0435678558460955));
#4796=CARTESIAN_POINT('',(-0.0276570582674253,0.0637,0.0433918316920572));
#4797=CARTESIAN_POINT('',(-0.0276466157437377,0.0637,0.0433517733286206));
#4798=CARTESIAN_POINT('',(-0.0276363258421202,0.0637,0.0433116752823777));
#4799=CARTESIAN_POINT('',(-0.0276261909519111,0.063699999999999,0.0432715447001618));
#4800=CARTESIAN_POINT('',(-0.0276161400393461,0.0636999999999987,0.0432317466397282));
#4801=CARTESIAN_POINT('',(-0.0276062396011095,0.0636999999999984,0.043191909497705));
#4802=CARTESIAN_POINT('',(-0.0275964936245936,0.0636999999999981,0.0431520458888272));
#4803=CARTESIAN_POINT('',(-0.0275472845931798,0.0636999999999964,0.0429507679996051));
#4804=CARTESIAN_POINT('',(-0.0275020157433439,0.0636999999999971,0.0427488147123103));
#4805=CARTESIAN_POINT('',(-0.027460704023328,0.0636999999999989,0.0425466960406124));
#4806=CARTESIAN_POINT('',(-0.0274495955173865,0.0637,0.0424923473844786));
#4807=CARTESIAN_POINT('',(-0.0274387728069009,0.0637,0.0424379837904581));
#4808=CARTESIAN_POINT('',(-0.0274282350090777,0.0637,0.0423836101815661));
#4809=CARTESIAN_POINT('',(-0.0273918219662322,0.0637,0.042195723814466));
#4810=CARTESIAN_POINT('',(-0.0273588102134815,0.0637,0.042007718057483));
#4811=CARTESIAN_POINT('',(-0.027329114139397,0.0637,0.0418194341399979));
#4812=CARTESIAN_POINT('',(-0.0273184940028686,0.0637,0.0417520986092437));
#4813=CARTESIAN_POINT('',(-0.0273082987685799,0.0637,0.041684732670788));
#4814=CARTESIAN_POINT('',(-0.0272985251838345,0.0637,0.0416173329846941));
#4815=CARTESIAN_POINT('',(-0.0272616527431461,0.0637,0.0413630566886716));
#4816=CARTESIAN_POINT('',(-0.0272307824667415,0.0637,0.041108299914858));
#4817=CARTESIAN_POINT('',(-0.027205812793158,0.0637,0.0408531282406521));
#4818=CARTESIAN_POINT('',(-0.0271896755792347,0.0637,0.0406882177991897));
#4819=CARTESIAN_POINT('',(-0.0271760026281432,0.0637,0.040523134125669));
#4820=CARTESIAN_POINT('',(-0.0271647681879068,0.0637,0.0403578774470118));
#4821=CARTESIAN_POINT('',(-0.0271587220973798,0.0637,0.0402689404979212));
#4822=CARTESIAN_POINT('',(-0.0271533825164454,0.0637,0.0401799552091916));
#4823=CARTESIAN_POINT('',(-0.0271487451086085,0.0637,0.0400909207832442));
#4824=CARTESIAN_POINT('',(-0.027135565953469,0.0637,0.0398378918167217));
#4825=CARTESIAN_POINT('',(-0.0271280583041891,0.0637,0.0395844659995534));
#4826=CARTESIAN_POINT('',(-0.0271261454646931,0.0637,0.0393306437867476));
#4827=CARTESIAN_POINT('',(-0.0271250325508446,0.0637,0.0391829668612768));
#4828=CARTESIAN_POINT('',(-0.0271258134052957,0.0637,0.0390351557512768));
#4829=CARTESIAN_POINT('',(-0.0271284756988469,0.0637,0.0388872097585416));
#4830=CARTESIAN_POINT('',(-0.0271303637822263,0.0637,0.0387822873055619));
#4831=CARTESIAN_POINT('',(-0.0271331978861831,0.0637,0.0386772971358491));
#4832=CARTESIAN_POINT('',(-0.0271369734769903,0.0637,0.0385722395611327));
#4833=CARTESIAN_POINT('',(-0.0271460230752569,0.0637,0.0383204302696601));
#4834=CARTESIAN_POINT('',(-0.0271604818733593,0.0637,0.0380682337468288));
#4835=CARTESIAN_POINT('',(-0.0271802989131471,0.0637,0.0378156561380666));
#4836=CARTESIAN_POINT('',(-0.0271852365119185,0.0637,0.0377527240904923));
#4837=CARTESIAN_POINT('',(-0.0271905067251179,0.0637,0.0376897683842499));
#4838=CARTESIAN_POINT('',(-0.027196108901692,0.0637,0.0376267891228005));
#4839=CARTESIAN_POINT('',(-0.027201703626278,0.0637,0.0375638936360601));
#4840=CARTESIAN_POINT('',(-0.0272076294316929,0.0637,0.0375009746567393));
#4841=CARTESIAN_POINT('',(-0.027213885614275,0.0637,0.0374380322843631));
#4842=CARTESIAN_POINT('',(-0.0272148916355855,0.0637,0.0374279108777208));
#4843=CARTESIAN_POINT('',(-0.0272159061997585,0.0637,0.037417788866179));
#4844=CARTESIAN_POINT('',(-0.0272169293046863,0.0637,0.0374076662501974));
#4845=CARTESIAN_POINT('',(-0.0738368860946947,0.0637,0.0885367381357654));
#4846=CARTESIAN_POINT('',(-0.0306742016053305,0.0637,0.0494617357984232));
#4847=CARTESIAN_POINT('',(-0.0137543608328767,0.0637,0.0581089312098297));
#4848=CARTESIAN_POINT('',(-0.0142900456089542,0.0637,0.058393903307893));
#4849=CARTESIAN_POINT('',(-0.014823874797889,0.0637,0.0586819102867576));
#4850=CARTESIAN_POINT('',(-0.0153558167287036,0.0637,0.0589730109641437));
#4851=CARTESIAN_POINT('',(-0.0160665295349245,0.0637,0.0593619424758994));
#4852=CARTESIAN_POINT('',(-0.0167738734528575,0.0637000000000035,0.0597563964753113));
#4853=CARTESIAN_POINT('',(-0.0174778036483757,0.0636999999999759,0.0601564939451904));
#4854=CARTESIAN_POINT('',(-0.018181809142655,0.0636999999999483,0.0605566342131252));
#4855=CARTESIAN_POINT('',(-0.0188824001872707,0.063699999999901,0.0609624191540821));
#4856=CARTESIAN_POINT('',(-0.0195795642161723,0.0636999999996363,0.0613739286573031));
#4857=CARTESIAN_POINT('',(-0.0201200831101065,0.0636999999994311,0.0616929764743208));
#4858=CARTESIAN_POINT('',(-0.0206585419821814,0.0636999999990954,0.0620154653863692));
#4859=CARTESIAN_POINT('',(-0.0211949270414814,0.0636999999983845,0.0623414053062245));
#4860=CARTESIAN_POINT('',(-0.0213504138975443,0.0636999999981784,0.0624358884998277));
#4861=CARTESIAN_POINT('',(-0.0215057244731552,0.0636999999979798,0.0625306581384557));
#4862=CARTESIAN_POINT('',(-0.021660858148162,0.0636999999977993,0.0626257143203447));
#4863=CARTESIAN_POINT('',(-0.0230418005932696,0.0636999999961922,0.0634718692008672));
#4864=CARTESIAN_POINT('',(-0.0244087261465288,0.0636999999969592,0.0643407303334525));
#4865=CARTESIAN_POINT('',(-0.0257624394700884,0.0636999999981433,0.0652316928906419));
#4866=CARTESIAN_POINT('',(-0.0266408873322422,0.0636999999989117,0.0658098538202868));
#4867=CARTESIAN_POINT('',(-0.0275137714325349,0.0636999999995846,0.0663973211365335));
#4868=CARTESIAN_POINT('',(-0.0283810570080034,0.0636999999998321,0.0669928783275777));
#4869=CARTESIAN_POINT('',(-0.0288507924705073,0.0636999999999661,0.0673154414376946));
#4870=CARTESIAN_POINT('',(-0.0293189949986353,0.0636999999999816,0.067640460020699));
#4871=CARTESIAN_POINT('',(-0.0297856280949212,0.0636999999999921,0.0679677156961872));
#4872=CARTESIAN_POINT('',(-0.0304881916498893,0.0637000000000079,0.0684604323778468));
#4873=CARTESIAN_POINT('',(-0.0311871973065905,0.0637,0.0689582204272332));
#4874=CARTESIAN_POINT('',(-0.0318832129378086,0.0637,0.0694600445687709));
#4875=CARTESIAN_POINT('',(-0.0325028732809443,0.0637,0.0699068168908162));
#4876=CARTESIAN_POINT('',(-0.0331201254167101,0.0637,0.0703567598020745));
#4877=CARTESIAN_POINT('',(-0.0337355063449535,0.0637,0.0708092479793806));
#4878=CARTESIAN_POINT('',(-0.0342191278621356,0.0637,0.0711648537656054));
#4879=CARTESIAN_POINT('',(-0.0347015936192774,0.0637,0.0715220316482917));
#4880=CARTESIAN_POINT('',(-0.0351833460929077,0.0637,0.0718802343609419));
#4881=CARTESIAN_POINT('',(-0.0358474218244796,0.0637,0.0723740018898591));
#4882=CARTESIAN_POINT('',(-0.0365101496600698,0.0637,0.0728697226010559));
#4883=CARTESIAN_POINT('',(-0.037172538267186,0.0637,0.0733658506806578));
#4884=CARTESIAN_POINT('',(-0.0373279240777785,0.0637,0.0734822344212271));
#4885=CARTESIAN_POINT('',(-0.037483291203251,0.0637,0.0735986405590393));
#4886=CARTESIAN_POINT('',(-0.0376386526517588,0.0637,0.0737150491252573));
#4887=CARTESIAN_POINT('',(-0.0380147328701373,0.0637,0.0739968369138293));
#4888=CARTESIAN_POINT('',(-0.0383907798439409,0.0637,0.0742786389033786));
#4889=CARTESIAN_POINT('',(-0.0387670928884034,0.0637,0.0745600068530999));
#4890=CARTESIAN_POINT('',(-0.0396897855824769,0.0637,0.0752499009595483));
#4891=CARTESIAN_POINT('',(-0.0406140672253152,0.0636999999997666,0.0759372591553833));
#4892=CARTESIAN_POINT('',(-0.0415453104989079,0.0636999999997745,0.0766160208699169));
#4893=CARTESIAN_POINT('',(-0.0417681357711148,0.0636999999997764,0.0767784330645532));
#4894=CARTESIAN_POINT('',(-0.0419913597650963,0.0636999999998091,0.0769403528242263));
#4895=CARTESIAN_POINT('',(-0.0422150810049111,0.0636999999998623,0.0771016748191576));
#4896=CARTESIAN_POINT('',(-0.0426492715816603,0.0636999999999655,0.0774147630627215));
#4897=CARTESIAN_POINT('',(-0.0430850438392688,0.0636999999999808,0.0777254220479952));
#4898=CARTESIAN_POINT('',(-0.0435230871798932,0.0636999999999895,0.0780328852918911));
#4899=CARTESIAN_POINT('',(-0.0441871522436727,0.0637000000000027,0.0784989935047829));
#4900=CARTESIAN_POINT('',(-0.044856435768412,0.0637000000000071,0.0789577578967423));
#4901=CARTESIAN_POINT('',(-0.0455310225442246,0.0636999999999639,0.0794047173001922));
#4902=CARTESIAN_POINT('',(-0.0455989645733311,0.0636999999999595,0.079449733493642));
#4903=CARTESIAN_POINT('',(-0.0456669604071113,0.0636999999999545,0.0794946299290651));
#4904=CARTESIAN_POINT('',(-0.0457350116484159,0.0636999999999486,0.0795394038730302));
#4905=CARTESIAN_POINT('',(-0.0465598740157317,0.0636999999998773,0.0800821175797179));
#4906=CARTESIAN_POINT('',(-0.0473932113950349,0.0636999999998508,0.0806070114329827));
#4907=CARTESIAN_POINT('',(-0.0482373021401154,0.0636999999998966,0.0811088212880793));
#4908=CARTESIAN_POINT('',(-0.0486103595413774,0.0636999999999169,0.0813306029881644));
#4909=CARTESIAN_POINT('',(-0.0489855171959437,0.0636999999999443,0.081547876160651));
#4910=CARTESIAN_POINT('',(-0.0493629703899605,0.0636999999999654,0.0817601895592455));
#4911=CARTESIAN_POINT('',(-0.0494599236694484,0.0636999999999709,0.0818147247455925));
#4912=CARTESIAN_POINT('',(-0.0495570264499399,0.0636999999999672,0.0818689357712912));
#4913=CARTESIAN_POINT('',(-0.0496542829608686,0.0636999999999513,0.0819228147414435));
#4914=CARTESIAN_POINT('',(-0.0503506105184105,0.0636999999998377,0.0823085720684411));
#4915=CARTESIAN_POINT('',(-0.0510548215466195,0.0636999999967729,0.0826773104401062));
#4916=CARTESIAN_POINT('',(-0.0517674782729303,0.0636999999937508,0.0830279326884682));
#4917=CARTESIAN_POINT('',(-0.0522195952039915,0.0636999999918336,0.0832503711346916));
#4918=CARTESIAN_POINT('',(-0.0526751105975514,0.0636999999919579,0.0834655175888652));
#4919=CARTESIAN_POINT('',(-0.0531341592790258,0.0636999999953113,0.0836730851731126));
#4920=CARTESIAN_POINT('',(-0.0534097169411028,0.0636999999973243,0.0837976838062129));
#4921=CARTESIAN_POINT('',(-0.0536865290932725,0.0636999999982963,0.0839195983758333));
#4922=CARTESIAN_POINT('',(-0.0539646148181513,0.0636999999988913,0.0840387748379455));
#4923=CARTESIAN_POINT('',(-0.0547003904382231,0.0637000000004655,0.0843540989537259));
#4924=CARTESIAN_POINT('',(-0.0554450828916688,0.0636999999999893,0.0846502538878634));
#4925=CARTESIAN_POINT('',(-0.0561983244721944,0.0636999999999503,0.0849278979848614));
#4926=CARTESIAN_POINT('',(-0.0564866201071721,0.0636999999999353,0.0850341634690186));
#4927=CARTESIAN_POINT('',(-0.0567761679425894,0.0636999999999008,0.085137717429611));
#4928=CARTESIAN_POINT('',(-0.0570669356158232,0.0636999999998246,0.085238612699022));
#4929=CARTESIAN_POINT('',(-0.0575359343331932,0.0636999999997015,0.0854013534583923));
#4930=CARTESIAN_POINT('',(-0.0580081388907569,0.063699999999899,0.0855571351904133));
#4931=CARTESIAN_POINT('',(-0.0584835507249444,0.0636999999999612,0.0857062822041864));
#4932=CARTESIAN_POINT('',(-0.0586860821314197,0.0636999999999877,0.0857698207034386));
#4933=CARTESIAN_POINT('',(-0.0588891957796894,0.0636999999999951,0.0858321549231426));
#4934=CARTESIAN_POINT('',(-0.0590928924520739,0.0636999999999969,0.0858933165880371));
#4935=CARTESIAN_POINT('',(-0.0595871958351978,0.0637000000000014,0.0860417353988155));
#4936=CARTESIAN_POINT('',(-0.0600848352137521,0.0637,0.086183187068338));
#4937=CARTESIAN_POINT('',(-0.0605852262470994,0.0637,0.0863179208646655));
#4938=CARTESIAN_POINT('',(-0.0606625843180163,0.0636999999999993,0.0863387500679817));
#4939=CARTESIAN_POINT('',(-0.0607400081093397,0.0636999999999992,0.0863594188076931));
#4940=CARTESIAN_POINT('',(-0.060817495415384,0.0636999999999989,0.0863799281029064));
#4941=CARTESIAN_POINT('',(-0.0609301753590572,0.0636999999999984,0.086409752165032));
#4942=CARTESIAN_POINT('',(-0.0610429896059874,0.0636999999999978,0.0864392390562901));
#4943=CARTESIAN_POINT('',(-0.0611558941036538,0.0636999999999968,0.0864683839564333));
#4944=CARTESIAN_POINT('',(-0.0614365828910556,0.0636999999999941,0.0865408402965191));
#4945=CARTESIAN_POINT('',(-0.0617182266270326,0.0636999999999945,0.0866112803970945));
#4946=CARTESIAN_POINT('',(-0.0620001989961452,0.063699999999996,0.0866796292693231));
#4947=CARTESIAN_POINT('',(-0.0623948859622095,0.063699999999998,0.0867752996681594));
#4948=CARTESIAN_POINT('',(-0.0627902157510132,0.0637,0.0868668721319588));
#4949=CARTESIAN_POINT('',(-0.0631862894368105,0.0636999999999986,0.0869546525281141));
#4950=CARTESIAN_POINT('',(-0.0632056379553871,0.0636999999999986,0.0869589406711707));
#4951=CARTESIAN_POINT('',(-0.0632249882495582,0.0636999999999985,0.0869632197669026));
#4952=CARTESIAN_POINT('',(-0.0632443403038565,0.0636999999999984,0.0869674898401897));
#4953=CARTESIAN_POINT('',(-0.0638583032757076,0.0636999999999956,0.0871029621184797));
#4954=CARTESIAN_POINT('',(-0.064473306070484,0.0637,0.0872291687712117));
#4955=CARTESIAN_POINT('',(-0.065089665358363,0.0636999999999991,0.0873471161704972));
#4956=CARTESIAN_POINT('',(-0.065174545283559,0.063699999999999,0.0873633589149894));
#4957=CARTESIAN_POINT('',(-0.0652594509456923,0.0636999999999988,0.0873794449471598));
#4958=CARTESIAN_POINT('',(-0.0653443831822328,0.0636999999999984,0.0873953768223135));
#4959=CARTESIAN_POINT('',(-0.0654181474365772,0.0636999999999981,0.0874092137697306));
#4960=CARTESIAN_POINT('',(-0.0654919318248549,0.0636999999999977,0.0874229342101317));
#4961=CARTESIAN_POINT('',(-0.0655657358810171,0.0636999999999974,0.0874365395936694));
#4962=CARTESIAN_POINT('',(-0.0663596066573993,0.063699999999994,0.087582885430926));
#4963=CARTESIAN_POINT('',(-0.0671557533177089,0.063699999999997,0.0877159151070387));
#4964=CARTESIAN_POINT('',(-0.0679538381890402,0.0636999999999988,0.087837238641319));
#4965=CARTESIAN_POINT('',(-0.0684931108445636,0.0637,0.0879192179731658));
#4966=CARTESIAN_POINT('',(-0.0690332683829106,0.0637,0.0879958535785737));
#4967=CARTESIAN_POINT('',(-0.0695741961755003,0.0637,0.0880675705127581));
#4968=CARTESIAN_POINT('',(-0.0698324575300551,0.0637,0.0881018111504563));
#4969=CARTESIAN_POINT('',(-0.0700908962535748,0.0637,0.088134930484196));
#4970=CARTESIAN_POINT('',(-0.0703495057837651,0.0637,0.0881669757365933));
#4971=CARTESIAN_POINT('',(-0.0711486937287373,0.0637,0.088266006036794));
#4972=CARTESIAN_POINT('',(-0.0719495129978455,0.0637,0.088354777807594));
#4973=CARTESIAN_POINT('',(-0.0727518087566961,0.0637,0.088434472387661));
#4974=CARTESIAN_POINT('',(-0.0731132057364305,0.0637,0.0884703710948643));
#4975=CARTESIAN_POINT('',(-0.0734749022894802,0.0637,0.0885044281376829));
#4976=CARTESIAN_POINT('',(-0.0738368851573847,0.0637,0.0885367378642849));
#4977=CARTESIAN_POINT('',(-0.0307534161103407,0.0637000000000019,0.0686511056779828));
#4978=CARTESIAN_POINT('',(-0.0307855979717892,0.0637,0.0606511704077575));
#4979=CARTESIAN_POINT('',(-0.036913953516741,0.0637,0.0657934712852498));
#4980=CARTESIAN_POINT('',(-0.0564970083228525,0.0637,0.0424552953660972));
#4981=CARTESIAN_POINT('',(-0.0381320020388109,0.0637,0.0643418575831189));
#4982=CARTESIAN_POINT('',(-0.0389031491220238,0.0637,0.0636666115716147));
#4983=CARTESIAN_POINT('',(-0.038180330899669,0.0637,0.0629398662121992));
#4984=CARTESIAN_POINT('',(-0.0240002052603705,0.0637,0.0510413280182162));
#4985=CARTESIAN_POINT('',(-0.0137543608336541,0.0637,0.0424440437386588));
#4986=CARTESIAN_POINT('',(-0.0137543608336541,0.0637,0.0581089306965066));
#4987=CARTESIAN_POINT('',(-0.0137543608336541,0.0637,0.038));
#4988=CARTESIAN_POINT('',(-0.0137543608336541,0.0637,0.038));
#4989=CARTESIAN_POINT('',(-0.0218372240639029,0.0637,0.038));
#4990=CARTESIAN_POINT('',(-0.0272169293046863,0.0637,0.0374076662501974));
#4991=CARTESIAN_POINT('',(-0.0255275093932041,0.0637,0.037796889624854));
#4992=CARTESIAN_POINT('',(-0.0236828163464303,0.0637,0.038));
#4993=CARTESIAN_POINT('',(-0.0218372240639029,0.0637,0.038));
#4994=CARTESIAN_POINT('',(-0.0272169292780943,0.0637,0.0374076665132992));
#4995=CARTESIAN_POINT('',(-0.0738368863346965,0.0637,0.0885367383988059));
#4996=CARTESIAN_POINT('',(-0.0740199243547311,0.0637,0.088369731908966));
#4997=CARTESIAN_POINT('',(-0.0742024204180655,0.0637,0.0882022021996723));
#4998=CARTESIAN_POINT('',(-0.0743843494090711,0.0637,0.0880341259373591));
#4999=CARTESIAN_POINT('',(-0.0747619142716094,0.0637,0.087685310223462));
#5000=CARTESIAN_POINT('',(-0.075137036611039,0.0637,0.0873341403577711));
#5001=CARTESIAN_POINT('',(-0.0755094507301564,0.0637,0.0869803647800838));
#5002=CARTESIAN_POINT('',(-0.0756620626073232,0.0637,0.0868353908055885));
#5003=CARTESIAN_POINT('',(-0.0758142197172652,0.0637,0.0866899792789871));
#5004=CARTESIAN_POINT('',(-0.0759659003580915,0.0637,0.0865441091140697));
#5005=CARTESIAN_POINT('',(-0.0761846194244742,0.0637,0.0863337685847179));
#5006=CARTESIAN_POINT('',(-0.0764023474182673,0.0637,0.086122474471036));
#5007=CARTESIAN_POINT('',(-0.0766190207158112,0.0637,0.0859101630820515));
#5008=CARTESIAN_POINT('',(-0.0769862363736026,0.0637,0.0855503399416537));
#5009=CARTESIAN_POINT('',(-0.0773504224640009,0.0637,0.0851875947246816));
#5010=CARTESIAN_POINT('',(-0.0777111974020165,0.063699999999998,0.0848215496545003));
#5011=CARTESIAN_POINT('',(-0.0778190092648336,0.0636999999999972,0.0847121628963504));
#5012=CARTESIAN_POINT('',(-0.0779265165225628,0.0636999999999962,0.0846024814715634));
#5013=CARTESIAN_POINT('',(-0.0780337068815446,0.0636999999999944,0.0844924922155404));
#5014=CARTESIAN_POINT('',(-0.0782855148527922,0.0636999999999902,0.0842341091698892));
#5015=CARTESIAN_POINT('',(-0.0785355662868371,0.0636999999999815,0.0839740344164213));
#5016=CARTESIAN_POINT('',(-0.0787836940394744,0.0636999999999736,0.0837121030426247));
#5017=CARTESIAN_POINT('',(-0.0791378088738543,0.0636999999999623,0.0833382884085701));
#5018=CARTESIAN_POINT('',(-0.0794880053163561,0.0636999999999612,0.082960691951981));
#5019=CARTESIAN_POINT('',(-0.0798336141998055,0.0636999999999803,0.0825787593621634));
#5020=CARTESIAN_POINT('',(-0.0798974301405001,0.0636999999999839,0.0825082363268238));
#5021=CARTESIAN_POINT('',(-0.0799610896868178,0.0636999999999877,0.0824375654715792));
#5022=CARTESIAN_POINT('',(-0.0800245886465104,0.0636999999999912,0.08236674055718));
#5023=CARTESIAN_POINT('',(-0.0803053975537909,0.0637000000000065,0.0820535343736934));
#5024=CARTESIAN_POINT('',(-0.0805830565208958,0.0636999999999992,0.0817373559272532));
#5025=CARTESIAN_POINT('',(-0.0808572524047439,0.0637,0.08141759715907));
#5026=CARTESIAN_POINT('',(-0.0808996001280022,0.0637,0.0813682125525822));
#5027=CARTESIAN_POINT('',(-0.0809418652422241,0.0637,0.0813187425461066));
#5028=CARTESIAN_POINT('',(-0.0809840444925769,0.0637,0.0812691859677493));
#5029=CARTESIAN_POINT('',(-0.0812771429776393,0.0637,0.08092482332688));
#5030=CARTESIAN_POINT('',(-0.0815661423316326,0.0637000000000007,0.0805762306680572));
#5031=CARTESIAN_POINT('',(-0.0818496792562549,0.0636999999999992,0.0802233946974935));
#5032=CARTESIAN_POINT('',(-0.0818711413125349,0.0636999999999991,0.080196687116222));
#5033=CARTESIAN_POINT('',(-0.0818925720919292,0.063699999999999,0.0801699552388233));
#5034=CARTESIAN_POINT('',(-0.0819139703418264,0.0636999999999988,0.0801431997600371));
#5035=CARTESIAN_POINT('',(-0.0820544310352568,0.0636999999999978,0.0799675735699778));
#5036=CARTESIAN_POINT('',(-0.0821935802909251,0.0636999999999982,0.0797908119418197));
#5037=CARTESIAN_POINT('',(-0.0823310986496489,0.0636999999999988,0.0796130599448572));
#5038=CARTESIAN_POINT('',(-0.0824895271002451,0.0637,0.0794082802068609));
#5039=CARTESIAN_POINT('',(-0.0826457910029391,0.0637,0.0792021861130837));
#5040=CARTESIAN_POINT('',(-0.0827997448856061,0.0637,0.0789945090551549));
#5041=CARTESIAN_POINT('',(-0.0828014701109228,0.0637,0.0789921818016175));
#5042=CARTESIAN_POINT('',(-0.0828031950461367,0.0637,0.0789898543492778));
#5043=CARTESIAN_POINT('',(-0.0828049196908168,0.0637,0.07898752669788));
#5044=CARTESIAN_POINT('',(-0.0829570960992455,0.0637,0.078782143157787));
#5045=CARTESIAN_POINT('',(-0.0831069377313169,0.0637,0.0785753003413049));
#5046=CARTESIAN_POINT('',(-0.0832541664694895,0.0636999999999989,0.0783668092846065));
#5047=CARTESIAN_POINT('',(-0.0833867506284068,0.0636999999999981,0.0781790564604144));
#5048=CARTESIAN_POINT('',(-0.083517215849768,0.0636999999999991,0.0779899669843259));
#5049=CARTESIAN_POINT('',(-0.0836453200123349,0.0636999999999826,0.0777993412565966));
#5050=CARTESIAN_POINT('',(-0.0836611049699847,0.0636999999999806,0.0777758524098733));
#5051=CARTESIAN_POINT('',(-0.0836768538607923,0.0636999999999785,0.0777523402653443));
#5052=CARTESIAN_POINT('',(-0.0836925662016357,0.0636999999999766,0.0777288044892717));
#5053=CARTESIAN_POINT('',(-0.0838357859400728,0.063699999999959,0.0775142732665437));
#5054=CARTESIAN_POINT('',(-0.0839759689701738,0.0636999999999564,0.0772977786678311));
#5055=CARTESIAN_POINT('',(-0.0841126285846336,0.0636999999999677,0.0770790043048769));
#5056=CARTESIAN_POINT('',(-0.0842177639677979,0.0636999999999764,0.0769106961579046));
#5057=CARTESIAN_POINT('',(-0.0843208139835081,0.0636999999999899,0.076741038707269));
#5058=CARTESIAN_POINT('',(-0.0844214695498487,0.0636999999999962,0.0765698289179035));
#5059=CARTESIAN_POINT('',(-0.0844516383339705,0.0636999999999981,0.0765185134133298));
#5060=CARTESIAN_POINT('',(-0.0844815924456696,0.0636999999999988,0.0764670588087655));
#5061=CARTESIAN_POINT('',(-0.0845113226938815,0.0636999999999992,0.0764154610879519));
#5062=CARTESIAN_POINT('',(-0.0845757864748597,0.0637,0.0763035822987201));
#5063=CARTESIAN_POINT('',(-0.0846391976811592,0.0637,0.0761910305990132));
#5064=CARTESIAN_POINT('',(-0.0847014335158606,0.0636999999999991,0.0760777486050912));
#5065=CARTESIAN_POINT('',(-0.0847274444783748,0.0636999999999986,0.0760304033142058));
#5066=CARTESIAN_POINT('',(-0.0847532501475877,0.0636999999999978,0.0759829304681859));
#5067=CARTESIAN_POINT('',(-0.0847788402780463,0.0636999999999961,0.0759353243298308));
#5068=CARTESIAN_POINT('',(-0.0848144963187904,0.0636999999999937,0.0758689922565494));
#5069=CARTESIAN_POINT('',(-0.0848497324076868,0.0636999999999899,0.075802402778125));
#5070=CARTESIAN_POINT('',(-0.0848845292533855,0.0636999999999865,0.0757355228862772));
#5071=CARTESIAN_POINT('',(-0.0849442846857549,0.0636999999999806,0.0756206723366385));
#5072=CARTESIAN_POINT('',(-0.0850027452628954,0.0636999999999771,0.0755049656234092));
#5073=CARTESIAN_POINT('',(-0.0850597597957644,0.0636999999999837,0.0753882389714479));
#5074=CARTESIAN_POINT('',(-0.0850766790389874,0.0636999999999857,0.0753535999677456));
#5075=CARTESIAN_POINT('',(-0.0850934708849797,0.0636999999999883,0.0753188711156321));
#5076=CARTESIAN_POINT('',(-0.0851101309362786,0.0636999999999911,0.0752840441915562));
#5077=CARTESIAN_POINT('',(-0.0851495806223619,0.0636999999999978,0.0752015767851004));
#5078=CARTESIAN_POINT('',(-0.0851882436652447,0.0636999999999987,0.0751186696426329));
#5079=CARTESIAN_POINT('',(-0.0852260674715303,0.063699999999999,0.0750352181215901));
#5080=CARTESIAN_POINT('',(-0.085279910919335,0.0637,0.0749164221023966));
#5081=CARTESIAN_POINT('',(-0.0853320540521444,0.0637000000000024,0.0747965233304014));
#5082=CARTESIAN_POINT('',(-0.0853819547256675,0.0636999999999854,0.0746759585369784));
#5083=CARTESIAN_POINT('',(-0.0853907389151133,0.0636999999999824,0.074654735096268));
#5084=CARTESIAN_POINT('',(-0.0853994535941206,0.0636999999999786,0.074633491003365));
#5085=CARTESIAN_POINT('',(-0.0854080968452485,0.0636999999999737,0.0746122249567346));
#5086=CARTESIAN_POINT('',(-0.0854485476853477,0.0636999999999506,0.0745126988132666));
#5087=CARTESIAN_POINT('',(-0.085487430701313,0.0636999999999243,0.0744126793270598));
#5088=CARTESIAN_POINT('',(-0.0855245246757563,0.0636999999999212,0.0743120870975581));
#5089=CARTESIAN_POINT('',(-0.0855470282938438,0.0636999999999193,0.074251061307002));
#5090=CARTESIAN_POINT('',(-0.0855688734902684,0.0636999999999254,0.0741898247307373));
#5091=CARTESIAN_POINT('',(-0.0855899877514356,0.0636999999999377,0.0741283624333334));
#5092=CARTESIAN_POINT('',(-0.0856111006950454,0.06369999999995,0.0740669039712567));
#5093=CARTESIAN_POINT('',(-0.0856314827900459,0.0636999999999686,0.0740052198139718));
#5094=CARTESIAN_POINT('',(-0.08565105024746,0.0636999999999831,0.0739432865186879));
#5095=CARTESIAN_POINT('',(-0.0856532076002296,0.0636999999999847,0.0739364582444117));
#5096=CARTESIAN_POINT('',(-0.0856553550509466,0.0636999999999862,0.0739296269418838));
#5097=CARTESIAN_POINT('',(-0.0856574924536309,0.0636999999999876,0.073922792572002));
#5098=CARTESIAN_POINT('',(-0.0856747421737378,0.0636999999999993,0.0738676363918235));
#5099=CARTESIAN_POINT('',(-0.0856913424632846,0.0636999999999991,0.073812280261464));
#5100=CARTESIAN_POINT('',(-0.0857072153106548,0.0637,0.0737567075145556));
#5101=CARTESIAN_POINT('',(-0.0857248689861951,0.0637,0.0736948998741292));
#5102=CARTESIAN_POINT('',(-0.0857416227916243,0.0637,0.0736328242719241));
#5103=CARTESIAN_POINT('',(-0.0857573350857006,0.0636999999999936,0.0735704446129985));
#5104=CARTESIAN_POINT('',(-0.085757504409718,0.0636999999999936,0.0735697723766973));
#5105=CARTESIAN_POINT('',(-0.0857576736117528,0.0636999999999935,0.0735691001039006));
#5106=CARTESIAN_POINT('',(-0.085757842691651,0.0636999999999934,0.0735684277945171));
#5107=CARTESIAN_POINT('',(-0.0857737042740649,0.0636999999999867,0.0735053576672537));
#5108=CARTESIAN_POINT('',(-0.0857884913680677,0.0636999999999914,0.073441965768256));
#5109=CARTESIAN_POINT('',(-0.0858020159304293,0.0636999999999949,0.0733781664332153));
#5110=CARTESIAN_POINT('',(-0.0858137535980062,0.063699999999998,0.0733227964059777));
#5111=CARTESIAN_POINT('',(-0.0858245403517317,0.0637,0.0732671195208167));
#5112=CARTESIAN_POINT('',(-0.0858341751785951,0.063699999999997,0.0732110334321967));
#5113=CARTESIAN_POINT('',(-0.0858356339054449,0.0636999999999966,0.0732025419165185));
#5114=CARTESIAN_POINT('',(-0.0858370657340243,0.0636999999999962,0.0731940424496302));
#5115=CARTESIAN_POINT('',(-0.0858384699766528,0.0636999999999959,0.0731855347605352));
#5116=CARTESIAN_POINT('',(-0.0858438088920664,0.0636999999999947,0.073153188617839));
#5117=CARTESIAN_POINT('',(-0.0858487490313183,0.0636999999999946,0.0731207236351959));
#5118=CARTESIAN_POINT('',(-0.0858532257262881,0.0636999999999944,0.0730881527101667));
#5119=CARTESIAN_POINT('',(-0.0858577046837044,0.0636999999999942,0.0730555653243385));
#5120=CARTESIAN_POINT('',(-0.085861719722683,0.063699999999994,0.0730228719223352));
#5121=CARTESIAN_POINT('',(-0.0858651832591662,0.0636999999999914,0.072990202309929));
#5122=CARTESIAN_POINT('',(-0.0858686485514964,0.0636999999999889,0.0729575161355952));
#5123=CARTESIAN_POINT('',(-0.0858715617814702,0.0636999999999849,0.0729248537406862));
#5124=CARTESIAN_POINT('',(-0.0858738300959899,0.0636999999999682,0.0728921821571369));
#5125=CARTESIAN_POINT('',(-0.0858749534598973,0.06369999999996,0.0728760018270123));
#5126=CARTESIAN_POINT('',(-0.0858759186526849,0.0636999999999485,0.0728598192414484));
#5127=CARTESIAN_POINT('',(-0.0858767063622046,0.06369999999993,0.072843635077125));
#5128=CARTESIAN_POINT('',(-0.0858775103169534,0.0636999999999112,0.0728271171407063));
#5129=CARTESIAN_POINT('',(-0.0858781293116082,0.0636999999998824,0.0728106083060577));
#5130=CARTESIAN_POINT('',(-0.0858785416955359,0.0636999999998513,0.0727940954718343));
#5131=CARTESIAN_POINT('',(-0.085878949998085,0.0636999999998204,0.072777746065728));
#5132=CARTESIAN_POINT('',(-0.0858791557851248,0.0636999999997877,0.0727613927354433));
#5133=CARTESIAN_POINT('',(-0.085879126169794,0.0636999999997712,0.0727450214784749));
#5134=CARTESIAN_POINT('',(-0.0858790966058631,0.0636999999997547,0.0727286786351529));
#5135=CARTESIAN_POINT('',(-0.0858788325027981,0.0636999999997564,0.0727123179240516));
#5136=CARTESIAN_POINT('',(-0.0858782886048188,0.0636999999997867,0.0726959235297154));
#5137=CARTESIAN_POINT('',(-0.0858778827950086,0.0636999999998093,0.0726836914451948));
#5138=CARTESIAN_POINT('',(-0.0858773212026932,0.063699999999848,0.0726714406051929));
#5139=CARTESIAN_POINT('',(-0.0858765765387773,0.0636999999998912,0.0726591689082484));
#5140=CARTESIAN_POINT('',(-0.0858763261716382,0.0636999999999057,0.0726550429803093));
#5141=CARTESIAN_POINT('',(-0.0858760559275246,0.0636999999999178,0.072650919804818));
#5142=CARTESIAN_POINT('',(-0.0858757649512727,0.0636999999999279,0.0726467991993391));
#5143=CARTESIAN_POINT('',(-0.085874606239104,0.0636999999999681,0.072630390314839));
#5144=CARTESIAN_POINT('',(-0.0858731188570153,0.0636999999999787,0.0726140221720858));
#5145=CARTESIAN_POINT('',(-0.0858712065564449,0.0636999999999799,0.0725976415535923));
#5146=CARTESIAN_POINT('',(-0.0858692894158508,0.063699999999981,0.0725812194758306));
#5147=CARTESIAN_POINT('',(-0.085866945356283,0.0636999999999784,0.0725647850273196));
#5148=CARTESIAN_POINT('',(-0.0858640363458155,0.0636999999999231,0.0725484366697806));
#5149=CARTESIAN_POINT('',(-0.0858625811716103,0.0636999999998954,0.0725402587314561));
#5150=CARTESIAN_POINT('',(-0.0858609845742469,0.063699999999853,0.0725321022953626));
#5151=CARTESIAN_POINT('',(-0.0858592349510429,0.0636999999997752,0.0725240120273209));
#5152=CARTESIAN_POINT('',(-0.0858574861379097,0.0636999999996975,0.0725159255050515));
#5153=CARTESIAN_POINT('',(-0.0858555844459271,0.0636999999995848,0.0725079050893544));
#5154=CARTESIAN_POINT('',(-0.0858535147240749,0.0636999999994022,0.072499942297665));
#5155=CARTESIAN_POINT('',(-0.0858514471507675,0.0636999999992198,0.0724919877720206));
#5156=CARTESIAN_POINT('',(-0.0858492118878948,0.0636999999989679,0.0724840907377497));
#5157=CARTESIAN_POINT('',(-0.0858468085747252,0.0636999999985928,0.0724762516588262));
#5158=CARTESIAN_POINT('',(-0.0858467777012137,0.063699999998588,0.0724761509562226));
#5159=CARTESIAN_POINT('',(-0.0858467467999643,0.0636999999985832,0.072476050263187));
#5160=CARTESIAN_POINT('',(-0.0858467158710038,0.0636999999985783,0.0724759495797014));
#5161=CARTESIAN_POINT('',(-0.085844341516066,0.0636999999982052,0.072468220308255));
#5162=CARTESIAN_POINT('',(-0.0858417982143779,0.063699999997849,0.0724605533204584));
#5163=CARTESIAN_POINT('',(-0.0858391003737868,0.0636999999975692,0.0724529442516804));
#5164=CARTESIAN_POINT('',(-0.0858336360224055,0.0636999999970025,0.0724375324346787));
#5165=CARTESIAN_POINT('',(-0.0858275375800985,0.0636999999967751,0.0724223585104536));
#5166=CARTESIAN_POINT('',(-0.0858209656375814,0.0636999999968793,0.0724073764129479));
#5167=CARTESIAN_POINT('',(-0.0858143895824266,0.0636999999969836,0.0723923849398367));
#5168=CARTESIAN_POINT('',(-0.0858073395204361,0.0636999999973915,0.0723775853975881));
#5169=CARTESIAN_POINT('',(-0.0857999307279265,0.0636999999978522,0.0723629387415763));
#5170=CARTESIAN_POINT('',(-0.0857925081812582,0.0636999999983137,0.0723482648945708));
#5171=CARTESIAN_POINT('',(-0.0857847256045518,0.0636999999988139,0.0723337444644521));
#5172=CARTESIAN_POINT('',(-0.0857766704151334,0.0636999999991788,0.072319373777086));
#5173=CARTESIAN_POINT('',(-0.0857745334414629,0.0636999999992757,0.0723155613551884));
#5174=CARTESIAN_POINT('',(-0.0857723772814149,0.063699999999364,0.0723117594658001));
#5175=CARTESIAN_POINT('',(-0.0857702037275482,0.0636999999994427,0.0723079689499039));
#5176=CARTESIAN_POINT('',(-0.0857641723950017,0.0636999999996613,0.0722974507556034));
#5177=CARTESIAN_POINT('',(-0.0857579964296614,0.0636999999997757,0.0722869955716502));
#5178=CARTESIAN_POINT('',(-0.0857517091560041,0.0636999999998475,0.0722766214924115));
#5179=CARTESIAN_POINT('',(-0.0857431723577845,0.0636999999999449,0.0722625356698429));
#5180=CARTESIAN_POINT('',(-0.0857344303652473,0.0636999999999657,0.0722485994407332));
#5181=CARTESIAN_POINT('',(-0.0857255070911954,0.0636999999999768,0.0722347787231529));
#5182=CARTESIAN_POINT('',(-0.0857076963826247,0.063699999999999,0.0722071927976703));
#5183=CARTESIAN_POINT('',(-0.0856891629484429,0.0637000000000091,0.0721800671785344));
#5184=CARTESIAN_POINT('',(-0.0856700801599635,0.0636999999998692,0.0721533321028071));
#5185=CARTESIAN_POINT('',(-0.085669862958091,0.0636999999998676,0.0721530278019699));
#5186=CARTESIAN_POINT('',(-0.0856696456851394,0.063699999999866,0.0721527235516939));
#5187=CARTESIAN_POINT('',(-0.0856694283412703,0.0636999999998644,0.0721524193519289));
#5188=CARTESIAN_POINT('',(-0.0856505544185306,0.0636999999997219,0.0721260029506466));
#5189=CARTESIAN_POINT('',(-0.0856311456891129,0.0636999999995457,0.0721000064726608));
#5190=CARTESIAN_POINT('',(-0.0856112973028862,0.063699999999461,0.0720743597797076));
#5191=CARTESIAN_POINT('',(-0.0855911994253212,0.0636999999993753,0.0720483907115411));
#5192=CARTESIAN_POINT('',(-0.0855706507292894,0.0636999999993733,0.0720227802653816));
#5193=CARTESIAN_POINT('',(-0.0855497042812059,0.063699999999428,0.0719974614035409));
#5194=CARTESIAN_POINT('',(-0.0855287398026692,0.0636999999994826,0.0719721207475253));
#5195=CARTESIAN_POINT('',(-0.085507376893654,0.0636999999995875,0.0719470722060924));
#5196=CARTESIAN_POINT('',(-0.0854857171754369,0.0636999999996839,0.0719223333513642));
#5197=CARTESIAN_POINT('',(-0.085469028183486,0.0636999999997582,0.0719032718592757));
#5198=CARTESIAN_POINT('',(-0.0854521629517119,0.0636999999998271,0.0718843942130089));
#5199=CARTESIAN_POINT('',(-0.0854351428694064,0.0636999999998774,0.0718656908719679));
#5200=CARTESIAN_POINT('',(-0.0854079659035913,0.0636999999999577,0.0718358261479921));
#5201=CARTESIAN_POINT('',(-0.0853803709201733,0.0636999999999775,0.0718063745953388));
#5202=CARTESIAN_POINT('',(-0.0853524478410837,0.0636999999999884,0.071777314878544));
#5203=CARTESIAN_POINT('',(-0.085307084599415,0.0637000000000062,0.0717301050793829));
#5204=CARTESIAN_POINT('',(-0.0852608552808693,0.0637,0.0716839296802548));
#5205=CARTESIAN_POINT('',(-0.0852138917013327,0.0637,0.071638608350653));
#5206=CARTESIAN_POINT('',(-0.0852015014105658,0.0637,0.0716266513308251));
#5207=CARTESIAN_POINT('',(-0.085189060038427,0.0637,0.0716147537339497));
#5208=CARTESIAN_POINT('',(-0.0851765701166048,0.0636999999999991,0.0716029140693827));
#5209=CARTESIAN_POINT('',(-0.0851417220906493,0.0636999999999985,0.0715698803207326));
#5210=CARTESIAN_POINT('',(-0.0851064997693202,0.0636999999999985,0.0715373040453107));
#5211=CARTESIAN_POINT('',(-0.085070945878626,0.0636999999999988,0.0715051351674424));
#5212=CARTESIAN_POINT('',(-0.0850226330247883,0.0636999999999991,0.0714614220810762));
#5213=CARTESIAN_POINT('',(-0.0849737079590523,0.0637,0.0714184612299181));
#5214=CARTESIAN_POINT('',(-0.084924236199822,0.0636999999999983,0.071376147343843));
#5215=CARTESIAN_POINT('',(-0.0849171633416043,0.063699999999998,0.0713700978295037));
#5216=CARTESIAN_POINT('',(-0.0849100793069711,0.0636999999999977,0.0713640615405416));
#5217=CARTESIAN_POINT('',(-0.0849029842544635,0.0636999999999973,0.0713580382347899));
#5218=CARTESIAN_POINT('',(-0.0848604519411591,0.0636999999999949,0.071321930661648));
#5219=CARTESIAN_POINT('',(-0.0848175234190186,0.06369999999999,0.0712862924970112));
#5220=CARTESIAN_POINT('',(-0.0847742372112051,0.0636999999999829,0.071251079227038));
#5221=CARTESIAN_POINT('',(-0.0846732333792569,0.0636999999999663,0.0711689127499456));
#5222=CARTESIAN_POINT('',(-0.0845702819891369,0.0636999999999362,0.071089059658507));
#5223=CARTESIAN_POINT('',(-0.0844657079182953,0.0636999999999425,0.0710111087106697));
#5224=CARTESIAN_POINT('',(-0.0844185980145056,0.0636999999999453,0.0709759923417326));
#5225=CARTESIAN_POINT('',(-0.0843711588089353,0.0636999999999562,0.0709412620116771));
#5226=CARTESIAN_POINT('',(-0.0843234137921854,0.0636999999999704,0.0709068952723447));
#5227=CARTESIAN_POINT('',(-0.0842651803739177,0.0636999999999877,0.0708649790087792));
#5228=CARTESIAN_POINT('',(-0.0842065123592431,0.0636999999999932,0.0708236110565422));
#5229=CARTESIAN_POINT('',(-0.0841474443495468,0.0636999999999962,0.0707827428094927));
#5230=CARTESIAN_POINT('',(-0.0840399319553226,0.0637000000000016,0.0707083566381854));
#5231=CARTESIAN_POINT('',(-0.0839310945738032,0.0637,0.0706356255578339));
#5232=CARTESIAN_POINT('',(-0.0838214112426435,0.0637,0.0705645232874411));
#5233=CARTESIAN_POINT('',(-0.0837852728268707,0.0636999999999993,0.0705410965426233));
#5234=CARTESIAN_POINT('',(-0.0837490425550197,0.0636999999999989,0.0705178466766256));
#5235=CARTESIAN_POINT('',(-0.0837127193273085,0.0636999999999984,0.0704947632822882));
#5236=CARTESIAN_POINT('',(-0.0836388374234337,0.0636999999999972,0.0704478113666956));
#5237=CARTESIAN_POINT('',(-0.0835646158879485,0.0636999999999955,0.0704015776032561));
#5238=CARTESIAN_POINT('',(-0.0834900577987213,0.0636999999999941,0.0703559792596669));
#5239=CARTESIAN_POINT('',(-0.0833788082334916,0.0636999999999921,0.0702879410903405));
#5240=CARTESIAN_POINT('',(-0.0832668094141637,0.0636999999999918,0.0702213175528667));
#5241=CARTESIAN_POINT('',(-0.083154145908034,0.0636999999999947,0.070155950261028));
#5242=CARTESIAN_POINT('',(-0.0831306262347138,0.0636999999999954,0.0701423041621031));
#5243=CARTESIAN_POINT('',(-0.0831070775897856,0.0636999999999961,0.0701287128194219));
#5244=CARTESIAN_POINT('',(-0.083083500342494,0.0636999999999968,0.0701151749239699));
#5245=CARTESIAN_POINT('',(-0.0829941370721072,0.0637,0.0700638631403344));
#5246=CARTESIAN_POINT('',(-0.0829043582874721,0.0637,0.0700133127622147));
#5247=CARTESIAN_POINT('',(-0.0828141986304737,0.0637,0.0699634601776072));
#5248=CARTESIAN_POINT('',(-0.0827002670698789,0.0637,0.0699004632347048));
#5249=CARTESIAN_POINT('',(-0.0825857273072227,0.0637,0.0698385805734764));
#5250=CARTESIAN_POINT('',(-0.0824706456743864,0.0636999999999963,0.0697777067765419));
#5251=CARTESIAN_POINT('',(-0.0824605376634709,0.063699999999996,0.0697723600240784));
#5252=CARTESIAN_POINT('',(-0.0824504254723771,0.0636999999999956,0.069767021054359));
#5253=CARTESIAN_POINT('',(-0.0824403091366002,0.0636999999999951,0.0697616898131627));
#5254=CARTESIAN_POINT('',(-0.0822200816344482,0.0636999999999851,0.0696456313945888));
#5255=CARTESIAN_POINT('',(-0.0819978731019122,0.0636999999999665,0.0695332416944569));
#5256=CARTESIAN_POINT('',(-0.0817740353563295,0.0636999999999632,0.0694239547785017));
#5257=CARTESIAN_POINT('',(-0.0815579018377762,0.06369999999996,0.0693184293872602));
#5258=CARTESIAN_POINT('',(-0.0813402493729311,0.063699999999972,0.0692157967705589));
#5259=CARTESIAN_POINT('',(-0.0811212973168581,0.0636999999999859,0.069115677918459));
#5260=CARTESIAN_POINT('',(-0.0811030308748979,0.063699999999987,0.069107325335552));
#5261=CARTESIAN_POINT('',(-0.0810847549838677,0.0636999999999881,0.0690989900001908));
#5262=CARTESIAN_POINT('',(-0.0810664697370142,0.063699999999989,0.0690906716793933));
#5263=CARTESIAN_POINT('',(-0.0808289956166871,0.0637000000000012,0.0689826400006408));
#5264=CARTESIAN_POINT('',(-0.0805899434942123,0.0637,0.0688774778831937));
#5265=CARTESIAN_POINT('',(-0.0803499608238942,0.0637,0.0687749804467304));
#5266=CARTESIAN_POINT('',(-0.0801575411643246,0.0637,0.0686927973382382));
#5267=CARTESIAN_POINT('',(-0.0799645232906985,0.0637,0.0686123274246364));
#5268=CARTESIAN_POINT('',(-0.0797709157680858,0.0636999999999977,0.0685333697980818));
#5269=CARTESIAN_POINT('',(-0.0797231505428668,0.0636999999999972,0.0685138900342574));
#5270=CARTESIAN_POINT('',(-0.0796753559930998,0.0636999999999967,0.0684945052563327));
#5271=CARTESIAN_POINT('',(-0.0796275320372648,0.0636999999999964,0.0684752122432615));
#5272=CARTESIAN_POINT('',(-0.0793858141325733,0.0636999999999948,0.0683776990490196));
#5273=CARTESIAN_POINT('',(-0.0791433451972473,0.063699999999997,0.0682825296688977));
#5274=CARTESIAN_POINT('',(-0.0789001821663672,0.0636999999999984,0.068189389544754));
#5275=CARTESIAN_POINT('',(-0.0787345175136057,0.0636999999999993,0.0681259340668855));
#5276=CARTESIAN_POINT('',(-0.0785685306391733,0.0637,0.0680634206054223));
#5277=CARTESIAN_POINT('',(-0.0784022246424993,0.0637,0.0680017713264336));
#5278=CARTESIAN_POINT('',(-0.0780802833960797,0.0637,0.06788242839163));
#5279=CARTESIAN_POINT('',(-0.0777571535529217,0.0636999999999993,0.0677663270785344));
#5280=CARTESIAN_POINT('',(-0.0774330465499354,0.0636999999999989,0.0676529889677529));
#5281=CARTESIAN_POINT('',(-0.0772953612338545,0.0636999999999988,0.0676048413082973));
#5282=CARTESIAN_POINT('',(-0.0771574995936014,0.0636999999999989,0.0675571922742729));
#5283=CARTESIAN_POINT('',(-0.0770194747386462,0.0636999999999993,0.0675100158963724));
#5284=CARTESIAN_POINT('',(-0.0766647822871262,0.0637,0.0673887833463597));
#5285=CARTESIAN_POINT('',(-0.0763090118826326,0.0637,0.067270663383551));
#5286=CARTESIAN_POINT('',(-0.0759522955357936,0.0637,0.0671551755768479));
#5287=CARTESIAN_POINT('',(-0.0758434392492808,0.0637,0.067119933082674));
#5288=CARTESIAN_POINT('',(-0.0757344948669864,0.0636999999999991,0.0670849357216768));
#5289=CARTESIAN_POINT('',(-0.0756254647142941,0.0636999999999983,0.0670501726775542));
#5290=CARTESIAN_POINT('',(-0.0752381847441978,0.0636999999999954,0.0669266927928087));
#5291=CARTESIAN_POINT('',(-0.0748498698611571,0.0636999999999896,0.0668061892246796));
#5292=CARTESIAN_POINT('',(-0.0744606661440273,0.0636999999999866,0.066688190564759));
#5293=CARTESIAN_POINT('',(-0.0739618698668953,0.0636999999999826,0.0665369656671425));
#5294=CARTESIAN_POINT('',(-0.0734616137299542,0.0636999999999848,0.0663898549488712));
#5295=CARTESIAN_POINT('',(-0.0729604294521169,0.0636999999999915,0.0662461451993514));
#5296=CARTESIAN_POINT('',(-0.0729109283956461,0.0636999999999922,0.0662319512496587));
#5297=CARTESIAN_POINT('',(-0.072861418284791,0.0636999999999929,0.066217790477614));
#5298=CARTESIAN_POINT('',(-0.0728118992654124,0.0636999999999935,0.0662036622046521));
#5299=CARTESIAN_POINT('',(-0.0723600586370342,0.0637,0.0660747475408903));
#5300=CARTESIAN_POINT('',(-0.0719074664471565,0.0637,0.0659485299748443));
#5301=CARTESIAN_POINT('',(-0.0714542528808471,0.0637,0.0658244998480304));
#5302=CARTESIAN_POINT('',(-0.0709625097348865,0.0637,0.0656899254017048));
#5303=CARTESIAN_POINT('',(-0.0704700350737871,0.0637,0.0655579261199354));
#5304=CARTESIAN_POINT('',(-0.0699769862185184,0.0637,0.0654280014450878));
#5305=CARTESIAN_POINT('',(-0.0694616072267954,0.0637,0.0652921924938909));
#5306=CARTESIAN_POINT('',(-0.0689455929500212,0.0637,0.0651586465149634));
#5307=CARTESIAN_POINT('',(-0.0684291061047089,0.0637,0.0650267879662384));
#5308=CARTESIAN_POINT('',(-0.0679960904622766,0.0636999999999993,0.0649162395278715));
#5309=CARTESIAN_POINT('',(-0.0675627426568804,0.0636999999999991,0.0648068771739173));
#5310=CARTESIAN_POINT('',(-0.067129136607718,0.0637,0.0646984311606742));
#5311=CARTESIAN_POINT('',(-0.0665507653927716,0.0637,0.0645537789987482));
#5312=CARTESIAN_POINT('',(-0.0659719378982776,0.0637,0.0644107534805648));
#5313=CARTESIAN_POINT('',(-0.0653928334579642,0.0637,0.064268713349726));
#5314=CARTESIAN_POINT('',(-0.0650199354207888,0.0637,0.0641772505974091));
#5315=CARTESIAN_POINT('',(-0.0646469225529178,0.0637,0.0640861964214708));
#5316=CARTESIAN_POINT('',(-0.0642738377838226,0.0637,0.0639953986617576));
#5317=CARTESIAN_POINT('',(-0.063633155497438,0.0637,0.0638394756085792));
#5318=CARTESIAN_POINT('',(-0.0629922623590463,0.0636999999999993,0.0636843047164644));
#5319=CARTESIAN_POINT('',(-0.0623513732208033,0.0636999999999987,0.063529119309089));
#5320=CARTESIAN_POINT('',(-0.0620394756388945,0.0636999999999984,0.0634535961797056));
#5321=CARTESIAN_POINT('',(-0.061727579005045,0.0636999999999985,0.0633780696128169));
#5322=CARTESIAN_POINT('',(-0.0614157070775422,0.0636999999999991,0.0633024548764692));
#5323=CARTESIAN_POINT('',(-0.0607135681503476,0.0637,0.0631322181697405));
#5324=CARTESIAN_POINT('',(-0.0600115565473482,0.0637000000000009,0.0629615266648458));
#5325=CARTESIAN_POINT('',(-0.0593099472159727,0.063699999999999,0.0627894039460337));
#5326=CARTESIAN_POINT('',(-0.0590595667869347,0.0636999999999983,0.0627279792211104));
#5327=CARTESIAN_POINT('',(-0.0588092375892431,0.0636999999999971,0.0626663722266113));
#5328=CARTESIAN_POINT('',(-0.0585589724493032,0.0636999999999939,0.062604536881407));
#5329=CARTESIAN_POINT('',(-0.0577964576068359,0.0636999999999842,0.0624161352185997));
#5330=CARTESIAN_POINT('',(-0.0570345412187475,0.0636999999998818,0.0622256028210856));
#5331=CARTESIAN_POINT('',(-0.0562735746976131,0.0636999999998814,0.0620316815777141));
#5332=CARTESIAN_POINT('',(-0.0560849219762039,0.0636999999998813,0.0619836061771741));
#5333=CARTESIAN_POINT('',(-0.0558963276271367,0.0636999999998905,0.061935322495468));
#5334=CARTESIAN_POINT('',(-0.0557077978211599,0.0636999999999087,0.0618868093088656));
#5335=CARTESIAN_POINT('',(-0.0548862722923657,0.0636999999999877,0.0616754113229052));
#5336=CARTESIAN_POINT('',(-0.0540659611336833,0.0636999999999908,0.0614596011932399));
#5337=CARTESIAN_POINT('',(-0.0532474165436537,0.0636999999999936,0.0612375765777916));
#5338=CARTESIAN_POINT('',(-0.0522410081451727,0.0636999999999969,0.0609645951906096));
#5339=CARTESIAN_POINT('',(-0.0512372703227719,0.0637000000000078,0.060682219079153));
#5340=CARTESIAN_POINT('',(-0.0502372679746989,0.0636999999999233,0.0603864345696701));
#5341=CARTESIAN_POINT('',(-0.0501715280207928,0.0636999999999177,0.0603669897553084));
#5342=CARTESIAN_POINT('',(-0.0501058042101239,0.0636999999999116,0.0603474869960222));
#5343=CARTESIAN_POINT('',(-0.050040097059715,0.063699999999905,0.0603279249477805));
#5344=CARTESIAN_POINT('',(-0.0491063096562277,0.0636999999998105,0.0600499218062528));
#5345=CARTESIAN_POINT('',(-0.0481758601132969,0.0637000000000012,0.0597600309150697));
#5346=CARTESIAN_POINT('',(-0.0472499006925785,0.0636999999999984,0.0594541291131617));
#5347=CARTESIAN_POINT('',(-0.0472446628734702,0.0636999999999983,0.0594523987367894));
#5348=CARTESIAN_POINT('',(-0.0472394251981185,0.0636999999999983,0.0594506678479913));
#5349=CARTESIAN_POINT('',(-0.04723418766653,0.0636999999999983,0.0594489364456604));
#5350=CARTESIAN_POINT('',(-0.0465979112210903,0.063699999999996,0.0592385987126892));
#5351=CARTESIAN_POINT('',(-0.0459637589699152,0.0636999999999196,0.0590206854076555));
#5352=CARTESIAN_POINT('',(-0.04533221739325,0.0636999999999061,0.0587934897735324));
#5353=CARTESIAN_POINT('',(-0.0450395419959897,0.0636999999998999,0.058688200470453));
#5354=CARTESIAN_POINT('',(-0.0447474270579445,0.0636999999999309,0.0585809182229179));
#5355=CARTESIAN_POINT('',(-0.044455919706952,0.0636999999999695,0.0584714769162292));
#5356=CARTESIAN_POINT('',(-0.0444018642624849,0.0636999999999767,0.0584511827505556));
#5357=CARTESIAN_POINT('',(-0.0443478312924589,0.0636999999999818,0.0584308142543508));
#5358=CARTESIAN_POINT('',(-0.0442938193469131,0.0636999999999856,0.0584103697308902));
#5359=CARTESIAN_POINT('',(-0.0438879374258671,0.0637000000000144,0.0582567358935375));
#5360=CARTESIAN_POINT('',(-0.0434832413519199,0.0637,0.0580988134583322));
#5361=CARTESIAN_POINT('',(-0.043079900106319,0.0637,0.0579360381436412));
#5362=CARTESIAN_POINT('',(-0.0426999028390396,0.0637,0.0577826836939346));
#5363=CARTESIAN_POINT('',(-0.0423211020106822,0.0637,0.0576250099214305));
#5364=CARTESIAN_POINT('',(-0.0419447079900168,0.0637,0.0574629584771379));
#5365=CARTESIAN_POINT('',(-0.0418684204674383,0.0637,0.057430113897956));
#5366=CARTESIAN_POINT('',(-0.0417922317477108,0.0637,0.0573970896441088));
#5367=CARTESIAN_POINT('',(-0.0417161517891708,0.0637,0.0573638854752925));
#5368=CARTESIAN_POINT('',(-0.0416050718020794,0.0637,0.0573154059714352));
#5369=CARTESIAN_POINT('',(-0.0414942162756745,0.0637,0.0572665381108811));
#5370=CARTESIAN_POINT('',(-0.0413836002973005,0.063699999999999,0.057217274639413));
#5371=CARTESIAN_POINT('',(-0.0408134667593197,0.0636999999999925,0.0569633623412602));
#5372=CARTESIAN_POINT('',(-0.0402496958412692,0.0636999999997952,0.0566989439668096));
#5373=CARTESIAN_POINT('',(-0.0396930548621667,0.0636999999997556,0.0564221323607407));
#5374=CARTESIAN_POINT('',(-0.0394798443152824,0.0636999999997404,0.0563161050358947));
#5375=CARTESIAN_POINT('',(-0.0392676799638655,0.0636999999997746,0.0562082589917703));
#5376=CARTESIAN_POINT('',(-0.0390566055541509,0.0636999999998483,0.0560984861389723));
#5377=CARTESIAN_POINT('',(-0.038893725878988,0.0636999999999052,0.0560137777812438));
#5378=CARTESIAN_POINT('',(-0.0387315034126903,0.0636999999999362,0.0559279184214259));
#5379=CARTESIAN_POINT('',(-0.0385699684085405,0.0636999999999563,0.0558408621882574));
#5380=CARTESIAN_POINT('',(-0.0381113011222239,0.0637000000000135,0.0555936721353368));
#5381=CARTESIAN_POINT('',(-0.0376581768515317,0.0637,0.055336831834363));
#5382=CARTESIAN_POINT('',(-0.0372113737774803,0.0637,0.0550689532047604));
#5383=CARTESIAN_POINT('',(-0.0369759474382097,0.0637,0.0549278044777287));
#5384=CARTESIAN_POINT('',(-0.0367422760022356,0.0637,0.0547835912381837));
#5385=CARTESIAN_POINT('',(-0.0365105248843673,0.0637,0.0546361280006984));
#5386=CARTESIAN_POINT('',(-0.0363024475039953,0.0637,0.0545037283625032));
#5387=CARTESIAN_POINT('',(-0.0360958741927094,0.0636999999999991,0.0543686709586571));
#5388=CARTESIAN_POINT('',(-0.0358909266554237,0.0636999999999776,0.0542308271545652));
#5389=CARTESIAN_POINT('',(-0.0356888503659996,0.0636999999999563,0.0540949144970145));
#5390=CARTESIAN_POINT('',(-0.0354883546342959,0.0636999999999133,0.0539562929789899));
#5391=CARTESIAN_POINT('',(-0.0352894676193063,0.0636999999999025,0.0538147125736853));
#5392=CARTESIAN_POINT('',(-0.0350619892891138,0.06369999999989,0.0536527790548563));
#5393=CARTESIAN_POINT('',(-0.0348368244038151,0.0636999999999563,0.0534871326119767));
#5394=CARTESIAN_POINT('',(-0.0346139096771699,0.0636999999999816,0.0533173123633055));
#5395=CARTESIAN_POINT('',(-0.0344442611604789,0.0637000000000008,0.0531880712237688));
#5396=CARTESIAN_POINT('',(-0.0342759161423759,0.0637,0.0530564125354163));
#5397=CARTESIAN_POINT('',(-0.0341092330301305,0.0637,0.0529224546742615));
#5398=CARTESIAN_POINT('',(-0.0338652505417582,0.0637,0.052726373788434));
#5399=CARTESIAN_POINT('',(-0.0336244362206841,0.0636999999999625,0.0525250325373249));
#5400=CARTESIAN_POINT('',(-0.0333883133473658,0.0636999999999085,0.052319152179761));
#5401=CARTESIAN_POINT('',(-0.0332511597886864,0.0636999999998771,0.0521995651897111));
#5402=CARTESIAN_POINT('',(-0.0331155887005932,0.0636999999998768,0.0520784476036498));
#5403=CARTESIAN_POINT('',(-0.0329816903050324,0.063699999999929,0.0519558142939057));
#5404=CARTESIAN_POINT('',(-0.0327417781776333,0.0637000000000225,0.0517360863568569));
#5405=CARTESIAN_POINT('',(-0.0325074998656038,0.0637,0.051511663128235));
#5406=CARTESIAN_POINT('',(-0.0322788615237552,0.0637,0.0512821568371223));
#5407=CARTESIAN_POINT('',(-0.0322656329173726,0.0637,0.0512688780127443));
#5408=CARTESIAN_POINT('',(-0.0322524232016048,0.0637,0.0512555821621859));
#5409=CARTESIAN_POINT('',(-0.0322392323815318,0.0637,0.0512422692065126));
#5410=CARTESIAN_POINT('',(-0.0321341077145267,0.0637,0.051136171175893));
#5411=CARTESIAN_POINT('',(-0.0320301830283946,0.0637,0.0510289868872419));
#5412=CARTESIAN_POINT('',(-0.0319274666031427,0.0637,0.0509206726581196));
#5413=CARTESIAN_POINT('',(-0.0316699811610657,0.0637,0.0506491548643454));
#5414=CARTESIAN_POINT('',(-0.0314200767352727,0.063700000000005,0.0503705243460862));
#5415=CARTESIAN_POINT('',(-0.0311782141569838,0.0636999999999949,0.0500843647270389));
#5416=CARTESIAN_POINT('',(-0.0311022395638167,0.0636999999999918,0.0499944754155473));
#5417=CARTESIAN_POINT('',(-0.0310270585592277,0.0636999999999865,0.0499038431415155));
#5418=CARTESIAN_POINT('',(-0.0309526844277447,0.0636999999999741,0.0498124459212579));
#5419=CARTESIAN_POINT('',(-0.0307231797137232,0.0636999999999358,0.0495304111266414));
#5420=CARTESIAN_POINT('',(-0.0305014835158343,0.0636999999999886,0.0492413101190716));
#5421=CARTESIAN_POINT('',(-0.030288103470457,0.0636999999999973,0.0489446934383844));
#5422=CARTESIAN_POINT('',(-0.0302627836300237,0.0636999999999983,0.0489094966747341));
#5423=CARTESIAN_POINT('',(-0.0302375808493873,0.063699999999999,0.0488741941372629));
#5424=CARTESIAN_POINT('',(-0.0302124959480276,0.0637,0.0488387851162198));
#5425=CARTESIAN_POINT('',(-0.030162383842644,0.0637,0.0487680485177935));
#5426=CARTESIAN_POINT('',(-0.030112742186286,0.0637,0.048696886969662));
#5427=CARTESIAN_POINT('',(-0.0300636197686556,0.0637,0.0486253630178362));
#5428=CARTESIAN_POINT('',(-0.0299631742112058,0.0637,0.0484791107859893));
#5429=CARTESIAN_POINT('',(-0.0298647405280714,0.0636999999999963,0.0483311047662945));
#5430=CARTESIAN_POINT('',(-0.0297687948833445,0.0636999999999943,0.0481819676719844));
#5431=CARTESIAN_POINT('',(-0.0297305649554445,0.0636999999999935,0.0481225433971369));
#5432=CARTESIAN_POINT('',(-0.0296927299301761,0.0636999999999942,0.0480629396729778));
#5433=CARTESIAN_POINT('',(-0.0296552916136848,0.0636999999999963,0.0480031607950144));
#5434=CARTESIAN_POINT('',(-0.0295529187254774,0.0637000000000021,0.0478396989472487));
#5435=CARTESIAN_POINT('',(-0.0294536195175731,0.0637,0.0476750668363966));
#5436=CARTESIAN_POINT('',(-0.029357281757205,0.0637,0.0475091095113749));
#5437=CARTESIAN_POINT('',(-0.0293299684473774,0.0637,0.047462057931401));
#5438=CARTESIAN_POINT('',(-0.0293028932749598,0.0637,0.0474148997881231));
#5439=CARTESIAN_POINT('',(-0.0292760552990566,0.0637,0.0473676325106732));
#5440=CARTESIAN_POINT('',(-0.0290567503055886,0.0636999999999976,0.0469813906416968));
#5441=CARTESIAN_POINT('',(-0.0288532412332877,0.0636999999999974,0.0465878092358844));
#5442=CARTESIAN_POINT('',(-0.0286658805843228,0.0636999999999989,0.0461869062026537));
#5443=CARTESIAN_POINT('',(-0.0286552003161891,0.063699999999999,0.0461640532080992));
#5444=CARTESIAN_POINT('',(-0.0286445725085976,0.063699999999999,0.0461411764286286));
#5445=CARTESIAN_POINT('',(-0.0286339972222206,0.0636999999999991,0.0461182758698283));
#5446=CARTESIAN_POINT('',(-0.0286245293480068,0.0636999999999992,0.0460977733886265));
#5447=CARTESIAN_POINT('',(-0.0286151035712031,0.0636999999999993,0.0460772518475426));
#5448=CARTESIAN_POINT('',(-0.028605719959721,0.0636999999999993,0.0460567112824012));
#5449=CARTESIAN_POINT('',(-0.0284174386647575,0.0637,0.0456445667459955));
#5450=CARTESIAN_POINT('',(-0.0282461269420789,0.0637,0.0452247504372764));
#5451=CARTESIAN_POINT('',(-0.0280922156430623,0.0637,0.0447972400487961));
#5452=CARTESIAN_POINT('',(-0.0280795848520419,0.0637,0.0447621562413664));
#5453=CARTESIAN_POINT('',(-0.0280670712748668,0.0637,0.0447270206047542));
#5454=CARTESIAN_POINT('',(-0.0280546751641221,0.0637,0.0446918331204155));
#5455=CARTESIAN_POINT('',(-0.0280516863965676,0.0637,0.0446833492327119));
#5456=CARTESIAN_POINT('',(-0.0280487044569145,0.0636999999999993,0.0446748623022048));
#5457=CARTESIAN_POINT('',(-0.0280457293511532,0.0636999999999993,0.0446663723386536));
#5458=CARTESIAN_POINT('',(-0.0279673541526303,0.0636999999999985,0.0444427155572918));
#5459=CARTESIAN_POINT('',(-0.0278937238877744,0.0636999999999914,0.0442169530708916));
#5460=CARTESIAN_POINT('',(-0.0278248431421005,0.0636999999999971,0.0439887271336194));
#5461=CARTESIAN_POINT('',(-0.0278176346756463,0.0636999999999977,0.043964842969813));
#5462=CARTESIAN_POINT('',(-0.0278104791792099,0.0636999999999981,0.0439409342850167));
#5463=CARTESIAN_POINT('',(-0.027803376291815,0.0636999999999984,0.0439169995359785));
#5464=CARTESIAN_POINT('',(-0.0277517741544042,0.063700000000001,0.043743114728281));
#5465=CARTESIAN_POINT('',(-0.0277029447250945,0.0637,0.0435678558460955));
#5466=CARTESIAN_POINT('',(-0.0276570582674253,0.0637,0.0433918316920572));
#5467=CARTESIAN_POINT('',(-0.0276466157437377,0.0637,0.0433517733286206));
#5468=CARTESIAN_POINT('',(-0.0276363258421202,0.0637,0.0433116752823777));
#5469=CARTESIAN_POINT('',(-0.0276261909519111,0.063699999999999,0.0432715447001618));
#5470=CARTESIAN_POINT('',(-0.0276161400393461,0.0636999999999987,0.0432317466397282));
#5471=CARTESIAN_POINT('',(-0.0276062396011095,0.0636999999999984,0.043191909497705));
#5472=CARTESIAN_POINT('',(-0.0275964936245936,0.0636999999999981,0.0431520458888272));
#5473=CARTESIAN_POINT('',(-0.0275472845931798,0.0636999999999964,0.0429507679996051));
#5474=CARTESIAN_POINT('',(-0.0275020157433439,0.0636999999999971,0.0427488147123103));
#5475=CARTESIAN_POINT('',(-0.027460704023328,0.0636999999999989,0.0425466960406124));
#5476=CARTESIAN_POINT('',(-0.0274495955173865,0.0637,0.0424923473844786));
#5477=CARTESIAN_POINT('',(-0.0274387728069009,0.0637,0.0424379837904581));
#5478=CARTESIAN_POINT('',(-0.0274282350090777,0.0637,0.0423836101815661));
#5479=CARTESIAN_POINT('',(-0.0273918219662322,0.0637,0.042195723814466));
#5480=CARTESIAN_POINT('',(-0.0273588102134815,0.0637,0.042007718057483));
#5481=CARTESIAN_POINT('',(-0.027329114139397,0.0637,0.0418194341399979));
#5482=CARTESIAN_POINT('',(-0.0273184940028686,0.0637,0.0417520986092437));
#5483=CARTESIAN_POINT('',(-0.0273082987685799,0.0637,0.041684732670788));
#5484=CARTESIAN_POINT('',(-0.0272985251838345,0.0637,0.0416173329846941));
#5485=CARTESIAN_POINT('',(-0.0272616527431461,0.0637,0.0413630566886716));
#5486=CARTESIAN_POINT('',(-0.0272307824667415,0.0637,0.041108299914858));
#5487=CARTESIAN_POINT('',(-0.027205812793158,0.0637,0.0408531282406521));
#5488=CARTESIAN_POINT('',(-0.0271896755792347,0.0637,0.0406882177991897));
#5489=CARTESIAN_POINT('',(-0.0271760026281432,0.0637,0.040523134125669));
#5490=CARTESIAN_POINT('',(-0.0271647681879068,0.0637,0.0403578774470118));
#5491=CARTESIAN_POINT('',(-0.0271587220973798,0.0637,0.0402689404979212));
#5492=CARTESIAN_POINT('',(-0.0271533825164454,0.0637,0.0401799552091916));
#5493=CARTESIAN_POINT('',(-0.0271487451086085,0.0637,0.0400909207832442));
#5494=CARTESIAN_POINT('',(-0.027135565953469,0.0637,0.0398378918167217));
#5495=CARTESIAN_POINT('',(-0.0271280583041891,0.0637,0.0395844659995534));
#5496=CARTESIAN_POINT('',(-0.0271261454646931,0.0637,0.0393306437867476));
#5497=CARTESIAN_POINT('',(-0.0271250325508446,0.0637,0.0391829668612768));
#5498=CARTESIAN_POINT('',(-0.0271258134052957,0.0637,0.0390351557512768));
#5499=CARTESIAN_POINT('',(-0.0271284756988469,0.0637,0.0388872097585416));
#5500=CARTESIAN_POINT('',(-0.0271303637822263,0.0637,0.0387822873055619));
#5501=CARTESIAN_POINT('',(-0.0271331978861831,0.0637,0.0386772971358491));
#5502=CARTESIAN_POINT('',(-0.0271369734769903,0.0637,0.0385722395611327));
#5503=CARTESIAN_POINT('',(-0.0271460230752569,0.0637,0.0383204302696601));
#5504=CARTESIAN_POINT('',(-0.0271604818733593,0.0637,0.0380682337468288));
#5505=CARTESIAN_POINT('',(-0.0271802989131471,0.0637,0.0378156561380666));
#5506=CARTESIAN_POINT('',(-0.0271852365119185,0.0637,0.0377527240904923));
#5507=CARTESIAN_POINT('',(-0.0271905067251179,0.0637,0.0376897683842499));
#5508=CARTESIAN_POINT('',(-0.027196108901692,0.0637,0.0376267891228005));
#5509=CARTESIAN_POINT('',(-0.027201703626278,0.0637,0.0375638936360601));
#5510=CARTESIAN_POINT('',(-0.0272076294316929,0.0637,0.0375009746567393));
#5511=CARTESIAN_POINT('',(-0.027213885614275,0.0637,0.0374380322843631));
#5512=CARTESIAN_POINT('',(-0.0272148916355855,0.0637,0.0374279108777208));
#5513=CARTESIAN_POINT('',(-0.0272159061997585,0.0637,0.037417788866179));
#5514=CARTESIAN_POINT('',(-0.0272169293046863,0.0637,0.0374076662501974));
#5515=CARTESIAN_POINT('',(-0.0272658930911995,0.0637,0.0413801962239483));
#5516=CARTESIAN_POINT('',(-0.0301066875523925,0.0637,0.043763905808586));
#5517=CARTESIAN_POINT('',(-0.0241698431182205,0.0637,0.0387823018335153));
#5518=CARTESIAN_POINT('',(-0.0238484493133772,0.0637,0.0391653240550748));
#5519=CARTESIAN_POINT('',(-0.0234654270918178,0.0637,0.0388439302502315));
#5520=CARTESIAN_POINT('',(-0.0225012456772879,0.0637,0.0399929969149099));
#5521=CARTESIAN_POINT('',(-0.0215370642627581,0.0637,0.0411420635795884));
#5522=CARTESIAN_POINT('',(-0.0219200864843176,0.0637,0.0414634573844316));
#5523=CARTESIAN_POINT('',(-0.0215986926794744,0.0637,0.0418464796059912));
#5524=CARTESIAN_POINT('',(-0.0275355371136464,0.0637,0.0468280835810618));
#5525=CARTESIAN_POINT('',(-0.0484193808859086,0.0637,0.068104103319892));
#5526=CARTESIAN_POINT('',(-0.0484193808859086,0.0637,0.072354103319892));
#5527=CARTESIAN_POINT('',(-0.0665455366266416,0.0637,0.076556468554706));
#5528=CARTESIAN_POINT('',(-0.0665455366266416,0.0637,0.080806468554706));
#5529=CARTESIAN_POINT('',(-0.0760617683905264,0.0637,0.0809939603029834));
#5530=CARTESIAN_POINT('',(-0.0760617683905264,0.0637,0.0820189603029834));
#5531=CARTESIAN_POINT('',(-0.0759603241143077,0.0612,0.0587869564681942));
#5532=CARTESIAN_POINT('',(-0.0271433761656502,0.0612,0.0399809706230793));
#5533=CARTESIAN_POINT('',(-0.0267191978417346,0.0612,0.0400666143159663));
#5534=CARTESIAN_POINT('',(-0.0262930205432746,0.0612,0.0401409412476271));
#5535=CARTESIAN_POINT('',(-0.0258649739328931,0.0612,0.0402046854749043));
#5536=CARTESIAN_POINT('',(-0.0258649739328931,0.0612,0.0402046854749043));
#5537=CARTESIAN_POINT('',(-0.064412114429278,0.0612,0.0725495768483596));
#5538=CARTESIAN_POINT('',(-0.0277781980267226,0.0587,0.0398438471592565));
#5539=CARTESIAN_POINT('',(-0.0277781980267226,0.0612,0.0398438471592565));
#5540=CARTESIAN_POINT('',(-0.0271529619718,0.0587,0.0399878945246273));
#5541=CARTESIAN_POINT('',(-0.0271529619718,0.0612,0.0399878945246273));
#5542=CARTESIAN_POINT('',(-0.0265138371002856,0.0587,0.0401080574904491));
#5543=CARTESIAN_POINT('',(-0.0265138371002856,0.0612,0.0401080574904491));
#5544=CARTESIAN_POINT('',(-0.0258649739328931,0.0587,0.0402046854749043));
#5545=CARTESIAN_POINT('',(-0.0258649739328931,0.0612,0.0402046854749043));
#5546=CARTESIAN_POINT('',(-0.0258649739328931,0.05995,0.0402046854749043));
#5547=CARTESIAN_POINT('',(-0.0258649739328931,0.0587,0.0402046854749043));
#5548=CARTESIAN_POINT('',(-0.0277781979357599,0.058979687910815,0.0398438471802133));
#5549=CARTESIAN_POINT('',(-0.0277781979821858,0.0587,0.0398438471695173));
#5550=CARTESIAN_POINT('',(-0.0277781979821858,0.0587,0.0398438471695173));
#5551=CARTESIAN_POINT('',(-0.0271453177552236,0.0587,0.039989655664974));
#5552=CARTESIAN_POINT('',(-0.0265072389697615,0.0587,0.0401090400767411));
#5553=CARTESIAN_POINT('',(-0.0258649739328931,0.0587,0.0402046854749043));
#5554=CARTESIAN_POINT('',(-0.0500331321226001,0.0587,0.0629722023794871));
#5555=CARTESIAN_POINT('',(-0.00914458860500766,0.0587,0.063));
#5556=CARTESIAN_POINT('',(-0.00914458860500766,0.0587,0.0405));
#5557=CARTESIAN_POINT('',(-0.00914458860500766,0.0587,0.0557200339745911));
#5558=CARTESIAN_POINT('',(0.014353281747604,0.0587,0.0405));
#5559=CARTESIAN_POINT('',(-0.0218372240639066,0.0587,0.0405));
#5560=CARTESIAN_POINT('',(-0.0220766887424415,0.0587,0.040498964167274));
#5561=CARTESIAN_POINT('',(-0.0219968814061801,0.0587,0.0404996543216888));
#5562=CARTESIAN_POINT('',(-0.0219170598631955,0.0587,0.0405));
#5563=CARTESIAN_POINT('',(-0.0218372240639067,0.0587,0.0405));
#5564=CARTESIAN_POINT('',(-0.0220766887424414,0.0587,0.040498964167274));
#5565=CARTESIAN_POINT('',(-0.0225617080956753,0.0587,0.0399209406105799));
#5566=CARTESIAN_POINT('',(-0.0234654270918178,0.0587,0.0388439302502315));
#5567=CARTESIAN_POINT('',(-0.0238484493133772,0.0587,0.0391653240550748));
#5568=CARTESIAN_POINT('',(-0.0241698431182205,0.0587,0.0387823018335153));
#5569=CARTESIAN_POINT('',(-0.0512582449235858,0.0587,0.0615121697975793));
#5570=CARTESIAN_POINT('',(-0.031735426544763,0.0587,0.0392039140296408));
#5571=CARTESIAN_POINT('',(-0.0310662487009112,0.0587,0.0391780050934433));
#5572=CARTESIAN_POINT('',(-0.0297363273714761,0.0587,0.0393834018017516));
#5573=CARTESIAN_POINT('',(-0.0284317905680203,0.0587,0.0396932667780904));
#5574=CARTESIAN_POINT('',(-0.0277781979821856,0.0587,0.0398438471695173));
#5575=CARTESIAN_POINT('',(-0.0396610369010041,0.0587,0.0525644224064435));
#5576=CARTESIAN_POINT('',(-0.0397960584591416,0.0587,0.0523094927846269));
#5577=CARTESIAN_POINT('',(-0.0399642098004637,0.0587,0.0517339116955629));
#5578=CARTESIAN_POINT('',(-0.0396747330650568,0.0587,0.0511726194537389));
#5579=CARTESIAN_POINT('',(-0.0394264436075406,0.0587,0.0510214881951818));
#5580=CARTESIAN_POINT('',(-0.0396610369010041,0.0587,0.0525644224064435));
#5581=CARTESIAN_POINT('',(-0.0425330735743046,0.0587,0.0540855750441551));
#5582=CARTESIAN_POINT('',(-0.0455565828854346,0.0587,0.0552775865564779));
#5583=CARTESIAN_POINT('',(-0.0469043395401984,0.0587,0.0544600822967984));
#5584=CARTESIAN_POINT('',(-0.0466272554780812,0.0587,0.054360467872622));
#5585=CARTESIAN_POINT('',(-0.0459993707553234,0.0587,0.0544950432626587));
#5586=CARTESIAN_POINT('',(-0.0456638835363965,0.0587,0.0550054209658612));
#5587=CARTESIAN_POINT('',(-0.0455565828854347,0.0587,0.0552775865564779));
#5588=CARTESIAN_POINT('',(-0.0469043395401983,0.0587,0.0544600822967984));
#5589=CARTESIAN_POINT('',(-0.0851293411194673,0.0587,0.0659762700065402));
#5590=CARTESIAN_POINT('',(-0.0836681261625074,0.0587,0.0651607346450893));
#5591=CARTESIAN_POINT('',(-0.0805953981108574,0.0587,0.0638201246634707));
#5592=CARTESIAN_POINT('',(-0.0742634710718361,0.0587,0.0617253830356075));
#5593=CARTESIAN_POINT('',(-0.0661882625762112,0.0587,0.0596930370312393));
#5594=CARTESIAN_POINT('',(-0.056456221157322,0.0587,0.0573907476101915));
#5595=CARTESIAN_POINT('',(-0.0500448944926722,0.0587,0.0555891424484165));
#5596=CARTESIAN_POINT('',(-0.0469043395401869,0.0587,0.0544600822967943));
#5597=CARTESIAN_POINT('',(-0.0851293411194691,0.0587,0.0659762700065413));
#5598=CARTESIAN_POINT('',(-0.0851157228632501,0.0587,0.067703998162306));
#5599=CARTESIAN_POINT('',(-0.0853503189979127,0.0587,0.0674626827420421));
#5600=CARTESIAN_POINT('',(-0.0856244665828746,0.0587,0.0670027903028334));
#5601=CARTESIAN_POINT('',(-0.0855195823915587,0.0587,0.0663137839946718));
#5602=CARTESIAN_POINT('',(-0.0852774164288381,0.0587,0.0660589140079408));
#5603=CARTESIAN_POINT('',(-0.0851293411194692,0.0587,0.0659762700065413));
#5604=CARTESIAN_POINT('',(-0.0851157228632501,0.0587,0.067703998162306));
#5605=CARTESIAN_POINT('',(-0.0874460339546204,0.0587,0.0699694231152535));
#5606=CARTESIAN_POINT('',(-0.0887282511198849,0.0587,0.0729557953527853));
#5607=CARTESIAN_POINT('',(-0.0904136629076282,0.0587,0.0737613717526871));
#5608=CARTESIAN_POINT('',(-0.0904413715197891,0.0587,0.0735679470897656));
#5609=CARTESIAN_POINT('',(-0.0903711378447023,0.0587,0.0731622828610435));
#5610=CARTESIAN_POINT('',(-0.0898725055806522,0.0587,0.0727927257392887));
#5611=CARTESIAN_POINT('',(-0.0892790759578671,0.0587,0.072766007210998));
#5612=CARTESIAN_POINT('',(-0.0889066153604215,0.0587,0.0728792135764035));
#5613=CARTESIAN_POINT('',(-0.0887282511198848,0.0587,0.0729557953527846));
#5614=CARTESIAN_POINT('',(-0.0675893152769141,0.0587,0.0912352596298133));
#5615=CARTESIAN_POINT('',(-0.0675652959442752,0.0587,0.0915234420341893));
#5616=CARTESIAN_POINT('',(-0.0676373884331945,0.0587,0.0921204650677531));
#5617=CARTESIAN_POINT('',(-0.0681270303199719,0.0587,0.092522374395701));
#5618=CARTESIAN_POINT('',(-0.0684156448096711,0.0587,0.0925624014649504));
#5619=CARTESIAN_POINT('',(-0.0675893152769141,0.0587,0.0912352596298133));
#5620=CARTESIAN_POINT('',(-0.0643505454063416,0.0587,0.0909653156995773));
#5621=CARTESIAN_POINT('',(-0.0612457808011424,0.0587,0.090004619729823));
#5622=CARTESIAN_POINT('',(-0.0599769485041174,0.0587,0.0909249212843504));
#5623=CARTESIAN_POINT('',(-0.0602597107698641,0.0587,0.0909980437612244));
#5624=CARTESIAN_POINT('',(-0.0608672518032413,0.0587,0.0908117497277561));
#5625=CARTESIAN_POINT('',(-0.0611599917985868,0.0587,0.090281871500451));
#5626=CARTESIAN_POINT('',(-0.0612457808011423,0.0587,0.090004619729823));
#5627=CARTESIAN_POINT('',(-0.0599769485041174,0.0587,0.0909249212843504));
#5628=CARTESIAN_POINT('',(-0.0138151127536938,0.0587,0.0633870300778483));
#5629=CARTESIAN_POINT('',(-0.0177614897483252,0.0587,0.0655734331667141));
#5630=CARTESIAN_POINT('',(-0.0235241350402379,0.0586999999999999,0.0691398213588136));
#5631=CARTESIAN_POINT('',(-0.0308558457609201,0.0587,0.0743766327227069));
#5632=CARTESIAN_POINT('',(-0.0380532580225579,0.0586999999999999,0.0798115887012279));
#5633=CARTESIAN_POINT('',(-0.0453339024461341,0.0587,0.0851154735869146));
#5634=CARTESIAN_POINT('',(-0.0534275686747243,0.0587000000000001,0.0889681513568824));
#5635=CARTESIAN_POINT('',(-0.0577878531260825,0.0587,0.0903588200199805));
#5636=CARTESIAN_POINT('',(-0.0599769485041172,0.0587,0.0909249212843504));
#5637=CARTESIAN_POINT('',(-0.0138151127536939,0.0587,0.0633870300778483));
#5638=CARTESIAN_POINT('',(-0.0136749208170613,0.0587,0.0617381082891585));
#5639=CARTESIAN_POINT('',(-0.0134909096130389,0.0587,0.0619931699245168));
#5640=CARTESIAN_POINT('',(-0.0132269336078163,0.0587,0.0626045133437805));
#5641=CARTESIAN_POINT('',(-0.0135379317242924,0.0587,0.0632334640450838));
#5642=CARTESIAN_POINT('',(-0.0138151127536938,0.0587,0.0633870300778483));
#5643=CARTESIAN_POINT('',(-0.0136749208170613,0.0587,0.0617381082891585));
#5644=CARTESIAN_POINT('',(-0.0110392328351736,0.0587,0.0598366223275662));
#5645=CARTESIAN_POINT('',(-0.0105506056833501,0.0587,0.056623564048216));
#5646=CARTESIAN_POINT('',(-0.00914458860500766,0.0587,0.0557200339745911));
#5647=CARTESIAN_POINT('',(-0.00914458860500765,0.0587,0.0560409857784448));
#5648=CARTESIAN_POINT('',(-0.00955871470061628,0.0587,0.0566264863119109));
#5649=CARTESIAN_POINT('',(-0.0102351813832225,0.0587,0.0566715323276518));
#5650=CARTESIAN_POINT('',(-0.0105506056833501,0.0587,0.056623564048216));
#5651=CARTESIAN_POINT('',(-0.00633815083678753,0.0587,0.062637229814606));
#5652=CARTESIAN_POINT('',(-0.00930105498010541,0.0587,0.0641050917195975));
#5653=CARTESIAN_POINT('',(-0.0151229944703503,0.0587,0.06722120740453));
#5654=CARTESIAN_POINT('',(-0.023516551648527,0.0587,0.0725168424061946));
#5655=CARTESIAN_POINT('',(-0.0315278788895616,0.0586999999999998,0.0783591592505245));
#5656=CARTESIAN_POINT('',(-0.0380991898997208,0.0587,0.0833788672422048));
#5657=CARTESIAN_POINT('',(-0.043600203493959,0.0587,0.0870432715693856));
#5658=CARTESIAN_POINT('',(-0.0493859242062855,0.0587,0.0903061761736245));
#5659=CARTESIAN_POINT('',(-0.0569480749207763,0.0587,0.0932731420346879));
#5660=CARTESIAN_POINT('',(-0.0665425310125261,0.0587,0.0953060585475158));
#5661=CARTESIAN_POINT('',(-0.0731267690736076,0.0587,0.0959605907635423));
#5662=CARTESIAN_POINT('',(-0.0764168811401909,0.0587,0.0961704708550828));
#5663=CARTESIAN_POINT('',(-0.0063381526515806,0.0586999970954039,0.0626372261514154));
#5664=CARTESIAN_POINT('',(-0.0764168973649596,0.0587,0.0961704686049624));
#5665=CARTESIAN_POINT('',(-0.0764168973649596,0.0587,0.0961704686049624));
#5666=CARTESIAN_POINT('',(-0.0780411751293653,0.0587,0.0947552234679269));
#5667=CARTESIAN_POINT('',(-0.0812271804783782,0.0586999999999999,0.0918609778288969));
#5668=CARTESIAN_POINT('',(-0.085731744699458,0.0587,0.0872584896920003));
#5669=CARTESIAN_POINT('',(-0.0891487896135545,0.0587000000000001,0.0830581266102579));
#5670=CARTESIAN_POINT('',(-0.0914112011772661,0.0586999999999999,0.0794082054376155));
#5671=CARTESIAN_POINT('',(-0.0927557029717332,0.0587,0.0764375754546116));
#5672=CARTESIAN_POINT('',(-0.0934689564157928,0.0587,0.0732410146883385));
#5673=CARTESIAN_POINT('',(-0.0930664702459989,0.0587,0.0699604445680614));
#5674=CARTESIAN_POINT('',(-0.0913677855966061,0.0586999999999999,0.06713716418914));
#5675=CARTESIAN_POINT('',(-0.0889246852644668,0.0587000000000001,0.0649664385923279));
#5676=CARTESIAN_POINT('',(-0.0861840189857952,0.0586999999999999,0.0632857443111747));
#5677=CARTESIAN_POINT('',(-0.0822691344387042,0.0587000000000001,0.0614470313787125));
#5678=CARTESIAN_POINT('',(-0.0771979653585963,0.0587,0.059698055140839));
#5679=CARTESIAN_POINT('',(-0.0709774423376397,0.0587,0.0579923224354023));
#5680=CARTESIAN_POINT('',(-0.0647061040931903,0.0587,0.0564663598422942));
#5681=CARTESIAN_POINT('',(-0.0584331677810259,0.0587000000000001,0.0549546714704456));
#5682=CARTESIAN_POINT('',(-0.0521945516087344,0.0587,0.0532953683488943));
#5683=CARTESIAN_POINT('',(-0.0470811622904484,0.0587,0.0516185905760135));
#5684=CARTESIAN_POINT('',(-0.0431253412835137,0.0587,0.0499017609488597));
#5685=CARTESIAN_POINT('',(-0.0403201007239432,0.0587,0.0483590509685836));
#5686=CARTESIAN_POINT('',(-0.0377208427629159,0.0587,0.0464084197953585));
#5687=CARTESIAN_POINT('',(-0.0359681243558857,0.0587,0.0443021988289968));
#5688=CARTESIAN_POINT('',(-0.0350471795340381,0.0587000000000001,0.0423673569761937));
#5689=CARTESIAN_POINT('',(-0.0346264766757403,0.0587,0.0407887052932129));
#5690=CARTESIAN_POINT('',(-0.0344926165894248,0.0587000000000001,0.0391738820052249));
#5691=CARTESIAN_POINT('',(-0.034600468516545,0.0587,0.0380940459284838));
#5692=CARTESIAN_POINT('',(-0.0346661438199133,0.0587,0.0375537899897674));
#5693=CARTESIAN_POINT('',(-0.0346661438199128,0.0587,0.0375537899897673));
#5694=CARTESIAN_POINT('',(-0.0346661438199128,0.0587,0.0374590783169276));
#5695=CARTESIAN_POINT('',(-0.0346661438199128,0.0587,0.0371002935465214));
#5696=CARTESIAN_POINT('',(-0.0337839447396617,0.0587,0.0371002935465214));
#5697=CARTESIAN_POINT('',(-0.0337839447396617,0.0587,0.0371002935465214));
#5698=CARTESIAN_POINT('',(-0.0264436828321069,0.0587,0.0375837284547927));
#5699=CARTESIAN_POINT('',(-0.0267031320706276,0.0587,0.0375253203631702));
#5700=CARTESIAN_POINT('',(-0.0275990840825085,0.0587,0.0373214017830868));
#5701=CARTESIAN_POINT('',(-0.0286286503443754,0.0587,0.0370769150734255));
#5702=CARTESIAN_POINT('',(-0.0295500804211215,0.0587,0.0369005667002153));
#5703=CARTESIAN_POINT('',(-0.0301635675279489,0.0587,0.0367987219147429));
#5704=CARTESIAN_POINT('',(-0.0309034198906149,0.0587,0.0367120279081447));
#5705=CARTESIAN_POINT('',(-0.0316042945251753,0.0587,0.0366917770480558));
#5706=CARTESIAN_POINT('',(-0.0321374503545932,0.0587,0.036720456507448));
#5707=CARTESIAN_POINT('',(-0.0326379522998712,0.0587,0.036776856021015));
#5708=CARTESIAN_POINT('',(-0.0332075563592163,0.0587,0.036895475493468));
#5709=CARTESIAN_POINT('',(-0.0336038857365899,0.0587,0.0370291023116114));
#5710=CARTESIAN_POINT('',(-0.0337839447447293,0.0587,0.037100293548525));
#5711=CARTESIAN_POINT('',(-0.0337983494653804,0.0587,0.0371059888474781));
#5712=CARTESIAN_POINT('',(-0.0338127541860316,0.0587,0.0371116841464312));
#5713=CARTESIAN_POINT('',(-0.0338271589066828,0.0587,0.0371173794453842));
#5714=CARTESIAN_POINT('',(-0.0339726465852594,0.0587,0.0371749019648104));
#5715=CARTESIAN_POINT('',(-0.034118134263836,0.0587,0.0372324244842365));
#5716=CARTESIAN_POINT('',(-0.0342636219424126,0.0587,0.0372899470036627));
#5717=CARTESIAN_POINT('',(-0.0272169292632801,0.0587,0.037407666259737));
#5718=CARTESIAN_POINT('',(-0.0277194764086789,0.0587,0.0372857705126881));
#5719=CARTESIAN_POINT('',(-0.0275532605556299,0.0587,0.037327960445271));
#5720=CARTESIAN_POINT('',(-0.0257119786978815,0.0587,0.0377765785873394));
#5721=CARTESIAN_POINT('',(-0.0234983470417529,0.0587,0.0380203110375146));
#5722=CARTESIAN_POINT('',(-0.0214680966150399,0.0587,0.0379979688962485));
#5723=CARTESIAN_POINT('',(-0.0212835212899476,0.0587,0.0379943331031966));
#5724=CARTESIAN_POINT('',(-0.0218372240639029,0.0587,0.038));
#5725=CARTESIAN_POINT('',(0.014353281747604,0.0587,0.038));
#5726=CARTESIAN_POINT('',(-0.00633816234655844,0.0587,0.038));
#5727=CARTESIAN_POINT('',(-0.00633816234655844,0.0587,0.063));
#5728=CARTESIAN_POINT('',(-0.00633785038960791,0.0587001310602153,0.0423998906356586));
#5729=CARTESIAN_POINT('',(-0.00761673253014151,0.0587,0.043980385352207));
#5730=CARTESIAN_POINT('',(-0.00634253862151801,0.0587000000561806,0.0426597610901926));
#5731=CARTESIAN_POINT('',(-0.00634255008647074,0.0587,0.0426598989156601));
#5732=CARTESIAN_POINT('',(-0.00633962210905615,0.0587,0.0426898990265369));
#5733=CARTESIAN_POINT('',(-0.00633816234655844,0.0587,0.0427199327858875));
#5734=CARTESIAN_POINT('',(-0.00633816234655844,0.0587,0.04275));
#5735=CARTESIAN_POINT('',(-0.00633816234655844,0.0587,0.04275));
#5736=CARTESIAN_POINT('',(-0.00633816234655844,0.0587,0.063));
#5737=CARTESIAN_POINT('',(-0.0643505454063416,0.0587,0.0909653156995773));
#5738=CARTESIAN_POINT('',(-0.0643505454063416,0.0587,0.0923153156995773));
#5739=CARTESIAN_POINT('',(-0.0110392328351736,0.0587,0.0598366223275662));
#5740=CARTESIAN_POINT('',(-0.0110392328351736,0.0587,0.0611866223275662));
#5741=CARTESIAN_POINT('',(-0.0425330735743046,0.0587,0.0540855750441551));
#5742=CARTESIAN_POINT('',(-0.0425330735743046,0.0587,0.0554355750441551));
#5743=CARTESIAN_POINT('',(-0.0874460339546204,0.0587,0.0699694231152535));
#5744=CARTESIAN_POINT('',(-0.0874460339546204,0.0587,0.0713194231152535));
#5745=CARTESIAN_POINT('',(-0.0759603241143077,0.0637,0.0587869564681942));
#5746=CARTESIAN_POINT('',(-0.0137543608328767,0.0637,0.0581089312098297));
#5747=CARTESIAN_POINT('',(-0.0142900456089542,0.0637,0.058393903307893));
#5748=CARTESIAN_POINT('',(-0.014823874797889,0.0637,0.0586819102867576));
#5749=CARTESIAN_POINT('',(-0.0153558167287036,0.0637,0.0589730109641437));
#5750=CARTESIAN_POINT('',(-0.0160665295349245,0.0637,0.0593619424758994));
#5751=CARTESIAN_POINT('',(-0.0167738734528575,0.0637000000000035,0.0597563964753113));
#5752=CARTESIAN_POINT('',(-0.0174778036483757,0.0636999999999759,0.0601564939451904));
#5753=CARTESIAN_POINT('',(-0.018181809142655,0.0636999999999483,0.0605566342131252));
#5754=CARTESIAN_POINT('',(-0.0188824001872707,0.063699999999901,0.0609624191540821));
#5755=CARTESIAN_POINT('',(-0.0195795642161723,0.0636999999996363,0.0613739286573031));
#5756=CARTESIAN_POINT('',(-0.0201200831101065,0.0636999999994311,0.0616929764743208));
#5757=CARTESIAN_POINT('',(-0.0206585419821814,0.0636999999990954,0.0620154653863692));
#5758=CARTESIAN_POINT('',(-0.0211949270414814,0.0636999999983845,0.0623414053062245));
#5759=CARTESIAN_POINT('',(-0.0213504138975443,0.0636999999981784,0.0624358884998277));
#5760=CARTESIAN_POINT('',(-0.0215057244731552,0.0636999999979798,0.0625306581384557));
#5761=CARTESIAN_POINT('',(-0.021660858148162,0.0636999999977993,0.0626257143203447));
#5762=CARTESIAN_POINT('',(-0.0230418005932696,0.0636999999961922,0.0634718692008672));
#5763=CARTESIAN_POINT('',(-0.0244087261465288,0.0636999999969592,0.0643407303334525));
#5764=CARTESIAN_POINT('',(-0.0257624394700884,0.0636999999981433,0.0652316928906419));
#5765=CARTESIAN_POINT('',(-0.0266408873322422,0.0636999999989117,0.0658098538202868));
#5766=CARTESIAN_POINT('',(-0.0275137714325349,0.0636999999995846,0.0663973211365335));
#5767=CARTESIAN_POINT('',(-0.0283810570080034,0.0636999999998321,0.0669928783275777));
#5768=CARTESIAN_POINT('',(-0.0288507924705073,0.0636999999999661,0.0673154414376946));
#5769=CARTESIAN_POINT('',(-0.0293189949986353,0.0636999999999816,0.067640460020699));
#5770=CARTESIAN_POINT('',(-0.0297856280949212,0.0636999999999921,0.0679677156961872));
#5771=CARTESIAN_POINT('',(-0.0304881916498893,0.0637000000000079,0.0684604323778468));
#5772=CARTESIAN_POINT('',(-0.0311871973065905,0.0637,0.0689582204272332));
#5773=CARTESIAN_POINT('',(-0.0318832129378086,0.0637,0.0694600445687709));
#5774=CARTESIAN_POINT('',(-0.0325028732809443,0.0637,0.0699068168908162));
#5775=CARTESIAN_POINT('',(-0.0331201254167101,0.0637,0.0703567598020745));
#5776=CARTESIAN_POINT('',(-0.0337355063449535,0.0637,0.0708092479793806));
#5777=CARTESIAN_POINT('',(-0.0342191278621356,0.0637,0.0711648537656054));
#5778=CARTESIAN_POINT('',(-0.0347015936192774,0.0637,0.0715220316482917));
#5779=CARTESIAN_POINT('',(-0.0351833460929077,0.0637,0.0718802343609419));
#5780=CARTESIAN_POINT('',(-0.0358474218244796,0.0637,0.0723740018898591));
#5781=CARTESIAN_POINT('',(-0.0365101496600698,0.0637,0.0728697226010559));
#5782=CARTESIAN_POINT('',(-0.037172538267186,0.0637,0.0733658506806578));
#5783=CARTESIAN_POINT('',(-0.0373279240777785,0.0637,0.0734822344212271));
#5784=CARTESIAN_POINT('',(-0.037483291203251,0.0637,0.0735986405590393));
#5785=CARTESIAN_POINT('',(-0.0376386526517588,0.0637,0.0737150491252573));
#5786=CARTESIAN_POINT('',(-0.0380147328701373,0.0637,0.0739968369138293));
#5787=CARTESIAN_POINT('',(-0.0383907798439409,0.0637,0.0742786389033786));
#5788=CARTESIAN_POINT('',(-0.0387670928884034,0.0637,0.0745600068530999));
#5789=CARTESIAN_POINT('',(-0.0396897855824769,0.0637,0.0752499009595483));
#5790=CARTESIAN_POINT('',(-0.0406140672253152,0.0636999999997666,0.0759372591553833));
#5791=CARTESIAN_POINT('',(-0.0415453104989079,0.0636999999997745,0.0766160208699169));
#5792=CARTESIAN_POINT('',(-0.0417681357711148,0.0636999999997764,0.0767784330645532));
#5793=CARTESIAN_POINT('',(-0.0419913597650963,0.0636999999998091,0.0769403528242263));
#5794=CARTESIAN_POINT('',(-0.0422150810049111,0.0636999999998623,0.0771016748191576));
#5795=CARTESIAN_POINT('',(-0.0426492715816603,0.0636999999999655,0.0774147630627215));
#5796=CARTESIAN_POINT('',(-0.0430850438392688,0.0636999999999808,0.0777254220479952));
#5797=CARTESIAN_POINT('',(-0.0435230871798932,0.0636999999999895,0.0780328852918911));
#5798=CARTESIAN_POINT('',(-0.0441871522436727,0.0637000000000027,0.0784989935047829));
#5799=CARTESIAN_POINT('',(-0.044856435768412,0.0637000000000071,0.0789577578967423));
#5800=CARTESIAN_POINT('',(-0.0455310225442246,0.0636999999999639,0.0794047173001922));
#5801=CARTESIAN_POINT('',(-0.0455989645733311,0.0636999999999595,0.079449733493642));
#5802=CARTESIAN_POINT('',(-0.0456669604071113,0.0636999999999545,0.0794946299290651));
#5803=CARTESIAN_POINT('',(-0.0457350116484159,0.0636999999999486,0.0795394038730302));
#5804=CARTESIAN_POINT('',(-0.0465598740157317,0.0636999999998773,0.0800821175797179));
#5805=CARTESIAN_POINT('',(-0.0473932113950349,0.0636999999998508,0.0806070114329827));
#5806=CARTESIAN_POINT('',(-0.0482373021401154,0.0636999999998966,0.0811088212880793));
#5807=CARTESIAN_POINT('',(-0.0486103595413774,0.0636999999999169,0.0813306029881644));
#5808=CARTESIAN_POINT('',(-0.0489855171959437,0.0636999999999443,0.081547876160651));
#5809=CARTESIAN_POINT('',(-0.0493629703899605,0.0636999999999654,0.0817601895592455));
#5810=CARTESIAN_POINT('',(-0.0494599236694484,0.0636999999999709,0.0818147247455925));
#5811=CARTESIAN_POINT('',(-0.0495570264499399,0.0636999999999672,0.0818689357712912));
#5812=CARTESIAN_POINT('',(-0.0496542829608686,0.0636999999999513,0.0819228147414435));
#5813=CARTESIAN_POINT('',(-0.0503506105184105,0.0636999999998377,0.0823085720684411));
#5814=CARTESIAN_POINT('',(-0.0510548215466195,0.0636999999967729,0.0826773104401062));
#5815=CARTESIAN_POINT('',(-0.0517674782729303,0.0636999999937508,0.0830279326884682));
#5816=CARTESIAN_POINT('',(-0.0522195952039915,0.0636999999918336,0.0832503711346916));
#5817=CARTESIAN_POINT('',(-0.0526751105975514,0.0636999999919579,0.0834655175888652));
#5818=CARTESIAN_POINT('',(-0.0531341592790258,0.0636999999953113,0.0836730851731126));
#5819=CARTESIAN_POINT('',(-0.0534097169411028,0.0636999999973243,0.0837976838062129));
#5820=CARTESIAN_POINT('',(-0.0536865290932725,0.0636999999982963,0.0839195983758333));
#5821=CARTESIAN_POINT('',(-0.0539646148181513,0.0636999999988913,0.0840387748379455));
#5822=CARTESIAN_POINT('',(-0.0547003904382231,0.0637000000004655,0.0843540989537259));
#5823=CARTESIAN_POINT('',(-0.0554450828916688,0.0636999999999893,0.0846502538878634));
#5824=CARTESIAN_POINT('',(-0.0561983244721944,0.0636999999999503,0.0849278979848614));
#5825=CARTESIAN_POINT('',(-0.0564866201071721,0.0636999999999353,0.0850341634690186));
#5826=CARTESIAN_POINT('',(-0.0567761679425894,0.0636999999999008,0.085137717429611));
#5827=CARTESIAN_POINT('',(-0.0570669356158232,0.0636999999998246,0.085238612699022));
#5828=CARTESIAN_POINT('',(-0.0575359343331932,0.0636999999997015,0.0854013534583923));
#5829=CARTESIAN_POINT('',(-0.0580081388907569,0.063699999999899,0.0855571351904133));
#5830=CARTESIAN_POINT('',(-0.0584835507249444,0.0636999999999612,0.0857062822041864));
#5831=CARTESIAN_POINT('',(-0.0586860821314197,0.0636999999999877,0.0857698207034386));
#5832=CARTESIAN_POINT('',(-0.0588891957796894,0.0636999999999951,0.0858321549231426));
#5833=CARTESIAN_POINT('',(-0.0590928924520739,0.0636999999999969,0.0858933165880371));
#5834=CARTESIAN_POINT('',(-0.0595871958351978,0.0637000000000014,0.0860417353988155));
#5835=CARTESIAN_POINT('',(-0.0600848352137521,0.0637,0.086183187068338));
#5836=CARTESIAN_POINT('',(-0.0605852262470994,0.0637,0.0863179208646655));
#5837=CARTESIAN_POINT('',(-0.0606625843180163,0.0636999999999993,0.0863387500679817));
#5838=CARTESIAN_POINT('',(-0.0607400081093397,0.0636999999999992,0.0863594188076931));
#5839=CARTESIAN_POINT('',(-0.060817495415384,0.0636999999999989,0.0863799281029064));
#5840=CARTESIAN_POINT('',(-0.0609301753590572,0.0636999999999984,0.086409752165032));
#5841=CARTESIAN_POINT('',(-0.0610429896059874,0.0636999999999978,0.0864392390562901));
#5842=CARTESIAN_POINT('',(-0.0611558941036538,0.0636999999999968,0.0864683839564333));
#5843=CARTESIAN_POINT('',(-0.0614365828910556,0.0636999999999941,0.0865408402965191));
#5844=CARTESIAN_POINT('',(-0.0617182266270326,0.0636999999999945,0.0866112803970945));
#5845=CARTESIAN_POINT('',(-0.0620001989961452,0.063699999999996,0.0866796292693231));
#5846=CARTESIAN_POINT('',(-0.0623948859622095,0.063699999999998,0.0867752996681594));
#5847=CARTESIAN_POINT('',(-0.0627902157510132,0.0637,0.0868668721319588));
#5848=CARTESIAN_POINT('',(-0.0631862894368105,0.0636999999999986,0.0869546525281141));
#5849=CARTESIAN_POINT('',(-0.0632056379553871,0.0636999999999986,0.0869589406711707));
#5850=CARTESIAN_POINT('',(-0.0632249882495582,0.0636999999999985,0.0869632197669026));
#5851=CARTESIAN_POINT('',(-0.0632443403038565,0.0636999999999984,0.0869674898401897));
#5852=CARTESIAN_POINT('',(-0.0638583032757076,0.0636999999999956,0.0871029621184797));
#5853=CARTESIAN_POINT('',(-0.064473306070484,0.0637,0.0872291687712117));
#5854=CARTESIAN_POINT('',(-0.065089665358363,0.0636999999999991,0.0873471161704972));
#5855=CARTESIAN_POINT('',(-0.065174545283559,0.063699999999999,0.0873633589149894));
#5856=CARTESIAN_POINT('',(-0.0652594509456923,0.0636999999999988,0.0873794449471598));
#5857=CARTESIAN_POINT('',(-0.0653443831822328,0.0636999999999984,0.0873953768223135));
#5858=CARTESIAN_POINT('',(-0.0654181474365772,0.0636999999999981,0.0874092137697306));
#5859=CARTESIAN_POINT('',(-0.0654919318248549,0.0636999999999977,0.0874229342101317));
#5860=CARTESIAN_POINT('',(-0.0655657358810171,0.0636999999999974,0.0874365395936694));
#5861=CARTESIAN_POINT('',(-0.0663596066573993,0.063699999999994,0.087582885430926));
#5862=CARTESIAN_POINT('',(-0.0671557533177089,0.063699999999997,0.0877159151070387));
#5863=CARTESIAN_POINT('',(-0.0679538381890402,0.0636999999999988,0.087837238641319));
#5864=CARTESIAN_POINT('',(-0.0684931108445636,0.0637,0.0879192179731658));
#5865=CARTESIAN_POINT('',(-0.0690332683829106,0.0637,0.0879958535785737));
#5866=CARTESIAN_POINT('',(-0.0695741961755003,0.0637,0.0880675705127581));
#5867=CARTESIAN_POINT('',(-0.0698324575300551,0.0637,0.0881018111504563));
#5868=CARTESIAN_POINT('',(-0.0700908962535748,0.0637,0.088134930484196));
#5869=CARTESIAN_POINT('',(-0.0703495057837651,0.0637,0.0881669757365933));
#5870=CARTESIAN_POINT('',(-0.0711486937287373,0.0637,0.088266006036794));
#5871=CARTESIAN_POINT('',(-0.0719495129978455,0.0637,0.088354777807594));
#5872=CARTESIAN_POINT('',(-0.0727518087566961,0.0637,0.088434472387661));
#5873=CARTESIAN_POINT('',(-0.0731132057364305,0.0637,0.0884703710948643));
#5874=CARTESIAN_POINT('',(-0.0734749022894802,0.0637,0.0885044281376829));
#5875=CARTESIAN_POINT('',(-0.0738368851573847,0.0637,0.0885367378642849));
#5876=CARTESIAN_POINT('',(-0.0137543608328163,0.0637,0.0581089312099431));
#5877=CARTESIAN_POINT('',(-0.0183361265985218,0.0637,0.0606480816484566));
#5878=CARTESIAN_POINT('',(-0.0137543608336541,0.0637,0.0581089306965066));
#5879=CARTESIAN_POINT('',(-0.0137543608336541,0.0637,0.0568035239213138));
#5880=CARTESIAN_POINT('',(-0.0512349684307039,0.0637,0.0882534879322987));
#5881=CARTESIAN_POINT('',(-0.00594331189971335,0.0586999999999999,0.0624422885221669));
#5882=CARTESIAN_POINT('',(-0.00683686957769086,0.0637,0.0606277737260915));
#5883=CARTESIAN_POINT('',(-0.00921969005229754,0.0637,0.0557890676032227));
#5884=CARTESIAN_POINT('',(-0.00923087098071996,0.0637,0.055766362902053));
#5885=CARTESIAN_POINT('',(-0.00924205190914237,0.0637,0.0557436582008833));
#5886=CARTESIAN_POINT('',(-0.00596492046037723,0.0586999999999999,0.0624529312464397));
#5887=CARTESIAN_POINT('',(-0.00685846185367859,0.0637,0.0606384084242993));
#5888=CARTESIAN_POINT('',(-0.00924123890248219,0.0637,0.0557996808985909));
#5889=CARTESIAN_POINT('',(-0.00925241962713735,0.0637,0.0557769760969925));
#5890=CARTESIAN_POINT('',(-0.0092636003517925,0.0637,0.0557542712953941));
#5891=CARTESIAN_POINT('',(-0.00603164962181246,0.0586999999999999,0.0624858002242102));
#5892=CARTESIAN_POINT('',(-0.0069252727543479,0.0637,0.0606713176880655));
#5893=CARTESIAN_POINT('',(-0.0093082677744426,0.0637,0.0558326975916801));
#5894=CARTESIAN_POINT('',(-0.00931944952188626,0.0637,0.0558099932941732));
#5895=CARTESIAN_POINT('',(-0.00933063126932993,0.0637,0.0557872889966664));
#5896=CARTESIAN_POINT('',(-0.00618066012821329,0.0586999999999999,0.0625592551935975));
#5897=CARTESIAN_POINT('',(-0.00707672579445391,0.0637,0.0607459764845253));
#5898=CARTESIAN_POINT('',(-0.00946623423776224,0.0637,0.0559105665936654));
#5899=CARTESIAN_POINT('',(-0.00947744654819607,0.0637,0.0558878773594328));
#5900=CARTESIAN_POINT('',(-0.0094886588586299,0.0637,0.0558651881252001));
#5901=CARTESIAN_POINT('',(-0.00639875683238196,0.0586999999999999,0.0626671730529297));
#5902=CARTESIAN_POINT('',(-0.00729730497994481,0.0637,0.0608551234033032));
#5903=CARTESIAN_POINT('',(-0.00969343337344583,0.0637,0.0560229910042989));
#5904=CARTESIAN_POINT('',(-0.00970467674672727,0.0637,0.0560003171490687));
#5905=CARTESIAN_POINT('',(-0.0097159201200087,0.0637,0.0559776432938385));
#5906=CARTESIAN_POINT('',(-0.00674519874823139,0.0586999999999999,0.0628393777034268));
#5907=CARTESIAN_POINT('',(-0.00764831645754272,0.0637,0.0610295988750826));
#5908=CARTESIAN_POINT('',(-0.0100566303490397,0.0637,0.0562035219994979));
#5909=CARTESIAN_POINT('',(-0.0100679309004352,0.0637,0.0561808765586508));
#5910=CARTESIAN_POINT('',(-0.0100792314518307,0.0637,0.0561582311178037));
#5911=CARTESIAN_POINT('',(-0.00717824802055927,0.0586999999999999,0.0630561350861561));
#5912=CARTESIAN_POINT('',(-0.00808690813978251,0.0637,0.061249130849091));
#5913=CARTESIAN_POINT('',(-0.0105100017910446,0.0637,0.0564304528835837));
#5914=CARTESIAN_POINT('',(-0.0105213716936303,0.0637,0.0564078421607042));
#5915=CARTESIAN_POINT('',(-0.0105327415962161,0.0637,0.0563852314378247));
#5916=CARTESIAN_POINT('',(-0.00786915491052852,0.0586999999999999,0.0634051885114422));
#5917=CARTESIAN_POINT('',(-0.00878685563664813,0.0637,0.061602751296593));
#5918=CARTESIAN_POINT('',(-0.0112340575729672,0.0637,0.0567962520569952));
#5919=CARTESIAN_POINT('',(-0.0112455405990603,0.0637,0.056773698480453));
#5920=CARTESIAN_POINT('',(-0.0112570236251535,0.0637,0.0567511449039109));
#5921=CARTESIAN_POINT('',(-0.00872999367697852,0.0586999999999999,0.0638462115779645));
#5922=CARTESIAN_POINT('',(-0.00965906917396895,0.0637,0.0620496016167767));
#5923=CARTESIAN_POINT('',(-0.0121366038326102,0.0637,0.0572586417202759));
#5924=CARTESIAN_POINT('',(-0.0121482291891897,0.0637,0.0572361610591232));
#5925=CARTESIAN_POINT('',(-0.0121598545457693,0.0637,0.0572136803979704));
#5926=CARTESIAN_POINT('',(-0.010100007957432,0.0586999999999999,0.064561377865297));
#5927=CARTESIAN_POINT('',(-0.011047513548378,0.0637,0.0627743877831883));
#5928=CARTESIAN_POINT('',(-0.0135741951242342,0.0637,0.0580090808975645));
#5929=CARTESIAN_POINT('',(-0.013586051093304,0.0637,0.057986720608249));
#5930=CARTESIAN_POINT('',(-0.0135979070623738,0.0637,0.0579643603189336));
#5931=CARTESIAN_POINT('',(-0.0117991810754079,0.0586999999999999,0.0654737208965449));
#5932=CARTESIAN_POINT('',(-0.0127700755239986,0.0637,0.0636992858118018));
#5933=CARTESIAN_POINT('',(-0.0153591273869071,0.0637,0.0589674589191535));
#5934=CARTESIAN_POINT('',(-0.015371276016596,0.0637,0.0589452557282888));
#5935=CARTESIAN_POINT('',(-0.0153834246462849,0.0637,0.0589230525374242));
#5936=CARTESIAN_POINT('',(-0.0138167885016485,0.0586999999999999,0.0665988435648487));
#5937=CARTESIAN_POINT('',(-0.0148161697983901,0.0637,0.064840290785536));
#5938=CARTESIAN_POINT('',(-0.0174811865897011,0.0637,0.0601508167073684));
#5939=CARTESIAN_POINT('',(-0.0174936916702583,0.0637,0.060128812248969));
#5940=CARTESIAN_POINT('',(-0.0175061967508154,0.0637,0.0601068077905696));
#5941=CARTESIAN_POINT('',(-0.015813391871213,0.0586999999999999,0.0677552297066662));
#5942=CARTESIAN_POINT('',(-0.0168414685512218,0.0637,0.0660132949194384));
#5943=CARTESIAN_POINT('',(-0.0195830063645787,0.0637,0.061368135486831));
#5944=CARTESIAN_POINT('',(-0.0195958705053669,0.0637,0.0613463389664132));
#5945=CARTESIAN_POINT('',(-0.0196087346461552,0.0637,0.0613245424459954));
#5946=CARTESIAN_POINT('',(-0.0184486485327251,0.0586999999999999,0.069339991695232));
#5947=CARTESIAN_POINT('',(-0.0195148914075845,0.0637,0.0676210067768998));
#5948=CARTESIAN_POINT('',(-0.0223582057405432,0.0637,0.0630370469946806));
#5949=CARTESIAN_POINT('',(-0.0223715474481448,0.0637,0.0630155376418937));
#5950=CARTESIAN_POINT('',(-0.0223848891557463,0.0637,0.0629940282891067));
#5951=CARTESIAN_POINT('',(-0.0216946835343629,0.0586999999999999,0.0714032512669717));
#5952=CARTESIAN_POINT('',(-0.0228076223490475,0.0637,0.0697139684635348));
#5953=CARTESIAN_POINT('',(-0.0257754591882065,0.0637,0.065209214321036));
#5954=CARTESIAN_POINT('',(-0.0257893851938043,0.0637,0.0651880766255342));
#5955=CARTESIAN_POINT('',(-0.0258033111994022,0.0637,0.0651669389300323));
#5956=CARTESIAN_POINT('',(-0.0255329504857907,0.0586999999999999,0.0740176024930812));
#5957=CARTESIAN_POINT('',(-0.0266963131484411,0.0637,0.0723627534585964));
#5958=CARTESIAN_POINT('',(-0.0297986135821755,0.0637,0.0679498226999702));
#5959=CARTESIAN_POINT('',(-0.0298131705324217,0.0637,0.0679291158680997));
#5960=CARTESIAN_POINT('',(-0.0298277274826678,0.0637,0.0679084090362292));
#5961=CARTESIAN_POINT('',(-0.0293375736175509,0.0586999999999999,0.0767634761964137));
#5962=CARTESIAN_POINT('',(-0.0305392973031805,0.0637,0.0751364555454732));
#5963=CARTESIAN_POINT('',(-0.0337438937981926,0.0637,0.0707977338096317));
#5964=CARTESIAN_POINT('',(-0.0337589307531018,0.0637,0.0707773751893789));
#5965=CARTESIAN_POINT('',(-0.0337739677080111,0.0637,0.070757016569126));
#5966=CARTESIAN_POINT('',(-0.0331705027487807,0.0586999999999999,0.0796334967931182));
#5967=CARTESIAN_POINT('',(-0.0343891427158699,0.0637,0.078019287650755));
#5968=CARTESIAN_POINT('',(-0.037638849294775,0.0637,0.0737147299377864));
#5969=CARTESIAN_POINT('',(-0.0376540979201078,0.0637,0.0736945316256636));
#5970=CARTESIAN_POINT('',(-0.0376693465454406,0.0637,0.0736743333135407));
#5971=CARTESIAN_POINT('',(-0.036471241709272,0.0586999999999999,0.0821085886881451));
#5972=CARTESIAN_POINT('',(-0.0376746291504286,0.0637,0.0804827434046337));
#5973=CARTESIAN_POINT('',(-0.0408836623268463,0.0637,0.0761471559819363));
#5974=CARTESIAN_POINT('',(-0.0408987201000328,0.0637,0.0761268120688472));
#5975=CARTESIAN_POINT('',(-0.0409137778732192,0.0637,0.0761064681557581));
#5976=CARTESIAN_POINT('',(-0.0392476631142159,0.0586999999999999,0.0841044048968887));
#5977=CARTESIAN_POINT('',(-0.0404122119733382,0.0637,0.0824505009001938));
#5978=CARTESIAN_POINT('',(-0.0435176755976645,0.0637,0.0780400902423406));
#5979=CARTESIAN_POINT('',(-0.0435322473905763,0.0637,0.07801939523556));
#5980=CARTESIAN_POINT('',(-0.0435468191834881,0.0637,0.0779987002287794));
#5981=CARTESIAN_POINT('',(-0.0421426704283728,0.0586999999999999,0.0860895061013261));
#5982=CARTESIAN_POINT('',(-0.0432478624564544,0.0637,0.0843947225873616));
#5983=CARTESIAN_POINT('',(-0.0461950411980055,0.0637,0.0798752998834561));
#5984=CARTESIAN_POINT('',(-0.0462088702694393,0.0637,0.079854093358541));
#5985=CARTESIAN_POINT('',(-0.0462226993408732,0.0637,0.0798328868336259));
#5986=CARTESIAN_POINT('',(-0.045996043037136,0.0586999999999999,0.0884750119518755));
#5987=CARTESIAN_POINT('',(-0.0469848827288316,0.0637,0.0867070019876509));
#5988=CARTESIAN_POINT('',(-0.0496217885733532,0.0637,0.0819923087497186));
#5989=CARTESIAN_POINT('',(-0.0496341617486799,0.0637,0.0819701859552451));
#5990=CARTESIAN_POINT('',(-0.0496465349240065,0.0637,0.0819480631607716));
#5991=CARTESIAN_POINT('',(-0.050169435428972,0.0586999999999999,0.0905344874145224));
#5992=CARTESIAN_POINT('',(-0.0509989736301487,0.0637,0.0886873705405523));
#5993=CARTESIAN_POINT('',(-0.0532110754999529,0.0637,0.0837617255432987));
#5994=CARTESIAN_POINT('',(-0.0532214553640396,0.0637,0.0837386128981223));
#5995=CARTESIAN_POINT('',(-0.0532318352281262,0.0637,0.083715500252946));
#5996=CARTESIAN_POINT('',(-0.0536266407384814,0.0586999999999999,0.0919089844513725));
#5997=CARTESIAN_POINT('',(-0.0543256591426815,0.0637,0.0900100949234453));
#5998=CARTESIAN_POINT('',(-0.0561897082205485,0.0637,0.0849463895156391));
#5999=CARTESIAN_POINT('',(-0.0561984549136114,0.0637,0.0849226290484448));
#6000=CARTESIAN_POINT('',(-0.0562072016066744,0.0637,0.0848988685812505));
#6001=CARTESIAN_POINT('',(-0.0562592721097367,0.0586999999999999,0.0928040425427609));
#6002=CARTESIAN_POINT('',(-0.0568636812106475,0.0637,0.0908730617123974));
#6003=CARTESIAN_POINT('',(-0.0584754388130763,0.0637,0.0857237794980944));
#6004=CARTESIAN_POINT('',(-0.058483001676741,0.0637,0.0856996174781359));
#6005=CARTESIAN_POINT('',(-0.0584905645404058,0.0637,0.0856754554581775));
#6006=CARTESIAN_POINT('',(-0.0584741167682807,0.0586999999999999,0.0934415085251094));
#6007=CARTESIAN_POINT('',(-0.0590050334170452,0.0637,0.0914894605241756));
#6008=CARTESIAN_POINT('',(-0.0604208111470842,0.0637,0.0862839991883518));
#6009=CARTESIAN_POINT('',(-0.0604274544127563,0.0637,0.086259573558632));
#6010=CARTESIAN_POINT('',(-0.0604340976784283,0.0637,0.0862351479289122));
#6011=CARTESIAN_POINT('',(-0.0602543568547865,0.0586999999999999,0.0938921827774984));
#6012=CARTESIAN_POINT('',(-0.0607304254446724,0.0637,0.0919262649834175));
#6013=CARTESIAN_POINT('',(-0.061999941684368,0.0637,0.0866838175325348));
#6014=CARTESIAN_POINT('',(-0.0620058986460268,0.0637,0.0866592183525583));
#6015=CARTESIAN_POINT('',(-0.0620118556076857,0.0637,0.0866346191725818));
#6016=CARTESIAN_POINT('',(-0.0620252864817023,0.0586999999999999,0.0943023149757639));
#6017=CARTESIAN_POINT('',(-0.0624496117724005,0.0637,0.0923244292202983));
#6018=CARTESIAN_POINT('',(-0.063581145880929,0.0637,0.0870500672057232));
#6019=CARTESIAN_POINT('',(-0.0635864553878809,0.0637,0.0870253182727728));
#6020=CARTESIAN_POINT('',(-0.0635917648948327,0.0637,0.0870005693398224));
#6021=CARTESIAN_POINT('',(-0.0642250043286785,0.0586999999999999,0.0947456850600604));
#6022=CARTESIAN_POINT('',(-0.0645902764302258,0.0637,0.0927559601283959));
#6023=CARTESIAN_POINT('',(-0.0655643353676852,0.0637,0.0874500269772904));
#6024=CARTESIAN_POINT('',(-0.0655689059525761,0.0637,0.0874251299028323));
#6025=CARTESIAN_POINT('',(-0.065573476537467,0.0637,0.0874002328283742));
#6026=CARTESIAN_POINT('',(-0.0668424670542446,0.0586999999999999,0.0951827320875198));
#6027=CARTESIAN_POINT('',(-0.0671452231743534,0.0637,0.0931826278222737));
#6028=CARTESIAN_POINT('',(-0.0679525728279766,0.0637,0.087849016448284));
#6029=CARTESIAN_POINT('',(-0.067956361161502,0.0637,0.0878239894990694));
#6030=CARTESIAN_POINT('',(-0.0679601494950275,0.0637,0.0877989625498548));
#6031=CARTESIAN_POINT('',(-0.0694403712847696,0.0586999999999999,0.0955385354891327));
#6032=CARTESIAN_POINT('',(-0.0696880172356353,0.0637,0.0935309293218312));
#6033=CARTESIAN_POINT('',(-0.0703484064379438,0.0637,0.0881773128756934));
#6034=CARTESIAN_POINT('',(-0.0703515051877156,0.0637,0.0881521920565116));
#6035=CARTESIAN_POINT('',(-0.0703546039374874,0.0637,0.0881270712373298));
#6036=CARTESIAN_POINT('',(-0.0715910214985896,0.0586999999999999,0.0957767895299664));
#6037=CARTESIAN_POINT('',(-0.0717981332497495,0.0637,0.0937647215429857));
#6038=CARTESIAN_POINT('',(-0.0723504312528426,0.0637,0.0883992069110369));
#6039=CARTESIAN_POINT('',(-0.0723530228053772,0.0637,0.0883740302618984));
#6040=CARTESIAN_POINT('',(-0.0723556143579118,0.0637,0.0883488536127599));
#6041=CARTESIAN_POINT('',(-0.0733042422583274,0.0586999999999999,0.0959371169114069));
#6042=CARTESIAN_POINT('',(-0.073481713161284,0.0637,0.0939222796769576));
#6043=CARTESIAN_POINT('',(-0.0739549689025017,0.0637,0.0885493803850924));
#6044=CARTESIAN_POINT('',(-0.0739571895643705,0.0637,0.0885241690848525));
#6045=CARTESIAN_POINT('',(-0.0739594102262392,0.0637,0.0884989577846126));
#6046=CARTESIAN_POINT('',(-0.0743721132592651,0.0586999999999999,0.0960255303403219));
#6047=CARTESIAN_POINT('',(-0.0745321591378992,0.0637,0.0940092527798569));
#6048=CARTESIAN_POINT('',(-0.0749589481475901,0.0637,0.088632512618617));
#6049=CARTESIAN_POINT('',(-0.0749609507732263,0.0637,0.0886072832958336));
#6050=CARTESIAN_POINT('',(-0.0749629533988625,0.0637,0.0885820539730502));
#6051=CARTESIAN_POINT('',(-0.0752250033762945,0.0586999999999999,0.0960896617361859));
#6052=CARTESIAN_POINT('',(-0.0753716691063173,0.0637,0.0940723789064459));
#6053=CARTESIAN_POINT('',(-0.0757627777197115,0.0637,0.0886929580271386));
#6054=CARTESIAN_POINT('',(-0.075764612921926,0.0637,0.0886677161255994));
#6055=CARTESIAN_POINT('',(-0.0757664481241405,0.0637,0.0886424742240602));
#6056=CARTESIAN_POINT('',(-0.0757570796253372,0.0586999999999999,0.0961270602136282));
#6057=CARTESIAN_POINT('',(-0.0758957212621317,0.0637,0.0941092130675955));
#6058=CARTESIAN_POINT('',(-0.0762654322935838,0.0637,0.0887282873448415));
#6059=CARTESIAN_POINT('',(-0.0762671670917458,0.0637,0.0887030383821129));
#6060=CARTESIAN_POINT('',(-0.0762689018899077,0.0637,0.0886777894193842));
#6061=CARTESIAN_POINT('',(-0.0761831933940577,0.0586999999999999,0.0961554752602695));
#6062=CARTESIAN_POINT('',(-0.0763153340051914,0.0637,0.0941371953408799));
#6063=CARTESIAN_POINT('',(-0.0766677089682144,0.0637,0.0887551155558404));
#6064=CARTESIAN_POINT('',(-0.0766693624201976,0.0637,0.0887298611778956));
#6065=CARTESIAN_POINT('',(-0.0766710158721809,0.0637,0.0887046067999509));
#6066=CARTESIAN_POINT('',(-0.0764475129217936,0.0586999999999999,0.0961725012715117));
#6067=CARTESIAN_POINT('',(-0.0765761528958409,0.0637,0.0941539950001574));
#6068=CARTESIAN_POINT('',(-0.0769191928266343,0.0637,0.0887713116098797));
#6069=CARTESIAN_POINT('',(-0.0769208024757678,0.0637,0.088746054399633));
#6070=CARTESIAN_POINT('',(-0.0769224121249013,0.0637,0.0887207971893864));
#6071=CARTESIAN_POINT('',(-0.0766631299514873,0.0586999999999999,0.0961859743861477));
#6072=CARTESIAN_POINT('',(-0.076787845584219,0.0637,0.0941672232194116));
#6073=CARTESIAN_POINT('',(-0.0771204206048358,0.0637,0.0887838867747805));
#6074=CARTESIAN_POINT('',(-0.0771219811493838,0.0637,0.0887586265002014));
#6075=CARTESIAN_POINT('',(-0.0771235416939319,0.0637,0.0887333662256224));
#6076=CARTESIAN_POINT('',(-0.0767857558329439,0.0586999999999999,0.0961935739616327));
#6077=CARTESIAN_POINT('',(-0.0769110801766141,0.0637000000000001,0.0941748607810149));
#6078=CARTESIAN_POINT('',(-0.0772452784264045,0.0637,0.0887916256327046));
#6079=CARTESIAN_POINT('',(-0.0772468465876443,0.0637,0.0887663658334391));
#6080=CARTESIAN_POINT('',(-0.0772484147488842,0.0637,0.0887411060341736));
#6081=CARTESIAN_POINT('',(-0.0768599581014789,0.0586999999999999,0.0961981786158893));
#6082=CARTESIAN_POINT('',(-0.076985376614911,0.0637,0.0941794713118619));
#6083=CARTESIAN_POINT('',(-0.0773198259840601,0.0637,0.0887962518344513));
#6084=CARTESIAN_POINT('',(-0.0773213953236294,0.0637,0.0887709921087185));
#6085=CARTESIAN_POINT('',(-0.0773229646631987,0.0637,0.0887457323829857));
#6086=CARTESIAN_POINT('',(-0.0768841507491287,0.0586999999999999,0.0961996803054435));
#6087=CARTESIAN_POINT('',(-0.0770095817007418,0.0637,0.0941809737776114));
#6088=CARTESIAN_POINT('',(-0.0773440642383717,0.0637,0.0887977563700523));
#6089=CARTESIAN_POINT('',(-0.0773456337335778,0.0637,0.0887724966540319));
#6090=CARTESIAN_POINT('',(-0.0773472032287838,0.0637,0.0887472369380115));
#6091=CARTESIAN_POINT('',(-0.0133432949789418,0.0636894372384594,0.058355974729587));
#6092=CARTESIAN_POINT('',(-0.013556920165132,0.0636790885552489,0.058696872565677));
#6093=CARTESIAN_POINT('',(-0.0138258445117219,0.0636362533571929,0.0594626302897135));
#6094=CARTESIAN_POINT('',(-0.0137278696761815,0.0634052569874655,0.0606604601600075));
#6095=CARTESIAN_POINT('',(-0.0132027172449868,0.0629746840262127,0.0616728855080641));
#6096=CARTESIAN_POINT('',(-0.0123974477862664,0.0624048225632533,0.0623828526185515));
#6097=CARTESIAN_POINT('',(-0.0114240922892464,0.061802818610476,0.0627567930184239));
#6098=CARTESIAN_POINT('',(-0.0103000539015518,0.0612939869711455,0.0627545035403535));
#6099=CARTESIAN_POINT('',(-0.00917005017468901,0.0612608318546498,0.0622018145216566));
#6100=CARTESIAN_POINT('',(-0.00870431193855001,0.0615857204857371,0.0615971627752165));
#6101=CARTESIAN_POINT('',(-0.00853992648511811,0.0617670009925703,0.0612775525293427));
#6102=CARTESIAN_POINT('',(-0.013343445031518,0.0636894423729151,0.0583558442509168));
#6103=CARTESIAN_POINT('',(-0.00853992684795156,0.06176700119045,0.0612775524549618));
#6104=CARTESIAN_POINT('',(-0.0133434274062141,0.0636894388863181,0.0583558146302724));
#6105=CARTESIAN_POINT('',(-0.0134702381412317,0.0636959613431162,0.0582795901066763));
#6106=CARTESIAN_POINT('',(-0.0136072629624553,0.0636999999999911,0.05819729563343));
#6107=CARTESIAN_POINT('',(-0.013754360833171,0.0637,0.0581089312105335));
#6108=CARTESIAN_POINT('',(-0.0259653563617831,0.0636623458598633,0.066295410397346));
#6109=CARTESIAN_POINT('',(-0.0253358233862675,0.063667228164797,0.0658163865845145));
#6110=CARTESIAN_POINT('',(-0.0240738519380399,0.0636767212327602,0.0648622570494161));
#6111=CARTESIAN_POINT('',(-0.0221705914907907,0.0636889272442654,0.0634449998956295));
#6112=CARTESIAN_POINT('',(-0.0205793671584948,0.0636961906534614,0.0622708305317544));
#6113=CARTESIAN_POINT('',(-0.0194560923871868,0.0636990075575787,0.0614617992275022));
#6114=CARTESIAN_POINT('',(-0.0188213297178603,0.0636998523876594,0.0609896070128414));
#6115=CARTESIAN_POINT('',(-0.0184880281975644,0.0636999999923444,0.0607755424604868));
#6116=CARTESIAN_POINT('',(-0.0183361246159619,0.0637,0.0606480802211897));
#6117=CARTESIAN_POINT('',(-0.0259653563617831,0.0636623458598633,0.066295410397346));
#6118=CARTESIAN_POINT('',(-0.0307534193953014,0.0637,0.0686511056911967));
#6119=CARTESIAN_POINT('',(-0.0306960265601809,0.0636999999700052,0.0686508748368623));
#6120=CARTESIAN_POINT('',(-0.0305908976355386,0.0636998346522388,0.0686050649109512));
#6121=CARTESIAN_POINT('',(-0.0303722087745668,0.063698932339354,0.0685563452087445));
#6122=CARTESIAN_POINT('',(-0.0299973782736004,0.0636960679615434,0.0684403482393009));
#6123=CARTESIAN_POINT('',(-0.0294683647730457,0.0636894125744614,0.0682615897842898));
#6124=CARTESIAN_POINT('',(-0.0288477280602771,0.0636800228837369,0.0680072121967026));
#6125=CARTESIAN_POINT('',(-0.0280342883507135,0.063668130234091,0.0676251018991898));
#6126=CARTESIAN_POINT('',(-0.0270595280105314,0.0636583362222693,0.0670758110873489));
#6127=CARTESIAN_POINT('',(-0.0263228239070879,0.0636595735419261,0.0665674143640567));
#6128=CARTESIAN_POINT('',(-0.0259653563617831,0.0636623458598633,0.066295410397346));
#6129=CARTESIAN_POINT('',(-0.0738368868597729,0.0637,0.0885367378777145));
#6130=CARTESIAN_POINT('',(-0.0738913660417619,0.0637,0.0886982595891406));
#6131=CARTESIAN_POINT('',(-0.0739769457781734,0.0636933793765944,0.088952291640468));
#6132=CARTESIAN_POINT('',(-0.0740863106051261,0.0636687798204481,0.0892768130196588));
#6133=CARTESIAN_POINT('',(-0.0741408720415026,0.0636526688797754,0.0894385332133238));
#6134=CARTESIAN_POINT('',(-0.0741760088953353,0.0636406980412075,0.0895425880369375));
#6135=CARTESIAN_POINT('',(-0.0741931039464027,0.0636347876167102,0.0895931608815523));
#6136=CARTESIAN_POINT('',(-0.0742469846025815,0.0636135979068301,0.0897526249541996));
#6137=CARTESIAN_POINT('',(-0.0743023886815726,0.0635885052204153,0.0899168184820671));
#6138=CARTESIAN_POINT('',(-0.0743980466502895,0.0635391663973631,0.0902004634868433));
#6139=CARTESIAN_POINT('',(-0.0745101651644212,0.0634657736469271,0.0905326148413208));
#6140=CARTESIAN_POINT('',(-0.0745917001822139,0.0634024711708393,0.090773252792436));
#6141=CARTESIAN_POINT('',(-0.0746433431013227,0.0633586708205535,0.090925605171296));
#6142=CARTESIAN_POINT('',(-0.0746600933719589,0.0633442634013798,0.0909750483192625));
#6143=CARTESIAN_POINT('',(-0.0747170155575144,0.0632921282406041,0.0911437319466663));
#6144=CARTESIAN_POINT('',(-0.0747769806545449,0.0632328712725325,0.0913214326521266));
#6145=CARTESIAN_POINT('',(-0.0748535151386851,0.0631514181554256,0.0915482374481737));
#6146=CARTESIAN_POINT('',(-0.0749405569689798,0.0630480050683352,0.0918059963225906));
#6147=CARTESIAN_POINT('',(-0.075015836434437,0.0629514305089257,0.0920286858708763));
#6148=CARTESIAN_POINT('',(-0.0751141720532903,0.0628133517398948,0.0923196512996633));
#6149=CARTESIAN_POINT('',(-0.0752322731138243,0.0626293225326581,0.0926692922566908));
#6150=CARTESIAN_POINT('',(-0.0753635654512565,0.0624018617777277,0.093057527291166));
#6151=CARTESIAN_POINT('',(-0.0755504608814911,0.062018619437469,0.0936107805984391));
#6152=CARTESIAN_POINT('',(-0.075709916419478,0.0616306363856273,0.0940827256907038));
#6153=CARTESIAN_POINT('',(-0.0758591783638628,0.0612094124630525,0.09452333932326));
#6154=CARTESIAN_POINT('',(-0.0759844256610686,0.0608042889878963,0.0948928405821653));
#6155=CARTESIAN_POINT('',(-0.0761217487762869,0.0602861990927503,0.0952988118914519));
#6156=CARTESIAN_POINT('',(-0.0762740145436112,0.0596009105101136,0.0957487890396002));
#6157=CARTESIAN_POINT('',(-0.076366341048348,0.0590602900147482,0.0960212060441328));
#6158=CARTESIAN_POINT('',(-0.076416897185598,0.058700001139703,0.0961704714166672));
#6159=CARTESIAN_POINT('',(-0.00633815999636326,0.0586999941901555,0.0626372264138123));
#6160=CARTESIAN_POINT('',(-0.00646352509009732,0.0590099056947072,0.062559445582405));
#6161=CARTESIAN_POINT('',(-0.00673258369366726,0.0595753170288067,0.0623925160904465));
#6162=CARTESIAN_POINT('',(-0.00727484313892178,0.0604239009118791,0.0620570796677149));
#6163=CARTESIAN_POINT('',(-0.00774549236249346,0.0609979686012425,0.0617663876026238));
#6164=CARTESIAN_POINT('',(-0.0082016706135935,0.0614658276107208,0.0614854335240564));
#6165=CARTESIAN_POINT('',(-0.0084229203576835,0.0616663888915924,0.061349337613038));
#6166=CARTESIAN_POINT('',(-0.00853547412370326,0.0617632682200855,0.0612801491323842));
#6167=CARTESIAN_POINT('',(-0.00853549340849396,0.0617632627826685,0.0612801728907107));
#6168=CARTESIAN_POINT('',(-0.00853547792633902,0.0617632714931299,0.0612801606281736));
#6169=CARTESIAN_POINT('',(-0.00853693553564001,0.0617645261461322,0.0612792646884999));
#6170=CARTESIAN_POINT('',(-0.00853841860370064,0.0617657691876695,0.0612783955726231));
#6171=CARTESIAN_POINT('',(-0.00853992658771805,0.0617670008794256,0.0612775527288247));
#6172=CARTESIAN_POINT('',(-0.0653533866954925,0.0612013320208133,0.0933168734819922));
#6173=CARTESIAN_POINT('',(-0.064369029895372,0.06073369054757,0.0935426469365854));
#6174=CARTESIAN_POINT('',(-0.0632737661610691,0.0607676742828859,0.0933044329691301));
#6175=CARTESIAN_POINT('',(-0.06248524347313,0.0612571943060494,0.0927110289389183));
#6176=CARTESIAN_POINT('',(-0.0620027969096193,0.0618497120033836,0.0919632661686631));
#6177=CARTESIAN_POINT('',(-0.0617997095126979,0.0624483094794315,0.091089806305307));
#6178=CARTESIAN_POINT('',(-0.0619175917819148,0.0629651326031158,0.0901610490961299));
#6179=CARTESIAN_POINT('',(-0.0624190434803017,0.0633448959755103,0.0892664539469451));
#6180=CARTESIAN_POINT('',(-0.0632756592852176,0.0635456270994241,0.0886251766246739));
#6181=CARTESIAN_POINT('',(-0.0646942113726296,0.063636029814973,0.0883051919309403));
#6182=CARTESIAN_POINT('',(-0.0661119043804479,0.0636027314135587,0.088947031090134));
#6183=CARTESIAN_POINT('',(-0.0668038895152067,0.0633183702841649,0.090197752363993));
#6184=CARTESIAN_POINT('',(-0.0669013151043262,0.062924810237722,0.0912076473359818));
#6185=CARTESIAN_POINT('',(-0.0666334187839482,0.0623910993868675,0.0921116721822566));
#6186=CARTESIAN_POINT('',(-0.0660945663649298,0.0617875390631142,0.0928259730019881));
#6187=CARTESIAN_POINT('',(-0.0653533866954925,0.0612013320208133,0.0933168734819922));
#6188=CARTESIAN_POINT('',(-0.064369029895372,0.06073369054757,0.0935426469365854));
#6189=CARTESIAN_POINT('',(-0.0632737661610691,0.0607676742828859,0.0933044329691301));
#6190=CARTESIAN_POINT('',(-0.0643505454063416,0.0608172947489965,0.0934653156995773));
#6191=CARTESIAN_POINT('',(-0.0273875185200563,0.0637,0.0355509824017121));
#6192=CARTESIAN_POINT('',(-0.027412794945668,0.0637,0.0355540551136305));
#6193=CARTESIAN_POINT('',(-0.0274380713712797,0.0637,0.0355571278255488));
#6194=CARTESIAN_POINT('',(-0.0327922536079586,0.0637,0.0362080054387232));
#6195=CARTESIAN_POINT('',(-0.0348000719467132,0.0587,0.0364520845436636));
#6196=CARTESIAN_POINT('',(-0.0273724079747609,0.0637,0.0356752832110276));
#6197=CARTESIAN_POINT('',(-0.0273976844003996,0.0637,0.0356783559227214));
#6198=CARTESIAN_POINT('',(-0.0274229608260384,0.0637,0.0356814286344153));
#6199=CARTESIAN_POINT('',(-0.0327771430684458,0.0637,0.0363323062000318));
#6200=CARTESIAN_POINT('',(-0.0347849614093493,0.0587,0.0365763852871382));
#6201=CARTESIAN_POINT('',(-0.0273420233524826,0.0637,0.0359252301945673));
#6202=CARTESIAN_POINT('',(-0.027367299780647,0.0637,0.035928302885294));
#6203=CARTESIAN_POINT('',(-0.0273925762088115,0.0637,0.0359313755760206));
#6204=CARTESIAN_POINT('',(-0.0327467589862195,0.0637,0.0365822487002518));
#6205=CARTESIAN_POINT('',(-0.034754577527747,0.0587,0.0368263261218384));
#6206=CARTESIAN_POINT('',(-0.0273040016285113,0.0637,0.0362380000366269));
#6207=CARTESIAN_POINT('',(-0.0273292780469868,0.0637,0.0362410728077877));
#6208=CARTESIAN_POINT('',(-0.0273545544654623,0.0637,0.0362441455789485));
#6209=CARTESIAN_POINT('',(-0.0327087351905096,0.0637000000000001,0.036895035741164));
#6210=CARTESIAN_POINT('',(-0.0347165529624024,0.0587,0.0371391195519948));
#6211=CARTESIAN_POINT('',(-0.0272734535424334,0.0637,0.0364892926306524));
#6212=CARTESIAN_POINT('',(-0.0272987299803701,0.0637,0.0364923652402529));
#6213=CARTESIAN_POINT('',(-0.0273240064183068,0.0637,0.0364954378498534));
#6214=CARTESIAN_POINT('',(-0.0326781912657308,0.0637,0.0371462937895286));
#6215=CARTESIAN_POINT('',(-0.0346860105835148,0.0587,0.0373903647669068));
#6216=CARTESIAN_POINT('',(-0.027250542130748,0.0637,0.036677760820581));
#6217=CARTESIAN_POINT('',(-0.027275818509328,0.0637,0.0366808339229405));
#6218=CARTESIAN_POINT('',(-0.027301094887908,0.0637,0.0366839070253));
#6219=CARTESIAN_POINT('',(-0.0326552671620831,0.0637000000000001,0.037334867343723));
#6220=CARTESIAN_POINT('',(-0.0346630817648987,0.0587,0.0375789774631316));
#6221=CARTESIAN_POINT('',(-0.0272314503914791,0.0637,0.0368348216380799));
#6222=CARTESIAN_POINT('',(-0.0272567269557516,0.0637,0.0368378931988845));
#6223=CARTESIAN_POINT('',(-0.0272820035200241,0.0637,0.0368409647596891));
#6224=CARTESIAN_POINT('',(-0.0326362151285437,0.0637000000000001,0.0374915985380405));
#6225=CARTESIAN_POINT('',(-0.0346440444817385,0.0587,0.0377355862049222));
#6226=CARTESIAN_POINT('',(-0.0272180840078744,0.0637,0.0369447563752772));
#6227=CARTESIAN_POINT('',(-0.0272433602406573,0.0637,0.0369478306879929));
#6228=CARTESIAN_POINT('',(-0.0272686364734403,0.0637,0.0369509050007086));
#6229=CARTESIAN_POINT('',(-0.0326227778641432,0.0637,0.0376021217029958));
#6230=CARTESIAN_POINT('',(-0.0346305808856567,0.0587,0.0378463279663535));
#6231=CARTESIAN_POINT('',(-0.0272114037754986,0.0637,0.036999734448407));
#6232=CARTESIAN_POINT('',(-0.0272366804730197,0.0637,0.0370028049030281));
#6233=CARTESIAN_POINT('',(-0.0272619571705408,0.0637,0.0370058753576493));
#6234=CARTESIAN_POINT('',(-0.0326161970044584,0.0637000000000001,0.0376562748185452));
#6235=CARTESIAN_POINT('',(-0.0346240369421775,0.0587,0.0379001746163811));
#6236=CARTESIAN_POINT('',(-0.0272075817359979,0.0637,0.0370311332588639));
#6237=CARTESIAN_POINT('',(-0.0272328576841807,0.0637,0.0370342099342312));
#6238=CARTESIAN_POINT('',(-0.0272581336323635,0.0637,0.0370372866095986));
#6239=CARTESIAN_POINT('',(-0.032612214737601,0.0637,0.0376890037808887));
#6240=CARTESIAN_POINT('',(-0.034619995152065,0.0587,0.0379333977201225));
#6241=CARTESIAN_POINT('',(-0.0272037720655863,0.0637,0.0370626557476828));
#6242=CARTESIAN_POINT('',(-0.0272290546521945,0.0637,0.0370656775649506));
#6243=CARTESIAN_POINT('',(-0.0272543372388027,0.0637,0.0370686993822184));
#6244=CARTESIAN_POINT('',(-0.0326098245293879,0.0637000000000001,0.0377087962292293));
#6245=CARTESIAN_POINT('',(-0.0346181322633573,0.0587,0.0379488325468583));
#6246=CARTESIAN_POINT('',(-0.027199095182297,0.0637,0.0371020217082436));
#6247=CARTESIAN_POINT('',(-0.0272243834268298,0.0637,0.0371049957668469));
#6248=CARTESIAN_POINT('',(-0.0272496716713625,0.0637,0.0371079698254501));
#6249=CARTESIAN_POINT('',(-0.0326063574525665,0.0637,0.0377379501869492));
#6250=CARTESIAN_POINT('',(-0.034615114620518,0.0587,0.0379741928225113));
#6251=CARTESIAN_POINT('',(-0.027191768421155,0.0637,0.037165039852845));
#6252=CARTESIAN_POINT('',(-0.0272170669409083,0.0637,0.037167925638927));
#6253=CARTESIAN_POINT('',(-0.0272423654606615,0.0637,0.037170811425009));
#6254=CARTESIAN_POINT('',(-0.0326012277918248,0.0637,0.0377820934478843));
#6255=CARTESIAN_POINT('',(-0.034610801166011,0.0587,0.0380113242064625));
#6256=CARTESIAN_POINT('',(-0.0271829152525955,0.0637,0.0372438221913206));
#6257=CARTESIAN_POINT('',(-0.0272082257492421,0.0637,0.0372466013104482));
#6258=CARTESIAN_POINT('',(-0.0272335362458887,0.0637,0.0372493804295758));
#6259=CARTESIAN_POINT('',(-0.0325949355840937,0.0637000000000001,0.0378380677105727));
#6260=CARTESIAN_POINT('',(-0.0346054603359206,0.0587,0.0380588254409465));
#6261=CARTESIAN_POINT('',(-0.0271727776333605,0.0637,0.0373383926775245));
#6262=CARTESIAN_POINT('',(-0.0271981020975842,0.0637,0.0373410415518692));
#6263=CARTESIAN_POINT('',(-0.0272234265618079,0.0637,0.0373436904262138));
#6264=CARTESIAN_POINT('',(-0.0325877845838937,0.0637000000000001,0.0379047885886309));
#6265=CARTESIAN_POINT('',(-0.0345994188421758,0.0587,0.0381152003995373));
#6266=CARTESIAN_POINT('',(-0.0271599123308104,0.0637,0.0374645232574248));
#6267=CARTESIAN_POINT('',(-0.0271852545170545,0.0637,0.0374669983719139));
#6268=CARTESIAN_POINT('',(-0.0272105967032986,0.0637,0.037469473486403));
#6269=CARTESIAN_POINT('',(-0.0325787086947291,0.0637,0.0379937649441735));
#6270=CARTESIAN_POINT('',(-0.0345917506915155,0.0587,0.0381903742408374));
#6271=CARTESIAN_POINT('',(-0.0271450553938216,0.0637,0.0376222579261783));
#6272=CARTESIAN_POINT('',(-0.0271704181853774,0.0637,0.0376245143365709));
#6273=CARTESIAN_POINT('',(-0.0271957809769331,0.0637,0.0376267707469636));
#6274=CARTESIAN_POINT('',(-0.0325682576912586,0.0637000000000001,0.0381047351802518));
#6275=CARTESIAN_POINT('',(-0.0345829364591306,0.0587,0.0382839718427348));
#6276=CARTESIAN_POINT('',(-0.0271133422696528,0.0637,0.0380010492836787));
#6277=CARTESIAN_POINT('',(-0.0271387493415834,0.0637,0.0380027768977417));
#6278=CARTESIAN_POINT('',(-0.0271641564135141,0.0637,0.0380045045118047));
#6279=CARTESIAN_POINT('',(-0.0325460128241829,0.0637,0.0383704565918178));
#6280=CARTESIAN_POINT('',(-0.0345642089781836,0.0587,0.0385076886218228));
#6281=CARTESIAN_POINT('',(-0.0270806502003227,0.0637,0.0385700976559667));
#6282=CARTESIAN_POINT('',(-0.0271061039314495,0.0637,0.0385710170010907));
#6283=CARTESIAN_POINT('',(-0.0271315576625763,0.0637,0.0385719363462148));
#6284=CARTESIAN_POINT('',(-0.0325232976637116,0.0637,0.0387666767501065));
#6285=CARTESIAN_POINT('',(-0.0345452001641373,0.0587,0.0388397044015659));
#6286=CARTESIAN_POINT('',(-0.0270696369156496,0.0637,0.0393307060973054));
#6287=CARTESIAN_POINT('',(-0.027095106945439,0.0637,0.0393305185661419));
#6288=CARTESIAN_POINT('',(-0.0271205769752285,0.0637,0.0393303310349783));
#6289=CARTESIAN_POINT('',(-0.032515769442759,0.0637,0.0392906072211674));
#6290=CARTESIAN_POINT('',(-0.0345389666180829,0.0587,0.0392757107909883));
#6291=CARTESIAN_POINT('',(-0.0270921303818982,0.0637,0.0400932434312878));
#6292=CARTESIAN_POINT('',(-0.0271175672311638,0.0637,0.040091922844671));
#6293=CARTESIAN_POINT('',(-0.0271430040804294,0.0637,0.0400906022580541));
#6294=CARTESIAN_POINT('',(-0.0325311680790488,0.0637,0.0398108688212671));
#6295=CARTESIAN_POINT('',(-0.034551729578531,0.0587,0.0397059687824719));
#6296=CARTESIAN_POINT('',(-0.0271491692962718,0.0637,0.0408577379088153));
#6297=CARTESIAN_POINT('',(-0.0271745201117046,0.0637,0.0408552614379293));
#6298=CARTESIAN_POINT('',(-0.0271998709271375,0.0637,0.0408527849670433));
#6299=CARTESIAN_POINT('',(-0.032569810797629,0.0637,0.0403282061903155));
#6300=CARTESIAN_POINT('',(-0.0345835382490632,0.0587,0.0401314891490426));
#6301=CARTESIAN_POINT('',(-0.0272419532739391,0.0637,0.0416243326246741));
#6302=CARTESIAN_POINT('',(-0.0272671620078126,0.0637,0.0416206808630135));
#6303=CARTESIAN_POINT('',(-0.0272923707416861,0.0637,0.0416170291013529));
#6304=CARTESIAN_POINT('',(-0.0326322141668604,0.0637,0.040843494199065));
#6305=CARTESIAN_POINT('',(-0.0346346554513006,0.0587,0.040553418610707));
#6306=CARTESIAN_POINT('',(-0.027371770138485,0.0637,0.0423927825772063));
#6307=CARTESIAN_POINT('',(-0.0273967778949502,0.0637,0.0423879403944929));
#6308=CARTESIAN_POINT('',(-0.0274217856514153,0.0637,0.0423830982117795));
#6309=CARTESIAN_POINT('',(-0.0327190570101755,0.0637,0.0413574022107284));
#6310=CARTESIAN_POINT('',(-0.0347055337697106,0.0587,0.0409727662103343));
#6311=CARTESIAN_POINT('',(-0.027540395261088,0.0637,0.0431643325021103));
#6312=CARTESIAN_POINT('',(-0.0275651400965122,0.0637,0.0431582869624944));
#6313=CARTESIAN_POINT('',(-0.0275898849319365,0.0637,0.0431522414228785));
#6314=CARTESIAN_POINT('',(-0.0328314630060402,0.0637,0.0418716441849725));
#6315=CARTESIAN_POINT('',(-0.034797054783829,0.0587,0.0413914202207578));
#6316=CARTESIAN_POINT('',(-0.0277487661302411,0.0637,0.0439347208737156));
#6317=CARTESIAN_POINT('',(-0.0277731849982236,0.0637,0.0439274701239724));
#6318=CARTESIAN_POINT('',(-0.027797603866206,0.0637,0.0439202193742292));
#6319=CARTESIAN_POINT('',(-0.0329701338433398,0.0637000000000001,0.0423843283398699));
#6320=CARTESIAN_POINT('',(-0.034909832584765,0.0587,0.0418083692019852));
#6321=CARTESIAN_POINT('',(-0.0280728792103919,0.0637,0.0449360746218271));
#6322=CARTESIAN_POINT('',(-0.0280967914180814,0.0637,0.0449272586189575));
#6323=CARTESIAN_POINT('',(-0.0281207036257709,0.0637,0.044918442616088));
#6324=CARTESIAN_POINT('',(-0.033185910218571,0.0637,0.0430509916288468));
#6325=CARTESIAN_POINT('',(-0.0350853626908709,0.0587,0.0423506975086314));
#6326=CARTESIAN_POINT('',(-0.0285652470718625,0.0637,0.0461499210468824));
#6327=CARTESIAN_POINT('',(-0.0285883942576079,0.0637,0.0461392210651307));
#6328=CARTESIAN_POINT('',(-0.0286115414433534,0.0637,0.0461285210833789));
#6329=CARTESIAN_POINT('',(-0.0335146971605132,0.0637,0.043861996017367));
#6330=CARTESIAN_POINT('',(-0.0353533805544481,0.0587,0.0430120491176126));
#6331=CARTESIAN_POINT('',(-0.0291701821719241,0.0637,0.0473123017062113));
#6332=CARTESIAN_POINT('',(-0.0291924115934176,0.0637,0.0472998415522578));
#6333=CARTESIAN_POINT('',(-0.0292146410149112,0.0637,0.0472873813983043));
#6334=CARTESIAN_POINT('',(-0.0339233911966356,0.0637000000000001,0.0446480076201837));
#6335=CARTESIAN_POINT('',(-0.0356891725147822,0.0587,0.0436582424533885));
#6336=CARTESIAN_POINT('',(-0.0297203391286724,0.0637,0.0482119053514793));
#6337=CARTESIAN_POINT('',(-0.0297417592595281,0.0637,0.048198122669038));
#6338=CARTESIAN_POINT('',(-0.0297631793903837,0.0637,0.0481843399865967));
#6339=CARTESIAN_POINT('',(-0.0343005014744652,0.0637000000000001,0.0452648214346184));
#6340=CARTESIAN_POINT('',(-0.0360019972559958,0.0587,0.0441700019776266));
#6341=CARTESIAN_POINT('',(-0.0303154464561321,0.0637,0.0490924539561927));
#6342=CARTESIAN_POINT('',(-0.0303360120443379,0.0637,0.0490774076165492));
#6343=CARTESIAN_POINT('',(-0.0303565776325436,0.0637,0.0490623612769056));
#6344=CARTESIAN_POINT('',(-0.0347128861054842,0.0637,0.0458751683690092));
#6345=CARTESIAN_POINT('',(-0.0363465017828368,0.0587,0.0446799710285481));
#6346=CARTESIAN_POINT('',(-0.0311233999345318,0.0637,0.0501318019809608));
#6347=CARTESIAN_POINT('',(-0.0311428522158783,0.0637,0.0501153274934364));
#6348=CARTESIAN_POINT('',(-0.0311623044972247,0.0637,0.050098853005912));
#6349=CARTESIAN_POINT('',(-0.0352827865957549,0.0637,0.0466091424821017));
#6350=CARTESIAN_POINT('',(-0.0368279673827037,0.0587,0.0453005010356728));
#6351=CARTESIAN_POINT('',(-0.0321884223195841,0.0637,0.0512916649709215));
#6352=CARTESIAN_POINT('',(-0.0322065078578537,0.0637,0.0512737066408259));
#6353=CARTESIAN_POINT('',(-0.0322245933961233,0.0637,0.0512557483107303));
#6354=CARTESIAN_POINT('',(-0.0360555649595588,0.0637,0.0474517226357623));
#6355=CARTESIAN_POINT('',(-0.0374921792958471,0.0587,0.0460252130076492));
#6356=CARTESIAN_POINT('',(-0.0333412566988986,0.0637,0.0523702218850334));
#6357=CARTESIAN_POINT('',(-0.0333579843548747,0.0637,0.0523509975168086));
#6358=CARTESIAN_POINT('',(-0.0333747120108507,0.0637,0.0523317731485838));
#6359=CARTESIAN_POINT('',(-0.0369180499758,0.0637,0.0482595687775345));
#6360=CARTESIAN_POINT('',(-0.038246801712656,0.0587,0.046732492138391));
#6361=CARTESIAN_POINT('',(-0.0345754620813354,0.0637,0.0533728225062206));
#6362=CARTESIAN_POINT('',(-0.0345908749202057,0.0637,0.0533525338542125));
#6363=CARTESIAN_POINT('',(-0.0346062877590761,0.0637,0.0533322452022045));
#6364=CARTESIAN_POINT('',(-0.0378711144147167,0.0637,0.0490345987763881));
#6365=CARTESIAN_POINT('',(-0.0390954244105819,0.0587,0.047422981366707));
#6366=CARTESIAN_POINT('',(-0.0358551448198545,0.0637,0.0542855118923703));
#6367=CARTESIAN_POINT('',(-0.0358693387032467,0.0637,0.0542643570373385));
#6368=CARTESIAN_POINT('',(-0.0358835325866389,0.0637,0.0542432021823067));
#6369=CARTESIAN_POINT('',(-0.0388901538350479,0.0637,0.049762072185099));
#6370=CARTESIAN_POINT('',(-0.0400176368032013,0.0587,0.0480816484361461));
#6371=CARTESIAN_POINT('',(-0.037178927548676,0.0637,0.0551237245759535));
#6372=CARTESIAN_POINT('',(-0.0371920029590339,0.0637,0.0551018639597162));
#6373=CARTESIAN_POINT('',(-0.0372050783693918,0.0637,0.0550800033434789));
#6374=CARTESIAN_POINT('',(-0.0399747789176758,0.0637,0.0504493753844987));
#6375=CARTESIAN_POINT('',(-0.0410134166232823,0.0587,0.0487128898998812));
#6376=CARTESIAN_POINT('',(-0.0389940467940425,0.0637,0.0561525935746423));
#6377=CARTESIAN_POINT('',(-0.0390057717527395,0.0637,0.0561299703207009));
#6378=CARTESIAN_POINT('',(-0.0390174967114365,0.0637,0.0561073470667596));
#6379=CARTESIAN_POINT('',(-0.0415011376559948,0.0637000000000001,0.0513151732741036));
#6380=CARTESIAN_POINT('',(-0.0424325030102041,0.0587,0.0495181081018576));
#6381=CARTESIAN_POINT('',(-0.0413458804802966,0.0637,0.0572937546725212));
#6382=CARTESIAN_POINT('',(-0.0413561781043402,0.0637,0.0572704481469458));
#6383=CARTESIAN_POINT('',(-0.0413664757283839,0.0637,0.0572471416213703));
#6384=CARTESIAN_POINT('',(-0.0435477713190495,0.0637,0.0523102337234011));
#6385=CARTESIAN_POINT('',(-0.0443657571655492,0.0587,0.0504588932616627));
#6386=CARTESIAN_POINT('',(-0.0442700699629527,0.0637,0.0584834051503031));
#6387=CARTESIAN_POINT('',(-0.0442790290614741,0.0637,0.0584595601763936));
#6388=CARTESIAN_POINT('',(-0.0442879881599954,0.0637,0.0584357152024841));
#6389=CARTESIAN_POINT('',(-0.0461857504028229,0.0637000000000001,0.0533847504141227));
#6390=CARTESIAN_POINT('',(-0.0468974112438831,0.0587,0.0514906386184872));
#6391=CARTESIAN_POINT('',(-0.0472285644083898,0.0637,0.0595206947873937));
#6392=CARTESIAN_POINT('',(-0.0472365099324758,0.0637,0.0594964979831313));
#6393=CARTESIAN_POINT('',(-0.0472444554565617,0.0637,0.059472301178869));
#6394=CARTESIAN_POINT('',(-0.0489275171590206,0.0637,0.054346809878953));
#6395=CARTESIAN_POINT('',(-0.0495586652974427,0.0587,0.0524247506414846));
#6396=CARTESIAN_POINT('',(-0.0502192109694151,0.0637,0.0604487445801322));
#6397=CARTESIAN_POINT('',(-0.0502263977389254,0.0637,0.0604243142906235));
#6398=CARTESIAN_POINT('',(-0.0502335845084356,0.0637,0.0603998840011148));
#6399=CARTESIAN_POINT('',(-0.0517559229213887,0.0637,0.0552249346576577));
#6400=CARTESIAN_POINT('',(-0.0523267998262461,0.0587,0.0532843286538613));
#6401=CARTESIAN_POINT('',(-0.0532314814506078,0.0637,0.0612961395996774));
#6402=CARTESIAN_POINT('',(-0.0532381180909592,0.0637,0.0612715557198194));
#6403=CARTESIAN_POINT('',(-0.0532447547313106,0.0637,0.0612469718399614));
#6404=CARTESIAN_POINT('',(-0.0546505619615914,0.0637,0.056039488200212));
#6405=CARTESIAN_POINT('',(-0.0551777396729467,0.0587,0.054086681835306));
#6406=CARTESIAN_POINT('',(-0.0562593559391551,0.0637,0.0620871089765496));
#6407=CARTESIAN_POINT('',(-0.0562656179234765,0.0637,0.062062427887362));
#6408=CARTESIAN_POINT('',(-0.0562718799077979,0.0637,0.0620377467981744));
#6409=CARTESIAN_POINT('',(-0.0575983255744105,0.0637,0.0568096717791806));
#6410=CARTESIAN_POINT('',(-0.0580957426993901,0.0587,0.054849143647058));
#6411=CARTESIAN_POINT('',(-0.0592970244054397,0.0637,0.0628418542818717));
#6412=CARTESIAN_POINT('',(-0.0593030668428412,0.0637,0.0628171189933098));
#6413=CARTESIAN_POINT('',(-0.0593091092802427,0.0637,0.0627923837047478));
#6414=CARTESIAN_POINT('',(-0.0605890493911732,0.0637,0.0575528278960279));
#6415=CARTESIAN_POINT('',(-0.0610690269327722,0.0587,0.055587994467758));
#6416=CARTESIAN_POINT('',(-0.0623394242893131,0.0637,0.0635786717871631));
#6417=CARTESIAN_POINT('',(-0.0623453924096255,0.0637,0.063553918616126));
#6418=CARTESIAN_POINT('',(-0.062351360529938,0.0637,0.0635291654450889));
#6419=CARTESIAN_POINT('',(-0.0636155584135418,0.0637,0.0582858216786813));
#6420=CARTESIAN_POINT('',(-0.0640896326198932,0.0587,0.0563195677662785));
#6421=CARTESIAN_POINT('',(-0.0653816028845798,0.0637,0.0643151687056726));
#6422=CARTESIAN_POINT('',(-0.065387642227503,0.0637,0.0642904326587606));
#6423=CARTESIAN_POINT('',(-0.0653936815704262,0.0637,0.0642656966118486));
#6424=CARTESIAN_POINT('',(-0.0666729661930717,0.0637,0.0590259801655289));
#6425=CARTESIAN_POINT('',(-0.0671526979265636,0.0587,0.057061086498159));
#6426=CARTESIAN_POINT('',(-0.0684183769422232,0.0637,0.0650696910737357));
#6427=CARTESIAN_POINT('',(-0.0684246449904901,0.0637,0.0650450114691313));
#6428=CARTESIAN_POINT('',(-0.0684309130387571,0.0637,0.0650203318645268));
#6429=CARTESIAN_POINT('',(-0.0697586432014437,0.0637,0.0597925713175508));
#6430=CARTESIAN_POINT('',(-0.0702565420124512,0.0587,0.0578321611124348));
#6431=CARTESIAN_POINT('',(-0.0709396766786102,0.0637,0.0657306683406407));
#6432=CARTESIAN_POINT('',(-0.0709462889911135,0.0637,0.0657060781523744));
#6433=CARTESIAN_POINT('',(-0.0709529013036167,0.0637,0.0656814879641082));
#6434=CARTESIAN_POINT('',(-0.0723535552842134,0.0637,0.0604726680449363));
#6435=CARTESIAN_POINT('',(-0.0728788005269372,0.0587,0.0585193605752469));
#6436=CARTESIAN_POINT('',(-0.0729473389165865,0.0637,0.0662917194894927));
#6437=CARTESIAN_POINT('',(-0.0729543457348221,0.0637,0.0662672392368166));
#6438=CARTESIAN_POINT('',(-0.0729613525530577,0.0637,0.0662427589841405));
#6439=CARTESIAN_POINT('',(-0.0744455727631865,0.0637,0.0610572261860625));
#6440=CARTESIAN_POINT('',(-0.0750021553419848,0.0587,0.0591126513867833));
#6441=CARTESIAN_POINT('',(-0.074447386208871,0.0637,0.0667328422690651));
#6442=CARTESIAN_POINT('',(-0.0744547596573862,0.0637,0.0667084695199719));
#6443=CARTESIAN_POINT('',(-0.0744621331059014,0.0637,0.0666840967708786));
#6444=CARTESIAN_POINT('',(-0.0760240148240492,0.0637,0.0615213359336172));
#6445=CARTESIAN_POINT('',(-0.0766097204683546,0.0587,0.0595853006196442));
#6446=CARTESIAN_POINT('',(-0.0759384363840775,0.0637,0.0671985459847906));
#6447=CARTESIAN_POINT('',(-0.0759462613685208,0.0637,0.0671743137643794));
#6448=CARTESIAN_POINT('',(-0.0759540863529641,0.0637,0.0671500815439681));
#6449=CARTESIAN_POINT('',(-0.0776116147294929,0.0637,0.0620170882135693));
#6450=CARTESIAN_POINT('',(-0.0782331878706912,0.0587,0.0600922157146697));
#6451=CARTESIAN_POINT('',(-0.0774185253358849,0.0637,0.0676947364744675));
#6452=CARTESIAN_POINT('',(-0.0774269077871828,0.0637,0.0676706903802231));
#6453=CARTESIAN_POINT('',(-0.0774352902384807,0.0637,0.0676466442859788));
#6454=CARTESIAN_POINT('',(-0.0792109041060614,0.0637,0.0625530771557916));
#6455=CARTESIAN_POINT('',(-0.0798767593064041,0.0587,0.0606429894819715));
#6456=CARTESIAN_POINT('',(-0.0786404797866661,0.0637,0.068139862891909));
#6457=CARTESIAN_POINT('',(-0.0786494406276244,0.0637,0.0681160262991249));
#6458=CARTESIAN_POINT('',(-0.0786584014685827,0.0637,0.0680921897063409));
#6459=CARTESIAN_POINT('',(-0.0805565328033575,0.0637,0.063043000251011));
#6460=CARTESIAN_POINT('',(-0.0812683320538982,0.0587,0.0611495542052623));
#6461=CARTESIAN_POINT('',(-0.0796093268111783,0.0637,0.0685201500614202));
#6462=CARTESIAN_POINT('',(-0.0796188435869656,0.0637,0.0684965312916598));
#6463=CARTESIAN_POINT('',(-0.0796283603627528,0.0637,0.0684729125218994));
#6464=CARTESIAN_POINT('',(-0.0816442526670392,0.0637,0.0634698634576855));
#6465=CARTESIAN_POINT('',(-0.0824002122811466,0.0587,0.0615937200586054));
#6466=CARTESIAN_POINT('',(-0.0803308633122589,0.0637,0.0688191415327667));
#6467=CARTESIAN_POINT('',(-0.0803408529411155,0.0637,0.0687957183301538));
#6468=CARTESIAN_POINT('',(-0.0803508425699722,0.0637,0.068772295127541));
#6469=CARTESIAN_POINT('',(-0.082466897038944,0.0637000000000001,0.0638106721005249));
#6470=CARTESIAN_POINT('',(-0.0832604174648084,0.0587,0.0619500634653939));
#6471=CARTESIAN_POINT('',(-0.0810469673085109,0.0637,0.0691341738705255));
#6472=CARTESIAN_POINT('',(-0.0810574980681559,0.0637,0.0691109881665325));
#6473=CARTESIAN_POINT('',(-0.0810680288278009,0.0637,0.0690878024625395));
#6474=CARTESIAN_POINT('',(-0.0832987083984037,0.0637,0.0641764876124465));
#6475=CARTESIAN_POINT('',(-0.0841352132373797,0.0587,0.0623347445436616));
#6476=CARTESIAN_POINT('',(-0.0817535193714798,0.0637,0.069466384330813));
#6477=CARTESIAN_POINT('',(-0.0817646734877428,0.0637,0.0694434909121456));
#6478=CARTESIAN_POINT('',(-0.0817758276040058,0.0637,0.0694205974934782));
#6479=CARTESIAN_POINT('',(-0.0841385497736094,0.0637,0.0645711960215772));
#6480=CARTESIAN_POINT('',(-0.0850245705872107,0.0587,0.0627526704696143));
#6481=CARTESIAN_POINT('',(-0.0823331245821564,0.0637,0.0697599970220974));
#6482=CARTESIAN_POINT('',(-0.0823448850074255,0.0637,0.0697374095950484));
#6483=CARTESIAN_POINT('',(-0.0823566454326945,0.0637,0.0697148221679993));
#6484=CARTESIAN_POINT('',(-0.0848477990886166,0.0637000000000001,0.0649302374115927));
#6485=CARTESIAN_POINT('',(-0.0857819817095873,0.0587,0.0631360181279402));
#6486=CARTESIAN_POINT('',(-0.0827901700143888,0.0637,0.0700069181646969));
#6487=CARTESIAN_POINT('',(-0.0828024844921019,0.0637,0.0699846297126054));
#6488=CARTESIAN_POINT('',(-0.082814798969815,0.0637,0.069962341260514));
#6489=CARTESIAN_POINT('',(-0.0854233148588183,0.0637,0.0652410869145001));
#6490=CARTESIAN_POINT('',(-0.0864015083171945,0.0587,0.063470616534745));
#6491=CARTESIAN_POINT('',(-0.0831292648774771,0.0637,0.0701987662929255));
#6492=CARTESIAN_POINT('',(-0.0831420354993586,0.0637,0.0701767355818506));
#6493=CARTESIAN_POINT('',(-0.0831548061212402,0.0637,0.0701547048707756));
#6494=CARTESIAN_POINT('',(-0.0858599448097557,0.0637,0.0654880465500519));
#6495=CARTESIAN_POINT('',(-0.0868743718179489,0.0587,0.0637380496797806));
#6496=CARTESIAN_POINT('',(-0.0834642742713076,0.0637,0.0703980506380162));
#6497=CARTESIAN_POINT('',(-0.0834775493228223,0.0637,0.0703763195307082));
#6498=CARTESIAN_POINT('',(-0.083490824374337,0.0637,0.0703545884234002));
#6499=CARTESIAN_POINT('',(-0.0863028139373656,0.0637,0.0657513937106989));
#6500=CARTESIAN_POINT('',(-0.0873573100235013,0.0587,0.0640251956934359));
#6501=CARTESIAN_POINT('',(-0.0837945372852131,0.0637,0.0706056229544752));
#6502=CARTESIAN_POINT('',(-0.0838083750227695,0.0637,0.0705842448388762));
#6503=CARTESIAN_POINT('',(-0.0838222127603258,0.0637,0.0705628667232772));
#6504=CARTESIAN_POINT('',(-0.0867533933694113,0.0637,0.0660344445265586));
#6505=CARTESIAN_POINT('',(-0.0878525860978184,0.0587,0.0643362862027893));
#6506=CARTESIAN_POINT('',(-0.0841198346228496,0.0637,0.0708230074354265));
#6507=CARTESIAN_POINT('',(-0.0841343084837255,0.0637,0.0708020534004658));
#6508=CARTESIAN_POINT('',(-0.0841487823446015,0.0637,0.0707810993655051));
#6509=CARTESIAN_POINT('',(-0.0872147098609644,0.0637,0.0663425081067212));
#6510=CARTESIAN_POINT('',(-0.0883644326796004,0.0587,0.0646780363846773));
#6511=CARTESIAN_POINT('',(-0.0844368996225292,0.0637,0.0710501040394649));
#6512=CARTESIAN_POINT('',(-0.0844520984055589,0.0637,0.0710296676989994));
#6513=CARTESIAN_POINT('',(-0.0844672971885885,0.0637,0.0710092313585339));
#6514=CARTESIAN_POINT('',(-0.087686781437137,0.0637000000000001,0.0666803008054573));
#6515=CARTESIAN_POINT('',(-0.0888940880303426,0.0587,0.0650569518480536));
#6516=CARTESIAN_POINT('',(-0.0846928903866509,0.0637,0.0712486405017173));
#6517=CARTESIAN_POINT('',(-0.0847087897997458,0.0637,0.0712287451164952));
#6518=CARTESIAN_POINT('',(-0.0847246892128406,0.0637,0.0712088497312731));
#6519=CARTESIAN_POINT('',(-0.0880925845186758,0.0637000000000001,0.066994507094997));
#6520=CARTESIAN_POINT('',(-0.0893555452583639,0.0587,0.0654141286063935));
#6521=CARTESIAN_POINT('',(-0.0848916974159974,0.0637,0.0714142233238645));
#6522=CARTESIAN_POINT('',(-0.0849082388630999,0.0637,0.0713948618512178));
#6523=CARTESIAN_POINT('',(-0.0849247803102024,0.0637,0.0713755003785711));
#6524=CARTESIAN_POINT('',(-0.0884286745556007,0.0637000000000001,0.0672742538450102));
#6525=CARTESIAN_POINT('',(-0.089742634897625,0.0587,0.0657362863949249));
#6526=CARTESIAN_POINT('',(-0.0850374170756118,0.0637,0.0715421850801348));
#6527=CARTESIAN_POINT('',(-0.0850544902082092,0.0637,0.071523289678593));
#6528=CARTESIAN_POINT('',(-0.0850715633408066,0.0637,0.0715043942770513));
#6529=CARTESIAN_POINT('',(-0.0886880819372987,0.0637,0.0675018733176458));
#6530=CARTESIAN_POINT('',(-0.0900442764109833,0.0587,0.0660009279578688));
#6531=CARTESIAN_POINT('',(-0.0851792881649231,0.0637,0.0716744382019076));
#6532=CARTESIAN_POINT('',(-0.0851969559191342,0.0637,0.0716560957652905));
#6533=CARTESIAN_POINT('',(-0.0852146236733452,0.0637,0.0716377533286735));
#6534=CARTESIAN_POINT('',(-0.0889570980726915,0.0637000000000001,0.067752364238422));
#6535=CARTESIAN_POINT('',(-0.0903605259724463,0.0587,0.0662953433295776));
#6536=CARTESIAN_POINT('',(-0.0853165932107505,0.0637,0.071811590597302));
#6537=CARTESIAN_POINT('',(-0.0853349375308707,0.0637,0.0717939219032313));
#6538=CARTESIAN_POINT('',(-0.085353281850991,0.0637,0.0717762532091606));
#6539=CARTESIAN_POINT('',(-0.0892390699145616,0.0637,0.0680335797239254));
#6540=CARTESIAN_POINT('',(-0.0906962404384005,0.0587,0.0666300771669622));
#6541=CARTESIAN_POINT('',(-0.0854266054708059,0.0637,0.071930941404086));
#6542=CARTESIAN_POINT('',(-0.0854456083556891,0.0637,0.0719139833174158));
#6543=CARTESIAN_POINT('',(-0.0854646112405723,0.0637,0.0718970252307455));
#6544=CARTESIAN_POINT('',(-0.0894898998731625,0.0637,0.0683048762531658));
#6545=CARTESIAN_POINT('',(-0.0909993831103838,0.0587,0.0669578203865734));
#6546=CARTESIAN_POINT('',(-0.085510808392852,0.0637,0.0720297319241483));
#6547=CARTESIAN_POINT('',(-0.0855304213820371,0.0637,0.0720134882031598));
#6548=CARTESIAN_POINT('',(-0.0855500343712223,0.0637,0.0719972444821714));
#6549=CARTESIAN_POINT('',(-0.0897045584291922,0.0637000000000001,0.0685564161107148));
#6550=CARTESIAN_POINT('',(-0.0912625049509309,0.0587,0.0672661054714186));
#6551=CARTESIAN_POINT('',(-0.0855714356868432,0.0637,0.0721052992245445));
#6552=CARTESIAN_POINT('',(-0.0855915572621785,0.0637,0.0720896877525449));
#6553=CARTESIAN_POINT('',(-0.0856116788375138,0.0637,0.0720740762805452));
#6554=CARTESIAN_POINT('',(-0.0898739342247781,0.0637,0.0687671741357204));
#6555=CARTESIAN_POINT('',(-0.0914722799950022,0.0587,0.0675270858314111));
#6556=CARTESIAN_POINT('',(-0.0856291968588982,0.0637,0.072182634024113));
#6557=CARTESIAN_POINT('',(-0.0856498951965076,0.0637,0.0721677921087601));
#6558=CARTESIAN_POINT('',(-0.085670593534117,0.0637,0.0721529501934073));
#6559=CARTESIAN_POINT('',(-0.0900550216672477,0.0637000000000001,0.069009059488238));
#6560=CARTESIAN_POINT('',(-0.0916991822171716,0.0587,0.0678301004737996));
#6561=CARTESIAN_POINT('',(-0.0856744195318454,0.0637,0.0722487776690275));
#6562=CARTESIAN_POINT('',(-0.0856956778587895,0.0637,0.0722347493364784));
#6563=CARTESIAN_POINT('',(-0.0857169361857337,0.0637,0.0722207210039293));
#6564=CARTESIAN_POINT('',(-0.0902199841346118,0.0637,0.0692491675850034));
#6565=CARTESIAN_POINT('',(-0.0919086271154409,0.0587,0.0681348350529061));
#6566=CARTESIAN_POINT('',(-0.0857083091295631,0.0637,0.0723028757263665));
#6567=CARTESIAN_POINT('',(-0.0857300889866246,0.0637,0.0722896777018721));
#6568=CARTESIAN_POINT('',(-0.085751868843686,0.0637,0.0722764796773777));
#6569=CARTESIAN_POINT('',(-0.090365389979429,0.0637000000000001,0.069480806373225));
#6570=CARTESIAN_POINT('',(-0.0920954604053326,0.0587,0.0684324288841677));
#6571=CARTESIAN_POINT('',(-0.0857324158512079,0.0637,0.0723441946016763));
#6572=CARTESIAN_POINT('',(-0.0857546362087007,0.0637,0.0723317487836332));
#6573=CARTESIAN_POINT('',(-0.0857768565661934,0.0637,0.0723193029655902));
#6574=CARTESIAN_POINT('',(-0.0904836867647333,0.0637,0.0696829658936246));
#6575=CARTESIAN_POINT('',(-0.0922487480891858,0.0587,0.0686943394916376));
#6576=CARTESIAN_POINT('',(-0.0857546825747403,0.0637,0.0723859079479926));
#6577=CARTESIAN_POINT('',(-0.0857774047538229,0.0637,0.072374397204979));
#6578=CARTESIAN_POINT('',(-0.0858001269329055,0.0637,0.0723628864619654));
#6579=CARTESIAN_POINT('',(-0.0906132555568497,0.0637000000000001,0.0699246217832043));
#6580=CARTESIAN_POINT('',(-0.0924181787908287,0.0587,0.0690102725286689));
#6581=CARTESIAN_POINT('',(-0.0857746210750609,0.0637,0.0724278856406401));
#6582=CARTESIAN_POINT('',(-0.0857979240013135,0.0637,0.0724175850475167));
#6583=CARTESIAN_POINT('',(-0.085821226927566,0.0637,0.0724072844543932));
#6584=CARTESIAN_POINT('',(-0.0907573723984737,0.0637000000000001,0.0702253599380069));
#6585=CARTESIAN_POINT('',(-0.0926084269500641,0.0587,0.069407138244362));
#6586=CARTESIAN_POINT('',(-0.085788738736175,0.0637,0.0724630090949981));
#6587=CARTESIAN_POINT('',(-0.0858126096529194,0.0637,0.0724541001409692));
#6588=CARTESIAN_POINT('',(-0.0858364805696637,0.0637,0.0724451911869402));
#6589=CARTESIAN_POINT('',(-0.090892940702486,0.0637,0.0705580508079191));
#6590=CARTESIAN_POINT('',(-0.0927891132522943,0.0587,0.0698503731657862));
#6591=CARTESIAN_POINT('',(-0.0857981704997857,0.0637,0.0724912962783378));
#6592=CARTESIAN_POINT('',(-0.0858225019356651,0.0637,0.0724837632543171));
#6593=CARTESIAN_POINT('',(-0.0858468333715445,0.0637,0.0724762302302965));
#6594=CARTESIAN_POINT('',(-0.0910008430317561,0.0637000000000001,0.0708805464093562));
#6595=CARTESIAN_POINT('',(-0.0929335966543354,0.0587,0.0702821649765036));
#6596=CARTESIAN_POINT('',(-0.0858043039272537,0.0637,0.0725127880587383));
#6597=CARTESIAN_POINT('',(-0.0858289465095319,0.0637,0.0725063460722139));
#6598=CARTESIAN_POINT('',(-0.0858535890918101,0.0637,0.0724999040856895));
#6599=CARTESIAN_POINT('',(-0.0910735073795672,0.0637,0.0711353294283457));
#6600=CARTESIAN_POINT('',(-0.0930309767374761,0.0587,0.0706236139318418));
#6601=CARTESIAN_POINT('',(-0.0858095486150176,0.0637,0.0725347479840723));
#6602=CARTESIAN_POINT('',(-0.0858344397862854,0.0637,0.0725293519129568));
#6603=CARTESIAN_POINT('',(-0.0858593309575532,0.0637,0.0725239558418414));
#6604=CARTESIAN_POINT('',(-0.0911319066412889,0.0637,0.0713809323559324));
#6605=CARTESIAN_POINT('',(-0.0931091225226899,0.0587,0.0709522985487165));
#6606=CARTESIAN_POINT('',(-0.0858154789443303,0.0637,0.0725648655407475));
#6607=CARTESIAN_POINT('',(-0.0858406144366755,0.0637,0.0725607209425445));
#6608=CARTESIAN_POINT('',(-0.0858657499290206,0.0637,0.0725565763443416));
#6609=CARTESIAN_POINT('',(-0.0911900789576571,0.0637,0.071678646275541));
#6610=CARTESIAN_POINT('',(-0.0931867023433957,0.0587,0.0713494224997408));
#6611=CARTESIAN_POINT('',(-0.0858210056585592,0.0637,0.0726034610523484));
#6612=CARTESIAN_POINT('',(-0.0858463143707549,0.0637,0.0726005686649066));
#6613=CARTESIAN_POINT('',(-0.0858716230829507,0.0637,0.0725976762774648));
#6614=CARTESIAN_POINT('',(-0.0912326444296199,0.0637000000000001,0.0719849959206624));
#6615=CARTESIAN_POINT('',(-0.0932430274346208,0.0587,0.0717552407868615));
#6616=CARTESIAN_POINT('',(-0.0858252455007547,0.0637,0.0726502872999593));
#6617=CARTESIAN_POINT('',(-0.0858506551075046,0.0637,0.0726485438198763));
#6618=CARTESIAN_POINT('',(-0.0858760647142546,0.0637,0.0726468003397934));
#6619=CARTESIAN_POINT('',(-0.0912584580633595,0.0637,0.0722774874379854));
#6620=CARTESIAN_POINT('',(-0.0932768555692739,0.0587,0.0721389950998074));
#6621=CARTESIAN_POINT('',(-0.0858275960874277,0.0637,0.0726975573666767));
#6622=CARTESIAN_POINT('',(-0.0858530502935402,0.0637,0.0726967445847495));
#6623=CARTESIAN_POINT('',(-0.0858785044996527,0.0637,0.0726959318028223));
#6624=CARTESIAN_POINT('',(-0.091270345114698,0.0637,0.0725237641623683));
#6625=CARTESIAN_POINT('',(-0.0932922853453399,0.0587,0.0724592012971981));
#6626=CARTESIAN_POINT('',(-0.0858283667891925,0.0637,0.0727450890914993));
#6627=CARTESIAN_POINT('',(-0.0858538326844786,0.0637,0.0727450571258234));
#6628=CARTESIAN_POINT('',(-0.0858792985797647,0.0637,0.0727450251601476));
#6629=CARTESIAN_POINT('',(-0.0912736152555648,0.0637000000000001,0.0727382540265855));
#6630=CARTESIAN_POINT('',(-0.0932964840089898,0.0587,0.0727357148514997));
#6631=CARTESIAN_POINT('',(-0.0858275860408139,0.0637,0.0728087218066498));
#6632=CARTESIAN_POINT('',(-0.0858530400235814,0.0637,0.0728095881351077));
#6633=CARTESIAN_POINT('',(-0.0858784940063488,0.0637,0.0728104544635657));
#6634=CARTESIAN_POINT('',(-0.0912702873112962,0.0637,0.0729939646050767));
#6635=CARTESIAN_POINT('',(-0.0932922098006514,0.0587,0.0730627809081433));
#6636=CARTESIAN_POINT('',(-0.0858236431913684,0.0637,0.0728886157659224));
#6637=CARTESIAN_POINT('',(-0.0858490490835715,0.0637,0.0728904069038661));
#6638=CARTESIAN_POINT('',(-0.0858744549757747,0.0637,0.0728921980418098));
#6639=CARTESIAN_POINT('',(-0.0912560614905095,0.0637000000000001,0.0732716060763577));
#6640=CARTESIAN_POINT('',(-0.093274163933535,0.0587,0.0734138840893131));
#6641=CARTESIAN_POINT('',(-0.085815077721498,0.0637,0.072984775507364));
#6642=CARTESIAN_POINT('',(-0.0858404008180256,0.0637,0.0729874805965223));
#6643=CARTESIAN_POINT('',(-0.0858657239145532,0.0637,0.0729901856856805));
#6644=CARTESIAN_POINT('',(-0.0912297922242285,0.0637,0.0735631915585178));
#6645=CARTESIAN_POINT('',(-0.0932413178403567,0.0587,0.0737780687608318));
#6646=CARTESIAN_POINT('',(-0.085803226006896,0.0637,0.0730812969873739));
#6647=CARTESIAN_POINT('',(-0.0858284525031322,0.0637,0.0730847813272464));
#6648=CARTESIAN_POINT('',(-0.0858536789993683,0.0637,0.0730882656671188));
#6649=CARTESIAN_POINT('',(-0.0911972849393836,0.0637,0.0738263364267356));
#6650=CARTESIAN_POINT('',(-0.0932011371668892,0.0587,0.0741031129615919));
#6651=CARTESIAN_POINT('',(-0.0857837404157719,0.0637,0.0732093556258577));
#6652=CARTESIAN_POINT('',(-0.0858088290731282,0.0637,0.0732137403053624));
#6653=CARTESIAN_POINT('',(-0.0858339177304845,0.0637,0.0732181249848671));
#6654=CARTESIAN_POINT('',(-0.0911483259313387,0.0637000000000001,0.074146910307535));
#6655=CARTESIAN_POINT('',(-0.0931412290066589,0.0587,0.0744952048035354));
#6656=CARTESIAN_POINT('',(-0.0857534570547173,0.0637,0.0733679210427507));
#6657=CARTESIAN_POINT('',(-0.0857783658890821,0.0637,0.073373234693358));
#6658=CARTESIAN_POINT('',(-0.0858032747234468,0.0637,0.0733785483439653));
#6659=CARTESIAN_POINT('',(-0.0910795918950638,0.0637,0.0745041130947098));
#6660=CARTESIAN_POINT('',(-0.09305821083442,0.0587,0.0749261998762389));
#6661=CARTESIAN_POINT('',(-0.085709510677678,0.0637,0.0735562908994242));
#6662=CARTESIAN_POINT('',(-0.085734203995236,0.0637,0.0735625222820911));
#6663=CARTESIAN_POINT('',(-0.085758897312794,0.0637,0.073568753664758));
#6664=CARTESIAN_POINT('',(-0.0909895626079843,0.0637,0.0748887171318068));
#6665=CARTESIAN_POINT('',(-0.0929510620936807,0.0587,0.0753837034319501));
#6666=CARTESIAN_POINT('',(-0.0856591678374118,0.0637,0.0737429681419459));
#6667=CARTESIAN_POINT('',(-0.085683650131784,0.0637,0.0737499784423688));
#6668=CARTESIAN_POINT('',(-0.0857081324261562,0.0637,0.0737569887427916));
#6669=CARTESIAN_POINT('',(-0.0908940977067881,0.0637,0.0752419465676925));
#6670=CARTESIAN_POINT('',(-0.0928388346870249,0.0587,0.0757988057520304));
#6671=CARTESIAN_POINT('',(-0.0856032917189416,0.0637,0.073928157709117));
#6672=CARTESIAN_POINT('',(-0.0856275692693513,0.0637,0.0739358445057533));
#6673=CARTESIAN_POINT('',(-0.085651846819761,0.0637,0.0739435313023896));
#6674=CARTESIAN_POINT('',(-0.0907944421831426,0.0637,0.075571788028217));
#6675=CARTESIAN_POINT('',(-0.0927229154444107,0.0587,0.0761823843004022));
#6676=CARTESIAN_POINT('',(-0.0855425282701801,0.0637,0.0741120070678263));
#6677=CARTESIAN_POINT('',(-0.0855666079383504,0.0637,0.0741202912314726));
#6678=CARTESIAN_POINT('',(-0.0855906876065207,0.0637,0.0741285753951189));
#6679=CARTESIAN_POINT('',(-0.0906913665380766,0.0637,0.0758833694677529));
#6680=CARTESIAN_POINT('',(-0.0926041211374101,0.0587,0.0765414172449906));
#6681=CARTESIAN_POINT('',(-0.08545565407023,0.0637,0.0743555221189967));
#6682=CARTESIAN_POINT('',(-0.0854794791461583,0.0637,0.0743645185935271));
#6683=CARTESIAN_POINT('',(-0.0855033042220865,0.0637,0.0743735150680574));
#6684=CARTESIAN_POINT('',(-0.0905500541179007,0.0637000000000001,0.0762791944889931));
#6685=CARTESIAN_POINT('',(-0.092442585328831,0.0587,0.0769938242718439));
#6686=CARTESIAN_POINT('',(-0.085337146651365,0.0637,0.0746570914170703));
#6687=CARTESIAN_POINT('',(-0.0853606704931233,0.0637,0.0746668504959022));
#6688=CARTESIAN_POINT('',(-0.0853841943348817,0.0637,0.0746766095747341));
#6689=CARTESIAN_POINT('',(-0.0903671352623574,0.0637,0.0767438277538678));
#6690=CARTESIAN_POINT('',(-0.0922357381101607,0.0587,0.077519034571043));
#6691=CARTESIAN_POINT('',(-0.0851813659329651,0.0637,0.0750153196004677));
#6692=CARTESIAN_POINT('',(-0.0852045529875168,0.0637,0.0750258506400026));
#6693=CARTESIAN_POINT('',(-0.0852277400420685,0.0637,0.0750363816795376));
#6694=CARTESIAN_POINT('',(-0.0901393409744401,0.0637,0.0772671205378734));
#6695=CARTESIAN_POINT('',(-0.0919811913240794,0.0587,0.0781036476097493));
#6696=CARTESIAN_POINT('',(-0.0850154776614881,0.0637,0.0753667831594519));
#6697=CARTESIAN_POINT('',(-0.0850383530738094,0.0637,0.0753779728482478));
#6698=CARTESIAN_POINT('',(-0.0850612284861307,0.0637,0.0753891625370436));
#6699=CARTESIAN_POINT('',(-0.0899068157613611,0.0637000000000001,0.0777594198631766));
#6700=CARTESIAN_POINT('',(-0.0917239109895725,0.0587,0.0786482663604765));
#6701=CARTESIAN_POINT('',(-0.0848406473590066,0.0637,0.0757128332975161));
#6702=CARTESIAN_POINT('',(-0.084863232553413,0.0637,0.0757245963913982));
#6703=CARTESIAN_POINT('',(-0.0848858177478194,0.0637,0.0757363594852803));
#6704=CARTESIAN_POINT('',(-0.089669929574401,0.0637,0.0782280784205174));
#6705=CARTESIAN_POINT('',(-0.091463971509369,0.0587,0.0791624730212312));
#6706=CARTESIAN_POINT('',(-0.0846579700059839,0.0637,0.0760539582454313));
#6707=CARTESIAN_POINT('',(-0.0846802839212544,0.0637,0.0760662271986032));
#6708=CARTESIAN_POINT('',(-0.0847025978365249,0.0637,0.076078496151775));
#6709=CARTESIAN_POINT('',(-0.0894292459238561,0.0637000000000001,0.0786773687987341));
#6710=CARTESIAN_POINT('',(-0.0912017389566052,0.0587,0.0796519460413438));
#6711=CARTESIAN_POINT('',(-0.0844050143578957,0.0637,0.0765029420767382));
#6712=CARTESIAN_POINT('',(-0.0844269888708732,0.0637,0.0765158127122003));
#6713=CARTESIAN_POINT('',(-0.0844489633838508,0.0637,0.0765286833476624));
#6714=CARTESIAN_POINT('',(-0.0891037175350711,0.0637,0.0792550074262485));
#6715=CARTESIAN_POINT('',(-0.0908492503417787,0.0587,0.0802773789557183));
#6716=CARTESIAN_POINT('',(-0.0840729607503349,0.0637,0.077054237288474));
#6717=CARTESIAN_POINT('',(-0.0840945481510861,0.0637,0.0770677483315791));
#6718=CARTESIAN_POINT('',(-0.0841161355518374,0.0637,0.0770812593746843));
#6719=CARTESIAN_POINT('',(-0.0886888896039271,0.0637000000000001,0.0799432378879404));
#6720=CARTESIAN_POINT('',(-0.0904036723734607,0.0587,0.0810164798304114));
#6721=CARTESIAN_POINT('',(-0.0836532430555925,0.0637,0.0777024421825684));
#6722=CARTESIAN_POINT('',(-0.0836744138674286,0.0637,0.0777165950574963));
#6723=CARTESIAN_POINT('',(-0.0836955846792646,0.0637,0.0777307479324242));
#6724=CARTESIAN_POINT('',(-0.08818009472866,0.0637,0.0807286825573972));
#6725=CARTESIAN_POINT('',(-0.0898617859971833,0.0587,0.081852908041762));
#6726=CARTESIAN_POINT('',(-0.0832152386288619,0.0637,0.0783391119066405));
#6727=CARTESIAN_POINT('',(-0.0832360325083403,0.0637,0.0783538116417997));
#6728=CARTESIAN_POINT('',(-0.0832568263878187,0.0637,0.0783685113769589));
#6729=CARTESIAN_POINT('',(-0.0876614926901325,0.0637000000000001,0.0814822847435851));
#6730=CARTESIAN_POINT('',(-0.0893132425535001,0.0587,0.0826499497560698));
#6731=CARTESIAN_POINT('',(-0.0827611873277591,0.0637,0.0789657011260205));
#6732=CARTESIAN_POINT('',(-0.0827816375805372,0.0637,0.0789808743693095));
#6733=CARTESIAN_POINT('',(-0.0828020878333154,0.0637,0.0789960476125984));
#6734=CARTESIAN_POINT('',(-0.0871339653638815,0.0637,0.0822101219021568));
#6735=CARTESIAN_POINT('',(-0.0887584194378437,0.0587,0.0834153997607413));
#6736=CARTESIAN_POINT('',(-0.0822930109521007,0.0637,0.0795831678903618));
#6737=CARTESIAN_POINT('',(-0.0823131460354133,0.0637,0.0795987563147842));
#6738=CARTESIAN_POINT('',(-0.0823332811187258,0.0637,0.0796143447392067));
#6739=CARTESIAN_POINT('',(-0.0865983978350719,0.0637000000000001,0.0829163648279152));
#6740=CARTESIAN_POINT('',(-0.0881978166037017,0.0587,0.0841546223611809));
#6741=CARTESIAN_POINT('',(-0.0816512236505188,0.0637,0.0803962827569923));
#6742=CARTESIAN_POINT('',(-0.0816709709258454,0.0637,0.080412361999867));
#6743=CARTESIAN_POINT('',(-0.0816907182011721,0.0637,0.0804284412427416));
#6744=CARTESIAN_POINT('',(-0.0858736874390297,0.0637000000000001,0.083834429015738));
#6745=CARTESIAN_POINT('',(-0.0874423009032263,0.0587,0.0851116744306117));
#6746=CARTESIAN_POINT('',(-0.080823643575943,0.0637,0.0813900059858364));
#6747=CARTESIAN_POINT('',(-0.0808429612338858,0.0637,0.0814065994915035));
#6748=CARTESIAN_POINT('',(-0.0808622788918285,0.0637,0.0814231929971705));
#6749=CARTESIAN_POINT('',(-0.0849542443698649,0.0637,0.0849381145549662));
#6750=CARTESIAN_POINT('',(-0.0864887314241284,0.0587,0.0862562101391396));
#6751=CARTESIAN_POINT('',(-0.0798002379203085,0.0637,0.0825491119888235));
#6752=CARTESIAN_POINT('',(-0.0798191088238689,0.0637,0.0825662104272701));
#6753=CARTESIAN_POINT('',(-0.0798379797274293,0.0637,0.0825833088657168));
#6754=CARTESIAN_POINT('',(-0.0838353113986544,0.0637,0.0862051878771095));
#6755=CARTESIAN_POINT('',(-0.0853343107753637,0.0587,0.0875633925063817));
#6756=CARTESIAN_POINT('',(-0.0787504522860225,0.0637,0.083681013715584));
#6757=CARTESIAN_POINT('',(-0.0787689303695196,0.0637,0.0836985349952137));
#6758=CARTESIAN_POINT('',(-0.0787874084530166,0.0637,0.0837160562748433));
#6759=CARTESIAN_POINT('',(-0.0827015309617727,0.0637,0.0874275036763825));
#6760=CARTESIAN_POINT('',(-0.0841693269025562,0.0587,0.0888192964519598));
#6761=CARTESIAN_POINT('',(-0.0776782032158789,0.0637,0.0847892360633947));
#6762=CARTESIAN_POINT('',(-0.0776963321534682,0.0637,0.0848071177357623));
#6763=CARTESIAN_POINT('',(-0.0777144610910575,0.0637,0.08482499940813));
#6764=CARTESIAN_POINT('',(-0.0815546257212024,0.0637000000000001,0.0886127870496205));
#6765=CARTESIAN_POINT('',(-0.0829946874575067,0.0587,0.0900332074151794));
#6766=CARTESIAN_POINT('',(-0.0765862757362409,0.0637,0.0858768333406012));
#6767=CARTESIAN_POINT('',(-0.0766040914629387,0.0637,0.0858950266533891));
#6768=CARTESIAN_POINT('',(-0.0766219071896366,0.0637,0.0859132199661769));
#6769=CARTESIAN_POINT('',(-0.0803957258807952,0.0637,0.089767020881359));
#6770=CARTESIAN_POINT('',(-0.0818109078899797,0.0587,0.0912121962245523));
#6771=CARTESIAN_POINT('',(-0.0754769654521297,0.0637,0.0869461633595907));
#6772=CARTESIAN_POINT('',(-0.0754944980555015,0.0637,0.0869646293574452));
#6773=CARTESIAN_POINT('',(-0.0755120306588732,0.0637,0.0869830953552997));
#6774=CARTESIAN_POINT('',(-0.079225876713601,0.0637,0.0908946578212041));
#6775=CARTESIAN_POINT('',(-0.0806185689841239,0.0587,0.0923614937459183));
#6776=CARTESIAN_POINT('',(-0.0743521237522273,0.0637,0.0879991721005004));
#6777=CARTESIAN_POINT('',(-0.0743693986511942,0.0637,0.0880178791674995));
#6778=CARTESIAN_POINT('',(-0.074386673550161,0.0637,0.0880365862344987));
#6779=CARTESIAN_POINT('',(-0.0780459313348454,0.0637000000000001,0.0919992132042243));
#6780=CARTESIAN_POINT('',(-0.079418153004102,0.0587,0.0934851983178713));
#6781=CARTESIAN_POINT('',(-0.0734030981286963,0.0637,0.0888644218189787));
#6782=CARTESIAN_POINT('',(-0.0734201766772129,0.0637,0.0888833078015252));
#6783=CARTESIAN_POINT('',(-0.0734372552257295,0.0637,0.0889021937840717));
#6784=CARTESIAN_POINT('',(-0.0770549210500235,0.0637,0.0929027195635466));
#6785=CARTESIAN_POINT('',(-0.0784115457341338,0.0587,0.0944029167308496));
#6786=CARTESIAN_POINT('',(-0.0726375278802253,0.0637,0.089549940421098));
#6787=CARTESIAN_POINT('',(-0.0726544583474735,0.0637,0.0895689589751222));
#6788=CARTESIAN_POINT('',(-0.0726713888147216,0.0637,0.0895879775291464));
#6789=CARTESIAN_POINT('',(-0.0762576873045109,0.0637,0.0936165852796239));
#6790=CARTESIAN_POINT('',(-0.0776025492381818,0.0587,0.0951273131860529));
#6791=CARTESIAN_POINT('',(-0.0721565191301599,0.0637,0.0899757344507862));
#6792=CARTESIAN_POINT('',(-0.0721733617680557,0.0637,0.0899948307558406));
#6793=CARTESIAN_POINT('',(-0.0721902044059515,0.0637,0.090013927060895));
#6794=CARTESIAN_POINT('',(-0.0757578984314387,0.0637,0.0940590044337492));
#6795=CARTESIAN_POINT('',(-0.0770957836909964,0.0587,0.0955759084485695));
#6796=CARTESIAN_POINT('',(-0.0717702600763482,0.0637,0.0903148324716168));
#6797=CARTESIAN_POINT('',(-0.0717870321362878,0.0637,0.0903339907198621));
#6798=CARTESIAN_POINT('',(-0.0718038041962274,0.0637,0.0903531489681074));
#6799=CARTESIAN_POINT('',(-0.0753565480367018,0.0637,0.094411347465661));
#6800=CARTESIAN_POINT('',(-0.0766888269768796,0.0587,0.0959331719022436));
#6801=CARTESIAN_POINT('',(-0.071528261038729,0.0637,0.0905261717783576));
#6802=CARTESIAN_POINT('',(-0.0715449952500391,0.0637,0.0905453630989208));
#6803=CARTESIAN_POINT('',(-0.0715617294613492,0.0637,0.0905645544194841));
#6804=CARTESIAN_POINT('',(-0.0751064560108107,0.0637000000000001,0.0946297584652046));
#6805=CARTESIAN_POINT('',(-0.076435728466859,0.0587,0.09615420998235));
#6806=CARTESIAN_POINT('',(-0.0713343049539084,0.0637,0.0906948196650294));
#6807=CARTESIAN_POINT('',(-0.0713509969341766,0.0637,0.0907140476987782));
#6808=CARTESIAN_POINT('',(-0.0713676889144448,0.0637,0.090733275732527));
#6809=CARTESIAN_POINT('',(-0.0749034698678141,0.0637000000000001,0.0948062565536853));
#6810=CARTESIAN_POINT('',(-0.0762293877253272,0.0587,0.0963336243616192));
#6811=CARTESIAN_POINT('',(-0.0711977563552879,0.0637,0.0908134131141807));
#6812=CARTESIAN_POINT('',(-0.0712144557604813,0.0637,0.0908326346931358));
#6813=CARTESIAN_POINT('',(-0.0712311551656748,0.0637,0.090851856272091));
#6814=CARTESIAN_POINT('',(-0.0747685089048244,0.0637000000000001,0.0949234698057338));
#6815=CARTESIAN_POINT('',(-0.0760950165570066,0.0587,0.0964503248808514));
#6816=CARTESIAN_POINT('',(-0.0711097655842849,0.0637,0.0908898498136007));
#6817=CARTESIAN_POINT('',(-0.0711264654367579,0.0637,0.0909090710037174));
#6818=CARTESIAN_POINT('',(-0.0711431652892308,0.0637,0.0909282921938341));
#6819=CARTESIAN_POINT('',(-0.074680613773426,0.0636999999999999,0.094999823361711));
#6820=CARTESIAN_POINT('',(-0.0760071569549971,0.0586999999999999,0.0965266475496621));
#6821=CARTESIAN_POINT('',(-0.0710703075654065,0.0637,0.0909241278602315));
#6822=CARTESIAN_POINT('',(-0.0710870072780362,0.0637,0.0909433491719198));
#6823=CARTESIAN_POINT('',(-0.0711037069906659,0.0637,0.090962570483608));
#6824=CARTESIAN_POINT('',(-0.0746411258525365,0.0636999999999999,0.0950341274033951));
#6825=CARTESIAN_POINT('',(-0.0759676579257349,0.0586999999999999,0.0965609612483112));
#6826=CARTESIAN_POINT('',(-0.0885705226297505,0.0632614926717252,0.0725874359708617));
#6827=CARTESIAN_POINT('',(-0.0874461332901686,0.063575608475575,0.0727948024112842));
#6828=CARTESIAN_POINT('',(-0.0862941659335587,0.0637115202515847,0.0725441111718112));
#6829=CARTESIAN_POINT('',(-0.0850004016334211,0.0636915142635306,0.0716275945919194));
#6830=CARTESIAN_POINT('',(-0.0845312843987255,0.063713152609254,0.0700047686545412));
#6831=CARTESIAN_POINT('',(-0.0850187827881619,0.0633777458803887,0.0685412959566897));
#6832=CARTESIAN_POINT('',(-0.0857249242273469,0.0629526484704432,0.0676987913451998));
#6833=CARTESIAN_POINT('',(-0.0866443845171293,0.0624232656529347,0.0671879282272668));
#6834=CARTESIAN_POINT('',(-0.0876624505002737,0.0618856797094486,0.0670317423395422));
#6835=CARTESIAN_POINT('',(-0.0887362406938201,0.0614333410802183,0.0672687307391129));
#6836=CARTESIAN_POINT('',(-0.0896914499192137,0.0612601606838515,0.0679628351645142));
#6837=CARTESIAN_POINT('',(-0.0902724575129578,0.0614592469010215,0.068990240230957));
#6838=CARTESIAN_POINT('',(-0.0904407262719712,0.0620132276038358,0.0704609244813789));
#6839=CARTESIAN_POINT('',(-0.0898024197674794,0.0626980661913403,0.0717999196651845));
#6840=CARTESIAN_POINT('',(-0.0885705226297505,0.0632614926717252,0.0725874359708617));
#6841=CARTESIAN_POINT('',(-0.0874461332901686,0.063575608475575,0.0727948024112842));
#6842=CARTESIAN_POINT('',(-0.0862941659335587,0.0637115202515847,0.0725441111718112));
#6843=CARTESIAN_POINT('',(-0.0874415369539972,0.0635459078042683,0.0727184594646348));
#6844=CARTESIAN_POINT('',(-0.0437155281265088,0.0635834995311044,0.056625452229937));
#6845=CARTESIAN_POINT('',(-0.0425319166606828,0.0636688449844675,0.0569007371076063));
#6846=CARTESIAN_POINT('',(-0.0413400697901082,0.0636826701115488,0.0566417573292657));
#6847=CARTESIAN_POINT('',(-0.0403819167271163,0.0636667518631469,0.0558991047473472));
#6848=CARTESIAN_POINT('',(-0.0398292318009001,0.0635763979689263,0.0548183589356685));
#6849=CARTESIAN_POINT('',(-0.0397715823002174,0.0633233000907363,0.0536319233754483));
#6850=CARTESIAN_POINT('',(-0.0401502102342906,0.0628680162329055,0.0525790923438028));
#6851=CARTESIAN_POINT('',(-0.040819276925985,0.0622543717595864,0.0517901855028044));
#6852=CARTESIAN_POINT('',(-0.0416641616834323,0.0615713864208987,0.0512960043504357));
#6853=CARTESIAN_POINT('',(-0.0426447270579436,0.0609045416363338,0.0510930444156199));
#6854=CARTESIAN_POINT('',(-0.0438221118370637,0.0605333342544672,0.0513319015513575));
#6855=CARTESIAN_POINT('',(-0.0447495066374173,0.0609461176807685,0.0520792535498779));
#6856=CARTESIAN_POINT('',(-0.0452224371481822,0.0616076566397962,0.0529504547329027));
#6857=CARTESIAN_POINT('',(-0.045391749845959,0.0622863681388284,0.053917628603933));
#6858=CARTESIAN_POINT('',(-0.045219412337783,0.0628914268749001,0.0549387584582403));
#6859=CARTESIAN_POINT('',(-0.0446587425858948,0.063337891817979,0.0559055265380489));
#6860=CARTESIAN_POINT('',(-0.0437155281265088,0.0635834995311044,0.056625452229937));
#6861=CARTESIAN_POINT('',(-0.0425319166606828,0.0636688449844675,0.0569007371076063));
#6862=CARTESIAN_POINT('',(-0.0413400697901082,0.0636826701115488,0.0566417573292657));
#6863=CARTESIAN_POINT('',(-0.0425305440932247,0.0636569249300872,0.0568116929982712));
#6864=CARTESIAN_POINT('',(-0.0306742016053305,0.0636999999999794,0.0494617357984232));
#6865=CARTESIAN_POINT('',(-0.0316069382810358,0.0636999991723789,0.0502443947989931));
#6866=CARTESIAN_POINT('',(-0.0325396501095638,0.0636901072679039,0.0510270329503055));
#6867=CARTESIAN_POINT('',(-0.0334723815478185,0.0636880215343774,0.0518096875561325));
#6868=CARTESIAN_POINT('',(-0.0334723815478185,0.0636880215343775,0.0518096875561325));
#6869=CARTESIAN_POINT('',(-0.0341767975742211,0.0636436847474621,0.0517480591394165));
#6870=CARTESIAN_POINT('',(-0.0340078647786293,0.0636750331181002,0.0519493854054697));
#6871=CARTESIAN_POINT('',(-0.033675161305889,0.0636875680870908,0.0519798399763397));
#6872=CARTESIAN_POINT('',(-0.0334723815478184,0.0636880215343775,0.0518096875561325));
#6873=CARTESIAN_POINT('',(-0.0341767975742211,0.0636436847474621,0.0517480591394165));
#6874=CARTESIAN_POINT('',(-0.0361051604032809,0.0626582921140974,0.0494499258100594));
#6875=CARTESIAN_POINT('',(-0.0355048731671529,0.0631880532749533,0.0501653202803033));
#6876=CARTESIAN_POINT('',(-0.0348620856287629,0.0635165178237609,0.0509313646384544));
#6877=CARTESIAN_POINT('',(-0.0341767975742211,0.0636436847474621,0.0517480591394165));
#6878=CARTESIAN_POINT('',(-0.0361051604032809,0.0626582921140974,0.0494499258100594));
#6879=CARTESIAN_POINT('',(-0.0360435319865646,0.0623579896046491,0.0487455097836566));
#6880=CARTESIAN_POINT('',(-0.0362634461546816,0.0623506572470993,0.0489300396810142));
#6881=CARTESIAN_POINT('',(-0.0362651220611468,0.0625171239058408,0.0492592909296202));
#6882=CARTESIAN_POINT('',(-0.0361051604032808,0.0626582921140974,0.0494499258100593));
#6883=CARTESIAN_POINT('',(-0.0360435319865647,0.0623579896046491,0.0487455097836566));
#6884=CARTESIAN_POINT('',(-0.0272658930911995,0.0636999999999998,0.0413801962239483));
#6885=CARTESIAN_POINT('',(-0.0287484057223734,0.0636999995498088,0.042624172025982));
#6886=CARTESIAN_POINT('',(-0.0309286607560904,0.0632067866560574,0.0444536232206465));
#6887=CARTESIAN_POINT('',(-0.0338350809958308,0.0625423491560291,0.0468923993718587));
#6888=CARTESIAN_POINT('',(-0.0353040247553052,0.0623826461853355,0.0481249895386539));
#6889=CARTESIAN_POINT('',(-0.0360435319865646,0.0623579896046491,0.0487455097836566));
#6890=CARTESIAN_POINT('',(-0.0337839732070602,0.060383486581349,0.0371003048018833));
#6891=CARTESIAN_POINT('',(-0.0334216576994275,0.0609054980437201,0.0369570534899501));
#6892=CARTESIAN_POINT('',(-0.0325718618575773,0.0618521615277748,0.0367123989853402));
#6893=CARTESIAN_POINT('',(-0.0309313686389677,0.0629298640970929,0.036668352594728));
#6894=CARTESIAN_POINT('',(-0.0291016484047193,0.0635618271725754,0.0369642218132022));
#6895=CARTESIAN_POINT('',(-0.0278505982633797,0.0637000000000001,0.0372616760388868));
#6896=CARTESIAN_POINT('',(-0.0272169292219128,0.0637,0.0374076662692675));
#6897=CARTESIAN_POINT('',(-0.0337838554451744,0.0603835107420978,0.0371006906911609));
#6898=CARTESIAN_POINT('',(-0.0337837946744341,0.0603835989575935,0.0371011009636592));
#6899=CARTESIAN_POINT('',(-0.0341438608004323,0.0598609456640919,0.037266810806974));
#6900=CARTESIAN_POINT('',(-0.0344404357200249,0.059297928995274,0.0374061574645222));
#6901=CARTESIAN_POINT('',(-0.0346661438199128,0.0586999999999999,0.0375537899897722));
#6902=CARTESIAN_POINT('',(0.014353281747604,0.075200025,0.038));
#6903=CARTESIAN_POINT('',(-0.0218372240639029,0.0637,0.038));
#6904=CARTESIAN_POINT('',(-0.0137543608336541,0.0557,0.038));
#6905=CARTESIAN_POINT('',(-0.0272169292234634,0.0587,0.0374076662689103));
#6906=CARTESIAN_POINT('',(-0.0272169292234634,0.0637,0.0374076662689103));
#6907=CARTESIAN_POINT('',(-0.0255275093340798,0.0587,0.0377968896313638));
#6908=CARTESIAN_POINT('',(-0.0255275093340798,0.0637,0.0377968896313638));
#6909=CARTESIAN_POINT('',(-0.0236828163168556,0.0587,0.0379999999999998));
#6910=CARTESIAN_POINT('',(-0.0236828163168556,0.0637,0.0379999999999998));
#6911=CARTESIAN_POINT('',(-0.0218372240639064,0.0587,0.038));
#6912=CARTESIAN_POINT('',(-0.0218372240639064,0.0637,0.038));
#6913=CARTESIAN_POINT('',(-0.0272169293046863,0.0637,0.0374076662501974));
#6914=CARTESIAN_POINT('',(-0.0137543608336541,0.0557,0.063));
#6915=CARTESIAN_POINT('',(-0.0137543608336541,0.0557,0.04275));
#6916=CARTESIAN_POINT('',(-0.00639208524532154,0.0588299907251463,0.0427499975151313));
#6917=CARTESIAN_POINT('',(-0.00633816799999759,0.0587000139756378,0.0423998864057844));
#6918=CARTESIAN_POINT('',(-0.00635598327734009,0.058744054281193,0.0425185368879874));
#6919=CARTESIAN_POINT('',(-0.00637396528685322,0.0587873784502643,0.0426352406150067));
#6920=CARTESIAN_POINT('',(-0.00639208194202476,0.0588299919363904,0.0427499975868424));
#6921=CARTESIAN_POINT('',(-0.0137543608336541,0.0557,0.0424440437386588));
#6922=CARTESIAN_POINT('',(-0.0105627706680747,0.0630357857258086,0.0397659816078521));
#6923=CARTESIAN_POINT('',(-0.0137543608336541,0.0557,0.0331097007774964));
#6924=CARTESIAN_POINT('',(-0.010026001126355,0.06277808829367,0.0408854514098965));
#6925=CARTESIAN_POINT('',(-0.0105894609363318,0.0630473402425592,0.0521561078323406));
#6926=CARTESIAN_POINT('',(-0.010044660362219,0.062812664941818,0.051356109400935));
#6927=CARTESIAN_POINT('',(-0.00930248113121083,0.0623645843944536,0.0495606314300356));
#6928=CARTESIAN_POINT('',(-0.00886428213315719,0.062030084037382,0.0466223114169022));
#6929=CARTESIAN_POINT('',(-0.0090532655800661,0.0621799594281704,0.0436386205606236));
#6930=CARTESIAN_POINT('',(-0.00960716081279378,0.0625574655373432,0.0417589716946137));
#6931=CARTESIAN_POINT('',(-0.010026001126355,0.06277808829367,0.0408854514098965));
#6932=CARTESIAN_POINT('',(-0.0105894609363318,0.0630473402425592,0.0521561078323406));
#6933=CARTESIAN_POINT('',(-0.0137543608336541,0.0557,0.0568035239213138));
#6934=CARTESIAN_POINT('',(-0.00853547391315227,0.0617632680388562,0.061280149261813));
#6935=CARTESIAN_POINT('',(-0.00834572622672099,0.0615999449410539,0.0609820895604846));
#6936=CARTESIAN_POINT('',(-0.00806348311032367,0.0613231533128181,0.0602833754989387));
#6937=CARTESIAN_POINT('',(-0.00813738242091895,0.0614007847389373,0.059079271316838));
#6938=CARTESIAN_POINT('',(-0.00865284904421723,0.0618822649602225,0.0581204014042684));
#6939=CARTESIAN_POINT('',(-0.00941781584693449,0.0624494033359423,0.057453165225701));
#6940=CARTESIAN_POINT('',(-0.0103883104531771,0.0629880190706895,0.0570768105966145));
#6941=CARTESIAN_POINT('',(-0.0118591389835269,0.0635428296001927,0.0570570704936816));
#6942=CARTESIAN_POINT('',(-0.0129153907019265,0.0636674320103464,0.0577066342557964));
#6943=CARTESIAN_POINT('',(-0.0133435951380556,0.0636894475117695,0.0583557138085627));
#6944=CARTESIAN_POINT('',(-0.0272169292219128,0.06373,0.0374076662692675));
#6945=CARTESIAN_POINT('',(-0.0272169292219128,0.0587,0.0374076662692675));
#6946=CARTESIAN_POINT('',(-0.0278543680986567,0.06373,0.0372608075111782));
#6947=CARTESIAN_POINT('',(-0.0278543680986567,0.0587,0.0372608075111782));
#6948=CARTESIAN_POINT('',(-0.0291057223909167,0.06373,0.0369630543191223));
#6949=CARTESIAN_POINT('',(-0.0291057223909167,0.0587,0.0369630543191223));
#6950=CARTESIAN_POINT('',(-0.0309487452426263,0.06373,0.0366662694931709));
#6951=CARTESIAN_POINT('',(-0.0309487452426263,0.0587,0.0366662694931709));
#6952=CARTESIAN_POINT('',(-0.0325975776419813,0.06373,0.0367146549287574));
#6953=CARTESIAN_POINT('',(-0.0325975776419813,0.0587,0.0367146549287574));
#6954=CARTESIAN_POINT('',(-0.0334476207608761,0.06373,0.036967318693995));
#6955=CARTESIAN_POINT('',(-0.0334476207608761,0.0587,0.036967318693995));
#6956=CARTESIAN_POINT('',(-0.0338099018752885,0.06373,0.0371105564076306));
#6957=CARTESIAN_POINT('',(-0.0338099018752885,0.0587,0.0371105564076306));
#6958=CARTESIAN_POINT('',(-0.033783944739662,0.0603834705221376,0.0371002935465216));
#6959=CARTESIAN_POINT('',(-0.0337839447396617,0.075200025,0.0371002935465214));
#6960=CARTESIAN_POINT('',(-0.033783944739662,0.0603833811232796,0.0371002935465213));
#6961=CARTESIAN_POINT('',(-0.0340084460232703,0.0600574845127002,0.0371002935465213));
#6962=CARTESIAN_POINT('',(-0.034412112878367,0.0593706206525494,0.0371002935465213));
#6963=CARTESIAN_POINT('',(-0.0348559856268459,0.0582389537834967,0.0371002935465213));
#6964=CARTESIAN_POINT('',(-0.0351280358207086,0.0570554409594761,0.0371002935465213));
#6965=CARTESIAN_POINT('',(-0.0351963519058131,0.0562200733130913,0.0371002935465213));
#6966=CARTESIAN_POINT('',(-0.0352,0.0558007800988348,0.0371002935465213));
#6967=CARTESIAN_POINT('',(-0.0337772879118986,0.060393029920038,0.0371002935465213));
#6968=CARTESIAN_POINT('',(-0.0337772879118986,0.060393029920038,0.0375565109684317));
#6969=CARTESIAN_POINT('',(-0.0341413355585201,0.0598661525553629,0.0371002935465213));
#6970=CARTESIAN_POINT('',(-0.0341413355585201,0.0598661525553629,0.0375565109684317));
#6971=CARTESIAN_POINT('',(-0.0344395878133707,0.0593001752060837,0.0371002935465213));
#6972=CARTESIAN_POINT('',(-0.0344395878133707,0.0593001752060837,0.0375565109684317));
#6973=CARTESIAN_POINT('',(-0.0346661438199128,0.0586999999999999,0.0371002935465213));
#6974=CARTESIAN_POINT('',(-0.0346661438199128,0.0586999999999999,0.0375565109684317));
#6975=CARTESIAN_POINT('',(-0.00744324172999046,0.0582921886098255,0.0424643973514079));
#6976=CARTESIAN_POINT('',(-0.00639209028171743,0.0588299890992944,0.0427499967807144));
#6977=CARTESIAN_POINT('',(-0.00637392267556862,0.0587872761449902,0.0427199670855265));
#6978=CARTESIAN_POINT('',(-0.00635728562681244,0.058743912253231,0.0426899373389409));
#6979=CARTESIAN_POINT('',(-0.00634223004363033,0.0587000350867809,0.0426598646827395));
#6980=CARTESIAN_POINT('',(-0.0137543608336541,0.0557,0.04275));
#6981=CARTESIAN_POINT('',(-0.0759603241143077,0.0612,0.0587869564681942));
#6982=CARTESIAN_POINT('',(-0.0618409639905318,0.0612,0.0756137546208356));
#6983=CARTESIAN_POINT('',(-0.0215986926794743,0.0612,0.0418464796059912));
#6984=CARTESIAN_POINT('',(-0.0219200864843176,0.0612,0.0414634573844316));
#6985=CARTESIAN_POINT('',(-0.0215370642627581,0.0612,0.0411420635795884));
#6986=CARTESIAN_POINT('',(-0.0353350305816908,0.0612,0.0246982876485065));
#6987=CARTESIAN_POINT('',(-0.0220766887424414,0.0612,0.040498964167274));
#6988=CARTESIAN_POINT('',(-0.0220766887424414,0.0612,0.040498964167274));
#6989=CARTESIAN_POINT('',(-0.0219968704364212,0.0612,0.0404996544165526));
#6990=CARTESIAN_POINT('',(-0.021917048879793,0.0612,0.0405));
#6991=CARTESIAN_POINT('',(-0.0218372240639029,0.0612,0.0405));
#6992=CARTESIAN_POINT('',(-0.0218372240639029,0.0612,0.0405));
#6993=CARTESIAN_POINT('',(-0.0759603241143077,0.0612,0.0405));
#6994=CARTESIAN_POINT('',(-0.0137543608336541,0.0612,0.0405));
#6995=CARTESIAN_POINT('',(-0.0137543608336541,0.0612,0.063));
#6996=CARTESIAN_POINT('',(-0.0137543608336541,0.0612,0.0565669770942316));
#6997=CARTESIAN_POINT('',(-0.0110392328351736,0.0612,0.0598366223275662));
#6998=CARTESIAN_POINT('',(-0.0151793875102027,0.0612,0.0588766126715758));
#6999=CARTESIAN_POINT('',(-0.0137543608328767,0.0612,0.0581089312098297));
#7000=CARTESIAN_POINT('',(-0.0142900456089542,0.0612,0.058393903307893));
#7001=CARTESIAN_POINT('',(-0.014823874797889,0.0612,0.0586819102867576));
#7002=CARTESIAN_POINT('',(-0.0153558167287036,0.0612,0.0589730109641437));
#7003=CARTESIAN_POINT('',(-0.0160665295349245,0.0612,0.0593619424758994));
#7004=CARTESIAN_POINT('',(-0.0167738734528575,0.0612000000000035,0.0597563964753113));
#7005=CARTESIAN_POINT('',(-0.0174778036483757,0.0611999999999759,0.0601564939451904));
#7006=CARTESIAN_POINT('',(-0.018181809142655,0.0611999999999483,0.0605566342131252));
#7007=CARTESIAN_POINT('',(-0.0188824001872707,0.061199999999901,0.0609624191540821));
#7008=CARTESIAN_POINT('',(-0.0195795642161723,0.0611999999996363,0.0613739286573031));
#7009=CARTESIAN_POINT('',(-0.0201200831101065,0.0611999999994311,0.0616929764743208));
#7010=CARTESIAN_POINT('',(-0.0206585419821814,0.0611999999990954,0.0620154653863692));
#7011=CARTESIAN_POINT('',(-0.0211949270414814,0.0611999999983845,0.0623414053062245));
#7012=CARTESIAN_POINT('',(-0.0213504138975443,0.0611999999981784,0.0624358884998277));
#7013=CARTESIAN_POINT('',(-0.0215057244731552,0.0611999999979798,0.0625306581384557));
#7014=CARTESIAN_POINT('',(-0.021660858148162,0.0611999999977993,0.0626257143203447));
#7015=CARTESIAN_POINT('',(-0.0230418005932696,0.0611999999961922,0.0634718692008672));
#7016=CARTESIAN_POINT('',(-0.0244087261465288,0.0611999999969592,0.0643407303334525));
#7017=CARTESIAN_POINT('',(-0.0257624394700884,0.0611999999981433,0.0652316928906419));
#7018=CARTESIAN_POINT('',(-0.0266408873322422,0.0611999999989117,0.0658098538202868));
#7019=CARTESIAN_POINT('',(-0.0275137714325349,0.0611999999995846,0.0663973211365335));
#7020=CARTESIAN_POINT('',(-0.0283810570080034,0.0611999999998321,0.0669928783275777));
#7021=CARTESIAN_POINT('',(-0.0288507924705073,0.0611999999999661,0.0673154414376946));
#7022=CARTESIAN_POINT('',(-0.0293189949986353,0.0611999999999816,0.067640460020699));
#7023=CARTESIAN_POINT('',(-0.0297856280949212,0.0611999999999921,0.0679677156961872));
#7024=CARTESIAN_POINT('',(-0.0304881916498893,0.0612000000000079,0.0684604323778468));
#7025=CARTESIAN_POINT('',(-0.0311871973065905,0.0612,0.0689582204272332));
#7026=CARTESIAN_POINT('',(-0.0318832129378086,0.0612,0.0694600445687709));
#7027=CARTESIAN_POINT('',(-0.0325028732809443,0.0612,0.0699068168908162));
#7028=CARTESIAN_POINT('',(-0.0331201254167101,0.0612,0.0703567598020745));
#7029=CARTESIAN_POINT('',(-0.0337355063449535,0.0612,0.0708092479793806));
#7030=CARTESIAN_POINT('',(-0.0342191278621356,0.0612,0.0711648537656054));
#7031=CARTESIAN_POINT('',(-0.0347015936192774,0.0612,0.0715220316482917));
#7032=CARTESIAN_POINT('',(-0.0351833460929077,0.0612,0.0718802343609419));
#7033=CARTESIAN_POINT('',(-0.0358474218244796,0.0612,0.0723740018898591));
#7034=CARTESIAN_POINT('',(-0.0365101496600698,0.0612,0.0728697226010559));
#7035=CARTESIAN_POINT('',(-0.037172538267186,0.0612,0.0733658506806578));
#7036=CARTESIAN_POINT('',(-0.0373279240777785,0.0612,0.0734822344212271));
#7037=CARTESIAN_POINT('',(-0.037483291203251,0.0612,0.0735986405590393));
#7038=CARTESIAN_POINT('',(-0.0376386526517588,0.0612,0.0737150491252573));
#7039=CARTESIAN_POINT('',(-0.0380147328701373,0.0612,0.0739968369138293));
#7040=CARTESIAN_POINT('',(-0.0383907798439409,0.0612,0.0742786389033786));
#7041=CARTESIAN_POINT('',(-0.0387670928884034,0.0612,0.0745600068530999));
#7042=CARTESIAN_POINT('',(-0.0396897855824769,0.0612,0.0752499009595483));
#7043=CARTESIAN_POINT('',(-0.0406140672253152,0.0611999999997666,0.0759372591553833));
#7044=CARTESIAN_POINT('',(-0.0415453104989079,0.0611999999997745,0.0766160208699169));
#7045=CARTESIAN_POINT('',(-0.0417681357711148,0.0611999999997764,0.0767784330645532));
#7046=CARTESIAN_POINT('',(-0.0419913597650963,0.0611999999998091,0.0769403528242263));
#7047=CARTESIAN_POINT('',(-0.0422150810049111,0.0611999999998623,0.0771016748191576));
#7048=CARTESIAN_POINT('',(-0.0426492715816603,0.0611999999999655,0.0774147630627215));
#7049=CARTESIAN_POINT('',(-0.0430850438392688,0.0611999999999808,0.0777254220479952));
#7050=CARTESIAN_POINT('',(-0.0435230871798932,0.0611999999999895,0.0780328852918911));
#7051=CARTESIAN_POINT('',(-0.0441871522436727,0.0612000000000027,0.0784989935047829));
#7052=CARTESIAN_POINT('',(-0.044856435768412,0.0612000000000071,0.0789577578967423));
#7053=CARTESIAN_POINT('',(-0.0455310225442246,0.0611999999999639,0.0794047173001922));
#7054=CARTESIAN_POINT('',(-0.0455989645733311,0.0611999999999595,0.079449733493642));
#7055=CARTESIAN_POINT('',(-0.0456669604071113,0.0611999999999545,0.0794946299290651));
#7056=CARTESIAN_POINT('',(-0.0457350116484159,0.0611999999999486,0.0795394038730302));
#7057=CARTESIAN_POINT('',(-0.0465598740157317,0.0611999999998773,0.0800821175797179));
#7058=CARTESIAN_POINT('',(-0.0473932113950349,0.0611999999998508,0.0806070114329827));
#7059=CARTESIAN_POINT('',(-0.0482373021401154,0.0611999999998966,0.0811088212880793));
#7060=CARTESIAN_POINT('',(-0.0486103595413774,0.0611999999999169,0.0813306029881644));
#7061=CARTESIAN_POINT('',(-0.0489855171959437,0.0611999999999443,0.081547876160651));
#7062=CARTESIAN_POINT('',(-0.0493629703899605,0.0611999999999654,0.0817601895592455));
#7063=CARTESIAN_POINT('',(-0.0494599236694484,0.0611999999999709,0.0818147247455925));
#7064=CARTESIAN_POINT('',(-0.0495570264499399,0.0611999999999672,0.0818689357712912));
#7065=CARTESIAN_POINT('',(-0.0496542829608686,0.0611999999999513,0.0819228147414435));
#7066=CARTESIAN_POINT('',(-0.0503506105184105,0.0611999999998377,0.0823085720684411));
#7067=CARTESIAN_POINT('',(-0.0510548215466195,0.0611999999967729,0.0826773104401062));
#7068=CARTESIAN_POINT('',(-0.0517674782729303,0.0611999999937508,0.0830279326884682));
#7069=CARTESIAN_POINT('',(-0.0522195952039915,0.0611999999918336,0.0832503711346916));
#7070=CARTESIAN_POINT('',(-0.0526751105975514,0.0611999999919579,0.0834655175888652));
#7071=CARTESIAN_POINT('',(-0.0531341592790258,0.0611999999953113,0.0836730851731126));
#7072=CARTESIAN_POINT('',(-0.0534097169411028,0.0611999999973243,0.0837976838062129));
#7073=CARTESIAN_POINT('',(-0.0536865290932725,0.0611999999982963,0.0839195983758333));
#7074=CARTESIAN_POINT('',(-0.0539646148181513,0.0611999999988913,0.0840387748379455));
#7075=CARTESIAN_POINT('',(-0.0547003904382231,0.0612000000004655,0.0843540989537259));
#7076=CARTESIAN_POINT('',(-0.0554450828916688,0.0611999999999893,0.0846502538878634));
#7077=CARTESIAN_POINT('',(-0.0561983244721944,0.0611999999999503,0.0849278979848614));
#7078=CARTESIAN_POINT('',(-0.0564866201071721,0.0611999999999353,0.0850341634690186));
#7079=CARTESIAN_POINT('',(-0.0567761679425894,0.0611999999999008,0.085137717429611));
#7080=CARTESIAN_POINT('',(-0.0570669356158232,0.0611999999998246,0.085238612699022));
#7081=CARTESIAN_POINT('',(-0.0575359343331932,0.0611999999997015,0.0854013534583923));
#7082=CARTESIAN_POINT('',(-0.0580081388907569,0.061199999999899,0.0855571351904133));
#7083=CARTESIAN_POINT('',(-0.0584835507249444,0.0611999999999612,0.0857062822041864));
#7084=CARTESIAN_POINT('',(-0.0586860821314197,0.0611999999999877,0.0857698207034386));
#7085=CARTESIAN_POINT('',(-0.0588891957796894,0.0611999999999951,0.0858321549231426));
#7086=CARTESIAN_POINT('',(-0.0590928924520739,0.0611999999999969,0.0858933165880371));
#7087=CARTESIAN_POINT('',(-0.0595871958351978,0.0612000000000014,0.0860417353988155));
#7088=CARTESIAN_POINT('',(-0.0600848352137521,0.0612,0.086183187068338));
#7089=CARTESIAN_POINT('',(-0.0605852262470994,0.0612,0.0863179208646655));
#7090=CARTESIAN_POINT('',(-0.0606625843180163,0.0611999999999993,0.0863387500679817));
#7091=CARTESIAN_POINT('',(-0.0607400081093397,0.0611999999999992,0.0863594188076931));
#7092=CARTESIAN_POINT('',(-0.060817495415384,0.0611999999999989,0.0863799281029064));
#7093=CARTESIAN_POINT('',(-0.0609301753590572,0.0611999999999984,0.086409752165032));
#7094=CARTESIAN_POINT('',(-0.0610429896059874,0.0611999999999978,0.0864392390562901));
#7095=CARTESIAN_POINT('',(-0.0611558941036538,0.0611999999999968,0.0864683839564333));
#7096=CARTESIAN_POINT('',(-0.0614365828910556,0.0611999999999941,0.0865408402965191));
#7097=CARTESIAN_POINT('',(-0.0617182266270326,0.0611999999999945,0.0866112803970945));
#7098=CARTESIAN_POINT('',(-0.0620001989961452,0.061199999999996,0.0866796292693231));
#7099=CARTESIAN_POINT('',(-0.0623948859622095,0.061199999999998,0.0867752996681594));
#7100=CARTESIAN_POINT('',(-0.0627902157510132,0.0612,0.0868668721319588));
#7101=CARTESIAN_POINT('',(-0.0631862894368105,0.0611999999999986,0.0869546525281141));
#7102=CARTESIAN_POINT('',(-0.0632056379553871,0.0611999999999986,0.0869589406711707));
#7103=CARTESIAN_POINT('',(-0.0632249882495582,0.0611999999999985,0.0869632197669026));
#7104=CARTESIAN_POINT('',(-0.0632443403038565,0.0611999999999984,0.0869674898401897));
#7105=CARTESIAN_POINT('',(-0.0638583032757076,0.0611999999999956,0.0871029621184797));
#7106=CARTESIAN_POINT('',(-0.064473306070484,0.0612,0.0872291687712117));
#7107=CARTESIAN_POINT('',(-0.065089665358363,0.0611999999999991,0.0873471161704972));
#7108=CARTESIAN_POINT('',(-0.065174545283559,0.061199999999999,0.0873633589149894));
#7109=CARTESIAN_POINT('',(-0.0652594509456923,0.0611999999999988,0.0873794449471598));
#7110=CARTESIAN_POINT('',(-0.0653443831822328,0.0611999999999984,0.0873953768223135));
#7111=CARTESIAN_POINT('',(-0.0654181474365772,0.0611999999999981,0.0874092137697306));
#7112=CARTESIAN_POINT('',(-0.0654919318248549,0.0611999999999977,0.0874229342101317));
#7113=CARTESIAN_POINT('',(-0.0655657358810171,0.0611999999999974,0.0874365395936694));
#7114=CARTESIAN_POINT('',(-0.0663596066573993,0.061199999999994,0.087582885430926));
#7115=CARTESIAN_POINT('',(-0.0671557533177089,0.061199999999997,0.0877159151070387));
#7116=CARTESIAN_POINT('',(-0.0679538381890402,0.0611999999999988,0.087837238641319));
#7117=CARTESIAN_POINT('',(-0.0684931108445636,0.0612,0.0879192179731658));
#7118=CARTESIAN_POINT('',(-0.0690332683829106,0.0612,0.0879958535785737));
#7119=CARTESIAN_POINT('',(-0.0695741961755003,0.0612,0.0880675705127581));
#7120=CARTESIAN_POINT('',(-0.0698324575300551,0.0612,0.0881018111504563));
#7121=CARTESIAN_POINT('',(-0.0700908962535748,0.0612,0.088134930484196));
#7122=CARTESIAN_POINT('',(-0.0703495057837651,0.0612,0.0881669757365933));
#7123=CARTESIAN_POINT('',(-0.0711486937287373,0.0612,0.088266006036794));
#7124=CARTESIAN_POINT('',(-0.0719495129978455,0.0612,0.088354777807594));
#7125=CARTESIAN_POINT('',(-0.0727518087566961,0.0612,0.088434472387661));
#7126=CARTESIAN_POINT('',(-0.0731132057364305,0.0612,0.0884703710948643));
#7127=CARTESIAN_POINT('',(-0.0734749022894802,0.0612,0.0885044281376829));
#7128=CARTESIAN_POINT('',(-0.0738368851573847,0.0612,0.0885367378642849));
#7129=CARTESIAN_POINT('',(-0.0630406833899821,0.061199999999999,0.0869222035203273));
#7130=CARTESIAN_POINT('',(-0.0643505454063416,0.0612,0.0909653156995773));
#7131=CARTESIAN_POINT('',(-0.0874460339546204,0.0612,0.0699694231152535));
#7132=CARTESIAN_POINT('',(-0.0832014283395197,0.0611999999999937,0.0701834806219844));
#7133=CARTESIAN_POINT('',(-0.0738368863346965,0.0612,0.0885367383988059));
#7134=CARTESIAN_POINT('',(-0.0740199243547311,0.0612,0.088369731908966));
#7135=CARTESIAN_POINT('',(-0.0742024204180655,0.0612,0.0882022021996723));
#7136=CARTESIAN_POINT('',(-0.0743843494090711,0.0612,0.0880341259373591));
#7137=CARTESIAN_POINT('',(-0.0747619142716094,0.0612,0.087685310223462));
#7138=CARTESIAN_POINT('',(-0.075137036611039,0.0612,0.0873341403577711));
#7139=CARTESIAN_POINT('',(-0.0755094507301564,0.0612,0.0869803647800838));
#7140=CARTESIAN_POINT('',(-0.0756620626073232,0.0612,0.0868353908055885));
#7141=CARTESIAN_POINT('',(-0.0758142197172652,0.0612,0.0866899792789871));
#7142=CARTESIAN_POINT('',(-0.0759659003580915,0.0612,0.0865441091140697));
#7143=CARTESIAN_POINT('',(-0.0761846194244742,0.0612,0.0863337685847179));
#7144=CARTESIAN_POINT('',(-0.0764023474182673,0.0612,0.086122474471036));
#7145=CARTESIAN_POINT('',(-0.0766190207158112,0.0612,0.0859101630820515));
#7146=CARTESIAN_POINT('',(-0.0769862363736026,0.0612,0.0855503399416537));
#7147=CARTESIAN_POINT('',(-0.0773504224640009,0.0612,0.0851875947246816));
#7148=CARTESIAN_POINT('',(-0.0777111974020165,0.061199999999998,0.0848215496545003));
#7149=CARTESIAN_POINT('',(-0.0778190092648336,0.0611999999999972,0.0847121628963504));
#7150=CARTESIAN_POINT('',(-0.0779265165225628,0.0611999999999962,0.0846024814715634));
#7151=CARTESIAN_POINT('',(-0.0780337068815446,0.0611999999999944,0.0844924922155404));
#7152=CARTESIAN_POINT('',(-0.0782855148527922,0.0611999999999902,0.0842341091698892));
#7153=CARTESIAN_POINT('',(-0.0785355662868371,0.0611999999999815,0.0839740344164213));
#7154=CARTESIAN_POINT('',(-0.0787836940394744,0.0611999999999736,0.0837121030426247));
#7155=CARTESIAN_POINT('',(-0.0791378088738543,0.0611999999999623,0.0833382884085701));
#7156=CARTESIAN_POINT('',(-0.0794880053163561,0.0611999999999612,0.082960691951981));
#7157=CARTESIAN_POINT('',(-0.0798336141998055,0.0611999999999803,0.0825787593621634));
#7158=CARTESIAN_POINT('',(-0.0798974301405001,0.0611999999999839,0.0825082363268238));
#7159=CARTESIAN_POINT('',(-0.0799610896868178,0.0611999999999877,0.0824375654715792));
#7160=CARTESIAN_POINT('',(-0.0800245886465104,0.0611999999999912,0.08236674055718));
#7161=CARTESIAN_POINT('',(-0.0803053975537909,0.0612000000000065,0.0820535343736934));
#7162=CARTESIAN_POINT('',(-0.0805830565208958,0.0611999999999992,0.0817373559272532));
#7163=CARTESIAN_POINT('',(-0.0808572524047439,0.0612,0.08141759715907));
#7164=CARTESIAN_POINT('',(-0.0808996001280022,0.0612,0.0813682125525822));
#7165=CARTESIAN_POINT('',(-0.0809418652422241,0.0612,0.0813187425461066));
#7166=CARTESIAN_POINT('',(-0.0809840444925769,0.0612,0.0812691859677493));
#7167=CARTESIAN_POINT('',(-0.0812771429776393,0.0612,0.08092482332688));
#7168=CARTESIAN_POINT('',(-0.0815661423316326,0.0612000000000007,0.0805762306680572));
#7169=CARTESIAN_POINT('',(-0.0818496792562549,0.0611999999999992,0.0802233946974935));
#7170=CARTESIAN_POINT('',(-0.0818711413125349,0.0611999999999991,0.080196687116222));
#7171=CARTESIAN_POINT('',(-0.0818925720919292,0.061199999999999,0.0801699552388233));
#7172=CARTESIAN_POINT('',(-0.0819139703418264,0.0611999999999988,0.0801431997600371));
#7173=CARTESIAN_POINT('',(-0.0820544310352568,0.0611999999999978,0.0799675735699778));
#7174=CARTESIAN_POINT('',(-0.0821935802909251,0.0611999999999982,0.0797908119418197));
#7175=CARTESIAN_POINT('',(-0.0823310986496489,0.0611999999999988,0.0796130599448572));
#7176=CARTESIAN_POINT('',(-0.0824895271002451,0.0612,0.0794082802068609));
#7177=CARTESIAN_POINT('',(-0.0826457910029391,0.0612,0.0792021861130837));
#7178=CARTESIAN_POINT('',(-0.0827997448856061,0.0612,0.0789945090551549));
#7179=CARTESIAN_POINT('',(-0.0828014701109228,0.0612,0.0789921818016175));
#7180=CARTESIAN_POINT('',(-0.0828031950461367,0.0612,0.0789898543492778));
#7181=CARTESIAN_POINT('',(-0.0828049196908168,0.0612,0.07898752669788));
#7182=CARTESIAN_POINT('',(-0.0829570960992455,0.0612,0.078782143157787));
#7183=CARTESIAN_POINT('',(-0.0831069377313169,0.0612,0.0785753003413049));
#7184=CARTESIAN_POINT('',(-0.0832541664694895,0.0611999999999989,0.0783668092846065));
#7185=CARTESIAN_POINT('',(-0.0833867506284068,0.0611999999999981,0.0781790564604144));
#7186=CARTESIAN_POINT('',(-0.083517215849768,0.0611999999999991,0.0779899669843259));
#7187=CARTESIAN_POINT('',(-0.0836453200123349,0.0611999999999826,0.0777993412565966));
#7188=CARTESIAN_POINT('',(-0.0836611049699847,0.0611999999999806,0.0777758524098733));
#7189=CARTESIAN_POINT('',(-0.0836768538607923,0.0611999999999785,0.0777523402653443));
#7190=CARTESIAN_POINT('',(-0.0836925662016357,0.0611999999999766,0.0777288044892717));
#7191=CARTESIAN_POINT('',(-0.0838357859400728,0.061199999999959,0.0775142732665437));
#7192=CARTESIAN_POINT('',(-0.0839759689701738,0.0611999999999564,0.0772977786678311));
#7193=CARTESIAN_POINT('',(-0.0841126285846336,0.0611999999999677,0.0770790043048769));
#7194=CARTESIAN_POINT('',(-0.0842177639677979,0.0611999999999764,0.0769106961579046));
#7195=CARTESIAN_POINT('',(-0.0843208139835081,0.0611999999999899,0.076741038707269));
#7196=CARTESIAN_POINT('',(-0.0844214695498487,0.0611999999999962,0.0765698289179035));
#7197=CARTESIAN_POINT('',(-0.0844516383339705,0.0611999999999981,0.0765185134133298));
#7198=CARTESIAN_POINT('',(-0.0844815924456696,0.0611999999999988,0.0764670588087655));
#7199=CARTESIAN_POINT('',(-0.0845113226938815,0.0611999999999992,0.0764154610879519));
#7200=CARTESIAN_POINT('',(-0.0845757864748597,0.0612,0.0763035822987201));
#7201=CARTESIAN_POINT('',(-0.0846391976811592,0.0612,0.0761910305990132));
#7202=CARTESIAN_POINT('',(-0.0847014335158606,0.0611999999999991,0.0760777486050912));
#7203=CARTESIAN_POINT('',(-0.0847274444783748,0.0611999999999986,0.0760304033142058));
#7204=CARTESIAN_POINT('',(-0.0847532501475877,0.0611999999999978,0.0759829304681859));
#7205=CARTESIAN_POINT('',(-0.0847788402780463,0.0611999999999961,0.0759353243298308));
#7206=CARTESIAN_POINT('',(-0.0848144963187904,0.0611999999999937,0.0758689922565494));
#7207=CARTESIAN_POINT('',(-0.0848497324076868,0.0611999999999899,0.075802402778125));
#7208=CARTESIAN_POINT('',(-0.0848845292533855,0.0611999999999865,0.0757355228862772));
#7209=CARTESIAN_POINT('',(-0.0849442846857549,0.0611999999999806,0.0756206723366385));
#7210=CARTESIAN_POINT('',(-0.0850027452628954,0.0611999999999771,0.0755049656234092));
#7211=CARTESIAN_POINT('',(-0.0850597597957644,0.0611999999999837,0.0753882389714479));
#7212=CARTESIAN_POINT('',(-0.0850766790389874,0.0611999999999857,0.0753535999677456));
#7213=CARTESIAN_POINT('',(-0.0850934708849797,0.0611999999999883,0.0753188711156321));
#7214=CARTESIAN_POINT('',(-0.0851101309362786,0.0611999999999911,0.0752840441915562));
#7215=CARTESIAN_POINT('',(-0.0851495806223619,0.0611999999999978,0.0752015767851004));
#7216=CARTESIAN_POINT('',(-0.0851882436652447,0.0611999999999987,0.0751186696426329));
#7217=CARTESIAN_POINT('',(-0.0852260674715303,0.061199999999999,0.0750352181215901));
#7218=CARTESIAN_POINT('',(-0.085279910919335,0.0612,0.0749164221023966));
#7219=CARTESIAN_POINT('',(-0.0853320540521444,0.0612000000000024,0.0747965233304014));
#7220=CARTESIAN_POINT('',(-0.0853819547256675,0.0611999999999854,0.0746759585369784));
#7221=CARTESIAN_POINT('',(-0.0853907389151133,0.0611999999999824,0.074654735096268));
#7222=CARTESIAN_POINT('',(-0.0853994535941206,0.0611999999999786,0.074633491003365));
#7223=CARTESIAN_POINT('',(-0.0854080968452485,0.0611999999999737,0.0746122249567346));
#7224=CARTESIAN_POINT('',(-0.0854485476853477,0.0611999999999506,0.0745126988132666));
#7225=CARTESIAN_POINT('',(-0.085487430701313,0.0611999999999243,0.0744126793270598));
#7226=CARTESIAN_POINT('',(-0.0855245246757563,0.0611999999999212,0.0743120870975581));
#7227=CARTESIAN_POINT('',(-0.0855470282938438,0.0611999999999193,0.074251061307002));
#7228=CARTESIAN_POINT('',(-0.0855688734902684,0.0611999999999254,0.0741898247307373));
#7229=CARTESIAN_POINT('',(-0.0855899877514356,0.0611999999999377,0.0741283624333334));
#7230=CARTESIAN_POINT('',(-0.0856111006950454,0.06119999999995,0.0740669039712567));
#7231=CARTESIAN_POINT('',(-0.0856314827900459,0.0611999999999686,0.0740052198139718));
#7232=CARTESIAN_POINT('',(-0.08565105024746,0.0611999999999831,0.0739432865186879));
#7233=CARTESIAN_POINT('',(-0.0856532076002296,0.0611999999999847,0.0739364582444117));
#7234=CARTESIAN_POINT('',(-0.0856553550509466,0.0611999999999862,0.0739296269418838));
#7235=CARTESIAN_POINT('',(-0.0856574924536309,0.0611999999999876,0.073922792572002));
#7236=CARTESIAN_POINT('',(-0.0856747421737378,0.0611999999999993,0.0738676363918235));
#7237=CARTESIAN_POINT('',(-0.0856913424632846,0.0611999999999991,0.073812280261464));
#7238=CARTESIAN_POINT('',(-0.0857072153106548,0.0612,0.0737567075145556));
#7239=CARTESIAN_POINT('',(-0.0857248689861951,0.0612,0.0736948998741292));
#7240=CARTESIAN_POINT('',(-0.0857416227916243,0.0612,0.0736328242719241));
#7241=CARTESIAN_POINT('',(-0.0857573350857006,0.0611999999999936,0.0735704446129985));
#7242=CARTESIAN_POINT('',(-0.085757504409718,0.0611999999999936,0.0735697723766973));
#7243=CARTESIAN_POINT('',(-0.0857576736117528,0.0611999999999935,0.0735691001039006));
#7244=CARTESIAN_POINT('',(-0.085757842691651,0.0611999999999934,0.0735684277945171));
#7245=CARTESIAN_POINT('',(-0.0857737042740649,0.0611999999999867,0.0735053576672537));
#7246=CARTESIAN_POINT('',(-0.0857884913680677,0.0611999999999914,0.073441965768256));
#7247=CARTESIAN_POINT('',(-0.0858020159304293,0.0611999999999949,0.0733781664332153));
#7248=CARTESIAN_POINT('',(-0.0858137535980062,0.061199999999998,0.0733227964059777));
#7249=CARTESIAN_POINT('',(-0.0858245403517317,0.0612,0.0732671195208167));
#7250=CARTESIAN_POINT('',(-0.0858341751785951,0.061199999999997,0.0732110334321967));
#7251=CARTESIAN_POINT('',(-0.0858356339054449,0.0611999999999966,0.0732025419165185));
#7252=CARTESIAN_POINT('',(-0.0858370657340243,0.0611999999999962,0.0731940424496302));
#7253=CARTESIAN_POINT('',(-0.0858384699766528,0.0611999999999959,0.0731855347605352));
#7254=CARTESIAN_POINT('',(-0.0858438088920664,0.0611999999999947,0.073153188617839));
#7255=CARTESIAN_POINT('',(-0.0858487490313183,0.0611999999999946,0.0731207236351959));
#7256=CARTESIAN_POINT('',(-0.0858532257262881,0.0611999999999944,0.0730881527101667));
#7257=CARTESIAN_POINT('',(-0.0858577046837044,0.0611999999999942,0.0730555653243385));
#7258=CARTESIAN_POINT('',(-0.085861719722683,0.061199999999994,0.0730228719223352));
#7259=CARTESIAN_POINT('',(-0.0858651832591662,0.0611999999999914,0.072990202309929));
#7260=CARTESIAN_POINT('',(-0.0858686485514964,0.0611999999999889,0.0729575161355952));
#7261=CARTESIAN_POINT('',(-0.0858715617814702,0.0611999999999849,0.0729248537406862));
#7262=CARTESIAN_POINT('',(-0.0858738300959899,0.0611999999999682,0.0728921821571369));
#7263=CARTESIAN_POINT('',(-0.0858749534598973,0.06119999999996,0.0728760018270123));
#7264=CARTESIAN_POINT('',(-0.0858759186526849,0.0611999999999485,0.0728598192414484));
#7265=CARTESIAN_POINT('',(-0.0858767063622046,0.06119999999993,0.072843635077125));
#7266=CARTESIAN_POINT('',(-0.0858775103169534,0.0611999999999112,0.0728271171407063));
#7267=CARTESIAN_POINT('',(-0.0858781293116082,0.0611999999998824,0.0728106083060577));
#7268=CARTESIAN_POINT('',(-0.0858785416955359,0.0611999999998513,0.0727940954718343));
#7269=CARTESIAN_POINT('',(-0.085878949998085,0.0611999999998204,0.072777746065728));
#7270=CARTESIAN_POINT('',(-0.0858791557851248,0.0611999999997877,0.0727613927354433));
#7271=CARTESIAN_POINT('',(-0.085879126169794,0.0611999999997712,0.0727450214784749));
#7272=CARTESIAN_POINT('',(-0.0858790966058631,0.0611999999997547,0.0727286786351529));
#7273=CARTESIAN_POINT('',(-0.0858788325027981,0.0611999999997564,0.0727123179240516));
#7274=CARTESIAN_POINT('',(-0.0858782886048188,0.0611999999997867,0.0726959235297154));
#7275=CARTESIAN_POINT('',(-0.0858778827950086,0.0611999999998093,0.0726836914451948));
#7276=CARTESIAN_POINT('',(-0.0858773212026932,0.061199999999848,0.0726714406051929));
#7277=CARTESIAN_POINT('',(-0.0858765765387773,0.0611999999998912,0.0726591689082484));
#7278=CARTESIAN_POINT('',(-0.0858763261716382,0.0611999999999057,0.0726550429803093));
#7279=CARTESIAN_POINT('',(-0.0858760559275246,0.0611999999999178,0.072650919804818));
#7280=CARTESIAN_POINT('',(-0.0858757649512727,0.0611999999999279,0.0726467991993391));
#7281=CARTESIAN_POINT('',(-0.085874606239104,0.0611999999999681,0.072630390314839));
#7282=CARTESIAN_POINT('',(-0.0858731188570153,0.0611999999999787,0.0726140221720858));
#7283=CARTESIAN_POINT('',(-0.0858712065564449,0.0611999999999799,0.0725976415535923));
#7284=CARTESIAN_POINT('',(-0.0858692894158508,0.061199999999981,0.0725812194758306));
#7285=CARTESIAN_POINT('',(-0.085866945356283,0.0611999999999784,0.0725647850273196));
#7286=CARTESIAN_POINT('',(-0.0858640363458155,0.0611999999999231,0.0725484366697806));
#7287=CARTESIAN_POINT('',(-0.0858625811716103,0.0611999999998954,0.0725402587314561));
#7288=CARTESIAN_POINT('',(-0.0858609845742469,0.061199999999853,0.0725321022953626));
#7289=CARTESIAN_POINT('',(-0.0858592349510429,0.0611999999997752,0.0725240120273209));
#7290=CARTESIAN_POINT('',(-0.0858574861379097,0.0611999999996975,0.0725159255050515));
#7291=CARTESIAN_POINT('',(-0.0858555844459271,0.0611999999995848,0.0725079050893544));
#7292=CARTESIAN_POINT('',(-0.0858535147240749,0.0611999999994022,0.072499942297665));
#7293=CARTESIAN_POINT('',(-0.0858514471507675,0.0611999999992198,0.0724919877720206));
#7294=CARTESIAN_POINT('',(-0.0858492118878948,0.0611999999989679,0.0724840907377497));
#7295=CARTESIAN_POINT('',(-0.0858468085747252,0.0611999999985928,0.0724762516588262));
#7296=CARTESIAN_POINT('',(-0.0858467777012137,0.061199999998588,0.0724761509562226));
#7297=CARTESIAN_POINT('',(-0.0858467467999643,0.0611999999985832,0.072476050263187));
#7298=CARTESIAN_POINT('',(-0.0858467158710038,0.0611999999985783,0.0724759495797014));
#7299=CARTESIAN_POINT('',(-0.085844341516066,0.0611999999982052,0.072468220308255));
#7300=CARTESIAN_POINT('',(-0.0858417982143779,0.061199999997849,0.0724605533204584));
#7301=CARTESIAN_POINT('',(-0.0858391003737868,0.0611999999975692,0.0724529442516804));
#7302=CARTESIAN_POINT('',(-0.0858336360224055,0.0611999999970025,0.0724375324346787));
#7303=CARTESIAN_POINT('',(-0.0858275375800985,0.0611999999967751,0.0724223585104536));
#7304=CARTESIAN_POINT('',(-0.0858209656375814,0.0611999999968793,0.0724073764129479));
#7305=CARTESIAN_POINT('',(-0.0858143895824266,0.0611999999969836,0.0723923849398367));
#7306=CARTESIAN_POINT('',(-0.0858073395204361,0.0611999999973915,0.0723775853975881));
#7307=CARTESIAN_POINT('',(-0.0857999307279265,0.0611999999978522,0.0723629387415763));
#7308=CARTESIAN_POINT('',(-0.0857925081812582,0.0611999999983137,0.0723482648945708));
#7309=CARTESIAN_POINT('',(-0.0857847256045518,0.0611999999988139,0.0723337444644521));
#7310=CARTESIAN_POINT('',(-0.0857766704151334,0.0611999999991788,0.072319373777086));
#7311=CARTESIAN_POINT('',(-0.0857745334414629,0.0611999999992757,0.0723155613551884));
#7312=CARTESIAN_POINT('',(-0.0857723772814149,0.061199999999364,0.0723117594658001));
#7313=CARTESIAN_POINT('',(-0.0857702037275482,0.0611999999994427,0.0723079689499039));
#7314=CARTESIAN_POINT('',(-0.0857641723950017,0.0611999999996613,0.0722974507556034));
#7315=CARTESIAN_POINT('',(-0.0857579964296614,0.0611999999997757,0.0722869955716502));
#7316=CARTESIAN_POINT('',(-0.0857517091560041,0.0611999999998475,0.0722766214924115));
#7317=CARTESIAN_POINT('',(-0.0857431723577845,0.0611999999999449,0.0722625356698429));
#7318=CARTESIAN_POINT('',(-0.0857344303652473,0.0611999999999657,0.0722485994407332));
#7319=CARTESIAN_POINT('',(-0.0857255070911954,0.0611999999999768,0.0722347787231529));
#7320=CARTESIAN_POINT('',(-0.0857076963826247,0.061199999999999,0.0722071927976703));
#7321=CARTESIAN_POINT('',(-0.0856891629484429,0.0612000000000091,0.0721800671785344));
#7322=CARTESIAN_POINT('',(-0.0856700801599635,0.0611999999998692,0.0721533321028071));
#7323=CARTESIAN_POINT('',(-0.085669862958091,0.0611999999998676,0.0721530278019699));
#7324=CARTESIAN_POINT('',(-0.0856696456851394,0.061199999999866,0.0721527235516939));
#7325=CARTESIAN_POINT('',(-0.0856694283412703,0.0611999999998644,0.0721524193519289));
#7326=CARTESIAN_POINT('',(-0.0856505544185306,0.0611999999997219,0.0721260029506466));
#7327=CARTESIAN_POINT('',(-0.0856311456891129,0.0611999999995457,0.0721000064726608));
#7328=CARTESIAN_POINT('',(-0.0856112973028862,0.061199999999461,0.0720743597797076));
#7329=CARTESIAN_POINT('',(-0.0855911994253212,0.0611999999993753,0.0720483907115411));
#7330=CARTESIAN_POINT('',(-0.0855706507292894,0.0611999999993733,0.0720227802653816));
#7331=CARTESIAN_POINT('',(-0.0855497042812059,0.061199999999428,0.0719974614035409));
#7332=CARTESIAN_POINT('',(-0.0855287398026692,0.0611999999994826,0.0719721207475253));
#7333=CARTESIAN_POINT('',(-0.085507376893654,0.0611999999995875,0.0719470722060924));
#7334=CARTESIAN_POINT('',(-0.0854857171754369,0.0611999999996839,0.0719223333513642));
#7335=CARTESIAN_POINT('',(-0.085469028183486,0.0611999999997582,0.0719032718592757));
#7336=CARTESIAN_POINT('',(-0.0854521629517119,0.0611999999998271,0.0718843942130089));
#7337=CARTESIAN_POINT('',(-0.0854351428694064,0.0611999999998774,0.0718656908719679));
#7338=CARTESIAN_POINT('',(-0.0854079659035913,0.0611999999999577,0.0718358261479921));
#7339=CARTESIAN_POINT('',(-0.0853803709201733,0.0611999999999775,0.0718063745953388));
#7340=CARTESIAN_POINT('',(-0.0853524478410837,0.0611999999999884,0.071777314878544));
#7341=CARTESIAN_POINT('',(-0.085307084599415,0.0612000000000062,0.0717301050793829));
#7342=CARTESIAN_POINT('',(-0.0852608552808693,0.0612,0.0716839296802548));
#7343=CARTESIAN_POINT('',(-0.0852138917013327,0.0612,0.071638608350653));
#7344=CARTESIAN_POINT('',(-0.0852015014105658,0.0612,0.0716266513308251));
#7345=CARTESIAN_POINT('',(-0.085189060038427,0.0612,0.0716147537339497));
#7346=CARTESIAN_POINT('',(-0.0851765701166048,0.0611999999999991,0.0716029140693827));
#7347=CARTESIAN_POINT('',(-0.0851417220906493,0.0611999999999985,0.0715698803207326));
#7348=CARTESIAN_POINT('',(-0.0851064997693202,0.0611999999999985,0.0715373040453107));
#7349=CARTESIAN_POINT('',(-0.085070945878626,0.0611999999999988,0.0715051351674424));
#7350=CARTESIAN_POINT('',(-0.0850226330247883,0.0611999999999991,0.0714614220810762));
#7351=CARTESIAN_POINT('',(-0.0849737079590523,0.0612,0.0714184612299181));
#7352=CARTESIAN_POINT('',(-0.084924236199822,0.0611999999999983,0.071376147343843));
#7353=CARTESIAN_POINT('',(-0.0849171633416043,0.061199999999998,0.0713700978295037));
#7354=CARTESIAN_POINT('',(-0.0849100793069711,0.0611999999999977,0.0713640615405416));
#7355=CARTESIAN_POINT('',(-0.0849029842544635,0.0611999999999973,0.0713580382347899));
#7356=CARTESIAN_POINT('',(-0.0848604519411591,0.0611999999999949,0.071321930661648));
#7357=CARTESIAN_POINT('',(-0.0848175234190186,0.06119999999999,0.0712862924970112));
#7358=CARTESIAN_POINT('',(-0.0847742372112051,0.0611999999999829,0.071251079227038));
#7359=CARTESIAN_POINT('',(-0.0846732333792569,0.0611999999999663,0.0711689127499456));
#7360=CARTESIAN_POINT('',(-0.0845702819891369,0.0611999999999362,0.071089059658507));
#7361=CARTESIAN_POINT('',(-0.0844657079182953,0.0611999999999425,0.0710111087106697));
#7362=CARTESIAN_POINT('',(-0.0844185980145056,0.0611999999999453,0.0709759923417326));
#7363=CARTESIAN_POINT('',(-0.0843711588089353,0.0611999999999562,0.0709412620116771));
#7364=CARTESIAN_POINT('',(-0.0843234137921854,0.0611999999999704,0.0709068952723447));
#7365=CARTESIAN_POINT('',(-0.0842651803739177,0.0611999999999877,0.0708649790087792));
#7366=CARTESIAN_POINT('',(-0.0842065123592431,0.0611999999999932,0.0708236110565422));
#7367=CARTESIAN_POINT('',(-0.0841474443495468,0.0611999999999962,0.0707827428094927));
#7368=CARTESIAN_POINT('',(-0.0840399319553226,0.0612000000000016,0.0707083566381854));
#7369=CARTESIAN_POINT('',(-0.0839310945738032,0.0612,0.0706356255578339));
#7370=CARTESIAN_POINT('',(-0.0838214112426435,0.0612,0.0705645232874411));
#7371=CARTESIAN_POINT('',(-0.0837852728268707,0.0611999999999993,0.0705410965426233));
#7372=CARTESIAN_POINT('',(-0.0837490425550197,0.0611999999999989,0.0705178466766256));
#7373=CARTESIAN_POINT('',(-0.0837127193273085,0.0611999999999984,0.0704947632822882));
#7374=CARTESIAN_POINT('',(-0.0836388374234337,0.0611999999999972,0.0704478113666956));
#7375=CARTESIAN_POINT('',(-0.0835646158879485,0.0611999999999955,0.0704015776032561));
#7376=CARTESIAN_POINT('',(-0.0834900577987213,0.0611999999999941,0.0703559792596669));
#7377=CARTESIAN_POINT('',(-0.0833788082334916,0.0611999999999921,0.0702879410903405));
#7378=CARTESIAN_POINT('',(-0.0832668094141637,0.0611999999999918,0.0702213175528667));
#7379=CARTESIAN_POINT('',(-0.083154145908034,0.0611999999999947,0.070155950261028));
#7380=CARTESIAN_POINT('',(-0.0831306262347138,0.0611999999999954,0.0701423041621031));
#7381=CARTESIAN_POINT('',(-0.0831070775897856,0.0611999999999961,0.0701287128194219));
#7382=CARTESIAN_POINT('',(-0.083083500342494,0.0611999999999968,0.0701151749239699));
#7383=CARTESIAN_POINT('',(-0.0829941370721072,0.0612,0.0700638631403344));
#7384=CARTESIAN_POINT('',(-0.0829043582874721,0.0612,0.0700133127622147));
#7385=CARTESIAN_POINT('',(-0.0828141986304737,0.0612,0.0699634601776072));
#7386=CARTESIAN_POINT('',(-0.0827002670698789,0.0612,0.0699004632347048));
#7387=CARTESIAN_POINT('',(-0.0825857273072227,0.0612,0.0698385805734764));
#7388=CARTESIAN_POINT('',(-0.0824706456743864,0.0611999999999963,0.0697777067765419));
#7389=CARTESIAN_POINT('',(-0.0824605376634709,0.061199999999996,0.0697723600240784));
#7390=CARTESIAN_POINT('',(-0.0824504254723771,0.0611999999999956,0.069767021054359));
#7391=CARTESIAN_POINT('',(-0.0824403091366002,0.0611999999999951,0.0697616898131627));
#7392=CARTESIAN_POINT('',(-0.0822200816344482,0.0611999999999851,0.0696456313945888));
#7393=CARTESIAN_POINT('',(-0.0819978731019122,0.0611999999999665,0.0695332416944569));
#7394=CARTESIAN_POINT('',(-0.0817740353563295,0.0611999999999632,0.0694239547785017));
#7395=CARTESIAN_POINT('',(-0.0815579018377762,0.06119999999996,0.0693184293872602));
#7396=CARTESIAN_POINT('',(-0.0813402493729311,0.061199999999972,0.0692157967705589));
#7397=CARTESIAN_POINT('',(-0.0811212973168581,0.0611999999999859,0.069115677918459));
#7398=CARTESIAN_POINT('',(-0.0811030308748979,0.061199999999987,0.069107325335552));
#7399=CARTESIAN_POINT('',(-0.0810847549838677,0.0611999999999881,0.0690989900001908));
#7400=CARTESIAN_POINT('',(-0.0810664697370142,0.061199999999989,0.0690906716793933));
#7401=CARTESIAN_POINT('',(-0.0808289956166871,0.0612000000000012,0.0689826400006408));
#7402=CARTESIAN_POINT('',(-0.0805899434942123,0.0612,0.0688774778831937));
#7403=CARTESIAN_POINT('',(-0.0803499608238942,0.0612,0.0687749804467304));
#7404=CARTESIAN_POINT('',(-0.0801575411643246,0.0612,0.0686927973382382));
#7405=CARTESIAN_POINT('',(-0.0799645232906985,0.0612,0.0686123274246364));
#7406=CARTESIAN_POINT('',(-0.0797709157680858,0.0611999999999977,0.0685333697980818));
#7407=CARTESIAN_POINT('',(-0.0797231505428668,0.0611999999999972,0.0685138900342574));
#7408=CARTESIAN_POINT('',(-0.0796753559930998,0.0611999999999967,0.0684945052563327));
#7409=CARTESIAN_POINT('',(-0.0796275320372648,0.0611999999999964,0.0684752122432615));
#7410=CARTESIAN_POINT('',(-0.0793858141325733,0.0611999999999948,0.0683776990490196));
#7411=CARTESIAN_POINT('',(-0.0791433451972473,0.061199999999997,0.0682825296688977));
#7412=CARTESIAN_POINT('',(-0.0789001821663672,0.0611999999999984,0.068189389544754));
#7413=CARTESIAN_POINT('',(-0.0787345175136057,0.0611999999999993,0.0681259340668855));
#7414=CARTESIAN_POINT('',(-0.0785685306391733,0.0612,0.0680634206054223));
#7415=CARTESIAN_POINT('',(-0.0784022246424993,0.0612,0.0680017713264336));
#7416=CARTESIAN_POINT('',(-0.0780802833960797,0.0612,0.06788242839163));
#7417=CARTESIAN_POINT('',(-0.0777571535529217,0.0611999999999993,0.0677663270785344));
#7418=CARTESIAN_POINT('',(-0.0774330465499354,0.0611999999999989,0.0676529889677529));
#7419=CARTESIAN_POINT('',(-0.0772953612338545,0.0611999999999988,0.0676048413082973));
#7420=CARTESIAN_POINT('',(-0.0771574995936014,0.0611999999999989,0.0675571922742729));
#7421=CARTESIAN_POINT('',(-0.0770194747386462,0.0611999999999993,0.0675100158963724));
#7422=CARTESIAN_POINT('',(-0.0766647822871262,0.0612,0.0673887833463597));
#7423=CARTESIAN_POINT('',(-0.0763090118826326,0.0612,0.067270663383551));
#7424=CARTESIAN_POINT('',(-0.0759522955357936,0.0612,0.0671551755768479));
#7425=CARTESIAN_POINT('',(-0.0758434392492808,0.0612,0.067119933082674));
#7426=CARTESIAN_POINT('',(-0.0757344948669864,0.0611999999999991,0.0670849357216768));
#7427=CARTESIAN_POINT('',(-0.0756254647142941,0.0611999999999983,0.0670501726775542));
#7428=CARTESIAN_POINT('',(-0.0752381847441978,0.0611999999999954,0.0669266927928087));
#7429=CARTESIAN_POINT('',(-0.0748498698611571,0.0611999999999896,0.0668061892246796));
#7430=CARTESIAN_POINT('',(-0.0744606661440273,0.0611999999999866,0.066688190564759));
#7431=CARTESIAN_POINT('',(-0.0739618698668953,0.0611999999999826,0.0665369656671425));
#7432=CARTESIAN_POINT('',(-0.0734616137299542,0.0611999999999848,0.0663898549488712));
#7433=CARTESIAN_POINT('',(-0.0729604294521169,0.0611999999999915,0.0662461451993514));
#7434=CARTESIAN_POINT('',(-0.0729109283956461,0.0611999999999922,0.0662319512496587));
#7435=CARTESIAN_POINT('',(-0.072861418284791,0.0611999999999929,0.066217790477614));
#7436=CARTESIAN_POINT('',(-0.0728118992654124,0.0611999999999935,0.0662036622046521));
#7437=CARTESIAN_POINT('',(-0.0723600586370342,0.0612,0.0660747475408903));
#7438=CARTESIAN_POINT('',(-0.0719074664471565,0.0612,0.0659485299748443));
#7439=CARTESIAN_POINT('',(-0.0714542528808471,0.0612,0.0658244998480304));
#7440=CARTESIAN_POINT('',(-0.0709625097348865,0.0612,0.0656899254017048));
#7441=CARTESIAN_POINT('',(-0.0704700350737871,0.0612,0.0655579261199354));
#7442=CARTESIAN_POINT('',(-0.0699769862185184,0.0612,0.0654280014450878));
#7443=CARTESIAN_POINT('',(-0.0694616072267954,0.0612,0.0652921924938909));
#7444=CARTESIAN_POINT('',(-0.0689455929500212,0.0612,0.0651586465149634));
#7445=CARTESIAN_POINT('',(-0.0684291061047089,0.0612,0.0650267879662384));
#7446=CARTESIAN_POINT('',(-0.0679960904622766,0.0611999999999993,0.0649162395278715));
#7447=CARTESIAN_POINT('',(-0.0675627426568804,0.0611999999999991,0.0648068771739173));
#7448=CARTESIAN_POINT('',(-0.067129136607718,0.0612,0.0646984311606742));
#7449=CARTESIAN_POINT('',(-0.0665507653927716,0.0612,0.0645537789987482));
#7450=CARTESIAN_POINT('',(-0.0659719378982776,0.0612,0.0644107534805648));
#7451=CARTESIAN_POINT('',(-0.0653928334579642,0.0612,0.064268713349726));
#7452=CARTESIAN_POINT('',(-0.0650199354207888,0.0612,0.0641772505974091));
#7453=CARTESIAN_POINT('',(-0.0646469225529178,0.0612,0.0640861964214708));
#7454=CARTESIAN_POINT('',(-0.0642738377838226,0.0612,0.0639953986617576));
#7455=CARTESIAN_POINT('',(-0.063633155497438,0.0612,0.0638394756085792));
#7456=CARTESIAN_POINT('',(-0.0629922623590463,0.0611999999999993,0.0636843047164644));
#7457=CARTESIAN_POINT('',(-0.0623513732208033,0.0611999999999987,0.063529119309089));
#7458=CARTESIAN_POINT('',(-0.0620394756388945,0.0611999999999984,0.0634535961797056));
#7459=CARTESIAN_POINT('',(-0.061727579005045,0.0611999999999985,0.0633780696128169));
#7460=CARTESIAN_POINT('',(-0.0614157070775422,0.0611999999999991,0.0633024548764692));
#7461=CARTESIAN_POINT('',(-0.0607135681503476,0.0612,0.0631322181697405));
#7462=CARTESIAN_POINT('',(-0.0600115565473482,0.0612000000000009,0.0629615266648458));
#7463=CARTESIAN_POINT('',(-0.0593099472159727,0.061199999999999,0.0627894039460337));
#7464=CARTESIAN_POINT('',(-0.0590595667869347,0.0611999999999983,0.0627279792211104));
#7465=CARTESIAN_POINT('',(-0.0588092375892431,0.0611999999999971,0.0626663722266113));
#7466=CARTESIAN_POINT('',(-0.0585589724493032,0.0611999999999939,0.062604536881407));
#7467=CARTESIAN_POINT('',(-0.0577964576068359,0.0611999999999842,0.0624161352185997));
#7468=CARTESIAN_POINT('',(-0.0570345412187475,0.0611999999998818,0.0622256028210856));
#7469=CARTESIAN_POINT('',(-0.0562735746976131,0.0611999999998814,0.0620316815777141));
#7470=CARTESIAN_POINT('',(-0.0560849219762039,0.0611999999998813,0.0619836061771741));
#7471=CARTESIAN_POINT('',(-0.0558963276271367,0.0611999999998905,0.061935322495468));
#7472=CARTESIAN_POINT('',(-0.0557077978211599,0.0611999999999087,0.0618868093088656));
#7473=CARTESIAN_POINT('',(-0.0548862722923657,0.0611999999999877,0.0616754113229052));
#7474=CARTESIAN_POINT('',(-0.0540659611336833,0.0611999999999908,0.0614596011932399));
#7475=CARTESIAN_POINT('',(-0.0532474165436537,0.0611999999999936,0.0612375765777916));
#7476=CARTESIAN_POINT('',(-0.0522410081451727,0.0611999999999969,0.0609645951906096));
#7477=CARTESIAN_POINT('',(-0.0512372703227719,0.0612000000000078,0.060682219079153));
#7478=CARTESIAN_POINT('',(-0.0502372679746989,0.0611999999999233,0.0603864345696701));
#7479=CARTESIAN_POINT('',(-0.0501715280207928,0.0611999999999177,0.0603669897553084));
#7480=CARTESIAN_POINT('',(-0.0501058042101239,0.0611999999999116,0.0603474869960222));
#7481=CARTESIAN_POINT('',(-0.050040097059715,0.061199999999905,0.0603279249477805));
#7482=CARTESIAN_POINT('',(-0.0491063096562277,0.0611999999998105,0.0600499218062528));
#7483=CARTESIAN_POINT('',(-0.0481758601132969,0.0612000000000012,0.0597600309150697));
#7484=CARTESIAN_POINT('',(-0.0472499006925785,0.0611999999999984,0.0594541291131617));
#7485=CARTESIAN_POINT('',(-0.0472446628734702,0.0611999999999983,0.0594523987367894));
#7486=CARTESIAN_POINT('',(-0.0472394251981185,0.0611999999999983,0.0594506678479913));
#7487=CARTESIAN_POINT('',(-0.04723418766653,0.0611999999999983,0.0594489364456604));
#7488=CARTESIAN_POINT('',(-0.0465979112210903,0.061199999999996,0.0592385987126892));
#7489=CARTESIAN_POINT('',(-0.0459637589699152,0.0611999999999196,0.0590206854076555));
#7490=CARTESIAN_POINT('',(-0.04533221739325,0.0611999999999061,0.0587934897735324));
#7491=CARTESIAN_POINT('',(-0.0450395419959897,0.0611999999998999,0.058688200470453));
#7492=CARTESIAN_POINT('',(-0.0447474270579445,0.0611999999999309,0.0585809182229179));
#7493=CARTESIAN_POINT('',(-0.044455919706952,0.0611999999999695,0.0584714769162292));
#7494=CARTESIAN_POINT('',(-0.0444018642624849,0.0611999999999767,0.0584511827505556));
#7495=CARTESIAN_POINT('',(-0.0443478312924589,0.0611999999999818,0.0584308142543508));
#7496=CARTESIAN_POINT('',(-0.0442938193469131,0.0611999999999856,0.0584103697308902));
#7497=CARTESIAN_POINT('',(-0.0438879374258671,0.0612000000000144,0.0582567358935375));
#7498=CARTESIAN_POINT('',(-0.0434832413519199,0.0612,0.0580988134583322));
#7499=CARTESIAN_POINT('',(-0.043079900106319,0.0612,0.0579360381436412));
#7500=CARTESIAN_POINT('',(-0.0426999028390396,0.0612,0.0577826836939346));
#7501=CARTESIAN_POINT('',(-0.0423211020106822,0.0612,0.0576250099214305));
#7502=CARTESIAN_POINT('',(-0.0419447079900168,0.0612,0.0574629584771379));
#7503=CARTESIAN_POINT('',(-0.0418684204674383,0.0612,0.057430113897956));
#7504=CARTESIAN_POINT('',(-0.0417922317477108,0.0612,0.0573970896441088));
#7505=CARTESIAN_POINT('',(-0.0417161517891708,0.0612,0.0573638854752925));
#7506=CARTESIAN_POINT('',(-0.0416050718020794,0.0612,0.0573154059714352));
#7507=CARTESIAN_POINT('',(-0.0414942162756745,0.0612,0.0572665381108811));
#7508=CARTESIAN_POINT('',(-0.0413836002973005,0.061199999999999,0.057217274639413));
#7509=CARTESIAN_POINT('',(-0.0408134667593197,0.0611999999999925,0.0569633623412602));
#7510=CARTESIAN_POINT('',(-0.0402496958412692,0.0611999999997952,0.0566989439668096));
#7511=CARTESIAN_POINT('',(-0.0396930548621667,0.0611999999997556,0.0564221323607407));
#7512=CARTESIAN_POINT('',(-0.0394798443152824,0.0611999999997404,0.0563161050358947));
#7513=CARTESIAN_POINT('',(-0.0392676799638655,0.0611999999997746,0.0562082589917703));
#7514=CARTESIAN_POINT('',(-0.0390566055541509,0.0611999999998483,0.0560984861389723));
#7515=CARTESIAN_POINT('',(-0.038893725878988,0.0611999999999052,0.0560137777812438));
#7516=CARTESIAN_POINT('',(-0.0387315034126903,0.0611999999999362,0.0559279184214259));
#7517=CARTESIAN_POINT('',(-0.0385699684085405,0.0611999999999563,0.0558408621882574));
#7518=CARTESIAN_POINT('',(-0.0381113011222239,0.0612000000000135,0.0555936721353368));
#7519=CARTESIAN_POINT('',(-0.0376581768515317,0.0612,0.055336831834363));
#7520=CARTESIAN_POINT('',(-0.0372113737774803,0.0612,0.0550689532047604));
#7521=CARTESIAN_POINT('',(-0.0369759474382097,0.0612,0.0549278044777287));
#7522=CARTESIAN_POINT('',(-0.0367422760022356,0.0612,0.0547835912381837));
#7523=CARTESIAN_POINT('',(-0.0365105248843673,0.0612,0.0546361280006984));
#7524=CARTESIAN_POINT('',(-0.0363024475039953,0.0612,0.0545037283625032));
#7525=CARTESIAN_POINT('',(-0.0360958741927094,0.0611999999999991,0.0543686709586571));
#7526=CARTESIAN_POINT('',(-0.0358909266554237,0.0611999999999776,0.0542308271545652));
#7527=CARTESIAN_POINT('',(-0.0356888503659996,0.0611999999999563,0.0540949144970145));
#7528=CARTESIAN_POINT('',(-0.0354883546342959,0.0611999999999133,0.0539562929789899));
#7529=CARTESIAN_POINT('',(-0.0352894676193063,0.0611999999999025,0.0538147125736853));
#7530=CARTESIAN_POINT('',(-0.0350619892891138,0.06119999999989,0.0536527790548563));
#7531=CARTESIAN_POINT('',(-0.0348368244038151,0.0611999999999563,0.0534871326119767));
#7532=CARTESIAN_POINT('',(-0.0346139096771699,0.0611999999999816,0.0533173123633055));
#7533=CARTESIAN_POINT('',(-0.0344442611604789,0.0612000000000008,0.0531880712237688));
#7534=CARTESIAN_POINT('',(-0.0342759161423759,0.0612,0.0530564125354163));
#7535=CARTESIAN_POINT('',(-0.0341092330301305,0.0612,0.0529224546742615));
#7536=CARTESIAN_POINT('',(-0.0338652505417582,0.0612,0.052726373788434));
#7537=CARTESIAN_POINT('',(-0.0336244362206841,0.0611999999999625,0.0525250325373249));
#7538=CARTESIAN_POINT('',(-0.0333883133473658,0.0611999999999085,0.052319152179761));
#7539=CARTESIAN_POINT('',(-0.0332511597886864,0.0611999999998771,0.0521995651897111));
#7540=CARTESIAN_POINT('',(-0.0331155887005932,0.0611999999998768,0.0520784476036498));
#7541=CARTESIAN_POINT('',(-0.0329816903050324,0.061199999999929,0.0519558142939057));
#7542=CARTESIAN_POINT('',(-0.0327417781776333,0.0612000000000225,0.0517360863568569));
#7543=CARTESIAN_POINT('',(-0.0325074998656038,0.0612,0.051511663128235));
#7544=CARTESIAN_POINT('',(-0.0322788615237552,0.0612,0.0512821568371223));
#7545=CARTESIAN_POINT('',(-0.0322656329173726,0.0612,0.0512688780127443));
#7546=CARTESIAN_POINT('',(-0.0322524232016048,0.0612,0.0512555821621859));
#7547=CARTESIAN_POINT('',(-0.0322392323815318,0.0612,0.0512422692065126));
#7548=CARTESIAN_POINT('',(-0.0321341077145267,0.0612,0.051136171175893));
#7549=CARTESIAN_POINT('',(-0.0320301830283946,0.0612,0.0510289868872419));
#7550=CARTESIAN_POINT('',(-0.0319274666031427,0.0612,0.0509206726581196));
#7551=CARTESIAN_POINT('',(-0.0316699811610657,0.0612,0.0506491548643454));
#7552=CARTESIAN_POINT('',(-0.0314200767352727,0.061200000000005,0.0503705243460862));
#7553=CARTESIAN_POINT('',(-0.0311782141569838,0.0611999999999949,0.0500843647270389));
#7554=CARTESIAN_POINT('',(-0.0311022395638167,0.0611999999999918,0.0499944754155473));
#7555=CARTESIAN_POINT('',(-0.0310270585592277,0.0611999999999865,0.0499038431415155));
#7556=CARTESIAN_POINT('',(-0.0309526844277447,0.0611999999999741,0.0498124459212579));
#7557=CARTESIAN_POINT('',(-0.0307231797137232,0.0611999999999358,0.0495304111266414));
#7558=CARTESIAN_POINT('',(-0.0305014835158343,0.0611999999999886,0.0492413101190716));
#7559=CARTESIAN_POINT('',(-0.030288103470457,0.0611999999999973,0.0489446934383844));
#7560=CARTESIAN_POINT('',(-0.0302627836300237,0.0611999999999983,0.0489094966747341));
#7561=CARTESIAN_POINT('',(-0.0302375808493873,0.061199999999999,0.0488741941372629));
#7562=CARTESIAN_POINT('',(-0.0302124959480276,0.0612,0.0488387851162198));
#7563=CARTESIAN_POINT('',(-0.030162383842644,0.0612,0.0487680485177935));
#7564=CARTESIAN_POINT('',(-0.030112742186286,0.0612,0.048696886969662));
#7565=CARTESIAN_POINT('',(-0.0300636197686556,0.0612,0.0486253630178362));
#7566=CARTESIAN_POINT('',(-0.0299631742112058,0.0612,0.0484791107859893));
#7567=CARTESIAN_POINT('',(-0.0298647405280714,0.0611999999999963,0.0483311047662945));
#7568=CARTESIAN_POINT('',(-0.0297687948833445,0.0611999999999943,0.0481819676719844));
#7569=CARTESIAN_POINT('',(-0.0297305649554445,0.0611999999999935,0.0481225433971369));
#7570=CARTESIAN_POINT('',(-0.0296927299301761,0.0611999999999942,0.0480629396729778));
#7571=CARTESIAN_POINT('',(-0.0296552916136848,0.0611999999999963,0.0480031607950144));
#7572=CARTESIAN_POINT('',(-0.0295529187254774,0.0612000000000021,0.0478396989472487));
#7573=CARTESIAN_POINT('',(-0.0294536195175731,0.0612,0.0476750668363966));
#7574=CARTESIAN_POINT('',(-0.029357281757205,0.0612,0.0475091095113749));
#7575=CARTESIAN_POINT('',(-0.0293299684473774,0.0612,0.047462057931401));
#7576=CARTESIAN_POINT('',(-0.0293028932749598,0.0612,0.0474148997881231));
#7577=CARTESIAN_POINT('',(-0.0292760552990566,0.0612,0.0473676325106732));
#7578=CARTESIAN_POINT('',(-0.0290567503055886,0.0611999999999976,0.0469813906416968));
#7579=CARTESIAN_POINT('',(-0.0288532412332877,0.0611999999999974,0.0465878092358844));
#7580=CARTESIAN_POINT('',(-0.0286658805843228,0.0611999999999989,0.0461869062026537));
#7581=CARTESIAN_POINT('',(-0.0286552003161891,0.061199999999999,0.0461640532080992));
#7582=CARTESIAN_POINT('',(-0.0286445725085976,0.061199999999999,0.0461411764286286));
#7583=CARTESIAN_POINT('',(-0.0286339972222206,0.0611999999999991,0.0461182758698283));
#7584=CARTESIAN_POINT('',(-0.0286245293480068,0.0611999999999992,0.0460977733886265));
#7585=CARTESIAN_POINT('',(-0.0286151035712031,0.0611999999999993,0.0460772518475426));
#7586=CARTESIAN_POINT('',(-0.028605719959721,0.0611999999999993,0.0460567112824012));
#7587=CARTESIAN_POINT('',(-0.0284174386647575,0.0612,0.0456445667459955));
#7588=CARTESIAN_POINT('',(-0.0282461269420789,0.0612,0.0452247504372764));
#7589=CARTESIAN_POINT('',(-0.0280922156430623,0.0612,0.0447972400487961));
#7590=CARTESIAN_POINT('',(-0.0280795848520419,0.0612,0.0447621562413664));
#7591=CARTESIAN_POINT('',(-0.0280670712748668,0.0612,0.0447270206047542));
#7592=CARTESIAN_POINT('',(-0.0280546751641221,0.0612,0.0446918331204155));
#7593=CARTESIAN_POINT('',(-0.0280516863965676,0.0612,0.0446833492327119));
#7594=CARTESIAN_POINT('',(-0.0280487044569145,0.0611999999999993,0.0446748623022048));
#7595=CARTESIAN_POINT('',(-0.0280457293511532,0.0611999999999993,0.0446663723386536));
#7596=CARTESIAN_POINT('',(-0.0279673541526303,0.0611999999999985,0.0444427155572918));
#7597=CARTESIAN_POINT('',(-0.0278937238877744,0.0611999999999914,0.0442169530708916));
#7598=CARTESIAN_POINT('',(-0.0278248431421005,0.0611999999999971,0.0439887271336194));
#7599=CARTESIAN_POINT('',(-0.0278176346756463,0.0611999999999977,0.043964842969813));
#7600=CARTESIAN_POINT('',(-0.0278104791792099,0.0611999999999981,0.0439409342850167));
#7601=CARTESIAN_POINT('',(-0.027803376291815,0.0611999999999984,0.0439169995359785));
#7602=CARTESIAN_POINT('',(-0.0277517741544042,0.061200000000001,0.043743114728281));
#7603=CARTESIAN_POINT('',(-0.0277029447250945,0.0612,0.0435678558460955));
#7604=CARTESIAN_POINT('',(-0.0276570582674253,0.0612,0.0433918316920572));
#7605=CARTESIAN_POINT('',(-0.0276466157437377,0.0612,0.0433517733286206));
#7606=CARTESIAN_POINT('',(-0.0276363258421202,0.0612,0.0433116752823777));
#7607=CARTESIAN_POINT('',(-0.0276261909519111,0.061199999999999,0.0432715447001618));
#7608=CARTESIAN_POINT('',(-0.0276161400393461,0.0611999999999987,0.0432317466397282));
#7609=CARTESIAN_POINT('',(-0.0276062396011095,0.0611999999999984,0.043191909497705));
#7610=CARTESIAN_POINT('',(-0.0275964936245936,0.0611999999999981,0.0431520458888272));
#7611=CARTESIAN_POINT('',(-0.0275472845931798,0.0611999999999964,0.0429507679996051));
#7612=CARTESIAN_POINT('',(-0.0275020157433439,0.0611999999999971,0.0427488147123103));
#7613=CARTESIAN_POINT('',(-0.027460704023328,0.0611999999999989,0.0425466960406124));
#7614=CARTESIAN_POINT('',(-0.0274495955173865,0.0612,0.0424923473844786));
#7615=CARTESIAN_POINT('',(-0.0274387728069009,0.0612,0.0424379837904581));
#7616=CARTESIAN_POINT('',(-0.0274282350090777,0.0612,0.0423836101815661));
#7617=CARTESIAN_POINT('',(-0.0273918219662322,0.0612,0.042195723814466));
#7618=CARTESIAN_POINT('',(-0.0273588102134815,0.0612,0.042007718057483));
#7619=CARTESIAN_POINT('',(-0.027329114139397,0.0612,0.0418194341399979));
#7620=CARTESIAN_POINT('',(-0.0273184940028686,0.0612,0.0417520986092437));
#7621=CARTESIAN_POINT('',(-0.0273082987685799,0.0612,0.041684732670788));
#7622=CARTESIAN_POINT('',(-0.0272985251838345,0.0612,0.0416173329846941));
#7623=CARTESIAN_POINT('',(-0.0272616527431461,0.0612,0.0413630566886716));
#7624=CARTESIAN_POINT('',(-0.0272307824667415,0.0612,0.041108299914858));
#7625=CARTESIAN_POINT('',(-0.027205812793158,0.0612,0.0408531282406521));
#7626=CARTESIAN_POINT('',(-0.0271896755792347,0.0612,0.0406882177991897));
#7627=CARTESIAN_POINT('',(-0.0271760026281432,0.0612,0.040523134125669));
#7628=CARTESIAN_POINT('',(-0.0271647681879068,0.0612,0.0403578774470118));
#7629=CARTESIAN_POINT('',(-0.0271587220973798,0.0612,0.0402689404979212));
#7630=CARTESIAN_POINT('',(-0.0271533825164454,0.0612,0.0401799552091916));
#7631=CARTESIAN_POINT('',(-0.0271487451086085,0.0612,0.0400909207832442));
#7632=CARTESIAN_POINT('',(-0.027135565953469,0.0612,0.0398378918167217));
#7633=CARTESIAN_POINT('',(-0.0271280583041891,0.0612,0.0395844659995534));
#7634=CARTESIAN_POINT('',(-0.0271261454646931,0.0612,0.0393306437867476));
#7635=CARTESIAN_POINT('',(-0.0271250325508446,0.0612,0.0391829668612768));
#7636=CARTESIAN_POINT('',(-0.0271258134052957,0.0612,0.0390351557512768));
#7637=CARTESIAN_POINT('',(-0.0271284756988469,0.0612,0.0388872097585416));
#7638=CARTESIAN_POINT('',(-0.0271303637822263,0.0612,0.0387822873055619));
#7639=CARTESIAN_POINT('',(-0.0271331978861831,0.0612,0.0386772971358491));
#7640=CARTESIAN_POINT('',(-0.0271369734769903,0.0612,0.0385722395611327));
#7641=CARTESIAN_POINT('',(-0.0271460230752569,0.0612,0.0383204302696601));
#7642=CARTESIAN_POINT('',(-0.0271604818733593,0.0612,0.0380682337468288));
#7643=CARTESIAN_POINT('',(-0.0271802989131471,0.0612,0.0378156561380666));
#7644=CARTESIAN_POINT('',(-0.0271852365119185,0.0612,0.0377527240904923));
#7645=CARTESIAN_POINT('',(-0.0271905067251179,0.0612,0.0376897683842499));
#7646=CARTESIAN_POINT('',(-0.027196108901692,0.0612,0.0376267891228005));
#7647=CARTESIAN_POINT('',(-0.027201703626278,0.0612,0.0375638936360601));
#7648=CARTESIAN_POINT('',(-0.0272076294316929,0.0612,0.0375009746567393));
#7649=CARTESIAN_POINT('',(-0.027213885614275,0.0612,0.0374380322843631));
#7650=CARTESIAN_POINT('',(-0.0272148916355855,0.0612,0.0374279108777208));
#7651=CARTESIAN_POINT('',(-0.0272159061997585,0.0612,0.037417788866179));
#7652=CARTESIAN_POINT('',(-0.0272169293046863,0.0612,0.0374076662501974));
#7653=CARTESIAN_POINT('',(-0.0436853120094457,0.0612000000000036,0.058176399586315));
#7654=CARTESIAN_POINT('',(-0.0425330735743046,0.0612,0.0540855750441551));
#7655=CARTESIAN_POINT('',(-0.0389031491220238,0.0612,0.0636666115716147));
#7656=CARTESIAN_POINT('',(-0.0389031491220238,0.0612,0.0626416115716147));
#7657=CARTESIAN_POINT('',(-0.0760617683905264,0.0612,0.0809939603029834));
#7658=CARTESIAN_POINT('',(-0.0760617683905264,0.0612,0.0799689603029834));
#7659=CARTESIAN_POINT('',(-0.0665455366266416,0.0612,0.076556468554706));
#7660=CARTESIAN_POINT('',(-0.0665455366266416,0.0612,0.080806468554706));
#7661=CARTESIAN_POINT('',(-0.0484193808859086,0.0612,0.068104103319892));
#7662=CARTESIAN_POINT('',(-0.0484193808859086,0.0612,0.072354103319892));
#7663=CARTESIAN_POINT('',(-0.012676941706922,0.0586714817377565,0.0627839601692011));
#7664=CARTESIAN_POINT('',(-0.0129204648174902,0.0594761662264372,0.0623352235019722));
#7665=CARTESIAN_POINT('',(-0.0134283900241489,0.0604317585705836,0.0613992767535191));
#7666=CARTESIAN_POINT('',(-0.0141361006894594,0.0609999914431957,0.0600951881197065));
#7667=CARTESIAN_POINT('',(-0.0144894171850961,0.0611475493648255,0.0594441367140495));
#7668=CARTESIAN_POINT('',(-0.0146963936799769,0.061188196096953,0.0590627439974066));
#7669=CARTESIAN_POINT('',(-0.0147974875245063,0.0611975879552636,0.0588764597768373));
#7670=CARTESIAN_POINT('',(-0.0148571187974278,0.0611999307927693,0.0587665780454166));
#7671=CARTESIAN_POINT('',(-0.0148804528288232,0.0612000361381495,0.0587235807818832));
#7672=CARTESIAN_POINT('',(-0.0149047664272039,0.0612,0.0586787783901607));
#7673=CARTESIAN_POINT('',(-0.0167023667282825,0.0586714811382739,0.0649643625352837));
#7674=CARTESIAN_POINT('',(-0.0169595085792403,0.0594761655906934,0.0645229324832418));
#7675=CARTESIAN_POINT('',(-0.0174958393895058,0.0604317581801336,0.0636022253539707));
#7676=CARTESIAN_POINT('',(-0.0182431306561353,0.0609999913338781,0.06231937086498));
#7677=CARTESIAN_POINT('',(-0.0186162078101195,0.0611475493349933,0.0616789204916066));
#7678=CARTESIAN_POINT('',(-0.0188347604323426,0.0611881960902856,0.0613037379874981));
#7679=CARTESIAN_POINT('',(-0.0189415085935389,0.0611975879538861,0.0611204871368503));
#7680=CARTESIAN_POINT('',(-0.0190044747102108,0.0611999307927312,0.0610123943704553));
#7681=CARTESIAN_POINT('',(-0.0190291147679037,0.0612000361381698,0.0609700979100827));
#7682=CARTESIAN_POINT('',(-0.0190547864511059,0.0612,0.0609260237677673));
#7683=CARTESIAN_POINT('',(-0.022546810374666,0.0586714819879517,0.0685131154277374));
#7684=CARTESIAN_POINT('',(-0.0228264377725285,0.0594761664915027,0.0680854578266283));
#7685=CARTESIAN_POINT('',(-0.0234096664388942,0.0604317587328834,0.0671934764216587));
#7686=CARTESIAN_POINT('',(-0.0242222972265144,0.0609999914885597,0.065950645739708));
#7687=CARTESIAN_POINT('',(-0.0246279931241791,0.0611475493771926,0.0653301764625787));
#7688=CARTESIAN_POINT('',(-0.0248656538285365,0.061188196099716,0.0649666990663048));
#7689=CARTESIAN_POINT('',(-0.0249817344951508,0.0611975879558343,0.0647891650542664));
#7690=CARTESIAN_POINT('',(-0.0250502066883003,0.0611999307927851,0.0646844453097506));
#7691=CARTESIAN_POINT('',(-0.0250769981745358,0.0612000361381411,0.064643466464957));
#7692=CARTESIAN_POINT('',(-0.0251049195927942,0.0612,0.064600771047954));
#7693=CARTESIAN_POINT('',(-0.0300671629325947,0.058671484469503,0.0738157056183668));
#7694=CARTESIAN_POINT('',(-0.0303694374109728,0.0594761691246912,0.0734041422909779));
#7695=CARTESIAN_POINT('',(-0.0309999013357552,0.0604317603529692,0.072545729441084));
#7696=CARTESIAN_POINT('',(-0.0318783471049869,0.0609999919425951,0.0713496706998506));
#7697=CARTESIAN_POINT('',(-0.0323169009198247,0.0611475495011695,0.0707525516781853));
#7698=CARTESIAN_POINT('',(-0.0325738102039897,0.0611881961274303,0.0704027529161362));
#7699=CARTESIAN_POINT('',(-0.0326992930044857,0.0611975879615609,0.0702319003244735));
#7700=CARTESIAN_POINT('',(-0.0327733096746361,0.0611999307929435,0.0701311204984677));
#7701=CARTESIAN_POINT('',(-0.0328022745249721,0.0612000361380567,0.0700916863565397));
#7702=CARTESIAN_POINT('',(-0.0328324508762272,0.0612,0.0700505928219961));
#7703=CARTESIAN_POINT('',(-0.035663237093754,0.0586714722308623,0.0780247182765865));
#7704=CARTESIAN_POINT('',(-0.0359725163685812,0.0594761561399587,0.0776185538073929));
#7705=CARTESIAN_POINT('',(-0.0366175975530731,0.0604317523673306,0.0767714025113802));
#7706=CARTESIAN_POINT('',(-0.0375164281022571,0.0609999897050993,0.0755910440832857));
#7707=CARTESIAN_POINT('',(-0.0379651613598609,0.0611475488902923,0.0750017658330246));
#7708=CARTESIAN_POINT('',(-0.0382280347178391,0.061188195990879,0.0746565614219587));
#7709=CARTESIAN_POINT('',(-0.0383564303030146,0.0611975879333463,0.0744879526966684));
#7710=CARTESIAN_POINT('',(-0.0384321663805892,0.061199930792163,0.0743884978521119));
#7711=CARTESIAN_POINT('',(-0.0384618009216717,0.0612000361384725,0.0743495788190528));
#7712=CARTESIAN_POINT('',(-0.0384926830956476,0.0612,0.0743090306867629));
#7713=CARTESIAN_POINT('',(-0.0411538178527034,0.0586714784888732,0.082115832854609));
#7714=CARTESIAN_POINT('',(-0.0414502737890001,0.0594761627823722,0.0816997612076523));
#7715=CARTESIAN_POINT('',(-0.0420686175092549,0.060431756458008,0.0808319507093037));
#7716=CARTESIAN_POINT('',(-0.0429302574359091,0.0609999908521619,0.0796228343372142));
#7717=CARTESIAN_POINT('',(-0.043360441727864,0.0611475492036055,0.0790192063614437));
#7718=CARTESIAN_POINT('',(-0.0436124561218806,0.0611881960609273,0.0786655985976803));
#7719=CARTESIAN_POINT('',(-0.043735549180665,0.0611975879478216,0.0784928860356986));
#7720=CARTESIAN_POINT('',(-0.0438081594813793,0.0611999307925635,0.0783910109732868));
#7721=CARTESIAN_POINT('',(-0.043836567422767,0.0612000361382592,0.0783511443055723));
#7722=CARTESIAN_POINT('',(-0.0438661807743172,0.0612,0.0783096104244011));
#7723=CARTESIAN_POINT('',(-0.0464457098163554,0.0586714928781943,0.0855373001307463));
#7724=CARTESIAN_POINT('',(-0.0467043615599288,0.0594761780383371,0.0850959870266815));
#7725=CARTESIAN_POINT('',(-0.047243796900403,0.0604317658201198,0.0841755064270306));
#7726=CARTESIAN_POINT('',(-0.0479951773723419,0.0609999934720556,0.0828928595766293));
#7727=CARTESIAN_POINT('',(-0.0483702358025589,0.0611475499183579,0.0822524838812251));
#7728=CARTESIAN_POINT('',(-0.0485899257326879,0.0611881962206528,0.0818773336810949));
#7729=CARTESIAN_POINT('',(-0.0486972255230806,0.061197587980818,0.0816940967243973));
#7730=CARTESIAN_POINT('',(-0.0487605098361393,0.061199930793476,0.0815860084676227));
#7731=CARTESIAN_POINT('',(-0.0487852878356131,0.0612000361377729,0.0815437207307851));
#7732=CARTESIAN_POINT('',(-0.0488110676461079,0.0612,0.0814996372513943));
#7733=CARTESIAN_POINT('',(-0.0510190279770186,0.0586715060055844,0.0878694104025259));
#7734=CARTESIAN_POINT('',(-0.051231308707195,0.0594761919609219,0.0874043092271051));
#7735=CARTESIAN_POINT('',(-0.0516740937283617,0.0604317743724623,0.086434251179889));
#7736=CARTESIAN_POINT('',(-0.0522911835424838,0.0609999958666153,0.0850827197651198));
#7737=CARTESIAN_POINT('',(-0.0525992963390854,0.0611475505718422,0.0844080027030516));
#7738=CARTESIAN_POINT('',(-0.0527798069734223,0.0611881963667031,0.0840127536942949));
#7739=CARTESIAN_POINT('',(-0.052867976373896,0.0611975880109921,0.0838197028516156));
#7740=CARTESIAN_POINT('',(-0.0529199892579929,0.0611999307943106,0.0837058317572822));
#7741=CARTESIAN_POINT('',(-0.0529403320157846,0.0612000361373283,0.0836612698076166));
#7742=CARTESIAN_POINT('',(-0.0529615555678447,0.0612,0.08361484669569));
#7743=CARTESIAN_POINT('',(-0.0561818962684472,0.0586714702192593,0.0899421132718797));
#7744=CARTESIAN_POINT('',(-0.0563422042170346,0.0594761540125607,0.089456221781065));
#7745=CARTESIAN_POINT('',(-0.0566765484026849,0.0604317510723388,0.0884427678564584));
#7746=CARTESIAN_POINT('',(-0.0571423070860353,0.060999989344468,0.0870306331490258));
#7747=CARTESIAN_POINT('',(-0.0573748066013054,0.0611475487921871,0.0863256285998532));
#7748=CARTESIAN_POINT('',(-0.057510997285657,0.0611881959689805,0.0859126249014018));
#7749=CARTESIAN_POINT('',(-0.0575775155870259,0.0611975879288259,0.0857109001186505));
#7750=CARTESIAN_POINT('',(-0.0576167485716026,0.0611999307920381,0.0855919092234763));
#7751=CARTESIAN_POINT('',(-0.0576321075530166,0.0612000361385391,0.0855453500739648));
#7752=CARTESIAN_POINT('',(-0.0576480930935898,0.0612,0.0854968294314062));
#7753=CARTESIAN_POINT('',(-0.0598984529207917,0.0586714863256126,0.0909751312151346));
#7754=CARTESIAN_POINT('',(-0.0600255857754585,0.0594761710908208,0.0904802666347122));
#7755=CARTESIAN_POINT('',(-0.0602907593973336,0.0604317615560012,0.0894481147021891));
#7756=CARTESIAN_POINT('',(-0.060660282001494,0.0609999922786507,0.0880100050331972));
#7757=CARTESIAN_POINT('',(-0.0608447742560732,0.0611475495927557,0.0872920511828171));
#7758=CARTESIAN_POINT('',(-0.0609528566080633,0.0611881961478883,0.086871468609281));
#7759=CARTESIAN_POINT('',(-0.0610056481706899,0.0611975879657859,0.086666043195032));
#7760=CARTESIAN_POINT('',(-0.0610367895813731,0.0611999307930603,0.0865448715403632));
#7761=CARTESIAN_POINT('',(-0.0610489719508153,0.0612000361379944,0.0864974551262789));
#7762=CARTESIAN_POINT('',(-0.0610616747742951,0.0612,0.0864480516255378));
#7763=CARTESIAN_POINT('',(-0.0623804559595551,0.0586714816756578,0.0915162627187769));
#7764=CARTESIAN_POINT('',(-0.0624894709999327,0.0594761661605645,0.091017480347705));
#7765=CARTESIAN_POINT('',(-0.0627168479897445,0.0604317585300937,0.0899771514478299));
#7766=CARTESIAN_POINT('',(-0.06303366197935,0.0609999914318543,0.0885276236119366));
#7767=CARTESIAN_POINT('',(-0.063191828098649,0.0611475493617297,0.0878039634083939));
#7768=CARTESIAN_POINT('',(-0.0632844835919431,0.061188196096261,0.0873800357262534));
#7769=CARTESIAN_POINT('',(-0.0633297394835197,0.0611975879551206,0.0871729760929629));
#7770=CARTESIAN_POINT('',(-0.0633564341680647,0.0611999307927653,0.0870508397711708));
#7771=CARTESIAN_POINT('',(-0.0633668799183715,0.0612000361381516,0.0870030472111809));
#7772=CARTESIAN_POINT('',(-0.0633777642422658,0.0612,0.0869532482442962));
#7773=CARTESIAN_POINT('',(-0.0630406897650398,0.0612,0.0869222007866729));
#7774=CARTESIAN_POINT('',(-0.0621062968801784,0.0612,0.0873228728286921));
#7775=CARTESIAN_POINT('',(-0.0605772967950557,0.0609413547331927,0.0888329019534428));
#7776=CARTESIAN_POINT('',(-0.0600930767318971,0.0595530856251347,0.0903815081656282));
#7777=CARTESIAN_POINT('',(-0.0599769485041174,0.0587,0.0909249212843504));
#7778=CARTESIAN_POINT('',(-0.0138151127536938,0.0587,0.0633870300778483));
#7779=CARTESIAN_POINT('',(-0.0141481673514611,0.0594961432928409,0.0629792239838425));
#7780=CARTESIAN_POINT('',(-0.0149729845972643,0.0608214966377837,0.0617582413834183));
#7781=CARTESIAN_POINT('',(-0.0153030790957358,0.0612,0.0598229145513475));
#7782=CARTESIAN_POINT('',(-0.0151793872832276,0.0612,0.0588766113139529));
#7783=CARTESIAN_POINT('',(-0.0434372555150342,0.0612,0.0581247722257612));
#7784=CARTESIAN_POINT('',(-0.043456032377135,0.0612000357946124,0.0580772923949375));
#7785=CARTESIAN_POINT('',(-0.0434740065327024,0.0611999322118953,0.0580318401183826));
#7786=CARTESIAN_POINT('',(-0.043519988401519,0.0611975917077254,0.0579155653113084));
#7787=CARTESIAN_POINT('',(-0.0435979295662609,0.0611882043800012,0.0577184738409166));
#7788=CARTESIAN_POINT('',(-0.0437575084611212,0.0611475667192013,0.0573149424361913));
#7789=CARTESIAN_POINT('',(-0.044029913626921,0.0610000241319478,0.0566261000839386));
#7790=CARTESIAN_POINT('',(-0.044575553740138,0.0604318203214598,0.0552463032496245));
#7791=CARTESIAN_POINT('',(-0.0449671575076804,0.0594762421745986,0.0542560041836849));
#7792=CARTESIAN_POINT('',(-0.0451549110030196,0.0586715593735042,0.0537812028653195));
#7793=CARTESIAN_POINT('',(-0.0467039209183394,0.0612,0.0594083443751515));
#7794=CARTESIAN_POINT('',(-0.0467198867058635,0.0612000357945937,0.0593597839010617));
#7795=CARTESIAN_POINT('',(-0.0467351696543586,0.0611999322119301,0.0593132972026852));
#7796=CARTESIAN_POINT('',(-0.0467742672096222,0.0611975917090071,0.0591943761167487));
#7797=CARTESIAN_POINT('',(-0.0468405392707624,0.0611882043862093,0.0589927991652934));
#7798=CARTESIAN_POINT('',(-0.0469762272522463,0.0611475667469851,0.0585800843165171));
#7799=CARTESIAN_POINT('',(-0.0472078526101827,0.0610000242337322,0.057875566530973));
#7800=CARTESIAN_POINT('',(-0.0476718176429462,0.0604318206847857,0.0564643742031588));
#7801=CARTESIAN_POINT('',(-0.0480048186717609,0.0594762427653855,0.055451547971246));
#7802=CARTESIAN_POINT('',(-0.0481644781340224,0.0586715599303331,0.0549659470267614));
#7803=CARTESIAN_POINT('',(-0.0517166073142761,0.0612,0.0609226351712311));
#7804=CARTESIAN_POINT('',(-0.0517301055622962,0.0612000357945392,0.060873382304864));
#7805=CARTESIAN_POINT('',(-0.0517430273034534,0.0611999322120311,0.0608262332387181));
#7806=CARTESIAN_POINT('',(-0.051776083437945,0.0611975917127346,0.0607056172096545));
#7807=CARTESIAN_POINT('',(-0.0518321151540375,0.0611882044042662,0.0605011673337432));
#7808=CARTESIAN_POINT('',(-0.0519468362120677,0.0611475668278022,0.0600825701683038));
#7809=CARTESIAN_POINT('',(-0.0521426688012385,0.0610000245298619,0.059368010481692));
#7810=CARTESIAN_POINT('',(-0.0525349334503028,0.0604318217421649,0.0579367014569594));
#7811=CARTESIAN_POINT('',(-0.0528164655646501,0.059476244485923,0.0569094331975061));
#7812=CARTESIAN_POINT('',(-0.0529514465544133,0.0586715615523909,0.0564169071190778));
#7813=CARTESIAN_POINT('',(-0.0584828071789385,0.0612,0.0626410425035277));
#7814=CARTESIAN_POINT('',(-0.0584949249326888,0.0612000357945635,0.062591442024872));
#7815=CARTESIAN_POINT('',(-0.0585065253954448,0.061199932211986,0.0625439601789799));
#7816=CARTESIAN_POINT('',(-0.0585362011968171,0.0611975917110691,0.0624224928553985));
#7817=CARTESIAN_POINT('',(-0.0585865031585563,0.061188204396198,0.0622165999947219));
#7818=CARTESIAN_POINT('',(-0.0586894929193705,0.0611475667916913,0.0617950484343839));
#7819=CARTESIAN_POINT('',(-0.0588652998221798,0.0610000243975467,0.0610754455682434));
#7820=CARTESIAN_POINT('',(-0.0592174518347356,0.0604318212697242,0.0596340350270435));
#7821=CARTESIAN_POINT('',(-0.0594701948102194,0.0594762437172191,0.0585995174865639));
#7822=CARTESIAN_POINT('',(-0.0595913728319175,0.0586715608276983,0.0581035159133269));
#7823=CARTESIAN_POINT('',(-0.0635746590441001,0.0612,0.0638660351260739));
#7824=CARTESIAN_POINT('',(-0.0635865609023041,0.0612000357945662,0.0638163843232728));
#7825=CARTESIAN_POINT('',(-0.0635979537526883,0.0611999322119812,0.0637688540393557));
#7826=CARTESIAN_POINT('',(-0.0636270994179395,0.0611975917108901,0.0636472630750462));
#7827=CARTESIAN_POINT('',(-0.0636765025092561,0.061188204395331,0.0634411605611764));
#7828=CARTESIAN_POINT('',(-0.063777651955733,0.0611475667878113,0.0630191797594737));
#7829=CARTESIAN_POINT('',(-0.0639503172443985,0.0610000243833288,0.0622988440994662));
#7830=CARTESIAN_POINT('',(-0.0642961761032318,0.0604318212189523,0.0608559655628111));
#7831=CARTESIAN_POINT('',(-0.0645444020415593,0.0594762436345889,0.0598203942288192));
#7832=CARTESIAN_POINT('',(-0.0646634143369478,0.0586715607497925,0.0593238873995279));
#7833=CARTESIAN_POINT('',(-0.068377806260902,0.0612,0.0650409098893862));
#7834=CARTESIAN_POINT('',(-0.0683902811043989,0.0612000357945571,0.0649913964716068));
#7835=CARTESIAN_POINT('',(-0.0684022251982892,0.0611999322119979,0.0649439985006517));
#7836=CARTESIAN_POINT('',(-0.0684327782485125,0.0611975917115076,0.0648227452027517));
#7837=CARTESIAN_POINT('',(-0.0684845677909414,0.0611882043983223,0.0646172153032153));
#7838=CARTESIAN_POINT('',(-0.0685906035386075,0.0611475668011995,0.064196406954437));
#7839=CARTESIAN_POINT('',(-0.0687716116638179,0.0610000244323903,0.0634780732300466));
#7840=CARTESIAN_POINT('',(-0.0691341870516373,0.0604318213941614,0.0620392062374558));
#7841=CARTESIAN_POINT('',(-0.0693944185080369,0.0594762439197655,0.061006516215584));
#7842=CARTESIAN_POINT('',(-0.0695191879794796,0.0586715610186718,0.0605113911094863));
#7843=CARTESIAN_POINT('',(-0.0725914841790307,0.0612,0.0661629755691728));
#7844=CARTESIAN_POINT('',(-0.0726052577679486,0.0612000357945739,0.0661138011530693));
#7845=CARTESIAN_POINT('',(-0.0726184414536812,0.0611999322119668,0.0660667265035764));
#7846=CARTESIAN_POINT('',(-0.0726521693568007,0.061197591710363,0.0659463015438479));
#7847=CARTESIAN_POINT('',(-0.0727093392145188,0.061188204392778,0.0657421753209884));
#7848=CARTESIAN_POINT('',(-0.0728263903427289,0.0611475667763859,0.0653242407559328));
#7849=CARTESIAN_POINT('',(-0.0730261991627863,0.0610000243414725,0.0646108117272486));
#7850=CARTESIAN_POINT('',(-0.0734264246698314,0.0604318210695515,0.0631817663336861));
#7851=CARTESIAN_POINT('',(-0.0737136651543367,0.0594762433916343,0.0621561215007736));
#7852=CARTESIAN_POINT('',(-0.0738513824132541,0.0586715605207872,0.0616643737671185));
#7853=CARTESIAN_POINT('',(-0.0759303431397565,0.0612,0.0671707169788731));
#7854=CARTESIAN_POINT('',(-0.0759459212086945,0.0612000357945409,0.0671220798119107));
#7855=CARTESIAN_POINT('',(-0.0759608357161315,0.0611999322120281,0.0670755207974657));
#7856=CARTESIAN_POINT('',(-0.0759989879139919,0.0611975917126206,0.0669564135730032));
#7857=CARTESIAN_POINT('',(-0.0760636583227227,0.0611882044037139,0.0667545214231546));
#7858=CARTESIAN_POINT('',(-0.0761960668774447,0.0611475668253288,0.0663411611712816));
#7859=CARTESIAN_POINT('',(-0.076422094543455,0.0610000245207882,0.0656355418136172));
#7860=CARTESIAN_POINT('',(-0.0768748476706706,0.0604318217096976,0.0642221430806177));
#7861=CARTESIAN_POINT('',(-0.0771998013836295,0.0594762444329108,0.063207732453608));
#7862=CARTESIAN_POINT('',(-0.0773556020434855,0.0586715615023598,0.0627213714183694));
#7863=CARTESIAN_POINT('',(-0.0785329128051632,0.0612,0.0680752656760747));
#7864=CARTESIAN_POINT('',(-0.0785506587619435,0.0612000357945985,0.0680273677067782));
#7865=CARTESIAN_POINT('',(-0.0785676439426039,0.0611999322119212,0.0679815143640958));
#7866=CARTESIAN_POINT('',(-0.0786110979718,0.0611975917086813,0.0678642143558899));
#7867=CARTESIAN_POINT('',(-0.0786847536339702,0.0611882043846316,0.0676653848563011));
#7868=CARTESIAN_POINT('',(-0.0788355579977177,0.0611475667399279,0.0672582948413208));
#7869=CARTESIAN_POINT('',(-0.0790929832132102,0.0610000242079079,0.0665633771835737));
#7870=CARTESIAN_POINT('',(-0.0796086135078933,0.0604318205927862,0.0651714094043529));
#7871=CARTESIAN_POINT('',(-0.0799786752768822,0.0594762426162619,0.0641723733877119));
#7872=CARTESIAN_POINT('',(-0.0801561006696105,0.0586715597899156,0.0636933831400492));
#7873=CARTESIAN_POINT('',(-0.0809597432782564,0.0612,0.069052965855199));
#7874=CARTESIAN_POINT('',(-0.0809804607094489,0.0612000357945047,0.0690062604360862));
#7875=CARTESIAN_POINT('',(-0.0810002957476153,0.0611999322120954,0.0689615512432846));
#7876=CARTESIAN_POINT('',(-0.0810510348942276,0.0611975917151007,0.0688471756179646));
#7877=CARTESIAN_POINT('',(-0.081137041067027,0.0611882044157268,0.0686533039713948));
#7878=CARTESIAN_POINT('',(-0.0813131334659207,0.061147566879093,0.0682563653205355));
#7879=CARTESIAN_POINT('',(-0.0816137322396684,0.0610000247177739,0.0675787789309271));
#7880=CARTESIAN_POINT('',(-0.0822158597308424,0.060431822412969,0.0662215340184059));
#7881=CARTESIAN_POINT('',(-0.0826480255978646,0.0594762455769875,0.0652474277058292));
#7882=CARTESIAN_POINT('',(-0.0828552297270193,0.0586715625808741,0.0647803906984638));
#7883=CARTESIAN_POINT('',(-0.0825234378067551,0.0612,0.0698240450137638));
#7884=CARTESIAN_POINT('',(-0.0825471687197927,0.0612000357946293,0.0697787564459407));
#7885=CARTESIAN_POINT('',(-0.082569883805744,0.061199932211864,0.0697354009626178));
#7886=CARTESIAN_POINT('',(-0.0826279953486925,0.0611975917065723,0.0696244910056653));
#7887=CARTESIAN_POINT('',(-0.0827264962910318,0.0611882043744161,0.0694364928720416));
#7888=CARTESIAN_POINT('',(-0.0829281693803718,0.0611475666942069,0.069051579154504));
#7889=CARTESIAN_POINT('',(-0.0832724285787787,0.0610000240403832,0.0683945166021478));
#7890=CARTESIAN_POINT('',(-0.0839619911771274,0.0604318199946491,0.0670783734797662));
#7891=CARTESIAN_POINT('',(-0.0844568848553004,0.0594762416430822,0.0661337564193357));
#7892=CARTESIAN_POINT('',(-0.0846941612152127,0.058671558872463,0.065680857519812));
#7893=CARTESIAN_POINT('',(-0.0833927088700506,0.0612,0.0703467789134537));
#7894=CARTESIAN_POINT('',(-0.0834191096556573,0.0612000357945554,0.0703030765465162));
#7895=CARTESIAN_POINT('',(-0.0834443826987325,0.061199932212001,0.0702612407814825));
#7896=CARTESIAN_POINT('',(-0.0835090358532001,0.0611975917116247,0.0701542172687639));
#7897=CARTESIAN_POINT('',(-0.0836186259543458,0.0611882043988894,0.0699728073023329));
#7898=CARTESIAN_POINT('',(-0.0838430040553438,0.0611475668037373,0.0696013827218333));
#7899=CARTESIAN_POINT('',(-0.0842260246453278,0.0610000244416849,0.0689673480492464));
#7900=CARTESIAN_POINT('',(-0.0849932380725891,0.0604318214273246,0.0676973353237212));
#7901=CARTESIAN_POINT('',(-0.0855438748475243,0.0594762439736537,0.0667858311453597));
#7902=CARTESIAN_POINT('',(-0.0858078786894664,0.0586715610694519,0.0663488084963679));
#7903=CARTESIAN_POINT('',(-0.0851293411194692,0.0587,0.0659762700065413));
#7904=CARTESIAN_POINT('',(-0.084741332917262,0.0594735595356266,0.0663362413355789));
#7905=CARTESIAN_POINT('',(-0.0837981027267494,0.0607718090265373,0.067421587688875));
#7906=CARTESIAN_POINT('',(-0.0832365456553441,0.0611999984320952,0.0692468612849725));
#7907=CARTESIAN_POINT('',(-0.0832014290796952,0.0611999999999901,0.0701834806497357));
#7908=CARTESIAN_POINT('',(-0.0436853107251041,0.0612,0.0581764000890962));
#7909=CARTESIAN_POINT('',(-0.044606199945016,0.0612,0.0578158995883403));
#7910=CARTESIAN_POINT('',(-0.046173575247919,0.0608967825343988,0.0564392634110384));
#7911=CARTESIAN_POINT('',(-0.0467490192734184,0.059532677047326,0.054980100275685));
#7912=CARTESIAN_POINT('',(-0.0469043395401983,0.0587,0.0544600822967984));
#7913=CARTESIAN_POINT('',(0.014353281747604,0.075200025,0.0405));
#7914=CARTESIAN_POINT('',(-0.0218372240639029,0.075200025,0.0405));
#7915=CARTESIAN_POINT('',(-0.0137543608336541,0.0557,0.0405));
#7916=CARTESIAN_POINT('',(-0.0220766887424414,0.0587,0.040498964167274));
#7917=CARTESIAN_POINT('',(-0.0220766887424414,0.0612,0.040498964167274));
#7918=CARTESIAN_POINT('',(-0.0219968851237896,0.0587,0.0404996542895398));
#7919=CARTESIAN_POINT('',(-0.0219968851237896,0.0612,0.0404996542895398));
#7920=CARTESIAN_POINT('',(-0.0219170610927545,0.0587,0.0405));
#7921=CARTESIAN_POINT('',(-0.0219170610927545,0.0612,0.0405));
#7922=CARTESIAN_POINT('',(-0.0218372240639029,0.0587,0.0405));
#7923=CARTESIAN_POINT('',(-0.0218372240639029,0.0612,0.0405));
#7924=CARTESIAN_POINT('',(-0.0220766887424414,0.05995,0.040498964167274));
#7925=CARTESIAN_POINT('',(-0.0137543608336541,0.0557,0.063));
#7926=CARTESIAN_POINT('',(-0.0137543608336541,0.0612,0.0565669770942316));
#7927=CARTESIAN_POINT('',(-0.0129677065664942,0.0612,0.0560325070089695));
#7928=CARTESIAN_POINT('',(-0.011112119912327,0.0608097635458791,0.0554465963839147));
#7929=CARTESIAN_POINT('',(-0.00965908914240752,0.0594905767629765,0.0556119977771852));
#7930=CARTESIAN_POINT('',(-0.00914458860500766,0.0587,0.0557200339745911));
#7931=CARTESIAN_POINT('',(-0.0277781979821857,0.061177406582434,0.0398438471695172));
#7932=CARTESIAN_POINT('',(-0.0277781979821857,0.0587,0.0398438471695172));
#7933=CARTESIAN_POINT('',(-0.0286078529418509,0.061177406582434,0.0396527039844762));
#7934=CARTESIAN_POINT('',(-0.0286078529418509,0.0587,0.0396527039844762));
#7935=CARTESIAN_POINT('',(-0.0301442799958089,0.061177406582434,0.0392867374708996));
#7936=CARTESIAN_POINT('',(-0.0301442799958089,0.0587,0.0392867374708996));
#7937=CARTESIAN_POINT('',(-0.0313023908319867,0.061177406582434,0.0391856222630214));
#7938=CARTESIAN_POINT('',(-0.0313023908319867,0.0587,0.0391856222630214));
#7939=CARTESIAN_POINT('',(-0.0317515371361064,0.061177406582434,0.0392045656243724));
#7940=CARTESIAN_POINT('',(-0.0317515371361064,0.0587,0.0392045656243724));
#7941=CARTESIAN_POINT('',(-0.0484193808859086,0.0782,0.068104103319892));
#7942=CARTESIAN_POINT('',(-0.0665455366266416,0.0782,0.076556468554706));
#7943=CARTESIAN_POINT('',(-0.0760617683905264,0.0592,0.0809939603029834));
#7944=CARTESIAN_POINT('',(-0.0389031491220238,0.0592,0.0636666115716147));
#7945=CARTESIAN_POINT('',(-0.0381320020388109,0.0637,0.0643418575831189));
#7946=CARTESIAN_POINT('',(-0.0379605365961329,0.0637,0.0641460399496339));
#7947=CARTESIAN_POINT('',(-0.0377780383058435,0.0637378564150358,0.0636287812084405));
#7948=CARTESIAN_POINT('',(-0.0379984456534473,0.0637659120984627,0.0631207685993191));
#7949=CARTESIAN_POINT('',(-0.038180330899669,0.0637625572498703,0.0629398662121992));
#7950=CARTESIAN_POINT('',(-0.038180330899669,0.0637625572498703,0.0629398662121992));
#7951=CARTESIAN_POINT('',(-0.038180330899669,0.0637,0.0629398662121992));
#7952=CARTESIAN_POINT('',(-0.0207862672119377,0.0997,0.0548715502338111));
#7953=CARTESIAN_POINT('',(-0.0240002052603705,0.0997,0.0510413280182163));
#7954=CARTESIAN_POINT('',(-0.0152864497198921,0.0997,0.0437296189580319));
#7955=CARTESIAN_POINT('',(-0.0327139608008488,0.0997,0.0583530370784006));
#7956=CARTESIAN_POINT('',(-0.0295000227524161,0.0997,0.0621832592939955));
#7957=CARTESIAN_POINT('',(-0.0307855979717892,0.0997,0.0606511704077575));
#7958=CARTESIAN_POINT('',(-0.0220718424313108,0.0997,0.0533394613475732));
#7959=CARTESIAN_POINT('',(-0.0133580868908325,0.0997,0.0460277522873888));
#7960=CARTESIAN_POINT('',(-0.0120725116714594,0.0997,0.0475598411736267));
#7961=CARTESIAN_POINT('',(-0.0105404227852214,0.0817,0.0462742659542537));
#7962=CARTESIAN_POINT('',(-0.0137543608336541,0.0817,0.0424440437386588));
#7963=CARTESIAN_POINT('',(-0.0137543608336541,0.0977,0.0424440437386588));
#7964=CARTESIAN_POINT('',(-0.0137543608336541,0.0689240059286888,0.0424440437386588));
#7965=CARTESIAN_POINT('',(-0.0137543608336541,0.0977,0.0424440437386588));
#7966=CARTESIAN_POINT('',(-0.0118259980045945,0.0977,0.0447421770680157));
#7967=CARTESIAN_POINT('',(-0.0118259980045945,0.0997,0.0447421770680157));
#7968=CARTESIAN_POINT('',(-0.0118259980045945,0.0680866545139225,0.0447421770680157));
#7969=CARTESIAN_POINT('',(-0.0183506274923679,0.0557,0.0369664264356156));
#7970=CARTESIAN_POINT('',(-0.031032111638654,0.0817,0.0634688345133686));
#7971=CARTESIAN_POINT('',(-0.0323176868580272,0.0817,0.0619367456271306));
#7972=CARTESIAN_POINT('',(-0.0323176868580272,0.0977,0.0619367456271306));
#7973=CARTESIAN_POINT('',(-0.0323176868580272,0.0697,0.0619367456271306));
#7974=CARTESIAN_POINT('',(-0.031032111638654,0.0977,0.0634688345133686));
#7975=CARTESIAN_POINT('',(-0.0342460496870867,0.0977,0.0596386122977737));
#7976=CARTESIAN_POINT('',(-0.0342460496870867,0.0817,0.0596386122977737));
#7977=CARTESIAN_POINT('',(-0.0342460496870867,0.0697,0.0596386122977737));
#7978=CARTESIAN_POINT('',(-0.031032111638654,0.0697,0.0634688345133686));
#7979=CARTESIAN_POINT('',(-0.0207862672119377,0.0817,0.0548715502338111));
#7980=CARTESIAN_POINT('',(-0.0207862672119377,0.0697,0.0548715502338111));
#7981=CARTESIAN_POINT('',(-0.0176110864917733,0.0697,0.0522072572626));
#7982=CARTESIAN_POINT('',(-0.022193012399691,0.0697,0.0560519496020153));
#7983=CARTESIAN_POINT('',(-0.0176110864917733,0.0557,0.0522072572626));
#7984=CARTESIAN_POINT('',(-0.0120725116714594,0.0685578454244786,0.0475598411736267));
#7985=CARTESIAN_POINT('',(-0.0120725116714594,0.0637,0.0475598411736267));
#7986=CARTESIAN_POINT('',(-0.0120725116714594,0.0977,0.0475598411736267));
#7987=CARTESIAN_POINT('',(-0.0207862672119377,0.0977,0.0548715502338111));
#7988=CARTESIAN_POINT('',(-0.0295000227524161,0.0977,0.0621832592939955));
#7989=CARTESIAN_POINT('',(-0.0295000227524161,0.0817,0.0621832592939955));
#7990=CARTESIAN_POINT('',(-0.0295000227524161,0.0696341052285319,0.0621832592939955));
#7991=CARTESIAN_POINT('',(-0.0221930123996906,0.0696999999999517,0.056051949602015));
#7992=CARTESIAN_POINT('',(-0.0246287987452595,0.0696999985484282,0.0580958170262085));
#7993=CARTESIAN_POINT('',(-0.0270644180468488,0.0696684309853349,0.0601395442838603));
#7994=CARTESIAN_POINT('',(-0.0295000227524161,0.0696341052285319,0.0621832592939955));
#7995=CARTESIAN_POINT('',(-0.0240002052603705,0.0817,0.0510413280182162));
#7996=CARTESIAN_POINT('',(-0.0164355163845705,0.0698,0.0446938003725617));
#7997=CARTESIAN_POINT('',(-0.0141373830552136,0.0698,0.042765437543502));
#7998=CARTESIAN_POINT('',(-0.0315648941361703,0.0698,0.0573888556638708));
#7999=CARTESIAN_POINT('',(-0.0292667608068134,0.0698,0.0554604928348112));
#8000=CARTESIAN_POINT('',(-0.0315648941361703,0.0961,0.0573888556638708));
#8001=CARTESIAN_POINT('',(-0.0292667608068134,0.0961,0.0554604928348112));
#8002=CARTESIAN_POINT('',(-0.0164355163845705,0.0961,0.0446938003725617));
#8003=CARTESIAN_POINT('',(-0.0141373830552136,0.0961,0.042765437543502));
#8004=CARTESIAN_POINT('',(-0.0105627706680747,0.0630357857258086,0.0397659816078521));
#8005=CARTESIAN_POINT('',(-0.0115039101282665,0.0634452485369999,0.0405556913817853));
#8006=CARTESIAN_POINT('',(-0.0131309271523912,0.0650722563683459,0.0419209207666474));
#8007=CARTESIAN_POINT('',(-0.0137543608336541,0.067629920281385,0.0424440437386588));
#8008=CARTESIAN_POINT('',(-0.0137543608336541,0.0689240059286888,0.0424440437386588));
#8009=CARTESIAN_POINT('',(-0.0388423163458006,0.0697,0.0634953379558929));
#8010=CARTESIAN_POINT('',(-0.0327139608008488,0.0977,0.0583530370784006));
#8011=CARTESIAN_POINT('',(-0.0152864497198921,0.0977,0.0437296189580319));
#8012=CARTESIAN_POINT('',(-0.0295000227524161,0.0977,0.0621832592939955));
#8013=CARTESIAN_POINT('',(-0.0307855979717892,0.0977,0.0606511704077575));
#8014=CARTESIAN_POINT('',(-0.0307855979717892,0.0817,0.0606511704077575));
#8015=CARTESIAN_POINT('',(-0.0307855979717892,0.0977,0.0606511704077575));
#8016=CARTESIAN_POINT('',(-0.0307855979717892,0.0697,0.0606511704077575));
#8017=CARTESIAN_POINT('',(-0.030777552506427,0.0697,0.0626511542253138));
#8018=CARTESIAN_POINT('',(-0.0295000227524161,0.0696341052285319,0.0621832592939955));
#8019=CARTESIAN_POINT('',(-0.029858514199005,0.0696138958896627,0.0624840693346084));
#8020=CARTESIAN_POINT('',(-0.0303084303978706,0.0696999998538688,0.0626492670572068));
#8021=CARTESIAN_POINT('',(-0.0307775525064271,0.0697,0.0626511542253138));
#8022=CARTESIAN_POINT('',(-0.0307855979717892,0.0977,0.0606511704077575));
#8023=CARTESIAN_POINT('',(-0.0307855979717892,0.0977,0.0606511704077575));
#8024=CARTESIAN_POINT('',(-0.0220718424313108,0.0977,0.0533394613475732));
#8025=CARTESIAN_POINT('',(-0.0133580868908324,0.0977,0.0460277522873888));
#8026=CARTESIAN_POINT('',(-0.0133580868908325,0.0817,0.0460277522873888));
#8027=CARTESIAN_POINT('',(-0.0133580868908325,0.0977,0.0460277522873888));
#8028=CARTESIAN_POINT('',(-0.0118259980045945,0.0680866545139225,0.0447421770680157));
#8029=CARTESIAN_POINT('',(-0.0117565799281331,0.0679403915409283,0.0448249063100295));
#8030=CARTESIAN_POINT('',(-0.0116301933663507,0.0676502414303642,0.0450017723479975));
#8031=CARTESIAN_POINT('',(-0.0114740572436663,0.0672432423971533,0.0453229386959009));
#8032=CARTESIAN_POINT('',(-0.0113527658609291,0.0668878647993425,0.0457496226128035));
#8033=CARTESIAN_POINT('',(-0.0113581420060874,0.0669044255994694,0.0463401538677316));
#8034=CARTESIAN_POINT('',(-0.0114846407952363,0.0672725747410902,0.0467592521935206));
#8035=CARTESIAN_POINT('',(-0.011695299515814,0.0678164418545644,0.0471782993970867));
#8036=CARTESIAN_POINT('',(-0.0119039040107011,0.068267331387777,0.0474183625476708));
#8037=CARTESIAN_POINT('',(-0.0120725116714594,0.0685578454244786,0.0475598411736267));
#8038=CARTESIAN_POINT('',(-0.0133580868908325,0.0977,0.0460277522873888));
#8039=CARTESIAN_POINT('',(-0.0133580868908325,0.0977,0.0460277522873888));
#8040=CARTESIAN_POINT('',(-0.0120725116714594,0.0977,0.0475598411736267));
#8041=CARTESIAN_POINT('',(-0.0111347386473401,0.0632589403755402,0.0385731030431099));
#8042=CARTESIAN_POINT('',(-0.0144152696678558,0.0643958393874761,0.0416564032611217));
#8043=CARTESIAN_POINT('',(-0.0137662886663185,0.0689281456571953,0.0424298287012291));
#8044=CARTESIAN_POINT('',(-0.0107537457347413,0.0631269036829501,0.0393676899697084));
#8045=CARTESIAN_POINT('',(-0.0138324891267967,0.0643764165901926,0.0423509340645983));
#8046=CARTESIAN_POINT('',(-0.0130995510692721,0.068697081445152,0.0432244156278268));
#8047=CARTESIAN_POINT('',(-0.0103827576743348,0.0629660086308595,0.0401414110888409));
#8048=CARTESIAN_POINT('',(-0.0132488747726709,0.0643028327676834,0.0430464585678572));
#8049=CARTESIAN_POINT('',(-0.0124503219635743,0.0684155151039967,0.0439981367469589));
#8050=CARTESIAN_POINT('',(-0.010026001126355,0.06277808829367,0.0408854514098965));
#8051=CARTESIAN_POINT('',(-0.0126773921221837,0.0641746997722219,0.0437275250696652));
#8052=CARTESIAN_POINT('',(-0.0118259980045945,0.0680866545139225,0.0447421770680157));
#8053=CARTESIAN_POINT('',(-0.00722973134588064,0.0680866545139225,0.0408854514098965));
#8054=CARTESIAN_POINT('',(-0.0120725116714594,0.0685578454244786,0.0475598411736267));
#8055=CARTESIAN_POINT('',(-0.0131830397692663,0.0641645360047079,0.0484916848909085));
#8056=CARTESIAN_POINT('',(-0.0105894609363318,0.0630473402425592,0.0521561078323406));
#8057=CARTESIAN_POINT('',(-0.0118746939504662,0.0682170019232966,0.0473938523969011));
#8058=CARTESIAN_POINT('',(-0.01284655677967,0.0642032926722777,0.0484465514465177));
#8059=CARTESIAN_POINT('',(-0.0101373061454613,0.0628525725301684,0.051492152723165));
#8060=CARTESIAN_POINT('',(-0.011631444920011,0.0676662838338618,0.0470927799008392));
#8061=CARTESIAN_POINT('',(-0.012214846359576,0.0641428411732281,0.0481358680330313));
#8062=CARTESIAN_POINT('',(-0.00958130836159554,0.06253787647593,0.0502878627417083));
#8063=CARTESIAN_POINT('',(-0.0114319521056376,0.0671231154461909,0.0466129458256964));
#8064=CARTESIAN_POINT('',(-0.0116000826687797,0.0639819007931439,0.0472569920360308));
#8065=CARTESIAN_POINT('',(-0.00912532478588699,0.0622274945407611,0.048368526440514));
#8066=CARTESIAN_POINT('',(-0.0113263642261085,0.0668064914785975,0.0460824883366039));
#8067=CARTESIAN_POINT('',(-0.011254056736809,0.0638654502110327,0.0461617828871352));
#8068=CARTESIAN_POINT('',(-0.00888398106121143,0.0620465665592774,0.0462466964843635));
#8069=CARTESIAN_POINT('',(-0.0114041410907714,0.0670560107937666,0.045397656098016));
#8070=CARTESIAN_POINT('',(-0.0115281096800698,0.0639733327594659,0.0446377725606596));
#8071=CARTESIAN_POINT('',(-0.00906175675217113,0.062189149023897,0.0435073675293954));
#8072=CARTESIAN_POINT('',(-0.0116602993315363,0.0677375295870454,0.0449396490569209));
#8073=CARTESIAN_POINT('',(-0.0123000544027461,0.064152309392944,0.0439187560933435));
#8074=CARTESIAN_POINT('',(-0.00964726130165648,0.062578588337839,0.0416753393665308));
#8075=CARTESIAN_POINT('',(-0.0118259980045945,0.0680866545139226,0.0447421770680157));
#8076=CARTESIAN_POINT('',(-0.0126773921221837,0.0641746997722219,0.0437275250696652));
#8077=CARTESIAN_POINT('',(-0.0100260011263551,0.06277808829367,0.0408854514098963));
#8078=CARTESIAN_POINT('',(-0.00821578601334013,0.0685578454244786,0.0521561078323406));
#8079=CARTESIAN_POINT('',(-0.0176110864917733,0.0697,0.0522072572625999));
#8080=CARTESIAN_POINT('',(-0.0176110864917733,0.0637,0.0522072572625999));
#8081=CARTESIAN_POINT('',(-0.0137543608336541,0.0637,0.0568035239213138));
#8082=CARTESIAN_POINT('',(-0.0157129914594693,0.0697000000000172,0.0506145664210542));
#8083=CARTESIAN_POINT('',(-0.0162496768990262,0.0642010550180247,0.0510648989754071));
#8084=CARTESIAN_POINT('',(-0.0126697351009132,0.0637,0.0552108330797623));
#8085=CARTESIAN_POINT('',(-0.0138157554234578,0.0693087555211389,0.0490225963629807));
#8086=CARTESIAN_POINT('',(-0.0146958819029456,0.0643855823707515,0.0497611101673289));
#8087=CARTESIAN_POINT('',(-0.0115856002231953,0.0634764317263659,0.0536188630216966));
#8088=CARTESIAN_POINT('',(-0.0120725116714594,0.0685578454244786,0.0475598411736267));
#8089=CARTESIAN_POINT('',(-0.0131830397692663,0.0641645360047079,0.0484916848909085));
#8090=CARTESIAN_POINT('',(-0.0105894609363318,0.0630473402425592,0.0521561078323406));
#8091=CARTESIAN_POINT('',(-0.0137543608336541,0.0697,0.0568035239213138));
#8092=CARTESIAN_POINT('',(-0.0169295415538185,0.0697,0.059467816892525));
#8093=CARTESIAN_POINT('',(-0.0183361265985217,0.0637,0.0606480816484566));
#8094=CARTESIAN_POINT('',(-0.019345841705235,0.0637000000473896,0.0594448042864224));
#8095=CARTESIAN_POINT('',(-0.0213572333405661,0.0650001168783765,0.0570478295666786));
#8096=CARTESIAN_POINT('',(-0.0221929856897903,0.0681292037033743,0.0560519271897475));
#8097=CARTESIAN_POINT('',(-0.022193012399691,0.0697,0.0560519496020153));
#8098=CARTESIAN_POINT('',(-0.0295000227524161,0.0696341052285319,0.0621832592939955));
#8099=CARTESIAN_POINT('',(-0.029454973298492,0.064186968444043,0.0621454583138231));
#8100=CARTESIAN_POINT('',(-0.0259653563617831,0.0636623458598633,0.066295410397346));
#8101=CARTESIAN_POINT('',(-0.0288874438856634,0.0696427384986374,0.0616692445928363));
#8102=CARTESIAN_POINT('',(-0.0288412333229093,0.0641606030496797,0.0616304693266731));
#8103=CARTESIAN_POINT('',(-0.0253292513378407,0.0636672791339185,0.065811385785832));
#8104=CARTESIAN_POINT('',(-0.0276622852525514,0.0696595060962189,0.0606412144356583));
#8105=CARTESIAN_POINT('',(-0.0276139154197034,0.064102152354315,0.0606006273267552));
#8106=CARTESIAN_POINT('',(-0.0240550080881068,0.0636768606496678,0.0648481494676405));
#8107=CARTESIAN_POINT('',(-0.025824540637433,0.0696809600269196,0.0590991636069147));
#8108=CARTESIAN_POINT('',(-0.0257836306020931,0.0639930428899018,0.0590648360113502));
#8109=CARTESIAN_POINT('',(-0.0221376498542155,0.0636891200160163,0.0634202532679157));
#8110=CARTESIAN_POINT('',(-0.0242930773676463,0.0696936107962286,0.0578141133420747));
#8111=CARTESIAN_POINT('',(-0.0242647945407702,0.063885307322153,0.0577903812324724));
#8112=CARTESIAN_POINT('',(-0.0205375474633392,0.0636963490259346,0.0622411669276395));
#8113=CARTESIAN_POINT('',(-0.023221045769565,0.0696984118187617,0.0569145720235147));
#8114=CARTESIAN_POINT('',(-0.023208136923829,0.0637914767821206,0.0569037402158213));
#8115=CARTESIAN_POINT('',(-0.0194124944690863,0.0636990924679287,0.0614288596034288));
#8116=CARTESIAN_POINT('',(-0.0226084538778848,0.069699820034299,0.0564005463931433));
#8117=CARTESIAN_POINT('',(-0.0226018094440222,0.0637439617345399,0.0563949710511351));
#8118=CARTESIAN_POINT('',(-0.0187742798540581,0.0636998971624583,0.0609579048277717));
#8119=CARTESIAN_POINT('',(-0.0223021569871506,0.0697,0.0561435327850976));
#8120=CARTESIAN_POINT('',(-0.0223021569871502,0.0637000000000088,0.0561435327851078));
#8121=CARTESIAN_POINT('',(-0.0184454313290297,0.0637,0.0607397994438142));
#8122=CARTESIAN_POINT('',(-0.0221490083795703,0.0697,0.0560150258449617));
#8123=CARTESIAN_POINT('',(-0.0221490083795703,0.0637,0.0560150258449617));
#8124=CARTESIAN_POINT('',(-0.0182922827214511,0.0637,0.0606112925036756));
#8125=CARTESIAN_POINT('',(-0.0256432970942969,0.0696341052285319,0.0667795259527094));
#8126=CARTESIAN_POINT('',(-0.0307775523020089,0.0697,0.0626511542244915));
#8127=CARTESIAN_POINT('',(-0.030777552885553,0.0637000008279595,0.062651154226839));
#8128=CARTESIAN_POINT('',(-0.030753415879543,0.0637000000000001,0.0686511048490881));
#8129=CARTESIAN_POINT('',(-0.0305442446559924,0.0696999999225276,0.0626502156587584));
#8130=CARTESIAN_POINT('',(-0.0306785385663707,0.0638854274160273,0.0626507559793054));
#8131=CARTESIAN_POINT('',(-0.0299536823536831,0.0636999999481344,0.068459549342889));
#8132=CARTESIAN_POINT('',(-0.0300842525699058,0.0696415864559684,0.0625667913466328));
#8133=CARTESIAN_POINT('',(-0.0302436777517102,0.0641753602551587,0.0626448044146486));
#8134=CARTESIAN_POINT('',(-0.0283037549744071,0.0636666208556531,0.0678482531205115));
#8135=CARTESIAN_POINT('',(-0.0296783630121889,0.0696240516018756,0.0623329045401948));
#8136=CARTESIAN_POINT('',(-0.0296743841183428,0.0642236526315327,0.0623384668418873));
#8137=CARTESIAN_POINT('',(-0.0267061141074788,0.0636566009578215,0.0668590672898594));
#8138=CARTESIAN_POINT('',(-0.0295000227524161,0.0696341052285319,0.0621832592939954));
#8139=CARTESIAN_POINT('',(-0.0294549732984921,0.0641869684440429,0.062145458313823));
#8140=CARTESIAN_POINT('',(-0.0259653563617831,0.0636623458598633,0.066295410397346));
#8141=CARTESIAN_POINT('',(-0.0307534161103407,0.0697,0.0686511056779828));
#8142=CARTESIAN_POINT('',(-0.0307855979717892,0.0697,0.0606511704077575));
#8143=CARTESIAN_POINT('',(-0.036913953516741,0.0697,0.0657934712852498));
#8144=CARTESIAN_POINT('',(-0.0356283782973679,0.0697,0.0673255601714878));
#8145=CARTESIAN_POINT('',(-0.0183638792136301,0.0961,0.0423956670432047));
#8146=CARTESIAN_POINT('',(-0.0183638792136301,0.0961,0.0423956670432047));
#8147=CARTESIAN_POINT('',(-0.0206620125429871,0.0961,0.0443240298722643));
#8148=CARTESIAN_POINT('',(-0.0261145313407875,0.0813678928629043,0.0488992363844859));
#8149=CARTESIAN_POINT('',(-0.0183638792136301,0.0961,0.0423956670432047));
#8150=CARTESIAN_POINT('',(-0.0174063236597314,0.0961,0.0415921825310965));
#8151=CARTESIAN_POINT('',(-0.03349325696523,0.0961,0.0550907223345139));
#8152=CARTESIAN_POINT('',(-0.03349325696523,0.0961,0.0550907223345139));
#8153=CARTESIAN_POINT('',(-0.0357913902945869,0.0961,0.0570190851635735));
#8154=CARTESIAN_POINT('',(-0.0261145313407875,0.0813678928629043,0.0488992363844859));
#8155=CARTESIAN_POINT('',(-0.03349325696523,0.0961,0.0550907223345139));
#8156=CARTESIAN_POINT('',(-0.0325357014113312,0.0961,0.0542872378224057));
#8157=CARTESIAN_POINT('',(-0.03349325696523,0.0698,0.0550907223345139));
#8158=CARTESIAN_POINT('',(-0.03349325696523,0.0698,0.0550907223345139));
#8159=CARTESIAN_POINT('',(-0.0357913902945869,0.0698,0.0570190851635735));
#8160=CARTESIAN_POINT('',(-0.0261145313407875,0.0813678928629043,0.0488992363844859));
#8161=CARTESIAN_POINT('',(-0.03349325696523,0.0698,0.0550907223345139));
#8162=CARTESIAN_POINT('',(-0.0325357014113312,0.0698,0.0542872378224057));
#8163=CARTESIAN_POINT('',(-0.0183638792136301,0.0698,0.0423956670432048));
#8164=CARTESIAN_POINT('',(-0.0183638792136301,0.0698,0.0423956670432048));
#8165=CARTESIAN_POINT('',(-0.0206620125429871,0.0698,0.0443240298722644));
#8166=CARTESIAN_POINT('',(-0.0261145313407875,0.0813678928629043,0.0488992363844859));
#8167=CARTESIAN_POINT('',(-0.0183638792136301,0.0698,0.0423956670432047));
#8168=CARTESIAN_POINT('',(-0.0174063236597314,0.0698,0.0415921825310965));
#8169=CARTESIAN_POINT('',(-0.0138643659458243,0.0698,0.0477579781450376));
#8170=CARTESIAN_POINT('',(-0.0133815837445,0.0698,0.0483333355679064));
#8171=CARTESIAN_POINT('',(-0.0138643659458243,0.0698,0.0477579781450376));
#8172=CARTESIAN_POINT('',(-0.0129068103919256,0.0698,0.0469544936329294));
#8173=CARTESIAN_POINT('',(-0.0183638792136301,0.0698,0.0423956670432047));
#8174=CARTESIAN_POINT('',(-0.0289937436974242,0.0698,0.0604530334363467));
#8175=CARTESIAN_POINT('',(-0.0285109614960998,0.0698,0.0610283908592156));
#8176=CARTESIAN_POINT('',(-0.0289937436974242,0.0698,0.0604530334363467));
#8177=CARTESIAN_POINT('',(-0.0280361881435255,0.0698,0.0596495489242385));
#8178=CARTESIAN_POINT('',(-0.03349325696523,0.0698,0.0550907223345139));
#8179=CARTESIAN_POINT('',(-0.0289937436974242,0.0961,0.0604530334363467));
#8180=CARTESIAN_POINT('',(-0.0285109614960998,0.0961,0.0610283908592156));
#8181=CARTESIAN_POINT('',(-0.0289937436974242,0.0961,0.0604530334363467));
#8182=CARTESIAN_POINT('',(-0.0280361881435255,0.0961,0.0596495489242385));
#8183=CARTESIAN_POINT('',(-0.03349325696523,0.0961,0.0550907223345139));
#8184=CARTESIAN_POINT('',(-0.0138643659458243,0.0961,0.0477579781450376));
#8185=CARTESIAN_POINT('',(-0.0133815837445,0.0961,0.0483333355679064));
#8186=CARTESIAN_POINT('',(-0.0138643659458243,0.0961,0.0477579781450376));
#8187=CARTESIAN_POINT('',(-0.0129068103919256,0.0961,0.0469544936329294));
#8188=CARTESIAN_POINT('',(-0.0183638792136301,0.0961,0.0423956670432047));
#8189=CARTESIAN_POINT('',(-0.035140978988751,0.0637,0.0505989924747378));
#8190=CARTESIAN_POINT('',(-0.0341767975742212,0.0637,0.0517480591394163));
#8191=CARTESIAN_POINT('',(-0.0361051604032809,0.05893583551612,0.0494499258100594));
#8192=CARTESIAN_POINT('',(-0.0301066875523925,0.0637,0.043763905808586));
#8193=CARTESIAN_POINT('',(-0.0241698431182205,0.0637,0.0387823018335153));
#8194=CARTESIAN_POINT('',(-0.0360435319865647,0.062349860410907,0.0487455097836566));
#8195=CARTESIAN_POINT('',(-0.0275355371136464,0.0637,0.0468280835810618));
#8196=CARTESIAN_POINT('',(-0.0215986926794744,0.0637,0.0418464796059912));
#8197=CARTESIAN_POINT('',(-0.0334723815478185,0.0637,0.0518096875561325));
#8198=CARTESIAN_POINT('',(-0.0225012456772879,0.0637,0.0399929969149099));
#8199=CARTESIAN_POINT('',(-0.0215370642627581,0.0612,0.0411420635795884));
#8200=CARTESIAN_POINT('',(-0.0234654270918178,0.0637,0.0388439302502315));
#8201=CARTESIAN_POINT('',(-0.0357221381817214,0.0637,0.0491285320052161));
#8202=CARTESIAN_POINT('',(-0.0337937753526618,0.0637,0.051426665334573));
#8203=CARTESIAN_POINT('',(-0.0238484493133772,0.0637,0.0391653240550748));
#8204=CARTESIAN_POINT('',(-0.0219200864843176,0.0637,0.0414634573844316));
#8205=CARTESIAN_POINT('',(-0.0110392328351736,0.063702,0.0598366223275662));
#8206=CARTESIAN_POINT('',(-0.0142052335459078,0.0602,0.0591024973384596));
#8207=CARTESIAN_POINT('',(-0.0143303869242106,0.0601999998697294,0.0596422360621606));
#8208=CARTESIAN_POINT('',(-0.0142683909495479,0.0599641717505959,0.0607708108562389));
#8209=CARTESIAN_POINT('',(-0.013858355899993,0.0591551701980123,0.0614838452268456));
#8210=CARTESIAN_POINT('',(-0.0136749208170613,0.0587,0.0617381082891585));
#8211=CARTESIAN_POINT('',(-0.0142052335459078,0.0602,0.0591024973384596));
#8212=CARTESIAN_POINT('',(-0.0110392328351736,0.0602,0.0598366223275662));
#8213=CARTESIAN_POINT('',(-0.0131155071869528,0.0602,0.057336305384428));
#8214=CARTESIAN_POINT('',(-0.0105506056833501,0.0587,0.056623564048216));
#8215=CARTESIAN_POINT('',(-0.0108588010957293,0.0591505953912064,0.0565766951048409));
#8216=CARTESIAN_POINT('',(-0.0116692553997421,0.0599543709640983,0.0565375244920979));
#8217=CARTESIAN_POINT('',(-0.0126928378990689,0.0602,0.0569853189208413));
#8218=CARTESIAN_POINT('',(-0.0131155071869528,0.0602,0.057336305384428));
#8219=CARTESIAN_POINT('',(-0.0425330735743046,0.063702,0.0540855750441551));
#8220=CARTESIAN_POINT('',(-0.0395966521393172,0.0601999999999269,0.05547838844018));
#8221=CARTESIAN_POINT('',(-0.0393445218578601,0.0601999973897426,0.0549468306844943));
#8222=CARTESIAN_POINT('',(-0.0391654356947708,0.0600285801977528,0.0537134567172939));
#8223=CARTESIAN_POINT('',(-0.0395042074680104,0.0591890216836689,0.0528605267367022));
#8224=CARTESIAN_POINT('',(-0.0396610369010041,0.0587,0.0525644224064435));
#8225=CARTESIAN_POINT('',(-0.0395966521393171,0.0601999999999269,0.05547838844018));
#8226=CARTESIAN_POINT('',(-0.0425330735743046,0.0602,0.0540855750441551));
#8227=CARTESIAN_POINT('',(-0.043414197036198,0.0602,0.0572138527563957));
#8228=CARTESIAN_POINT('',(-0.0455565828854346,0.0587,0.0552775865564779));
#8229=CARTESIAN_POINT('',(-0.0454346436433366,0.0591858500646335,0.0555868825910077));
#8230=CARTESIAN_POINT('',(-0.0450173657552028,0.0600230582963082,0.056386006278243));
#8231=CARTESIAN_POINT('',(-0.0439731557169503,0.0601999999221336,0.0570564141741647));
#8232=CARTESIAN_POINT('',(-0.043414197036198,0.0601999999999999,0.0572138527563957));
#8233=CARTESIAN_POINT('',(-0.0874460339546204,0.063702,0.0699694231152535));
#8234=CARTESIAN_POINT('',(-0.0874460339546204,0.0602,0.0699694231152535));
#8235=CARTESIAN_POINT('',(-0.0860984320032754,0.0601999999999958,0.0729268660953853));
#8236=CARTESIAN_POINT('',(-0.0842001589196356,0.0602,0.0701331156846094));
#8237=CARTESIAN_POINT('',(-0.0887282511198849,0.0587,0.0729557953527853));
#8238=CARTESIAN_POINT('',(-0.0884158590075485,0.0591134107615406,0.0730899228147597));
#8239=CARTESIAN_POINT('',(-0.0876384519171591,0.0598497693365871,0.0733140686847293));
#8240=CARTESIAN_POINT('',(-0.0865884005592844,0.0601999990421563,0.0731501274013889));
#8241=CARTESIAN_POINT('',(-0.0860984320032754,0.0601999999999958,0.0729268660953853));
#8242=CARTESIAN_POINT('',(-0.0842001589196356,0.0601999999999924,0.0701331156846094));
#8243=CARTESIAN_POINT('',(-0.0841730903769285,0.0601999989214653,0.0695963710580684));
#8244=CARTESIAN_POINT('',(-0.0844136646234233,0.0599227071980229,0.0685426524778016));
#8245=CARTESIAN_POINT('',(-0.0848997555789641,0.0591368055882344,0.0679261511660018));
#8246=CARTESIAN_POINT('',(-0.0851157228632501,0.0587,0.067703998162306));
#8247=CARTESIAN_POINT('',(-0.0643505454063416,0.063702,0.0909653156995773));
#8248=CARTESIAN_POINT('',(-0.0664285329103956,0.0602,0.0884664223579167));
#8249=CARTESIAN_POINT('',(-0.0666600300590813,0.0602,0.0886589268454726));
#8250=CARTESIAN_POINT('',(-0.0670725274980396,0.0601745917307676,0.0891116481557715));
#8251=CARTESIAN_POINT('',(-0.0675950310460109,0.0598402085073993,0.0901871481210953));
#8252=CARTESIAN_POINT('',(-0.0676179010607974,0.0592024244692541,0.0908922892378259));
#8253=CARTESIAN_POINT('',(-0.0675893152769142,0.0587,0.0912352596298134));
#8254=CARTESIAN_POINT('',(-0.0664285329103955,0.0602,0.0884664223579168));
#8255=CARTESIAN_POINT('',(-0.0643505454063416,0.0602,0.0909653156995773));
#8256=CARTESIAN_POINT('',(-0.0633488910924049,0.0602,0.0878735219426504));
#8257=CARTESIAN_POINT('',(-0.0612457808011424,0.0587,0.090004619729823));
#8258=CARTESIAN_POINT('',(-0.0613472805080924,0.0592014674518928,0.0896765943112748));
#8259=CARTESIAN_POINT('',(-0.0617259981252284,0.0600596538165407,0.0888074576126541));
#8260=CARTESIAN_POINT('',(-0.0627759217920602,0.0602,0.0880591478985079));
#8261=CARTESIAN_POINT('',(-0.0633488910924049,0.0602,0.0878735219426504));
#8262=CARTESIAN_POINT('',(-0.043414197036198,0.0601999999999999,0.0572138527563957));
#8263=CARTESIAN_POINT('',(-0.043414197134896,0.0611999998642626,0.057213852728596));
#8264=CARTESIAN_POINT('',(-0.0436853120094474,0.0611999999999999,0.0581763995863241));
#8265=CARTESIAN_POINT('',(-0.0437220686182546,0.0601999999666771,0.0571271363906655));
#8266=CARTESIAN_POINT('',(-0.0437471322877162,0.0611562733539141,0.0571200768543229));
#8267=CARTESIAN_POINT('',(-0.0441082987300976,0.0611999999475808,0.0580108161171671));
#8268=CARTESIAN_POINT('',(-0.0443181055694748,0.0601578974694056,0.0568589107759725));
#8269=CARTESIAN_POINT('',(-0.0444254057054806,0.0610338986552372,0.0568129967705419));
#8270=CARTESIAN_POINT('',(-0.0449347823432976,0.0611485412439286,0.0575341866113686));
#8271=CARTESIAN_POINT('',(-0.0450290146074814,0.0598171636762727,0.0562309209208267));
#8272=CARTESIAN_POINT('',(-0.0452736993239468,0.0605947371096995,0.0559812980981406));
#8273=CARTESIAN_POINT('',(-0.045945207849124,0.0607320894532197,0.0564844034268004));
#8274=CARTESIAN_POINT('',(-0.0454748755410476,0.0591293574345428,0.0555311801647672));
#8275=CARTESIAN_POINT('',(-0.0457686244460628,0.0598127457365821,0.0549766823430144));
#8276=CARTESIAN_POINT('',(-0.046605935623917,0.059891438689106,0.0553473646823923));
#8277=CARTESIAN_POINT('',(-0.0456158898553095,0.058480389906345,0.0551290690090602));
#8278=CARTESIAN_POINT('',(-0.0458776971165358,0.0590981138510749,0.0543667366552542));
#8279=CARTESIAN_POINT('',(-0.0468321429604295,0.0590982563922269,0.0547049692630971));
#8280=CARTESIAN_POINT('',(-0.0456626983505161,0.0581268329734448,0.0549619019010546));
#8281=CARTESIAN_POINT('',(-0.0459038061055998,0.0587009713099253,0.0541008341406568));
#8282=CARTESIAN_POINT('',(-0.0469105714483938,0.0586661311721257,0.0544390872652861));
#8283=CARTESIAN_POINT('',(-0.0436853119475498,0.0602,0.0581763997447774));
#8284=CARTESIAN_POINT('',(-0.0425330735743046,0.0602,0.0540855750441551));
#8285=CARTESIAN_POINT('',(-0.0386931378516287,0.0601999999999269,0.0559069464081876));
#8286=CARTESIAN_POINT('',(-0.0398313413492192,0.0581283571681469,0.0522791578764068));
#8287=CARTESIAN_POINT('',(-0.0403162435416485,0.0586880549855093,0.0515539234717018));
#8288=CARTESIAN_POINT('',(-0.0394377610779079,0.0586679922373558,0.0510041755551186));
#8289=CARTESIAN_POINT('',(-0.0397340148499991,0.0584852746476033,0.0524247223362627));
#8290=CARTESIAN_POINT('',(-0.0401322123763874,0.0590895519376228,0.0517466443424894));
#8291=CARTESIAN_POINT('',(-0.0392843085949737,0.0591042247255908,0.0512381102033849));
#8292=CARTESIAN_POINT('',(-0.039520471481275,0.0591317388191566,0.052792823686177));
#8293=CARTESIAN_POINT('',(-0.0397445479019491,0.0598048086265852,0.0522223565798793));
#8294=CARTESIAN_POINT('',(-0.038940200611299,0.0598943475516124,0.0518247270694416));
#8295=CARTESIAN_POINT('',(-0.0392771210374911,0.0598218508029228,0.0535982397596981));
#8296=CARTESIAN_POINT('',(-0.0393048631868941,0.0605946323968168,0.0532592965408385));
#8297=CARTESIAN_POINT('',(-0.0384946325174944,0.0607378175914719,0.0530776559750485));
#8298=CARTESIAN_POINT('',(-0.0392677430415587,0.0601576923797143,0.0545540911621024));
#8299=CARTESIAN_POINT('',(-0.0392329186495117,0.0610326353747198,0.054446034133123));
#8300=CARTESIAN_POINT('',(-0.0383553073901522,0.0611482906428374,0.0545324295829207));
#8301=CARTESIAN_POINT('',(-0.0394577689651319,0.0601999985721702,0.0551855857353808));
#8302=CARTESIAN_POINT('',(-0.03944684948459,0.0611559481273596,0.055162563816744));
#8303=CARTESIAN_POINT('',(-0.0385379251202574,0.0611999982426114,0.0554746135568239));
#8304=CARTESIAN_POINT('',(-0.0395966521393171,0.0601999999999269,0.05547838844018));
#8305=CARTESIAN_POINT('',(-0.0395966506853394,0.061199995417892,0.0554783853748079));
#8306=CARTESIAN_POINT('',(-0.0386931405375826,0.0611999999999106,0.0559069413791319));
#8307=CARTESIAN_POINT('',(-0.0151793874568895,0.0612,0.0588766126424918));
#8308=CARTESIAN_POINT('',(-0.0142052335335993,0.0611999998690767,0.0591024972853778));
#8309=CARTESIAN_POINT('',(-0.01420523350037,0.0602,0.0591024971420726));
#8310=CARTESIAN_POINT('',(-0.015238187380951,0.0611999999277796,0.0593264410448404));
#8311=CARTESIAN_POINT('',(-0.0142841196320207,0.0611566319117109,0.0594427028398385));
#8312=CARTESIAN_POINT('',(-0.0142746170093763,0.0601999999489667,0.0594017216340368));
#8313=CARTESIAN_POINT('',(-0.0152345091754472,0.0611264955331104,0.0602557809356545));
#8314=CARTESIAN_POINT('',(-0.0143393318072611,0.0610275358191012,0.0601769043308679));
#8315=CARTESIAN_POINT('',(-0.0143266378225454,0.0601398599780223,0.0600130340098209));
#8316=CARTESIAN_POINT('',(-0.0147744897953138,0.0605014951029493,0.0620537058505773));
#8317=CARTESIAN_POINT('',(-0.0139384189221009,0.0604101824427166,0.0616648487533534));
#8318=CARTESIAN_POINT('',(-0.014096596675538,0.0596284959985493,0.0611699564156179));
#8319=CARTESIAN_POINT('',(-0.0141347074412365,0.0594746385060367,0.062999230710928));
#8320=CARTESIAN_POINT('',(-0.0132075686279031,0.0594996093917502,0.0624336059611252));
#8321=CARTESIAN_POINT('',(-0.0136840310797273,0.0587883406045218,0.0617547379096884));
#8322=CARTESIAN_POINT('',(-0.0137979906443873,0.0586587943684498,0.0634079028959749));
#8323=CARTESIAN_POINT('',(-0.0127869311359777,0.0587827424680691,0.0627573637570625));
#8324=CARTESIAN_POINT('',(-0.0134612507074273,0.0581208317614084,0.0620037239464304));
#8325=CARTESIAN_POINT('',(-0.0151793875718338,0.0602,0.0588766125586001));
#8326=CARTESIAN_POINT('',(-0.0110392328351736,0.0602,0.0598366223275662));
#8327=CARTESIAN_POINT('',(-0.0137543608336541,0.0602,0.0565669770942316));
#8328=CARTESIAN_POINT('',(-0.0131155071869528,0.0602,0.057336305384428));
#8329=CARTESIAN_POINT('',(-0.0131155071869528,0.0612,0.057336305384428));
#8330=CARTESIAN_POINT('',(-0.0137543608336541,0.0612,0.0565669770942316));
#8331=CARTESIAN_POINT('',(-0.0128808186094321,0.060200000007972,0.0571414189419315));
#8332=CARTESIAN_POINT('',(-0.0128463175617787,0.0611573590584369,0.0571127691108411));
#8333=CARTESIAN_POINT('',(-0.0133792602834655,0.0612,0.0563121255956669));
#8334=CARTESIAN_POINT('',(-0.0123617642426969,0.0601368981629809,0.0568225821764441));
#8335=CARTESIAN_POINT('',(-0.0122130886228889,0.0610279394826787,0.0567335449191798));
#8336=CARTESIAN_POINT('',(-0.0125496605737442,0.0611228755368123,0.0558951852045866));
#8337=CARTESIAN_POINT('',(-0.011236900491651,0.0596156493929776,0.0565088600783074));
#8338=CARTESIAN_POINT('',(-0.010705618485673,0.0604072970597426,0.0564240259027065));
#8339=CARTESIAN_POINT('',(-0.0107518014139791,0.0604857937006148,0.055484933237466));
#8340=CARTESIAN_POINT('',(-0.0105362875623267,0.0587805689499953,0.0566085000006648));
#8341=CARTESIAN_POINT('',(-0.00969411536531056,0.0595097966031172,0.0567266000537792));
#8342=CARTESIAN_POINT('',(-0.00963201835586251,0.0594651398244984,0.0556152315738097));
#8343=CARTESIAN_POINT('',(-0.0102137174598767,0.0581188108156628,0.0566932126557053));
#8344=CARTESIAN_POINT('',(-0.00920984825988992,0.0588028362891646,0.0569568465901538));
#8345=CARTESIAN_POINT('',(-0.00911645759465213,0.0586563243302546,0.0557260096797481));
#8346=CARTESIAN_POINT('',(-0.0599723945943966,0.0586659985696606,0.090946415885647));
#8347=CARTESIAN_POINT('',(-0.0609906408437067,0.058692411166555,0.0911922478763569));
#8348=CARTESIAN_POINT('',(-0.0611637684405602,0.0581267261532371,0.0903273873569202));
#8349=CARTESIAN_POINT('',(-0.0600309401699655,0.0591103298923138,0.0906676612159616));
#8350=CARTESIAN_POINT('',(-0.0609970043879982,0.0591012608417622,0.0909200923981015));
#8351=CARTESIAN_POINT('',(-0.0611987659093435,0.0584902699619934,0.0901525571762845));
#8352=CARTESIAN_POINT('',(-0.060211759501765,0.0599212427801631,0.0899903716219896));
#8353=CARTESIAN_POINT('',(-0.0610622552033604,0.0598323003457607,0.0902895767906631));
#8354=CARTESIAN_POINT('',(-0.0613124770359175,0.0591537441414924,0.0897289477605577));
#8355=CARTESIAN_POINT('',(-0.0608200764692972,0.0607702136128907,0.0887617246111466));
#8356=CARTESIAN_POINT('',(-0.0615114807306574,0.0606233103133739,0.0892151044669145));
#8357=CARTESIAN_POINT('',(-0.061729101166879,0.0598483566207142,0.0889695275082896));
#8358=CARTESIAN_POINT('',(-0.0617993719736205,0.0611614521108389,0.0876238550866635));
#8359=CARTESIAN_POINT('',(-0.0623438792747996,0.0610449049757415,0.0883178427638213));
#8360=CARTESIAN_POINT('',(-0.0624303340597229,0.0601684608042012,0.0882797486920712));
#8361=CARTESIAN_POINT('',(-0.0626179921781328,0.0612,0.0871034518956323));
#8362=CARTESIAN_POINT('',(-0.0630171334696132,0.06115871801184,0.0879810020808723));
#8363=CARTESIAN_POINT('',(-0.0630338388469444,0.0602000000104726,0.0879755900188518));
#8364=CARTESIAN_POINT('',(-0.0630406897650398,0.0612,0.086922200786673));
#8365=CARTESIAN_POINT('',(-0.0633488910924049,0.0612,0.0878735219426505));
#8366=CARTESIAN_POINT('',(-0.0633488910924049,0.0602,0.0878735219426505));
#8367=CARTESIAN_POINT('',(-0.0630406897650398,0.0602,0.0869222007866729));
#8368=CARTESIAN_POINT('',(-0.0643505454063416,0.0602,0.0909653156995773));
#8369=CARTESIAN_POINT('',(-0.0670679136808737,0.0602,0.0876975320989443));
#8370=CARTESIAN_POINT('',(-0.0670679136808737,0.0612,0.0876975320989443));
#8371=CARTESIAN_POINT('',(-0.0664285329103955,0.0612,0.0884664223579168));
#8372=CARTESIAN_POINT('',(-0.0664285329103955,0.0602,0.0884664223579168));
#8373=CARTESIAN_POINT('',(-0.0673929055211807,0.0612,0.0880224582419139));
#8374=CARTESIAN_POINT('',(-0.0666964522092044,0.0611588264421878,0.0886892141466064));
#8375=CARTESIAN_POINT('',(-0.0666830727539383,0.060200000010709,0.0886780883003353));
#8376=CARTESIAN_POINT('',(-0.0679576279371962,0.0611620600813498,0.0888059609888299));
#8377=CARTESIAN_POINT('',(-0.0671943298981741,0.061045824466598,0.0892489492438586));
#8378=CARTESIAN_POINT('',(-0.0671292113094298,0.0601689582518688,0.0891827052069897));
#8379=CARTESIAN_POINT('',(-0.0684436811592103,0.0607753298187156,0.0902264868437305));
#8380=CARTESIAN_POINT('',(-0.0676354133087499,0.0606269173662857,0.0903894244998461));
#8381=CARTESIAN_POINT('',(-0.0675257479326534,0.059852542550858,0.0900848354516825));
#8382=CARTESIAN_POINT('',(-0.068549346217612,0.059930585358532,0.091597967826444));
#8383=CARTESIAN_POINT('',(-0.0676546482934174,0.0598379376326598,0.0915557997075329));
#8384=CARTESIAN_POINT('',(-0.06763091286609,0.0591613879074233,0.0909483555645584));
#8385=CARTESIAN_POINT('',(-0.0684626052518581,0.0591153517916452,0.0923004340059917));
#8386=CARTESIAN_POINT('',(-0.0674793687545927,0.0591021580672895,0.0921696878283385));
#8387=CARTESIAN_POINT('',(-0.0675779549676035,0.0584943786093804,0.0913880482146575));
#8388=CARTESIAN_POINT('',(-0.0684119188310915,0.0586669826484769,0.0925834086443533));
#8389=CARTESIAN_POINT('',(-0.0673831035656468,0.0586895622010154,0.0924261117463278));
#8390=CARTESIAN_POINT('',(-0.0675447604022909,0.0581275311334022,0.091564891015657));
#8391=CARTESIAN_POINT('',(-0.0860984312140465,0.0601999999999972,0.0729268657357616));
#8392=CARTESIAN_POINT('',(-0.0860984322268707,0.0611999998466105,0.07292686619727));
#8393=CARTESIAN_POINT('',(-0.0856837852933723,0.0611999999999966,0.0738368484024632));
#8394=CARTESIAN_POINT('',(-0.0866629733785917,0.0601999990928986,0.0731841077741481));
#8395=CARTESIAN_POINT('',(-0.086815233268041,0.0611759106014615,0.0732534870170101));
#8396=CARTESIAN_POINT('',(-0.0865931399002377,0.0611999988963748,0.0742244153845356));
#8397=CARTESIAN_POINT('',(-0.0875898089301318,0.0598584246508286,0.0732953665794458));
#8398=CARTESIAN_POINT('',(-0.0881542981782131,0.0608417691627001,0.0733173260734861));
#8399=CARTESIAN_POINT('',(-0.0880592432046665,0.060782517468923,0.0744496389699384));
#8400=CARTESIAN_POINT('',(-0.0885851044960272,0.0589398242348721,0.0730403491654963));
#8401=CARTESIAN_POINT('',(-0.0895144501767505,0.060037427823515,0.0727149972232069));
#8402=CARTESIAN_POINT('',(-0.0896289523494593,0.0596597883115664,0.0741310008770409));
#8403=CARTESIAN_POINT('',(-0.0889713008870463,0.0583701111386787,0.0728456611068335));
#8404=CARTESIAN_POINT('',(-0.0900897198465113,0.0595070797141457,0.0722587858913363));
#8405=CARTESIAN_POINT('',(-0.0902399074261339,0.0589634683136007,0.0738580464968439));
#8406=CARTESIAN_POINT('',(-0.0891349396173293,0.0580530851580391,0.0727461293767228));
#8407=CARTESIAN_POINT('',(-0.0903565902333233,0.0591827527116292,0.0720030717937748));
#8408=CARTESIAN_POINT('',(-0.0904992066417401,0.0585759930215078,0.0737154434880233));
#8409=CARTESIAN_POINT('',(-0.0856837852490154,0.0601999999999958,0.0738368485508105));
#8410=CARTESIAN_POINT('',(-0.0874460339546204,0.0602,0.0699694231152535));
#8411=CARTESIAN_POINT('',(-0.0832014281396402,0.0602,0.0701834826290266));
#8412=CARTESIAN_POINT('',(-0.0832014290647969,0.0611999999999907,0.0701834810457806));
#8413=CARTESIAN_POINT('',(-0.0842001588423405,0.061199998996266,0.0701331141519196));
#8414=CARTESIAN_POINT('',(-0.0842001589196355,0.0601999999999924,0.0701331156846093));
#8415=CARTESIAN_POINT('',(-0.0832185060571629,0.0611999992630031,0.0697279682616897));
#8416=CARTESIAN_POINT('',(-0.0841823022553291,0.0611607846379303,0.0697790315864213));
#8417=CARTESIAN_POINT('',(-0.0841850252650943,0.0601999994048268,0.0698330290547957));
#8418=CARTESIAN_POINT('',(-0.0833649582782969,0.0611101708512053,0.0688072953896682));
#8419=CARTESIAN_POINT('',(-0.0842620382535216,0.0610329874977015,0.0690319301168136));
#8420=CARTESIAN_POINT('',(-0.0842390674589308,0.0601265034154842,0.069236144665758));
#8421=CARTESIAN_POINT('',(-0.0840463814409336,0.0604326288032386,0.0671255054049724));
#8422=CARTESIAN_POINT('',(-0.0849231328219195,0.0604082318902993,0.0676346389054316));
#8423=CARTESIAN_POINT('',(-0.0846436027271403,0.0595721508765283,0.0681721531131756));
#8424=CARTESIAN_POINT('',(-0.0847692252444794,0.0594322460692121,0.0663056048502241));
#8425=CARTESIAN_POINT('',(-0.0857641184947078,0.059558689664991,0.0670035584149636));
#8426=CARTESIAN_POINT('',(-0.085121711409831,0.058753655903755,0.0676731376850552));
#8427=CARTESIAN_POINT('',(-0.0851579725874466,0.0586423770586414,0.0659498898947724));
#8428=CARTESIAN_POINT('',(-0.0862588942165737,0.0588801697059033,0.0667375495520983));
#8429=CARTESIAN_POINT('',(-0.0853811894039097,0.0581073993477254,0.0674596587873933));
#8430=CARTESIAN_POINT('',(-0.0110392328351736,0.0857,0.0598366223275662));
#8431=CARTESIAN_POINT('',(-0.00887163959986589,0.0615359059318606,0.0610822304385899));
#8432=CARTESIAN_POINT('',(-0.00903020112622246,0.0613682242978025,0.0613581574246691));
#8433=CARTESIAN_POINT('',(-0.00946825895793397,0.0610744396088989,0.0618807117089172));
#8434=CARTESIAN_POINT('',(-0.0104867499727616,0.0611366378025593,0.062351406166283));
#8435=CARTESIAN_POINT('',(-0.0114735741259607,0.0616225851251964,0.0623553163830891));
#8436=CARTESIAN_POINT('',(-0.0123290560105521,0.0621924603052722,0.0620415150382017));
#8437=CARTESIAN_POINT('',(-0.0130422044094032,0.0627394050775507,0.0614324822111227));
#8438=CARTESIAN_POINT('',(-0.0135111405108563,0.0631606975080106,0.0605424785493109));
#8439=CARTESIAN_POINT('',(-0.0135896046678162,0.0633876275473427,0.0594742165009702));
#8440=CARTESIAN_POINT('',(-0.0133393075491651,0.0634292587735944,0.0587931590551771));
#8441=CARTESIAN_POINT('',(-0.0131457718811809,0.0634394325802038,0.058490333633546));
#8442=CARTESIAN_POINT('',(-0.00887163959986589,0.0615359059318606,0.0610822304385899));
#8443=CARTESIAN_POINT('',(-0.0131457745085725,0.0634396049286152,0.0584903377446454));
#8444=CARTESIAN_POINT('',(-0.013145777135964,0.0634397772770267,0.0584903418557449));
#8445=CARTESIAN_POINT('',(-0.0129586678656378,0.0634291953342313,0.0581975693055366));
#8446=CARTESIAN_POINT('',(-0.0124672906239427,0.0633854078354526,0.0576988810080494));
#8447=CARTESIAN_POINT('',(-0.0115084022899856,0.0631605570582949,0.0573139288458437));
#8448=CARTESIAN_POINT('',(-0.0105365470181743,0.0627569484701625,0.0573291775791625));
#8449=CARTESIAN_POINT('',(-0.0096912087877881,0.0622395469393604,0.0576700518923));
#8450=CARTESIAN_POINT('',(-0.00902921501788295,0.0617015364446297,0.0582622454386826));
#8451=CARTESIAN_POINT('',(-0.00857698321849906,0.0612406908312003,0.0591045421551074));
#8452=CARTESIAN_POINT('',(-0.00848794866649684,0.0611383118066852,0.0601747982213964));
#8453=CARTESIAN_POINT('',(-0.00871528476593778,0.0613856188488497,0.0608101435138735));
#8454=CARTESIAN_POINT('',(-0.00887163959986589,0.0615359059318606,0.0610822304385899));
#8455=CARTESIAN_POINT('',(-0.0110392328351736,0.0607,0.0598366223275662));
#8456=CARTESIAN_POINT('',(-0.0110392328351736,0.0607,0.0623366223275662));
#8457=CARTESIAN_POINT('',(-0.049242633394897,0.0607,0.0725254453718662));
#8458=CARTESIAN_POINT('',(-0.0110392328351736,0.0607,0.0598366223275662));
#8459=CARTESIAN_POINT('',(-0.0110392328351736,0.0607,0.0611866223275662));
#8460=CARTESIAN_POINT('',(-0.0874460339546204,0.0857,0.0699694231152535));
#8461=CARTESIAN_POINT('',(-0.0863716465119465,0.0634621274027502,0.0723069428588894));
#8462=CARTESIAN_POINT('',(-0.0874026787763998,0.0633302788235899,0.0725396704125576));
#8463=CARTESIAN_POINT('',(-0.0884029713857638,0.0630210963807589,0.072348093724624));
#8464=CARTESIAN_POINT('',(-0.0894854355549845,0.0624722922038993,0.071642239090548));
#8465=CARTESIAN_POINT('',(-0.0900393586543868,0.0618109095410797,0.0704622783392506));
#8466=CARTESIAN_POINT('',(-0.0898830384570007,0.061275617731588,0.0691600856705123));
#8467=CARTESIAN_POINT('',(-0.089356389941643,0.0610855698522061,0.0682434809337624));
#8468=CARTESIAN_POINT('',(-0.0884984945887046,0.0612601927148739,0.0676275152040527));
#8469=CARTESIAN_POINT('',(-0.087550791669398,0.0616952887268549,0.0674156558146734));
#8470=CARTESIAN_POINT('',(-0.0866547460395408,0.0622084576723915,0.0675418307290419));
#8471=CARTESIAN_POINT('',(-0.085840801911082,0.0627179187463895,0.067977616143099));
#8472=CARTESIAN_POINT('',(-0.0852086893048453,0.063134105298442,0.068714960071364));
#8473=CARTESIAN_POINT('',(-0.0847786029522006,0.063464487379618,0.0700261190456723));
#8474=CARTESIAN_POINT('',(-0.0852306965819427,0.0634409764445229,0.0714648055055483));
#8475=CARTESIAN_POINT('',(-0.0863716465119465,0.0634621274027502,0.0723069428588894));
#8476=CARTESIAN_POINT('',(-0.0874026787763998,0.0633302788235899,0.0725396704125576));
#8477=CARTESIAN_POINT('',(-0.0884029713857638,0.0630210963807589,0.072348093724624));
#8478=CARTESIAN_POINT('',(-0.0873975555005516,0.0633007231796448,0.0724689530389573));
#8479=CARTESIAN_POINT('',(-0.0874460339546204,0.0607,0.0699694231152535));
#8480=CARTESIAN_POINT('',(-0.0874460339546204,0.0607,0.0724694231152535));
#8481=CARTESIAN_POINT('',(-0.049242633394897,0.0607,0.0725254453718662));
#8482=CARTESIAN_POINT('',(-0.0874460339546204,0.0607,0.0699694231152535));
#8483=CARTESIAN_POINT('',(-0.0874460339546204,0.0607,0.0713194231152535));
#8484=CARTESIAN_POINT('',(-0.0425330735743046,0.0857,0.0540855750441551));
#8485=CARTESIAN_POINT('',(-0.0425330735743046,0.0607,0.0540855750441551));
#8486=CARTESIAN_POINT('',(-0.0442422441411036,0.0607,0.052261092659042));
#8487=CARTESIAN_POINT('',(-0.0427729514636023,0.0607,0.0515971099352524));
#8488=CARTESIAN_POINT('',(-0.042772951463602,0.0606999999999991,0.0515971099352524));
#8489=CARTESIAN_POINT('',(-0.042478994083333,0.060832209297732,0.0515687736424629));
#8490=CARTESIAN_POINT('',(-0.0419257593798162,0.0611899328399839,0.0516187653301935));
#8491=CARTESIAN_POINT('',(-0.0409784360418585,0.0619754247732894,0.052013166097901));
#8492=CARTESIAN_POINT('',(-0.0402194471468717,0.0627217797759889,0.052850136026352));
#8493=CARTESIAN_POINT('',(-0.0399734685272879,0.0631785506987103,0.0540656136820196));
#8494=CARTESIAN_POINT('',(-0.0402045639770054,0.0634154442690058,0.0553440988747898));
#8495=CARTESIAN_POINT('',(-0.0413999127601506,0.0634373191980401,0.0566097886143605));
#8496=CARTESIAN_POINT('',(-0.0431478473955764,0.0634147124422939,0.0566607683550019));
#8497=CARTESIAN_POINT('',(-0.0442527860858888,0.0631708203701364,0.0559804180672112));
#8498=CARTESIAN_POINT('',(-0.0449895266050283,0.062707857332158,0.0549980136130789));
#8499=CARTESIAN_POINT('',(-0.0451437403798551,0.0617918770663865,0.0536100803800759));
#8500=CARTESIAN_POINT('',(-0.0446722987619314,0.0609627279356768,0.0526639667596813));
#8501=CARTESIAN_POINT('',(-0.0442422441411036,0.0607,0.052261092659042));
#8502=CARTESIAN_POINT('',(-0.049242633394897,0.0607,0.0725254453718662));
#8503=CARTESIAN_POINT('',(-0.0425330735743046,0.0607,0.0540855750441551));
#8504=CARTESIAN_POINT('',(-0.0425330735743046,0.0607,0.0554355750441551));
#8505=CARTESIAN_POINT('',(-0.0442422441411036,0.0607,0.052261092659042));
#8506=CARTESIAN_POINT('',(-0.0440374486332221,0.0607,0.0520692407359214));
#8507=CARTESIAN_POINT('',(-0.0436544508909631,0.0607,0.0516057277530569));
#8508=CARTESIAN_POINT('',(-0.0430524208973912,0.0607,0.0516240496490782));
#8509=CARTESIAN_POINT('',(-0.0427729514636023,0.0607,0.0515971099352524));
#8510=CARTESIAN_POINT('',(-0.0643505454063416,0.0857,0.0909653156995773));
#8511=CARTESIAN_POINT('',(-0.0643505454063416,0.0607,0.0909653156995773));
#8512=CARTESIAN_POINT('',(-0.0643505454063416,0.0607,0.0934653156995773));
#8513=CARTESIAN_POINT('',(-0.049242633394897,0.0607,0.0725254453718662));
#8514=CARTESIAN_POINT('',(-0.0643505454063416,0.0607,0.0909653156995773));
#8515=CARTESIAN_POINT('',(-0.0643505454063416,0.0607,0.0923153156995773));
#8516=CARTESIAN_POINT('',(-0.0643505454063416,0.0607,0.0909653156995773));
#8517=CARTESIAN_POINT('',(-0.0874460339546204,0.0607,0.0699694231152535));
#8518=CARTESIAN_POINT('',(-0.0425330735743046,0.0607,0.0540855750441551));
#8519=CARTESIAN_POINT('',(-0.0110392328351736,0.0607,0.0598366223275662));
#8520=CARTESIAN_POINT('',(-0.0133121590637379,0.0636908434585068,0.0583074377002805));
#8521=CARTESIAN_POINT('',(-0.0131136372382107,0.0636807290969719,0.0584413175299572));
#8522=CARTESIAN_POINT('',(-0.0131106165477732,0.0634411296004282,0.0584368475188284));
#8523=CARTESIAN_POINT('',(-0.0135336760663631,0.0636815287923382,0.0586448423417101));
#8524=CARTESIAN_POINT('',(-0.0133174857433453,0.0636673516705355,0.0587443640656186));
#8525=CARTESIAN_POINT('',(-0.0133146034783505,0.0634321060256131,0.0587387069343168));
#8526=CARTESIAN_POINT('',(-0.0138232165620034,0.0636422715638648,0.0594159157315903));
#8527=CARTESIAN_POINT('',(-0.0135934331213232,0.0636202849290299,0.0594432022391139));
#8528=CARTESIAN_POINT('',(-0.0135851602408746,0.0633940755737901,0.0594260987202905));
#8529=CARTESIAN_POINT('',(-0.0137365847713191,0.0634117468926007,0.060647359311749));
#8530=CARTESIAN_POINT('',(-0.013508558245901,0.0633892407986,0.0605948230461265));
#8531=CARTESIAN_POINT('',(-0.0135217396804059,0.0631707548032764,0.0605175750815371));
#8532=CARTESIAN_POINT('',(-0.0131928956291692,0.0629665432571192,0.061692119087062));
#8533=CARTESIAN_POINT('',(-0.0129533273952922,0.0629621018791973,0.06156098852493));
#8534=CARTESIAN_POINT('',(-0.0130434593484266,0.0627394637801064,0.0614379676632275));
#8535=CARTESIAN_POINT('',(-0.0123573539869001,0.0623778257137206,0.0624098374613426));
#8536=CARTESIAN_POINT('',(-0.0121014178558648,0.062425125262985,0.0621813851820403));
#8537=CARTESIAN_POINT('',(-0.0122975311446489,0.0621691436606899,0.0620645905212917));
#8538=CARTESIAN_POINT('',(-0.0113558507314232,0.061762356666374,0.0627719892826557));
#8539=CARTESIAN_POINT('',(-0.0110921889527892,0.0619221668687842,0.0624110416009654));
#8540=CARTESIAN_POINT('',(-0.0113971334331833,0.0615729080205358,0.0623736623344982));
#8541=CARTESIAN_POINT('',(-0.0104081939790559,0.061357993600481,0.0627382666866935));
#8542=CARTESIAN_POINT('',(-0.0103402009257755,0.0617406474832737,0.06226848328493));
#8543=CARTESIAN_POINT('',(-0.0105403175156943,0.0611811813008149,0.0623322018914899));
#8544=CARTESIAN_POINT('',(-0.00965947723837942,0.061267703846328,0.0624461150740915));
#8545=CARTESIAN_POINT('',(-0.00987179635008733,0.0617262873616868,0.0620562610184177));
#8546=CARTESIAN_POINT('',(-0.00986004638306862,0.0610937131021401,0.0620640205216877));
#8547=CARTESIAN_POINT('',(-0.00899947068326803,0.0613717617694108,0.061992418537449));
#8548=CARTESIAN_POINT('',(-0.00942723562943137,0.0617449123897843,0.0617883047373196));
#8549=CARTESIAN_POINT('',(-0.00925797960658087,0.0611945192118558,0.0616537178424396));
#8550=CARTESIAN_POINT('',(-0.00866274801831528,0.0616196104192082,0.0615349863177712));
#8551=CARTESIAN_POINT('',(-0.00907597675508088,0.0618682004889934,0.0614371162870357));
#8552=CARTESIAN_POINT('',(-0.00894812011888476,0.0614346225874118,0.0612440941606056));
#8553=CARTESIAN_POINT('',(-0.00850743685889464,0.0618041892525937,0.0612122704835988));
#8554=CARTESIAN_POINT('',(-0.00889355182602684,0.0620101121626715,0.0611351359645866));
#8555=CARTESIAN_POINT('',(-0.00880389728883542,0.0616134333401708,0.0609561199806575));
#8556=CARTESIAN_POINT('',(-0.00853992658771805,0.0617670008794256,0.0612775527288247));
#8557=CARTESIAN_POINT('',(-0.00860662138551364,0.0618214758815944,0.061240275611785));
#8558=CARTESIAN_POINT('',(-0.00879506566935127,0.0618235348781756,0.0611319124977544));
#8559=CARTESIAN_POINT('',(-0.00887245740798425,0.061628486334556,0.0610836535790862));
#8560=CARTESIAN_POINT('',(-0.00887163959986585,0.0615359059318606,0.0610822304385899));
#8561=CARTESIAN_POINT('',(-0.0133432646842673,0.063689438705928,0.0583559263872119));
#8562=CARTESIAN_POINT('',(-0.0132905551833045,0.0636866341920486,0.0583897021074511));
#8563=CARTESIAN_POINT('',(-0.0131856007867153,0.0636207590093215,0.0584589395503607));
#8564=CARTESIAN_POINT('',(-0.013144654417103,0.0635214513868787,0.0584883757130604));
#8565=CARTESIAN_POINT('',(-0.0131457773363666,0.0634397772766987,0.0584903417276579));
#8566=CARTESIAN_POINT('',(-0.013145777135964,0.0634397772770267,0.0584903418557448));
#8567=CARTESIAN_POINT('',(-0.0131422090056536,0.0636790935399037,0.0584847587512378));
#8568=CARTESIAN_POINT('',(-0.0133435951380556,0.0636894475117695,0.0583557138085627));
#8569=CARTESIAN_POINT('',(-0.0129570529089527,0.0634291040075073,0.0581950423597238));
#8570=CARTESIAN_POINT('',(-0.0129518277219735,0.0636639376005338,0.0581885759364384));
#8571=CARTESIAN_POINT('',(-0.013129301814874,0.0636784299356694,0.0580308843677263));
#8572=CARTESIAN_POINT('',(-0.0124604231922025,0.0633847649033997,0.0576926550623839));
#8573=CARTESIAN_POINT('',(-0.0124436358653274,0.0636110933667656,0.0576751383249188));
#8574=CARTESIAN_POINT('',(-0.0125653867924233,0.0636326605489542,0.0574782583336433));
#8575=CARTESIAN_POINT('',(-0.0114877174305489,0.0631548912694789,0.0573080677548086));
#8576=CARTESIAN_POINT('',(-0.0114081327322337,0.0633755560758997,0.0572867355332389));
#8577=CARTESIAN_POINT('',(-0.0114608950845338,0.0633953716320737,0.0570552122981308));
#8578=CARTESIAN_POINT('',(-0.010495757268893,0.0627375092769802,0.0573346497095848));
#8579=CARTESIAN_POINT('',(-0.0103461271017597,0.0629651631475939,0.0573614403214751));
#8580=CARTESIAN_POINT('',(-0.010334540321525,0.0629645257055076,0.0570844524476173));
#8581=CARTESIAN_POINT('',(-0.00963278780472106,0.0621990800882779,0.057703662611759));
#8582=CARTESIAN_POINT('',(-0.00944659775312902,0.0624640050814652,0.0578213567229344));
#8583=CARTESIAN_POINT('',(-0.00935465241337853,0.0624087278330471,0.0574903666402576));
#8584=CARTESIAN_POINT('',(-0.00896676728278794,0.0616442375988923,0.058337515912521));
#8585=CARTESIAN_POINT('',(-0.00879919160008072,0.0619963157259708,0.0585747807729653));
#8586=CARTESIAN_POINT('',(-0.0085983968535621,0.0618359871986747,0.0581876052708684));
#8587=CARTESIAN_POINT('',(-0.00853832501249079,0.061196896287469,0.0592351460785581));
#8588=CARTESIAN_POINT('',(-0.0085215292426746,0.0617789163639532,0.0594628201148097));
#8589=CARTESIAN_POINT('',(-0.00811190756415197,0.06137421552329,0.0591749984541703));
#8590=CARTESIAN_POINT('',(-0.00851081125623161,0.0611651262430837,0.060319932164903));
#8591=CARTESIAN_POINT('',(-0.00851559744687714,0.0617772241741904,0.0601271481725569));
#8592=CARTESIAN_POINT('',(-0.00808066614450529,0.0613414206352384,0.0603682631467327));
#8593=CARTESIAN_POINT('',(-0.00877560343914566,0.0614472084045594,0.0609429832849815));
#8594=CARTESIAN_POINT('',(-0.00868002116252722,0.061901930679404,0.0607492535566408));
#8595=CARTESIAN_POINT('',(-0.00838133338041959,0.0616326022300617,0.0610536193848235));
#8596=CARTESIAN_POINT('',(-0.00894700270631282,0.0616073186526135,0.0612050422513788));
#8597=CARTESIAN_POINT('',(-0.00884120534293937,0.0620231322064793,0.061043284572064));
#8598=CARTESIAN_POINT('',(-0.00857595449535489,0.0617978773188268,0.06134188424376));
#8599=CARTESIAN_POINT('',(-0.0878869980441323,0.0634438054330442,0.0726923341951265));
#8600=CARTESIAN_POINT('',(-0.087853514785802,0.0634514779351065,0.0724368284755623));
#8601=CARTESIAN_POINT('',(-0.0877898616257259,0.0632018115001474,0.0724456667487803));
#8602=CARTESIAN_POINT('',(-0.0875135668905684,0.0635409841630561,0.0727432190036343));
#8603=CARTESIAN_POINT('',(-0.0875176934489343,0.0635377207592631,0.0724908123716392));
#8604=CARTESIAN_POINT('',(-0.0874610648443482,0.0632959534251002,0.0724911674799093));
#8605=CARTESIAN_POINT('',(-0.0867313730367905,0.0636852774072617,0.072696847451878));
#8606=CARTESIAN_POINT('',(-0.0867922305702379,0.0636715919851591,0.072462057138822));
#8607=CARTESIAN_POINT('',(-0.0867725314733614,0.0634357374753473,0.0724507893978868));
#8608=CARTESIAN_POINT('',(-0.085668752257272,0.0637027112258269,0.0721727415090245));
#8609=CARTESIAN_POINT('',(-0.0858225787534252,0.0637038431608259,0.0719655563898747));
#8610=CARTESIAN_POINT('',(-0.0858344325132931,0.0634526265034675,0.0719736038799411));
#8611=CARTESIAN_POINT('',(-0.0849427729197492,0.0637020966344097,0.0712814101960711));
#8612=CARTESIAN_POINT('',(-0.0851753091712456,0.0636996960175058,0.0711738073870736));
#8613=CARTESIAN_POINT('',(-0.0851681659684516,0.0634520311137567,0.071162433032682));
#8614=CARTESIAN_POINT('',(-0.0846386260670595,0.0636792720547192,0.0701495120646438));
#8615=CARTESIAN_POINT('',(-0.0848750695976543,0.0636615713512341,0.0701438255839852));
#8616=CARTESIAN_POINT('',(-0.0848807416164358,0.0634299198029071,0.0701516030990682));
#8617=CARTESIAN_POINT('',(-0.084812745501307,0.06350858228397,0.0689825499100667));
#8618=CARTESIAN_POINT('',(-0.0850381514120298,0.0634894877298,0.0690536755419176));
#8619=CARTESIAN_POINT('',(-0.0850232113724167,0.0632645640832693,0.0691166870422741));
#8620=CARTESIAN_POINT('',(-0.0853990456713159,0.0631464029454244,0.0680090234893387));
#8621=CARTESIAN_POINT('',(-0.0856210527231931,0.0631443681401929,0.0681588202587782));
#8622=CARTESIAN_POINT('',(-0.0855391055471044,0.0629137028640298,0.0682590625978364));
#8623=CARTESIAN_POINT('',(-0.0862500454256596,0.0626467487086559,0.0673544680391525));
#8624=CARTESIAN_POINT('',(-0.0864655927118675,0.0626889257558627,0.0675970869866217));
#8625=CARTESIAN_POINT('',(-0.0862953464361831,0.062429662773272,0.0676869992845491));
#8626=CARTESIAN_POINT('',(-0.0872401457602627,0.06209991808808,0.067051708072104));
#8627=CARTESIAN_POINT('',(-0.087424644689446,0.062225146096289,0.0674013614057772));
#8628=CARTESIAN_POINT('',(-0.087178219291136,0.0618999206806939,0.0674279399306645));
#8629=CARTESIAN_POINT('',(-0.0882962765713074,0.0615985715724893,0.0671197493812094));
#8630=CARTESIAN_POINT('',(-0.0883750189468319,0.0618696383871765,0.0675794221915485));
#8631=CARTESIAN_POINT('',(-0.0881211618245313,0.0614142412295784,0.0674977477426872));
#8632=CARTESIAN_POINT('',(-0.0893203754850241,0.0612870592562568,0.067616959770921));
#8633=CARTESIAN_POINT('',(-0.089101820187117,0.0617397708350136,0.0680390715737724));
#8634=CARTESIAN_POINT('',(-0.0890356648978481,0.061112463615728,0.06794697183884));
#8635=CARTESIAN_POINT('',(-0.0900854728601914,0.0613372332618045,0.0685360939538649));
#8636=CARTESIAN_POINT('',(-0.089619063112662,0.0617524368927551,0.0686335054488241));
#8637=CARTESIAN_POINT('',(-0.0897187121451184,0.0611610696248726,0.068766881108224));
#8638=CARTESIAN_POINT('',(-0.0903972848698354,0.0616846951251342,0.069630160143489));
#8639=CARTESIAN_POINT('',(-0.0899701802902444,0.0619427032721822,0.0694950899514158));
#8640=CARTESIAN_POINT('',(-0.089997818350441,0.0614976734320277,0.0697372858126781));
#8641=CARTESIAN_POINT('',(-0.0902845452595409,0.0621534456032912,0.0707126709767352));
#8642=CARTESIAN_POINT('',(-0.0899635285300072,0.0623053751217496,0.0704813799938731));
#8643=CARTESIAN_POINT('',(-0.089900149752219,0.0619517747351536,0.0706942114415368));
#8644=CARTESIAN_POINT('',(-0.0897919365394445,0.0626459226167323,0.0716701910882593));
#8645=CARTESIAN_POINT('',(-0.0895811081562154,0.0627263190698397,0.0713969746581309));
#8646=CARTESIAN_POINT('',(-0.0894669189808546,0.0624288627838337,0.0715394889695089));
#8647=CARTESIAN_POINT('',(-0.088971959958174,0.0631022050271907,0.0723915386008315));
#8648=CARTESIAN_POINT('',(-0.0888654931351722,0.0631328550274461,0.0721113128510897));
#8649=CARTESIAN_POINT('',(-0.0887453121616277,0.0628708859256304,0.0721777850111132));
#8650=CARTESIAN_POINT('',(-0.0882604291976962,0.0633466267030324,0.0726414493866188));
#8651=CARTESIAN_POINT('',(-0.0882021163788402,0.0633619529925595,0.0723807901298564));
#8652=CARTESIAN_POINT('',(-0.0881186584071036,0.0631076695751946,0.0724001660176514));
#8653=CARTESIAN_POINT('',(-0.0878869980441323,0.0634438054330442,0.0726923341951265));
#8654=CARTESIAN_POINT('',(-0.087853514785802,0.0634514779351065,0.0724368284755623));
#8655=CARTESIAN_POINT('',(-0.0877898616257259,0.0632018115001474,0.0724456667487803));
#8656=CARTESIAN_POINT('',(-0.0426980249570217,0.0636492056632146,0.0568053286993768));
#8657=CARTESIAN_POINT('',(-0.0426843053421827,0.0636263956373229,0.0565810217987701));
#8658=CARTESIAN_POINT('',(-0.0426731179049773,0.0634007929821118,0.0565816494792324));
#8659=CARTESIAN_POINT('',(-0.0423079473931032,0.0636692969196075,0.0568323642820251));
#8660=CARTESIAN_POINT('',(-0.0423240283336281,0.063649253803277,0.0566033904368665));
#8661=CARTESIAN_POINT('',(-0.0423202820742089,0.0634202563918744,0.0566015474558807));
#8662=CARTESIAN_POINT('',(-0.0415190790380804,0.0636823682566506,0.0567142230552967));
#8663=CARTESIAN_POINT('',(-0.0416044629555964,0.06366685066186,0.0564884946455311));
#8664=CARTESIAN_POINT('',(-0.0416052212168926,0.0634329192515486,0.0564887275672747));
#8665=CARTESIAN_POINT('',(-0.0405257131313538,0.0636722608552825,0.0560560158544725));
#8666=CARTESIAN_POINT('',(-0.0407001207900271,0.0636525399648736,0.0558969915105985));
#8667=CARTESIAN_POINT('',(-0.0406997124065561,0.063423127688381,0.0558948549231253));
#8668=CARTESIAN_POINT('',(-0.0398957004354221,0.0636026988802658,0.0550345078885902));
#8669=CARTESIAN_POINT('',(-0.040108210361756,0.0635740985472657,0.0549672253132935));
#8670=CARTESIAN_POINT('',(-0.0401183907478017,0.0633557394667918,0.0549820697833263));
#8671=CARTESIAN_POINT('',(-0.0397442158897472,0.0633845974876599,0.0538407765305443));
#8672=CARTESIAN_POINT('',(-0.0399642893670596,0.0633536172154792,0.0538549637501293));
#8673=CARTESIAN_POINT('',(-0.0399667825801082,0.063144453796085,0.0539211721870066));
#8674=CARTESIAN_POINT('',(-0.0400623918788938,0.0629563364313431,0.0527338964432036));
#8675=CARTESIAN_POINT('',(-0.040293703841049,0.0629354763227011,0.0528201303144383));
#8676=CARTESIAN_POINT('',(-0.0402401884281109,0.0627295759372497,0.0529426463979083));
#8677=CARTESIAN_POINT('',(-0.0407059242492268,0.0623532918511332,0.0518883220680669));
#8678=CARTESIAN_POINT('',(-0.0409627469845767,0.0623652260924067,0.0520549087175313));
#8679=CARTESIAN_POINT('',(-0.0408113911341559,0.0621453765261301,0.0522004024028469));
#8680=CARTESIAN_POINT('',(-0.0415368746912381,0.0616665569223509,0.0513458380289317));
#8681=CARTESIAN_POINT('',(-0.0418329884671788,0.0617488804270428,0.0516123856558738));
#8682=CARTESIAN_POINT('',(-0.0415570531135092,0.0614801016793018,0.0517300334958358));
#8683=CARTESIAN_POINT('',(-0.042342066533917,0.0611058119531377,0.0511456747626987));
#8684=CARTESIAN_POINT('',(-0.0426152023104066,0.0613553813278964,0.0515416639206048));
#8685=CARTESIAN_POINT('',(-0.0422847805730473,0.0609368792810053,0.0515632255615798));
#8686=CARTESIAN_POINT('',(-0.0430582920491913,0.0607708868207516,0.0511774818219407));
#8687=CARTESIAN_POINT('',(-0.0431780502153862,0.061228002834746,0.0516492594771652));
#8688=CARTESIAN_POINT('',(-0.0429352471039947,0.060612420735182,0.0516007520602984));
#8689=CARTESIAN_POINT('',(-0.0436156046401109,0.0606396745168406,0.0513226118208328));
#8690=CARTESIAN_POINT('',(-0.0434984062511862,0.0612287976544773,0.0517758462218868));
#8691=CARTESIAN_POINT('',(-0.0434430402489407,0.0604853094653362,0.0517364637257085));
#8692=CARTESIAN_POINT('',(-0.0441387159400895,0.0606851744709864,0.0515950817155799));
#8693=CARTESIAN_POINT('',(-0.0437669769358575,0.0612220029448775,0.0518985338394761));
#8694=CARTESIAN_POINT('',(-0.0439213497453264,0.0605293879181466,0.051984294757131));
#8695=CARTESIAN_POINT('',(-0.0445656503572199,0.060884040312108,0.0519547408271507));
#8696=CARTESIAN_POINT('',(-0.0441127914309952,0.0612629241433039,0.0521142211972159));
#8697=CARTESIAN_POINT('',(-0.0443132364938254,0.0607220389661598,0.052307884727901));
#8698=CARTESIAN_POINT('',(-0.0448895317340932,0.0611674978629343,0.0523620672258008));
#8699=CARTESIAN_POINT('',(-0.0444510256175736,0.0614197625382573,0.0524381576687842));
#8700=CARTESIAN_POINT('',(-0.0446119360035395,0.0609966383450889,0.052672236743132));
#8701=CARTESIAN_POINT('',(-0.0451999352386689,0.0615976671442046,0.0529460888762551));
#8702=CARTESIAN_POINT('',(-0.0447994543057395,0.0617200582095134,0.0529350767577305));
#8703=CARTESIAN_POINT('',(-0.0449001930302037,0.0614133648228995,0.0531926484816021));
#8704=CARTESIAN_POINT('',(-0.0453864045254234,0.0621738419080071,0.0537466785497307));
#8705=CARTESIAN_POINT('',(-0.0450660666766924,0.0622015843584476,0.053670220096241));
#8706=CARTESIAN_POINT('',(-0.0450779676263975,0.0619715342695612,0.0539030671619346));
#8707=CARTESIAN_POINT('',(-0.0452734459314751,0.062805329333467,0.0547776215161065));
#8708=CARTESIAN_POINT('',(-0.0450361503293002,0.0627920647247543,0.0546677935583929));
#8709=CARTESIAN_POINT('',(-0.044986065713748,0.0625832877695507,0.054813926457036));
#8710=CARTESIAN_POINT('',(-0.0447642473290819,0.0632878591305847,0.0557800700138998));
#8711=CARTESIAN_POINT('',(-0.0445925848514048,0.0632585333189805,0.055634203555939));
#8712=CARTESIAN_POINT('',(-0.0445343824600486,0.0630507385060211,0.0556955195091015));
#8713=CARTESIAN_POINT('',(-0.0438595444215915,0.0635618207182931,0.0565520095594067));
#8714=CARTESIAN_POINT('',(-0.043749960698697,0.0635317027582404,0.0563608347055387));
#8715=CARTESIAN_POINT('',(-0.0437222362015027,0.0633161387929732,0.056369339707385));
#8716=CARTESIAN_POINT('',(-0.0430881025209402,0.0636291144068216,0.0567782931167284));
#8717=CARTESIAN_POINT('',(-0.0430403506547642,0.0636038059559142,0.0565589158953847));
#8718=CARTESIAN_POINT('',(-0.0430259537357456,0.0633813295723492,0.0565617515025841));
#8719=CARTESIAN_POINT('',(-0.0426980249570217,0.0636492056632146,0.0568053286993768));
#8720=CARTESIAN_POINT('',(-0.0426843053421827,0.0636263956373229,0.0565810217987701));
#8721=CARTESIAN_POINT('',(-0.0426731179049773,0.0634007929821118,0.0565816494792324));
#8722=MECHANICAL_DESIGN_GEOMETRIC_PRESENTATION_REPRESENTATION('',(#1687),
#8723);
#8723=(
GEOMETRIC_REPRESENTATION_CONTEXT(3)
GLOBAL_UNCERTAINTY_ASSIGNED_CONTEXT((#8724))
GLOBAL_UNIT_ASSIGNED_CONTEXT((#8727,#8726,#8725))
REPRESENTATION_CONTEXT('Wrist_Roll_05m_Leader_02ba v1',
'TOP_LEVEL_ASSEMBLY_PART')
);
#8724=UNCERTAINTY_MEASURE_WITH_UNIT(LENGTH_MEASURE(2.E-5),#8727,
'DISTANCE_ACCURACY_VALUE','Maximum Tolerance applied to model');
#8725=(
NAMED_UNIT(*)
SI_UNIT($,.STERADIAN.)
SOLID_ANGLE_UNIT()
);
#8726=(
NAMED_UNIT(*)
PLANE_ANGLE_UNIT()
SI_UNIT($,.RADIAN.)
);
#8727=(
LENGTH_UNIT()
NAMED_UNIT(*)
SI_UNIT($,.METRE.)
);
#8728=PRODUCT_DEFINITION_SHAPE('','',#8729);
#8729=PRODUCT_DEFINITION('','',#8731,#8730);
#8730=PRODUCT_DEFINITION_CONTEXT('',#8737,'design');
#8731=PRODUCT_DEFINITION_FORMATION_WITH_SPECIFIED_SOURCE('','',#8733,
 .NOT_KNOWN.);
#8732=PRODUCT_RELATED_PRODUCT_CATEGORY('','',(#8733));
#8733=PRODUCT('Wrist_Roll_05m_Leader_02ba v1',
'Wrist_Roll_05m_Leader_02ba v1','Wrist_Roll_05m_Leader_02ba v1',(#8735));
#8734=PRODUCT_CATEGORY('','');
#8735=PRODUCT_CONTEXT('',#8737,'mechanical');
#8736=APPLICATION_PROTOCOL_DEFINITION('international standard',
'ap242_managed_model_based_3d_engineering',2011,#8737);
#8737=APPLICATION_CONTEXT('managed model based 3d engineering');
ENDSEC;
END-ISO-10303-21;
