ISO-10303-21;
HEADER;
/* Generated by software containing ST-Developer
 * from STEP Tools, Inc. (www.steptools.com) 
 */
/* OPTION: using custom renumber hook */

FILE_DESCRIPTION(
/* description */ ('STEP AP242',
'CAx-IF Rec.Pracs.---Representation and Presentation of Product Manufa
cturing Information (PMI)---4.0---2014-10-13',
'CAx-IF Rec.Pracs.---3D Tessellated Geometry---0.4---2014-09-14','2;1'),

/* implementation_level */ '2;1');

FILE_NAME(
/* name */ '68415b0098072e6e0d9fcd8e',
/* time_stamp */ '2025-06-05T08:53:22Z',
/* author */ (''),
/* organization */ (''),
/* preprocessor_version */ 'ST-DEVELOPER v20',
/* originating_system */ 'ONSHAPE BY PTC INC, 1.198',
/* authorisation */ '  ');

FILE_SCHEMA (('AP242_MANAGED_MODEL_BASED_3D_ENGINEERING_MIM_LF { 1 0 10303 442 1 1 4 }'));
ENDSEC;

DATA;
#10=SHAPE_REPRESENTATION_RELATIONSHIP('','',#2092,#11);
#11=ADVANCED_BREP_SHAPE_REPRESENTATION('',(#2090),#10135);
#12=VERTEX_LOOP('',#1495);
#13=VERTEX_LOOP('',#1497);
#14=VERTEX_LOOP('',#1499);
#15=VERTEX_LOOP('',#1501);
#16=CONICAL_SURFACE('',#2218,0.001025,1.02974425867665);
#17=CONICAL_SURFACE('',#2221,0.001025,1.02974425867665);
#18=CONICAL_SURFACE('',#2224,0.001025,1.02974425867665);
#19=CONICAL_SURFACE('',#2227,0.001025,1.02974425867665);
#20=(
BOUNDED_SURFACE()
B_SPLINE_SURFACE(3,2,((#6474,#6475,#6476),(#6477,#6478,#6479),(#6480,#6481,
#6482),(#6483,#6484,#6485)),.UNSPECIFIED.,.F.,.F.,.F.)
B_SPLINE_SURFACE_WITH_KNOTS((4,4),(3,3),(1.72616346457826,1.96807530662599),
(0.,1.00000980453139),.PIECEWISE_BEZIER_KNOTS.)
GEOMETRIC_REPRESENTATION_ITEM()
RATIONAL_B_SPLINE_SURFACE(((1.,0.653001508923056,1.0000068043152),(1.,0.623994223396238,
1.00000737312088),(1.,0.593595584106455,1.0000079692097),(1.,0.562146060482923,
1.00000858590539)))
REPRESENTATION_ITEM('')
SURFACE()
);
#21=(
BOUNDED_SURFACE()
B_SPLINE_SURFACE(3,2,((#6533,#6534,#6535),(#6536,#6537,#6538),(#6539,#6540,
#6541),(#6542,#6543,#6544)),.UNSPECIFIED.,.F.,.F.,.F.)
B_SPLINE_SURFACE_WITH_KNOTS((4,4),(3,3),(1.13845155842408,1.41611860633683),
(0.,1.0000156935677),.PIECEWISE_BEZIER_KNOTS.)
GEOMETRIC_REPRESENTATION_ITEM()
RATIONAL_B_SPLINE_SURFACE(((1.,0.550329377396016,1.00001411387271),(1.,
0.586251994347536,1.00001298636468),(1.,0.620940826225112,1.00001189758162),
(1.,0.653842954134562,1.00001086487807)))
REPRESENTATION_ITEM('')
SURFACE()
);
#22=(
BOUNDED_SURFACE()
B_SPLINE_SURFACE(3,2,((#7484,#7485,#7486,#7487,#7488,#7489,#7490),(#7491,
#7492,#7493,#7494,#7495,#7496,#7497),(#7498,#7499,#7500,#7501,#7502,#7503,
#7504),(#7505,#7506,#7507,#7508,#7509,#7510,#7511),(#7512,#7513,#7514,#7515,
#7516,#7517,#7518),(#7519,#7520,#7521,#7522,#7523,#7524,#7525),(#7526,#7527,
#7528,#7529,#7530,#7531,#7532),(#7533,#7534,#7535,#7536,#7537,#7538,#7539),
(#7540,#7541,#7542,#7543,#7544,#7545,#7546),(#7547,#7548,#7549,#7550,#7551,
#7552,#7553),(#7554,#7555,#7556,#7557,#7558,#7559,#7560),(#7561,#7562,#7563,
#7564,#7565,#7566,#7567),(#7568,#7569,#7570,#7571,#7572,#7573,#7574),(#7575,
#7576,#7577,#7578,#7579,#7580,#7581),(#7582,#7583,#7584,#7585,#7586,#7587,
#7588),(#7589,#7590,#7591,#7592,#7593,#7594,#7595),(#7596,#7597,#7598,#7599,
#7600,#7601,#7602),(#7603,#7604,#7605,#7606,#7607,#7608,#7609),(#7610,#7611,
#7612,#7613,#7614,#7615,#7616),(#7617,#7618,#7619,#7620,#7621,#7622,#7623),
(#7624,#7625,#7626,#7627,#7628,#7629,#7630),(#7631,#7632,#7633,#7634,#7635,
#7636,#7637),(#7638,#7639,#7640,#7641,#7642,#7643,#7644),(#7645,#7646,#7647,
#7648,#7649,#7650,#7651),(#7652,#7653,#7654,#7655,#7656,#7657,#7658),(#7659,
#7660,#7661,#7662,#7663,#7664,#7665),(#7666,#7667,#7668,#7669,#7670,#7671,
#7672),(#7673,#7674,#7675,#7676,#7677,#7678,#7679),(#7680,#7681,#7682,#7683,
#7684,#7685,#7686),(#7687,#7688,#7689,#7690,#7691,#7692,#7693),(#7694,#7695,
#7696,#7697,#7698,#7699,#7700),(#7701,#7702,#7703,#7704,#7705,#7706,#7707),
(#7708,#7709,#7710,#7711,#7712,#7713,#7714),(#7715,#7716,#7717,#7718,#7719,
#7720,#7721),(#7722,#7723,#7724,#7725,#7726,#7727,#7728),(#7729,#7730,#7731,
#7732,#7733,#7734,#7735),(#7736,#7737,#7738,#7739,#7740,#7741,#7742),(#7743,
#7744,#7745,#7746,#7747,#7748,#7749),(#7750,#7751,#7752,#7753,#7754,#7755,
#7756),(#7757,#7758,#7759,#7760,#7761,#7762,#7763),(#7764,#7765,#7766,#7767,
#7768,#7769,#7770),(#7771,#7772,#7773,#7774,#7775,#7776,#7777),(#7778,#7779,
#7780,#7781,#7782,#7783,#7784),(#7785,#7786,#7787,#7788,#7789,#7790,#7791),
(#7792,#7793,#7794,#7795,#7796,#7797,#7798),(#7799,#7800,#7801,#7802,#7803,
#7804,#7805),(#7806,#7807,#7808,#7809,#7810,#7811,#7812),(#7813,#7814,#7815,
#7816,#7817,#7818,#7819),(#7820,#7821,#7822,#7823,#7824,#7825,#7826),(#7827,
#7828,#7829,#7830,#7831,#7832,#7833),(#7834,#7835,#7836,#7837,#7838,#7839,
#7840),(#7841,#7842,#7843,#7844,#7845,#7846,#7847),(#7848,#7849,#7850,#7851,
#7852,#7853,#7854),(#7855,#7856,#7857,#7858,#7859,#7860,#7861),(#7862,#7863,
#7864,#7865,#7866,#7867,#7868),(#7869,#7870,#7871,#7872,#7873,#7874,#7875),
(#7876,#7877,#7878,#7879,#7880,#7881,#7882),(#7883,#7884,#7885,#7886,#7887,
#7888,#7889),(#7890,#7891,#7892,#7893,#7894,#7895,#7896),(#7897,#7898,#7899,
#7900,#7901,#7902,#7903),(#7904,#7905,#7906,#7907,#7908,#7909,#7910),(#7911,
#7912,#7913,#7914,#7915,#7916,#7917),(#7918,#7919,#7920,#7921,#7922,#7923,
#7924),(#7925,#7926,#7927,#7928,#7929,#7930,#7931),(#7932,#7933,#7934,#7935,
#7936,#7937,#7938),(#7939,#7940,#7941,#7942,#7943,#7944,#7945),(#7946,#7947,
#7948,#7949,#7950,#7951,#7952),(#7953,#7954,#7955,#7956,#7957,#7958,#7959),
(#7960,#7961,#7962,#7963,#7964,#7965,#7966),(#7967,#7968,#7969,#7970,#7971,
#7972,#7973),(#7974,#7975,#7976,#7977,#7978,#7979,#7980),(#7981,#7982,#7983,
#7984,#7985,#7986,#7987),(#7988,#7989,#7990,#7991,#7992,#7993,#7994),(#7995,
#7996,#7997,#7998,#7999,#8000,#8001),(#8002,#8003,#8004,#8005,#8006,#8007,
#8008),(#8009,#8010,#8011,#8012,#8013,#8014,#8015),(#8016,#8017,#8018,#8019,
#8020,#8021,#8022),(#8023,#8024,#8025,#8026,#8027,#8028,#8029),(#8030,#8031,
#8032,#8033,#8034,#8035,#8036),(#8037,#8038,#8039,#8040,#8041,#8042,#8043),
(#8044,#8045,#8046,#8047,#8048,#8049,#8050),(#8051,#8052,#8053,#8054,#8055,
#8056,#8057),(#8058,#8059,#8060,#8061,#8062,#8063,#8064),(#8065,#8066,#8067,
#8068,#8069,#8070,#8071),(#8072,#8073,#8074,#8075,#8076,#8077,#8078),(#8079,
#8080,#8081,#8082,#8083,#8084,#8085),(#8086,#8087,#8088,#8089,#8090,#8091,
#8092),(#8093,#8094,#8095,#8096,#8097,#8098,#8099),(#8100,#8101,#8102,#8103,
#8104,#8105,#8106),(#8107,#8108,#8109,#8110,#8111,#8112,#8113),(#8114,#8115,
#8116,#8117,#8118,#8119,#8120),(#8121,#8122,#8123,#8124,#8125,#8126,#8127),
(#8128,#8129,#8130,#8131,#8132,#8133,#8134),(#8135,#8136,#8137,#8138,#8139,
#8140,#8141),(#8142,#8143,#8144,#8145,#8146,#8147,#8148),(#8149,#8150,#8151,
#8152,#8153,#8154,#8155),(#8156,#8157,#8158,#8159,#8160,#8161,#8162),(#8163,
#8164,#8165,#8166,#8167,#8168,#8169),(#8170,#8171,#8172,#8173,#8174,#8175,
#8176),(#8177,#8178,#8179,#8180,#8181,#8182,#8183),(#8184,#8185,#8186,#8187,
#8188,#8189,#8190),(#8191,#8192,#8193,#8194,#8195,#8196,#8197),(#8198,#8199,
#8200,#8201,#8202,#8203,#8204),(#8205,#8206,#8207,#8208,#8209,#8210,#8211),
(#8212,#8213,#8214,#8215,#8216,#8217,#8218),(#8219,#8220,#8221,#8222,#8223,
#8224,#8225),(#8226,#8227,#8228,#8229,#8230,#8231,#8232),(#8233,#8234,#8235,
#8236,#8237,#8238,#8239),(#8240,#8241,#8242,#8243,#8244,#8245,#8246),(#8247,
#8248,#8249,#8250,#8251,#8252,#8253),(#8254,#8255,#8256,#8257,#8258,#8259,
#8260),(#8261,#8262,#8263,#8264,#8265,#8266,#8267),(#8268,#8269,#8270,#8271,
#8272,#8273,#8274),(#8275,#8276,#8277,#8278,#8279,#8280,#8281),(#8282,#8283,
#8284,#8285,#8286,#8287,#8288),(#8289,#8290,#8291,#8292,#8293,#8294,#8295),
(#8296,#8297,#8298,#8299,#8300,#8301,#8302),(#8303,#8304,#8305,#8306,#8307,
#8308,#8309),(#8310,#8311,#8312,#8313,#8314,#8315,#8316),(#8317,#8318,#8319,
#8320,#8321,#8322,#8323),(#8324,#8325,#8326,#8327,#8328,#8329,#8330),(#8331,
#8332,#8333,#8334,#8335,#8336,#8337),(#8338,#8339,#8340,#8341,#8342,#8343,
#8344),(#8345,#8346,#8347,#8348,#8349,#8350,#8351),(#8352,#8353,#8354,#8355,
#8356,#8357,#8358),(#8359,#8360,#8361,#8362,#8363,#8364,#8365),(#8366,#8367,
#8368,#8369,#8370,#8371,#8372)),.UNSPECIFIED.,.F.,.F.,.F.)
B_SPLINE_SURFACE_WITH_KNOTS((4,1,1,1,1,1,1,1,1,1,1,1,1,1,1,1,1,1,1,1,1,
1,1,1,1,1,1,1,1,1,1,1,1,1,1,1,1,1,1,1,1,1,1,1,1,1,1,1,1,1,1,1,1,1,1,1,1,
1,1,1,1,1,1,1,1,1,1,1,1,1,1,1,1,1,1,1,1,1,1,1,1,1,1,1,1,1,1,1,1,1,1,1,1,
1,1,1,1,1,1,1,1,1,1,1,1,1,1,1,1,1,1,1,1,1,1,1,1,1,1,1,1,1,1,1,4),(3,2,2,
3),(0.114246847918072,0.114626558936329,0.115006269954587,0.115196125463716,
0.115385980972845,0.115575836481974,0.115670764236538,0.11571822811382,
0.115741960052462,0.115765691991103,0.115813155868385,0.115860619745667,
0.115955547500232,0.116050475254796,0.11614540300936,0.116335258518489,
0.116525114027618,0.117284536064134,0.118043958100649,0.118803380137165,
0.11956280217368,0.120322224210196,0.121081646246711,0.121841068283227,
0.122600490319742,0.123359912356258,0.124878756429289,0.12639760050232,
0.127157022538835,0.127916444575351,0.129435288648381,0.130954132721412,
0.132472976794443,0.133991820867474,0.135510664940505,0.137029509013536,
0.138548353086567,0.141586041232629,0.144623729378691,0.147661417524753,
0.150699105670815,0.153736793816877,0.156774481962939,0.159812170109001,
0.162849858255063,0.165887546401125,0.168925234547187,0.171962922693249,
0.17348176676628,0.175000610839311,0.176519454912342,0.178038298985373,
0.179557143058404,0.180316565094919,0.181075987131435,0.18183540916795,
0.182594831204466,0.183354253240981,0.183733964259239,0.184113675277497,
0.184493386295754,0.184873097314012,0.18525280833227,0.185632519350528,
0.186012230368785,0.186202085877914,0.186391941387043,0.186581796896172,
0.186771652405301,0.18696150791443,0.187056435668994,0.187151363423559,
0.187246291178123,0.187341218932687,0.18738868280997,0.187436146687252,
0.187483610564534,0.187531074441816,0.187578538319098,0.18760227025774,
0.187626002196381,0.187649734135022,0.187673466073663,0.187720929950945,
0.187768393828227,0.18781585770551,0.187863321582792,0.187910785460074,
0.188005713214638,0.188100640969203,0.188195568723767,0.188290496478332,
0.188480351987461,0.18867020749659,0.188860063005718,0.189049918514847,
0.189239774023976,0.189429629533105,0.189809340551363,0.19018905156962,
0.190568762587878,0.190948473606136,0.191328184624394,0.191707895642651,
0.192467317679167,0.193226739715682,0.193986161752198,0.194745583788713,
0.195505005825229,0.196264427861744,0.197783271934775,0.199302116007806,
0.200820960080837,0.202339804153868,0.203858648226899,0.20537749229993,
0.206896336372961,0.208415180445992,0.209174602482508,0.209934024519023,
0.210313735537281,0.210693446555539,0.210883302064668,0.211073157573796,
0.211452868592054),(-6.24065808106899E-5,0.,1.,1.00601726547745),
 .UNSPECIFIED.)
GEOMETRIC_REPRESENTATION_ITEM()
RATIONAL_B_SPLINE_SURFACE(((1.,1.,1.,0.707106781186548,1.,1.,1.),(1.,1.,
1.,0.707106781186548,1.,1.,1.),(1.,1.,1.,0.707106781186548,1.,1.,1.),(1.,
1.,1.,0.707106781186548,1.,1.,1.),(1.,1.,1.,0.707106781186548,1.,1.,1.),
(1.,1.,1.,0.707106781186547,1.,1.,1.),(1.,1.,1.,0.707106781186548,1.,1.,
1.),(1.,1.,1.,0.707106781186547,1.,1.,1.),(1.,1.,1.,0.707106781186548,1.,
1.,1.),(1.,1.,1.,0.707106781186547,1.,1.,1.),(1.,1.,1.,0.707106781186548,
1.,1.,1.),(1.,1.,1.,0.707106781186548,1.,1.,1.),(1.,1.,1.,0.707106781186547,
1.,1.,1.),(1.,1.,1.,0.707106781186547,1.,1.,1.),(1.,1.,1.,0.707106781186548,
1.,1.,1.),(1.,1.,1.,0.707106781186548,1.,1.,1.),(1.,1.,1.,0.707106781186548,
1.,1.,1.),(1.,1.,1.,0.707106781186548,1.,1.,1.),(1.,1.,1.,0.707106781186548,
1.,1.,1.),(1.,1.,1.,0.707106781186548,1.,1.,1.),(1.,1.,1.,0.707106781186548,
1.,1.,1.),(1.,1.,1.,0.707106781186547,1.,1.,1.),(1.,1.,1.,0.707106781186547,
1.,1.,1.),(1.,1.,1.,0.707106781186548,1.,1.,1.),(1.,1.,1.,0.707106781186548,
1.,1.,1.),(1.,1.,1.,0.707106781186547,1.,1.,1.),(1.,1.,1.,0.707106781186548,
1.,1.,1.),(1.,1.,1.,0.707106781186547,1.,1.,1.),(1.,1.,1.,0.707106781186548,
1.,1.,1.),(1.,1.,1.,0.707106781186547,1.,1.,1.),(1.,1.,1.,0.707106781186548,
1.,1.,1.),(1.,1.,1.,0.707106781186547,1.,1.,1.),(1.,1.,1.,0.707106781186548,
1.,1.,1.),(1.,1.,1.,0.707106781186547,1.,1.,1.),(1.,1.,1.,0.707106781186548,
1.,1.,1.),(1.,1.,1.,0.707106781186548,1.,1.,1.),(1.,1.,1.,0.707106781186548,
1.,1.,1.),(1.,1.,1.,0.707106781186548,1.,1.,1.),(1.,1.,1.,0.707106781186547,
1.,1.,1.),(1.,1.,1.,0.707106781186548,1.,1.,1.),(1.,1.,1.,0.707106781186548,
1.,1.,1.),(1.,1.,1.,0.707106781186548,1.,1.,1.),(1.,1.,1.,0.707106781186548,
1.,1.,1.),(1.,1.,1.,0.707106781186547,1.,1.,1.),(1.,1.,1.,0.707106781186548,
1.,1.,1.),(1.,1.,1.,0.707106781186548,1.,1.,1.),(1.,1.,1.,0.707106781186548,
1.,1.,1.),(1.,1.,1.,0.707106781186547,1.,1.,1.),(1.,1.,1.,0.707106781186547,
1.,1.,1.),(1.,1.,1.,0.707106781186548,1.,1.,1.),(1.,1.,1.,0.707106781186548,
1.,1.,1.),(1.,1.,1.,0.707106781186548,1.,1.,1.),(1.,1.,1.,0.707106781186547,
1.,1.,1.),(1.,1.,1.,0.707106781186548,1.,1.,1.),(1.,1.,1.,0.707106781186548,
1.,1.,1.),(1.,1.,1.,0.707106781186548,1.,1.,1.),(1.,1.,1.,0.707106781186548,
1.,1.,1.),(1.,1.,1.,0.707106781186547,1.,1.,1.),(1.,1.,1.,0.707106781186548,
1.,1.,1.),(1.,1.,1.,0.707106781186548,1.,1.,1.),(1.,1.,1.,0.707106781186548,
1.,1.,1.),(1.,1.,1.,0.707106781186548,1.,1.,1.),(1.,1.,1.,0.707106781186548,
1.,1.,1.),(1.,1.,1.,0.707106781186548,1.,1.,1.),(1.,1.,1.,0.707106781186548,
1.,1.,1.),(1.,1.,1.,0.707106781186548,1.,1.,1.),(1.,1.,1.,0.707106781186548,
1.,1.,1.),(1.,1.,1.,0.707106781186547,1.,1.,1.),(1.,1.,1.,0.707106781186548,
1.,1.,1.),(1.,1.,1.,0.707106781186548,1.,1.,1.),(1.,1.,1.,0.707106781186547,
1.,1.,1.),(1.,1.,1.,0.707106781186548,1.,1.,1.),(1.,1.,1.,0.707106781186547,
1.,1.,1.),(1.,1.,1.,0.707106781186547,1.,1.,1.),(1.,1.,1.,0.707106781186548,
1.,1.,1.),(1.,1.,1.,0.707106781186547,1.,1.,1.),(1.,1.,1.,0.707106781186548,
1.,1.,1.),(1.,1.,1.,0.707106781186547,1.,1.,1.),(1.,1.,1.,0.707106781186549,
1.,1.,1.),(1.,1.,1.,0.707106781186547,1.,1.,1.),(1.,1.,1.,0.707106781186548,
1.,1.,1.),(1.,1.,1.,0.707106781186548,1.,1.,1.),(1.,1.,1.,0.707106781186547,
1.,1.,1.),(1.,1.,1.,0.707106781186549,1.,1.,1.),(1.,1.,1.,0.707106781186547,
1.,1.,1.),(1.,1.,1.,0.707106781186548,1.,1.,1.),(1.,1.,1.,0.707106781186547,
1.,1.,1.),(1.,1.,1.,0.707106781186548,1.,1.,1.),(1.,1.,1.,0.707106781186548,
1.,1.,1.),(1.,1.,1.,0.707106781186548,1.,1.,1.),(1.,1.,1.,0.707106781186548,
1.,1.,1.),(1.,1.,1.,0.707106781186547,1.,1.,1.),(1.,1.,1.,0.707106781186548,
1.,1.,1.),(1.,1.,1.,0.707106781186547,1.,1.,1.),(1.,1.,1.,0.707106781186548,
1.,1.,1.),(1.,1.,1.,0.707106781186548,1.,1.,1.),(1.,1.,1.,0.707106781186548,
1.,1.,1.),(1.,1.,1.,0.707106781186546,1.,1.,1.),(1.,1.,1.,0.707106781186549,
1.,1.,1.),(1.,1.,1.,0.707106781186546,1.,1.,1.),(1.,1.,1.,0.707106781186548,
1.,1.,1.),(1.,1.,1.,0.707106781186547,1.,1.,1.),(1.,1.,1.,0.707106781186548,
1.,1.,1.),(1.,1.,1.,0.707106781186547,1.,1.,1.),(1.,1.,1.,0.707106781186548,
1.,1.,1.),(1.,1.,1.,0.707106781186547,1.,1.,1.),(1.,1.,1.,0.707106781186548,
1.,1.,1.),(1.,1.,1.,0.707106781186548,1.,1.,1.),(1.,1.,1.,0.707106781186547,
1.,1.,1.),(1.,1.,1.,0.707106781186548,1.,1.,1.),(1.,1.,1.,0.707106781186547,
1.,1.,1.),(1.,1.,1.,0.707106781186548,1.,1.,1.),(1.,1.,1.,0.707106781186547,
1.,1.,1.),(1.,1.,1.,0.707106781186548,1.,1.,1.),(1.,1.,1.,0.707106781186546,
1.,1.,1.),(1.,1.,1.,0.707106781186549,1.,1.,1.),(1.,1.,1.,0.707106781186547,
1.,1.,1.),(1.,1.,1.,0.707106781186548,1.,1.,1.),(1.,1.,1.,0.707106781186547,
1.,1.,1.),(1.,1.,1.,0.707106781186547,1.,1.,1.),(1.,1.,1.,0.707106781186548,
1.,1.,1.),(1.,1.,1.,0.707106781186548,1.,1.,1.),(1.,1.,1.,0.707106781186547,
1.,1.,1.),(1.,1.,1.,0.707106781186548,1.,1.,1.),(1.,1.,1.,0.707106781186547,
1.,1.,1.),(1.,1.,1.,0.707106781186548,1.,1.,1.),(1.,1.,1.,0.707106781186548,
1.,1.,1.)))
REPRESENTATION_ITEM('')
SURFACE()
);
#23=(
BOUNDED_SURFACE()
B_SPLINE_SURFACE(3,2,((#8414,#8415,#8416),(#8417,#8418,#8419),(#8420,#8421,
#8422),(#8423,#8424,#8425),(#8426,#8427,#8428),(#8429,#8430,#8431),(#8432,
#8433,#8434),(#8435,#8436,#8437),(#8438,#8439,#8440),(#8441,#8442,#8443),
(#8444,#8445,#8446),(#8447,#8448,#8449),(#8450,#8451,#8452),(#8453,#8454,
#8455),(#8456,#8457,#8458),(#8459,#8460,#8461),(#8462,#8463,#8464),(#8465,
#8466,#8467),(#8468,#8469,#8470),(#8471,#8472,#8473),(#8474,#8475,#8476),
(#8477,#8478,#8479),(#8480,#8481,#8482),(#8483,#8484,#8485),(#8486,#8487,
#8488),(#8489,#8490,#8491),(#8492,#8493,#8494),(#8495,#8496,#8497),(#8498,
#8499,#8500),(#8501,#8502,#8503),(#8504,#8505,#8506),(#8507,#8508,#8509),
(#8510,#8511,#8512),(#8513,#8514,#8515),(#8516,#8517,#8518),(#8519,#8520,
#8521),(#8522,#8523,#8524),(#8525,#8526,#8527),(#8528,#8529,#8530),(#8531,
#8532,#8533),(#8534,#8535,#8536),(#8537,#8538,#8539),(#8540,#8541,#8542),
(#8543,#8544,#8545),(#8546,#8547,#8548),(#8549,#8550,#8551),(#8552,#8553,
#8554),(#8555,#8556,#8557),(#8558,#8559,#8560),(#8561,#8562,#8563),(#8564,
#8565,#8566),(#8567,#8568,#8569),(#8570,#8571,#8572),(#8573,#8574,#8575),
(#8576,#8577,#8578),(#8579,#8580,#8581),(#8582,#8583,#8584),(#8585,#8586,
#8587),(#8588,#8589,#8590),(#8591,#8592,#8593),(#8594,#8595,#8596),(#8597,
#8598,#8599),(#8600,#8601,#8602),(#8603,#8604,#8605),(#8606,#8607,#8608),
(#8609,#8610,#8611),(#8612,#8613,#8614),(#8615,#8616,#8617),(#8618,#8619,
#8620),(#8621,#8622,#8623),(#8624,#8625,#8626),(#8627,#8628,#8629),(#8630,
#8631,#8632),(#8633,#8634,#8635),(#8636,#8637,#8638),(#8639,#8640,#8641),
(#8642,#8643,#8644),(#8645,#8646,#8647),(#8648,#8649,#8650),(#8651,#8652,
#8653),(#8654,#8655,#8656),(#8657,#8658,#8659),(#8660,#8661,#8662),(#8663,
#8664,#8665),(#8666,#8667,#8668),(#8669,#8670,#8671),(#8672,#8673,#8674),
(#8675,#8676,#8677),(#8678,#8679,#8680),(#8681,#8682,#8683),(#8684,#8685,
#8686),(#8687,#8688,#8689),(#8690,#8691,#8692),(#8693,#8694,#8695),(#8696,
#8697,#8698),(#8699,#8700,#8701),(#8702,#8703,#8704),(#8705,#8706,#8707),
(#8708,#8709,#8710),(#8711,#8712,#8713),(#8714,#8715,#8716),(#8717,#8718,
#8719),(#8720,#8721,#8722),(#8723,#8724,#8725),(#8726,#8727,#8728),(#8729,
#8730,#8731),(#8732,#8733,#8734),(#8735,#8736,#8737),(#8738,#8739,#8740),
(#8741,#8742,#8743),(#8744,#8745,#8746),(#8747,#8748,#8749),(#8750,#8751,
#8752),(#8753,#8754,#8755),(#8756,#8757,#8758),(#8759,#8760,#8761),(#8762,
#8763,#8764),(#8765,#8766,#8767),(#8768,#8769,#8770),(#8771,#8772,#8773),
(#8774,#8775,#8776),(#8777,#8778,#8779),(#8780,#8781,#8782),(#8783,#8784,
#8785),(#8786,#8787,#8788),(#8789,#8790,#8791)),.UNSPECIFIED.,.F.,.F.,.F.)
B_SPLINE_SURFACE_WITH_KNOTS((4,1,1,1,1,1,1,1,1,1,1,1,1,1,1,1,1,1,1,1,1,
1,1,1,1,1,1,1,1,1,1,1,1,1,1,1,1,1,1,1,1,1,1,1,1,1,1,1,1,1,1,1,1,1,1,1,1,
1,1,1,1,1,1,1,1,1,1,1,1,1,1,1,1,1,1,1,1,1,1,1,1,1,1,1,1,1,1,1,1,1,1,1,1,
1,1,1,1,1,1,1,1,1,1,1,1,1,1,1,1,1,1,1,1,1,1,1,1,1,1,1,1,1,1,4),(3,3),(0.114787013853775,
0.115005679289311,0.115195535968157,0.115385392647002,0.115575249325848,
0.115670177665271,0.115717641834982,0.115741373919838,0.115765106004693,
0.115812570174405,0.115860034344116,0.115954962683539,0.116049891022962,
0.116144819362384,0.11633467604123,0.116524532720075,0.117283959435457,
0.118043386150839,0.118802812866221,0.119562239581603,0.120321666296985,
0.121081093012367,0.121840519727749,0.122599946443131,0.123359373158512,
0.124878226589276,0.12639708002004,0.127156506735422,0.127915933450804,
0.129434786881568,0.130953640312332,0.132472493743095,0.133991347173859,
0.135510200604623,0.137029054035387,0.138547907466151,0.141585614327678,
0.144623321189206,0.147661028050734,0.150698734912261,0.153736441773789,
0.156774148635317,0.159811855496844,0.162849562358372,0.1658872692199,0.168924976081427,
0.171962682942955,0.173481536373719,0.175000389804483,0.176519243235246,
0.17803809666601,0.179556950096774,0.180316376812156,0.181075803527538,
0.18183523024292,0.182594656958302,0.183354083673684,0.183733797031375,
0.184113510389066,0.184493223746757,0.184872937104447,0.185252650462138,
0.185632363819829,0.18601207717752,0.186201933856366,0.186391790535211,
0.186581647214057,0.186771503892902,0.186961360571748,0.18705628891117,
0.187151217250593,0.187246145590016,0.187341073929439,0.18738853809915,
0.187436002268861,0.187483466438573,0.187530930608284,0.187578394777996,
0.187602126862851,0.187625858947707,0.187649591032563,0.187673323117418,
0.18772078728713,0.187768251456841,0.187815715626552,0.187863179796264,
0.187910643965975,0.188005572305398,0.188100500644821,0.188195428984243,
0.188290357323666,0.188480214002512,0.188670070681357,0.188859927360203,
0.189049784039048,0.189239640717893,0.189429497396739,0.18980921075443,
0.190188924112121,0.190568637469812,0.190948350827503,0.191328064185194,
0.191707777542885,0.192467204258267,0.193226630973649,0.19398605768903,
0.194745484404412,0.195504911119794,0.196264337835176,0.19778319126594,
0.199302044696704,0.200820898127468,0.202339751558231,0.203858604988995,
0.205377458419759,0.206896311850523,0.208415165281287,0.209174591996669,
0.209934018712051,0.210313732069742,0.210693445427433,0.210883302106278,
0.211073158785123,0.211449826168381),(0.743793711476611,1.),
 .UNSPECIFIED.)
GEOMETRIC_REPRESENTATION_ITEM()
RATIONAL_B_SPLINE_SURFACE(((0.888369826454556,0.924958915474137,1.),(0.888369826454556,
0.924958915474136,1.),(0.888369826454556,0.924958915474136,1.),(0.888369826454556,
0.924958915474137,1.),(0.888369826454556,0.924958915474136,1.),(0.888369826454556,
0.924958915474136,1.),(0.888369826454556,0.924958915474137,1.),(0.888369826454556,
0.924958915474136,1.),(0.888369826454556,0.924958915474137,1.),(0.888369826454556,
0.924958915474136,1.),(0.888369826454556,0.924958915474137,1.),(0.888369826454556,
0.924958915474137,1.),(0.888369826454556,0.924958915474136,1.),(0.888369826454556,
0.924958915474136,1.),(0.888369826454556,0.924958915474137,1.),(0.888369826454556,
0.924958915474136,1.),(0.888369826454556,0.924958915474137,1.),(0.888369826454556,
0.924958915474137,1.),(0.888369826454556,0.924958915474137,1.),(0.888369826454556,
0.924958915474137,1.),(0.888369826454556,0.924958915474137,1.),(0.888369826454556,
0.924958915474137,1.),(0.888369826454556,0.924958915474137,1.),(0.888369826454556,
0.924958915474137,1.),(0.888369826454556,0.924958915474136,1.),(0.888369826454556,
0.924958915474137,1.),(0.888369826454556,0.924958915474137,1.),(0.888369826454556,
0.924958915474136,1.),(0.888369826454556,0.924958915474136,1.),(0.888369826454556,
0.924958915474137,1.),(0.888369826454556,0.924958915474137,1.),(0.888369826454556,
0.924958915474137,1.),(0.888369826454556,0.924958915474137,1.),(0.888369826454556,
0.924958915474137,1.),(0.888369826454556,0.924958915474137,1.),(0.888369826454556,
0.924958915474137,1.),(0.888369826454556,0.924958915474136,1.),(0.888369826454556,
0.924958915474137,1.),(0.888369826454556,0.924958915474136,1.),(0.888369826454556,
0.924958915474137,1.),(0.888369826454556,0.924958915474137,1.),(0.888369826454556,
0.924958915474137,1.),(0.888369826454556,0.924958915474137,1.),(0.888369826454556,
0.924958915474137,1.),(0.888369826454556,0.924958915474137,1.),(0.888369826454556,
0.924958915474137,1.),(0.888369826454556,0.924958915474137,1.),(0.888369826454556,
0.924958915474137,1.),(0.888369826454556,0.924958915474137,1.),(0.888369826454556,
0.924958915474137,1.),(0.888369826454556,0.924958915474137,1.),(0.888369826454556,
0.924958915474137,1.),(0.888369826454556,0.924958915474137,1.),(0.888369826454556,
0.924958915474137,1.),(0.888369826454556,0.924958915474136,1.),(0.888369826454556,
0.924958915474137,1.),(0.888369826454556,0.924958915474137,1.),(0.888369826454556,
0.924958915474136,1.),(0.888369826454556,0.924958915474137,1.),(0.888369826454556,
0.924958915474137,1.),(0.888369826454556,0.924958915474137,1.),(0.888369826454556,
0.924958915474137,1.),(0.888369826454556,0.924958915474137,1.),(0.888369826454556,
0.924958915474136,1.),(0.888369826454556,0.924958915474136,1.),(0.888369826454556,
0.924958915474136,1.),(0.888369826454556,0.924958915474137,1.),(0.888369826454556,
0.924958915474136,1.),(0.888369826454556,0.924958915474137,1.),(0.888369826454556,
0.924958915474137,1.),(0.888369826454556,0.924958915474136,1.),(0.888369826454556,
0.924958915474137,1.),(0.888369826454556,0.924958915474136,1.),(0.888369826454556,
0.924958915474137,1.),(0.888369826454556,0.924958915474136,1.),(0.888369826454556,
0.924958915474137,1.),(0.888369826454556,0.924958915474136,1.),(0.888369826454556,
0.924958915474136,1.),(0.888369826454556,0.924958915474137,1.),(0.888369826454556,
0.924958915474136,1.),(0.888369826454556,0.924958915474137,1.),(0.888369826454555,
0.924958915474136,1.),(0.888369826454556,0.924958915474137,1.),(0.888369826454556,
0.924958915474136,1.),(0.888369826454555,0.924958915474136,1.),(0.888369826454556,
0.924958915474137,1.),(0.888369826454556,0.924958915474136,1.),(0.888369826454556,
0.924958915474137,1.),(0.888369826454556,0.924958915474136,1.),(0.888369826454556,
0.924958915474137,1.),(0.888369826454556,0.924958915474137,1.),(0.888369826454556,
0.924958915474136,1.),(0.888369826454556,0.924958915474137,1.),(0.888369826454556,
0.924958915474137,1.),(0.888369826454556,0.924958915474137,1.),(0.888369826454555,
0.924958915474136,1.),(0.888369826454556,0.924958915474137,1.),(0.888369826454556,
0.924958915474136,1.),(0.888369826454556,0.924958915474137,1.),(0.888369826454556,
0.924958915474137,1.),(0.888369826454556,0.924958915474136,1.),(0.888369826454556,
0.924958915474137,1.),(0.888369826454556,0.924958915474136,1.),(0.888369826454556,
0.924958915474137,1.),(0.888369826454556,0.924958915474136,1.),(0.888369826454556,
0.924958915474137,1.),(0.888369826454556,0.924958915474136,1.),(0.888369826454556,
0.924958915474137,1.),(0.888369826454556,0.924958915474136,1.),(0.888369826454556,
0.924958915474136,1.),(0.888369826454556,0.924958915474137,1.),(0.888369826454556,
0.924958915474137,1.),(0.888369826454556,0.924958915474137,1.),(0.888369826454556,
0.924958915474136,1.),(0.888369826454556,0.924958915474137,1.),(0.888369826454556,
0.924958915474137,1.),(0.888369826454556,0.924958915474136,1.),(0.888369826454556,
0.924958915474137,1.),(0.888369826454556,0.924958915474137,1.),(0.888369826454556,
0.924958915474137,1.),(0.888369826454556,0.924958915474137,1.),(0.888369826454556,
0.924958915474136,1.),(0.888369826454556,0.924958915474136,1.),(0.888369826454556,
0.924958915474137,1.),(0.888369826454556,0.924958915474137,1.),(0.888369826454556,
0.924958915474137,1.)))
REPRESENTATION_ITEM('')
SURFACE()
);
#24=(
BOUNDED_SURFACE()
B_SPLINE_SURFACE(3,2,((#8831,#8832,#8833),(#8834,#8835,#8836),(#8837,#8838,
#8839),(#8840,#8841,#8842),(#8843,#8844,#8845),(#8846,#8847,#8848),(#8849,
#8850,#8851),(#8852,#8853,#8854),(#8855,#8856,#8857),(#8858,#8859,#8860),
(#8861,#8862,#8863),(#8864,#8865,#8866),(#8867,#8868,#8869),(#8870,#8871,
#8872),(#8873,#8874,#8875),(#8876,#8877,#8878),(#8879,#8880,#8881),(#8882,
#8883,#8884),(#8885,#8886,#8887),(#8888,#8889,#8890),(#8891,#8892,#8893),
(#8894,#8895,#8896),(#8897,#8898,#8899),(#8900,#8901,#8902),(#8903,#8904,
#8905),(#8906,#8907,#8908),(#8909,#8910,#8911),(#8912,#8913,#8914),(#8915,
#8916,#8917),(#8918,#8919,#8920),(#8921,#8922,#8923),(#8924,#8925,#8926),
(#8927,#8928,#8929),(#8930,#8931,#8932),(#8933,#8934,#8935),(#8936,#8937,
#8938),(#8939,#8940,#8941),(#8942,#8943,#8944),(#8945,#8946,#8947),(#8948,
#8949,#8950),(#8951,#8952,#8953),(#8954,#8955,#8956),(#8957,#8958,#8959)),
 .UNSPECIFIED.,.F.,.F.,.F.)
B_SPLINE_SURFACE_WITH_KNOTS((4,1,1,1,1,1,1,1,1,1,1,1,1,1,1,1,1,1,1,1,1,
1,1,1,1,1,1,1,1,1,1,1,1,1,1,1,1,1,1,1,4),(3,3),(0.0274550338716924,0.0277590904175964,
0.0279111860922391,0.0280632817668818,0.0283674731161672,0.0286716644654525,
0.0292800471640232,0.029888429862594,0.0311051952597354,0.0323219606568769,
0.0347554914511597,0.0371890222454426,0.0396225530397255,0.0420560838340084,
0.0469231454225742,0.05179020701114,0.0566572685997058,0.0615243301882716,
0.0663913917768374,0.0688249225711203,0.0712584533654032,0.0761255149539689,
0.0809925765425347,0.0834261073368176,0.0858596381311005,0.0882931689253834,
0.0895099343225249,0.0907266997196663,0.0931602305139492,0.0955937613082321,
0.098027292102515,0.100460822896798,0.101677588293939,0.102894353691081,
0.103502736389652,0.104111119088222,0.104415310437508,0.104719501786793,
0.104871597461436,0.105023693136078,0.105327884485364),(0.,0.254678050658301),
 .UNSPECIFIED.)
GEOMETRIC_REPRESENTATION_ITEM()
RATIONAL_B_SPLINE_SURFACE(((1.,0.925406525981555,0.888807693072806),(1.,
0.925406525981555,0.888807693072806),(1.,0.925406525981555,0.888807693072806),
(1.,0.925406525981555,0.888807693072806),(1.,0.925406525981555,0.888807693072806),
(1.,0.925406525981555,0.888807693072806),(1.,0.925406525981555,0.888807693072806),
(1.,0.925406525981555,0.888807693072806),(1.,0.925406525981555,0.888807693072806),
(1.,0.925406525981555,0.888807693072806),(1.,0.925406525981555,0.888807693072806),
(1.,0.925406525981555,0.888807693072806),(1.,0.925406525981555,0.888807693072806),
(1.,0.925406525981555,0.888807693072806),(1.,0.925406525981555,0.888807693072806),
(1.,0.925406525981555,0.888807693072806),(1.,0.925406525981555,0.888807693072806),
(1.,0.925406525981555,0.888807693072806),(1.,0.925406525981555,0.888807693072806),
(1.,0.925406525981555,0.888807693072806),(1.,0.925406525981555,0.888807693072806),
(1.,0.925406525981555,0.888807693072806),(1.,0.925406525981555,0.888807693072806),
(1.,0.925406525981555,0.888807693072806),(1.,0.925406525981555,0.888807693072806),
(1.,0.925406525981554,0.888807693072805),(1.,0.925406525981555,0.888807693072806),
(1.,0.925406525981555,0.888807693072806),(1.,0.925406525981555,0.888807693072806),
(1.,0.925406525981555,0.888807693072806),(1.,0.925406525981555,0.888807693072806),
(1.,0.925406525981555,0.888807693072806),(1.,0.925406525981555,0.888807693072806),
(1.,0.925406525981555,0.888807693072806),(1.,0.925406525981555,0.888807693072806),
(1.,0.925406525981554,0.888807693072805),(1.,0.925406525981555,0.888807693072806),
(1.,0.925406525981555,0.888807693072806),(1.,0.925406525981555,0.888807693072806),
(1.,0.925406525981555,0.888807693072806),(1.,0.925406525981555,0.888807693072806),
(1.,0.925406525981555,0.888807693072806),(1.,0.925406525981555,0.888807693072806)))
REPRESENTATION_ITEM('')
SURFACE()
);
#25=(
BOUNDED_SURFACE()
B_SPLINE_SURFACE(3,2,((#8976,#8977,#8978,#8979,#8980),(#8981,#8982,#8983,
#8984,#8985),(#8986,#8987,#8988,#8989,#8990),(#8991,#8992,#8993,#8994,#8995),
(#8996,#8997,#8998,#8999,#9000),(#9001,#9002,#9003,#9004,#9005),(#9006,
#9007,#9008,#9009,#9010),(#9011,#9012,#9013,#9014,#9015),(#9016,#9017,#9018,
#9019,#9020),(#9021,#9022,#9023,#9024,#9025),(#9026,#9027,#9028,#9029,#9030),
(#9031,#9032,#9033,#9034,#9035),(#9036,#9037,#9038,#9039,#9040),(#9041,
#9042,#9043,#9044,#9045),(#9046,#9047,#9048,#9049,#9050),(#9051,#9052,#9053,
#9054,#9055),(#9056,#9057,#9058,#9059,#9060),(#9061,#9062,#9063,#9064,#9065),
(#9066,#9067,#9068,#9069,#9070),(#9071,#9072,#9073,#9074,#9075),(#9076,
#9077,#9078,#9079,#9080),(#9081,#9082,#9083,#9084,#9085),(#9086,#9087,#9088,
#9089,#9090),(#9091,#9092,#9093,#9094,#9095),(#9096,#9097,#9098,#9099,#9100),
(#9101,#9102,#9103,#9104,#9105),(#9106,#9107,#9108,#9109,#9110),(#9111,
#9112,#9113,#9114,#9115),(#9116,#9117,#9118,#9119,#9120),(#9121,#9122,#9123,
#9124,#9125),(#9126,#9127,#9128,#9129,#9130),(#9131,#9132,#9133,#9134,#9135),
(#9136,#9137,#9138,#9139,#9140),(#9141,#9142,#9143,#9144,#9145),(#9146,
#9147,#9148,#9149,#9150),(#9151,#9152,#9153,#9154,#9155),(#9156,#9157,#9158,
#9159,#9160),(#9161,#9162,#9163,#9164,#9165),(#9166,#9167,#9168,#9169,#9170),
(#9171,#9172,#9173,#9174,#9175),(#9176,#9177,#9178,#9179,#9180),(#9181,
#9182,#9183,#9184,#9185),(#9186,#9187,#9188,#9189,#9190)),.UNSPECIFIED.,
 .F.,.F.,.F.)
B_SPLINE_SURFACE_WITH_KNOTS((4,1,1,1,1,1,1,1,1,1,1,1,1,1,1,1,1,1,1,1,1,
1,1,1,1,1,1,1,1,1,1,1,1,1,1,1,1,1,1,1,4),(3,2,3),(0.0274550338716924,0.0277590904175964,
0.0279111860922391,0.0280632817668818,0.0283674731161672,0.0286716644654525,
0.0292800471640232,0.029888429862594,0.0311051952597354,0.0323219606568769,
0.0347554914511597,0.0371890222454426,0.0396225530397255,0.0420560838340084,
0.0469231454225742,0.05179020701114,0.0566572685997058,0.0615243301882716,
0.0663913917768374,0.0688249225711203,0.0712584533654032,0.0761255149539689,
0.0809925765425347,0.0834261073368176,0.0858596381311005,0.0882931689253834,
0.0895099343225249,0.0907266997196663,0.0931602305139492,0.0955937613082321,
0.098027292102515,0.100460822896798,0.101677588293939,0.102894353691081,
0.103502736389652,0.104111119088222,0.104415310437508,0.104719501786793,
0.104871597461436,0.105023693136078,0.105327884485364),(-0.00610458623393518,
0.,1.),.UNSPECIFIED.)
GEOMETRIC_REPRESENTATION_ITEM()
RATIONAL_B_SPLINE_SURFACE(((1.,1.,1.,0.707106781186548,1.),(1.,1.,1.,0.707106781186548,
1.),(1.,1.,1.,0.707106781186548,1.),(1.,1.,1.,0.707106781186547,1.),(1.,
1.,1.,0.707106781186548,1.),(1.,1.,1.,0.707106781186547,1.),(1.,1.,1.,0.707106781186547,
1.),(1.,1.,1.,0.707106781186548,1.),(1.,1.,1.,0.707106781186547,1.),(1.,
1.,1.,0.707106781186548,1.),(1.,1.,1.,0.707106781186547,1.),(1.,1.,1.,0.707106781186547,
1.),(1.,1.,1.,0.707106781186548,1.),(1.,1.,1.,0.707106781186547,1.),(1.,
1.,1.,0.707106781186548,1.),(1.,1.,1.,0.707106781186547,1.),(1.,1.,1.,0.707106781186548,
1.),(1.,1.,1.,0.707106781186547,1.),(1.,1.,1.,0.707106781186548,1.),(1.,
1.,1.,0.707106781186548,1.),(1.,1.,1.,0.707106781186548,1.),(1.,1.,1.,0.707106781186547,
1.),(1.,1.,1.,0.707106781186547,1.),(1.,1.,1.,0.707106781186547,1.),(1.,
1.,1.,0.707106781186548,1.),(1.,1.,1.,0.707106781186546,1.),(1.,1.,1.,0.707106781186547,
1.),(1.,1.,1.,0.707106781186548,1.),(1.,1.,1.,0.707106781186547,1.),(1.,
1.,1.,0.707106781186548,1.),(1.,1.,1.,0.707106781186547,1.),(1.,1.,1.,0.707106781186549,
1.),(1.,1.,1.,0.707106781186548,1.),(1.,1.,1.,0.707106781186547,1.),(1.,
1.,1.,0.707106781186548,1.),(1.,1.,1.,0.707106781186548,1.),(1.,1.,1.,0.707106781186547,
1.),(1.,1.,1.,0.707106781186549,1.),(1.,1.,1.,0.707106781186547,1.),(1.,
1.,1.,0.707106781186548,1.),(1.,1.,1.,0.707106781186548,1.),(1.,1.,1.,0.707106781186548,
1.),(1.,1.,1.,0.707106781186548,1.)))
REPRESENTATION_ITEM('')
SURFACE()
);
#26=(
BOUNDED_SURFACE()
B_SPLINE_SURFACE(3,2,((#9626,#9627,#9628),(#9629,#9630,#9631),(#9632,#9633,
#9634),(#9635,#9636,#9637),(#9638,#9639,#9640),(#9641,#9642,#9643),(#9644,
#9645,#9646)),.UNSPECIFIED.,.F.,.F.,.F.)
B_SPLINE_SURFACE_WITH_KNOTS((4,1,1,1,4),(3,3),(-2.38524477946811E-17,0.000861901573758247,
0.00172380314751652,0.00258570472127479,0.00344760629503306),(0.,1.),
 .UNSPECIFIED.)
GEOMETRIC_REPRESENTATION_ITEM()
RATIONAL_B_SPLINE_SURFACE(((1.,0.373023469865769,1.),(1.,0.373023470717479,
1.),(1.,0.383779599803961,1.),(1.,0.426992896830289,1.),(1.,0.482703305534277,
1.),(1.,0.523065995412147,1.),(1.,0.542799910081102,1.)))
REPRESENTATION_ITEM('')
SURFACE()
);
#27=(
BOUNDED_SURFACE()
B_SPLINE_SURFACE(3,2,((#9658,#9659,#9660),(#9661,#9662,#9663),(#9664,#9665,
#9666),(#9667,#9668,#9669),(#9670,#9671,#9672),(#9673,#9674,#9675),(#9676,
#9677,#9678),(#9679,#9680,#9681),(#9682,#9683,#9684)),.UNSPECIFIED.,.F.,
 .F.,.F.)
B_SPLINE_SURFACE_WITH_KNOTS((4,1,1,1,1,1,4),(3,3),(-5.98479599211998E-17,
0.00091617514846974,0.00183235029693954,0.00274852544540934,0.00366470059387914,
0.00549705089081874,0.00732940118775834),(0.,1.),.UNSPECIFIED.)
GEOMETRIC_REPRESENTATION_ITEM()
RATIONAL_B_SPLINE_SURFACE(((1.,0.373024661005854,1.),(1.,0.373024661790122,
1.),(1.,0.385291179181575,1.),(1.,0.433178306999306,1.),(1.,0.494070196251477,
1.),(1.,0.579383751292055,1.),(1.,0.68048593620076,1.),(1.,0.713719997563584,
1.),(1.,0.707106781186547,1.)))
REPRESENTATION_ITEM('')
SURFACE()
);
#28=(
BOUNDED_SURFACE()
B_SPLINE_SURFACE(3,2,((#9688,#9689,#9690),(#9691,#9692,#9693),(#9694,#9695,
#9696),(#9697,#9698,#9699),(#9700,#9701,#9702),(#9703,#9704,#9705),(#9706,
#9707,#9708)),.UNSPECIFIED.,.F.,.F.,.F.)
B_SPLINE_SURFACE_WITH_KNOTS((4,1,1,1,4),(3,3),(7.71951946809679E-17,0.00180240676079395,
0.00360481352158783,0.00540722028238171,0.00720962704317559),(0.,1.),
 .UNSPECIFIED.)
GEOMETRIC_REPRESENTATION_ITEM()
RATIONAL_B_SPLINE_SURFACE(((1.,0.70710713604061,1.),(1.,0.729026564354627,
1.),(1.,0.741145993471975,1.),(1.,0.655943226550892,1.),(1.,0.537006887741337,
1.),(1.,0.492409466732665,1.),(1.,0.492409465899132,1.)))
REPRESENTATION_ITEM('')
SURFACE()
);
#29=(
BOUNDED_SURFACE()
B_SPLINE_SURFACE(3,2,((#9720,#9721,#9722),(#9723,#9724,#9725),(#9726,#9727,
#9728),(#9729,#9730,#9731),(#9732,#9733,#9734)),.UNSPECIFIED.,.F.,.F.,.F.)
B_SPLINE_SURFACE_WITH_KNOTS((4,1,4),(3,3),(-7.80625564189563E-18,0.00166321727675428,
0.00332643455350856),(0.,1.),.UNSPECIFIED.)
GEOMETRIC_REPRESENTATION_ITEM()
RATIONAL_B_SPLINE_SURFACE(((1.,0.492409450273301,1.),(1.,0.49240945127794,
1.),(1.,0.529977675154116,1.),(1.,0.602272859984335,1.),(1.,0.634635281749123,
1.)))
REPRESENTATION_ITEM('')
SURFACE()
);
#30=(
BOUNDED_SURFACE()
B_SPLINE_SURFACE(3,2,((#9735,#9736,#9737),(#9738,#9739,#9740),(#9741,#9742,
#9743),(#9744,#9745,#9746),(#9747,#9748,#9749)),.UNSPECIFIED.,.F.,.F.,.F.)
B_SPLINE_SURFACE_WITH_KNOTS((4,1,4),(3,3),(0.,0.0016445099314334,0.00328901986286679),
(0.,1.),.UNSPECIFIED.)
GEOMETRIC_REPRESENTATION_ITEM()
RATIONAL_B_SPLINE_SURFACE(((1.,0.61606889260289,1.),(1.,0.616068893172126,
1.),(1.,0.642349928024474,1.),(1.,0.694400025278486,1.),(1.,0.715876497489035,
1.)))
REPRESENTATION_ITEM('')
SURFACE()
);
#31=(
BOUNDED_SURFACE()
B_SPLINE_SURFACE(3,2,((#9761,#9762,#9763),(#9764,#9765,#9766),(#9767,#9768,
#9769),(#9770,#9771,#9772),(#9773,#9774,#9775),(#9776,#9777,#9778),(#9779,
#9780,#9781)),.UNSPECIFIED.,.F.,.F.,.F.)
B_SPLINE_SURFACE_WITH_KNOTS((4,1,1,1,4),(3,3),(-1.73472347597681E-17,0.00189364293548612,
0.00378728587097226,0.0056809288064584,0.00757457174194454),(0.,1.),
 .UNSPECIFIED.)
GEOMETRIC_REPRESENTATION_ITEM()
RATIONAL_B_SPLINE_SURFACE(((1.,0.616068882105913,1.),(1.,0.616068882783468,
1.),(1.,0.651586596781755,1.),(1.,0.744308613692046,1.),(1.,0.774448470654616,
1.),(1.,0.731117570565341,1.),(1.,0.707106781186543,1.)))
REPRESENTATION_ITEM('')
SURFACE()
);
#32=(
BOUNDED_SURFACE()
B_SPLINE_SURFACE(3,2,((#9913,#9914,#9915),(#9916,#9917,#9918),(#9919,#9920,
#9921),(#9922,#9923,#9924),(#9925,#9926,#9927)),.UNSPECIFIED.,.F.,.F.,.F.)
B_SPLINE_SURFACE_WITH_KNOTS((4,1,4),(3,3),(8.67361737988404E-19,0.00164411498031237,
0.00328822996062473),(0.,1.),.UNSPECIFIED.)
GEOMETRIC_REPRESENTATION_ITEM()
RATIONAL_B_SPLINE_SURFACE(((1.,0.627179821631906,1.),(1.,0.627179822188015,
1.),(1.,0.65288065208761,1.),(1.,0.70308780635208,1.),(1.,0.72334659469934,
1.)))
REPRESENTATION_ITEM('')
SURFACE()
);
#33=(
BOUNDED_SURFACE()
B_SPLINE_SURFACE(3,2,((#9928,#9929,#9930),(#9931,#9932,#9933),(#9934,#9935,
#9936),(#9937,#9938,#9939),(#9940,#9941,#9942)),.UNSPECIFIED.,.F.,.F.,.F.)
B_SPLINE_SURFACE_WITH_KNOTS((4,1,4),(3,3),(-3.03576608295941E-18,0.00165040488237385,
0.0033008097647477),(0.,1.),.UNSPECIFIED.)
GEOMETRIC_REPRESENTATION_ITEM()
RATIONAL_B_SPLINE_SURFACE(((1.,0.552323859713832,1.),(1.,0.552323860538014,
1.),(1.,0.585102448466831,1.),(1.,0.648850083563224,1.),(1.,0.676198650070738,
1.)))
REPRESENTATION_ITEM('')
SURFACE()
);
#34=(
BOUNDED_SURFACE()
B_SPLINE_SURFACE(3,2,((#9954,#9955,#9956),(#9957,#9958,#9959),(#9960,#9961,
#9962),(#9963,#9964,#9965),(#9966,#9967,#9968),(#9969,#9970,#9971),(#9972,
#9973,#9974)),.UNSPECIFIED.,.F.,.F.,.F.)
B_SPLINE_SURFACE_WITH_KNOTS((4,1,1,1,4),(3,3),(-5.24753851482984E-17,0.00182961263348071,
0.00365922526696148,0.00548883790044225,0.00731845053392301),(0.,1.),
 .UNSPECIFIED.)
GEOMETRIC_REPRESENTATION_ITEM()
RATIONAL_B_SPLINE_SURFACE(((1.,0.707106827474905,1.),(1.,0.73121052721279,
1.),(1.,0.760476984999387,1.),(1.,0.701297368725391,1.),(1.,0.592991119525159,
1.),(1.,0.552323860537966,1.),(1.,0.552323859713822,1.)))
REPRESENTATION_ITEM('')
SURFACE()
);
#35=(
BOUNDED_SURFACE()
B_SPLINE_SURFACE(3,2,((#9978,#9979,#9980),(#9981,#9982,#9983),(#9984,#9985,
#9986),(#9987,#9988,#9989),(#9990,#9991,#9992),(#9993,#9994,#9995),(#9996,
#9997,#9998)),.UNSPECIFIED.,.F.,.F.,.F.)
B_SPLINE_SURFACE_WITH_KNOTS((4,1,1,1,4),(3,3),(4.09828421199521E-17,0.00181696751796254,
0.00363393503592503,0.00545090255388753,0.00726787007185002),(0.,1.),
 .UNSPECIFIED.)
GEOMETRIC_REPRESENTATION_ITEM()
RATIONAL_B_SPLINE_SURFACE(((1.,0.538530462132614,1.),(1.,0.538530463041742,
1.),(1.,0.580353457048851,1.),(1.,0.691438165712115,1.),(1.,0.756834408577806,
1.),(1.,0.730911375653195,1.),(1.,0.707106781186543,1.)))
REPRESENTATION_ITEM('')
SURFACE()
);
#36=(
BOUNDED_SURFACE()
B_SPLINE_SURFACE(3,2,((#10002,#10003,#10004),(#10005,#10006,#10007),(#10008,
#10009,#10010),(#10011,#10012,#10013),(#10014,#10015,#10016)),
 .UNSPECIFIED.,.F.,.F.,.F.)
B_SPLINE_SURFACE_WITH_KNOTS((4,1,4),(3,3),(0.0232894381198501,0.024935558951959,
0.0265816797840679),(0.,1.),.UNSPECIFIED.)
GEOMETRIC_REPRESENTATION_ITEM()
RATIONAL_B_SPLINE_SURFACE(((1.,0.538530462132614,1.),(1.,0.538530462959493,
1.),(1.,0.572658586329902,1.),(1.,0.638748635484159,1.),(1.,0.667334819662594,
1.)))
REPRESENTATION_ITEM('')
SURFACE()
);
#37=(
BOUNDED_SURFACE()
B_SPLINE_SURFACE(3,2,((#10017,#10018,#10019),(#10020,#10021,#10022),(#10023,
#10024,#10025),(#10026,#10027,#10028),(#10029,#10030,#10031)),
 .UNSPECIFIED.,.F.,.F.,.F.)
B_SPLINE_SURFACE_WITH_KNOTS((4,1,4),(3,3),(-4.77048955893622E-18,0.00164415273793833,
0.00328830547587666),(0.,1.),.UNSPECIFIED.)
GEOMETRIC_REPRESENTATION_ITEM()
RATIONAL_B_SPLINE_SURFACE(((1.,0.626909919906168,1.),(1.,0.626909920497114,
1.),(1.,0.651584437298999,1.),(1.,0.701403876330928,1.),(1.,0.722107534814449,
1.)))
REPRESENTATION_ITEM('')
SURFACE()
);
#38=(
BOUNDED_SURFACE()
B_SPLINE_SURFACE(3,2,((#10043,#10044,#10045),(#10046,#10047,#10048),(#10049,
#10050,#10051),(#10052,#10053,#10054),(#10055,#10056,#10057),(#10058,#10059,
#10060),(#10061,#10062,#10063)),.UNSPECIFIED.,.F.,.F.,.F.)
B_SPLINE_SURFACE_WITH_KNOTS((4,1,1,1,4),(3,3),(0.0119772657016056,0.0139065444225132,
0.0158358231434208,0.0177651018643284,0.0196943805852361),(0.,1.),
 .UNSPECIFIED.)
GEOMETRIC_REPRESENTATION_ITEM()
RATIONAL_B_SPLINE_SURFACE(((1.,0.707106781186541,1.),(1.,0.729328326026442,
1.),(1.,0.776847279290265,1.),(1.,0.753928956651699,1.),(1.,0.661812443500551,
1.),(1.,0.626909920348334,1.),(1.,0.626909919906181,1.)))
REPRESENTATION_ITEM('')
SURFACE()
);
#39=(
BOUNDED_SURFACE()
B_SPLINE_SURFACE(3,2,((#10067,#10068,#10069),(#10070,#10071,#10072),(#10073,
#10074,#10075),(#10076,#10077,#10078),(#10079,#10080,#10081),(#10082,#10083,
#10084),(#10085,#10086,#10087)),.UNSPECIFIED.,.F.,.F.,.F.)
B_SPLINE_SURFACE_WITH_KNOTS((4,1,1,1,4),(3,3),(-3.29597460435593E-17,0.00193165726727409,
0.00386331453454821,0.00579497180182234,0.00772662906909646),(0.,1.),
 .UNSPECIFIED.)
GEOMETRIC_REPRESENTATION_ITEM()
RATIONAL_B_SPLINE_SURFACE(((1.,0.624094653021613,1.),(1.,0.624094653670826,
1.),(1.,0.659031917371877,1.),(1.,0.75129732877348,1.),(1.,0.777061603161924,
1.),(1.,0.72944208614667,1.),(1.,0.70710678118654,1.)))
REPRESENTATION_ITEM('')
SURFACE()
);
#40=(
BOUNDED_SURFACE()
B_SPLINE_SURFACE(3,2,((#10099,#10100,#10101),(#10102,#10103,#10104),(#10105,
#10106,#10107),(#10108,#10109,#10110),(#10111,#10112,#10113)),
 .UNSPECIFIED.,.F.,.F.,.F.)
B_SPLINE_SURFACE_WITH_KNOTS((4,1,4),(3,3),(-1.64798730217796E-17,0.00164424159283963,
0.00328848318567927),(0.,1.),.UNSPECIFIED.)
GEOMETRIC_REPRESENTATION_ITEM()
RATIONAL_B_SPLINE_SURFACE(((1.,0.624094653021647,1.),(1.,0.624094653585315,
1.),(1.,0.64889812018514,1.),(1.,0.699138105348676,1.),(1.,0.720137439593118,
1.)))
REPRESENTATION_ITEM('')
SURFACE()
);
#41=TOROIDAL_SURFACE('',#2111,0.007,0.001);
#42=TOROIDAL_SURFACE('',#2119,0.007,0.001);
#43=TOROIDAL_SURFACE('',#2196,0.00425,0.001);
#44=TOROIDAL_SURFACE('',#2201,0.00425,0.001);
#45=TOROIDAL_SURFACE('',#2206,0.00425,0.001);
#46=TOROIDAL_SURFACE('',#2213,0.00425,0.001);
#47=ELLIPSE('',#2102,0.0162461760229793,0.0055);
#48=ELLIPSE('',#2116,0.0226524758424988,0.007);
#49=ELLIPSE('',#2122,0.0206769513019738,0.007);
#50=ELLIPSE('',#2125,0.00127017059221717,0.0011);
#51=ELLIPSE('',#2160,0.0051961524227066,0.0045);
#52=ELLIPSE('',#2162,0.0145623058987489,0.0045);
#53=CIRCLE('',#2096,0.0055);
#54=CIRCLE('',#2098,0.0055);
#55=CIRCLE('',#2100,0.0055);
#56=CIRCLE('',#2101,0.0055);
#57=CIRCLE('',#2103,0.0055);
#58=CIRCLE('',#2106,0.008);
#59=CIRCLE('',#2108,0.00425);
#60=CIRCLE('',#2110,0.008);
#61=CIRCLE('',#2112,0.008);
#62=CIRCLE('',#2113,0.001);
#63=CIRCLE('',#2114,0.007);
#64=CIRCLE('',#2115,0.000952061430950947);
#65=CIRCLE('',#2118,0.001);
#66=CIRCLE('',#2120,0.007);
#67=CIRCLE('',#2121,0.008);
#68=CIRCLE('',#2124,0.0011);
#69=CIRCLE('',#2127,0.002);
#70=CIRCLE('',#2134,0.0240524808924393);
#71=CIRCLE('',#2138,0.008);
#72=CIRCLE('',#2142,0.008);
#73=CIRCLE('',#2143,0.008);
#74=CIRCLE('',#2144,0.000969847225614099);
#75=CIRCLE('',#2146,0.008);
#76=CIRCLE('',#2147,0.000969829505173927);
#77=CIRCLE('',#2151,0.001025);
#78=CIRCLE('',#2152,0.001025);
#79=CIRCLE('',#2153,0.001025);
#80=CIRCLE('',#2154,0.001025);
#81=CIRCLE('',#2155,0.00325);
#82=CIRCLE('',#2156,0.00325);
#83=CIRCLE('',#2157,0.00325);
#84=CIRCLE('',#2158,0.00325);
#85=CIRCLE('',#2165,0.0055);
#86=CIRCLE('',#2170,0.00425);
#87=CIRCLE('',#2171,0.00425);
#88=CIRCLE('',#2172,0.00425);
#89=CIRCLE('',#2174,0.0055);
#90=CIRCLE('',#2187,0.00325);
#91=CIRCLE('',#2189,0.00325);
#92=CIRCLE('',#2191,0.00325);
#93=CIRCLE('',#2193,0.00325);
#94=CIRCLE('',#2195,0.001);
#95=CIRCLE('',#2197,0.001);
#96=CIRCLE('',#2200,0.001);
#97=CIRCLE('',#2202,0.001);
#98=CIRCLE('',#2205,0.001);
#99=CIRCLE('',#2207,0.001);
#100=CIRCLE('',#2208,0.001);
#101=CIRCLE('',#2210,0.001);
#102=CIRCLE('',#2212,0.001);
#103=CIRCLE('',#2214,0.001);
#104=CIRCLE('',#2217,0.001025);
#105=CIRCLE('',#2220,0.001025);
#106=CIRCLE('',#2223,0.001025);
#107=CIRCLE('',#2226,0.001025);
#108=CYLINDRICAL_SURFACE('',#2095,0.0055);
#109=CYLINDRICAL_SURFACE('',#2097,0.0055);
#110=CYLINDRICAL_SURFACE('',#2099,0.0055);
#111=CYLINDRICAL_SURFACE('',#2105,0.008);
#112=CYLINDRICAL_SURFACE('',#2109,0.008);
#113=CYLINDRICAL_SURFACE('',#2117,0.001);
#114=CYLINDRICAL_SURFACE('',#2123,0.0011);
#115=CYLINDRICAL_SURFACE('',#2128,0.002);
#116=CYLINDRICAL_SURFACE('',#2141,0.008);
#117=CYLINDRICAL_SURFACE('',#2145,0.008);
#118=CYLINDRICAL_SURFACE('',#2161,0.0045);
#119=CYLINDRICAL_SURFACE('',#2173,0.0055);
#120=CYLINDRICAL_SURFACE('',#2182,0.002);
#121=CYLINDRICAL_SURFACE('',#2183,0.002);
#122=CYLINDRICAL_SURFACE('',#2184,0.0015);
#123=CYLINDRICAL_SURFACE('',#2185,0.0015);
#124=CYLINDRICAL_SURFACE('',#2186,0.00325);
#125=CYLINDRICAL_SURFACE('',#2188,0.00325);
#126=CYLINDRICAL_SURFACE('',#2190,0.00325);
#127=CYLINDRICAL_SURFACE('',#2192,0.00325);
#128=CYLINDRICAL_SURFACE('',#2194,0.001);
#129=CYLINDRICAL_SURFACE('',#2198,0.001);
#130=CYLINDRICAL_SURFACE('',#2199,0.001);
#131=CYLINDRICAL_SURFACE('',#2203,0.001);
#132=CYLINDRICAL_SURFACE('',#2204,0.001);
#133=CYLINDRICAL_SURFACE('',#2209,0.001);
#134=CYLINDRICAL_SURFACE('',#2211,0.001);
#135=CYLINDRICAL_SURFACE('',#2215,0.001);
#136=CYLINDRICAL_SURFACE('',#2216,0.001025);
#137=CYLINDRICAL_SURFACE('',#2219,0.001025);
#138=CYLINDRICAL_SURFACE('',#2222,0.001025);
#139=CYLINDRICAL_SURFACE('',#2225,0.001025);
#140=LINE('',#4158,#241);
#141=LINE('',#4161,#242);
#142=LINE('',#4163,#243);
#143=LINE('',#4165,#244);
#144=LINE('',#4167,#245);
#145=LINE('',#4193,#246);
#146=LINE('',#4202,#247);
#147=LINE('',#4223,#248);
#148=LINE('',#4232,#249);
#149=LINE('',#4272,#250);
#150=LINE('',#4282,#251);
#151=LINE('',#6378,#252);
#152=LINE('',#6379,#253);
#153=LINE('',#6388,#254);
#154=LINE('',#6393,#255);
#155=LINE('',#6401,#256);
#156=LINE('',#6409,#257);
#157=LINE('',#6412,#258);
#158=LINE('',#6414,#259);
#159=LINE('',#6416,#260);
#160=LINE('',#6418,#261);
#161=LINE('',#6434,#262);
#162=LINE('',#6436,#263);
#163=LINE('',#6439,#264);
#164=LINE('',#6512,#265);
#165=LINE('',#6513,#266);
#166=LINE('',#6626,#267);
#167=LINE('',#6633,#268);
#168=LINE('',#6648,#269);
#169=LINE('',#6660,#270);
#170=LINE('',#6663,#271);
#171=LINE('',#6665,#272);
#172=LINE('',#6667,#273);
#173=LINE('',#6669,#274);
#174=LINE('',#6671,#275);
#175=LINE('',#6678,#276);
#176=LINE('',#6685,#277);
#177=LINE('',#6691,#278);
#178=LINE('',#6693,#279);
#179=LINE('',#6695,#280);
#180=LINE('',#6699,#281);
#181=LINE('',#6718,#282);
#182=LINE('',#6725,#283);
#183=LINE('',#6727,#284);
#184=LINE('',#6729,#285);
#185=LINE('',#6730,#286);
#186=LINE('',#6765,#287);
#187=LINE('',#6776,#288);
#188=LINE('',#6778,#289);
#189=LINE('',#6780,#290);
#190=LINE('',#6782,#291);
#191=LINE('',#7305,#292);
#192=LINE('',#7446,#293);
#193=LINE('',#8407,#294);
#194=LINE('',#9203,#295);
#195=LINE('',#9219,#296);
#196=LINE('',#9221,#297);
#197=LINE('',#9223,#298);
#198=LINE('',#9287,#299);
#199=LINE('',#9289,#300);
#200=LINE('',#9291,#301);
#201=LINE('',#9293,#302);
#202=LINE('',#9294,#303);
#203=LINE('',#9309,#304);
#204=LINE('',#9311,#305);
#205=LINE('',#9315,#306);
#206=LINE('',#9317,#307);
#207=LINE('',#9365,#308);
#208=LINE('',#9366,#309);
#209=LINE('',#9407,#310);
#210=LINE('',#9408,#311);
#211=LINE('',#9410,#312);
#212=LINE('',#9426,#313);
#213=LINE('',#9428,#314);
#214=LINE('',#9430,#315);
#215=LINE('',#9432,#316);
#216=LINE('',#9434,#317);
#217=LINE('',#9436,#318);
#218=LINE('',#9438,#319);
#219=LINE('',#9441,#320);
#220=LINE('',#9442,#321);
#221=LINE('',#9461,#322);
#222=LINE('',#9463,#323);
#223=LINE('',#9465,#324);
#224=LINE('',#9467,#325);
#225=LINE('',#9469,#326);
#226=LINE('',#9471,#327);
#227=LINE('',#9473,#328);
#228=LINE('',#9475,#329);
#229=LINE('',#9487,#330);
#230=LINE('',#9488,#331);
#231=LINE('',#9490,#332);
#232=LINE('',#9491,#333);
#233=LINE('',#9497,#334);
#234=LINE('',#9519,#335);
#235=LINE('',#9530,#336);
#236=LINE('',#9551,#337);
#237=LINE('',#9567,#338);
#238=LINE('',#9588,#339);
#239=LINE('',#9600,#340);
#240=LINE('',#9620,#341);
#241=VECTOR('',#2232,1.);
#242=VECTOR('',#2233,1.);
#243=VECTOR('',#2234,1.);
#244=VECTOR('',#2235,1.);
#245=VECTOR('',#2238,1.);
#246=VECTOR('',#2241,1.);
#247=VECTOR('',#2242,1.);
#248=VECTOR('',#2243,1.);
#249=VECTOR('',#2244,1.);
#250=VECTOR('',#2245,1.);
#251=VECTOR('',#2250,1.);
#252=VECTOR('',#2251,1.);
#253=VECTOR('',#2252,1.);
#254=VECTOR('',#2253,1.);
#255=VECTOR('',#2258,1.);
#256=VECTOR('',#2265,1.);
#257=VECTOR('',#2268,1.);
#258=VECTOR('',#2269,1.);
#259=VECTOR('',#2270,1.);
#260=VECTOR('',#2271,1.);
#261=VECTOR('',#2274,1.);
#262=VECTOR('',#2279,1.);
#263=VECTOR('',#2280,1.);
#264=VECTOR('',#2285,1.);
#265=VECTOR('',#2304,1.);
#266=VECTOR('',#2305,1.);
#267=VECTOR('',#2326,1.);
#268=VECTOR('',#2327,1.);
#269=VECTOR('',#2328,1.);
#270=VECTOR('',#2331,1.);
#271=VECTOR('',#2332,1.);
#272=VECTOR('',#2333,1.);
#273=VECTOR('',#2334,1.);
#274=VECTOR('',#2335,1.);
#275=VECTOR('',#2336,1.);
#276=VECTOR('',#2339,1.);
#277=VECTOR('',#2342,1.);
#278=VECTOR('',#2343,1.);
#279=VECTOR('',#2346,1.);
#280=VECTOR('',#2349,1.);
#281=VECTOR('',#2352,1.);
#282=VECTOR('',#2355,1.);
#283=VECTOR('',#2356,1.);
#284=VECTOR('',#2359,1.);
#285=VECTOR('',#2360,1.);
#286=VECTOR('',#2361,1.);
#287=VECTOR('',#2362,1.);
#288=VECTOR('',#2367,1.);
#289=VECTOR('',#2370,1.);
#290=VECTOR('',#2371,1.);
#291=VECTOR('',#2372,1.);
#292=VECTOR('',#2375,1.);
#293=VECTOR('',#2380,1.);
#294=VECTOR('',#2389,1.);
#295=VECTOR('',#2392,1.);
#296=VECTOR('',#2393,1.);
#297=VECTOR('',#2396,1.);
#298=VECTOR('',#2399,1.);
#299=VECTOR('',#2416,1.);
#300=VECTOR('',#2417,1.);
#301=VECTOR('',#2418,1.);
#302=VECTOR('',#2419,1.);
#303=VECTOR('',#2420,1.);
#304=VECTOR('',#2425,1.);
#305=VECTOR('',#2426,1.);
#306=VECTOR('',#2429,1.);
#307=VECTOR('',#2430,1.);
#308=VECTOR('',#2435,1.);
#309=VECTOR('',#2436,1.);
#310=VECTOR('',#2439,1.);
#311=VECTOR('',#2440,1.);
#312=VECTOR('',#2443,1.);
#313=VECTOR('',#2446,1.);
#314=VECTOR('',#2449,1.);
#315=VECTOR('',#2452,1.);
#316=VECTOR('',#2455,1.);
#317=VECTOR('',#2456,1.);
#318=VECTOR('',#2459,1.);
#319=VECTOR('',#2460,1.);
#320=VECTOR('',#2465,1.);
#321=VECTOR('',#2466,1.);
#322=VECTOR('',#2475,1.);
#323=VECTOR('',#2476,1.);
#324=VECTOR('',#2477,1.);
#325=VECTOR('',#2480,1.);
#326=VECTOR('',#2481,1.);
#327=VECTOR('',#2484,1.);
#328=VECTOR('',#2485,1.);
#329=VECTOR('',#2488,1.);
#330=VECTOR('',#2493,1.);
#331=VECTOR('',#2494,1.);
#332=VECTOR('',#2497,1.);
#333=VECTOR('',#2498,1.);
#334=VECTOR('',#2509,1.);
#335=VECTOR('',#2512,1.);
#336=VECTOR('',#2515,1.);
#337=VECTOR('',#2518,1.);
#338=VECTOR('',#2521,1.);
#339=VECTOR('',#2524,1.);
#340=VECTOR('',#2527,1.);
#341=VECTOR('',#2530,1.);
#342=PLANE('',#2094);
#343=PLANE('',#2104);
#344=PLANE('',#2107);
#345=PLANE('',#2126);
#346=PLANE('',#2129);
#347=PLANE('',#2130);
#348=PLANE('',#2131);
#349=PLANE('',#2132);
#350=PLANE('',#2133);
#351=PLANE('',#2135);
#352=PLANE('',#2136);
#353=PLANE('',#2137);
#354=PLANE('',#2139);
#355=PLANE('',#2140);
#356=PLANE('',#2148);
#357=PLANE('',#2149);
#358=PLANE('',#2150);
#359=PLANE('',#2159);
#360=PLANE('',#2163);
#361=PLANE('',#2164);
#362=PLANE('',#2166);
#363=PLANE('',#2167);
#364=PLANE('',#2168);
#365=PLANE('',#2169);
#366=PLANE('',#2175);
#367=PLANE('',#2176);
#368=PLANE('',#2177);
#369=PLANE('',#2178);
#370=PLANE('',#2179);
#371=PLANE('',#2180);
#372=PLANE('',#2181);
#373=ORIENTED_EDGE('',*,*,#991,.F.);
#374=ORIENTED_EDGE('',*,*,#992,.F.);
#375=ORIENTED_EDGE('',*,*,#993,.F.);
#376=ORIENTED_EDGE('',*,*,#994,.F.);
#377=ORIENTED_EDGE('',*,*,#995,.F.);
#378=ORIENTED_EDGE('',*,*,#996,.T.);
#379=ORIENTED_EDGE('',*,*,#997,.F.);
#380=ORIENTED_EDGE('',*,*,#998,.F.);
#381=ORIENTED_EDGE('',*,*,#999,.F.);
#382=ORIENTED_EDGE('',*,*,#1000,.F.);
#383=ORIENTED_EDGE('',*,*,#1001,.F.);
#384=ORIENTED_EDGE('',*,*,#1002,.F.);
#385=ORIENTED_EDGE('',*,*,#1003,.T.);
#386=ORIENTED_EDGE('',*,*,#1004,.F.);
#387=ORIENTED_EDGE('',*,*,#1005,.F.);
#388=ORIENTED_EDGE('',*,*,#1006,.F.);
#389=ORIENTED_EDGE('',*,*,#1007,.F.);
#390=ORIENTED_EDGE('',*,*,#1008,.F.);
#391=ORIENTED_EDGE('',*,*,#1009,.T.);
#392=ORIENTED_EDGE('',*,*,#1003,.F.);
#393=ORIENTED_EDGE('',*,*,#1010,.F.);
#394=ORIENTED_EDGE('',*,*,#998,.T.);
#395=ORIENTED_EDGE('',*,*,#1011,.F.);
#396=ORIENTED_EDGE('',*,*,#1012,.T.);
#397=ORIENTED_EDGE('',*,*,#1013,.F.);
#398=ORIENTED_EDGE('',*,*,#1014,.T.);
#399=ORIENTED_EDGE('',*,*,#1015,.F.);
#400=ORIENTED_EDGE('',*,*,#1016,.T.);
#401=ORIENTED_EDGE('',*,*,#1017,.F.);
#402=ORIENTED_EDGE('',*,*,#1018,.T.);
#403=ORIENTED_EDGE('',*,*,#1019,.F.);
#404=ORIENTED_EDGE('',*,*,#1020,.T.);
#405=ORIENTED_EDGE('',*,*,#1021,.F.);
#406=ORIENTED_EDGE('',*,*,#1005,.T.);
#407=ORIENTED_EDGE('',*,*,#1022,.T.);
#408=ORIENTED_EDGE('',*,*,#1023,.F.);
#409=ORIENTED_EDGE('',*,*,#1024,.F.);
#410=ORIENTED_EDGE('',*,*,#1025,.F.);
#411=ORIENTED_EDGE('',*,*,#1026,.F.);
#412=ORIENTED_EDGE('',*,*,#1027,.F.);
#413=ORIENTED_EDGE('',*,*,#1028,.T.);
#414=ORIENTED_EDGE('',*,*,#1029,.F.);
#415=ORIENTED_EDGE('',*,*,#1018,.F.);
#416=ORIENTED_EDGE('',*,*,#1030,.F.);
#417=ORIENTED_EDGE('',*,*,#1016,.F.);
#418=ORIENTED_EDGE('',*,*,#1031,.T.);
#419=ORIENTED_EDGE('',*,*,#1032,.F.);
#420=ORIENTED_EDGE('',*,*,#1033,.T.);
#421=ORIENTED_EDGE('',*,*,#1034,.F.);
#422=ORIENTED_EDGE('',*,*,#1035,.F.);
#423=ORIENTED_EDGE('',*,*,#1036,.F.);
#424=ORIENTED_EDGE('',*,*,#1037,.F.);
#425=ORIENTED_EDGE('',*,*,#1014,.F.);
#426=ORIENTED_EDGE('',*,*,#1038,.F.);
#427=ORIENTED_EDGE('',*,*,#1012,.F.);
#428=ORIENTED_EDGE('',*,*,#1039,.F.);
#429=ORIENTED_EDGE('',*,*,#1040,.F.);
#430=ORIENTED_EDGE('',*,*,#1041,.F.);
#431=ORIENTED_EDGE('',*,*,#1020,.F.);
#432=ORIENTED_EDGE('',*,*,#1042,.F.);
#433=ORIENTED_EDGE('',*,*,#1043,.T.);
#434=ORIENTED_EDGE('',*,*,#1044,.F.);
#435=ORIENTED_EDGE('',*,*,#1045,.F.);
#436=ORIENTED_EDGE('',*,*,#1046,.F.);
#437=ORIENTED_EDGE('',*,*,#1047,.F.);
#438=ORIENTED_EDGE('',*,*,#1048,.F.);
#439=ORIENTED_EDGE('',*,*,#1049,.F.);
#440=ORIENTED_EDGE('',*,*,#1050,.F.);
#441=ORIENTED_EDGE('',*,*,#1051,.F.);
#442=ORIENTED_EDGE('',*,*,#1052,.F.);
#443=ORIENTED_EDGE('',*,*,#1037,.T.);
#444=ORIENTED_EDGE('',*,*,#1053,.F.);
#445=ORIENTED_EDGE('',*,*,#1054,.F.);
#446=ORIENTED_EDGE('',*,*,#1055,.F.);
#447=ORIENTED_EDGE('',*,*,#1056,.F.);
#448=ORIENTED_EDGE('',*,*,#1031,.F.);
#449=ORIENTED_EDGE('',*,*,#1057,.F.);
#450=ORIENTED_EDGE('',*,*,#1058,.F.);
#451=ORIENTED_EDGE('',*,*,#993,.T.);
#452=ORIENTED_EDGE('',*,*,#1059,.F.);
#453=ORIENTED_EDGE('',*,*,#1048,.T.);
#454=ORIENTED_EDGE('',*,*,#1060,.F.);
#455=ORIENTED_EDGE('',*,*,#1057,.T.);
#456=ORIENTED_EDGE('',*,*,#1015,.T.);
#457=ORIENTED_EDGE('',*,*,#1052,.T.);
#458=ORIENTED_EDGE('',*,*,#1061,.F.);
#459=ORIENTED_EDGE('',*,*,#1062,.F.);
#460=ORIENTED_EDGE('',*,*,#1063,.T.);
#461=ORIENTED_EDGE('',*,*,#1064,.T.);
#462=ORIENTED_EDGE('',*,*,#1065,.T.);
#463=ORIENTED_EDGE('',*,*,#1066,.T.);
#464=ORIENTED_EDGE('',*,*,#1067,.F.);
#465=ORIENTED_EDGE('',*,*,#1068,.F.);
#466=ORIENTED_EDGE('',*,*,#1069,.F.);
#467=ORIENTED_EDGE('',*,*,#1070,.F.);
#468=ORIENTED_EDGE('',*,*,#1071,.T.);
#469=ORIENTED_EDGE('',*,*,#1072,.T.);
#470=ORIENTED_EDGE('',*,*,#1073,.T.);
#471=ORIENTED_EDGE('',*,*,#1074,.F.);
#472=ORIENTED_EDGE('',*,*,#1069,.T.);
#473=ORIENTED_EDGE('',*,*,#1075,.F.);
#474=ORIENTED_EDGE('',*,*,#1076,.F.);
#475=ORIENTED_EDGE('',*,*,#1034,.T.);
#476=ORIENTED_EDGE('',*,*,#1077,.T.);
#477=ORIENTED_EDGE('',*,*,#1078,.T.);
#478=ORIENTED_EDGE('',*,*,#995,.T.);
#479=ORIENTED_EDGE('',*,*,#1079,.F.);
#480=ORIENTED_EDGE('',*,*,#1080,.T.);
#481=ORIENTED_EDGE('',*,*,#1081,.T.);
#482=ORIENTED_EDGE('',*,*,#1082,.F.);
#483=ORIENTED_EDGE('',*,*,#1083,.T.);
#484=ORIENTED_EDGE('',*,*,#1084,.T.);
#485=ORIENTED_EDGE('',*,*,#1085,.F.);
#486=ORIENTED_EDGE('',*,*,#1086,.F.);
#487=ORIENTED_EDGE('',*,*,#1087,.T.);
#488=ORIENTED_EDGE('',*,*,#1088,.T.);
#489=ORIENTED_EDGE('',*,*,#1087,.F.);
#490=ORIENTED_EDGE('',*,*,#1089,.T.);
#491=ORIENTED_EDGE('',*,*,#1090,.F.);
#492=ORIENTED_EDGE('',*,*,#1091,.T.);
#493=ORIENTED_EDGE('',*,*,#1081,.F.);
#494=ORIENTED_EDGE('',*,*,#1092,.F.);
#495=ORIENTED_EDGE('',*,*,#1093,.T.);
#496=ORIENTED_EDGE('',*,*,#1085,.T.);
#497=ORIENTED_EDGE('',*,*,#1094,.F.);
#498=ORIENTED_EDGE('',*,*,#1095,.F.);
#499=ORIENTED_EDGE('',*,*,#1096,.F.);
#500=ORIENTED_EDGE('',*,*,#1092,.T.);
#501=ORIENTED_EDGE('',*,*,#1097,.T.);
#502=ORIENTED_EDGE('',*,*,#1098,.T.);
#503=ORIENTED_EDGE('',*,*,#1099,.F.);
#504=ORIENTED_EDGE('',*,*,#1100,.T.);
#505=ORIENTED_EDGE('',*,*,#1095,.T.);
#506=ORIENTED_EDGE('',*,*,#1101,.F.);
#507=ORIENTED_EDGE('',*,*,#1102,.F.);
#508=ORIENTED_EDGE('',*,*,#1103,.F.);
#509=ORIENTED_EDGE('',*,*,#1102,.T.);
#510=ORIENTED_EDGE('',*,*,#1104,.T.);
#511=ORIENTED_EDGE('',*,*,#1104,.F.);
#512=ORIENTED_EDGE('',*,*,#1105,.F.);
#513=ORIENTED_EDGE('',*,*,#1106,.T.);
#514=ORIENTED_EDGE('',*,*,#1107,.F.);
#515=ORIENTED_EDGE('',*,*,#1108,.F.);
#516=ORIENTED_EDGE('',*,*,#1109,.F.);
#517=ORIENTED_EDGE('',*,*,#1110,.F.);
#518=ORIENTED_EDGE('',*,*,#1111,.T.);
#519=ORIENTED_EDGE('',*,*,#1112,.T.);
#520=ORIENTED_EDGE('',*,*,#1103,.T.);
#521=ORIENTED_EDGE('',*,*,#1113,.T.);
#522=ORIENTED_EDGE('',*,*,#1114,.F.);
#523=ORIENTED_EDGE('',*,*,#1115,.T.);
#524=ORIENTED_EDGE('',*,*,#1116,.T.);
#525=ORIENTED_EDGE('',*,*,#1117,.T.);
#526=ORIENTED_EDGE('',*,*,#1118,.T.);
#527=ORIENTED_EDGE('',*,*,#1119,.T.);
#528=ORIENTED_EDGE('',*,*,#1113,.F.);
#529=ORIENTED_EDGE('',*,*,#1120,.T.);
#530=ORIENTED_EDGE('',*,*,#1121,.T.);
#531=ORIENTED_EDGE('',*,*,#1122,.F.);
#532=ORIENTED_EDGE('',*,*,#1123,.F.);
#533=ORIENTED_EDGE('',*,*,#1120,.F.);
#534=ORIENTED_EDGE('',*,*,#1118,.F.);
#535=ORIENTED_EDGE('',*,*,#1124,.T.);
#536=ORIENTED_EDGE('',*,*,#1099,.T.);
#537=ORIENTED_EDGE('',*,*,#1093,.F.);
#538=ORIENTED_EDGE('',*,*,#1096,.T.);
#539=ORIENTED_EDGE('',*,*,#1100,.F.);
#540=ORIENTED_EDGE('',*,*,#1124,.F.);
#541=ORIENTED_EDGE('',*,*,#1117,.F.);
#542=ORIENTED_EDGE('',*,*,#1125,.T.);
#543=ORIENTED_EDGE('',*,*,#1089,.F.);
#544=ORIENTED_EDGE('',*,*,#1086,.T.);
#545=ORIENTED_EDGE('',*,*,#1125,.F.);
#546=ORIENTED_EDGE('',*,*,#1116,.F.);
#547=ORIENTED_EDGE('',*,*,#1126,.T.);
#548=ORIENTED_EDGE('',*,*,#1127,.F.);
#549=ORIENTED_EDGE('',*,*,#1128,.F.);
#550=ORIENTED_EDGE('',*,*,#1090,.T.);
#551=ORIENTED_EDGE('',*,*,#1129,.F.);
#552=ORIENTED_EDGE('',*,*,#1130,.F.);
#553=ORIENTED_EDGE('',*,*,#1126,.F.);
#554=ORIENTED_EDGE('',*,*,#1115,.F.);
#555=ORIENTED_EDGE('',*,*,#1123,.T.);
#556=ORIENTED_EDGE('',*,*,#1131,.T.);
#557=ORIENTED_EDGE('',*,*,#1132,.F.);
#558=ORIENTED_EDGE('',*,*,#1133,.F.);
#559=ORIENTED_EDGE('',*,*,#1121,.F.);
#560=ORIENTED_EDGE('',*,*,#1134,.T.);
#561=ORIENTED_EDGE('',*,*,#1135,.T.);
#562=ORIENTED_EDGE('',*,*,#1112,.F.);
#563=ORIENTED_EDGE('',*,*,#1136,.F.);
#564=ORIENTED_EDGE('',*,*,#1106,.F.);
#565=ORIENTED_EDGE('',*,*,#1137,.T.);
#566=ORIENTED_EDGE('',*,*,#1138,.T.);
#567=ORIENTED_EDGE('',*,*,#1129,.T.);
#568=ORIENTED_EDGE('',*,*,#1114,.T.);
#569=ORIENTED_EDGE('',*,*,#1119,.F.);
#570=ORIENTED_EDGE('',*,*,#1133,.T.);
#571=ORIENTED_EDGE('',*,*,#1139,.T.);
#572=ORIENTED_EDGE('',*,*,#1135,.F.);
#573=ORIENTED_EDGE('',*,*,#1140,.T.);
#574=ORIENTED_EDGE('',*,*,#1141,.T.);
#575=ORIENTED_EDGE('',*,*,#1131,.F.);
#576=ORIENTED_EDGE('',*,*,#1122,.T.);
#577=ORIENTED_EDGE('',*,*,#1098,.F.);
#578=ORIENTED_EDGE('',*,*,#1142,.T.);
#579=ORIENTED_EDGE('',*,*,#1094,.T.);
#580=ORIENTED_EDGE('',*,*,#1143,.F.);
#581=ORIENTED_EDGE('',*,*,#1144,.F.);
#582=ORIENTED_EDGE('',*,*,#1145,.F.);
#583=ORIENTED_EDGE('',*,*,#1132,.T.);
#584=ORIENTED_EDGE('',*,*,#1141,.F.);
#585=ORIENTED_EDGE('',*,*,#1146,.F.);
#586=ORIENTED_EDGE('',*,*,#1147,.F.);
#587=ORIENTED_EDGE('',*,*,#1140,.F.);
#588=ORIENTED_EDGE('',*,*,#1101,.T.);
#589=ORIENTED_EDGE('',*,*,#1097,.F.);
#590=ORIENTED_EDGE('',*,*,#1142,.F.);
#591=ORIENTED_EDGE('',*,*,#1148,.T.);
#592=ORIENTED_EDGE('',*,*,#1149,.F.);
#593=ORIENTED_EDGE('',*,*,#1150,.T.);
#594=ORIENTED_EDGE('',*,*,#1151,.F.);
#595=ORIENTED_EDGE('',*,*,#1152,.F.);
#596=ORIENTED_EDGE('',*,*,#1071,.F.);
#597=ORIENTED_EDGE('',*,*,#1153,.T.);
#598=ORIENTED_EDGE('',*,*,#1146,.T.);
#599=ORIENTED_EDGE('',*,*,#1154,.F.);
#600=ORIENTED_EDGE('',*,*,#1155,.T.);
#601=ORIENTED_EDGE('',*,*,#1156,.T.);
#602=ORIENTED_EDGE('',*,*,#1110,.T.);
#603=ORIENTED_EDGE('',*,*,#1139,.F.);
#604=ORIENTED_EDGE('',*,*,#1145,.T.);
#605=ORIENTED_EDGE('',*,*,#1157,.T.);
#606=ORIENTED_EDGE('',*,*,#1143,.T.);
#607=ORIENTED_EDGE('',*,*,#1084,.F.);
#608=ORIENTED_EDGE('',*,*,#1158,.T.);
#609=ORIENTED_EDGE('',*,*,#1159,.F.);
#610=ORIENTED_EDGE('',*,*,#1160,.T.);
#611=ORIENTED_EDGE('',*,*,#1108,.T.);
#612=ORIENTED_EDGE('',*,*,#1161,.T.);
#613=ORIENTED_EDGE('',*,*,#1162,.T.);
#614=ORIENTED_EDGE('',*,*,#1163,.T.);
#615=ORIENTED_EDGE('',*,*,#1164,.T.);
#616=ORIENTED_EDGE('',*,*,#1163,.F.);
#617=ORIENTED_EDGE('',*,*,#1165,.T.);
#618=ORIENTED_EDGE('',*,*,#1074,.T.);
#619=ORIENTED_EDGE('',*,*,#1153,.F.);
#620=ORIENTED_EDGE('',*,*,#1166,.T.);
#621=ORIENTED_EDGE('',*,*,#1154,.T.);
#622=ORIENTED_EDGE('',*,*,#1147,.T.);
#623=ORIENTED_EDGE('',*,*,#1070,.T.);
#624=ORIENTED_EDGE('',*,*,#1165,.F.);
#625=ORIENTED_EDGE('',*,*,#1167,.F.);
#626=ORIENTED_EDGE('',*,*,#1166,.F.);
#627=ORIENTED_EDGE('',*,*,#1168,.T.);
#628=ORIENTED_EDGE('',*,*,#1169,.T.);
#629=ORIENTED_EDGE('',*,*,#1127,.T.);
#630=ORIENTED_EDGE('',*,*,#1130,.T.);
#631=ORIENTED_EDGE('',*,*,#1138,.F.);
#632=ORIENTED_EDGE('',*,*,#1170,.T.);
#633=ORIENTED_EDGE('',*,*,#1082,.T.);
#634=ORIENTED_EDGE('',*,*,#1091,.F.);
#635=ORIENTED_EDGE('',*,*,#1128,.T.);
#636=ORIENTED_EDGE('',*,*,#1169,.F.);
#637=ORIENTED_EDGE('',*,*,#1156,.F.);
#638=ORIENTED_EDGE('',*,*,#1171,.T.);
#639=ORIENTED_EDGE('',*,*,#1161,.F.);
#640=ORIENTED_EDGE('',*,*,#1107,.T.);
#641=ORIENTED_EDGE('',*,*,#1136,.T.);
#642=ORIENTED_EDGE('',*,*,#1111,.F.);
#643=ORIENTED_EDGE('',*,*,#1105,.T.);
#644=ORIENTED_EDGE('',*,*,#1167,.T.);
#645=ORIENTED_EDGE('',*,*,#1162,.F.);
#646=ORIENTED_EDGE('',*,*,#1171,.F.);
#647=ORIENTED_EDGE('',*,*,#1155,.F.);
#648=ORIENTED_EDGE('',*,*,#1172,.T.);
#649=ORIENTED_EDGE('',*,*,#1173,.T.);
#650=ORIENTED_EDGE('',*,*,#1174,.T.);
#651=ORIENTED_EDGE('',*,*,#1175,.T.);
#652=ORIENTED_EDGE('',*,*,#1050,.T.);
#653=ORIENTED_EDGE('',*,*,#1176,.F.);
#654=ORIENTED_EDGE('',*,*,#1177,.T.);
#655=ORIENTED_EDGE('',*,*,#1178,.F.);
#656=ORIENTED_EDGE('',*,*,#1053,.T.);
#657=ORIENTED_EDGE('',*,*,#1036,.T.);
#658=ORIENTED_EDGE('',*,*,#1179,.F.);
#659=ORIENTED_EDGE('',*,*,#1180,.T.);
#660=ORIENTED_EDGE('',*,*,#1181,.F.);
#661=ORIENTED_EDGE('',*,*,#1040,.T.);
#662=ORIENTED_EDGE('',*,*,#1182,.F.);
#663=ORIENTED_EDGE('',*,*,#1183,.T.);
#664=ORIENTED_EDGE('',*,*,#1184,.F.);
#665=ORIENTED_EDGE('',*,*,#1046,.T.);
#666=ORIENTED_EDGE('',*,*,#1185,.T.);
#667=ORIENTED_EDGE('',*,*,#1186,.F.);
#668=ORIENTED_EDGE('',*,*,#1187,.T.);
#669=ORIENTED_EDGE('',*,*,#1188,.T.);
#670=ORIENTED_EDGE('',*,*,#1189,.F.);
#671=ORIENTED_EDGE('',*,*,#1158,.F.);
#672=ORIENTED_EDGE('',*,*,#1083,.F.);
#673=ORIENTED_EDGE('',*,*,#1088,.F.);
#674=ORIENTED_EDGE('',*,*,#1080,.F.);
#675=ORIENTED_EDGE('',*,*,#1170,.F.);
#676=ORIENTED_EDGE('',*,*,#1168,.F.);
#677=ORIENTED_EDGE('',*,*,#1137,.F.);
#678=ORIENTED_EDGE('',*,*,#1134,.F.);
#679=ORIENTED_EDGE('',*,*,#1109,.T.);
#680=ORIENTED_EDGE('',*,*,#1160,.F.);
#681=ORIENTED_EDGE('',*,*,#1164,.F.);
#682=ORIENTED_EDGE('',*,*,#1073,.F.);
#683=ORIENTED_EDGE('',*,*,#1190,.F.);
#684=ORIENTED_EDGE('',*,*,#1007,.T.);
#685=ORIENTED_EDGE('',*,*,#1191,.F.);
#686=ORIENTED_EDGE('',*,*,#1192,.T.);
#687=ORIENTED_EDGE('',*,*,#1193,.F.);
#688=ORIENTED_EDGE('',*,*,#1194,.F.);
#689=ORIENTED_EDGE('',*,*,#1186,.T.);
#690=ORIENTED_EDGE('',*,*,#1195,.T.);
#691=ORIENTED_EDGE('',*,*,#1196,.T.);
#692=ORIENTED_EDGE('',*,*,#1197,.T.);
#693=ORIENTED_EDGE('',*,*,#1198,.F.);
#694=ORIENTED_EDGE('',*,*,#1199,.F.);
#695=ORIENTED_EDGE('',*,*,#1200,.T.);
#696=ORIENTED_EDGE('',*,*,#1019,.T.);
#697=ORIENTED_EDGE('',*,*,#1201,.T.);
#698=ORIENTED_EDGE('',*,*,#1202,.T.);
#699=ORIENTED_EDGE('',*,*,#1196,.F.);
#700=ORIENTED_EDGE('',*,*,#1203,.T.);
#701=ORIENTED_EDGE('',*,*,#1204,.T.);
#702=ORIENTED_EDGE('',*,*,#1205,.F.);
#703=ORIENTED_EDGE('',*,*,#1197,.F.);
#704=ORIENTED_EDGE('',*,*,#1202,.F.);
#705=ORIENTED_EDGE('',*,*,#1206,.T.);
#706=ORIENTED_EDGE('',*,*,#1028,.F.);
#707=ORIENTED_EDGE('',*,*,#1207,.F.);
#708=ORIENTED_EDGE('',*,*,#1195,.F.);
#709=ORIENTED_EDGE('',*,*,#1185,.F.);
#710=ORIENTED_EDGE('',*,*,#1045,.T.);
#711=ORIENTED_EDGE('',*,*,#1208,.F.);
#712=ORIENTED_EDGE('',*,*,#1203,.F.);
#713=ORIENTED_EDGE('',*,*,#1204,.F.);
#714=ORIENTED_EDGE('',*,*,#1208,.T.);
#715=ORIENTED_EDGE('',*,*,#1044,.T.);
#716=ORIENTED_EDGE('',*,*,#1209,.F.);
#717=ORIENTED_EDGE('',*,*,#1206,.F.);
#718=ORIENTED_EDGE('',*,*,#1201,.F.);
#719=ORIENTED_EDGE('',*,*,#1029,.T.);
#720=ORIENTED_EDGE('',*,*,#1198,.T.);
#721=ORIENTED_EDGE('',*,*,#1205,.T.);
#722=ORIENTED_EDGE('',*,*,#1210,.T.);
#723=ORIENTED_EDGE('',*,*,#1211,.T.);
#724=ORIENTED_EDGE('',*,*,#1065,.F.);
#725=ORIENTED_EDGE('',*,*,#1212,.F.);
#726=ORIENTED_EDGE('',*,*,#1187,.F.);
#727=ORIENTED_EDGE('',*,*,#1194,.T.);
#728=ORIENTED_EDGE('',*,*,#1212,.T.);
#729=ORIENTED_EDGE('',*,*,#1064,.F.);
#730=ORIENTED_EDGE('',*,*,#1213,.T.);
#731=ORIENTED_EDGE('',*,*,#1214,.F.);
#732=ORIENTED_EDGE('',*,*,#1210,.F.);
#733=ORIENTED_EDGE('',*,*,#1207,.T.);
#734=ORIENTED_EDGE('',*,*,#1027,.T.);
#735=ORIENTED_EDGE('',*,*,#1215,.T.);
#736=ORIENTED_EDGE('',*,*,#1216,.F.);
#737=ORIENTED_EDGE('',*,*,#1217,.F.);
#738=ORIENTED_EDGE('',*,*,#1199,.T.);
#739=ORIENTED_EDGE('',*,*,#1209,.T.);
#740=ORIENTED_EDGE('',*,*,#1043,.F.);
#741=ORIENTED_EDGE('',*,*,#1066,.F.);
#742=ORIENTED_EDGE('',*,*,#1211,.F.);
#743=ORIENTED_EDGE('',*,*,#1216,.T.);
#744=ORIENTED_EDGE('',*,*,#1218,.F.);
#745=ORIENTED_EDGE('',*,*,#1219,.T.);
#746=ORIENTED_EDGE('',*,*,#1213,.F.);
#747=ORIENTED_EDGE('',*,*,#1063,.F.);
#748=ORIENTED_EDGE('',*,*,#1220,.T.);
#749=ORIENTED_EDGE('',*,*,#1001,.T.);
#750=ORIENTED_EDGE('',*,*,#1221,.F.);
#751=ORIENTED_EDGE('',*,*,#1222,.F.);
#752=ORIENTED_EDGE('',*,*,#1055,.T.);
#753=ORIENTED_EDGE('',*,*,#1223,.F.);
#754=ORIENTED_EDGE('',*,*,#991,.T.);
#755=ORIENTED_EDGE('',*,*,#1224,.F.);
#756=ORIENTED_EDGE('',*,*,#1024,.T.);
#757=ORIENTED_EDGE('',*,*,#1225,.F.);
#758=ORIENTED_EDGE('',*,*,#1150,.F.);
#759=ORIENTED_EDGE('',*,*,#1226,.F.);
#760=ORIENTED_EDGE('',*,*,#1067,.T.);
#761=ORIENTED_EDGE('',*,*,#1218,.T.);
#762=ORIENTED_EDGE('',*,*,#1215,.F.);
#763=ORIENTED_EDGE('',*,*,#1026,.T.);
#764=ORIENTED_EDGE('',*,*,#1227,.F.);
#765=ORIENTED_EDGE('',*,*,#1188,.F.);
#766=ORIENTED_EDGE('',*,*,#1214,.T.);
#767=ORIENTED_EDGE('',*,*,#1219,.F.);
#768=ORIENTED_EDGE('',*,*,#1228,.F.);
#769=ORIENTED_EDGE('',*,*,#1229,.F.);
#770=ORIENTED_EDGE('',*,*,#1200,.F.);
#771=ORIENTED_EDGE('',*,*,#1217,.T.);
#772=ORIENTED_EDGE('',*,*,#1042,.T.);
#773=ORIENTED_EDGE('',*,*,#1032,.T.);
#774=ORIENTED_EDGE('',*,*,#1056,.T.);
#775=ORIENTED_EDGE('',*,*,#1222,.T.);
#776=ORIENTED_EDGE('',*,*,#1230,.T.);
#777=ORIENTED_EDGE('',*,*,#1231,.F.);
#778=ORIENTED_EDGE('',*,*,#1232,.F.);
#779=ORIENTED_EDGE('',*,*,#1232,.T.);
#780=ORIENTED_EDGE('',*,*,#1233,.T.);
#781=ORIENTED_EDGE('',*,*,#1234,.F.);
#782=ORIENTED_EDGE('',*,*,#1077,.F.);
#783=ORIENTED_EDGE('',*,*,#1033,.F.);
#784=ORIENTED_EDGE('',*,*,#1235,.T.);
#785=ORIENTED_EDGE('',*,*,#1236,.F.);
#786=ORIENTED_EDGE('',*,*,#1233,.F.);
#787=ORIENTED_EDGE('',*,*,#1231,.T.);
#788=ORIENTED_EDGE('',*,*,#1237,.T.);
#789=ORIENTED_EDGE('',*,*,#1235,.F.);
#790=ORIENTED_EDGE('',*,*,#1230,.F.);
#791=ORIENTED_EDGE('',*,*,#1221,.T.);
#792=ORIENTED_EDGE('',*,*,#1000,.T.);
#793=ORIENTED_EDGE('',*,*,#1238,.F.);
#794=ORIENTED_EDGE('',*,*,#996,.F.);
#795=ORIENTED_EDGE('',*,*,#1078,.F.);
#796=ORIENTED_EDGE('',*,*,#1234,.T.);
#797=ORIENTED_EDGE('',*,*,#1236,.T.);
#798=ORIENTED_EDGE('',*,*,#1237,.F.);
#799=ORIENTED_EDGE('',*,*,#1239,.F.);
#800=ORIENTED_EDGE('',*,*,#1148,.F.);
#801=ORIENTED_EDGE('',*,*,#1144,.T.);
#802=ORIENTED_EDGE('',*,*,#1157,.F.);
#803=ORIENTED_EDGE('',*,*,#1240,.F.);
#804=ORIENTED_EDGE('',*,*,#1228,.T.);
#805=ORIENTED_EDGE('',*,*,#1220,.F.);
#806=ORIENTED_EDGE('',*,*,#1062,.T.);
#807=ORIENTED_EDGE('',*,*,#1241,.F.);
#808=ORIENTED_EDGE('',*,*,#1022,.F.);
#809=ORIENTED_EDGE('',*,*,#1004,.T.);
#810=ORIENTED_EDGE('',*,*,#1009,.F.);
#811=ORIENTED_EDGE('',*,*,#1242,.F.);
#812=ORIENTED_EDGE('',*,*,#1075,.T.);
#813=ORIENTED_EDGE('',*,*,#1072,.F.);
#814=ORIENTED_EDGE('',*,*,#1152,.T.);
#815=ORIENTED_EDGE('',*,*,#1243,.F.);
#816=ORIENTED_EDGE('',*,*,#1159,.T.);
#817=ORIENTED_EDGE('',*,*,#1189,.T.);
#818=ORIENTED_EDGE('',*,*,#1229,.T.);
#819=ORIENTED_EDGE('',*,*,#1240,.T.);
#820=ORIENTED_EDGE('',*,*,#1076,.T.);
#821=ORIENTED_EDGE('',*,*,#1242,.T.);
#822=ORIENTED_EDGE('',*,*,#1008,.T.);
#823=ORIENTED_EDGE('',*,*,#1190,.T.);
#824=ORIENTED_EDGE('',*,*,#1023,.T.);
#825=ORIENTED_EDGE('',*,*,#1243,.T.);
#826=ORIENTED_EDGE('',*,*,#1151,.T.);
#827=ORIENTED_EDGE('',*,*,#1225,.T.);
#828=ORIENTED_EDGE('',*,*,#1068,.T.);
#829=ORIENTED_EDGE('',*,*,#1226,.T.);
#830=ORIENTED_EDGE('',*,*,#1149,.T.);
#831=ORIENTED_EDGE('',*,*,#1241,.T.);
#832=ORIENTED_EDGE('',*,*,#1244,.F.);
#833=ORIENTED_EDGE('',*,*,#1245,.F.);
#834=ORIENTED_EDGE('',*,*,#1246,.F.);
#835=ORIENTED_EDGE('',*,*,#1247,.F.);
#836=ORIENTED_EDGE('',*,*,#1248,.F.);
#837=ORIENTED_EDGE('',*,*,#1249,.F.);
#838=ORIENTED_EDGE('',*,*,#1177,.F.);
#839=ORIENTED_EDGE('',*,*,#1250,.F.);
#840=ORIENTED_EDGE('',*,*,#1251,.F.);
#841=ORIENTED_EDGE('',*,*,#1252,.F.);
#842=ORIENTED_EDGE('',*,*,#1253,.F.);
#843=ORIENTED_EDGE('',*,*,#1254,.F.);
#844=ORIENTED_EDGE('',*,*,#1255,.F.);
#845=ORIENTED_EDGE('',*,*,#1256,.F.);
#846=ORIENTED_EDGE('',*,*,#1192,.F.);
#847=ORIENTED_EDGE('',*,*,#1257,.F.);
#848=ORIENTED_EDGE('',*,*,#1183,.F.);
#849=ORIENTED_EDGE('',*,*,#1258,.F.);
#850=ORIENTED_EDGE('',*,*,#1259,.F.);
#851=ORIENTED_EDGE('',*,*,#1260,.F.);
#852=ORIENTED_EDGE('',*,*,#1261,.F.);
#853=ORIENTED_EDGE('',*,*,#1262,.F.);
#854=ORIENTED_EDGE('',*,*,#1263,.F.);
#855=ORIENTED_EDGE('',*,*,#1264,.F.);
#856=ORIENTED_EDGE('',*,*,#1180,.F.);
#857=ORIENTED_EDGE('',*,*,#1265,.F.);
#858=ORIENTED_EDGE('',*,*,#1266,.F.);
#859=ORIENTED_EDGE('',*,*,#1267,.F.);
#860=ORIENTED_EDGE('',*,*,#1268,.F.);
#861=ORIENTED_EDGE('',*,*,#1269,.F.);
#862=ORIENTED_EDGE('',*,*,#1270,.F.);
#863=ORIENTED_EDGE('',*,*,#1271,.F.);
#864=ORIENTED_EDGE('',*,*,#1179,.T.);
#865=ORIENTED_EDGE('',*,*,#1038,.T.);
#866=ORIENTED_EDGE('',*,*,#1272,.T.);
#867=ORIENTED_EDGE('',*,*,#1265,.T.);
#868=ORIENTED_EDGE('',*,*,#1272,.F.);
#869=ORIENTED_EDGE('',*,*,#1017,.T.);
#870=ORIENTED_EDGE('',*,*,#1273,.T.);
#871=ORIENTED_EDGE('',*,*,#1266,.T.);
#872=ORIENTED_EDGE('',*,*,#1273,.F.);
#873=ORIENTED_EDGE('',*,*,#1035,.T.);
#874=ORIENTED_EDGE('',*,*,#1274,.T.);
#875=ORIENTED_EDGE('',*,*,#1267,.T.);
#876=ORIENTED_EDGE('',*,*,#1274,.F.);
#877=ORIENTED_EDGE('',*,*,#1079,.T.);
#878=ORIENTED_EDGE('',*,*,#1275,.T.);
#879=ORIENTED_EDGE('',*,*,#1268,.T.);
#880=ORIENTED_EDGE('',*,*,#1275,.F.);
#881=ORIENTED_EDGE('',*,*,#999,.T.);
#882=ORIENTED_EDGE('',*,*,#1276,.T.);
#883=ORIENTED_EDGE('',*,*,#1269,.T.);
#884=ORIENTED_EDGE('',*,*,#1276,.F.);
#885=ORIENTED_EDGE('',*,*,#1013,.T.);
#886=ORIENTED_EDGE('',*,*,#1277,.T.);
#887=ORIENTED_EDGE('',*,*,#1270,.T.);
#888=ORIENTED_EDGE('',*,*,#1181,.T.);
#889=ORIENTED_EDGE('',*,*,#1271,.T.);
#890=ORIENTED_EDGE('',*,*,#1277,.F.);
#891=ORIENTED_EDGE('',*,*,#1041,.T.);
#892=ORIENTED_EDGE('',*,*,#1182,.T.);
#893=ORIENTED_EDGE('',*,*,#1039,.T.);
#894=ORIENTED_EDGE('',*,*,#1278,.T.);
#895=ORIENTED_EDGE('',*,*,#1258,.T.);
#896=ORIENTED_EDGE('',*,*,#1278,.F.);
#897=ORIENTED_EDGE('',*,*,#1011,.T.);
#898=ORIENTED_EDGE('',*,*,#1279,.T.);
#899=ORIENTED_EDGE('',*,*,#1259,.T.);
#900=ORIENTED_EDGE('',*,*,#1279,.F.);
#901=ORIENTED_EDGE('',*,*,#997,.T.);
#902=ORIENTED_EDGE('',*,*,#1239,.T.);
#903=ORIENTED_EDGE('',*,*,#1238,.T.);
#904=ORIENTED_EDGE('',*,*,#1002,.T.);
#905=ORIENTED_EDGE('',*,*,#1280,.T.);
#906=ORIENTED_EDGE('',*,*,#1260,.T.);
#907=ORIENTED_EDGE('',*,*,#1280,.F.);
#908=ORIENTED_EDGE('',*,*,#1227,.T.);
#909=ORIENTED_EDGE('',*,*,#1281,.T.);
#910=ORIENTED_EDGE('',*,*,#1261,.T.);
#911=ORIENTED_EDGE('',*,*,#1281,.F.);
#912=ORIENTED_EDGE('',*,*,#1030,.T.);
#913=ORIENTED_EDGE('',*,*,#1282,.T.);
#914=ORIENTED_EDGE('',*,*,#1262,.T.);
#915=ORIENTED_EDGE('',*,*,#1282,.F.);
#916=ORIENTED_EDGE('',*,*,#1021,.T.);
#917=ORIENTED_EDGE('',*,*,#1283,.T.);
#918=ORIENTED_EDGE('',*,*,#1263,.T.);
#919=ORIENTED_EDGE('',*,*,#1184,.T.);
#920=ORIENTED_EDGE('',*,*,#1264,.T.);
#921=ORIENTED_EDGE('',*,*,#1283,.F.);
#922=ORIENTED_EDGE('',*,*,#1047,.T.);
#923=ORIENTED_EDGE('',*,*,#1193,.T.);
#924=ORIENTED_EDGE('',*,*,#1256,.T.);
#925=ORIENTED_EDGE('',*,*,#1284,.T.);
#926=ORIENTED_EDGE('',*,*,#1051,.T.);
#927=ORIENTED_EDGE('',*,*,#1284,.F.);
#928=ORIENTED_EDGE('',*,*,#1255,.T.);
#929=ORIENTED_EDGE('',*,*,#1285,.T.);
#930=ORIENTED_EDGE('',*,*,#1060,.T.);
#931=ORIENTED_EDGE('',*,*,#1285,.F.);
#932=ORIENTED_EDGE('',*,*,#1254,.T.);
#933=ORIENTED_EDGE('',*,*,#1286,.T.);
#934=ORIENTED_EDGE('',*,*,#994,.T.);
#935=ORIENTED_EDGE('',*,*,#1286,.F.);
#936=ORIENTED_EDGE('',*,*,#1253,.T.);
#937=ORIENTED_EDGE('',*,*,#1287,.T.);
#938=ORIENTED_EDGE('',*,*,#1224,.T.);
#939=ORIENTED_EDGE('',*,*,#1287,.F.);
#940=ORIENTED_EDGE('',*,*,#1252,.T.);
#941=ORIENTED_EDGE('',*,*,#1288,.T.);
#942=ORIENTED_EDGE('',*,*,#1025,.T.);
#943=ORIENTED_EDGE('',*,*,#1288,.F.);
#944=ORIENTED_EDGE('',*,*,#1251,.T.);
#945=ORIENTED_EDGE('',*,*,#1289,.T.);
#946=ORIENTED_EDGE('',*,*,#1006,.T.);
#947=ORIENTED_EDGE('',*,*,#1289,.F.);
#948=ORIENTED_EDGE('',*,*,#1257,.T.);
#949=ORIENTED_EDGE('',*,*,#1191,.T.);
#950=ORIENTED_EDGE('',*,*,#1010,.T.);
#951=ORIENTED_EDGE('',*,*,#1178,.T.);
#952=ORIENTED_EDGE('',*,*,#1249,.T.);
#953=ORIENTED_EDGE('',*,*,#1290,.T.);
#954=ORIENTED_EDGE('',*,*,#1054,.T.);
#955=ORIENTED_EDGE('',*,*,#1290,.F.);
#956=ORIENTED_EDGE('',*,*,#1248,.T.);
#957=ORIENTED_EDGE('',*,*,#1291,.T.);
#958=ORIENTED_EDGE('',*,*,#1061,.T.);
#959=ORIENTED_EDGE('',*,*,#1058,.T.);
#960=ORIENTED_EDGE('',*,*,#1291,.F.);
#961=ORIENTED_EDGE('',*,*,#1247,.T.);
#962=ORIENTED_EDGE('',*,*,#1292,.T.);
#963=ORIENTED_EDGE('',*,*,#1292,.F.);
#964=ORIENTED_EDGE('',*,*,#1246,.T.);
#965=ORIENTED_EDGE('',*,*,#1293,.T.);
#966=ORIENTED_EDGE('',*,*,#1223,.T.);
#967=ORIENTED_EDGE('',*,*,#1293,.F.);
#968=ORIENTED_EDGE('',*,*,#1245,.T.);
#969=ORIENTED_EDGE('',*,*,#1294,.T.);
#970=ORIENTED_EDGE('',*,*,#992,.T.);
#971=ORIENTED_EDGE('',*,*,#1294,.F.);
#972=ORIENTED_EDGE('',*,*,#1244,.T.);
#973=ORIENTED_EDGE('',*,*,#1295,.T.);
#974=ORIENTED_EDGE('',*,*,#1059,.T.);
#975=ORIENTED_EDGE('',*,*,#1295,.F.);
#976=ORIENTED_EDGE('',*,*,#1250,.T.);
#977=ORIENTED_EDGE('',*,*,#1176,.T.);
#978=ORIENTED_EDGE('',*,*,#1049,.T.);
#979=ORIENTED_EDGE('',*,*,#1296,.F.);
#980=ORIENTED_EDGE('',*,*,#1175,.F.);
#981=ORIENTED_EDGE('',*,*,#1296,.T.);
#982=ORIENTED_EDGE('',*,*,#1297,.F.);
#983=ORIENTED_EDGE('',*,*,#1174,.F.);
#984=ORIENTED_EDGE('',*,*,#1297,.T.);
#985=ORIENTED_EDGE('',*,*,#1298,.F.);
#986=ORIENTED_EDGE('',*,*,#1173,.F.);
#987=ORIENTED_EDGE('',*,*,#1298,.T.);
#988=ORIENTED_EDGE('',*,*,#1299,.F.);
#989=ORIENTED_EDGE('',*,*,#1172,.F.);
#990=ORIENTED_EDGE('',*,*,#1299,.T.);
#991=EDGE_CURVE('',#1300,#1301,#1502,.T.);
#992=EDGE_CURVE('',#1302,#1300,#1503,.T.);
#993=EDGE_CURVE('',#1303,#1302,#1504,.F.);
#994=EDGE_CURVE('',#1301,#1303,#1505,.T.);
#995=EDGE_CURVE('',#1304,#1305,#1506,.T.);
#996=EDGE_CURVE('',#1304,#1306,#1507,.T.);
#997=EDGE_CURVE('',#1307,#1306,#1508,.T.);
#998=EDGE_CURVE('',#1308,#1307,#1509,.F.);
#999=EDGE_CURVE('',#1305,#1308,#1510,.T.);
#1000=EDGE_CURVE('',#1309,#1310,#1511,.T.);
#1001=EDGE_CURVE('',#1311,#1309,#1512,.T.);
#1002=EDGE_CURVE('',#1310,#1311,#1513,.T.);
#1003=EDGE_CURVE('',#1312,#1313,#140,.F.);
#1004=EDGE_CURVE('',#1314,#1313,#141,.T.);
#1005=EDGE_CURVE('',#1315,#1314,#142,.F.);
#1006=EDGE_CURVE('',#1312,#1315,#143,.F.);
#1007=EDGE_CURVE('',#1316,#1317,#144,.F.);
#1008=EDGE_CURVE('',#1318,#1316,#1514,.T.);
#1009=EDGE_CURVE('',#1318,#1313,#53,.F.);
#1010=EDGE_CURVE('',#1317,#1312,#1515,.T.);
#1011=EDGE_CURVE('',#1319,#1307,#145,.F.);
#1012=EDGE_CURVE('',#1319,#1320,#1516,.T.);
#1013=EDGE_CURVE('',#1308,#1320,#146,.T.);
#1014=EDGE_CURVE('',#1321,#1322,#1517,.T.);
#1015=EDGE_CURVE('',#1323,#1322,#147,.T.);
#1016=EDGE_CURVE('',#1323,#1324,#1518,.T.);
#1017=EDGE_CURVE('',#1321,#1324,#148,.F.);
#1018=EDGE_CURVE('',#1325,#1326,#1519,.T.);
#1019=EDGE_CURVE('',#1327,#1326,#1520,.T.);
#1020=EDGE_CURVE('',#1327,#1328,#1521,.T.);
#1021=EDGE_CURVE('',#1325,#1328,#149,.T.);
#1022=EDGE_CURVE('',#1314,#1329,#54,.F.);
#1023=EDGE_CURVE('',#1330,#1329,#1522,.F.);
#1024=EDGE_CURVE('',#1331,#1330,#150,.F.);
#1025=EDGE_CURVE('',#1315,#1331,#1523,.T.);
#1026=EDGE_CURVE('',#1332,#1333,#1524,.T.);
#1027=EDGE_CURVE('',#1334,#1332,#1525,.T.);
#1028=EDGE_CURVE('',#1334,#1335,#1526,.T.);
#1029=EDGE_CURVE('',#1326,#1335,#1527,.F.);
#1030=EDGE_CURVE('',#1333,#1325,#1528,.T.);
#1031=EDGE_CURVE('',#1323,#1336,#1529,.T.);
#1032=EDGE_CURVE('',#1337,#1336,#1530,.T.);
#1033=EDGE_CURVE('',#1337,#1338,#1531,.T.);
#1034=EDGE_CURVE('',#1339,#1338,#1532,.T.);
#1035=EDGE_CURVE('',#1324,#1339,#1533,.T.);
#1036=EDGE_CURVE('',#1340,#1341,#1534,.T.);
#1037=EDGE_CURVE('',#1322,#1340,#1535,.T.);
#1038=EDGE_CURVE('',#1341,#1321,#1536,.T.);
#1039=EDGE_CURVE('',#1342,#1319,#1537,.T.);
#1040=EDGE_CURVE('',#1343,#1342,#1538,.T.);
#1041=EDGE_CURVE('',#1320,#1343,#1539,.T.);
#1042=EDGE_CURVE('',#1344,#1327,#1540,.F.);
#1043=EDGE_CURVE('',#1344,#1345,#1541,.T.);
#1044=EDGE_CURVE('',#1346,#1345,#1542,.T.);
#1045=EDGE_CURVE('',#1347,#1346,#1543,.T.);
#1046=EDGE_CURVE('',#1348,#1347,#1544,.T.);
#1047=EDGE_CURVE('',#1328,#1348,#1545,.T.);
#1048=EDGE_CURVE('',#1349,#1350,#1546,.F.);
#1049=EDGE_CURVE('',#1351,#1349,#1547,.T.);
#1050=EDGE_CURVE('',#1352,#1351,#1548,.T.);
#1051=EDGE_CURVE('',#1350,#1352,#1549,.T.);
#1052=EDGE_CURVE('',#1322,#1353,#1550,.F.);
#1053=EDGE_CURVE('',#1354,#1340,#1551,.T.);
#1054=EDGE_CURVE('',#1353,#1354,#1552,.T.);
#1055=EDGE_CURVE('',#1355,#1356,#1553,.T.);
#1056=EDGE_CURVE('',#1336,#1355,#1554,.T.);
#1057=EDGE_CURVE('',#1357,#1323,#1555,.F.);
#1058=EDGE_CURVE('',#1356,#1357,#1556,.T.);
#1059=EDGE_CURVE('',#1349,#1302,#151,.T.);
#1060=EDGE_CURVE('',#1303,#1350,#152,.F.);
#1061=EDGE_CURVE('',#1357,#1353,#153,.F.);
#1062=EDGE_CURVE('',#1358,#1359,#55,.F.);
#1063=EDGE_CURVE('',#1358,#1360,#154,.F.);
#1064=EDGE_CURVE('',#1360,#1361,#56,.T.);
#1065=EDGE_CURVE('',#1361,#1362,#47,.T.);
#1066=EDGE_CURVE('',#1362,#1363,#57,.F.);
#1067=EDGE_CURVE('',#1364,#1363,#155,.F.);
#1068=EDGE_CURVE('',#1359,#1364,#1557,.T.);
#1069=EDGE_CURVE('',#1365,#1366,#156,.T.);
#1070=EDGE_CURVE('',#1367,#1365,#157,.T.);
#1071=EDGE_CURVE('',#1367,#1368,#158,.T.);
#1072=EDGE_CURVE('',#1368,#1366,#159,.T.);
#1073=EDGE_CURVE('',#1369,#1370,#160,.F.);
#1074=EDGE_CURVE('',#1365,#1370,#1558,.T.);
#1075=EDGE_CURVE('',#1371,#1366,#58,.F.);
#1076=EDGE_CURVE('',#1369,#1371,#1559,.T.);
#1077=EDGE_CURVE('',#1338,#1372,#161,.T.);
#1078=EDGE_CURVE('',#1372,#1304,#162,.T.);
#1079=EDGE_CURVE('',#1339,#1305,#59,.T.);
#1080=EDGE_CURVE('',#1373,#1374,#163,.F.);
#1081=EDGE_CURVE('',#1374,#1375,#1560,.F.);
#1082=EDGE_CURVE('',#1373,#1375,#60,.T.);
#1083=EDGE_CURVE('',#1376,#1377,#1561,.T.);
#1084=EDGE_CURVE('',#1377,#1378,#61,.T.);
#1085=EDGE_CURVE('',#1379,#1378,#62,.T.);
#1086=EDGE_CURVE('',#1380,#1379,#63,.T.);
#1087=EDGE_CURVE('',#1380,#1376,#1562,.F.);
#1088=EDGE_CURVE('',#1374,#1376,#1563,.T.);
#1089=EDGE_CURVE('',#1380,#1381,#64,.T.);
#1090=EDGE_CURVE('',#1382,#1381,#48,.T.);
#1091=EDGE_CURVE('',#1382,#1375,#1564,.T.);
#1092=EDGE_CURVE('',#1383,#1384,#65,.T.);
#1093=EDGE_CURVE('',#1383,#1379,#164,.T.);
#1094=EDGE_CURVE('',#1384,#1378,#165,.T.);
#1095=EDGE_CURVE('',#1385,#1386,#1565,.T.);
#1096=EDGE_CURVE('',#1383,#1385,#66,.T.);
#1097=EDGE_CURVE('',#1384,#1386,#67,.T.);
#1098=EDGE_CURVE('',#1387,#1388,#1566,.T.);
#1099=EDGE_CURVE('',#1389,#1388,#49,.T.);
#1100=EDGE_CURVE('',#1389,#1385,#1567,.T.);
#1101=EDGE_CURVE('',#1387,#1386,#1568,.F.);
#1102=EDGE_CURVE('',#1390,#1390,#68,.T.);
#1103=EDGE_CURVE('',#1391,#1391,#50,.T.);
#1104=EDGE_CURVE('',#1392,#1392,#69,.T.);
#1105=EDGE_CURVE('',#1393,#1393,#1569,.T.);
#1106=EDGE_CURVE('',#1394,#1395,#1570,.T.);
#1107=EDGE_CURVE('',#1396,#1395,#166,.T.);
#1108=EDGE_CURVE('',#1397,#1396,#1571,.T.);
#1109=EDGE_CURVE('',#1394,#1397,#167,.T.);
#1110=EDGE_CURVE('',#1398,#1399,#1572,.T.);
#1111=EDGE_CURVE('',#1398,#1400,#168,.T.);
#1112=EDGE_CURVE('',#1400,#1399,#1573,.T.);
#1113=EDGE_CURVE('',#1401,#1402,#169,.T.);
#1114=EDGE_CURVE('',#1403,#1402,#170,.T.);
#1115=EDGE_CURVE('',#1403,#1404,#171,.T.);
#1116=EDGE_CURVE('',#1404,#1405,#172,.T.);
#1117=EDGE_CURVE('',#1405,#1406,#173,.T.);
#1118=EDGE_CURVE('',#1406,#1401,#174,.T.);
#1119=EDGE_CURVE('',#1407,#1402,#1574,.T.);
#1120=EDGE_CURVE('',#1401,#1408,#175,.T.);
#1121=EDGE_CURVE('',#1408,#1407,#1575,.T.);
#1122=EDGE_CURVE('',#1409,#1388,#176,.T.);
#1123=EDGE_CURVE('',#1408,#1409,#1576,.T.);
#1124=EDGE_CURVE('',#1406,#1389,#177,.T.);
#1125=EDGE_CURVE('',#1405,#1381,#178,.T.);
#1126=EDGE_CURVE('',#1404,#1410,#179,.T.);
#1127=EDGE_CURVE('',#1411,#1410,#70,.T.);
#1128=EDGE_CURVE('',#1382,#1411,#180,.T.);
#1129=EDGE_CURVE('',#1412,#1403,#1577,.T.);
#1130=EDGE_CURVE('',#1410,#1412,#1578,.T.);
#1131=EDGE_CURVE('',#1409,#1413,#181,.T.);
#1132=EDGE_CURVE('',#1414,#1413,#1579,.T.);
#1133=EDGE_CURVE('',#1407,#1414,#182,.T.);
#1134=EDGE_CURVE('',#1394,#1415,#183,.T.);
#1135=EDGE_CURVE('',#1415,#1399,#184,.T.);
#1136=EDGE_CURVE('',#1395,#1400,#185,.T.);
#1137=EDGE_CURVE('',#1415,#1416,#1580,.F.);
#1138=EDGE_CURVE('',#1416,#1412,#186,.T.);
#1139=EDGE_CURVE('',#1414,#1399,#1581,.T.);
#1140=EDGE_CURVE('',#1387,#1417,#71,.T.);
#1141=EDGE_CURVE('',#1417,#1413,#187,.T.);
#1142=EDGE_CURVE('',#1418,#1384,#188,.T.);
#1143=EDGE_CURVE('',#1419,#1378,#189,.T.);
#1144=EDGE_CURVE('',#1418,#1419,#190,.T.);
#1145=EDGE_CURVE('',#1414,#1420,#1582,.T.);
#1146=EDGE_CURVE('',#1421,#1417,#191,.T.);
#1147=EDGE_CURVE('',#1420,#1421,#1583,.T.);
#1148=EDGE_CURVE('',#1418,#1422,#72,.F.);
#1149=EDGE_CURVE('',#1423,#1422,#1584,.T.);
#1150=EDGE_CURVE('',#1423,#1424,#192,.T.);
#1151=EDGE_CURVE('',#1425,#1424,#1585,.T.);
#1152=EDGE_CURVE('',#1368,#1425,#73,.F.);
#1153=EDGE_CURVE('',#1367,#1421,#1586,.F.);
#1154=EDGE_CURVE('',#1426,#1420,#1587,.T.);
#1155=EDGE_CURVE('',#1426,#1427,#1588,.T.);
#1156=EDGE_CURVE('',#1427,#1398,#74,.T.);
#1157=EDGE_CURVE('',#1428,#1419,#75,.F.);
#1158=EDGE_CURVE('',#1377,#1429,#193,.F.);
#1159=EDGE_CURVE('',#1428,#1429,#1589,.T.);
#1160=EDGE_CURVE('',#1430,#1397,#1590,.T.);
#1161=EDGE_CURVE('',#1396,#1431,#76,.T.);
#1162=EDGE_CURVE('',#1431,#1432,#1591,.T.);
#1163=EDGE_CURVE('',#1432,#1430,#1592,.T.);
#1164=EDGE_CURVE('',#1370,#1430,#1593,.T.);
#1165=EDGE_CURVE('',#1432,#1365,#1594,.T.);
#1166=EDGE_CURVE('',#1367,#1426,#1595,.T.);
#1167=EDGE_CURVE('',#1426,#1432,#194,.T.);
#1168=EDGE_CURVE('',#1416,#1433,#1596,.T.);
#1169=EDGE_CURVE('',#1433,#1411,#195,.T.);
#1170=EDGE_CURVE('',#1433,#1373,#196,.T.);
#1171=EDGE_CURVE('',#1427,#1431,#197,.T.);
#1172=EDGE_CURVE('',#1434,#1434,#77,.F.);
#1173=EDGE_CURVE('',#1435,#1435,#78,.F.);
#1174=EDGE_CURVE('',#1436,#1436,#79,.F.);
#1175=EDGE_CURVE('',#1437,#1437,#80,.F.);
#1176=EDGE_CURVE('',#1438,#1351,#1597,.T.);
#1177=EDGE_CURVE('',#1438,#1439,#81,.T.);
#1178=EDGE_CURVE('',#1354,#1439,#1598,.T.);
#1179=EDGE_CURVE('',#1440,#1341,#1599,.T.);
#1180=EDGE_CURVE('',#1440,#1441,#82,.T.);
#1181=EDGE_CURVE('',#1343,#1441,#1600,.T.);
#1182=EDGE_CURVE('',#1442,#1342,#1601,.T.);
#1183=EDGE_CURVE('',#1442,#1443,#83,.T.);
#1184=EDGE_CURVE('',#1348,#1443,#1602,.T.);
#1185=EDGE_CURVE('',#1347,#1444,#1603,.T.);
#1186=EDGE_CURVE('',#1445,#1444,#198,.T.);
#1187=EDGE_CURVE('',#1445,#1446,#199,.T.);
#1188=EDGE_CURVE('',#1446,#1447,#200,.F.);
#1189=EDGE_CURVE('',#1429,#1447,#201,.T.);
#1190=EDGE_CURVE('',#1316,#1369,#202,.F.);
#1191=EDGE_CURVE('',#1448,#1317,#1604,.T.);
#1192=EDGE_CURVE('',#1448,#1449,#84,.T.);
#1193=EDGE_CURVE('',#1352,#1449,#1605,.T.);
#1194=EDGE_CURVE('',#1445,#1450,#203,.T.);
#1195=EDGE_CURVE('',#1444,#1451,#204,.T.);
#1196=EDGE_CURVE('',#1451,#1452,#51,.F.);
#1197=EDGE_CURVE('',#1452,#1453,#205,.T.);
#1198=EDGE_CURVE('',#1450,#1453,#206,.T.);
#1199=EDGE_CURVE('',#1454,#1455,#52,.F.);
#1200=EDGE_CURVE('',#1454,#1327,#1606,.T.);
#1201=EDGE_CURVE('',#1326,#1456,#1607,.T.);
#1202=EDGE_CURVE('',#1456,#1452,#1608,.T.);
#1203=EDGE_CURVE('',#1451,#1457,#1609,.T.);
#1204=EDGE_CURVE('',#1457,#1455,#1610,.T.);
#1205=EDGE_CURVE('',#1453,#1458,#1611,.T.);
#1206=EDGE_CURVE('',#1456,#1335,#207,.T.);
#1207=EDGE_CURVE('',#1458,#1334,#208,.F.);
#1208=EDGE_CURVE('',#1457,#1346,#1612,.F.);
#1209=EDGE_CURVE('',#1455,#1345,#1613,.F.);
#1210=EDGE_CURVE('',#1458,#1459,#1614,.T.);
#1211=EDGE_CURVE('',#1459,#1362,#209,.T.);
#1212=EDGE_CURVE('',#1450,#1361,#210,.T.);
#1213=EDGE_CURVE('',#1360,#1460,#211,.T.);
#1214=EDGE_CURVE('',#1446,#1460,#85,.T.);
#1215=EDGE_CURVE('',#1332,#1461,#1615,.T.);
#1216=EDGE_CURVE('',#1459,#1461,#212,.T.);
#1217=EDGE_CURVE('',#1454,#1344,#213,.T.);
#1218=EDGE_CURVE('',#1363,#1461,#214,.T.);
#1219=EDGE_CURVE('',#1462,#1460,#215,.F.);
#1220=EDGE_CURVE('',#1358,#1462,#216,.T.);
#1221=EDGE_CURVE('',#1463,#1309,#217,.T.);
#1222=EDGE_CURVE('',#1355,#1463,#218,.T.);
#1223=EDGE_CURVE('',#1300,#1356,#86,.T.);
#1224=EDGE_CURVE('',#1331,#1301,#87,.T.);
#1225=EDGE_CURVE('',#1424,#1330,#219,.F.);
#1226=EDGE_CURVE('',#1364,#1423,#220,.T.);
#1227=EDGE_CURVE('',#1311,#1333,#88,.T.);
#1228=EDGE_CURVE('',#1464,#1462,#89,.F.);
#1229=EDGE_CURVE('',#1447,#1464,#1616,.T.);
#1230=EDGE_CURVE('',#1463,#1465,#221,.T.);
#1231=EDGE_CURVE('',#1466,#1465,#222,.T.);
#1232=EDGE_CURVE('',#1337,#1466,#223,.T.);
#1233=EDGE_CURVE('',#1466,#1467,#224,.T.);
#1234=EDGE_CURVE('',#1372,#1467,#225,.T.);
#1235=EDGE_CURVE('',#1465,#1468,#226,.T.);
#1236=EDGE_CURVE('',#1467,#1468,#227,.T.);
#1237=EDGE_CURVE('',#1469,#1468,#228,.T.);
#1238=EDGE_CURVE('',#1469,#1310,#1617,.T.);
#1239=EDGE_CURVE('',#1306,#1469,#1618,.T.);
#1240=EDGE_CURVE('',#1464,#1428,#229,.F.);
#1241=EDGE_CURVE('',#1422,#1359,#230,.F.);
#1242=EDGE_CURVE('',#1371,#1318,#231,.T.);
#1243=EDGE_CURVE('',#1329,#1425,#232,.T.);
#1244=EDGE_CURVE('',#1470,#1471,#233,.T.);
#1245=EDGE_CURVE('',#1472,#1470,#1619,.T.);
#1246=EDGE_CURVE('',#1473,#1472,#90,.F.);
#1247=EDGE_CURVE('',#1474,#1473,#1620,.T.);
#1248=EDGE_CURVE('',#1475,#1474,#234,.F.);
#1249=EDGE_CURVE('',#1439,#1475,#1621,.T.);
#1250=EDGE_CURVE('',#1471,#1438,#1622,.T.);
#1251=EDGE_CURVE('',#1476,#1477,#235,.T.);
#1252=EDGE_CURVE('',#1478,#1476,#1623,.T.);
#1253=EDGE_CURVE('',#1479,#1478,#91,.F.);
#1254=EDGE_CURVE('',#1480,#1479,#1624,.T.);
#1255=EDGE_CURVE('',#1481,#1480,#236,.F.);
#1256=EDGE_CURVE('',#1449,#1481,#1625,.T.);
#1257=EDGE_CURVE('',#1477,#1448,#1626,.T.);
#1258=EDGE_CURVE('',#1482,#1442,#1627,.T.);
#1259=EDGE_CURVE('',#1483,#1482,#237,.T.);
#1260=EDGE_CURVE('',#1484,#1483,#1628,.T.);
#1261=EDGE_CURVE('',#1485,#1484,#92,.F.);
#1262=EDGE_CURVE('',#1486,#1485,#1629,.T.);
#1263=EDGE_CURVE('',#1487,#1486,#238,.F.);
#1264=EDGE_CURVE('',#1443,#1487,#1630,.T.);
#1265=EDGE_CURVE('',#1488,#1440,#1631,.T.);
#1266=EDGE_CURVE('',#1489,#1488,#239,.T.);
#1267=EDGE_CURVE('',#1490,#1489,#1632,.T.);
#1268=EDGE_CURVE('',#1491,#1490,#93,.F.);
#1269=EDGE_CURVE('',#1492,#1491,#1633,.T.);
#1270=EDGE_CURVE('',#1493,#1492,#240,.F.);
#1271=EDGE_CURVE('',#1441,#1493,#1634,.T.);
#1272=EDGE_CURVE('',#1321,#1488,#1635,.T.);
#1273=EDGE_CURVE('',#1324,#1489,#1636,.F.);
#1274=EDGE_CURVE('',#1339,#1490,#94,.T.);
#1275=EDGE_CURVE('',#1305,#1491,#95,.T.);
#1276=EDGE_CURVE('',#1308,#1492,#1637,.T.);
#1277=EDGE_CURVE('',#1320,#1493,#1638,.F.);
#1278=EDGE_CURVE('',#1319,#1482,#1639,.T.);
#1279=EDGE_CURVE('',#1307,#1483,#1640,.F.);
#1280=EDGE_CURVE('',#1311,#1484,#96,.T.);
#1281=EDGE_CURVE('',#1333,#1485,#97,.T.);
#1282=EDGE_CURVE('',#1325,#1486,#1641,.T.);
#1283=EDGE_CURVE('',#1328,#1487,#1642,.F.);
#1284=EDGE_CURVE('',#1481,#1350,#1643,.T.);
#1285=EDGE_CURVE('',#1480,#1303,#1644,.F.);
#1286=EDGE_CURVE('',#1479,#1301,#98,.T.);
#1287=EDGE_CURVE('',#1478,#1331,#99,.T.);
#1288=EDGE_CURVE('',#1476,#1315,#100,.T.);
#1289=EDGE_CURVE('',#1477,#1312,#101,.T.);
#1290=EDGE_CURVE('',#1475,#1353,#1645,.T.);
#1291=EDGE_CURVE('',#1474,#1357,#1646,.F.);
#1292=EDGE_CURVE('',#1473,#1356,#102,.T.);
#1293=EDGE_CURVE('',#1472,#1300,#103,.T.);
#1294=EDGE_CURVE('',#1470,#1302,#1647,.T.);
#1295=EDGE_CURVE('',#1471,#1349,#1648,.F.);
#1296=EDGE_CURVE('',#1494,#1494,#104,.T.);
#1297=EDGE_CURVE('',#1496,#1496,#105,.T.);
#1298=EDGE_CURVE('',#1498,#1498,#106,.T.);
#1299=EDGE_CURVE('',#1500,#1500,#107,.T.);
#1300=VERTEX_POINT('',#2873);
#1301=VERTEX_POINT('',#2874);
#1302=VERTEX_POINT('',#2882);
#1303=VERTEX_POINT('',#2893);
#1304=VERTEX_POINT('',#3577);
#1305=VERTEX_POINT('',#3578);
#1306=VERTEX_POINT('',#3583);
#1307=VERTEX_POINT('',#3590);
#1308=VERTEX_POINT('',#3601);
#1309=VERTEX_POINT('',#3629);
#1310=VERTEX_POINT('',#3630);
#1311=VERTEX_POINT('',#4151);
#1312=VERTEX_POINT('',#4159);
#1313=VERTEX_POINT('',#4160);
#1314=VERTEX_POINT('',#4162);
#1315=VERTEX_POINT('',#4164);
#1316=VERTEX_POINT('',#4168);
#1317=VERTEX_POINT('',#4169);
#1318=VERTEX_POINT('',#4175);
#1319=VERTEX_POINT('',#4194);
#1320=VERTEX_POINT('',#4201);
#1321=VERTEX_POINT('',#4221);
#1322=VERTEX_POINT('',#4222);
#1323=VERTEX_POINT('',#4224);
#1324=VERTEX_POINT('',#4231);
#1325=VERTEX_POINT('',#4248);
#1326=VERTEX_POINT('',#4249);
#1327=VERTEX_POINT('',#4265);
#1328=VERTEX_POINT('',#4271);
#1329=VERTEX_POINT('',#4275);
#1330=VERTEX_POINT('',#4281);
#1331=VERTEX_POINT('',#4283);
#1332=VERTEX_POINT('',#4954);
#1333=VERTEX_POINT('',#4955);
#1334=VERTEX_POINT('',#4960);
#1335=VERTEX_POINT('',#4967);
#1336=VERTEX_POINT('',#5233);
#1337=VERTEX_POINT('',#5238);
#1338=VERTEX_POINT('',#5244);
#1339=VERTEX_POINT('',#5765);
#1340=VERTEX_POINT('',#5876);
#1341=VERTEX_POINT('',#5877);
#1342=VERTEX_POINT('',#5950);
#1343=VERTEX_POINT('',#5959);
#1344=VERTEX_POINT('',#6018);
#1345=VERTEX_POINT('',#6023);
#1346=VERTEX_POINT('',#6028);
#1347=VERTEX_POINT('',#6033);
#1348=VERTEX_POINT('',#6041);
#1349=VERTEX_POINT('',#6111);
#1350=VERTEX_POINT('',#6112);
#1351=VERTEX_POINT('',#6117);
#1352=VERTEX_POINT('',#6127);
#1353=VERTEX_POINT('',#6156);
#1354=VERTEX_POINT('',#6161);
#1355=VERTEX_POINT('',#6348);
#1356=VERTEX_POINT('',#6349);
#1357=VERTEX_POINT('',#6358);
#1358=VERTEX_POINT('',#6391);
#1359=VERTEX_POINT('',#6392);
#1360=VERTEX_POINT('',#6394);
#1361=VERTEX_POINT('',#6396);
#1362=VERTEX_POINT('',#6398);
#1363=VERTEX_POINT('',#6400);
#1364=VERTEX_POINT('',#6402);
#1365=VERTEX_POINT('',#6410);
#1366=VERTEX_POINT('',#6411);
#1367=VERTEX_POINT('',#6413);
#1368=VERTEX_POINT('',#6415);
#1369=VERTEX_POINT('',#6419);
#1370=VERTEX_POINT('',#6420);
#1371=VERTEX_POINT('',#6427);
#1372=VERTEX_POINT('',#6435);
#1373=VERTEX_POINT('',#6440);
#1374=VERTEX_POINT('',#6441);
#1375=VERTEX_POINT('',#6446);
#1376=VERTEX_POINT('',#6453);
#1377=VERTEX_POINT('',#6454);
#1378=VERTEX_POINT('',#6456);
#1379=VERTEX_POINT('',#6458);
#1380=VERTEX_POINT('',#6460);
#1381=VERTEX_POINT('',#6491);
#1382=VERTEX_POINT('',#6493);
#1383=VERTEX_POINT('',#6510);
#1384=VERTEX_POINT('',#6511);
#1385=VERTEX_POINT('',#6529);
#1386=VERTEX_POINT('',#6530);
#1387=VERTEX_POINT('',#6559);
#1388=VERTEX_POINT('',#6560);
#1389=VERTEX_POINT('',#6562);
#1390=VERTEX_POINT('',#6580);
#1391=VERTEX_POINT('',#6582);
#1392=VERTEX_POINT('',#6585);
#1393=VERTEX_POINT('',#6608);
#1394=VERTEX_POINT('',#6624);
#1395=VERTEX_POINT('',#6625);
#1396=VERTEX_POINT('',#6627);
#1397=VERTEX_POINT('',#6632);
#1398=VERTEX_POINT('',#6646);
#1399=VERTEX_POINT('',#6647);
#1400=VERTEX_POINT('',#6649);
#1401=VERTEX_POINT('',#6661);
#1402=VERTEX_POINT('',#6662);
#1403=VERTEX_POINT('',#6664);
#1404=VERTEX_POINT('',#6666);
#1405=VERTEX_POINT('',#6668);
#1406=VERTEX_POINT('',#6670);
#1407=VERTEX_POINT('',#6677);
#1408=VERTEX_POINT('',#6679);
#1409=VERTEX_POINT('',#6686);
#1410=VERTEX_POINT('',#6696);
#1411=VERTEX_POINT('',#6698);
#1412=VERTEX_POINT('',#6705);
#1413=VERTEX_POINT('',#6719);
#1414=VERTEX_POINT('',#6724);
#1415=VERTEX_POINT('',#6728);
#1416=VERTEX_POINT('',#6764);
#1417=VERTEX_POINT('',#6775);
#1418=VERTEX_POINT('',#6779);
#1419=VERTEX_POINT('',#6781);
#1420=VERTEX_POINT('',#7304);
#1421=VERTEX_POINT('',#7306);
#1422=VERTEX_POINT('',#7439);
#1423=VERTEX_POINT('',#7445);
#1424=VERTEX_POINT('',#7447);
#1425=VERTEX_POINT('',#7453);
#1426=VERTEX_POINT('',#8397);
#1427=VERTEX_POINT('',#8402);
#1428=VERTEX_POINT('',#8406);
#1429=VERTEX_POINT('',#8408);
#1430=VERTEX_POINT('',#8819);
#1431=VERTEX_POINT('',#8821);
#1432=VERTEX_POINT('',#8826);
#1433=VERTEX_POINT('',#9218);
#1434=VERTEX_POINT('',#9234);
#1435=VERTEX_POINT('',#9236);
#1436=VERTEX_POINT('',#9238);
#1437=VERTEX_POINT('',#9240);
#1438=VERTEX_POINT('',#9246);
#1439=VERTEX_POINT('',#9248);
#1440=VERTEX_POINT('',#9261);
#1441=VERTEX_POINT('',#9263);
#1442=VERTEX_POINT('',#9274);
#1443=VERTEX_POINT('',#9276);
#1444=VERTEX_POINT('',#9286);
#1445=VERTEX_POINT('',#9288);
#1446=VERTEX_POINT('',#9290);
#1447=VERTEX_POINT('',#9292);
#1448=VERTEX_POINT('',#9300);
#1449=VERTEX_POINT('',#9302);
#1450=VERTEX_POINT('',#9310);
#1451=VERTEX_POINT('',#9312);
#1452=VERTEX_POINT('',#9314);
#1453=VERTEX_POINT('',#9316);
#1454=VERTEX_POINT('',#9320);
#1455=VERTEX_POINT('',#9321);
#1456=VERTEX_POINT('',#9330);
#1457=VERTEX_POINT('',#9341);
#1458=VERTEX_POINT('',#9364);
#1459=VERTEX_POINT('',#9406);
#1460=VERTEX_POINT('',#9411);
#1461=VERTEX_POINT('',#9425);
#1462=VERTEX_POINT('',#9433);
#1463=VERTEX_POINT('',#9437);
#1464=VERTEX_POINT('',#9446);
#1465=VERTEX_POINT('',#9462);
#1466=VERTEX_POINT('',#9464);
#1467=VERTEX_POINT('',#9468);
#1468=VERTEX_POINT('',#9472);
#1469=VERTEX_POINT('',#9476);
#1470=VERTEX_POINT('',#9498);
#1471=VERTEX_POINT('',#9499);
#1472=VERTEX_POINT('',#9508);
#1473=VERTEX_POINT('',#9510);
#1474=VERTEX_POINT('',#9518);
#1475=VERTEX_POINT('',#9520);
#1476=VERTEX_POINT('',#9531);
#1477=VERTEX_POINT('',#9532);
#1478=VERTEX_POINT('',#9540);
#1479=VERTEX_POINT('',#9542);
#1480=VERTEX_POINT('',#9550);
#1481=VERTEX_POINT('',#9552);
#1482=VERTEX_POINT('',#9566);
#1483=VERTEX_POINT('',#9568);
#1484=VERTEX_POINT('',#9577);
#1485=VERTEX_POINT('',#9579);
#1486=VERTEX_POINT('',#9587);
#1487=VERTEX_POINT('',#9589);
#1488=VERTEX_POINT('',#9599);
#1489=VERTEX_POINT('',#9601);
#1490=VERTEX_POINT('',#9609);
#1491=VERTEX_POINT('',#9611);
#1492=VERTEX_POINT('',#9619);
#1493=VERTEX_POINT('',#9621);
#1494=VERTEX_POINT('',#10116);
#1495=VERTEX_POINT('',#10118);
#1496=VERTEX_POINT('',#10121);
#1497=VERTEX_POINT('',#10123);
#1498=VERTEX_POINT('',#10126);
#1499=VERTEX_POINT('',#10128);
#1500=VERTEX_POINT('',#10131);
#1501=VERTEX_POINT('',#10133);
#1502=B_SPLINE_CURVE_WITH_KNOTS('',3,(#2743,#2744,#2745,#2746,#2747,#2748,
#2749,#2750,#2751,#2752,#2753,#2754,#2755,#2756,#2757,#2758,#2759,#2760,
#2761,#2762,#2763,#2764,#2765,#2766,#2767,#2768,#2769,#2770,#2771,#2772,
#2773,#2774,#2775,#2776,#2777,#2778,#2779,#2780,#2781,#2782,#2783,#2784,
#2785,#2786,#2787,#2788,#2789,#2790,#2791,#2792,#2793,#2794,#2795,#2796,
#2797,#2798,#2799,#2800,#2801,#2802,#2803,#2804,#2805,#2806,#2807,#2808,
#2809,#2810,#2811,#2812,#2813,#2814,#2815,#2816,#2817,#2818,#2819,#2820,
#2821,#2822,#2823,#2824,#2825,#2826,#2827,#2828,#2829,#2830,#2831,#2832,
#2833,#2834,#2835,#2836,#2837,#2838,#2839,#2840,#2841,#2842,#2843,#2844,
#2845,#2846,#2847,#2848,#2849,#2850,#2851,#2852,#2853,#2854,#2855,#2856,
#2857,#2858,#2859,#2860,#2861,#2862,#2863,#2864,#2865,#2866,#2867,#2868,
#2869,#2870,#2871,#2872),.UNSPECIFIED.,.F.,.F.,(4,3,3,3,3,3,3,3,3,3,3,3,
3,3,3,3,3,3,3,3,3,3,3,3,3,3,3,3,3,3,3,3,3,3,3,3,3,3,3,3,3,3,3,4),(4.38854183572088E-17,
0.0010874789551304,0.00350166557667239,0.00428287314107109,0.00591911052584368,
0.00834062455834386,0.00856574628214213,0.0104479774737253,0.0107071828526777,
0.0107665106002662,0.0119809787552497,0.0128486194232132,0.0131976199468112,
0.0147500566690718,0.0149900559937487,0.0156297971025828,0.0171314925642842,
0.0180625068275069,0.0204950051730891,0.0214143657053553,0.0238285016708941,
0.0253600549472815,0.0256972388464263,0.028667406111241,0.0299801119874974,
0.0302251511325278,0.0326581100677806,0.0342629851285684,0.0350899138036112,
0.0385458582696394,0.0399553383618279,0.0423878583344542,0.0438740234466783,
0.0448203783070805,0.0471116045517815,0.0496851584327656,0.0513944776928526,
0.0545504411158431,0.0594138711706383,0.0599602239749947,0.0618449844543293,
0.0642759581428226,0.0667066718201252,0.0685259700168709),.UNSPECIFIED.);
#1503=B_SPLINE_CURVE_WITH_KNOTS('',3,(#2875,#2876,#2877,#2878,#2879,#2880,
#2881),.UNSPECIFIED.,.F.,.F.,(4,1,1,1,4),(-5.99999999832206E-8,0.00229736790929475,
0.00459479581858948,0.00689222372788422,0.00918965163717895),
 .UNSPECIFIED.);
#1504=B_SPLINE_CURVE_WITH_KNOTS('',3,(#2883,#2884,#2885,#2886,#2887,#2888,
#2889,#2890,#2891,#2892),.UNSPECIFIED.,.F.,.F.,(4,1,1,1,1,1,1,4),(0.209959663051362,
0.296707804920439,0.383455946789516,0.470204088658593,0.556952230527669,
0.643700372396746,0.730448514265823,0.903944798003976),.UNSPECIFIED.);
#1505=B_SPLINE_CURVE_WITH_KNOTS('',3,(#2894,#2895,#2896,#2897,#2898,#2899,
#2900),.UNSPECIFIED.,.F.,.F.,(4,1,1,1,4),(-5.99999999915E-8,0.00221094345794001,
0.00442194691588001,0.00663295037382001,0.00884395383176001),
 .UNSPECIFIED.);
#1506=B_SPLINE_CURVE_WITH_KNOTS('',3,(#3057,#3058,#3059,#3060,#3061,#3062,
#3063,#3064,#3065,#3066,#3067,#3068,#3069,#3070,#3071,#3072,#3073,#3074,
#3075,#3076,#3077,#3078,#3079,#3080,#3081,#3082,#3083,#3084,#3085,#3086,
#3087,#3088,#3089,#3090,#3091,#3092,#3093,#3094,#3095,#3096,#3097,#3098,
#3099,#3100,#3101,#3102,#3103,#3104,#3105,#3106,#3107,#3108,#3109,#3110,
#3111,#3112,#3113,#3114,#3115,#3116,#3117,#3118,#3119,#3120,#3121,#3122,
#3123,#3124,#3125,#3126,#3127,#3128,#3129,#3130,#3131,#3132,#3133,#3134,
#3135,#3136,#3137,#3138,#3139,#3140,#3141,#3142,#3143,#3144,#3145,#3146,
#3147,#3148,#3149,#3150,#3151,#3152,#3153,#3154,#3155,#3156,#3157,#3158,
#3159,#3160,#3161,#3162,#3163,#3164,#3165,#3166,#3167,#3168,#3169,#3170,
#3171,#3172,#3173,#3174,#3175,#3176,#3177,#3178,#3179,#3180,#3181,#3182,
#3183,#3184,#3185,#3186,#3187,#3188,#3189,#3190,#3191,#3192,#3193,#3194,
#3195,#3196,#3197,#3198,#3199,#3200,#3201,#3202,#3203,#3204,#3205,#3206,
#3207,#3208,#3209,#3210,#3211,#3212,#3213,#3214,#3215,#3216,#3217,#3218,
#3219,#3220,#3221,#3222,#3223,#3224,#3225,#3226,#3227,#3228,#3229,#3230,
#3231,#3232,#3233,#3234,#3235,#3236,#3237,#3238,#3239,#3240,#3241,#3242,
#3243,#3244,#3245,#3246,#3247,#3248,#3249,#3250,#3251,#3252,#3253,#3254,
#3255,#3256,#3257,#3258,#3259,#3260,#3261,#3262,#3263,#3264,#3265,#3266,
#3267,#3268,#3269,#3270,#3271,#3272,#3273,#3274,#3275,#3276,#3277,#3278,
#3279,#3280,#3281,#3282,#3283,#3284,#3285,#3286,#3287,#3288,#3289,#3290,
#3291,#3292,#3293,#3294,#3295,#3296,#3297,#3298,#3299,#3300,#3301,#3302,
#3303,#3304,#3305,#3306,#3307,#3308,#3309,#3310,#3311,#3312,#3313,#3314,
#3315,#3316,#3317,#3318,#3319,#3320,#3321,#3322,#3323,#3324,#3325,#3326,
#3327,#3328,#3329,#3330,#3331,#3332,#3333,#3334,#3335,#3336,#3337,#3338,
#3339,#3340,#3341,#3342,#3343,#3344,#3345,#3346,#3347,#3348,#3349,#3350,
#3351,#3352,#3353,#3354,#3355,#3356,#3357,#3358,#3359,#3360,#3361,#3362,
#3363,#3364,#3365,#3366,#3367,#3368,#3369,#3370,#3371,#3372,#3373,#3374,
#3375,#3376,#3377,#3378,#3379,#3380,#3381,#3382,#3383,#3384,#3385,#3386,
#3387,#3388,#3389,#3390,#3391,#3392,#3393,#3394,#3395,#3396,#3397,#3398,
#3399,#3400,#3401,#3402,#3403,#3404,#3405,#3406,#3407,#3408,#3409,#3410,
#3411,#3412,#3413,#3414,#3415,#3416,#3417,#3418,#3419,#3420,#3421,#3422,
#3423,#3424,#3425,#3426,#3427,#3428,#3429,#3430,#3431,#3432,#3433,#3434,
#3435,#3436,#3437,#3438,#3439,#3440,#3441,#3442,#3443,#3444,#3445,#3446,
#3447,#3448,#3449,#3450,#3451,#3452,#3453,#3454,#3455,#3456,#3457,#3458,
#3459,#3460,#3461,#3462,#3463,#3464,#3465,#3466,#3467,#3468,#3469,#3470,
#3471,#3472,#3473,#3474,#3475,#3476,#3477,#3478,#3479,#3480,#3481,#3482,
#3483,#3484,#3485,#3486,#3487,#3488,#3489,#3490,#3491,#3492,#3493,#3494,
#3495,#3496,#3497,#3498,#3499,#3500,#3501,#3502,#3503,#3504,#3505,#3506,
#3507,#3508,#3509,#3510,#3511,#3512,#3513,#3514,#3515,#3516,#3517,#3518,
#3519,#3520,#3521,#3522,#3523,#3524,#3525,#3526,#3527,#3528,#3529,#3530,
#3531,#3532,#3533,#3534,#3535,#3536,#3537,#3538,#3539,#3540,#3541,#3542,
#3543,#3544,#3545,#3546,#3547,#3548,#3549,#3550,#3551,#3552,#3553,#3554,
#3555,#3556,#3557,#3558,#3559,#3560,#3561,#3562,#3563,#3564,#3565,#3566,
#3567,#3568,#3569,#3570,#3571,#3572,#3573,#3574,#3575,#3576),
 .UNSPECIFIED.,.F.,.F.,(4,3,3,3,3,3,3,3,3,3,3,3,3,3,3,3,3,3,3,3,3,3,3,3,
3,3,3,3,3,3,3,3,3,3,3,3,3,3,3,3,3,3,3,3,3,3,3,3,3,3,3,3,3,3,3,3,3,3,3,3,
3,3,3,3,3,3,3,3,3,3,3,3,3,3,3,3,3,3,3,3,3,3,3,3,3,3,3,3,3,3,3,3,3,3,3,3,
3,3,3,3,3,3,3,3,3,3,3,3,3,3,3,3,3,3,3,3,3,3,3,3,3,3,3,3,3,3,3,3,3,3,3,3,
3,3,3,3,3,3,3,3,3,3,3,3,3,3,3,3,3,3,3,3,3,3,3,3,3,3,3,3,3,3,3,3,3,3,3,3,
3,3,3,3,3,4),(0.,3.06479827608445E-5,0.000217666423493785,0.000404933969550457,
0.00115653180651865,0.00146953499395587,0.00191226304202574,0.00267222689201548,
0.00293906998791173,0.00343652564945409,0.00420537609608672,0.0044086049818676,
0.00497902405211599,0.00514337247884553,0.00575723850320785,0.00587813997582347,
0.00641647176893135,0.00653938480597294,0.0066129074728014,0.00732135881125873,
0.00734767496977934,0.00870539443409868,0.0088172099637352,0.00888544001177305,
0.0102107771574587,0.0102867449576911,0.0104495840529094,0.011021512454669,
0.0112313965904744,0.0117562799516469,0.012013757430633,0.0130988537600847,
0.0132258149456028,0.0135776036839559,0.0146953499395587,0.0151419561081637,
0.0161091407082068,0.0161648849335145,0.016705335581831,0.0176344199274704,
0.0182699758008865,0.0191039549214263,0.019834017397626,0.0205734899153821,
0.0213980960395317,0.0229621733679064,0.0235125599032939,0.0253761298777705,
0.0260904878577781,0.0264516298912056,0.0276734933490075,0.0279211648851615,
0.0292185316350279,0.0293906998791173,0.0313988692382196,0.0323297698670291,
0.0323467026880179,0.0352688398549408,0.0354748698147848,0.03860306449795,
0.0411469798307643,0.0417312029473315,0.044086049818676,0.0448593711965268,
0.0470251198065877,0.0479875378657714,0.0499641897944995,0.051115704830041,
0.0529032597824112,0.0542438734391331,0.0558423297703229,0.0573720303491967,
0.0587813997582347,0.0589361224952705,0.060500234921779,0.0617204697461464,
0.0620642820691183,0.0631900047401023,0.0636283610983509,0.0646595397340581,
0.0651925246239286,0.0659745447125914,0.066129074728014,0.0667564084091453,
0.0675385682052635,0.0675986097219699,0.0683206903474984,0.0690681447159257,
0.0691026625086378,0.0694936638819144,0.0698029122129037,0.0698847183147152,
0.0702757684915168,0.0705376797098816,0.0706666927433593,0.0710577559256959,
0.0712724472068595,0.0714487640268463,0.0718397923338504,0.0720072147038375,
0.0720353262562759,0.072230858707364,0.0723745984523265,0.0724263261620574,
0.0726218073034487,0.0727419822008154,0.0728174919229565,0.0729152936159632,
0.0730130111079093,0.0731093659493044,0.0731106268791494,0.0732082634683286,
0.0732571802154433,0.0732930578235489,0.0733061902145999,0.0733551290624326,
0.0734039772493772,0.0734527950273268,0.0734767496977934,0.0734772112234954,
0.0735016513780873,0.0735261168569855,0.0735505935907014,0.0735995243018877,
0.0736483311217881,0.0736604415720378,0.0736970422812999,0.0737459016969171,
0.073794845834666,0.0738441334462823,0.073892713329124,0.0739905127264845,
0.0740882625500761,0.0741859629709536,0.0742115171947713,0.074381389261566,
0.0745769571684831,0.0745789009432603,0.074772489651252,0.0749462846917492,
0.0749679752997437,0.0751634547796531,0.0753589464805435,0.0756810521887271,
0.0757500402758165,0.076141181417339,0.0764158196857051,0.0765319867873948,
0.076923010802301,0.077150587182683,0.0773141322255487,0.0777051434849704,
0.077885354679661,0.0784871364346133,0.0792692023074711,0.0793548896736168,
0.080051308782546,0.0808244246675727,0.080833290078328,0.081615276585987,
0.0822939596615286,0.0823974601462122,0.0837634946554844,0.0839601743872469,
0.0852330296494403,0.0855209507749509,0.0870798429319829,0.088172099637352,
0.0886371356481619,0.0901931133387374,0.0911111696252637,0.0917479027053748,
0.0933016088668684,0.0940502392644793),.UNSPECIFIED.);
#1507=B_SPLINE_CURVE_WITH_KNOTS('',3,(#3579,#3580,#3581,#3582),
 .UNSPECIFIED.,.F.,.F.,(4,4),(0.000363537592669427,0.0125716048739222),
 .UNSPECIFIED.);
#1508=B_SPLINE_CURVE_WITH_KNOTS('',3,(#3584,#3585,#3586,#3587,#3588,#3589),
 .UNSPECIFIED.,.F.,.F.,(4,1,1,4),(-5.99999999971026E-8,0.00342317027172534,
0.005134785407588,0.00684640054345067),.UNSPECIFIED.);
#1509=B_SPLINE_CURVE_WITH_KNOTS('',3,(#3591,#3592,#3593,#3594,#3595,#3596,
#3597,#3598,#3599,#3600),.UNSPECIFIED.,.F.,.F.,(4,1,1,1,1,1,1,4),(0.313761517346586,
0.414938412787164,0.516115308227741,0.56670375594803,0.617292203668319,
0.667880651388608,0.693174875248753,0.718469099108897),.UNSPECIFIED.);
#1510=B_SPLINE_CURVE_WITH_KNOTS('',3,(#3602,#3603,#3604,#3605,#3606,#3607,
#3608),.UNSPECIFIED.,.F.,.F.,(4,1,1,1,4),(-4.83302176451209E-8,0.00218971804640635,
0.00437948442303034,0.00656925079965433,0.00875901717627832),
 .UNSPECIFIED.);
#1511=B_SPLINE_CURVE_WITH_KNOTS('',3,(#3625,#3626,#3627,#3628),
 .UNSPECIFIED.,.F.,.F.,(4,4),(6.74056275433197E-5,0.00097532407834848),
 .UNSPECIFIED.);
#1512=B_SPLINE_CURVE_WITH_KNOTS('',3,(#3631,#3632,#3633,#3634,#3635,#3636,
#3637,#3638,#3639,#3640,#3641,#3642,#3643,#3644,#3645,#3646,#3647,#3648,
#3649,#3650,#3651,#3652,#3653,#3654,#3655,#3656,#3657,#3658,#3659,#3660,
#3661,#3662,#3663,#3664,#3665,#3666,#3667,#3668,#3669,#3670,#3671,#3672,
#3673,#3674,#3675,#3676,#3677,#3678,#3679,#3680,#3681,#3682,#3683,#3684,
#3685,#3686,#3687,#3688,#3689,#3690,#3691,#3692,#3693,#3694,#3695,#3696,
#3697,#3698,#3699,#3700,#3701,#3702,#3703,#3704,#3705,#3706,#3707,#3708,
#3709,#3710,#3711,#3712,#3713,#3714,#3715,#3716,#3717,#3718,#3719,#3720,
#3721,#3722,#3723,#3724,#3725,#3726,#3727,#3728,#3729,#3730,#3731,#3732,
#3733,#3734,#3735,#3736,#3737,#3738,#3739,#3740,#3741,#3742,#3743,#3744,
#3745,#3746,#3747,#3748,#3749,#3750,#3751,#3752,#3753,#3754,#3755,#3756,
#3757,#3758,#3759,#3760,#3761,#3762,#3763,#3764,#3765,#3766,#3767,#3768,
#3769,#3770,#3771,#3772,#3773,#3774,#3775,#3776,#3777,#3778,#3779,#3780,
#3781,#3782,#3783,#3784,#3785,#3786,#3787,#3788,#3789,#3790,#3791,#3792,
#3793,#3794,#3795,#3796,#3797,#3798,#3799,#3800,#3801,#3802,#3803,#3804,
#3805,#3806,#3807,#3808,#3809,#3810,#3811,#3812,#3813,#3814,#3815,#3816,
#3817,#3818,#3819,#3820,#3821,#3822,#3823,#3824,#3825,#3826,#3827,#3828,
#3829,#3830,#3831,#3832,#3833,#3834,#3835,#3836,#3837,#3838,#3839,#3840,
#3841,#3842,#3843,#3844,#3845,#3846,#3847,#3848,#3849,#3850,#3851,#3852,
#3853,#3854,#3855,#3856,#3857,#3858,#3859,#3860,#3861,#3862,#3863,#3864,
#3865,#3866,#3867,#3868,#3869,#3870,#3871,#3872,#3873,#3874,#3875,#3876,
#3877,#3878,#3879,#3880,#3881,#3882,#3883,#3884,#3885,#3886,#3887,#3888,
#3889,#3890,#3891,#3892,#3893,#3894,#3895,#3896,#3897,#3898,#3899,#3900,
#3901,#3902,#3903,#3904,#3905,#3906,#3907,#3908,#3909,#3910,#3911,#3912,
#3913,#3914,#3915,#3916,#3917,#3918,#3919,#3920,#3921,#3922,#3923,#3924,
#3925,#3926,#3927,#3928,#3929,#3930,#3931,#3932,#3933,#3934,#3935,#3936,
#3937,#3938,#3939,#3940,#3941,#3942,#3943,#3944,#3945,#3946,#3947,#3948,
#3949,#3950,#3951,#3952,#3953,#3954,#3955,#3956,#3957,#3958,#3959,#3960,
#3961,#3962,#3963,#3964,#3965,#3966,#3967,#3968,#3969,#3970,#3971,#3972,
#3973,#3974,#3975,#3976,#3977,#3978,#3979,#3980,#3981,#3982,#3983,#3984,
#3985,#3986,#3987,#3988,#3989,#3990,#3991,#3992,#3993,#3994,#3995,#3996,
#3997,#3998,#3999,#4000,#4001,#4002,#4003,#4004,#4005,#4006,#4007,#4008,
#4009,#4010,#4011,#4012,#4013,#4014,#4015,#4016,#4017,#4018,#4019,#4020,
#4021,#4022,#4023,#4024,#4025,#4026,#4027,#4028,#4029,#4030,#4031,#4032,
#4033,#4034,#4035,#4036,#4037,#4038,#4039,#4040,#4041,#4042,#4043,#4044,
#4045,#4046,#4047,#4048,#4049,#4050,#4051,#4052,#4053,#4054,#4055,#4056,
#4057,#4058,#4059,#4060,#4061,#4062,#4063,#4064,#4065,#4066,#4067,#4068,
#4069,#4070,#4071,#4072,#4073,#4074,#4075,#4076,#4077,#4078,#4079,#4080,
#4081,#4082,#4083,#4084,#4085,#4086,#4087,#4088,#4089,#4090,#4091,#4092,
#4093,#4094,#4095,#4096,#4097,#4098,#4099,#4100,#4101,#4102,#4103,#4104,
#4105,#4106,#4107,#4108,#4109,#4110,#4111,#4112,#4113,#4114,#4115,#4116,
#4117,#4118,#4119,#4120,#4121,#4122,#4123,#4124,#4125,#4126,#4127,#4128,
#4129,#4130,#4131,#4132,#4133,#4134,#4135,#4136,#4137,#4138,#4139,#4140,
#4141,#4142,#4143,#4144,#4145,#4146,#4147,#4148,#4149,#4150),
 .UNSPECIFIED.,.F.,.F.,(4,3,3,3,3,3,3,3,3,3,3,3,3,3,3,3,3,3,3,3,3,3,3,3,
3,3,3,3,3,3,3,3,3,3,3,3,3,3,3,3,3,3,3,3,3,3,3,3,3,3,3,3,3,3,3,3,3,3,3,3,
3,3,3,3,3,3,3,3,3,3,3,3,3,3,3,3,3,3,3,3,3,3,3,3,3,3,3,3,3,3,3,3,3,3,3,3,
3,3,3,3,3,3,3,3,3,3,3,3,3,3,3,3,3,3,3,3,3,3,3,3,3,3,3,3,3,3,3,3,3,3,3,3,
3,3,3,3,3,3,3,3,3,3,3,3,3,3,3,3,3,3,3,3,3,3,3,3,3,3,3,3,3,3,3,3,3,3,3,3,
3,3,3,3,3,4),(0.,3.06479827608445E-5,0.000217666423493785,0.000404933969550457,
0.00115653180651865,0.00146953499395587,0.00191226304202574,0.00267222689201548,
0.00293906998791173,0.00343652564945409,0.00420537609608672,0.0044086049818676,
0.00497902405211599,0.00514337247884553,0.00575723850320785,0.00587813997582347,
0.00641647176893135,0.00653938480597294,0.0066129074728014,0.00732135881125873,
0.00734767496977934,0.00870539443409868,0.0088172099637352,0.00888544001177305,
0.0102107771574587,0.0102867449576911,0.0104495840529094,0.011021512454669,
0.0112313965904744,0.0117562799516469,0.012013757430633,0.0130988537600847,
0.0132258149456028,0.0135776036839559,0.0146953499395587,0.0151419561081637,
0.0161091407082068,0.0161648849335145,0.016705335581831,0.0176344199274704,
0.0182699758008865,0.0191039549214263,0.019834017397626,0.0205734899153821,
0.0213980960395317,0.0229621733679064,0.0235125599032939,0.0253761298777705,
0.0260904878577781,0.0264516298912056,0.0276734933490075,0.0279211648851615,
0.0292185316350279,0.0293906998791173,0.0313988692382196,0.0323297698670291,
0.0323467026880179,0.0352688398549408,0.0354748698147848,0.03860306449795,
0.0411469798307643,0.0417312029473315,0.044086049818676,0.0448593711965268,
0.0470251198065877,0.0479875378657714,0.0499641897944995,0.051115704830041,
0.0529032597824112,0.0542438734391331,0.0558423297703229,0.0573720303491967,
0.0587813997582347,0.0589361224952705,0.060500234921779,0.0617204697461464,
0.0620642820691183,0.0631900047401023,0.0636283610983509,0.0646595397340581,
0.0651925246239286,0.0659745447125914,0.066129074728014,0.0667564084091453,
0.0675385682052635,0.0675986097219699,0.0683206903474984,0.0690681447159257,
0.0691026625086378,0.0694936638819144,0.0698029122129037,0.0698847183147152,
0.0702757684915168,0.0705376797098816,0.0706666927433593,0.0710577559256959,
0.0712724472068595,0.0714487640268463,0.0718397923338504,0.0720072147038375,
0.0720353262562759,0.072230858707364,0.0723745984523265,0.0724263261620574,
0.0726218073034487,0.0727419822008154,0.0728174919229565,0.0729152936159632,
0.0730130111079093,0.0731093659493044,0.0731106268791494,0.0732082634683286,
0.0732571802154433,0.0732930578235489,0.0733061902145999,0.0733551290624326,
0.0734039772493772,0.0734527950273268,0.0734767496977934,0.0734772112234954,
0.0735016513780873,0.0735261168569855,0.0735505935907014,0.0735995243018877,
0.0736483311217881,0.0736604415720378,0.0736970422812999,0.0737459016969171,
0.073794845834666,0.0738441334462823,0.073892713329124,0.0739905127264845,
0.0740882625500761,0.0741859629709536,0.0742115171947713,0.074381389261566,
0.0745769571684831,0.0745789009432603,0.074772489651252,0.0749462846917492,
0.0749679752997437,0.0751634547796531,0.0753589464805435,0.0756810521887271,
0.0757500402758165,0.076141181417339,0.0764158196857051,0.0765319867873948,
0.076923010802301,0.077150587182683,0.0773141322255487,0.0777051434849704,
0.077885354679661,0.0784871364346133,0.0792692023074711,0.0793548896736168,
0.080051308782546,0.0808244246675727,0.080833290078328,0.081615276585987,
0.0822939596615286,0.0823974601462122,0.0837634946554844,0.0839601743872469,
0.0852330296494403,0.0855209507749509,0.0870798429319829,0.088172099637352,
0.0886371356481619,0.0901931133387374,0.0911111696252637,0.0917479027053748,
0.0933016088668684,0.0940502392644793),.UNSPECIFIED.);
#1513=B_SPLINE_CURVE_WITH_KNOTS('',3,(#4152,#4153,#4154,#4155,#4156),
 .UNSPECIFIED.,.F.,.F.,(4,1,4),(0.0078711247265804,0.00845989278215393,
0.00904866083772747),.UNSPECIFIED.);
#1514=B_SPLINE_CURVE_WITH_KNOTS('',3,(#4170,#4171,#4172,#4173,#4174),
 .UNSPECIFIED.,.F.,.F.,(4,1,4),(0.,0.00161792337871401,0.00323584675742802),
 .UNSPECIFIED.);
#1515=B_SPLINE_CURVE_WITH_KNOTS('',3,(#4177,#4178,#4179,#4180),
 .UNSPECIFIED.,.F.,.F.,(4,4),(0.,0.0031847014853968),.UNSPECIFIED.);
#1516=B_SPLINE_CURVE_WITH_KNOTS('',3,(#4195,#4196,#4197,#4198,#4199,#4200),
 .UNSPECIFIED.,.F.,.F.,(4,1,1,4),(0.246497762256921,0.432903656264798,0.526106603268736,
0.619309550272675),.UNSPECIFIED.);
#1517=B_SPLINE_CURVE_WITH_KNOTS('',3,(#4215,#4216,#4217,#4218,#4219,#4220),
 .UNSPECIFIED.,.F.,.F.,(4,1,1,4),(0.78669746754381,0.838853708539006,0.891009949534203,
0.995322431524595),.UNSPECIFIED.);
#1518=B_SPLINE_CURVE_WITH_KNOTS('',3,(#4225,#4226,#4227,#4228,#4229,#4230),
 .UNSPECIFIED.,.F.,.F.,(4,1,1,4),(0.00467756666590802,0.108990059857642,
0.161146306453508,0.213302553049375),.UNSPECIFIED.);
#1519=B_SPLINE_CURVE_WITH_KNOTS('',3,(#4243,#4244,#4245,#4246,#4247),
 .UNSPECIFIED.,.F.,.F.,(4,1,4),(0.83109622670338,0.893421597445935,0.955746968188489),
 .UNSPECIFIED.);
#1520=B_SPLINE_CURVE_WITH_KNOTS('',3,(#4250,#4251,#4252,#4253,#4254,#4255,
#4256,#4257,#4258,#4259,#4260,#4261,#4262,#4263,#4264),.UNSPECIFIED.,.F.,
 .F.,(4,1,1,1,1,1,1,1,1,1,1,1,4),(0.0237701227318981,0.0260023560130587,
0.0282345892942194,0.0293507059347998,0.0304668225753801,0.0315829392159605,
0.0326990558565408,0.0338151724971212,0.0349312891377015,0.0360474057782819,
0.0371635224188622,0.0393957557000229,0.0416279889811836),.UNSPECIFIED.);
#1521=B_SPLINE_CURVE_WITH_KNOTS('',3,(#4266,#4267,#4268,#4269,#4270),
 .UNSPECIFIED.,.F.,.F.,(4,1,4),(0.0442530312655825,0.106578401993824,0.168903772722065),
 .UNSPECIFIED.);
#1522=B_SPLINE_CURVE_WITH_KNOTS('',3,(#4276,#4277,#4278,#4279,#4280),
 .UNSPECIFIED.,.F.,.F.,(4,1,4),(0.,0.00222718806319005,0.00445437612638009),
 .UNSPECIFIED.);
#1523=B_SPLINE_CURVE_WITH_KNOTS('',3,(#4284,#4285,#4286,#4287,#4288,#4289,
#4290),.UNSPECIFIED.,.F.,.F.,(4,1,1,1,4),(0.,0.00219747491876761,0.00439494983753522,
0.00659242475630282,0.00878989967507043),.UNSPECIFIED.);
#1524=B_SPLINE_CURVE_WITH_KNOTS('',3,(#4434,#4435,#4436,#4437,#4438,#4439,
#4440,#4441,#4442,#4443,#4444,#4445,#4446,#4447,#4448,#4449,#4450,#4451,
#4452,#4453,#4454,#4455,#4456,#4457,#4458,#4459,#4460,#4461,#4462,#4463,
#4464,#4465,#4466,#4467,#4468,#4469,#4470,#4471,#4472,#4473,#4474,#4475,
#4476,#4477,#4478,#4479,#4480,#4481,#4482,#4483,#4484,#4485,#4486,#4487,
#4488,#4489,#4490,#4491,#4492,#4493,#4494,#4495,#4496,#4497,#4498,#4499,
#4500,#4501,#4502,#4503,#4504,#4505,#4506,#4507,#4508,#4509,#4510,#4511,
#4512,#4513,#4514,#4515,#4516,#4517,#4518,#4519,#4520,#4521,#4522,#4523,
#4524,#4525,#4526,#4527,#4528,#4529,#4530,#4531,#4532,#4533,#4534,#4535,
#4536,#4537,#4538,#4539,#4540,#4541,#4542,#4543,#4544,#4545,#4546,#4547,
#4548,#4549,#4550,#4551,#4552,#4553,#4554,#4555,#4556,#4557,#4558,#4559,
#4560,#4561,#4562,#4563,#4564,#4565,#4566,#4567,#4568,#4569,#4570,#4571,
#4572,#4573,#4574,#4575,#4576,#4577,#4578,#4579,#4580,#4581,#4582,#4583,
#4584,#4585,#4586,#4587,#4588,#4589,#4590,#4591,#4592,#4593,#4594,#4595,
#4596,#4597,#4598,#4599,#4600,#4601,#4602,#4603,#4604,#4605,#4606,#4607,
#4608,#4609,#4610,#4611,#4612,#4613,#4614,#4615,#4616,#4617,#4618,#4619,
#4620,#4621,#4622,#4623,#4624,#4625,#4626,#4627,#4628,#4629,#4630,#4631,
#4632,#4633,#4634,#4635,#4636,#4637,#4638,#4639,#4640,#4641,#4642,#4643,
#4644,#4645,#4646,#4647,#4648,#4649,#4650,#4651,#4652,#4653,#4654,#4655,
#4656,#4657,#4658,#4659,#4660,#4661,#4662,#4663,#4664,#4665,#4666,#4667,
#4668,#4669,#4670,#4671,#4672,#4673,#4674,#4675,#4676,#4677,#4678,#4679,
#4680,#4681,#4682,#4683,#4684,#4685,#4686,#4687,#4688,#4689,#4690,#4691,
#4692,#4693,#4694,#4695,#4696,#4697,#4698,#4699,#4700,#4701,#4702,#4703,
#4704,#4705,#4706,#4707,#4708,#4709,#4710,#4711,#4712,#4713,#4714,#4715,
#4716,#4717,#4718,#4719,#4720,#4721,#4722,#4723,#4724,#4725,#4726,#4727,
#4728,#4729,#4730,#4731,#4732,#4733,#4734,#4735,#4736,#4737,#4738,#4739,
#4740,#4741,#4742,#4743,#4744,#4745,#4746,#4747,#4748,#4749,#4750,#4751,
#4752,#4753,#4754,#4755,#4756,#4757,#4758,#4759,#4760,#4761,#4762,#4763,
#4764,#4765,#4766,#4767,#4768,#4769,#4770,#4771,#4772,#4773,#4774,#4775,
#4776,#4777,#4778,#4779,#4780,#4781,#4782,#4783,#4784,#4785,#4786,#4787,
#4788,#4789,#4790,#4791,#4792,#4793,#4794,#4795,#4796,#4797,#4798,#4799,
#4800,#4801,#4802,#4803,#4804,#4805,#4806,#4807,#4808,#4809,#4810,#4811,
#4812,#4813,#4814,#4815,#4816,#4817,#4818,#4819,#4820,#4821,#4822,#4823,
#4824,#4825,#4826,#4827,#4828,#4829,#4830,#4831,#4832,#4833,#4834,#4835,
#4836,#4837,#4838,#4839,#4840,#4841,#4842,#4843,#4844,#4845,#4846,#4847,
#4848,#4849,#4850,#4851,#4852,#4853,#4854,#4855,#4856,#4857,#4858,#4859,
#4860,#4861,#4862,#4863,#4864,#4865,#4866,#4867,#4868,#4869,#4870,#4871,
#4872,#4873,#4874,#4875,#4876,#4877,#4878,#4879,#4880,#4881,#4882,#4883,
#4884,#4885,#4886,#4887,#4888,#4889,#4890,#4891,#4892,#4893,#4894,#4895,
#4896,#4897,#4898,#4899,#4900,#4901,#4902,#4903,#4904,#4905,#4906,#4907,
#4908,#4909,#4910,#4911,#4912,#4913,#4914,#4915,#4916,#4917,#4918,#4919,
#4920,#4921,#4922,#4923,#4924,#4925,#4926,#4927,#4928,#4929,#4930,#4931,
#4932,#4933,#4934,#4935,#4936,#4937,#4938,#4939,#4940,#4941,#4942,#4943,
#4944,#4945,#4946,#4947,#4948,#4949,#4950,#4951,#4952,#4953),
 .UNSPECIFIED.,.F.,.F.,(4,3,3,3,3,3,3,3,3,3,3,3,3,3,3,3,3,3,3,3,3,3,3,3,
3,3,3,3,3,3,3,3,3,3,3,3,3,3,3,3,3,3,3,3,3,3,3,3,3,3,3,3,3,3,3,3,3,3,3,3,
3,3,3,3,3,3,3,3,3,3,3,3,3,3,3,3,3,3,3,3,3,3,3,3,3,3,3,3,3,3,3,3,3,3,3,3,
3,3,3,3,3,3,3,3,3,3,3,3,3,3,3,3,3,3,3,3,3,3,3,3,3,3,3,3,3,3,3,3,3,3,3,3,
3,3,3,3,3,3,3,3,3,3,3,3,3,3,3,3,3,3,3,3,3,3,3,3,3,3,3,3,3,3,3,3,3,3,3,3,
3,3,3,3,3,4),(0.,3.06479827608445E-5,0.000217666423493785,0.000404933969550457,
0.00115653180651865,0.00146953499395587,0.00191226304202574,0.00267222689201548,
0.00293906998791173,0.00343652564945409,0.00420537609608672,0.0044086049818676,
0.00497902405211599,0.00514337247884553,0.00575723850320785,0.00587813997582347,
0.00641647176893135,0.00653938480597294,0.0066129074728014,0.00732135881125873,
0.00734767496977934,0.00870539443409868,0.0088172099637352,0.00888544001177305,
0.0102107771574587,0.0102867449576911,0.0104495840529094,0.011021512454669,
0.0112313965904744,0.0117562799516469,0.012013757430633,0.0130988537600847,
0.0132258149456028,0.0135776036839559,0.0146953499395587,0.0151419561081637,
0.0161091407082068,0.0161648849335145,0.016705335581831,0.0176344199274704,
0.0182699758008865,0.0191039549214263,0.019834017397626,0.0205734899153821,
0.0213980960395317,0.0229621733679064,0.0235125599032939,0.0253761298777705,
0.0260904878577781,0.0264516298912056,0.0276734933490075,0.0279211648851615,
0.0292185316350279,0.0293906998791173,0.0313988692382196,0.0323297698670291,
0.0323467026880179,0.0352688398549408,0.0354748698147848,0.03860306449795,
0.0411469798307643,0.0417312029473315,0.044086049818676,0.0448593711965268,
0.0470251198065877,0.0479875378657714,0.0499641897944995,0.051115704830041,
0.0529032597824112,0.0542438734391331,0.0558423297703229,0.0573720303491967,
0.0587813997582347,0.0589361224952705,0.060500234921779,0.0617204697461464,
0.0620642820691183,0.0631900047401023,0.0636283610983509,0.0646595397340581,
0.0651925246239286,0.0659745447125914,0.066129074728014,0.0667564084091453,
0.0675385682052635,0.0675986097219699,0.0683206903474984,0.0690681447159257,
0.0691026625086378,0.0694936638819144,0.0698029122129037,0.0698847183147152,
0.0702757684915168,0.0705376797098816,0.0706666927433593,0.0710577559256959,
0.0712724472068595,0.0714487640268463,0.0718397923338504,0.0720072147038375,
0.0720353262562759,0.072230858707364,0.0723745984523265,0.0724263261620574,
0.0726218073034487,0.0727419822008154,0.0728174919229565,0.0729152936159632,
0.0730130111079093,0.0731093659493044,0.0731106268791494,0.0732082634683286,
0.0732571802154433,0.0732930578235489,0.0733061902145999,0.0733551290624326,
0.0734039772493772,0.0734527950273268,0.0734767496977934,0.0734772112234954,
0.0735016513780873,0.0735261168569855,0.0735505935907014,0.0735995243018877,
0.0736483311217881,0.0736604415720378,0.0736970422812999,0.0737459016969171,
0.073794845834666,0.0738441334462823,0.073892713329124,0.0739905127264845,
0.0740882625500761,0.0741859629709536,0.0742115171947713,0.074381389261566,
0.0745769571684831,0.0745789009432603,0.074772489651252,0.0749462846917492,
0.0749679752997437,0.0751634547796531,0.0753589464805435,0.0756810521887271,
0.0757500402758165,0.076141181417339,0.0764158196857051,0.0765319867873948,
0.076923010802301,0.077150587182683,0.0773141322255487,0.0777051434849704,
0.077885354679661,0.0784871364346133,0.0792692023074711,0.0793548896736168,
0.080051308782546,0.0808244246675727,0.080833290078328,0.081615276585987,
0.0822939596615286,0.0823974601462122,0.0837634946554844,0.0839601743872469,
0.0852330296494403,0.0855209507749509,0.0870798429319829,0.088172099637352,
0.0886371356481619,0.0901931133387374,0.0911111696252637,0.0917479027053748,
0.0933016088668684,0.0940502392644793),.UNSPECIFIED.);
#1525=B_SPLINE_CURVE_WITH_KNOTS('',3,(#4956,#4957,#4958,#4959),
 .UNSPECIFIED.,.F.,.F.,(4,4),(0.,0.00065053677602175),.UNSPECIFIED.);
#1526=B_SPLINE_CURVE_WITH_KNOTS('',3,(#4961,#4962,#4963,#4964,#4965,#4966),
 .UNSPECIFIED.,.F.,.F.,(4,1,1,4),(0.00476622952359005,0.00676054684216884,
0.00875486416074764,0.0127434987979052),.UNSPECIFIED.);
#1527=B_SPLINE_CURVE_WITH_KNOTS('',3,(#4968,#4969,#4970,#4971),
 .UNSPECIFIED.,.F.,.F.,(4,4),(0.0250446991858545,0.0640353075364142),
 .UNSPECIFIED.);
#1528=B_SPLINE_CURVE_WITH_KNOTS('',3,(#4972,#4973,#4974,#4975,#4976,#4977,
#4978),.UNSPECIFIED.,.F.,.F.,(4,1,1,1,4),(-1.30068038082993E-8,0.00230410516668298,
0.00460822334016977,0.00691234151365656,0.00921645968714335),
 .UNSPECIFIED.);
#1529=B_SPLINE_CURVE_WITH_KNOTS('',3,(#5226,#5227,#5228,#5229,#5230,#5231,
#5232),.UNSPECIFIED.,.F.,.F.,(4,1,1,1,4),(0.,0.206838928203908,0.413677856407816,
0.620516784611724,0.827355712815632),.UNSPECIFIED.);
#1530=B_SPLINE_CURVE_WITH_KNOTS('',3,(#5234,#5235,#5236,#5237),
 .UNSPECIFIED.,.F.,.F.,(4,4),(0.,0.00306695335968563),.UNSPECIFIED.);
#1531=B_SPLINE_CURVE_WITH_KNOTS('',3,(#5239,#5240,#5241,#5242,#5243),
 .UNSPECIFIED.,.F.,.F.,(4,1,4),(6.3596013107845E-17,0.00605819844007462,
0.0121163968801492),.UNSPECIFIED.);
#1532=B_SPLINE_CURVE_WITH_KNOTS('',3,(#5245,#5246,#5247,#5248,#5249,#5250,
#5251,#5252,#5253,#5254,#5255,#5256,#5257,#5258,#5259,#5260,#5261,#5262,
#5263,#5264,#5265,#5266,#5267,#5268,#5269,#5270,#5271,#5272,#5273,#5274,
#5275,#5276,#5277,#5278,#5279,#5280,#5281,#5282,#5283,#5284,#5285,#5286,
#5287,#5288,#5289,#5290,#5291,#5292,#5293,#5294,#5295,#5296,#5297,#5298,
#5299,#5300,#5301,#5302,#5303,#5304,#5305,#5306,#5307,#5308,#5309,#5310,
#5311,#5312,#5313,#5314,#5315,#5316,#5317,#5318,#5319,#5320,#5321,#5322,
#5323,#5324,#5325,#5326,#5327,#5328,#5329,#5330,#5331,#5332,#5333,#5334,
#5335,#5336,#5337,#5338,#5339,#5340,#5341,#5342,#5343,#5344,#5345,#5346,
#5347,#5348,#5349,#5350,#5351,#5352,#5353,#5354,#5355,#5356,#5357,#5358,
#5359,#5360,#5361,#5362,#5363,#5364,#5365,#5366,#5367,#5368,#5369,#5370,
#5371,#5372,#5373,#5374,#5375,#5376,#5377,#5378,#5379,#5380,#5381,#5382,
#5383,#5384,#5385,#5386,#5387,#5388,#5389,#5390,#5391,#5392,#5393,#5394,
#5395,#5396,#5397,#5398,#5399,#5400,#5401,#5402,#5403,#5404,#5405,#5406,
#5407,#5408,#5409,#5410,#5411,#5412,#5413,#5414,#5415,#5416,#5417,#5418,
#5419,#5420,#5421,#5422,#5423,#5424,#5425,#5426,#5427,#5428,#5429,#5430,
#5431,#5432,#5433,#5434,#5435,#5436,#5437,#5438,#5439,#5440,#5441,#5442,
#5443,#5444,#5445,#5446,#5447,#5448,#5449,#5450,#5451,#5452,#5453,#5454,
#5455,#5456,#5457,#5458,#5459,#5460,#5461,#5462,#5463,#5464,#5465,#5466,
#5467,#5468,#5469,#5470,#5471,#5472,#5473,#5474,#5475,#5476,#5477,#5478,
#5479,#5480,#5481,#5482,#5483,#5484,#5485,#5486,#5487,#5488,#5489,#5490,
#5491,#5492,#5493,#5494,#5495,#5496,#5497,#5498,#5499,#5500,#5501,#5502,
#5503,#5504,#5505,#5506,#5507,#5508,#5509,#5510,#5511,#5512,#5513,#5514,
#5515,#5516,#5517,#5518,#5519,#5520,#5521,#5522,#5523,#5524,#5525,#5526,
#5527,#5528,#5529,#5530,#5531,#5532,#5533,#5534,#5535,#5536,#5537,#5538,
#5539,#5540,#5541,#5542,#5543,#5544,#5545,#5546,#5547,#5548,#5549,#5550,
#5551,#5552,#5553,#5554,#5555,#5556,#5557,#5558,#5559,#5560,#5561,#5562,
#5563,#5564,#5565,#5566,#5567,#5568,#5569,#5570,#5571,#5572,#5573,#5574,
#5575,#5576,#5577,#5578,#5579,#5580,#5581,#5582,#5583,#5584,#5585,#5586,
#5587,#5588,#5589,#5590,#5591,#5592,#5593,#5594,#5595,#5596,#5597,#5598,
#5599,#5600,#5601,#5602,#5603,#5604,#5605,#5606,#5607,#5608,#5609,#5610,
#5611,#5612,#5613,#5614,#5615,#5616,#5617,#5618,#5619,#5620,#5621,#5622,
#5623,#5624,#5625,#5626,#5627,#5628,#5629,#5630,#5631,#5632,#5633,#5634,
#5635,#5636,#5637,#5638,#5639,#5640,#5641,#5642,#5643,#5644,#5645,#5646,
#5647,#5648,#5649,#5650,#5651,#5652,#5653,#5654,#5655,#5656,#5657,#5658,
#5659,#5660,#5661,#5662,#5663,#5664,#5665,#5666,#5667,#5668,#5669,#5670,
#5671,#5672,#5673,#5674,#5675,#5676,#5677,#5678,#5679,#5680,#5681,#5682,
#5683,#5684,#5685,#5686,#5687,#5688,#5689,#5690,#5691,#5692,#5693,#5694,
#5695,#5696,#5697,#5698,#5699,#5700,#5701,#5702,#5703,#5704,#5705,#5706,
#5707,#5708,#5709,#5710,#5711,#5712,#5713,#5714,#5715,#5716,#5717,#5718,
#5719,#5720,#5721,#5722,#5723,#5724,#5725,#5726,#5727,#5728,#5729,#5730,
#5731,#5732,#5733,#5734,#5735,#5736,#5737,#5738,#5739,#5740,#5741,#5742,
#5743,#5744,#5745,#5746,#5747,#5748,#5749,#5750,#5751,#5752,#5753,#5754,
#5755,#5756,#5757,#5758,#5759,#5760,#5761,#5762,#5763,#5764),
 .UNSPECIFIED.,.F.,.F.,(4,3,3,3,3,3,3,3,3,3,3,3,3,3,3,3,3,3,3,3,3,3,3,3,
3,3,3,3,3,3,3,3,3,3,3,3,3,3,3,3,3,3,3,3,3,3,3,3,3,3,3,3,3,3,3,3,3,3,3,3,
3,3,3,3,3,3,3,3,3,3,3,3,3,3,3,3,3,3,3,3,3,3,3,3,3,3,3,3,3,3,3,3,3,3,3,3,
3,3,3,3,3,3,3,3,3,3,3,3,3,3,3,3,3,3,3,3,3,3,3,3,3,3,3,3,3,3,3,3,3,3,3,3,
3,3,3,3,3,3,3,3,3,3,3,3,3,3,3,3,3,3,3,3,3,3,3,3,3,3,3,3,3,3,3,3,3,3,3,3,
3,3,3,3,3,4),(0.,3.06479827608445E-5,0.000217666423493785,0.000404933969550457,
0.00115653180651865,0.00146953499395587,0.00191226304202574,0.00267222689201548,
0.00293906998791173,0.00343652564945409,0.00420537609608672,0.0044086049818676,
0.00497902405211599,0.00514337247884553,0.00575723850320785,0.00587813997582347,
0.00641647176893135,0.00653938480597294,0.0066129074728014,0.00732135881125873,
0.00734767496977934,0.00870539443409868,0.0088172099637352,0.00888544001177305,
0.0102107771574587,0.0102867449576911,0.0104495840529094,0.011021512454669,
0.0112313965904744,0.0117562799516469,0.012013757430633,0.0130988537600847,
0.0132258149456028,0.0135776036839559,0.0146953499395587,0.0151419561081637,
0.0161091407082068,0.0161648849335145,0.016705335581831,0.0176344199274704,
0.0182699758008865,0.0191039549214263,0.019834017397626,0.0205734899153821,
0.0213980960395317,0.0229621733679064,0.0235125599032939,0.0253761298777705,
0.0260904878577781,0.0264516298912056,0.0276734933490075,0.0279211648851615,
0.0292185316350279,0.0293906998791173,0.0313988692382196,0.0323297698670291,
0.0323467026880179,0.0352688398549408,0.0354748698147848,0.03860306449795,
0.0411469798307643,0.0417312029473315,0.044086049818676,0.0448593711965268,
0.0470251198065877,0.0479875378657714,0.0499641897944995,0.051115704830041,
0.0529032597824112,0.0542438734391331,0.0558423297703229,0.0573720303491967,
0.0587813997582347,0.0589361224952705,0.060500234921779,0.0617204697461464,
0.0620642820691183,0.0631900047401023,0.0636283610983509,0.0646595397340581,
0.0651925246239286,0.0659745447125914,0.066129074728014,0.0667564084091453,
0.0675385682052635,0.0675986097219699,0.0683206903474984,0.0690681447159257,
0.0691026625086378,0.0694936638819144,0.0698029122129037,0.0698847183147152,
0.0702757684915168,0.0705376797098816,0.0706666927433593,0.0710577559256959,
0.0712724472068595,0.0714487640268463,0.0718397923338504,0.0720072147038375,
0.0720353262562759,0.072230858707364,0.0723745984523265,0.0724263261620574,
0.0726218073034487,0.0727419822008154,0.0728174919229565,0.0729152936159632,
0.0730130111079093,0.0731093659493044,0.0731106268791494,0.0732082634683286,
0.0732571802154433,0.0732930578235489,0.0733061902145999,0.0733551290624326,
0.0734039772493772,0.0734527950273268,0.0734767496977934,0.0734772112234954,
0.0735016513780873,0.0735261168569855,0.0735505935907014,0.0735995243018877,
0.0736483311217881,0.0736604415720378,0.0736970422812999,0.0737459016969171,
0.073794845834666,0.0738441334462823,0.073892713329124,0.0739905127264845,
0.0740882625500761,0.0741859629709536,0.0742115171947713,0.074381389261566,
0.0745769571684831,0.0745789009432603,0.074772489651252,0.0749462846917492,
0.0749679752997437,0.0751634547796531,0.0753589464805435,0.0756810521887271,
0.0757500402758165,0.076141181417339,0.0764158196857051,0.0765319867873948,
0.076923010802301,0.077150587182683,0.0773141322255487,0.0777051434849704,
0.077885354679661,0.0784871364346133,0.0792692023074711,0.0793548896736168,
0.080051308782546,0.0808244246675727,0.080833290078328,0.081615276585987,
0.0822939596615286,0.0823974601462122,0.0837634946554844,0.0839601743872469,
0.0852330296494403,0.0855209507749509,0.0870798429319829,0.088172099637352,
0.0886371356481619,0.0901931133387374,0.0911111696252637,0.0917479027053748,
0.0933016088668684,0.0940502392644793),.UNSPECIFIED.);
#1533=B_SPLINE_CURVE_WITH_KNOTS('',3,(#5766,#5767,#5768,#5769,#5770,#5771,
#5772),.UNSPECIFIED.,.F.,.F.,(4,1,1,1,4),(-5.99999999953312E-8,0.00222275297580909,
0.00444556595161818,0.00666837892742727,0.00889119190323636),
 .UNSPECIFIED.);
#1534=B_SPLINE_CURVE_WITH_KNOTS('',3,(#5868,#5869,#5870,#5871,#5872,#5873,
#5874,#5875),.UNSPECIFIED.,.F.,.F.,(4,1,1,1,1,4),(3.92523114670944E-17,
0.00624111290761859,0.0124822258152371,0.0187233387228557,0.021843895176665,
0.0249644516304743),.UNSPECIFIED.);
#1535=B_SPLINE_CURVE_WITH_KNOTS('',3,(#5878,#5879,#5880,#5881),
 .UNSPECIFIED.,.F.,.F.,(4,4),(0.,1.),.UNSPECIFIED.);
#1536=B_SPLINE_CURVE_WITH_KNOTS('',3,(#5882,#5883,#5884,#5885),
 .UNSPECIFIED.,.F.,.F.,(4,4),(0.,0.00330279930210777),.UNSPECIFIED.);
#1537=B_SPLINE_CURVE_WITH_KNOTS('',3,(#5946,#5947,#5948,#5949),
 .UNSPECIFIED.,.F.,.F.,(4,4),(0.,0.00317615024354867),.UNSPECIFIED.);
#1538=B_SPLINE_CURVE_WITH_KNOTS('',3,(#5951,#5952,#5953,#5954,#5955,#5956,
#5957,#5958),.UNSPECIFIED.,.F.,.F.,(4,1,1,1,1,4),(0.0350535814538026,0.0400341394503112,
0.0450146974468197,0.0549758134398368,0.0649369294328538,0.0748980454258709),
 .UNSPECIFIED.);
#1539=B_SPLINE_CURVE_WITH_KNOTS('',3,(#5960,#5961,#5962,#5963),
 .UNSPECIFIED.,.F.,.F.,(4,4),(-5.99999999973023E-8,0.00317861152174698),
 .UNSPECIFIED.);
#1540=B_SPLINE_CURVE_WITH_KNOTS('',3,(#6014,#6015,#6016,#6017),
 .UNSPECIFIED.,.F.,.F.,(4,4),(0.935963210785587,0.970972883796987),
 .UNSPECIFIED.);
#1541=B_SPLINE_CURVE_WITH_KNOTS('',3,(#6019,#6020,#6021,#6022),
 .UNSPECIFIED.,.F.,.F.,(4,4),(0.,0.00172595454935202),.UNSPECIFIED.);
#1542=B_SPLINE_CURVE_WITH_KNOTS('',3,(#6024,#6025,#6026,#6027),
 .UNSPECIFIED.,.F.,.F.,(4,4),(0.00144538610736423,0.00176488199174118),
 .UNSPECIFIED.);
#1543=B_SPLINE_CURVE_WITH_KNOTS('',3,(#6029,#6030,#6031,#6032),
 .UNSPECIFIED.,.F.,.F.,(4,4),(0.0017350633822574,0.00319527622530747),
 .UNSPECIFIED.);
#1544=B_SPLINE_CURVE_WITH_KNOTS('',3,(#6034,#6035,#6036,#6037,#6038,#6039,
#6040),.UNSPECIFIED.,.F.,.F.,(4,1,1,1,4),(0.0831106436358353,0.086793990214658,
0.0904773367934807,0.0941606833723035,0.0978440299511262),.UNSPECIFIED.);
#1545=B_SPLINE_CURVE_WITH_KNOTS('',3,(#6042,#6043,#6044,#6045),
 .UNSPECIFIED.,.F.,.F.,(4,4),(-5.99999999910217E-8,0.00315329108402385),
 .UNSPECIFIED.);
#1546=B_SPLINE_CURVE_WITH_KNOTS('',3,(#6101,#6102,#6103,#6104,#6105,#6106,
#6107,#6108,#6109,#6110),.UNSPECIFIED.,.F.,.F.,(4,1,1,1,1,1,1,4),(0.0960552019960347,
0.269551466596108,0.356299598896144,0.443047731196181,0.529795863496217,
0.616543995796254,0.70329212809629,0.790040260396327),.UNSPECIFIED.);
#1547=B_SPLINE_CURVE_WITH_KNOTS('',3,(#6113,#6114,#6115,#6116),
 .UNSPECIFIED.,.F.,.F.,(4,4),(0.,0.00317580179995843),.UNSPECIFIED.);
#1548=B_SPLINE_CURVE_WITH_KNOTS('',3,(#6118,#6119,#6120,#6121,#6122,#6123,
#6124,#6125,#6126),.UNSPECIFIED.,.F.,.F.,(4,1,1,1,1,1,4),(0.00528863971487432,
0.0188033067172538,0.0255606402184436,0.0323179737196333,0.0458326407220128,
0.0525899742232026,0.0593473077243923),.UNSPECIFIED.);
#1549=B_SPLINE_CURVE_WITH_KNOTS('',3,(#6128,#6129,#6130,#6131),
 .UNSPECIFIED.,.F.,.F.,(4,4),(-5.99999999954376E-8,0.00316212277309005),
 .UNSPECIFIED.);
#1550=B_SPLINE_CURVE_WITH_KNOTS('',3,(#6152,#6153,#6154,#6155),
 .UNSPECIFIED.,.F.,.F.,(4,4),(0.892779838670678,0.9871517419061),
 .UNSPECIFIED.);
#1551=B_SPLINE_CURVE_WITH_KNOTS('',3,(#6157,#6158,#6159,#6160),
 .UNSPECIFIED.,.F.,.F.,(4,4),(0.0679485452013255,0.0750142930740073),
 .UNSPECIFIED.);
#1552=B_SPLINE_CURVE_WITH_KNOTS('',3,(#6162,#6163,#6164,#6165),
 .UNSPECIFIED.,.F.,.F.,(4,4),(-5.99999999875563E-8,0.00315349171780873),
 .UNSPECIFIED.);
#1553=B_SPLINE_CURVE_WITH_KNOTS('',3,(#6218,#6219,#6220,#6221,#6222,#6223,
#6224,#6225,#6226,#6227,#6228,#6229,#6230,#6231,#6232,#6233,#6234,#6235,
#6236,#6237,#6238,#6239,#6240,#6241,#6242,#6243,#6244,#6245,#6246,#6247,
#6248,#6249,#6250,#6251,#6252,#6253,#6254,#6255,#6256,#6257,#6258,#6259,
#6260,#6261,#6262,#6263,#6264,#6265,#6266,#6267,#6268,#6269,#6270,#6271,
#6272,#6273,#6274,#6275,#6276,#6277,#6278,#6279,#6280,#6281,#6282,#6283,
#6284,#6285,#6286,#6287,#6288,#6289,#6290,#6291,#6292,#6293,#6294,#6295,
#6296,#6297,#6298,#6299,#6300,#6301,#6302,#6303,#6304,#6305,#6306,#6307,
#6308,#6309,#6310,#6311,#6312,#6313,#6314,#6315,#6316,#6317,#6318,#6319,
#6320,#6321,#6322,#6323,#6324,#6325,#6326,#6327,#6328,#6329,#6330,#6331,
#6332,#6333,#6334,#6335,#6336,#6337,#6338,#6339,#6340,#6341,#6342,#6343,
#6344,#6345,#6346,#6347),.UNSPECIFIED.,.F.,.F.,(4,3,3,3,3,3,3,3,3,3,3,3,
3,3,3,3,3,3,3,3,3,3,3,3,3,3,3,3,3,3,3,3,3,3,3,3,3,3,3,3,3,3,3,4),(4.38854183572088E-17,
0.0010874789551304,0.00350166557667239,0.00428287314107109,0.00591911052584368,
0.00834062455834386,0.00856574628214213,0.0104479774737253,0.0107071828526777,
0.0107665106002662,0.0119809787552497,0.0128486194232132,0.0131976199468112,
0.0147500566690718,0.0149900559937487,0.0156297971025828,0.0171314925642842,
0.0180625068275069,0.0204950051730891,0.0214143657053553,0.0238285016708941,
0.0253600549472815,0.0256972388464263,0.028667406111241,0.0299801119874974,
0.0302251511325278,0.0326581100677806,0.0342629851285684,0.0350899138036112,
0.0385458582696394,0.0399553383618279,0.0423878583344542,0.0438740234466783,
0.0448203783070805,0.0471116045517815,0.0496851584327656,0.0513944776928526,
0.0545504411158431,0.0594138711706383,0.0599602239749947,0.0618449844543293,
0.0642759581428226,0.0667066718201252,0.0685259700168709),.UNSPECIFIED.);
#1554=B_SPLINE_CURVE_WITH_KNOTS('',3,(#6350,#6351,#6352,#6353),
 .UNSPECIFIED.,.F.,.F.,(4,4),(0.00234379457556275,0.00658817574345081),
 .UNSPECIFIED.);
#1555=B_SPLINE_CURVE_WITH_KNOTS('',3,(#6354,#6355,#6356,#6357),
 .UNSPECIFIED.,.F.,.F.,(4,4),(0.0128482646222658,0.107220161329419),
 .UNSPECIFIED.);
#1556=B_SPLINE_CURVE_WITH_KNOTS('',3,(#6359,#6360,#6361,#6362,#6363,#6364,
#6365),.UNSPECIFIED.,.F.,.F.,(4,1,1,1,4),(-4.81295843276204E-8,0.00233421465855456,
0.00466847744669346,0.00700274023483235,0.00933700302297124),
 .UNSPECIFIED.);
#1557=B_SPLINE_CURVE_WITH_KNOTS('',3,(#6403,#6404,#6405,#6406,#6407),
 .UNSPECIFIED.,.F.,.F.,(4,1,4),(0.,0.00222718806319005,0.00445437612638009),
 .UNSPECIFIED.);
#1558=B_SPLINE_CURVE_WITH_KNOTS('',3,(#6421,#6422,#6423,#6424,#6425),
 .UNSPECIFIED.,.F.,.F.,(4,1,4),(0.,0.114161313805626,0.228322627611252),
 .UNSPECIFIED.);
#1559=B_SPLINE_CURVE_WITH_KNOTS('',3,(#6428,#6429,#6430,#6431,#6432),
 .UNSPECIFIED.,.F.,.F.,(4,1,4),(0.,0.00158624678474596,0.00317249356949192),
 .UNSPECIFIED.);
#1560=B_SPLINE_CURVE_WITH_KNOTS('',3,(#6442,#6443,#6444,#6445),
 .UNSPECIFIED.,.F.,.F.,(4,4),(0.,0.91333428169019),.UNSPECIFIED.);
#1561=B_SPLINE_CURVE_WITH_KNOTS('',3,(#6449,#6450,#6451,#6452),
 .UNSPECIFIED.,.F.,.F.,(4,4),(0.00116816389460785,0.0012582919714782),
 .UNSPECIFIED.);
#1562=B_SPLINE_CURVE_WITH_KNOTS('',3,(#6461,#6462,#6463,#6464,#6465,#6466,
#6467,#6468,#6469,#6470,#6471,#6472,#6473),.UNSPECIFIED.,.F.,.F.,(4,1,1,
1,1,1,1,1,1,1,4),(0.0621141100229189,0.179349846270054,0.237967714393622,
0.296585582517189,0.413821318764324,0.472439186887892,0.53105705501146,
0.648292791258595,0.76552852750573,0.882764263752865,1.),.UNSPECIFIED.);
#1563=B_SPLINE_CURVE_WITH_KNOTS('',3,(#6486,#6487,#6488,#6489),
 .UNSPECIFIED.,.F.,.F.,(4,4),(0.,0.000259755391213905),.UNSPECIFIED.);
#1564=B_SPLINE_CURVE_WITH_KNOTS('',3,(#6494,#6495,#6496,#6497,#6498,#6499,
#6500,#6501,#6502,#6503,#6504,#6505,#6506,#6507),.UNSPECIFIED.,.F.,.F.,
(4,2,2,2,2,2,4),(-0.178160290753173,-0.154142259738427,-0.128057811252273,
-0.0890387195518259,-0.0493210627035628,-0.023823222954034,-8.15462682934864E-8),
 .UNSPECIFIED.);
#1565=B_SPLINE_CURVE_WITH_KNOTS('',3,(#6515,#6516,#6517,#6518,#6519,#6520,
#6521,#6522,#6523,#6524,#6525,#6526,#6527,#6528),.UNSPECIFIED.,.F.,.F.,
(4,1,1,1,1,1,1,1,1,1,1,4),(0.,0.25,0.375,0.5,0.625,0.6875,0.71875,0.75,
0.78125,0.8125,0.875,1.),.UNSPECIFIED.);
#1566=B_SPLINE_CURVE_WITH_KNOTS('',3,(#6545,#6546,#6547,#6548,#6549,#6550,
#6551,#6552,#6553,#6554,#6555,#6556,#6557,#6558),.UNSPECIFIED.,.F.,.F.,
(4,2,2,2,2,2,4),(-0.178857068992457,-0.154985161119476,-0.129489337497894,
-0.0895582172913192,-0.0504733096539206,-0.0241824110107455,-8.26966906064541E-9),
 .UNSPECIFIED.);
#1567=B_SPLINE_CURVE_WITH_KNOTS('',3,(#6563,#6564,#6565,#6566,#6567,#6568),
 .UNSPECIFIED.,.F.,.F.,(4,2,4),(-0.027207034720935,-0.0135787529033074,
-3.35723175986407E-6),.UNSPECIFIED.);
#1568=B_SPLINE_CURVE_WITH_KNOTS('',3,(#6569,#6570,#6571,#6572,#6573,#6574,
#6575,#6576,#6577),.UNSPECIFIED.,.F.,.F.,(4,1,1,1,1,1,4),(0.,0.25,0.375,
0.5,0.625,0.75,1.),.UNSPECIFIED.);
#1569=B_SPLINE_CURVE_WITH_KNOTS('',3,(#6587,#6588,#6589,#6590,#6591,#6592,
#6593,#6594,#6595,#6596,#6597,#6598,#6599,#6600,#6601,#6602,#6603,#6604,
#6605,#6606,#6607),.UNSPECIFIED.,.T.,.F.,(1,1,1,1,1,1,1,1,1,1,1,1,1,1,1,
1,1,1,1,1,1,1,1,1,1),(-0.00289584079081514,-0.00193056052720991,-0.000965280263604684,
5.48874841426325E-16,0.00096528026360578,0.00193056052721101,0.00289584079081624,
0.00386112105442147,0.0048264013180267,0.00579168158163194,0.00675696184523717,
0.00723960197703978,0.0077222421088424,0.00820488224064501,0.00868752237244763,
0.00965280263605286,0.0106180828996581,0.0115833631632633,0.0125486434268686,
0.0135139236904738,0.014479203954079,0.0154444842176842,0.0164097644812895,
0.0173750447448947,0.0183403250084999),.UNSPECIFIED.);
#1570=B_SPLINE_CURVE_WITH_KNOTS('',3,(#6617,#6618,#6619,#6620,#6621,#6622,
#6623),.UNSPECIFIED.,.F.,.F.,(4,1,1,1,4),(-0.999983565382654,-0.754506173796618,
-0.503004115864412,-0.251502057932206,0.),.UNSPECIFIED.);
#1571=B_SPLINE_CURVE_WITH_KNOTS('',3,(#6628,#6629,#6630,#6631),
 .UNSPECIFIED.,.F.,.F.,(4,4),(1.04648550617158E-15,0.00299524020759614),
 .UNSPECIFIED.);
#1572=B_SPLINE_CURVE_WITH_KNOTS('',3,(#6642,#6643,#6644,#6645),
 .UNSPECIFIED.,.F.,.F.,(4,4),(0.,0.0049276546774256),.UNSPECIFIED.);
#1573=B_SPLINE_CURVE_WITH_KNOTS('',3,(#6650,#6651,#6652,#6653,#6654,#6655,
#6656,#6657,#6658),.UNSPECIFIED.,.F.,.F.,(4,1,1,1,1,1,4),(-1.,-0.75,-0.625,
-0.5,-0.375,-0.25,-1.30314767277517E-5),.UNSPECIFIED.);
#1574=B_SPLINE_CURVE_WITH_KNOTS('',3,(#6673,#6674,#6675,#6676),
 .UNSPECIFIED.,.F.,.F.,(4,4),(-0.0660072472475475,-1.93178674952332E-6),
 .UNSPECIFIED.);
#1575=B_SPLINE_CURVE_WITH_KNOTS('',3,(#6680,#6681,#6682,#6683),
 .UNSPECIFIED.,.F.,.F.,(4,4),(-0.382136801607166,0.),.UNSPECIFIED.);
#1576=B_SPLINE_CURVE_WITH_KNOTS('',3,(#6687,#6688,#6689,#6690),
 .UNSPECIFIED.,.F.,.F.,(4,4),(0.,1.),.UNSPECIFIED.);
#1577=B_SPLINE_CURVE_WITH_KNOTS('',3,(#6701,#6702,#6703,#6704),
 .UNSPECIFIED.,.F.,.F.,(4,4),(0.,0.0660934957592719),.UNSPECIFIED.);
#1578=B_SPLINE_CURVE_WITH_KNOTS('',3,(#6706,#6707,#6708,#6709),
 .UNSPECIFIED.,.F.,.F.,(4,4),(1.85102369423949E-5,0.409843836073348),
 .UNSPECIFIED.);
#1579=B_SPLINE_CURVE_WITH_KNOTS('',3,(#6720,#6721,#6722,#6723),
 .UNSPECIFIED.,.F.,.F.,(4,4),(0.,0.540497035541064),.UNSPECIFIED.);
#1580=B_SPLINE_CURVE_WITH_KNOTS('',3,(#6745,#6746,#6747,#6748,#6749,#6750,
#6751,#6752,#6753,#6754,#6755,#6756,#6757,#6758,#6759,#6760,#6761,#6762,
#6763),.UNSPECIFIED.,.F.,.F.,(4,1,1,1,1,1,1,1,1,1,3,3,4),(-0.0616062557394034,
0.,0.152490732028226,0.190613415035283,0.228736098042339,0.304981464056453,
0.381226830070566,0.419349513077622,0.457472196084679,0.533717562098792,
0.609962928112905,0.616062557394034,0.677668813133437),.UNSPECIFIED.);
#1581=B_SPLINE_CURVE_WITH_KNOTS('',3,(#6766,#6767,#6768,#6769,#6770,#6771,
#6772),.UNSPECIFIED.,.F.,.F.,(4,1,1,1,4),(0.,0.00192761255450728,0.00385522510901456,
0.00578283766352184,0.00771045021802912),.UNSPECIFIED.);
#1582=B_SPLINE_CURVE_WITH_KNOTS('',3,(#6784,#6785,#6786,#6787,#6788,#6789,
#6790,#6791,#6792,#6793,#6794,#6795,#6796,#6797,#6798,#6799,#6800,#6801,
#6802,#6803,#6804,#6805,#6806,#6807,#6808,#6809,#6810,#6811,#6812,#6813,
#6814,#6815,#6816,#6817,#6818,#6819,#6820,#6821,#6822,#6823,#6824,#6825,
#6826,#6827,#6828,#6829,#6830,#6831,#6832,#6833,#6834,#6835,#6836,#6837,
#6838,#6839,#6840,#6841,#6842,#6843,#6844,#6845,#6846,#6847,#6848,#6849,
#6850,#6851,#6852,#6853,#6854,#6855,#6856,#6857,#6858,#6859,#6860,#6861,
#6862,#6863,#6864,#6865,#6866,#6867,#6868,#6869,#6870,#6871,#6872,#6873,
#6874,#6875,#6876,#6877,#6878,#6879,#6880,#6881,#6882,#6883,#6884,#6885,
#6886,#6887,#6888,#6889,#6890,#6891,#6892,#6893,#6894,#6895,#6896,#6897,
#6898,#6899,#6900,#6901,#6902,#6903,#6904,#6905,#6906,#6907,#6908,#6909,
#6910,#6911,#6912,#6913,#6914,#6915,#6916,#6917,#6918,#6919,#6920,#6921,
#6922,#6923,#6924,#6925,#6926,#6927,#6928,#6929,#6930,#6931,#6932,#6933,
#6934,#6935,#6936,#6937,#6938,#6939,#6940,#6941,#6942,#6943,#6944,#6945,
#6946,#6947,#6948,#6949,#6950,#6951,#6952,#6953,#6954,#6955,#6956,#6957,
#6958,#6959,#6960,#6961,#6962,#6963,#6964,#6965,#6966,#6967,#6968,#6969,
#6970,#6971,#6972,#6973,#6974,#6975,#6976,#6977,#6978,#6979,#6980,#6981,
#6982,#6983,#6984,#6985,#6986,#6987,#6988,#6989,#6990,#6991,#6992,#6993,
#6994,#6995,#6996,#6997,#6998,#6999,#7000,#7001,#7002,#7003,#7004,#7005,
#7006,#7007,#7008,#7009,#7010,#7011,#7012,#7013,#7014,#7015,#7016,#7017,
#7018,#7019,#7020,#7021,#7022,#7023,#7024,#7025,#7026,#7027,#7028,#7029,
#7030,#7031,#7032,#7033,#7034,#7035,#7036,#7037,#7038,#7039,#7040,#7041,
#7042,#7043,#7044,#7045,#7046,#7047,#7048,#7049,#7050,#7051,#7052,#7053,
#7054,#7055,#7056,#7057,#7058,#7059,#7060,#7061,#7062,#7063,#7064,#7065,
#7066,#7067,#7068,#7069,#7070,#7071,#7072,#7073,#7074,#7075,#7076,#7077,
#7078,#7079,#7080,#7081,#7082,#7083,#7084,#7085,#7086,#7087,#7088,#7089,
#7090,#7091,#7092,#7093,#7094,#7095,#7096,#7097,#7098,#7099,#7100,#7101,
#7102,#7103,#7104,#7105,#7106,#7107,#7108,#7109,#7110,#7111,#7112,#7113,
#7114,#7115,#7116,#7117,#7118,#7119,#7120,#7121,#7122,#7123,#7124,#7125,
#7126,#7127,#7128,#7129,#7130,#7131,#7132,#7133,#7134,#7135,#7136,#7137,
#7138,#7139,#7140,#7141,#7142,#7143,#7144,#7145,#7146,#7147,#7148,#7149,
#7150,#7151,#7152,#7153,#7154,#7155,#7156,#7157,#7158,#7159,#7160,#7161,
#7162,#7163,#7164,#7165,#7166,#7167,#7168,#7169,#7170,#7171,#7172,#7173,
#7174,#7175,#7176,#7177,#7178,#7179,#7180,#7181,#7182,#7183,#7184,#7185,
#7186,#7187,#7188,#7189,#7190,#7191,#7192,#7193,#7194,#7195,#7196,#7197,
#7198,#7199,#7200,#7201,#7202,#7203,#7204,#7205,#7206,#7207,#7208,#7209,
#7210,#7211,#7212,#7213,#7214,#7215,#7216,#7217,#7218,#7219,#7220,#7221,
#7222,#7223,#7224,#7225,#7226,#7227,#7228,#7229,#7230,#7231,#7232,#7233,
#7234,#7235,#7236,#7237,#7238,#7239,#7240,#7241,#7242,#7243,#7244,#7245,
#7246,#7247,#7248,#7249,#7250,#7251,#7252,#7253,#7254,#7255,#7256,#7257,
#7258,#7259,#7260,#7261,#7262,#7263,#7264,#7265,#7266,#7267,#7268,#7269,
#7270,#7271,#7272,#7273,#7274,#7275,#7276,#7277,#7278,#7279,#7280,#7281,
#7282,#7283,#7284,#7285,#7286,#7287,#7288,#7289,#7290,#7291,#7292,#7293,
#7294,#7295,#7296,#7297,#7298,#7299,#7300,#7301,#7302,#7303),
 .UNSPECIFIED.,.F.,.F.,(4,3,3,3,3,3,3,3,3,3,3,3,3,3,3,3,3,3,3,3,3,3,3,3,
3,3,3,3,3,3,3,3,3,3,3,3,3,3,3,3,3,3,3,3,3,3,3,3,3,3,3,3,3,3,3,3,3,3,3,3,
3,3,3,3,3,3,3,3,3,3,3,3,3,3,3,3,3,3,3,3,3,3,3,3,3,3,3,3,3,3,3,3,3,3,3,3,
3,3,3,3,3,3,3,3,3,3,3,3,3,3,3,3,3,3,3,3,3,3,3,3,3,3,3,3,3,3,3,3,3,3,3,3,
3,3,3,3,3,3,3,3,3,3,3,3,3,3,3,3,3,3,3,3,3,3,3,3,3,3,3,3,3,3,3,3,3,3,3,3,
3,3,3,3,3,4),(0.,3.06479827608445E-5,0.000217666423493785,0.000404933969550457,
0.00115653180651865,0.00146953499395587,0.00191226304202574,0.00267222689201548,
0.00293906998791173,0.00343652564945409,0.00420537609608672,0.0044086049818676,
0.00497902405211599,0.00514337247884553,0.00575723850320785,0.00587813997582347,
0.00641647176893135,0.00653938480597294,0.0066129074728014,0.00732135881125873,
0.00734767496977934,0.00870539443409868,0.0088172099637352,0.00888544001177305,
0.0102107771574587,0.0102867449576911,0.0104495840529094,0.011021512454669,
0.0112313965904744,0.0117562799516469,0.012013757430633,0.0130988537600847,
0.0132258149456028,0.0135776036839559,0.0146953499395587,0.0151419561081637,
0.0161091407082068,0.0161648849335145,0.016705335581831,0.0176344199274704,
0.0182699758008865,0.0191039549214263,0.019834017397626,0.0205734899153821,
0.0213980960395317,0.0229621733679064,0.0235125599032939,0.0253761298777705,
0.0260904878577781,0.0264516298912056,0.0276734933490075,0.0279211648851615,
0.0292185316350279,0.0293906998791173,0.0313988692382196,0.0323297698670291,
0.0323467026880179,0.0352688398549408,0.0354748698147848,0.03860306449795,
0.0411469798307643,0.0417312029473315,0.044086049818676,0.0448593711965268,
0.0470251198065877,0.0479875378657714,0.0499641897944995,0.051115704830041,
0.0529032597824112,0.0542438734391331,0.0558423297703229,0.0573720303491967,
0.0587813997582347,0.0589361224952705,0.060500234921779,0.0617204697461464,
0.0620642820691183,0.0631900047401023,0.0636283610983509,0.0646595397340581,
0.0651925246239286,0.0659745447125914,0.066129074728014,0.0667564084091453,
0.0675385682052635,0.0675986097219699,0.0683206903474984,0.0690681447159257,
0.0691026625086378,0.0694936638819144,0.0698029122129037,0.0698847183147152,
0.0702757684915168,0.0705376797098816,0.0706666927433593,0.0710577559256959,
0.0712724472068595,0.0714487640268463,0.0718397923338504,0.0720072147038375,
0.0720353262562759,0.072230858707364,0.0723745984523265,0.0724263261620574,
0.0726218073034487,0.0727419822008154,0.0728174919229565,0.0729152936159632,
0.0730130111079093,0.0731093659493044,0.0731106268791494,0.0732082634683286,
0.0732571802154433,0.0732930578235489,0.0733061902145999,0.0733551290624326,
0.0734039772493772,0.0734527950273268,0.0734767496977934,0.0734772112234954,
0.0735016513780873,0.0735261168569855,0.0735505935907014,0.0735995243018877,
0.0736483311217881,0.0736604415720378,0.0736970422812999,0.0737459016969171,
0.073794845834666,0.0738441334462823,0.073892713329124,0.0739905127264845,
0.0740882625500761,0.0741859629709536,0.0742115171947713,0.074381389261566,
0.0745769571684831,0.0745789009432603,0.074772489651252,0.0749462846917492,
0.0749679752997437,0.0751634547796531,0.0753589464805435,0.0756810521887271,
0.0757500402758165,0.076141181417339,0.0764158196857051,0.0765319867873948,
0.076923010802301,0.077150587182683,0.0773141322255487,0.0777051434849704,
0.077885354679661,0.0784871364346133,0.0792692023074711,0.0793548896736168,
0.080051308782546,0.0808244246675727,0.080833290078328,0.081615276585987,
0.0822939596615286,0.0823974601462122,0.0837634946554844,0.0839601743872469,
0.0852330296494403,0.0855209507749509,0.0870798429319829,0.088172099637352,
0.0886371356481619,0.0901931133387374,0.0911111696252637,0.0917479027053748,
0.0933016088668684,0.0940502392644793),.UNSPECIFIED.);
#1583=B_SPLINE_CURVE_WITH_KNOTS('',3,(#7307,#7308,#7309,#7310,#7311,#7312,
#7313,#7314,#7315,#7316,#7317,#7318,#7319,#7320,#7321,#7322,#7323,#7324,
#7325,#7326,#7327,#7328,#7329,#7330,#7331,#7332,#7333,#7334,#7335,#7336,
#7337,#7338,#7339,#7340,#7341,#7342,#7343,#7344,#7345,#7346,#7347,#7348,
#7349,#7350,#7351,#7352,#7353,#7354,#7355,#7356,#7357,#7358,#7359,#7360,
#7361,#7362,#7363,#7364,#7365,#7366,#7367,#7368,#7369,#7370,#7371,#7372,
#7373,#7374,#7375,#7376,#7377,#7378,#7379,#7380,#7381,#7382,#7383,#7384,
#7385,#7386,#7387,#7388,#7389,#7390,#7391,#7392,#7393,#7394,#7395,#7396,
#7397,#7398,#7399,#7400,#7401,#7402,#7403,#7404,#7405,#7406,#7407,#7408,
#7409,#7410,#7411,#7412,#7413,#7414,#7415,#7416,#7417,#7418,#7419,#7420,
#7421,#7422,#7423,#7424,#7425,#7426,#7427,#7428,#7429,#7430,#7431,#7432,
#7433,#7434,#7435,#7436),.UNSPECIFIED.,.F.,.F.,(4,3,3,3,3,3,3,3,3,3,3,3,
3,3,3,3,3,3,3,3,3,3,3,3,3,3,3,3,3,3,3,3,3,3,3,3,3,3,3,3,3,3,3,4),(4.38854183572088E-17,
0.0010874789551304,0.00350166557667239,0.00428287314107109,0.00591911052584368,
0.00834062455834386,0.00856574628214213,0.0104479774737253,0.0107071828526777,
0.0107665106002662,0.0119809787552497,0.0128486194232132,0.0131976199468112,
0.0147500566690718,0.0149900559937487,0.0156297971025828,0.0171314925642842,
0.0180625068275069,0.0204950051730891,0.0214143657053553,0.0238285016708941,
0.0253600549472815,0.0256972388464263,0.028667406111241,0.0299801119874974,
0.0302251511325278,0.0326581100677806,0.0342629851285684,0.0350899138036112,
0.0385458582696394,0.0399553383618279,0.0423878583344542,0.0438740234466783,
0.0448203783070805,0.0471116045517815,0.0496851584327656,0.0513944776928526,
0.0545504411158431,0.0594138711706383,0.0599602239749947,0.0618449844543293,
0.0642759581428226,0.0667066718201252,0.0685259700168709),.UNSPECIFIED.);
#1584=B_SPLINE_CURVE_WITH_KNOTS('',3,(#7440,#7441,#7442,#7443,#7444),
 .UNSPECIFIED.,.F.,.F.,(4,1,4),(0.,0.00131423020700212,0.00262846041400425),
 .UNSPECIFIED.);
#1585=B_SPLINE_CURVE_WITH_KNOTS('',3,(#7448,#7449,#7450,#7451,#7452),
 .UNSPECIFIED.,.F.,.F.,(4,1,4),(0.,0.00130841893176945,0.00261683786353889),
 .UNSPECIFIED.);
#1586=B_SPLINE_CURVE_WITH_KNOTS('',3,(#7455,#7456,#7457,#7458,#7459,#7460,
#7461,#7462,#7463,#7464,#7465,#7466,#7467,#7468,#7469,#7470,#7471,#7472,
#7473,#7474,#7475,#7476,#7477,#7478,#7479,#7480,#7481,#7482,#7483),
 .UNSPECIFIED.,.F.,.F.,(4,1,1,1,1,1,1,1,1,1,1,1,1,1,1,1,1,1,1,1,1,1,1,1,
1,1,4),(0.,0.03125,0.0625,0.09375,0.109375,0.1171875,0.125,0.1328125,0.140625,
0.15625,0.1875,0.21875,0.25,0.28125,0.3125,0.34375,0.375,0.40625,0.4375,
0.5,0.5625,0.625,0.6875,0.75,0.8125,0.875,1.),.UNSPECIFIED.);
#1587=B_SPLINE_CURVE_WITH_KNOTS('',3,(#8373,#8374,#8375,#8376,#8377,#8378,
#8379,#8380,#8381,#8382,#8383,#8384,#8385,#8386,#8387,#8388,#8389,#8390,
#8391,#8392,#8393,#8394,#8395,#8396),.UNSPECIFIED.,.F.,.F.,(4,1,1,1,1,1,
1,1,1,1,1,1,1,1,1,1,1,1,1,1,1,4),(0.,0.125,0.25,0.3125,0.375,0.4375,0.5,
0.5625,0.59375,0.625,0.65625,0.6875,0.71875,0.734375,0.75,0.765625,0.78125,
0.8125,0.875,0.90625,0.9375,1.),.UNSPECIFIED.);
#1588=B_SPLINE_CURVE_WITH_KNOTS('',3,(#8398,#8399,#8400,#8401),
 .UNSPECIFIED.,.F.,.F.,(4,4),(0.,1.),.UNSPECIFIED.);
#1589=B_SPLINE_CURVE_WITH_KNOTS('',3,(#8409,#8410,#8411,#8412,#8413),
 .UNSPECIFIED.,.F.,.F.,(4,1,4),(0.,0.00158625245483117,0.00317250490966234),
 .UNSPECIFIED.);
#1590=B_SPLINE_CURVE_WITH_KNOTS('',3,(#8792,#8793,#8794,#8795,#8796,#8797,
#8798,#8799,#8800,#8801,#8802,#8803,#8804,#8805,#8806,#8807,#8808,#8809,
#8810,#8811,#8812,#8813,#8814,#8815,#8816,#8817,#8818),.UNSPECIFIED.,.F.,
 .F.,(4,1,1,1,1,1,1,1,1,1,1,1,1,1,1,1,1,1,1,1,1,1,1,1,4),(1.96261557335472E-17,
0.00648113637331994,0.0129622727466399,0.0194434091199598,0.0226839773066197,
0.0259245454932797,0.0291651136799397,0.0324056818665996,0.0356462500532596,
0.0388868182399195,0.0421273864265795,0.0453679546132395,0.0518490909865594,
0.0583302273598793,0.0648113637331992,0.0712925001065191,0.0777736364798391,
0.084254772853159,0.087495341039819,0.0907359092264789,0.0939764774131389,
0.0972170455997988,0.100457613786459,0.102077897879789,0.103698181973119),
 .UNSPECIFIED.);
#1591=B_SPLINE_CURVE_WITH_KNOTS('',3,(#8822,#8823,#8824,#8825),
 .UNSPECIFIED.,.F.,.F.,(4,4),(0.,1.),.UNSPECIFIED.);
#1592=B_SPLINE_CURVE_WITH_KNOTS('',3,(#8827,#8828,#8829,#8830),
 .UNSPECIFIED.,.F.,.F.,(4,4),(0.,1.),.UNSPECIFIED.);
#1593=B_SPLINE_CURVE_WITH_KNOTS('',3,(#8960,#8961,#8962,#8963,#8964,#8965,
#8966,#8967,#8968,#8969,#8970,#8971),.UNSPECIFIED.,.F.,.F.,(4,1,1,1,1,1,
1,1,1,4),(0.,0.00990443080563481,0.0198088616112696,0.0297132924169044,
0.0396177232225393,0.0495221540281741,0.0544743694309915,0.0594265848338089,
0.0693310156394437,0.0792354464450785),.UNSPECIFIED.);
#1594=B_SPLINE_CURVE_WITH_KNOTS('',3,(#8972,#8973,#8974,#8975),
 .UNSPECIFIED.,.F.,.F.,(4,4),(0.,1.),.UNSPECIFIED.);
#1595=B_SPLINE_CURVE_WITH_KNOTS('',3,(#9191,#9192,#9193,#9194),
 .UNSPECIFIED.,.F.,.F.,(4,4),(0.,1.),.UNSPECIFIED.);
#1596=B_SPLINE_CURVE_WITH_KNOTS('',3,(#9212,#9213,#9214,#9215,#9216,#9217),
 .UNSPECIFIED.,.F.,.F.,(4,1,1,4),(1.52936199552975,1.5707963267949,1.9851396394464,
2.02657397071155),.UNSPECIFIED.);
#1597=B_SPLINE_CURVE_WITH_KNOTS('',3,(#9241,#9242,#9243,#9244,#9245),
 .UNSPECIFIED.,.F.,.F.,(4,1,4),(0.,0.000861905477703491,0.00172381095540698),
 .UNSPECIFIED.);
#1598=B_SPLINE_CURVE_WITH_KNOTS('',3,(#9249,#9250,#9251,#9252,#9253),
 .UNSPECIFIED.,.F.,.F.,(4,1,4),(3.07197928500461E-16,0.000859699523575645,
0.00171939904715098),.UNSPECIFIED.);
#1599=B_SPLINE_CURVE_WITH_KNOTS('',3,(#9254,#9255,#9256,#9257,#9258,#9259,
#9260),.UNSPECIFIED.,.F.,.F.,(4,1,1,1,4),(0.,0.000573771923986711,0.00114754384797342,
0.00172131577196013,0.00229508769594684),.UNSPECIFIED.);
#1600=B_SPLINE_CURVE_WITH_KNOTS('',3,(#9264,#9265,#9266,#9267,#9268),
 .UNSPECIFIED.,.F.,.F.,(4,1,4),(7.99750795267501E-16,0.00100163835595507,
0.00200327671190935),.UNSPECIFIED.);
#1601=B_SPLINE_CURVE_WITH_KNOTS('',3,(#9269,#9270,#9271,#9272,#9273),
 .UNSPECIFIED.,.F.,.F.,(4,1,4),(0.,0.000868827160941712,0.00173765432188342),
 .UNSPECIFIED.);
#1602=B_SPLINE_CURVE_WITH_KNOTS('',3,(#9277,#9278,#9279,#9280,#9281),
 .UNSPECIFIED.,.F.,.F.,(4,1,4),(6.39734408315113E-17,0.000857566422248228,
0.00171513284449639),.UNSPECIFIED.);
#1603=B_SPLINE_CURVE_WITH_KNOTS('',3,(#9282,#9283,#9284,#9285),
 .UNSPECIFIED.,.F.,.F.,(4,4),(0.00162509682831365,0.00433370100150414),
 .UNSPECIFIED.);
#1604=B_SPLINE_CURVE_WITH_KNOTS('',3,(#9295,#9296,#9297,#9298,#9299),
 .UNSPECIFIED.,.F.,.F.,(4,1,4),(0.,0.000948922394499421,0.00189784478899884),
 .UNSPECIFIED.);
#1605=B_SPLINE_CURVE_WITH_KNOTS('',3,(#9303,#9304,#9305,#9306,#9307),
 .UNSPECIFIED.,.F.,.F.,(4,1,4),(9.02222992423391E-17,0.000934703999666677,
0.00186940799933326),.UNSPECIFIED.);
#1606=B_SPLINE_CURVE_WITH_KNOTS('',3,(#9322,#9323,#9324,#9325),
 .UNSPECIFIED.,.F.,.F.,(4,4),(0.0214381323095125,0.0237701227318981),
 .UNSPECIFIED.);
#1607=B_SPLINE_CURVE_WITH_KNOTS('',3,(#9326,#9327,#9328,#9329),
 .UNSPECIFIED.,.F.,.F.,(4,4),(0.0090755760075931,0.0117072431014774),
 .UNSPECIFIED.);
#1608=B_SPLINE_CURVE_WITH_KNOTS('',3,(#9331,#9332,#9333,#9334,#9335),
 .UNSPECIFIED.,.F.,.F.,(4,1,4),(4.95536141880058E-17,0.00181748399401002,
0.00363496798801998),.UNSPECIFIED.);
#1609=B_SPLINE_CURVE_WITH_KNOTS('',3,(#9336,#9337,#9338,#9339,#9340),
 .UNSPECIFIED.,.F.,.F.,(4,1,4),(0.00130533022566785,0.00303449037072655,
0.00476365051578525),.UNSPECIFIED.);
#1610=B_SPLINE_CURVE_WITH_KNOTS('',3,(#9342,#9343,#9344,#9345),
 .UNSPECIFIED.,.F.,.F.,(4,4),(0.00191658190221074,0.00225796322560432),
 .UNSPECIFIED.);
#1611=B_SPLINE_CURVE_WITH_KNOTS('',3,(#9360,#9361,#9362,#9363),
 .UNSPECIFIED.,.F.,.F.,(4,4),(0.0011853110664553,0.00249185540108334),
 .UNSPECIFIED.);
#1612=B_SPLINE_CURVE_WITH_KNOTS('',3,(#9377,#9378,#9379,#9380),
 .UNSPECIFIED.,.F.,.F.,(4,4),(0.0142304096227589,0.0165274465500503),
 .UNSPECIFIED.);
#1613=B_SPLINE_CURVE_WITH_KNOTS('',3,(#9389,#9390,#9391,#9392),
 .UNSPECIFIED.,.F.,.F.,(4,4),(0.0142082186751616,0.0163698297479073),
 .UNSPECIFIED.);
#1614=B_SPLINE_CURVE_WITH_KNOTS('',3,(#9402,#9403,#9404,#9405),
 .UNSPECIFIED.,.F.,.F.,(4,4),(0.00953119518730604,0.0155288297974445),
 .UNSPECIFIED.);
#1615=B_SPLINE_CURVE_WITH_KNOTS('',3,(#9421,#9422,#9423,#9424),
 .UNSPECIFIED.,.F.,.F.,(4,4),(0.0259172410144946,0.0312631009773982),
 .UNSPECIFIED.);
#1616=B_SPLINE_CURVE_WITH_KNOTS('',3,(#9447,#9448,#9449,#9450,#9451),
 .UNSPECIFIED.,.F.,.F.,(4,1,4),(0.,0.00161777993121111,0.00323555986242223),
 .UNSPECIFIED.);
#1617=B_SPLINE_CURVE_WITH_KNOTS('',3,(#9477,#9478,#9479,#9480),
 .UNSPECIFIED.,.F.,.F.,(4,4),(0.,0.000975723087478894),.UNSPECIFIED.);
#1618=B_SPLINE_CURVE_WITH_KNOTS('',3,(#9482,#9483,#9484,#9485),
 .UNSPECIFIED.,.F.,.F.,(4,4),(1.42735594427951E-15,0.000418112338770523),
 .UNSPECIFIED.);
#1619=B_SPLINE_CURVE_WITH_KNOTS('',3,(#9500,#9501,#9502,#9503,#9504,#9505,
#9506,#9507),.UNSPECIFIED.,.F.,.F.,(4,1,1,1,1,4),(0.0100817776318227,0.0117840304143574,
0.0126351568056248,0.0134862831968922,0.0151885359794269,0.0168907887619617),
 .UNSPECIFIED.);
#1620=B_SPLINE_CURVE_WITH_KNOTS('',3,(#9511,#9512,#9513,#9514,#9515,#9516,
#9517),.UNSPECIFIED.,.F.,.F.,(4,1,1,1,4),(0.,0.00170130293004893,0.00340260586009786,
0.0051039087901468,0.00680521172019573),.UNSPECIFIED.);
#1621=B_SPLINE_CURVE_WITH_KNOTS('',3,(#9521,#9522,#9523,#9524),
 .UNSPECIFIED.,.F.,.F.,(4,4),(0.,0.00319498063163756),.UNSPECIFIED.);
#1622=B_SPLINE_CURVE_WITH_KNOTS('',3,(#9525,#9526,#9527,#9528),
 .UNSPECIFIED.,.F.,.F.,(4,4),(0.,0.00316236015509468),.UNSPECIFIED.);
#1623=B_SPLINE_CURVE_WITH_KNOTS('',3,(#9533,#9534,#9535,#9536,#9537,#9538,
#9539),.UNSPECIFIED.,.F.,.F.,(4,1,1,1,4),(0.,0.00162720255883672,0.00325440511767345,
0.00488160767651017,0.0065088102353469),.UNSPECIFIED.);
#1624=B_SPLINE_CURVE_WITH_KNOTS('',3,(#9543,#9544,#9545,#9546,#9547,#9548,
#9549),.UNSPECIFIED.,.F.,.F.,(4,1,1,1,4),(0.,0.00161463595421839,0.00322927190843679,
0.00484390786265518,0.00645854381687358),.UNSPECIFIED.);
#1625=B_SPLINE_CURVE_WITH_KNOTS('',3,(#9553,#9554,#9555,#9556),
 .UNSPECIFIED.,.F.,.F.,(4,4),(0.,0.00319975945660377),.UNSPECIFIED.);
#1626=B_SPLINE_CURVE_WITH_KNOTS('',3,(#9557,#9558,#9559,#9560),
 .UNSPECIFIED.,.F.,.F.,(4,4),(0.,0.00317202640757215),.UNSPECIFIED.);
#1627=B_SPLINE_CURVE_WITH_KNOTS('',3,(#9562,#9563,#9564,#9565),
 .UNSPECIFIED.,.F.,.F.,(4,4),(0.,0.00316266043673103),.UNSPECIFIED.);
#1628=B_SPLINE_CURVE_WITH_KNOTS('',3,(#9569,#9570,#9571,#9572,#9573,#9574,
#9575,#9576),.UNSPECIFIED.,.F.,.F.,(4,1,1,1,1,4),(0.0112709725947162,0.0129432182087186,
0.0137793410157197,0.0146154638227209,0.0162877094367233,0.0179599550507256),
 .UNSPECIFIED.);
#1629=B_SPLINE_CURVE_WITH_KNOTS('',3,(#9580,#9581,#9582,#9583,#9584,#9585,
#9586),.UNSPECIFIED.,.F.,.F.,(4,1,1,1,4),(0.,0.00167721249258812,0.00335442498517624,
0.00503163747776437,0.00670884997035249),.UNSPECIFIED.);
#1630=B_SPLINE_CURVE_WITH_KNOTS('',3,(#9590,#9591,#9592,#9593),
 .UNSPECIFIED.,.F.,.F.,(4,4),(0.,0.003195005444458),.UNSPECIFIED.);
#1631=B_SPLINE_CURVE_WITH_KNOTS('',3,(#9595,#9596,#9597,#9598),
 .UNSPECIFIED.,.F.,.F.,(4,4),(0.,0.0032599634945173),.UNSPECIFIED.);
#1632=B_SPLINE_CURVE_WITH_KNOTS('',3,(#9602,#9603,#9604,#9605,#9606,#9607,
#9608),.UNSPECIFIED.,.F.,.F.,(4,1,1,1,4),(0.,0.00161329692226984,0.00322659384453967,
0.00483989076680951,0.00645318768907935),.UNSPECIFIED.);
#1633=B_SPLINE_CURVE_WITH_KNOTS('',3,(#9612,#9613,#9614,#9615,#9616,#9617,
#9618),.UNSPECIFIED.,.F.,.F.,(4,1,1,1,4),(0.,0.00159544054384514,0.00319088108769029,
0.00478632163153543,0.00638176217538058),.UNSPECIFIED.);
#1634=B_SPLINE_CURVE_WITH_KNOTS('',3,(#9622,#9623,#9624,#9625),
 .UNSPECIFIED.,.F.,.F.,(4,4),(0.,0.00321220292559391),.UNSPECIFIED.);
#1635=B_SPLINE_CURVE_WITH_KNOTS('',3,(#9647,#9648,#9649,#9650,#9651),
 .UNSPECIFIED.,.F.,.F.,(4,1,4),(0.,0.5,1.),.UNSPECIFIED.);
#1636=B_SPLINE_CURVE_WITH_KNOTS('',3,(#9653,#9654,#9655,#9656,#9657),
 .UNSPECIFIED.,.F.,.F.,(4,1,4),(0.,0.5,1.),.UNSPECIFIED.);
#1637=B_SPLINE_CURVE_WITH_KNOTS('',3,(#9709,#9710,#9711,#9712,#9713),
 .UNSPECIFIED.,.F.,.F.,(4,1,4),(0.,0.5,1.),.UNSPECIFIED.);
#1638=B_SPLINE_CURVE_WITH_KNOTS('',3,(#9715,#9716,#9717,#9718,#9719),
 .UNSPECIFIED.,.F.,.F.,(4,1,4),(0.,0.5,1.),.UNSPECIFIED.);
#1639=B_SPLINE_CURVE_WITH_KNOTS('',3,(#9750,#9751,#9752,#9753,#9754),
 .UNSPECIFIED.,.F.,.F.,(4,1,4),(0.,0.5,1.),.UNSPECIFIED.);
#1640=B_SPLINE_CURVE_WITH_KNOTS('',3,(#9756,#9757,#9758,#9759,#9760),
 .UNSPECIFIED.,.F.,.F.,(4,1,4),(0.,0.5,1.),.UNSPECIFIED.);
#1641=B_SPLINE_CURVE_WITH_KNOTS('',3,(#9902,#9903,#9904,#9905,#9906),
 .UNSPECIFIED.,.F.,.F.,(4,1,4),(0.,0.5,1.),.UNSPECIFIED.);
#1642=B_SPLINE_CURVE_WITH_KNOTS('',3,(#9908,#9909,#9910,#9911,#9912),
 .UNSPECIFIED.,.F.,.F.,(4,1,4),(0.,0.5,1.),.UNSPECIFIED.);
#1643=B_SPLINE_CURVE_WITH_KNOTS('',3,(#9943,#9944,#9945,#9946,#9947),
 .UNSPECIFIED.,.F.,.F.,(4,1,4),(0.,0.5,1.),.UNSPECIFIED.);
#1644=B_SPLINE_CURVE_WITH_KNOTS('',3,(#9949,#9950,#9951,#9952,#9953),
 .UNSPECIFIED.,.F.,.F.,(4,1,4),(0.,0.5,1.),.UNSPECIFIED.);
#1645=B_SPLINE_CURVE_WITH_KNOTS('',3,(#10032,#10033,#10034,#10035,#10036),
 .UNSPECIFIED.,.F.,.F.,(4,1,4),(0.,0.5,1.),.UNSPECIFIED.);
#1646=B_SPLINE_CURVE_WITH_KNOTS('',3,(#10038,#10039,#10040,#10041,#10042),
 .UNSPECIFIED.,.F.,.F.,(4,1,4),(0.,0.5,1.),.UNSPECIFIED.);
#1647=B_SPLINE_CURVE_WITH_KNOTS('',3,(#10088,#10089,#10090,#10091,#10092),
 .UNSPECIFIED.,.F.,.F.,(4,1,4),(0.,0.5,1.),.UNSPECIFIED.);
#1648=B_SPLINE_CURVE_WITH_KNOTS('',3,(#10094,#10095,#10096,#10097,#10098),
 .UNSPECIFIED.,.F.,.F.,(4,1,4),(0.,0.5,1.),.UNSPECIFIED.);
#1649=EDGE_LOOP('',(#373,#374,#375,#376));
#1650=EDGE_LOOP('',(#377,#378,#379,#380,#381));
#1651=EDGE_LOOP('',(#382,#383,#384));
#1652=EDGE_LOOP('',(#385,#386,#387,#388));
#1653=EDGE_LOOP('',(#389,#390,#391,#392,#393));
#1654=EDGE_LOOP('',(#394,#395,#396,#397));
#1655=EDGE_LOOP('',(#398,#399,#400,#401));
#1656=EDGE_LOOP('',(#402,#403,#404,#405));
#1657=EDGE_LOOP('',(#406,#407,#408,#409,#410));
#1658=EDGE_LOOP('',(#411,#412,#413,#414,#415,#416));
#1659=EDGE_LOOP('',(#417,#418,#419,#420,#421,#422));
#1660=EDGE_LOOP('',(#423,#424,#425,#426));
#1661=EDGE_LOOP('',(#427,#428,#429,#430));
#1662=EDGE_LOOP('',(#431,#432,#433,#434,#435,#436,#437));
#1663=EDGE_LOOP('',(#438,#439,#440,#441));
#1664=EDGE_LOOP('',(#442,#443,#444,#445));
#1665=EDGE_LOOP('',(#446,#447,#448,#449,#450));
#1666=EDGE_LOOP('',(#451,#452,#453,#454));
#1667=EDGE_LOOP('',(#455,#456,#457,#458));
#1668=EDGE_LOOP('',(#459,#460,#461,#462,#463,#464,#465));
#1669=EDGE_LOOP('',(#466,#467,#468,#469));
#1670=EDGE_LOOP('',(#470,#471,#472,#473,#474));
#1671=EDGE_LOOP('',(#475,#476,#477,#478,#479));
#1672=EDGE_LOOP('',(#480,#481,#482));
#1673=EDGE_LOOP('',(#483,#484,#485,#486,#487));
#1674=EDGE_LOOP('',(#488,#489,#490,#491,#492,#493));
#1675=EDGE_LOOP('',(#494,#495,#496,#497));
#1676=EDGE_LOOP('',(#498,#499,#500,#501));
#1677=EDGE_LOOP('',(#502,#503,#504,#505,#506));
#1678=EDGE_LOOP('',(#507));
#1679=EDGE_LOOP('',(#508));
#1680=EDGE_LOOP('',(#509));
#1681=EDGE_LOOP('',(#510));
#1682=EDGE_LOOP('',(#511));
#1683=EDGE_LOOP('',(#512));
#1684=EDGE_LOOP('',(#513,#514,#515,#516));
#1685=EDGE_LOOP('',(#517,#518,#519));
#1686=EDGE_LOOP('',(#520));
#1687=EDGE_LOOP('',(#521,#522,#523,#524,#525,#526));
#1688=EDGE_LOOP('',(#527,#528,#529,#530));
#1689=EDGE_LOOP('',(#531,#532,#533,#534,#535,#536));
#1690=EDGE_LOOP('',(#537,#538,#539,#540,#541,#542,#543,#544));
#1691=EDGE_LOOP('',(#545,#546,#547,#548,#549,#550));
#1692=EDGE_LOOP('',(#551,#552,#553,#554));
#1693=EDGE_LOOP('',(#555,#556,#557,#558,#559));
#1694=EDGE_LOOP('',(#560,#561,#562,#563,#564));
#1695=EDGE_LOOP('',(#565,#566,#567,#568,#569,#570,#571,#572));
#1696=EDGE_LOOP('',(#573,#574,#575,#576,#577));
#1697=EDGE_LOOP('',(#578,#579,#580,#581));
#1698=EDGE_LOOP('',(#582,#583,#584,#585,#586));
#1699=EDGE_LOOP('',(#587,#588,#589,#590,#591,#592,#593,#594,#595,#596,#597,
#598));
#1700=EDGE_LOOP('',(#599,#600,#601,#602,#603,#604));
#1701=EDGE_LOOP('',(#605,#606,#607,#608,#609));
#1702=EDGE_LOOP('',(#610,#611,#612,#613,#614));
#1703=EDGE_LOOP('',(#615,#616,#617,#618));
#1704=EDGE_LOOP('',(#619,#620,#621,#622));
#1705=EDGE_LOOP('',(#623,#624,#625,#626));
#1706=EDGE_LOOP('',(#627,#628,#629,#630,#631));
#1707=EDGE_LOOP('',(#632,#633,#634,#635,#636));
#1708=EDGE_LOOP('',(#637,#638,#639,#640,#641,#642));
#1709=EDGE_LOOP('',(#643));
#1710=EDGE_LOOP('',(#644,#645,#646,#647));
#1711=EDGE_LOOP('',(#648));
#1712=EDGE_LOOP('',(#649));
#1713=EDGE_LOOP('',(#650));
#1714=EDGE_LOOP('',(#651));
#1715=EDGE_LOOP('',(#652,#653,#654,#655,#656,#657,#658,#659,#660,#661,#662,
#663,#664,#665,#666,#667,#668,#669,#670,#671,#672,#673,#674,#675,#676,#677,
#678,#679,#680,#681,#682,#683,#684,#685,#686,#687));
#1716=EDGE_LOOP('',(#688,#689,#690,#691,#692,#693));
#1717=EDGE_LOOP('',(#694,#695,#696,#697,#698,#699,#700,#701));
#1718=EDGE_LOOP('',(#702,#703,#704,#705,#706,#707));
#1719=EDGE_LOOP('',(#708,#709,#710,#711,#712));
#1720=EDGE_LOOP('',(#713,#714,#715,#716));
#1721=EDGE_LOOP('',(#717,#718,#719));
#1722=EDGE_LOOP('',(#720,#721,#722,#723,#724,#725));
#1723=EDGE_LOOP('',(#726,#727,#728,#729,#730,#731));
#1724=EDGE_LOOP('',(#732,#733,#734,#735,#736));
#1725=EDGE_LOOP('',(#737,#738,#739,#740));
#1726=EDGE_LOOP('',(#741,#742,#743,#744));
#1727=EDGE_LOOP('',(#745,#746,#747,#748));
#1728=EDGE_LOOP('',(#749,#750,#751,#752,#753,#754,#755,#756,#757,#758,#759,
#760,#761,#762,#763,#764));
#1729=EDGE_LOOP('',(#765,#766,#767,#768,#769));
#1730=EDGE_LOOP('',(#770,#771,#772));
#1731=EDGE_LOOP('',(#773,#774,#775,#776,#777,#778));
#1732=EDGE_LOOP('',(#779,#780,#781,#782,#783));
#1733=EDGE_LOOP('',(#784,#785,#786,#787));
#1734=EDGE_LOOP('',(#788,#789,#790,#791,#792,#793));
#1735=EDGE_LOOP('',(#794,#795,#796,#797,#798,#799));
#1736=EDGE_LOOP('',(#800,#801,#802,#803,#804,#805,#806,#807));
#1737=EDGE_LOOP('',(#808,#809,#810,#811,#812,#813,#814,#815));
#1738=EDGE_LOOP('',(#816,#817,#818,#819));
#1739=EDGE_LOOP('',(#820,#821,#822,#823));
#1740=EDGE_LOOP('',(#824,#825,#826,#827));
#1741=EDGE_LOOP('',(#828,#829,#830,#831));
#1742=EDGE_LOOP('',(#832,#833,#834,#835,#836,#837,#838,#839));
#1743=EDGE_LOOP('',(#840,#841,#842,#843,#844,#845,#846,#847));
#1744=EDGE_LOOP('',(#848,#849,#850,#851,#852,#853,#854,#855));
#1745=EDGE_LOOP('',(#856,#857,#858,#859,#860,#861,#862,#863));
#1746=EDGE_LOOP('',(#864,#865,#866,#867));
#1747=EDGE_LOOP('',(#868,#869,#870,#871));
#1748=EDGE_LOOP('',(#872,#873,#874,#875));
#1749=EDGE_LOOP('',(#876,#877,#878,#879));
#1750=EDGE_LOOP('',(#880,#881,#882,#883));
#1751=EDGE_LOOP('',(#884,#885,#886,#887));
#1752=EDGE_LOOP('',(#888,#889,#890,#891));
#1753=EDGE_LOOP('',(#892,#893,#894,#895));
#1754=EDGE_LOOP('',(#896,#897,#898,#899));
#1755=EDGE_LOOP('',(#900,#901,#902,#903,#904,#905,#906));
#1756=EDGE_LOOP('',(#907,#908,#909,#910));
#1757=EDGE_LOOP('',(#911,#912,#913,#914));
#1758=EDGE_LOOP('',(#915,#916,#917,#918));
#1759=EDGE_LOOP('',(#919,#920,#921,#922));
#1760=EDGE_LOOP('',(#923,#924,#925,#926));
#1761=EDGE_LOOP('',(#927,#928,#929,#930));
#1762=EDGE_LOOP('',(#931,#932,#933,#934));
#1763=EDGE_LOOP('',(#935,#936,#937,#938));
#1764=EDGE_LOOP('',(#939,#940,#941,#942));
#1765=EDGE_LOOP('',(#943,#944,#945,#946));
#1766=EDGE_LOOP('',(#947,#948,#949,#950));
#1767=EDGE_LOOP('',(#951,#952,#953,#954));
#1768=EDGE_LOOP('',(#955,#956,#957,#958));
#1769=EDGE_LOOP('',(#959,#960,#961,#962));
#1770=EDGE_LOOP('',(#963,#964,#965,#966));
#1771=EDGE_LOOP('',(#967,#968,#969,#970));
#1772=EDGE_LOOP('',(#971,#972,#973,#974));
#1773=EDGE_LOOP('',(#975,#976,#977,#978));
#1774=EDGE_LOOP('',(#979));
#1775=EDGE_LOOP('',(#980));
#1776=EDGE_LOOP('',(#981));
#1777=EDGE_LOOP('',(#982));
#1778=EDGE_LOOP('',(#983));
#1779=EDGE_LOOP('',(#984));
#1780=EDGE_LOOP('',(#985));
#1781=EDGE_LOOP('',(#986));
#1782=EDGE_LOOP('',(#987));
#1783=EDGE_LOOP('',(#988));
#1784=EDGE_LOOP('',(#989));
#1785=EDGE_LOOP('',(#990));
#1786=FACE_BOUND('',#1649,.T.);
#1787=FACE_BOUND('',#1650,.T.);
#1788=FACE_BOUND('',#1651,.T.);
#1789=FACE_BOUND('',#1652,.T.);
#1790=FACE_BOUND('',#1653,.T.);
#1791=FACE_BOUND('',#1654,.T.);
#1792=FACE_BOUND('',#1655,.T.);
#1793=FACE_BOUND('',#1656,.T.);
#1794=FACE_BOUND('',#1657,.T.);
#1795=FACE_BOUND('',#1658,.T.);
#1796=FACE_BOUND('',#1659,.T.);
#1797=FACE_BOUND('',#1660,.T.);
#1798=FACE_BOUND('',#1661,.T.);
#1799=FACE_BOUND('',#1662,.T.);
#1800=FACE_BOUND('',#1663,.T.);
#1801=FACE_BOUND('',#1664,.T.);
#1802=FACE_BOUND('',#1665,.T.);
#1803=FACE_BOUND('',#1666,.T.);
#1804=FACE_BOUND('',#1667,.T.);
#1805=FACE_BOUND('',#1668,.T.);
#1806=FACE_BOUND('',#1669,.T.);
#1807=FACE_BOUND('',#1670,.T.);
#1808=FACE_BOUND('',#1671,.T.);
#1809=FACE_BOUND('',#1672,.T.);
#1810=FACE_BOUND('',#1673,.T.);
#1811=FACE_BOUND('',#1674,.T.);
#1812=FACE_BOUND('',#1675,.T.);
#1813=FACE_BOUND('',#1676,.T.);
#1814=FACE_BOUND('',#1677,.T.);
#1815=FACE_BOUND('',#1678,.T.);
#1816=FACE_BOUND('',#1679,.T.);
#1817=FACE_BOUND('',#1680,.T.);
#1818=FACE_BOUND('',#1681,.T.);
#1819=FACE_BOUND('',#1682,.T.);
#1820=FACE_BOUND('',#1683,.T.);
#1821=FACE_BOUND('',#1684,.T.);
#1822=FACE_BOUND('',#1685,.T.);
#1823=FACE_BOUND('',#1686,.T.);
#1824=FACE_BOUND('',#1687,.T.);
#1825=FACE_BOUND('',#1688,.T.);
#1826=FACE_BOUND('',#1689,.T.);
#1827=FACE_BOUND('',#1690,.T.);
#1828=FACE_BOUND('',#1691,.T.);
#1829=FACE_BOUND('',#1692,.T.);
#1830=FACE_BOUND('',#1693,.T.);
#1831=FACE_BOUND('',#1694,.T.);
#1832=FACE_BOUND('',#1695,.T.);
#1833=FACE_BOUND('',#1696,.T.);
#1834=FACE_BOUND('',#1697,.T.);
#1835=FACE_BOUND('',#1698,.T.);
#1836=FACE_BOUND('',#1699,.T.);
#1837=FACE_BOUND('',#1700,.T.);
#1838=FACE_BOUND('',#1701,.T.);
#1839=FACE_BOUND('',#1702,.T.);
#1840=FACE_BOUND('',#1703,.T.);
#1841=FACE_BOUND('',#1704,.T.);
#1842=FACE_BOUND('',#1705,.T.);
#1843=FACE_BOUND('',#1706,.T.);
#1844=FACE_BOUND('',#1707,.T.);
#1845=FACE_BOUND('',#1708,.T.);
#1846=FACE_BOUND('',#1709,.T.);
#1847=FACE_BOUND('',#1710,.T.);
#1848=FACE_BOUND('',#1711,.T.);
#1849=FACE_BOUND('',#1712,.T.);
#1850=FACE_BOUND('',#1713,.T.);
#1851=FACE_BOUND('',#1714,.T.);
#1852=FACE_BOUND('',#1715,.T.);
#1853=FACE_BOUND('',#1716,.T.);
#1854=FACE_BOUND('',#1717,.T.);
#1855=FACE_BOUND('',#1718,.T.);
#1856=FACE_BOUND('',#1719,.T.);
#1857=FACE_BOUND('',#1720,.T.);
#1858=FACE_BOUND('',#1721,.T.);
#1859=FACE_BOUND('',#1722,.T.);
#1860=FACE_BOUND('',#1723,.T.);
#1861=FACE_BOUND('',#1724,.T.);
#1862=FACE_BOUND('',#1725,.T.);
#1863=FACE_BOUND('',#1726,.T.);
#1864=FACE_BOUND('',#1727,.T.);
#1865=FACE_BOUND('',#1728,.T.);
#1866=FACE_BOUND('',#1729,.T.);
#1867=FACE_BOUND('',#1730,.T.);
#1868=FACE_BOUND('',#1731,.T.);
#1869=FACE_BOUND('',#1732,.T.);
#1870=FACE_BOUND('',#1733,.T.);
#1871=FACE_BOUND('',#1734,.T.);
#1872=FACE_BOUND('',#1735,.T.);
#1873=FACE_BOUND('',#1736,.T.);
#1874=FACE_BOUND('',#1737,.T.);
#1875=FACE_BOUND('',#1738,.T.);
#1876=FACE_BOUND('',#1739,.T.);
#1877=FACE_BOUND('',#1740,.T.);
#1878=FACE_BOUND('',#1741,.T.);
#1879=FACE_BOUND('',#1742,.T.);
#1880=FACE_BOUND('',#1743,.T.);
#1881=FACE_BOUND('',#1744,.T.);
#1882=FACE_BOUND('',#1745,.T.);
#1883=FACE_BOUND('',#1746,.T.);
#1884=FACE_BOUND('',#1747,.T.);
#1885=FACE_BOUND('',#1748,.T.);
#1886=FACE_BOUND('',#1749,.T.);
#1887=FACE_BOUND('',#1750,.T.);
#1888=FACE_BOUND('',#1751,.T.);
#1889=FACE_BOUND('',#1752,.T.);
#1890=FACE_BOUND('',#1753,.T.);
#1891=FACE_BOUND('',#1754,.T.);
#1892=FACE_BOUND('',#1755,.T.);
#1893=FACE_BOUND('',#1756,.T.);
#1894=FACE_BOUND('',#1757,.T.);
#1895=FACE_BOUND('',#1758,.T.);
#1896=FACE_BOUND('',#1759,.T.);
#1897=FACE_BOUND('',#1760,.T.);
#1898=FACE_BOUND('',#1761,.T.);
#1899=FACE_BOUND('',#1762,.T.);
#1900=FACE_BOUND('',#1763,.T.);
#1901=FACE_BOUND('',#1764,.T.);
#1902=FACE_BOUND('',#1765,.T.);
#1903=FACE_BOUND('',#1766,.T.);
#1904=FACE_BOUND('',#1767,.T.);
#1905=FACE_BOUND('',#1768,.T.);
#1906=FACE_BOUND('',#1769,.T.);
#1907=FACE_BOUND('',#1770,.T.);
#1908=FACE_BOUND('',#1771,.T.);
#1909=FACE_BOUND('',#1772,.T.);
#1910=FACE_BOUND('',#1773,.T.);
#1911=FACE_BOUND('',#1774,.T.);
#1912=FACE_BOUND('',#1775,.T.);
#1913=FACE_BOUND('',#12,.T.);
#1914=FACE_BOUND('',#1776,.T.);
#1915=FACE_BOUND('',#1777,.T.);
#1916=FACE_BOUND('',#1778,.T.);
#1917=FACE_BOUND('',#13,.T.);
#1918=FACE_BOUND('',#1779,.T.);
#1919=FACE_BOUND('',#1780,.T.);
#1920=FACE_BOUND('',#1781,.T.);
#1921=FACE_BOUND('',#14,.T.);
#1922=FACE_BOUND('',#1782,.T.);
#1923=FACE_BOUND('',#1783,.T.);
#1924=FACE_BOUND('',#1784,.T.);
#1925=FACE_BOUND('',#15,.T.);
#1926=FACE_BOUND('',#1785,.T.);
#1927=B_SPLINE_SURFACE_WITH_KNOTS('',3,3,((#2600,#2601,#2602,#2603,#2604,
#2605,#2606,#2607,#2608,#2609,#2610,#2611,#2612),(#2613,#2614,#2615,#2616,
#2617,#2618,#2619,#2620,#2621,#2622,#2623,#2624,#2625),(#2626,#2627,#2628,
#2629,#2630,#2631,#2632,#2633,#2634,#2635,#2636,#2637,#2638),(#2639,#2640,
#2641,#2642,#2643,#2644,#2645,#2646,#2647,#2648,#2649,#2650,#2651),(#2652,
#2653,#2654,#2655,#2656,#2657,#2658,#2659,#2660,#2661,#2662,#2663,#2664),
(#2665,#2666,#2667,#2668,#2669,#2670,#2671,#2672,#2673,#2674,#2675,#2676,
#2677),(#2678,#2679,#2680,#2681,#2682,#2683,#2684,#2685,#2686,#2687,#2688,
#2689,#2690),(#2691,#2692,#2693,#2694,#2695,#2696,#2697,#2698,#2699,#2700,
#2701,#2702,#2703),(#2704,#2705,#2706,#2707,#2708,#2709,#2710,#2711,#2712,
#2713,#2714,#2715,#2716),(#2717,#2718,#2719,#2720,#2721,#2722,#2723,#2724,
#2725,#2726,#2727,#2728,#2729),(#2730,#2731,#2732,#2733,#2734,#2735,#2736,
#2737,#2738,#2739,#2740,#2741,#2742)),.UNSPECIFIED.,.F.,.F.,.F.,(4,1,1,
1,1,1,1,1,4),(4,1,1,1,1,1,1,1,1,1,4),(0.0342180462841337,0.0483919326670218,
0.0554788758584658,0.0625658190499098,0.0696527622413538,0.0755585482342239,
0.0802831770285199,0.0838266486242419,0.0909135918156859),(-0.00601861923796942,
0.0123202618418894,0.0306591429217482,0.0673369050814659,0.140692429400901,
0.245486035571523,0.371238362976269,0.496990690381016,0.622743017785762,
0.748495345190508,1.),.UNSPECIFIED.);
#1928=B_SPLINE_SURFACE_WITH_KNOTS('',3,3,((#2901,#2902,#2903,#2904,#2905,
#2906,#2907,#2908,#2909,#2910,#2911,#2912,#2913),(#2914,#2915,#2916,#2917,
#2918,#2919,#2920,#2921,#2922,#2923,#2924,#2925,#2926),(#2927,#2928,#2929,
#2930,#2931,#2932,#2933,#2934,#2935,#2936,#2937,#2938,#2939),(#2940,#2941,
#2942,#2943,#2944,#2945,#2946,#2947,#2948,#2949,#2950,#2951,#2952),(#2953,
#2954,#2955,#2956,#2957,#2958,#2959,#2960,#2961,#2962,#2963,#2964,#2965),
(#2966,#2967,#2968,#2969,#2970,#2971,#2972,#2973,#2974,#2975,#2976,#2977,
#2978),(#2979,#2980,#2981,#2982,#2983,#2984,#2985,#2986,#2987,#2988,#2989,
#2990,#2991),(#2992,#2993,#2994,#2995,#2996,#2997,#2998,#2999,#3000,#3001,
#3002,#3003,#3004),(#3005,#3006,#3007,#3008,#3009,#3010,#3011,#3012,#3013,
#3014,#3015,#3016,#3017),(#3018,#3019,#3020,#3021,#3022,#3023,#3024,#3025,
#3026,#3027,#3028,#3029,#3030),(#3031,#3032,#3033,#3034,#3035,#3036,#3037,
#3038,#3039,#3040,#3041,#3042,#3043),(#3044,#3045,#3046,#3047,#3048,#3049,
#3050,#3051,#3052,#3053,#3054,#3055,#3056)),.UNSPECIFIED.,.F.,.F.,.F.,(4,
1,1,1,1,1,1,1,1,4),(4,1,1,1,1,1,1,1,1,1,4),(0.144980232502523,0.154835271103954,
0.159762790404669,0.164690309705385,0.1696178290061,0.17372409509003,0.177009107957173,
0.179472867607531,0.181526000649496,0.184400386908246),(0.,0.251501753639044,
0.377252630458566,0.503003507278088,0.62875438409761,0.754505260917132,
0.859297658266734,0.932652336411455,0.969329675483816,0.987668345019996,
1.00600701455618),.UNSPECIFIED.);
#1929=B_SPLINE_SURFACE_WITH_KNOTS('',3,3,((#3609,#3610,#3611,#3612),(#3613,
#3614,#3615,#3616),(#3617,#3618,#3619,#3620),(#3621,#3622,#3623,#3624)),
 .UNSPECIFIED.,.F.,.F.,.F.,(4,4),(4,4),(0.143989014472446,0.144745399265799),
(0.88603751081547,1.00067969675458),.UNSPECIFIED.);
#1930=B_SPLINE_SURFACE_WITH_KNOTS('',3,1,((#4181,#4182),(#4183,#4184),(#4185,
#4186),(#4187,#4188),(#4189,#4190),(#4191,#4192)),
 .SURF_OF_LINEAR_EXTRUSION.,.F.,.F.,.F.,(4,1,1,4),(2,2),(0.233819340173674,
0.411698716738535,0.500638405020966,0.589578093303397),(0.,1.),
 .UNSPECIFIED.);
#1931=B_SPLINE_SURFACE_WITH_KNOTS('',3,1,((#4203,#4204),(#4205,#4206),(#4207,
#4208),(#4209,#4210),(#4211,#4212),(#4213,#4214)),
 .SURF_OF_LINEAR_EXTRUSION.,.F.,.F.,.F.,(4,1,1,4),(2,2),(0.745047349155386,
0.794817851368262,0.844588353581139,0.944129358006892),(0.,1.),
 .UNSPECIFIED.);
#1932=B_SPLINE_SURFACE_WITH_KNOTS('',3,1,((#4233,#4234),(#4235,#4236),(#4237,
#4238),(#4239,#4240),(#4241,#4242)),.SURF_OF_LINEAR_EXTRUSION.,.F.,.F.,
 .F.,(4,1,4),(2,2),(0.0412674940793434,0.101096680254185,0.160925866429027),
(0.,1.),.UNSPECIFIED.);
#1933=B_SPLINE_SURFACE_WITH_KNOTS('',3,3,((#4291,#4292,#4293,#4294,#4295,
#4296,#4297,#4298,#4299,#4300,#4301,#4302,#4303),(#4304,#4305,#4306,#4307,
#4308,#4309,#4310,#4311,#4312,#4313,#4314,#4315,#4316),(#4317,#4318,#4319,
#4320,#4321,#4322,#4323,#4324,#4325,#4326,#4327,#4328,#4329),(#4330,#4331,
#4332,#4333,#4334,#4335,#4336,#4337,#4338,#4339,#4340,#4341,#4342),(#4343,
#4344,#4345,#4346,#4347,#4348,#4349,#4350,#4351,#4352,#4353,#4354,#4355),
(#4356,#4357,#4358,#4359,#4360,#4361,#4362,#4363,#4364,#4365,#4366,#4367,
#4368),(#4369,#4370,#4371,#4372,#4373,#4374,#4375,#4376,#4377,#4378,#4379,
#4380,#4381),(#4382,#4383,#4384,#4385,#4386,#4387,#4388,#4389,#4390,#4391,
#4392,#4393,#4394),(#4395,#4396,#4397,#4398,#4399,#4400,#4401,#4402,#4403,
#4404,#4405,#4406,#4407),(#4408,#4409,#4410,#4411,#4412,#4413,#4414,#4415,
#4416,#4417,#4418,#4419,#4420),(#4421,#4422,#4423,#4424,#4425,#4426,#4427,
#4428,#4429,#4430,#4431,#4432,#4433)),.UNSPECIFIED.,.F.,.F.,.F.,(4,1,1,
1,1,1,1,1,4),(4,1,1,1,1,1,1,1,1,1,4),(0.117779840717417,0.120408409689951,
0.121722694176219,0.123475073491242,0.125665547635021,0.128294116607555,
0.13092268558009,0.133551254552625,0.138808392497694),(2.18629710683204E-11,
0.251502384882651,0.377253577313044,0.503004769743438,0.628755962173832,
0.754507154604226,0.859299814962888,0.932654677213951,0.969332108339482,
0.987670823902248,1.00600953946501),.UNSPECIFIED.);
#1934=B_SPLINE_SURFACE_WITH_KNOTS('',3,3,((#4979,#4980,#4981,#4982,#4983,
#4984,#4985,#4986,#4987,#4988,#4989,#4990,#4991),(#4992,#4993,#4994,#4995,
#4996,#4997,#4998,#4999,#5000,#5001,#5002,#5003,#5004),(#5005,#5006,#5007,
#5008,#5009,#5010,#5011,#5012,#5013,#5014,#5015,#5016,#5017),(#5018,#5019,
#5020,#5021,#5022,#5023,#5024,#5025,#5026,#5027,#5028,#5029,#5030),(#5031,
#5032,#5033,#5034,#5035,#5036,#5037,#5038,#5039,#5040,#5041,#5042,#5043),
(#5044,#5045,#5046,#5047,#5048,#5049,#5050,#5051,#5052,#5053,#5054,#5055,
#5056),(#5057,#5058,#5059,#5060,#5061,#5062,#5063,#5064,#5065,#5066,#5067,
#5068,#5069),(#5070,#5071,#5072,#5073,#5074,#5075,#5076,#5077,#5078,#5079,
#5080,#5081,#5082),(#5083,#5084,#5085,#5086,#5087,#5088,#5089,#5090,#5091,
#5092,#5093,#5094,#5095),(#5096,#5097,#5098,#5099,#5100,#5101,#5102,#5103,
#5104,#5105,#5106,#5107,#5108),(#5109,#5110,#5111,#5112,#5113,#5114,#5115,
#5116,#5117,#5118,#5119,#5120,#5121),(#5122,#5123,#5124,#5125,#5126,#5127,
#5128,#5129,#5130,#5131,#5132,#5133,#5134),(#5135,#5136,#5137,#5138,#5139,
#5140,#5141,#5142,#5143,#5144,#5145,#5146,#5147),(#5148,#5149,#5150,#5151,
#5152,#5153,#5154,#5155,#5156,#5157,#5158,#5159,#5160),(#5161,#5162,#5163,
#5164,#5165,#5166,#5167,#5168,#5169,#5170,#5171,#5172,#5173),(#5174,#5175,
#5176,#5177,#5178,#5179,#5180,#5181,#5182,#5183,#5184,#5185,#5186),(#5187,
#5188,#5189,#5190,#5191,#5192,#5193,#5194,#5195,#5196,#5197,#5198,#5199),
(#5200,#5201,#5202,#5203,#5204,#5205,#5206,#5207,#5208,#5209,#5210,#5211,
#5212),(#5213,#5214,#5215,#5216,#5217,#5218,#5219,#5220,#5221,#5222,#5223,
#5224,#5225)),.UNSPECIFIED.,.F.,.F.,.F.,(4,1,1,1,1,1,1,1,1,1,1,1,1,1,1,
1,4),(4,1,1,1,1,1,1,1,1,1,4),(0.187823886665585,0.188026334818564,0.188228782971543,
0.188517994618655,0.18886504859519,0.18932778723057,0.189906210524795,0.190600318477865,
0.191294426430935,0.192219903701694,0.193376750290144,0.194764966196284,
0.196615920737803,0.198929613914703,0.201706045726982,0.204482477539262,
0.210035341163821),(1.51697114711001E-14,0.251500000000009,0.377250000000007,
0.503000000000004,0.628750000000001,0.754499999999998,0.859291666666662,
0.932645833333327,0.96932291666666,0.987661458333326,1.00599999999999),
 .UNSPECIFIED.);
#1935=B_SPLINE_SURFACE_WITH_KNOTS('',3,3,((#5773,#5774,#5775,#5776,#5777),
(#5778,#5779,#5780,#5781,#5782),(#5783,#5784,#5785,#5786,#5787),(#5788,
#5789,#5790,#5791,#5792),(#5793,#5794,#5795,#5796,#5797),(#5798,#5799,#5800,
#5801,#5802),(#5803,#5804,#5805,#5806,#5807),(#5808,#5809,#5810,#5811,#5812),
(#5813,#5814,#5815,#5816,#5817),(#5818,#5819,#5820,#5821,#5822),(#5823,
#5824,#5825,#5826,#5827),(#5828,#5829,#5830,#5831,#5832),(#5833,#5834,#5835,
#5836,#5837),(#5838,#5839,#5840,#5841,#5842),(#5843,#5844,#5845,#5846,#5847),
(#5848,#5849,#5850,#5851,#5852),(#5853,#5854,#5855,#5856,#5857),(#5858,
#5859,#5860,#5861,#5862),(#5863,#5864,#5865,#5866,#5867)),.UNSPECIFIED.,
 .F.,.F.,.F.,(4,1,1,1,1,1,1,1,1,1,1,1,1,1,1,1,4),(4,1,4),(0.187823888462162,
0.188026336598643,0.188228784735124,0.188517996358669,0.188865050306922,
0.189327788904593,0.189906212151682,0.190600320048189,0.191294427944696,
0.192219905140038,0.193376751634216,0.194764967427229,0.196615921817913,
0.198929614806269,0.201706046392295,0.204482477978322,0.210035341150375),
(0.624035597745188,0.812017798872739,1.00000000000029),.UNSPECIFIED.);
#1936=B_SPLINE_SURFACE_WITH_KNOTS('',3,3,((#5886,#5887,#5888,#5889,#5890),
(#5891,#5892,#5893,#5894,#5895),(#5896,#5897,#5898,#5899,#5900),(#5901,
#5902,#5903,#5904,#5905),(#5906,#5907,#5908,#5909,#5910),(#5911,#5912,#5913,
#5914,#5915),(#5916,#5917,#5918,#5919,#5920),(#5921,#5922,#5923,#5924,#5925),
(#5926,#5927,#5928,#5929,#5930),(#5931,#5932,#5933,#5934,#5935),(#5936,
#5937,#5938,#5939,#5940),(#5941,#5942,#5943,#5944,#5945)),.UNSPECIFIED.,
 .F.,.F.,.F.,(4,1,1,1,1,1,1,1,1,4),(4,1,4),(0.145358910875742,0.155100104332933,
0.159970701061529,0.164841297790124,0.16971189451872,0.173770725125883,
0.177017789611613,0.179453087975911,0.181482503279492,0.184323684704507),
(0.62403533809342,0.81201766904671,1.),.UNSPECIFIED.);
#1937=B_SPLINE_SURFACE_WITH_KNOTS('',3,3,((#5964,#5965,#5966,#5967,#5968),
(#5969,#5970,#5971,#5972,#5973),(#5974,#5975,#5976,#5977,#5978),(#5979,
#5980,#5981,#5982,#5983),(#5984,#5985,#5986,#5987,#5988),(#5989,#5990,#5991,
#5992,#5993),(#5994,#5995,#5996,#5997,#5998),(#5999,#6000,#6001,#6002,#6003),
(#6004,#6005,#6006,#6007,#6008),(#6009,#6010,#6011,#6012,#6013)),
 .UNSPECIFIED.,.F.,.F.,.F.,(4,1,1,1,1,1,1,4),(4,1,4),(0.117803862294356,
0.120609232335907,0.122613068079872,0.125017670972629,0.127422273865387,
0.129826876758145,0.132231479650903,0.137040685436418),(0.624035720199102,
0.812017860099552,1.),.UNSPECIFIED.);
#1938=B_SPLINE_SURFACE_WITH_KNOTS('',3,3,((#6046,#6047,#6048,#6049,#6050),
(#6051,#6052,#6053,#6054,#6055),(#6056,#6057,#6058,#6059,#6060),(#6061,
#6062,#6063,#6064,#6065),(#6066,#6067,#6068,#6069,#6070),(#6071,#6072,#6073,
#6074,#6075),(#6076,#6077,#6078,#6079,#6080),(#6081,#6082,#6083,#6084,#6085),
(#6086,#6087,#6088,#6089,#6090),(#6091,#6092,#6093,#6094,#6095),(#6096,
#6097,#6098,#6099,#6100)),.UNSPECIFIED.,.F.,.F.,.F.,(4,1,1,1,1,1,1,1,4),
(4,1,4),(0.0349877306736554,0.0484984087567109,0.0552537477982386,0.0620090868397664,
0.0687644258812941,0.0743938750825672,0.0788974344435857,0.0822751039643496,
0.0890304430058774),(2.00248004087063E-10,0.187983030984193,0.375966061768139),
 .UNSPECIFIED.);
#1939=B_SPLINE_SURFACE_WITH_KNOTS('',3,3,((#6132,#6133,#6134,#6135,#6136),
(#6137,#6138,#6139,#6140,#6141),(#6142,#6143,#6144,#6145,#6146),(#6147,
#6148,#6149,#6150,#6151)),.UNSPECIFIED.,.F.,.F.,.F.,(4,4),(4,1,4),(0.0965722217874761,
0.103921249788826),(-3.29209119314569E-13,0.187981927018098,0.375963854036526),
 .UNSPECIFIED.);
#1940=B_SPLINE_SURFACE_WITH_KNOTS('',3,3,((#6166,#6167,#6168,#6169,#6170,
#6171,#6172,#6173,#6174,#6175,#6176,#6177,#6178),(#6179,#6180,#6181,#6182,
#6183,#6184,#6185,#6186,#6187,#6188,#6189,#6190,#6191),(#6192,#6193,#6194,
#6195,#6196,#6197,#6198,#6199,#6200,#6201,#6202,#6203,#6204),(#6205,#6206,
#6207,#6208,#6209,#6210,#6211,#6212,#6213,#6214,#6215,#6216,#6217)),
 .UNSPECIFIED.,.F.,.F.,.F.,(4,4),(4,1,1,1,1,1,1,1,1,1,4),(0.0946368253473478,
0.103932792403404),(-0.00600005662050837,0.0123384860783098,0.0306770287771279,
0.0673541141747642,0.140708284970037,0.245499957534712,0.371249964612322,
0.496999971689932,0.622749978767542,0.748499985845152,1.00000000000037),
 .UNSPECIFIED.);
#1941=B_SPLINE_SURFACE_WITH_KNOTS('',3,1,((#6366,#6367),(#6368,#6369),(#6370,
#6371),(#6372,#6373),(#6374,#6375),(#6376,#6377)),
 .SURF_OF_LINEAR_EXTRUSION.,.F.,.F.,.F.,(4,1,1,4),(2,2),(0.0656986622678741,
0.441797376364195,0.629846733412356,0.817896090460516),(0.,1.),
 .UNSPECIFIED.);
#1942=B_SPLINE_SURFACE_WITH_KNOTS('',3,1,((#6380,#6381),(#6382,#6383),(#6384,
#6385),(#6386,#6387)),.SURF_OF_LINEAR_EXTRUSION.,.F.,.F.,.F.,(4,4),(2,2),
(0.914464270879567,0.990572564614577),(0.,1.),.PIECEWISE_BEZIER_KNOTS.);
#1943=B_SPLINE_SURFACE_WITH_KNOTS('',3,1,((#6609,#6610),(#6611,#6612),(#6613,
#6614),(#6615,#6616)),.SURF_OF_LINEAR_EXTRUSION.,.F.,.F.,.F.,(4,4),(2,2),
(0.400786130406709,1.00600823180744),(0.,1.),.PIECEWISE_BEZIER_KNOTS.);
#1944=B_SPLINE_SURFACE_WITH_KNOTS('',3,1,((#6634,#6635),(#6636,#6637),(#6638,
#6639),(#6640,#6641)),.SURF_OF_LINEAR_EXTRUSION.,.F.,.F.,.F.,(4,4),(2,2),
(-0.00999999545170028,0.99600075537679),(0.,1.),
 .PIECEWISE_BEZIER_KNOTS.);
#1945=B_SPLINE_SURFACE_WITH_KNOTS('',3,1,((#6710,#6711),(#6712,#6713),(#6714,
#6715),(#6716,#6717)),.SURF_OF_LINEAR_EXTRUSION.,.F.,.F.,.F.,(4,4),(2,2),
(1.57079631954516,1.9851396394464),(0.,1.),.PIECEWISE_BEZIER_KNOTS.);
#1946=B_SPLINE_SURFACE_WITH_KNOTS('',3,1,((#6731,#6732),(#6733,#6734),(#6735,
#6736),(#6737,#6738),(#6739,#6740),(#6741,#6742),(#6743,#6744)),
 .SURF_OF_LINEAR_EXTRUSION.,.F.,.F.,.F.,(4,1,1,1,4),(2,2),(-0.00365982913130224,
0.150662095939386,0.304984021010074,0.459305946080762,0.613627871151451),
(0.,1.),.UNSPECIFIED.);
#1947=B_SPLINE_SURFACE_WITH_KNOTS('',3,1,((#9195,#9196),(#9197,#9198),(#9199,
#9200),(#9201,#9202)),.SURF_OF_LINEAR_EXTRUSION.,.F.,.F.,.F.,(4,4),(2,2),
(0.,0.999999999999109),(0.,1.),.PIECEWISE_BEZIER_KNOTS.);
#1948=B_SPLINE_SURFACE_WITH_KNOTS('',3,1,((#9204,#9205),(#9206,#9207),(#9208,
#9209),(#9210,#9211)),.SURF_OF_LINEAR_EXTRUSION.,.F.,.F.,.F.,(4,4),(2,2),
(1.57079632666082,1.9851396394464),(0.,1.),.PIECEWISE_BEZIER_KNOTS.);
#1949=B_SPLINE_SURFACE_WITH_KNOTS('',3,1,((#9224,#9225),(#9226,#9227),(#9228,
#9229),(#9230,#9231)),.SURF_OF_LINEAR_EXTRUSION.,.F.,.F.,.F.,(4,4),(2,2),
(-5.61258157053667E-9,0.948566340490012),(0.,1.),
 .PIECEWISE_BEZIER_KNOTS.);
#1950=B_SPLINE_SURFACE_WITH_KNOTS('',3,1,((#9346,#9347),(#9348,#9349),(#9350,
#9351),(#9352,#9353),(#9354,#9355),(#9356,#9357),(#9358,#9359)),
 .SURF_OF_LINEAR_EXTRUSION.,.F.,.F.,.F.,(4,1,1,1,4),(2,2),(1.44891092113106E-10,
0.137942246917198,0.275884493689505,0.413826740461811,0.551768987234118),
(0.,1.),.UNSPECIFIED.);
#1951=B_SPLINE_SURFACE_WITH_KNOTS('',3,1,((#9367,#9368),(#9369,#9370),(#9371,
#9372),(#9373,#9374),(#9375,#9376)),.SURF_OF_LINEAR_EXTRUSION.,.F.,.F.,
 .F.,(4,1,4),(2,2),(0.105057094482715,0.309077983161018,0.51309887183932),
(0.,1.),.UNSPECIFIED.);
#1952=B_SPLINE_SURFACE_WITH_KNOTS('',3,1,((#9381,#9382),(#9383,#9384),(#9385,
#9386),(#9387,#9388)),.SURF_OF_LINEAR_EXTRUSION.,.F.,.F.,.F.,(4,4),(2,2),
(0.,1.),(0.,1.),.PIECEWISE_BEZIER_KNOTS.);
#1953=B_SPLINE_SURFACE_WITH_KNOTS('',3,1,((#9393,#9394),(#9395,#9396),(#9397,
#9398),(#9399,#9400)),.SURF_OF_LINEAR_EXTRUSION.,.F.,.F.,.F.,(4,4),(2,2),
(0.0162286147026341,0.042131420967816),(0.,1.),.PIECEWISE_BEZIER_KNOTS.);
#1954=B_SPLINE_SURFACE_WITH_KNOTS('',3,1,((#9413,#9414),(#9415,#9416),(#9417,
#9418),(#9419,#9420)),.SURF_OF_LINEAR_EXTRUSION.,.F.,.F.,.F.,(4,4),(2,2),
(1.57079632666082,1.98513963944639),(0.,1.),.PIECEWISE_BEZIER_KNOTS.);
#1955=B_SPLINE_SURFACE_WITH_KNOTS('',3,1,((#9452,#9453),(#9454,#9455),(#9456,
#9457),(#9458,#9459)),.SURF_OF_LINEAR_EXTRUSION.,.F.,.F.,.F.,(4,4),(2,2),
(0.0188111982681081,0.0421159254664288),(0.,1.),
 .PIECEWISE_BEZIER_KNOTS.);
#1956=B_SPLINE_SURFACE_WITH_KNOTS('',3,3,((#9785,#9786,#9787,#9788,#9789,
#9790,#9791,#9792,#9793),(#9794,#9795,#9796,#9797,#9798,#9799,#9800,#9801,
#9802),(#9803,#9804,#9805,#9806,#9807,#9808,#9809,#9810,#9811),(#9812,#9813,
#9814,#9815,#9816,#9817,#9818,#9819,#9820),(#9821,#9822,#9823,#9824,#9825,
#9826,#9827,#9828,#9829),(#9830,#9831,#9832,#9833,#9834,#9835,#9836,#9837,
#9838),(#9839,#9840,#9841,#9842,#9843,#9844,#9845,#9846,#9847),(#9848,#9849,
#9850,#9851,#9852,#9853,#9854,#9855,#9856),(#9857,#9858,#9859,#9860,#9861,
#9862,#9863,#9864,#9865),(#9866,#9867,#9868,#9869,#9870,#9871,#9872,#9873,
#9874),(#9875,#9876,#9877,#9878,#9879,#9880,#9881,#9882,#9883),(#9884,#9885,
#9886,#9887,#9888,#9889,#9890,#9891,#9892),(#9893,#9894,#9895,#9896,#9897,
#9898,#9899,#9900,#9901)),.UNSPECIFIED.,.F.,.F.,.F.,(4,1,1,1,1,1,1,1,1,
1,4),(4,1,1,1,1,1,4),(0.0134948485027062,0.0139693383542029,0.0144438282056995,
0.0153928079086929,0.0163417876116862,0.0172907673146795,0.0182397470176728,
0.0191887267206661,0.0201377064236595,0.0206121962751561,0.0210866861266528),
(0.,0.125751177103603,0.251502354207206,0.503004708414412,0.754507062621619,
0.880258239725222,1.00600941682882),.UNSPECIFIED.);
#1957=ADVANCED_FACE('',(#1786),#1927,.T.);
#1958=ADVANCED_FACE('',(#1787),#1928,.T.);
#1959=ADVANCED_FACE('',(#1788),#1929,.T.);
#1960=ADVANCED_FACE('',(#1789),#342,.T.);
#1961=ADVANCED_FACE('',(#1790),#108,.F.);
#1962=ADVANCED_FACE('',(#1791),#1930,.F.);
#1963=ADVANCED_FACE('',(#1792),#1931,.F.);
#1964=ADVANCED_FACE('',(#1793),#1932,.F.);
#1965=ADVANCED_FACE('',(#1794),#109,.F.);
#1966=ADVANCED_FACE('',(#1795),#1933,.T.);
#1967=ADVANCED_FACE('',(#1796),#1934,.T.);
#1968=ADVANCED_FACE('',(#1797),#1935,.T.);
#1969=ADVANCED_FACE('',(#1798),#1936,.T.);
#1970=ADVANCED_FACE('',(#1799),#1937,.T.);
#1971=ADVANCED_FACE('',(#1800),#1938,.T.);
#1972=ADVANCED_FACE('',(#1801),#1939,.T.);
#1973=ADVANCED_FACE('',(#1802),#1940,.T.);
#1974=ADVANCED_FACE('',(#1803),#1941,.F.);
#1975=ADVANCED_FACE('',(#1804),#1942,.F.);
#1976=ADVANCED_FACE('',(#1805),#110,.F.);
#1977=ADVANCED_FACE('',(#1806),#343,.F.);
#1978=ADVANCED_FACE('',(#1807),#111,.T.);
#1979=ADVANCED_FACE('',(#1808),#344,.F.);
#1980=ADVANCED_FACE('',(#1809),#112,.T.);
#1981=ADVANCED_FACE('',(#1810),#41,.T.);
#1982=ADVANCED_FACE('',(#1811),#20,.F.);
#1983=ADVANCED_FACE('',(#1812),#113,.T.);
#1984=ADVANCED_FACE('',(#1813),#42,.T.);
#1985=ADVANCED_FACE('',(#1814),#21,.F.);
#1986=ADVANCED_FACE('',(#1815,#1816),#114,.F.);
#1987=ADVANCED_FACE('',(#1817,#1818),#345,.T.);
#1988=ADVANCED_FACE('',(#1819,#1820),#115,.F.);
#1989=ADVANCED_FACE('',(#1821),#1943,.T.);
#1990=ADVANCED_FACE('',(#1822),#1944,.T.);
#1991=ADVANCED_FACE('',(#1823,#1824),#346,.T.);
#1992=ADVANCED_FACE('',(#1825),#347,.F.);
#1993=ADVANCED_FACE('',(#1826),#348,.F.);
#1994=ADVANCED_FACE('',(#1827),#349,.F.);
#1995=ADVANCED_FACE('',(#1828),#350,.F.);
#1996=ADVANCED_FACE('',(#1829),#351,.F.);
#1997=ADVANCED_FACE('',(#1830),#1945,.F.);
#1998=ADVANCED_FACE('',(#1831),#352,.T.);
#1999=ADVANCED_FACE('',(#1832),#1946,.F.);
#2000=ADVANCED_FACE('',(#1833),#353,.T.);
#2001=ADVANCED_FACE('',(#1834),#354,.F.);
#2002=ADVANCED_FACE('',(#1835),#355,.T.);
#2003=ADVANCED_FACE('',(#1836),#116,.T.);
#2004=ADVANCED_FACE('',(#1837),#22,.F.);
#2005=ADVANCED_FACE('',(#1838),#117,.T.);
#2006=ADVANCED_FACE('',(#1839),#23,.F.);
#2007=ADVANCED_FACE('',(#1840),#24,.F.);
#2008=ADVANCED_FACE('',(#1841),#25,.F.);
#2009=ADVANCED_FACE('',(#1842),#1947,.T.);
#2010=ADVANCED_FACE('',(#1843),#1948,.F.);
#2011=ADVANCED_FACE('',(#1844),#356,.T.);
#2012=ADVANCED_FACE('',(#1845),#357,.F.);
#2013=ADVANCED_FACE('',(#1846,#1847),#1949,.T.);
#2014=ADVANCED_FACE('',(#1848,#1849,#1850,#1851,#1852),#358,.F.);
#2015=ADVANCED_FACE('',(#1853),#359,.F.);
#2016=ADVANCED_FACE('',(#1854),#118,.T.);
#2017=ADVANCED_FACE('',(#1855),#1950,.T.);
#2018=ADVANCED_FACE('',(#1856),#1951,.T.);
#2019=ADVANCED_FACE('',(#1857),#1952,.F.);
#2020=ADVANCED_FACE('',(#1858),#1953,.F.);
#2021=ADVANCED_FACE('',(#1859),#360,.T.);
#2022=ADVANCED_FACE('',(#1860),#361,.T.);
#2023=ADVANCED_FACE('',(#1861),#1954,.T.);
#2024=ADVANCED_FACE('',(#1862),#362,.F.);
#2025=ADVANCED_FACE('',(#1863),#363,.F.);
#2026=ADVANCED_FACE('',(#1864),#364,.T.);
#2027=ADVANCED_FACE('',(#1865),#365,.F.);
#2028=ADVANCED_FACE('',(#1866),#119,.F.);
#2029=ADVANCED_FACE('',(#1867),#1955,.F.);
#2030=ADVANCED_FACE('',(#1868),#366,.F.);
#2031=ADVANCED_FACE('',(#1869),#367,.T.);
#2032=ADVANCED_FACE('',(#1870),#368,.T.);
#2033=ADVANCED_FACE('',(#1871),#369,.F.);
#2034=ADVANCED_FACE('',(#1872),#370,.T.);
#2035=ADVANCED_FACE('',(#1873),#371,.F.);
#2036=ADVANCED_FACE('',(#1874),#372,.T.);
#2037=ADVANCED_FACE('',(#1875),#120,.T.);
#2038=ADVANCED_FACE('',(#1876),#121,.T.);
#2039=ADVANCED_FACE('',(#1877),#122,.F.);
#2040=ADVANCED_FACE('',(#1878),#123,.F.);
#2041=ADVANCED_FACE('',(#1879),#124,.T.);
#2042=ADVANCED_FACE('',(#1880),#125,.T.);
#2043=ADVANCED_FACE('',(#1881),#126,.T.);
#2044=ADVANCED_FACE('',(#1882),#127,.T.);
#2045=ADVANCED_FACE('',(#1883),#26,.F.);
#2046=ADVANCED_FACE('',(#1884),#128,.F.);
#2047=ADVANCED_FACE('',(#1885),#27,.F.);
#2048=ADVANCED_FACE('',(#1886),#43,.F.);
#2049=ADVANCED_FACE('',(#1887),#28,.F.);
#2050=ADVANCED_FACE('',(#1888),#129,.F.);
#2051=ADVANCED_FACE('',(#1889),#29,.F.);
#2052=ADVANCED_FACE('',(#1890),#30,.F.);
#2053=ADVANCED_FACE('',(#1891),#130,.F.);
#2054=ADVANCED_FACE('',(#1892),#31,.F.);
#2055=ADVANCED_FACE('',(#1893),#44,.F.);
#2056=ADVANCED_FACE('',(#1894),#1956,.F.);
#2057=ADVANCED_FACE('',(#1895),#131,.F.);
#2058=ADVANCED_FACE('',(#1896),#32,.F.);
#2059=ADVANCED_FACE('',(#1897),#33,.F.);
#2060=ADVANCED_FACE('',(#1898),#132,.F.);
#2061=ADVANCED_FACE('',(#1899),#34,.F.);
#2062=ADVANCED_FACE('',(#1900),#45,.F.);
#2063=ADVANCED_FACE('',(#1901),#35,.F.);
#2064=ADVANCED_FACE('',(#1902),#133,.F.);
#2065=ADVANCED_FACE('',(#1903),#36,.F.);
#2066=ADVANCED_FACE('',(#1904),#37,.F.);
#2067=ADVANCED_FACE('',(#1905),#134,.F.);
#2068=ADVANCED_FACE('',(#1906),#38,.F.);
#2069=ADVANCED_FACE('',(#1907),#46,.F.);
#2070=ADVANCED_FACE('',(#1908),#39,.F.);
#2071=ADVANCED_FACE('',(#1909),#135,.F.);
#2072=ADVANCED_FACE('',(#1910),#40,.F.);
#2073=ADVANCED_FACE('',(#1911,#1912),#136,.F.);
#2074=ADVANCED_FACE('',(#1913,#1914),#16,.F.);
#2075=ADVANCED_FACE('',(#1915,#1916),#137,.F.);
#2076=ADVANCED_FACE('',(#1917,#1918),#17,.F.);
#2077=ADVANCED_FACE('',(#1919,#1920),#138,.F.);
#2078=ADVANCED_FACE('',(#1921,#1922),#18,.F.);
#2079=ADVANCED_FACE('',(#1923,#1924),#139,.F.);
#2080=ADVANCED_FACE('',(#1925,#1926),#19,.F.);
#2081=CLOSED_SHELL('',(#1957,#1958,#1959,#1960,#1961,#1962,#1963,#1964,
#1965,#1966,#1967,#1968,#1969,#1970,#1971,#1972,#1973,#1974,#1975,#1976,
#1977,#1978,#1979,#1980,#1981,#1982,#1983,#1984,#1985,#1986,#1987,#1988,
#1989,#1990,#1991,#1992,#1993,#1994,#1995,#1996,#1997,#1998,#1999,#2000,
#2001,#2002,#2003,#2004,#2005,#2006,#2007,#2008,#2009,#2010,#2011,#2012,
#2013,#2014,#2015,#2016,#2017,#2018,#2019,#2020,#2021,#2022,#2023,#2024,
#2025,#2026,#2027,#2028,#2029,#2030,#2031,#2032,#2033,#2034,#2035,#2036,
#2037,#2038,#2039,#2040,#2041,#2042,#2043,#2044,#2045,#2046,#2047,#2048,
#2049,#2050,#2051,#2052,#2053,#2054,#2055,#2056,#2057,#2058,#2059,#2060,
#2061,#2062,#2063,#2064,#2065,#2066,#2067,#2068,#2069,#2070,#2071,#2072,
#2073,#2074,#2075,#2076,#2077,#2078,#2079,#2080));
#2082=STYLED_ITEM('',(#2083),#2090);
#2083=PRESENTATION_STYLE_ASSIGNMENT((#2084));
#2084=SURFACE_STYLE_USAGE(.BOTH.,#2085);
#2085=SURFACE_SIDE_STYLE('',(#2086));
#2086=SURFACE_STYLE_FILL_AREA(#2087);
#2087=FILL_AREA_STYLE('',(#2088));
#2088=FILL_AREA_STYLE_COLOUR('',#2089);
#2089=COLOUR_RGB('',0.627450980392157,0.627450980392157,0.627450980392157);
#2090=MANIFOLD_SOLID_BREP('Wrist_Roll_05m_Leader_02ba v1',#2081);
#2091=SHAPE_DEFINITION_REPRESENTATION(#10140,#2092);
#2092=SHAPE_REPRESENTATION('Wrist_Roll_05m_Leader_02ba v1',(#2093),#10135);
#2093=AXIS2_PLACEMENT_3D('',#2599,#2228,#2229);
#2094=AXIS2_PLACEMENT_3D('',#4157,#2230,#2231);
#2095=AXIS2_PLACEMENT_3D('',#4166,#2236,#2237);
#2096=AXIS2_PLACEMENT_3D('',#4176,#2239,#2240);
#2097=AXIS2_PLACEMENT_3D('',#4273,#2246,#2247);
#2098=AXIS2_PLACEMENT_3D('',#4274,#2248,#2249);
#2099=AXIS2_PLACEMENT_3D('',#6389,#2254,#2255);
#2100=AXIS2_PLACEMENT_3D('',#6390,#2256,#2257);
#2101=AXIS2_PLACEMENT_3D('',#6395,#2259,#2260);
#2102=AXIS2_PLACEMENT_3D('',#6397,#2261,#2262);
#2103=AXIS2_PLACEMENT_3D('',#6399,#2263,#2264);
#2104=AXIS2_PLACEMENT_3D('',#6408,#2266,#2267);
#2105=AXIS2_PLACEMENT_3D('',#6417,#2272,#2273);
#2106=AXIS2_PLACEMENT_3D('',#6426,#2275,#2276);
#2107=AXIS2_PLACEMENT_3D('',#6433,#2277,#2278);
#2108=AXIS2_PLACEMENT_3D('',#6437,#2281,#2282);
#2109=AXIS2_PLACEMENT_3D('',#6438,#2283,#2284);
#2110=AXIS2_PLACEMENT_3D('',#6447,#2286,#2287);
#2111=AXIS2_PLACEMENT_3D('',#6448,#2288,#2289);
#2112=AXIS2_PLACEMENT_3D('',#6455,#2290,#2291);
#2113=AXIS2_PLACEMENT_3D('',#6457,#2292,#2293);
#2114=AXIS2_PLACEMENT_3D('',#6459,#2294,#2295);
#2115=AXIS2_PLACEMENT_3D('',#6490,#2296,#2297);
#2116=AXIS2_PLACEMENT_3D('',#6492,#2298,#2299);
#2117=AXIS2_PLACEMENT_3D('',#6508,#2300,#2301);
#2118=AXIS2_PLACEMENT_3D('',#6509,#2302,#2303);
#2119=AXIS2_PLACEMENT_3D('',#6514,#2306,#2307);
#2120=AXIS2_PLACEMENT_3D('',#6531,#2308,#2309);
#2121=AXIS2_PLACEMENT_3D('',#6532,#2310,#2311);
#2122=AXIS2_PLACEMENT_3D('',#6561,#2312,#2313);
#2123=AXIS2_PLACEMENT_3D('',#6578,#2314,#2315);
#2124=AXIS2_PLACEMENT_3D('',#6579,#2316,#2317);
#2125=AXIS2_PLACEMENT_3D('',#6581,#2318,#2319);
#2126=AXIS2_PLACEMENT_3D('',#6583,#2320,#2321);
#2127=AXIS2_PLACEMENT_3D('',#6584,#2322,#2323);
#2128=AXIS2_PLACEMENT_3D('',#6586,#2324,#2325);
#2129=AXIS2_PLACEMENT_3D('',#6659,#2329,#2330);
#2130=AXIS2_PLACEMENT_3D('',#6672,#2337,#2338);
#2131=AXIS2_PLACEMENT_3D('',#6684,#2340,#2341);
#2132=AXIS2_PLACEMENT_3D('',#6692,#2344,#2345);
#2133=AXIS2_PLACEMENT_3D('',#6694,#2347,#2348);
#2134=AXIS2_PLACEMENT_3D('',#6697,#2350,#2351);
#2135=AXIS2_PLACEMENT_3D('',#6700,#2353,#2354);
#2136=AXIS2_PLACEMENT_3D('',#6726,#2357,#2358);
#2137=AXIS2_PLACEMENT_3D('',#6773,#2363,#2364);
#2138=AXIS2_PLACEMENT_3D('',#6774,#2365,#2366);
#2139=AXIS2_PLACEMENT_3D('',#6777,#2368,#2369);
#2140=AXIS2_PLACEMENT_3D('',#6783,#2373,#2374);
#2141=AXIS2_PLACEMENT_3D('',#7437,#2376,#2377);
#2142=AXIS2_PLACEMENT_3D('',#7438,#2378,#2379);
#2143=AXIS2_PLACEMENT_3D('',#7454,#2381,#2382);
#2144=AXIS2_PLACEMENT_3D('',#8403,#2383,#2384);
#2145=AXIS2_PLACEMENT_3D('',#8404,#2385,#2386);
#2146=AXIS2_PLACEMENT_3D('',#8405,#2387,#2388);
#2147=AXIS2_PLACEMENT_3D('',#8820,#2390,#2391);
#2148=AXIS2_PLACEMENT_3D('',#9220,#2394,#2395);
#2149=AXIS2_PLACEMENT_3D('',#9222,#2397,#2398);
#2150=AXIS2_PLACEMENT_3D('',#9232,#2400,#2401);
#2151=AXIS2_PLACEMENT_3D('',#9233,#2402,#2403);
#2152=AXIS2_PLACEMENT_3D('',#9235,#2404,#2405);
#2153=AXIS2_PLACEMENT_3D('',#9237,#2406,#2407);
#2154=AXIS2_PLACEMENT_3D('',#9239,#2408,#2409);
#2155=AXIS2_PLACEMENT_3D('',#9247,#2410,#2411);
#2156=AXIS2_PLACEMENT_3D('',#9262,#2412,#2413);
#2157=AXIS2_PLACEMENT_3D('',#9275,#2414,#2415);
#2158=AXIS2_PLACEMENT_3D('',#9301,#2421,#2422);
#2159=AXIS2_PLACEMENT_3D('',#9308,#2423,#2424);
#2160=AXIS2_PLACEMENT_3D('',#9313,#2427,#2428);
#2161=AXIS2_PLACEMENT_3D('',#9318,#2431,#2432);
#2162=AXIS2_PLACEMENT_3D('',#9319,#2433,#2434);
#2163=AXIS2_PLACEMENT_3D('',#9401,#2437,#2438);
#2164=AXIS2_PLACEMENT_3D('',#9409,#2441,#2442);
#2165=AXIS2_PLACEMENT_3D('',#9412,#2444,#2445);
#2166=AXIS2_PLACEMENT_3D('',#9427,#2447,#2448);
#2167=AXIS2_PLACEMENT_3D('',#9429,#2450,#2451);
#2168=AXIS2_PLACEMENT_3D('',#9431,#2453,#2454);
#2169=AXIS2_PLACEMENT_3D('',#9435,#2457,#2458);
#2170=AXIS2_PLACEMENT_3D('',#9439,#2461,#2462);
#2171=AXIS2_PLACEMENT_3D('',#9440,#2463,#2464);
#2172=AXIS2_PLACEMENT_3D('',#9443,#2467,#2468);
#2173=AXIS2_PLACEMENT_3D('',#9444,#2469,#2470);
#2174=AXIS2_PLACEMENT_3D('',#9445,#2471,#2472);
#2175=AXIS2_PLACEMENT_3D('',#9460,#2473,#2474);
#2176=AXIS2_PLACEMENT_3D('',#9466,#2478,#2479);
#2177=AXIS2_PLACEMENT_3D('',#9470,#2482,#2483);
#2178=AXIS2_PLACEMENT_3D('',#9474,#2486,#2487);
#2179=AXIS2_PLACEMENT_3D('',#9481,#2489,#2490);
#2180=AXIS2_PLACEMENT_3D('',#9486,#2491,#2492);
#2181=AXIS2_PLACEMENT_3D('',#9489,#2495,#2496);
#2182=AXIS2_PLACEMENT_3D('',#9492,#2499,#2500);
#2183=AXIS2_PLACEMENT_3D('',#9493,#2501,#2502);
#2184=AXIS2_PLACEMENT_3D('',#9494,#2503,#2504);
#2185=AXIS2_PLACEMENT_3D('',#9495,#2505,#2506);
#2186=AXIS2_PLACEMENT_3D('',#9496,#2507,#2508);
#2187=AXIS2_PLACEMENT_3D('',#9509,#2510,#2511);
#2188=AXIS2_PLACEMENT_3D('',#9529,#2513,#2514);
#2189=AXIS2_PLACEMENT_3D('',#9541,#2516,#2517);
#2190=AXIS2_PLACEMENT_3D('',#9561,#2519,#2520);
#2191=AXIS2_PLACEMENT_3D('',#9578,#2522,#2523);
#2192=AXIS2_PLACEMENT_3D('',#9594,#2525,#2526);
#2193=AXIS2_PLACEMENT_3D('',#9610,#2528,#2529);
#2194=AXIS2_PLACEMENT_3D('',#9652,#2531,#2532);
#2195=AXIS2_PLACEMENT_3D('',#9685,#2533,#2534);
#2196=AXIS2_PLACEMENT_3D('',#9686,#2535,#2536);
#2197=AXIS2_PLACEMENT_3D('',#9687,#2537,#2538);
#2198=AXIS2_PLACEMENT_3D('',#9714,#2539,#2540);
#2199=AXIS2_PLACEMENT_3D('',#9755,#2541,#2542);
#2200=AXIS2_PLACEMENT_3D('',#9782,#2543,#2544);
#2201=AXIS2_PLACEMENT_3D('',#9783,#2545,#2546);
#2202=AXIS2_PLACEMENT_3D('',#9784,#2547,#2548);
#2203=AXIS2_PLACEMENT_3D('',#9907,#2549,#2550);
#2204=AXIS2_PLACEMENT_3D('',#9948,#2551,#2552);
#2205=AXIS2_PLACEMENT_3D('',#9975,#2553,#2554);
#2206=AXIS2_PLACEMENT_3D('',#9976,#2555,#2556);
#2207=AXIS2_PLACEMENT_3D('',#9977,#2557,#2558);
#2208=AXIS2_PLACEMENT_3D('',#9999,#2559,#2560);
#2209=AXIS2_PLACEMENT_3D('',#10000,#2561,#2562);
#2210=AXIS2_PLACEMENT_3D('',#10001,#2563,#2564);
#2211=AXIS2_PLACEMENT_3D('',#10037,#2565,#2566);
#2212=AXIS2_PLACEMENT_3D('',#10064,#2567,#2568);
#2213=AXIS2_PLACEMENT_3D('',#10065,#2569,#2570);
#2214=AXIS2_PLACEMENT_3D('',#10066,#2571,#2572);
#2215=AXIS2_PLACEMENT_3D('',#10093,#2573,#2574);
#2216=AXIS2_PLACEMENT_3D('',#10114,#2575,#2576);
#2217=AXIS2_PLACEMENT_3D('',#10115,#2577,#2578);
#2218=AXIS2_PLACEMENT_3D('',#10117,#2579,#2580);
#2219=AXIS2_PLACEMENT_3D('',#10119,#2581,#2582);
#2220=AXIS2_PLACEMENT_3D('',#10120,#2583,#2584);
#2221=AXIS2_PLACEMENT_3D('',#10122,#2585,#2586);
#2222=AXIS2_PLACEMENT_3D('',#10124,#2587,#2588);
#2223=AXIS2_PLACEMENT_3D('',#10125,#2589,#2590);
#2224=AXIS2_PLACEMENT_3D('',#10127,#2591,#2592);
#2225=AXIS2_PLACEMENT_3D('',#10129,#2593,#2594);
#2226=AXIS2_PLACEMENT_3D('',#10130,#2595,#2596);
#2227=AXIS2_PLACEMENT_3D('',#10132,#2597,#2598);
#2228=DIRECTION('',(0.,0.,1.));
#2229=DIRECTION('',(1.,0.,0.));
#2230=DIRECTION('',(-1.,0.,0.));
#2231=DIRECTION('',(0.,0.,1.));
#2232=DIRECTION('',(0.,0.,1.));
#2233=DIRECTION('',(0.,1.,0.));
#2234=DIRECTION('',(0.,0.,1.));
#2235=DIRECTION('',(0.,1.,0.));
#2236=DIRECTION('',(0.,0.,-1.));
#2237=DIRECTION('',(-1.,0.,0.));
#2238=DIRECTION('',(0.,0.,-1.));
#2239=DIRECTION('',(0.,0.,1.));
#2240=DIRECTION('',(-1.,0.,0.));
#2241=DIRECTION('',(0.,1.,0.));
#2242=DIRECTION('',(0.,1.,0.));
#2243=DIRECTION('',(0.,1.,0.));
#2244=DIRECTION('',(0.,1.,0.));
#2245=DIRECTION('',(0.,1.,0.));
#2246=DIRECTION('',(0.,0.,1.));
#2247=DIRECTION('',(1.,0.,0.));
#2248=DIRECTION('',(0.,0.,1.));
#2249=DIRECTION('',(-1.,0.,0.));
#2250=DIRECTION('',(0.,0.,1.));
#2251=DIRECTION('',(0.,-1.,0.));
#2252=DIRECTION('',(0.,-1.,0.));
#2253=DIRECTION('',(0.,-1.,0.));
#2254=DIRECTION('',(0.,0.,1.));
#2255=DIRECTION('',(1.,0.,0.));
#2256=DIRECTION('',(0.,0.,1.));
#2257=DIRECTION('',(-1.,0.,0.));
#2258=DIRECTION('',(0.,0.,1.));
#2259=DIRECTION('',(0.,0.,-1.));
#2260=DIRECTION('',(1.,0.,0.));
#2261=DIRECTION('',(0.,0.940951567737744,0.33854120454072));
#2262=DIRECTION('',(0.,-0.33854120454072,0.940951567737744));
#2263=DIRECTION('',(0.,0.,1.));
#2264=DIRECTION('',(-1.,0.,0.));
#2265=DIRECTION('',(0.,0.,1.));
#2266=DIRECTION('',(-1.,0.,0.));
#2267=DIRECTION('',(0.,0.,1.));
#2268=DIRECTION('',(0.,0.,-1.));
#2269=DIRECTION('',(0.,1.,0.));
#2270=DIRECTION('',(0.,0.,-1.));
#2271=DIRECTION('',(0.,1.,0.));
#2272=DIRECTION('',(0.,0.,-1.));
#2273=DIRECTION('',(-1.,0.,0.));
#2274=DIRECTION('',(0.,0.,-1.));
#2275=DIRECTION('',(0.,0.,1.));
#2276=DIRECTION('',(-1.,0.,0.));
#2277=DIRECTION('',(0.,-1.,0.));
#2278=DIRECTION('',(0.,0.,1.));
#2279=DIRECTION('',(-0.422618261740699,0.,-0.90630778703665));
#2280=DIRECTION('',(0.90630778703665,0.,-0.4226182617407));
#2281=DIRECTION('',(0.,1.,0.));
#2282=DIRECTION('',(0.,0.,1.));
#2283=DIRECTION('',(0.,0.,-1.));
#2284=DIRECTION('',(-1.,0.,0.));
#2285=DIRECTION('',(0.,0.,-1.));
#2286=DIRECTION('',(0.,0.,-1.));
#2287=DIRECTION('',(1.,0.,0.));
#2288=DIRECTION('',(0.,0.,1.));
#2289=DIRECTION('',(1.,0.,0.));
#2290=DIRECTION('',(0.,0.,-1.));
#2291=DIRECTION('',(1.,0.,0.));
#2292=DIRECTION('',(0.,-1.,0.));
#2293=DIRECTION('',(0.,0.,-1.));
#2294=DIRECTION('',(0.,0.,-1.));
#2295=DIRECTION('',(1.,0.,0.));
#2296=DIRECTION('',(-3.72895031437965E-12,2.76820118382156E-11,-1.));
#2297=DIRECTION('',(0.264977415641546,-0.964254618448845,-2.76809018728094E-11));
#2298=DIRECTION('',(0.,-0.951056516295155,0.309016994374943));
#2299=DIRECTION('',(0.,-0.309016994374943,-0.951056516295155));
#2300=DIRECTION('',(0.,1.,0.));
#2301=DIRECTION('',(0.,0.,-1.));
#2302=DIRECTION('',(0.,-1.,0.));
#2303=DIRECTION('',(0.,0.,-1.));
#2304=DIRECTION('',(0.,1.,0.));
#2305=DIRECTION('',(0.,1.,0.));
#2306=DIRECTION('',(0.,0.,1.));
#2307=DIRECTION('',(1.,0.,0.));
#2308=DIRECTION('',(0.,0.,-1.));
#2309=DIRECTION('',(1.,0.,0.));
#2310=DIRECTION('',(0.,0.,-1.));
#2311=DIRECTION('',(1.,0.,0.));
#2312=DIRECTION('',(0.,0.940951567737744,0.33854120454072));
#2313=DIRECTION('',(0.,-0.33854120454072,0.940951567737744));
#2314=DIRECTION('',(-0.951056516295152,0.,0.309016994374952));
#2315=DIRECTION('',(0.309016994374952,0.,0.951056516295152));
#2316=DIRECTION('',(0.951056516295152,0.,-0.309016994374952));
#2317=DIRECTION('',(0.309016994374952,0.,0.951056516295152));
#2318=DIRECTION('',(-0.669130606358862,0.,0.743144825477391));
#2319=DIRECTION('',(-0.743144825477391,0.,-0.669130606358862));
#2320=DIRECTION('',(-0.951056516295152,0.,0.309016994374953));
#2321=DIRECTION('',(0.309016994374953,0.,0.951056516295152));
#2322=DIRECTION('',(-0.951056516295152,0.,0.309016994374953));
#2323=DIRECTION('',(-0.309016994374953,0.,-0.951056516295152));
#2324=DIRECTION('',(0.951056516295152,0.,-0.309016994374953));
#2325=DIRECTION('',(-0.309016994374953,0.,-0.951056516295152));
#2326=DIRECTION('',(0.,0.,-1.));
#2327=DIRECTION('',(0.,0.,1.));
#2328=DIRECTION('',(0.,0.,-1.));
#2329=DIRECTION('',(0.669130606358862,0.,-0.743144825477391));
#2330=DIRECTION('',(-0.743144825477391,0.,-0.669130606358862));
#2331=DIRECTION('',(-0.74314482547739,0.,-0.669130606358863));
#2332=DIRECTION('',(1.08588407945216E-14,-1.,0.));
#2333=DIRECTION('',(0.743144825477388,0.,0.669130606358865));
#2334=DIRECTION('',(0.726180180296792,0.212450553583648,0.653855571228173));
#2335=DIRECTION('',(0.,-1.,0.));
#2336=DIRECTION('',(-0.722502457748021,0.234056674765559,-0.650544134971455));
#2337=DIRECTION('',(0.,-1.,0.));
#2338=DIRECTION('',(0.,0.,1.));
#2339=DIRECTION('',(1.,0.,0.));
#2340=DIRECTION('',(0.,-0.940951567737744,-0.33854120454072));
#2341=DIRECTION('',(0.,-0.33854120454072,0.940951567737744));
#2342=DIRECTION('',(1.,0.,0.));
#2343=DIRECTION('',(1.,0.,0.));
#2344=DIRECTION('',(0.,0.,1.));
#2345=DIRECTION('',(1.,0.,0.));
#2346=DIRECTION('',(1.,0.,0.));
#2347=DIRECTION('',(0.,0.951056516295155,-0.309016994374943));
#2348=DIRECTION('',(0.,-0.309016994374943,-0.951056516295155));
#2349=DIRECTION('',(1.,0.,0.));
#2350=DIRECTION('',(-8.54871728961371E-15,-0.951056516295174,0.309016994374885));
#2351=DIRECTION('',(-3.64100392694393E-5,0.309016994170055,0.95105651566477));
#2352=DIRECTION('',(-1.,0.,0.));
#2353=DIRECTION('',(0.,1.,0.));
#2354=DIRECTION('',(0.,0.,-1.));
#2355=DIRECTION('',(0.,-1.,0.));
#2356=DIRECTION('',(0.,-1.,0.));
#2357=DIRECTION('',(-1.8589045983928E-15,0.,-1.));
#2358=DIRECTION('',(-1.,0.,1.8589045983928E-15));
#2359=DIRECTION('',(1.,0.,-1.8589045983928E-15));
#2360=DIRECTION('',(0.,-1.,0.));
#2361=DIRECTION('',(0.,-1.,0.));
#2362=DIRECTION('',(0.,-1.,0.));
#2363=DIRECTION('',(0.,0.,-1.));
#2364=DIRECTION('',(-1.,0.,0.));
#2365=DIRECTION('',(0.,0.,-1.));
#2366=DIRECTION('',(1.,0.,0.));
#2367=DIRECTION('',(-1.,0.,0.));
#2368=DIRECTION('',(-1.,0.,0.));
#2369=DIRECTION('',(0.,0.,1.));
#2370=DIRECTION('',(0.,0.,-1.));
#2371=DIRECTION('',(0.,0.,-1.));
#2372=DIRECTION('',(0.,1.,0.));
#2373=DIRECTION('',(0.,-1.,0.));
#2374=DIRECTION('',(0.,0.,1.));
#2375=DIRECTION('',(0.,0.,-1.));
#2376=DIRECTION('',(0.,0.,1.));
#2377=DIRECTION('',(1.,0.,0.));
#2378=DIRECTION('',(0.,0.,1.));
#2379=DIRECTION('',(-1.,0.,0.));
#2380=DIRECTION('',(0.,0.,1.));
#2381=DIRECTION('',(0.,0.,1.));
#2382=DIRECTION('',(-1.,0.,0.));
#2383=DIRECTION('',(0.999999999999878,-2.57324362451739E-8,4.92680402928283E-7));
#2384=DIRECTION('',(-4.92683768012694E-7,-0.000131048132767968,0.999999991413072));
#2385=DIRECTION('',(0.,0.,-1.));
#2386=DIRECTION('',(-1.,0.,0.));
#2387=DIRECTION('',(0.,0.,1.));
#2388=DIRECTION('',(-1.,0.,0.));
#2389=DIRECTION('',(0.,0.,-1.));
#2390=DIRECTION('',(0.999999999999834,3.00362805605391E-8,5.75075866601176E-7));
#2391=DIRECTION('',(-5.75079790664528E-7,0.104046015042228,0.994572484414033));
#2392=DIRECTION('',(0.,1.,0.));
#2393=DIRECTION('',(0.,-1.,0.));
#2394=DIRECTION('',(0.,0.,-1.));
#2395=DIRECTION('',(-1.,0.,0.));
#2396=DIRECTION('',(1.,0.,0.));
#2397=DIRECTION('',(1.,0.,-3.96508223080413E-16));
#2398=DIRECTION('',(-3.96508223080413E-16,0.,-1.));
#2399=DIRECTION('',(0.,1.,0.));
#2400=DIRECTION('',(0.,-1.,0.));
#2401=DIRECTION('',(-1.,0.,0.));
#2402=DIRECTION('',(0.,1.,0.));
#2403=DIRECTION('',(0.,0.,1.));
#2404=DIRECTION('',(0.,1.,0.));
#2405=DIRECTION('',(0.,0.,1.));
#2406=DIRECTION('',(0.,1.,0.));
#2407=DIRECTION('',(0.,0.,1.));
#2408=DIRECTION('',(0.,1.,0.));
#2409=DIRECTION('',(0.,0.,1.));
#2410=DIRECTION('',(0.,1.,0.));
#2411=DIRECTION('',(0.,0.,1.));
#2412=DIRECTION('',(0.,1.,0.));
#2413=DIRECTION('',(0.,0.,1.));
#2414=DIRECTION('',(0.,1.,0.));
#2415=DIRECTION('',(0.,0.,1.));
#2416=DIRECTION('',(-0.743144825477391,0.,-0.669130606358862));
#2417=DIRECTION('',(1.,0.,0.));
#2418=DIRECTION('',(0.,0.,-1.));
#2419=DIRECTION('',(-1.,0.,0.));
#2420=DIRECTION('',(-1.,0.,0.));
#2421=DIRECTION('',(0.,1.,0.));
#2422=DIRECTION('',(0.,0.,1.));
#2423=DIRECTION('',(0.669130606358862,0.,-0.743144825477391));
#2424=DIRECTION('',(-0.743144825477391,0.,-0.669130606358862));
#2425=DIRECTION('',(0.,-1.,0.));
#2426=DIRECTION('',(0.,-1.,0.));
#2427=DIRECTION('',(-0.669130606358862,0.,0.743144825477391));
#2428=DIRECTION('',(0.743144825477391,0.,0.669130606358862));
#2429=DIRECTION('',(0.,-1.,0.));
#2430=DIRECTION('',(-0.722502457748021,0.23405667476556,-0.650544134971454));
#2431=DIRECTION('',(0.951056516295152,0.,-0.309016994374953));
#2432=DIRECTION('',(-0.309016994374953,0.,-0.951056516295152));
#2433=DIRECTION('',(1.8589045983928E-15,0.,1.));
#2434=DIRECTION('',(1.,0.,-1.8589045983928E-15));
#2435=DIRECTION('',(0.,-1.,0.));
#2436=DIRECTION('',(0.,1.,0.));
#2437=DIRECTION('',(0.,-0.940951567737744,-0.33854120454072));
#2438=DIRECTION('',(0.,-0.33854120454072,0.940951567737744));
#2439=DIRECTION('',(1.,0.,0.));
#2440=DIRECTION('',(1.,0.,0.));
#2441=DIRECTION('',(0.,0.,1.));
#2442=DIRECTION('',(1.,0.,0.));
#2443=DIRECTION('',(0.,1.,0.));
#2444=DIRECTION('',(0.,0.,-1.));
#2445=DIRECTION('',(1.,0.,0.));
#2446=DIRECTION('',(0.,-1.,0.));
#2447=DIRECTION('',(-1.8589045983928E-15,0.,-1.));
#2448=DIRECTION('',(-1.,0.,1.8589045983928E-15));
#2449=DIRECTION('',(0.,1.,0.));
#2450=DIRECTION('',(0.,0.,-1.));
#2451=DIRECTION('',(-1.,0.,0.));
#2452=DIRECTION('',(-1.,0.,0.));
#2453=DIRECTION('',(-1.,0.,0.));
#2454=DIRECTION('',(0.,0.,1.));
#2455=DIRECTION('',(0.,0.,1.));
#2456=DIRECTION('',(0.,1.,0.));
#2457=DIRECTION('',(0.,-1.,0.));
#2458=DIRECTION('',(0.,0.,1.));
#2459=DIRECTION('',(-0.4226182617407,0.,-0.90630778703665));
#2460=DIRECTION('',(0.90630778703665,0.,-0.4226182617407));
#2461=DIRECTION('',(0.,1.,0.));
#2462=DIRECTION('',(0.,0.,1.));
#2463=DIRECTION('',(0.,1.,0.));
#2464=DIRECTION('',(0.,0.,1.));
#2465=DIRECTION('',(1.,0.,0.));
#2466=DIRECTION('',(1.,0.,0.));
#2467=DIRECTION('',(0.,1.,0.));
#2468=DIRECTION('',(0.,0.,1.));
#2469=DIRECTION('',(0.,0.,-1.));
#2470=DIRECTION('',(-1.,0.,0.));
#2471=DIRECTION('',(0.,0.,1.));
#2472=DIRECTION('',(-1.,0.,0.));
#2473=DIRECTION('',(-0.4226182617407,0.,-0.90630778703665));
#2474=DIRECTION('',(-0.90630778703665,0.,0.4226182617407));
#2475=DIRECTION('',(0.,1.,0.));
#2476=DIRECTION('',(0.90630778703665,0.,-0.4226182617407));
#2477=DIRECTION('',(0.,1.,0.));
#2478=DIRECTION('',(-0.90630778703665,0.,0.422618261740699));
#2479=DIRECTION('',(0.422618261740699,0.,0.90630778703665));
#2480=DIRECTION('',(-0.422618261740699,0.,-0.90630778703665));
#2481=DIRECTION('',(0.,1.,0.));
#2482=DIRECTION('',(0.,1.,0.));
#2483=DIRECTION('',(1.,0.,0.));
#2484=DIRECTION('',(-0.4226182617407,0.,-0.90630778703665));
#2485=DIRECTION('',(0.90630778703665,0.,-0.4226182617407));
#2486=DIRECTION('',(-0.90630778703665,0.,0.4226182617407));
#2487=DIRECTION('',(0.4226182617407,0.,0.90630778703665));
#2488=DIRECTION('',(0.,1.,0.));
#2489=DIRECTION('',(-0.4226182617407,0.,-0.90630778703665));
#2490=DIRECTION('',(-0.90630778703665,0.,0.4226182617407));
#2491=DIRECTION('',(0.,0.,-1.));
#2492=DIRECTION('',(-1.,0.,0.));
#2493=DIRECTION('',(-1.,0.,0.));
#2494=DIRECTION('',(1.,0.,0.));
#2495=DIRECTION('',(0.,0.,-1.));
#2496=DIRECTION('',(-1.,0.,0.));
#2497=DIRECTION('',(-1.,0.,0.));
#2498=DIRECTION('',(1.,0.,0.));
#2499=DIRECTION('',(-1.,0.,0.));
#2500=DIRECTION('',(0.,0.,1.));
#2501=DIRECTION('',(1.,0.,0.));
#2502=DIRECTION('',(0.,0.,-1.));
#2503=DIRECTION('',(1.,0.,0.));
#2504=DIRECTION('',(0.,0.,-1.));
#2505=DIRECTION('',(-1.,0.,0.));
#2506=DIRECTION('',(0.,0.,1.));
#2507=DIRECTION('',(0.,1.,0.));
#2508=DIRECTION('',(0.,0.,-1.));
#2509=DIRECTION('',(0.,1.,0.));
#2510=DIRECTION('',(0.,1.,0.));
#2511=DIRECTION('',(0.,0.,1.));
#2512=DIRECTION('',(0.,1.,0.));
#2513=DIRECTION('',(0.,1.,0.));
#2514=DIRECTION('',(0.,0.,-1.));
#2515=DIRECTION('',(0.,1.,0.));
#2516=DIRECTION('',(0.,1.,0.));
#2517=DIRECTION('',(0.,0.,1.));
#2518=DIRECTION('',(0.,1.,0.));
#2519=DIRECTION('',(0.,1.,0.));
#2520=DIRECTION('',(0.,0.,-1.));
#2521=DIRECTION('',(0.,1.,0.));
#2522=DIRECTION('',(0.,1.,0.));
#2523=DIRECTION('',(0.,0.,1.));
#2524=DIRECTION('',(0.,1.,0.));
#2525=DIRECTION('',(0.,1.,0.));
#2526=DIRECTION('',(0.,0.,-1.));
#2527=DIRECTION('',(0.,1.,0.));
#2528=DIRECTION('',(0.,1.,0.));
#2529=DIRECTION('',(0.,0.,1.));
#2530=DIRECTION('',(0.,1.,0.));
#2531=DIRECTION('',(0.,1.,0.));
#2532=DIRECTION('',(0.,0.,-1.));
#2533=DIRECTION('',(0.909979868688333,4.63486782959509E-15,-0.414652431057583));
#2534=DIRECTION('',(0.414652431057583,0.,0.909979868688333));
#2535=DIRECTION('',(0.,-1.,0.));
#2536=DIRECTION('',(0.,0.,1.));
#2537=DIRECTION('',(0.050365411966107,0.,-0.998730857277117));
#2538=DIRECTION('',(0.998730857277117,0.,0.050365411966107));
#2539=DIRECTION('',(0.,1.,0.));
#2540=DIRECTION('',(0.,0.,-1.));
#2541=DIRECTION('',(0.,1.,0.));
#2542=DIRECTION('',(0.,0.,-1.));
#2543=DIRECTION('',(0.962547068852441,0.,0.27111462565412));
#2544=DIRECTION('',(-0.27111462565412,0.,0.962547068852441));
#2545=DIRECTION('',(0.,-1.,0.));
#2546=DIRECTION('',(0.,0.,1.));
#2547=DIRECTION('',(0.428554901502437,0.,-0.903515742197244));
#2548=DIRECTION('',(0.903515742197244,0.,0.428554901502437));
#2549=DIRECTION('',(0.,1.,0.));
#2550=DIRECTION('',(0.,0.,-1.));
#2551=DIRECTION('',(0.,-1.,0.));
#2552=DIRECTION('',(0.,0.,1.));
#2553=DIRECTION('',(0.225884612032782,1.38445754694156E-8,-0.974154064841286));
#2554=DIRECTION('',(0.974154064841286,0.,0.225884612032782));
#2555=DIRECTION('',(0.,-1.,0.));
#2556=DIRECTION('',(0.,0.,1.));
#2557=DIRECTION('',(0.769328290196365,0.,-0.63885364670129));
#2558=DIRECTION('',(0.63885364670129,0.,0.769328290196365));
#2559=DIRECTION('',(0.,1.,0.));
#2560=DIRECTION('',(0.,0.,1.));
#2561=DIRECTION('',(0.,1.,0.));
#2562=DIRECTION('',(0.,0.,-1.));
#2563=DIRECTION('',(0.,1.,0.));
#2564=DIRECTION('',(0.,0.,1.));
#2565=DIRECTION('',(0.,-1.,0.));
#2566=DIRECTION('',(0.,0.,1.));
#2567=DIRECTION('',(0.768890258972467,0.,-0.639380770478166));
#2568=DIRECTION('',(0.639380770478166,0.,0.768890258972467));
#2569=DIRECTION('',(0.,-1.,0.));
#2570=DIRECTION('',(0.,0.,1.));
#2571=DIRECTION('',(0.951321155977507,0.,0.308201327365118));
#2572=DIRECTION('',(-0.308201327365118,0.,0.951321155977507));
#2573=DIRECTION('',(0.,-1.,0.));
#2574=DIRECTION('',(0.,0.,1.));
#2575=DIRECTION('',(0.,-1.,0.));
#2576=DIRECTION('',(0.,0.,1.));
#2577=DIRECTION('',(0.,1.,0.));
#2578=DIRECTION('',(0.,0.,1.));
#2579=DIRECTION('',(0.,1.,0.));
#2580=DIRECTION('',(0.,0.,-1.));
#2581=DIRECTION('',(0.,-1.,0.));
#2582=DIRECTION('',(0.,0.,1.));
#2583=DIRECTION('',(0.,1.,0.));
#2584=DIRECTION('',(0.,0.,1.));
#2585=DIRECTION('',(0.,1.,0.));
#2586=DIRECTION('',(0.,0.,-1.));
#2587=DIRECTION('',(0.,-1.,0.));
#2588=DIRECTION('',(0.,0.,1.));
#2589=DIRECTION('',(0.,1.,0.));
#2590=DIRECTION('',(0.,0.,1.));
#2591=DIRECTION('',(0.,1.,0.));
#2592=DIRECTION('',(0.,0.,-1.));
#2593=DIRECTION('',(0.,-1.,0.));
#2594=DIRECTION('',(0.,0.,1.));
#2595=DIRECTION('',(0.,1.,0.));
#2596=DIRECTION('',(0.,0.,1.));
#2597=DIRECTION('',(0.,1.,0.));
#2598=DIRECTION('',(0.,0.,-1.));
#2599=CARTESIAN_POINT('',(0.,0.,0.));
#2600=CARTESIAN_POINT('',(-0.0149169631358087,0.0412,0.0586563055243491));
#2601=CARTESIAN_POINT('',(-0.0148799164638216,0.041199878935092,0.058724570999833));
#2602=CARTESIAN_POINT('',(-0.0148419925968729,0.0412001474338436,0.0587944527362174));
#2603=CARTESIAN_POINT('',(-0.0147435733815574,0.0412061448141436,0.0589758084961664));
#2604=CARTESIAN_POINT('',(-0.0145886173185184,0.0412298889273232,0.0592613438310152));
#2605=CARTESIAN_POINT('',(-0.0143009994448093,0.0413182287549159,0.0597913333458675));
#2606=CARTESIAN_POINT('',(-0.0139086105908656,0.0415628479109969,0.0605143827978344));
#2607=CARTESIAN_POINT('',(-0.0134535739986292,0.0420427044066636,0.0613528724236267));
#2608=CARTESIAN_POINT('',(-0.0130254192964333,0.0427629191673534,0.0621418271506415));
#2609=CARTESIAN_POINT('',(-0.0126772872569194,0.0436550402638354,0.0627833252350444));
#2610=CARTESIAN_POINT('',(-0.0123473405252846,0.0449908668966548,0.0633913135055815));
#2611=CARTESIAN_POINT('',(-0.0122600614226146,0.0460498618503581,0.0635521414999074));
#2612=CARTESIAN_POINT('',(-0.012261118207281,0.0467,0.063550194177277));
#2613=CARTESIAN_POINT('',(-0.0190675025372414,0.0412,0.0609059796911878));
#2614=CARTESIAN_POINT('',(-0.0190283726327301,0.0411998789351393,0.0609731220000376));
#2615=CARTESIAN_POINT('',(-0.0189883160678279,0.0412001474337859,0.0610418537567529));
#2616=CARTESIAN_POINT('',(-0.0188843622685945,0.0412061448117494,0.0612202253597589));
#2617=CARTESIAN_POINT('',(-0.018720692137091,0.0412298889157149,0.0615010620873888));
#2618=CARTESIAN_POINT('',(-0.0184168999015964,0.0413182287096158,0.0620223305589611));
#2619=CARTESIAN_POINT('',(-0.0180024444151772,0.0415628477791246,0.0627334817684289));
#2620=CARTESIAN_POINT('',(-0.0175218177214703,0.0420427041384112,0.0635581733715419));
#2621=CARTESIAN_POINT('',(-0.0170695842085478,0.0427629187762943,0.0643341449720537));
#2622=CARTESIAN_POINT('',(-0.0167018733939025,0.0436550398341744,0.0649650863709195));
#2623=CARTESIAN_POINT('',(-0.0163533703667882,0.044990866563491,0.0655630693150832));
#2624=CARTESIAN_POINT('',(-0.0162611825639855,0.0460498617233171,0.0657212506219789));
#2625=CARTESIAN_POINT('',(-0.0162622987930398,0.0467,0.0657193353485849));
#2626=CARTESIAN_POINT('',(-0.0251185464192851,0.0412,0.0645773798860101));
#2627=CARTESIAN_POINT('',(-0.025076014492974,0.0411998789349444,0.0646424464974213));
#2628=CARTESIAN_POINT('',(-0.0250324761296226,0.0412001474340238,0.0647090544926041));
#2629=CARTESIAN_POINT('',(-0.0249194855997379,0.0412061448216271,0.0648819133347637));
#2630=CARTESIAN_POINT('',(-0.0247415883994184,0.0412298889636057,0.0651540715101777));
#2631=CARTESIAN_POINT('',(-0.0244113886480694,0.0413182288965033,0.0656592307086296));
#2632=CARTESIAN_POINT('',(-0.0239609082830708,0.0415628483231623,0.0663484063644451));
#2633=CARTESIAN_POINT('',(-0.0234385068892291,0.0420427052450636,0.0671476146005197));
#2634=CARTESIAN_POINT('',(-0.0229469689586805,0.0427629203895445,0.0678996095688801));
#2635=CARTESIAN_POINT('',(-0.0225473013754744,0.0436550416066416,0.0685110562743414));
#2636=CARTESIAN_POINT('',(-0.0221685121471621,0.0449908679378573,0.0690905633652163));
#2637=CARTESIAN_POINT('',(-0.0220683133796066,0.0460498622473847,0.0692438575259818));
#2638=CARTESIAN_POINT('',(-0.0220695265604862,0.0467,0.069242001410059));
#2639=CARTESIAN_POINT('',(-0.0328475919449095,0.0412,0.0700302825346544));
#2640=CARTESIAN_POINT('',(-0.0328016100587963,0.0411998789355558,0.0700928946270919));
#2641=CARTESIAN_POINT('',(-0.0327545328672108,0.0412001474332775,0.0701569835581254));
#2642=CARTESIAN_POINT('',(-0.0326323667255328,0.0412061447906389,0.0703233124069045));
#2643=CARTESIAN_POINT('',(-0.0324400167816875,0.0412298888133646,0.0705851839313228));
#2644=CARTESIAN_POINT('',(-0.0320829976142891,0.0413182283102066,0.0710712560101171));
#2645=CARTESIAN_POINT('',(-0.0315959193773294,0.0415628466164274,0.0717343844753339));
#2646=CARTESIAN_POINT('',(-0.0310310759296612,0.042042701773305,0.0725033876184314));
#2647=CARTESIAN_POINT('',(-0.0304995978729029,0.0427629153284814,0.0732269593570842));
#2648=CARTESIAN_POINT('',(-0.030067451995196,0.0436550360460619,0.0738152944018067));
#2649=CARTESIAN_POINT('',(-0.0296578784642845,0.0449908636261775,0.0743728964564355));
#2650=CARTESIAN_POINT('',(-0.0295495355083224,0.0460498606032708,0.0745203960138216));
#2651=CARTESIAN_POINT('',(-0.0295508473897772,0.0467,0.074518610075379));
#2652=CARTESIAN_POINT('',(-0.038508432887218,0.0412,0.0742888815062405));
#2653=CARTESIAN_POINT('',(-0.0384613770627665,0.0411998789334957,0.0743506649224194));
#2654=CARTESIAN_POINT('',(-0.0384132180083234,0.0412001474357922,0.0744139217122872));
#2655=CARTESIAN_POINT('',(-0.0382882241147847,0.0412061448950529,0.0745780723830453));
#2656=CARTESIAN_POINT('',(-0.0380914373086169,0.0412298893195964,0.0748365284432293));
#2657=CARTESIAN_POINT('',(-0.0377261669742126,0.0413182302857076,0.0753162457769948));
#2658=CARTESIAN_POINT('',(-0.037227855066476,0.0415628523671674,0.0759707235053717));
#2659=CARTESIAN_POINT('',(-0.0366499891989095,0.0420427134711126,0.076729693749342));
#2660=CARTESIAN_POINT('',(-0.0361062736139869,0.0427629323812102,0.0774438321810665));
#2661=CARTESIAN_POINT('',(-0.0356641865786129,0.0436550547817578,0.0780244990622999));
#2662=CARTESIAN_POINT('',(-0.0352451988300905,0.044990878153774,0.078574835121871));
#2663=CARTESIAN_POINT('',(-0.0351343685098792,0.0460498661428758,0.0787204130385159));
#2664=CARTESIAN_POINT('',(-0.035135710237663,0.0467,0.0787186503317192));
#2665=CARTESIAN_POINT('',(-0.0438800543883582,0.0412,0.078287773395767));
#2666=CARTESIAN_POINT('',(-0.0438349379743643,0.0411998789364399,0.0783510612865286));
#2667=CARTESIAN_POINT('',(-0.0437887501030519,0.0412001474321986,0.0784158432377135));
#2668=CARTESIAN_POINT('',(-0.0436688882730039,0.0412061447458249,0.0785839693341745));
#2669=CARTESIAN_POINT('',(-0.0434801698086094,0.0412298885960756,0.078848671939185));
#2670=CARTESIAN_POINT('',(-0.0431298896666162,0.0413182274621308,0.0793399988444108));
#2671=CARTESIAN_POINT('',(-0.0426520134662543,0.0415628441469626,0.0800103008860351));
#2672=CARTESIAN_POINT('',(-0.0420978462625438,0.0420426967482608,0.0807876274822467));
#2673=CARTESIAN_POINT('',(-0.0415764199390991,0.0427629080005574,0.0815190365424503));
#2674=CARTESIAN_POINT('',(-0.041152450424478,0.0436550279926741,0.0821137479472612));
#2675=CARTESIAN_POINT('',(-0.0407506284389838,0.0449908573798396,0.0826773962709214));
#2676=CARTESIAN_POINT('',(-0.0406443367458259,0.0460498582213307,0.0828264963951595));
#2677=CARTESIAN_POINT('',(-0.0406456237149297,0.0467,0.0828246909661637));
#2678=CARTESIAN_POINT('',(-0.0488251608253508,0.0412,0.0814783035441594));
#2679=CARTESIAN_POINT('',(-0.0487858714068804,0.0411998789313696,0.0815454659112044));
#2680=CARTESIAN_POINT('',(-0.0487456584437664,0.0412001474383866,0.0816142285078375));
#2681=CARTESIAN_POINT('',(-0.0486412898676688,0.0412061450028312,0.0817926676452447));
#2682=CARTESIAN_POINT('',(-0.0484769704014725,0.0412298898422029,0.0820736181008161));
#2683=CARTESIAN_POINT('',(-0.0481719596346466,0.0413182323256003,0.0825950831247432));
#2684=CARTESIAN_POINT('',(-0.047755833229373,0.0415628583078976,0.0833065014205096));
#2685=CARTESIAN_POINT('',(-0.0472732491343865,0.0420427255620593,0.0841314834632921));
#2686=CARTESIAN_POINT('',(-0.0468191605334232,0.0427629500165305,0.0849077130529661));
#2687=CARTESIAN_POINT('',(-0.046449933364833,0.0436550741659391,0.0855388516395515));
#2688=CARTESIAN_POINT('',(-0.046099988473846,0.0449908931907996,0.0861370119311168));
#2689=CARTESIAN_POINT('',(-0.0460074176722704,0.0460498718771528,0.086295236236553));
#2690=CARTESIAN_POINT('',(-0.0460085386980128,0.0467,0.0862933208130036));
#2691=CARTESIAN_POINT('',(-0.0529724714547546,0.0412,0.0835913853665566));
#2692=CARTESIAN_POINT('',(-0.052940135016754,0.0411998789404877,0.0836621214818537));
#2693=CARTESIAN_POINT('',(-0.0529070553452457,0.0412001474272588,0.0837345349727377));
#2694=CARTESIAN_POINT('',(-0.0528211828389916,0.0412061445406358,0.0839224587024047));
#2695=CARTESIAN_POINT('',(-0.0526860027219714,0.0412298876011532,0.0842183387810258));
#2696=CARTESIAN_POINT('',(-0.0524350776315069,0.0413182235787933,0.0847675320441144));
#2697=CARTESIAN_POINT('',(-0.0520927917887779,0.0415628328382751,0.0855167979657104));
#2698=CARTESIAN_POINT('',(-0.0516958775684776,0.0420426737335452,0.0863857112682022));
#2699=CARTESIAN_POINT('',(-0.0513224401211209,0.0427628744340455,0.0872033178017511));
#2700=CARTESIAN_POINT('',(-0.051018812585833,0.0436549910988269,0.0878681310754282));
#2701=CARTESIAN_POINT('',(-0.0507310551845954,0.0449908287609578,0.0884982311674192));
#2702=CARTESIAN_POINT('',(-0.0506549393592976,0.0460498473077563,0.0886649141286717));
#2703=CARTESIAN_POINT('',(-0.050655860675677,0.0467,0.0886628953657611));
#2704=CARTESIAN_POINT('',(-0.0576531779752261,0.0412,0.0854720666871387));
#2705=CARTESIAN_POINT('',(-0.057628822361137,0.0411998789336013,0.0855459981356824));
#2706=CARTESIAN_POINT('',(-0.0576038852877099,0.0412001474356628,0.0856216795415755));
#2707=CARTESIAN_POINT('',(-0.0575391743194346,0.04120614488971,0.0858180868240487));
#2708=CARTESIAN_POINT('',(-0.0574372853628573,0.0412298892937323,0.0861273191493498));
#2709=CARTESIAN_POINT('',(-0.0572481690583384,0.0413182301850827,0.0867012921620989));
#2710=CARTESIAN_POINT('',(-0.0569901523371291,0.0415628520758637,0.087484342258973));
#2711=CARTESIAN_POINT('',(-0.0566909355392598,0.0420427128828896,0.0883924057526501));
#2712=CARTESIAN_POINT('',(-0.0564093880208503,0.0427629315299465,0.0892468169665018));
#2713=CARTESIAN_POINT('',(-0.0561804584498481,0.0436550538520267,0.0899415324137379));
#2714=CARTESIAN_POINT('',(-0.0559634849925715,0.0449908774372261,0.0905999540505354));
#2715=CARTESIAN_POINT('',(-0.055906089331734,0.0460498658699215,0.0907741212823658));
#2716=CARTESIAN_POINT('',(-0.0559067843611877,0.0466999999999999,0.090772012600802));
#2717=CARTESIAN_POINT('',(-0.0610728889298564,0.0412,0.0864240644219988));
#2718=CARTESIAN_POINT('',(-0.0610535304311988,0.0411998789354786,0.0864993388779645));
#2719=CARTESIAN_POINT('',(-0.0610337130330538,0.0412001474333719,0.0865763952283414));
#2720=CARTESIAN_POINT('',(-0.0609822840423227,0.0412061447945505,0.0867763708237287));
#2721=CARTESIAN_POINT('',(-0.0609013114696073,0.041229888832319,0.0870912219950068));
#2722=CARTESIAN_POINT('',(-0.0607510173870127,0.041318228384095,0.0876756261082722));
#2723=CARTESIAN_POINT('',(-0.0605459764582658,0.041562846831106,0.0884729126342898));
#2724=CARTESIAN_POINT('',(-0.0603082011481292,0.0420427022088893,0.0893974935624343));
#2725=CARTESIAN_POINT('',(-0.0600844740651344,0.0427629159618824,0.0902674553629874));
#2726=CARTESIAN_POINT('',(-0.0599025626365262,0.0436550367405708,0.0909748215083851));
#2727=CARTESIAN_POINT('',(-0.0597301541390812,0.0449908641635951,0.0916452381205754));
#2728=CARTESIAN_POINT('',(-0.0596845479628969,0.0460498608081269,0.0918225803734065));
#2729=CARTESIAN_POINT('',(-0.059685100152098,0.0467,0.0918204330555802));
#2730=CARTESIAN_POINT('',(-0.0633832183934406,0.0412,0.0869282674166512));
#2731=CARTESIAN_POINT('',(-0.0633666339269442,0.0411998789350849,0.0870041461826506));
#2732=CARTESIAN_POINT('',(-0.0633496568568422,0.0412001474338524,0.0870818215191129));
#2733=CARTESIAN_POINT('',(-0.0633055982419938,0.0412061448145061,0.0872834030201059));
#2734=CARTESIAN_POINT('',(-0.0632362302983931,0.0412298889290808,0.087600782801182));
#2735=CARTESIAN_POINT('',(-0.0631074747372462,0.0413182287617747,0.0881898795819798));
#2736=CARTESIAN_POINT('',(-0.0629318175995063,0.0415628479309649,0.0889935674912674));
#2737=CARTESIAN_POINT('',(-0.0627281159041151,0.0420427044472852,0.0899255701542385));
#2738=CARTESIAN_POINT('',(-0.062536448568119,0.0427629192265766,0.0908025135880242));
#2739=CARTESIAN_POINT('',(-0.0623806043558875,0.0436550403289092,0.0915155552170852));
#2740=CARTESIAN_POINT('',(-0.0622329011296235,0.0449908669471173,0.0921913498527562));
#2741=CARTESIAN_POINT('',(-0.0621938300259404,0.0460498618696007,0.0923701143233633));
#2742=CARTESIAN_POINT('',(-0.0621943030966376,0.0467,0.0923679498230865));
#2743=CARTESIAN_POINT('',(-0.0738368851573848,0.0412,0.0885367378642849));
#2744=CARTESIAN_POINT('',(-0.0734749022894802,0.0412,0.0885044281376829));
#2745=CARTESIAN_POINT('',(-0.0731132057364306,0.0412,0.0884703710948643));
#2746=CARTESIAN_POINT('',(-0.0727518087566962,0.0412,0.088434472387661));
#2747=CARTESIAN_POINT('',(-0.0719495129978455,0.0412,0.088354777807594));
#2748=CARTESIAN_POINT('',(-0.0711486937287373,0.0412,0.088266006036794));
#2749=CARTESIAN_POINT('',(-0.0703495057837651,0.0412,0.0881669757365933));
#2750=CARTESIAN_POINT('',(-0.0700908962535748,0.0412,0.088134930484196));
#2751=CARTESIAN_POINT('',(-0.069832457530055,0.0412,0.0881018111504563));
#2752=CARTESIAN_POINT('',(-0.0695741961755002,0.0412,0.0880675705127581));
#2753=CARTESIAN_POINT('',(-0.0690332683829105,0.0412,0.0879958535785737));
#2754=CARTESIAN_POINT('',(-0.0684931108445635,0.0412,0.0879192179731658));
#2755=CARTESIAN_POINT('',(-0.0679538381890401,0.0412000000000012,0.0878372386413189));
#2756=CARTESIAN_POINT('',(-0.0671557533177089,0.041200000000003,0.0877159151070387));
#2757=CARTESIAN_POINT('',(-0.0663596066573993,0.041200000000006,0.087582885430926));
#2758=CARTESIAN_POINT('',(-0.0655657358810171,0.0412000000000026,0.0874365395936694));
#2759=CARTESIAN_POINT('',(-0.0654919318248549,0.0412000000000023,0.0874229342101317));
#2760=CARTESIAN_POINT('',(-0.0654181474365772,0.0412000000000019,0.0874092137697306));
#2761=CARTESIAN_POINT('',(-0.0653443831822327,0.0412000000000016,0.0873953768223135));
#2762=CARTESIAN_POINT('',(-0.0647276440332587,0.0411999999999988,0.0872796868143248));
#2763=CARTESIAN_POINT('',(-0.0641123055758414,0.0412000000000037,0.0871558721318312));
#2764=CARTESIAN_POINT('',(-0.0634980500915864,0.0412000000000025,0.0870229335044245));
#2765=CARTESIAN_POINT('',(-0.0634134598848775,0.0412000000000023,0.0870046262914486));
#2766=CARTESIAN_POINT('',(-0.0633288902281634,0.041200000000002,0.0869861459666994));
#2767=CARTESIAN_POINT('',(-0.0632443403038565,0.0412000000000016,0.0869674898401898));
#2768=CARTESIAN_POINT('',(-0.0632249882495582,0.0412000000000015,0.0869632197669027));
#2769=CARTESIAN_POINT('',(-0.0632056379553871,0.0412000000000014,0.0869589406711707));
#2770=CARTESIAN_POINT('',(-0.0631862894368105,0.0412000000000014,0.0869546525281141));
#2771=CARTESIAN_POINT('',(-0.0627902157510132,0.0412,0.0868668721319588));
#2772=CARTESIAN_POINT('',(-0.0623948859622095,0.041200000000002,0.0867752996681594));
#2773=CARTESIAN_POINT('',(-0.0620001989961452,0.041200000000004,0.0866796292693231));
#2774=CARTESIAN_POINT('',(-0.0617182266270325,0.0412000000000055,0.0866112803970945));
#2775=CARTESIAN_POINT('',(-0.0614365828910556,0.0412000000000059,0.0865408402965191));
#2776=CARTESIAN_POINT('',(-0.0611558941036538,0.0412000000000032,0.0864683839564333));
#2777=CARTESIAN_POINT('',(-0.0610429896059874,0.0412000000000022,0.0864392390562901));
#2778=CARTESIAN_POINT('',(-0.0609301753590572,0.0412000000000016,0.086409752165032));
#2779=CARTESIAN_POINT('',(-0.060817495415384,0.0412000000000011,0.0863799281029064));
#2780=CARTESIAN_POINT('',(-0.0603162684240401,0.0411999999999993,0.0862472636336002));
#2781=CARTESIAN_POINT('',(-0.0598177007672215,0.0411999999999991,0.0861079240173649));
#2782=CARTESIAN_POINT('',(-0.0593223802316999,0.0412000000000015,0.0859616527010646));
#2783=CARTESIAN_POINT('',(-0.0592458060355867,0.0412000000000019,0.0859390398520973));
#2784=CARTESIAN_POINT('',(-0.0591693094012681,0.0412000000000024,0.0859162614294238));
#2785=CARTESIAN_POINT('',(-0.0590928924520739,0.0412000000000031,0.0858933165880371));
#2786=CARTESIAN_POINT('',(-0.0588891957796894,0.0412000000000049,0.0858321549231426));
#2787=CARTESIAN_POINT('',(-0.0586860821314197,0.0412000000000123,0.0857698207034386));
#2788=CARTESIAN_POINT('',(-0.0584835507249444,0.0412000000000388,0.0857062822041864));
#2789=CARTESIAN_POINT('',(-0.0580081388907569,0.041200000000101,0.0855571351904133));
#2790=CARTESIAN_POINT('',(-0.0575359343331932,0.0412000000002985,0.0854013534583923));
#2791=CARTESIAN_POINT('',(-0.0570669356158231,0.0412000000001754,0.0852386126990219));
#2792=CARTESIAN_POINT('',(-0.0567761679425893,0.0412000000000992,0.085137717429611));
#2793=CARTESIAN_POINT('',(-0.0564866201071721,0.0412000000000647,0.0850341634690186));
#2794=CARTESIAN_POINT('',(-0.0561983244721944,0.0412000000000497,0.0849278979848614));
#2795=CARTESIAN_POINT('',(-0.0554450828916688,0.0412000000000107,0.0846502538878634));
#2796=CARTESIAN_POINT('',(-0.0547003904382231,0.0411999999995345,0.0843540989537259));
#2797=CARTESIAN_POINT('',(-0.0539646148181513,0.0412000000011087,0.0840387748379455));
#2798=CARTESIAN_POINT('',(-0.0536865290932725,0.0412000000017037,0.0839195983758333));
#2799=CARTESIAN_POINT('',(-0.0534097169411028,0.0412000000026758,0.0837976838062129));
#2800=CARTESIAN_POINT('',(-0.0531341592790258,0.0412000000046887,0.0836730851731126));
#2801=CARTESIAN_POINT('',(-0.0524105762675165,0.0412000000099746,0.083345903364815));
#2802=CARTESIAN_POINT('',(-0.0516957742867394,0.0412000000055898,0.082999892558495));
#2803=CARTESIAN_POINT('',(-0.0509892173393941,0.0412000000025837,0.0826361704869103));
#2804=CARTESIAN_POINT('',(-0.0505409701722468,0.0412000000006766,0.0824054213748544));
#2805=CARTESIAN_POINT('',(-0.0500960404953792,0.0412000000001208,0.0821675432515364));
#2806=CARTESIAN_POINT('',(-0.0496542829608686,0.0412000000000487,0.0819228147414434));
#2807=CARTESIAN_POINT('',(-0.0495570264499399,0.0412000000000328,0.0818689357712912));
#2808=CARTESIAN_POINT('',(-0.0494599236694484,0.0412000000000291,0.0818147247455924));
#2809=CARTESIAN_POINT('',(-0.0493629703899605,0.0412000000000346,0.0817601895592455));
#2810=CARTESIAN_POINT('',(-0.0485089335937738,0.0412000000000825,0.0812798029640399));
#2811=CARTESIAN_POINT('',(-0.0476666504648274,0.0412000000001533,0.0807740210420159));
#2812=CARTESIAN_POINT('',(-0.0468338518665221,0.0412000000001254,0.0802480868193705));
#2813=CARTESIAN_POINT('',(-0.046465785183314,0.0412000000001131,0.0800156430264671));
#2814=CARTESIAN_POINT('',(-0.0460995708062433,0.0412000000000829,0.0797792635874396));
#2815=CARTESIAN_POINT('',(-0.0457350116484159,0.0412000000000514,0.0795394038730301));
#2816=CARTESIAN_POINT('',(-0.0456669604071113,0.0412000000000455,0.079494629929065));
#2817=CARTESIAN_POINT('',(-0.0455989645733311,0.0412000000000405,0.079449733493642));
#2818=CARTESIAN_POINT('',(-0.0455310225442246,0.0412000000000361,0.0794047173001922));
#2819=CARTESIAN_POINT('',(-0.044856435768412,0.0411999999999929,0.0789577578967423));
#2820=CARTESIAN_POINT('',(-0.0441871522436727,0.0411999999999973,0.0784989935047829));
#2821=CARTESIAN_POINT('',(-0.0435230871798932,0.0412000000000105,0.0780328852918912));
#2822=CARTESIAN_POINT('',(-0.0430850438392688,0.0412000000000192,0.0777254220479952));
#2823=CARTESIAN_POINT('',(-0.0426492715816603,0.0412000000000345,0.0774147630627215));
#2824=CARTESIAN_POINT('',(-0.0422150810049111,0.0412000000001377,0.0771016748191576));
#2825=CARTESIAN_POINT('',(-0.0419913597650963,0.0412000000001909,0.0769403528242263));
#2826=CARTESIAN_POINT('',(-0.0417681357711147,0.0412000000002236,0.0767784330645532));
#2827=CARTESIAN_POINT('',(-0.0415453104989079,0.0412000000002255,0.0766160208699168));
#2828=CARTESIAN_POINT('',(-0.0406140672253152,0.0412000000002334,0.0759372591553832));
#2829=CARTESIAN_POINT('',(-0.0396897855824769,0.0412,0.0752499009595483));
#2830=CARTESIAN_POINT('',(-0.0387670928884034,0.0412,0.0745600068530999));
#2831=CARTESIAN_POINT('',(-0.0383907798439409,0.0412,0.0742786389033786));
#2832=CARTESIAN_POINT('',(-0.0380147328701372,0.0412,0.0739968369138293));
#2833=CARTESIAN_POINT('',(-0.0376386526517588,0.0412,0.0737150491252572));
#2834=CARTESIAN_POINT('',(-0.0369896029435826,0.0412,0.0732287319168464));
#2835=CARTESIAN_POINT('',(-0.0363404541478976,0.0412,0.0727424571026493));
#2836=CARTESIAN_POINT('',(-0.0356902577975242,0.0412,0.0722576806705297));
#2837=CARTESIAN_POINT('',(-0.0352930157839356,0.0412,0.0719615031144348));
#2838=CARTESIAN_POINT('',(-0.0348953876336256,0.0412,0.0716658884645069));
#2839=CARTESIAN_POINT('',(-0.034497133012474,0.0412,0.0713711505690984));
#2840=CARTESIAN_POINT('',(-0.0342435338710971,0.0412,0.0711834684350136));
#2841=CARTESIAN_POINT('',(-0.0339896797308374,0.0412,0.07099614108383));
#2842=CARTESIAN_POINT('',(-0.0337355063449535,0.0412,0.0708092479793806));
#2843=CARTESIAN_POINT('',(-0.0331201254167101,0.0412,0.0703567598020745));
#2844=CARTESIAN_POINT('',(-0.0325028732809443,0.0412,0.0699068168908162));
#2845=CARTESIAN_POINT('',(-0.0318832129378085,0.0412,0.0694600445687709));
#2846=CARTESIAN_POINT('',(-0.0311871973065905,0.0412,0.0689582204272332));
#2847=CARTESIAN_POINT('',(-0.0304881916498893,0.0411999999999921,0.0684604323778468));
#2848=CARTESIAN_POINT('',(-0.0297856280949212,0.0412000000000079,0.0679677156961873));
#2849=CARTESIAN_POINT('',(-0.0293189949986353,0.0412000000000184,0.067640460020699));
#2850=CARTESIAN_POINT('',(-0.0288507924705073,0.0412000000000339,0.0673154414376946));
#2851=CARTESIAN_POINT('',(-0.0283810570080034,0.0412000000001679,0.0669928783275777));
#2852=CARTESIAN_POINT('',(-0.0275137714325349,0.0412000000004154,0.0663973211365335));
#2853=CARTESIAN_POINT('',(-0.0266408873322421,0.0412000000010883,0.0658098538202868));
#2854=CARTESIAN_POINT('',(-0.0257624394700884,0.0412000000018567,0.0652316928906419));
#2855=CARTESIAN_POINT('',(-0.0244087261465287,0.0412000000030408,0.0643407303334526));
#2856=CARTESIAN_POINT('',(-0.0230418005932696,0.0412000000038078,0.0634718692008672));
#2857=CARTESIAN_POINT('',(-0.021660858148162,0.0412000000022007,0.0626257143203447));
#2858=CARTESIAN_POINT('',(-0.0215057244731551,0.0412000000020202,0.0625306581384557));
#2859=CARTESIAN_POINT('',(-0.0213504138975443,0.0412000000018216,0.0624358884998277));
#2860=CARTESIAN_POINT('',(-0.0211949270414814,0.0412000000016155,0.0623414053062245));
#2861=CARTESIAN_POINT('',(-0.0206585419821814,0.0412000000009046,0.0620154653863693));
#2862=CARTESIAN_POINT('',(-0.0201200831101065,0.0412000000005689,0.0616929764743208));
#2863=CARTESIAN_POINT('',(-0.0195795642161723,0.0412000000003637,0.0613739286573031));
#2864=CARTESIAN_POINT('',(-0.0188824001872707,0.041200000000099,0.0609624191540821));
#2865=CARTESIAN_POINT('',(-0.018181809142655,0.0412000000000517,0.0605566342131252));
#2866=CARTESIAN_POINT('',(-0.0174778036483757,0.0412000000000241,0.0601564939451904));
#2867=CARTESIAN_POINT('',(-0.0167738734528575,0.0411999999999965,0.0597563964753113));
#2868=CARTESIAN_POINT('',(-0.0160665295349245,0.0412000000000005,0.0593619424758994));
#2869=CARTESIAN_POINT('',(-0.0153558167287036,0.0412,0.0589730109641437));
#2870=CARTESIAN_POINT('',(-0.014823874797889,0.0412,0.0586819102867576));
#2871=CARTESIAN_POINT('',(-0.0142900456089542,0.0412,0.058393903307893));
#2872=CARTESIAN_POINT('',(-0.0137543608328767,0.0412,0.0581089312098296));
#2873=CARTESIAN_POINT('',(-0.0630406821705758,0.041200000000001,0.0869222032470738));
#2874=CARTESIAN_POINT('',(-0.0151793875102027,0.0412,0.0588766126715758));
#2875=CARTESIAN_POINT('',(-0.0598534894722527,0.0467,0.0918124211327217));
#2876=CARTESIAN_POINT('',(-0.0598534895789551,0.0459341906969135,0.0918124168870564));
#2877=CARTESIAN_POINT('',(-0.0598626002533244,0.0443901980414736,0.0914756115185804));
#2878=CARTESIAN_POINT('',(-0.0601243480302564,0.0424836238495046,0.0901106962333714));
#2879=CARTESIAN_POINT('',(-0.0610781551105453,0.0413300440914264,0.0882532953249119));
#2880=CARTESIAN_POINT('',(-0.0623368572363934,0.0412000014320878,0.0872240014830926));
#2881=CARTESIAN_POINT('',(-0.0630406897650398,0.0412,0.0869222007866729));
#2882=CARTESIAN_POINT('',(-0.0598534887041035,0.0467,0.0918124241229672));
#2883=CARTESIAN_POINT('',(-0.0598534894722293,0.0467,0.0918124211327157));
#2884=CARTESIAN_POINT('',(-0.0574858301280832,0.0467,0.0912042443977244));
#2885=CARTESIAN_POINT('',(-0.0527969581201575,0.0467,0.0897050520932646));
#2886=CARTESIAN_POINT('',(-0.0461524650026047,0.0467,0.0864410472883057));
#2887=CARTESIAN_POINT('',(-0.0401514443126543,0.0467,0.0824681803016436));
#2888=CARTESIAN_POINT('',(-0.0346976520213836,0.0467,0.0783851263630985));
#2889=CARTESIAN_POINT('',(-0.0294357551481794,0.0467,0.0744394202218049));
#2890=CARTESIAN_POINT('',(-0.022389321838826,0.0467,0.0694683635310506));
#2891=CARTESIAN_POINT('',(-0.0169310771188404,0.0466999999999999,0.0661235546509009));
#2892=CARTESIAN_POINT('',(-0.0131816690881397,0.0467,0.0640540174930407));
#2893=CARTESIAN_POINT('',(-0.0131816691114466,0.0467,0.0640540174508151));
#2894=CARTESIAN_POINT('',(-0.0151793872832276,0.0412,0.0588766113139529));
#2895=CARTESIAN_POINT('',(-0.0152749129287182,0.0412000026273888,0.0596073955160733));
#2896=CARTESIAN_POINT('',(-0.01512757068168,0.0414125822674765,0.0611215359702608));
#2897=CARTESIAN_POINT('',(-0.0142801016532399,0.0426358431227193,0.0628659671879331));
#2898=CARTESIAN_POINT('',(-0.0134303590408533,0.0444855202872034,0.0638443170078227));
#2899=CARTESIAN_POINT('',(-0.013181672074378,0.0459629988473655,0.0640540146755243));
#2900=CARTESIAN_POINT('',(-0.0131816687456618,0.0467,0.0640540173040053));
#2901=CARTESIAN_POINT('',(-0.046556762087696,0.0467,0.0533851036547075));
#2902=CARTESIAN_POINT('',(-0.0465575344919007,0.0460498694762476,0.0533830272375005));
#2903=CARTESIAN_POINT('',(-0.0464937430726942,0.0449908881456447,0.0535545272751374));
#2904=CARTESIAN_POINT('',(-0.0462525898061042,0.0436550744855887,0.0542028617361879));
#2905=CARTESIAN_POINT('',(-0.0459981463519819,0.0427629580265601,0.0548869304611889));
#2906=CARTESIAN_POINT('',(-0.0456852158951449,0.0420427412578191,0.0557282475921128));
#2907=CARTESIAN_POINT('',(-0.0453526425540595,0.041562876959451,0.0566223803074359));
#2908=CARTESIAN_POINT('',(-0.045065847367339,0.0413182469244569,0.0573934479846394));
#2909=CARTESIAN_POINT('',(-0.0448556457524791,0.0412298992513628,0.057958583118736));
#2910=CARTESIAN_POINT('',(-0.0447423827949378,0.041206149212698,0.0582631040568181));
#2911=CARTESIAN_POINT('',(-0.0446704586478533,0.0412001492422297,0.0584564735371802));
#2912=CARTESIAN_POINT('',(-0.0446427320366644,0.0411998786290725,0.0585310236049668));
#2913=CARTESIAN_POINT('',(-0.0446156729308901,0.0412,0.0586037649497272));
#2914=CARTESIAN_POINT('',(-0.0494749943303796,0.0467,0.0544681975803685));
#2915=CARTESIAN_POINT('',(-0.0494756605096585,0.0460498691066316,0.0544660822681278));
#2916=CARTESIAN_POINT('',(-0.0494206419514653,0.0449908871763811,0.0546407933740553));
#2917=CARTESIAN_POINT('',(-0.0492126531139002,0.0436550732359542,0.0553012662006866));
#2918=CARTESIAN_POINT('',(-0.0489932019498012,0.0427629568895173,0.0559981419194213));
#2919=CARTESIAN_POINT('',(-0.0487233071506571,0.0420427404781118,0.0568552093259275));
#2920=CARTESIAN_POINT('',(-0.0484364718472694,0.0415628765762711,0.0577660808141927));
#2921=CARTESIAN_POINT('',(-0.0481891170973272,0.0413182467928541,0.0585515820499641));
#2922=CARTESIAN_POINT('',(-0.0480078263370525,0.041229899217638,0.0591272973875826));
#2923=CARTESIAN_POINT('',(-0.0479101382230129,0.0412061492057399,0.05943751786757));
#2924=CARTESIAN_POINT('',(-0.0478481073470765,0.0412001492420602,0.0596345078996133));
#2925=CARTESIAN_POINT('',(-0.0478241920427614,0.04119987862921,0.0597104526104728));
#2926=CARTESIAN_POINT('',(-0.0478008579715917,0.0412,0.0597845573412833));
#2927=CARTESIAN_POINT('',(-0.0541166125949951,0.0467,0.0558252084658254));
#2928=CARTESIAN_POINT('',(-0.0541171855608959,0.0460498696062891,0.0558230683293176));
#2929=CARTESIAN_POINT('',(-0.0540698575662022,0.0449908884866803,0.0559998286175832));
#2930=CARTESIAN_POINT('',(-0.0538909379087987,0.0436550749254406,0.0566680475643618));
#2931=CARTESIAN_POINT('',(-0.0537021552454457,0.0427629584269333,0.0573730959010187));
#2932=CARTESIAN_POINT('',(-0.0534699743548237,0.0420427415324984,0.0582402138637245));
#2933=CARTESIAN_POINT('',(-0.0532232149474056,0.0415628770945059,0.0591617656965775));
#2934=CARTESIAN_POINT('',(-0.0530104161581934,0.041318246970859,0.0599564766410866));
#2935=CARTESIAN_POINT('',(-0.0528544494020323,0.0412298992632567,0.0605389409006847));
#2936=CARTESIAN_POINT('',(-0.0527704066909445,0.0412061492151521,0.0608527982836698));
#2937=CARTESIAN_POINT('',(-0.0527170400117165,0.0412001492422895,0.0610520972570235));
#2938=CARTESIAN_POINT('',(-0.0526964652425467,0.041199878629024,0.0611289324733713));
#2939=CARTESIAN_POINT('',(-0.0526763900610452,0.0412,0.0612039053408998));
#2940=CARTESIAN_POINT('',(-0.0605556076089227,0.0467,0.0574405632426026));
#2941=CARTESIAN_POINT('',(-0.060556130114067,0.0460498692140073,0.0574384102149311));
#2942=CARTESIAN_POINT('',(-0.0605129756841997,0.044990887457955,0.057616235971224));
#2943=CARTESIAN_POINT('',(-0.0603498364666309,0.0436550735989584,0.0582884831338416));
#2944=CARTESIAN_POINT('',(-0.0601777060042799,0.0427629572198003,0.058997781987272));
#2945=CARTESIAN_POINT('',(-0.0599660083012164,0.0420427407045867,0.0598701280198619));
#2946=CARTESIAN_POINT('',(-0.0597410217323581,0.0415628766875656,0.0607972368510436));
#2947=CARTESIAN_POINT('',(-0.0595470022048516,0.0413182468310772,0.0615967405104187));
#2948=CARTESIAN_POINT('',(-0.0594048007479446,0.041229899227433,0.0621827180147198));
#2949=CARTESIAN_POINT('',(-0.0593281761756024,0.0412061492077608,0.0624984685182783));
#2950=CARTESIAN_POINT('',(-0.0592795199174296,0.0412001492421095,0.0626989697568805));
#2951=CARTESIAN_POINT('',(-0.0592607614216356,0.04119987862917,0.0627762684158069));
#2952=CARTESIAN_POINT('',(-0.059242457988988,0.0412,0.0628516936573619));
#2953=CARTESIAN_POINT('',(-0.0654819401326407,0.0467,0.0586239683669904));
#2954=CARTESIAN_POINT('',(-0.0654824580660895,0.0460498693903065,0.0586218143556685));
#2955=CARTESIAN_POINT('',(-0.065439678556831,0.0449908879202845,0.0587997210290962));
#2956=CARTESIAN_POINT('',(-0.0652779553701446,0.0436550741951044,0.0594722739297924));
#2957=CARTESIAN_POINT('',(-0.0651073180089592,0.042762957762308,0.0601818952345876));
#2958=CARTESIAN_POINT('',(-0.0648974551801122,0.0420427410766655,0.0610546376236489));
#2959=CARTESIAN_POINT('',(-0.0646744165192897,0.0415628768704527,0.0619821672693778));
#2960=CARTESIAN_POINT('',(-0.0644820758953873,0.0413182468938982,0.0627820337030909));
#2961=CARTESIAN_POINT('',(-0.0643411029243294,0.041229899243533,0.0633682765320731));
#2962=CARTESIAN_POINT('',(-0.0642651410481073,0.0412061492110826,0.063684170252109));
#2963=CARTESIAN_POINT('',(-0.0642169046025258,0.0412001492421904,0.0638847621242561));
#2964=CARTESIAN_POINT('',(-0.0641983087103585,0.0411998786291044,0.0639620959635309));
#2965=CARTESIAN_POINT('',(-0.0641801622544252,0.0412,0.0640375550023012));
#2966=CARTESIAN_POINT('',(-0.0702071404399368,0.0467,0.0597871172877626));
#2967=CARTESIAN_POINT('',(-0.0702076864670527,0.0460498695016669,0.0597849700462563));
#2968=CARTESIAN_POINT('',(-0.0701625918300492,0.0449908882123336,0.0599623191803651));
#2969=CARTESIAN_POINT('',(-0.069992119162003,0.0436550745718096,0.0606327651614738));
#2970=CARTESIAN_POINT('',(-0.0698122520318607,0.0427629581052302,0.0613401640062749));
#2971=CARTESIAN_POINT('',(-0.0695910406817667,0.0420427413119514,0.0622101739194934));
#2972=CARTESIAN_POINT('',(-0.0693559456371804,0.0415628769861477,0.063134800837875));
#2973=CARTESIAN_POINT('',(-0.0691532097290822,0.0413182469336507,0.0639321645861853));
#2974=CARTESIAN_POINT('',(-0.069004622506206,0.0412298992537226,0.0645165743504906));
#2975=CARTESIAN_POINT('',(-0.0689245558497758,0.0412061492131851,0.0648314798771102));
#2976=CARTESIAN_POINT('',(-0.0688737153178463,0.0412001492422417,0.0650314448576525));
#2977=CARTESIAN_POINT('',(-0.068854113608088,0.0411998786290628,0.0651085365495272));
#2978=CARTESIAN_POINT('',(-0.0688349898808681,0.0412,0.0651837603442663));
#2979=CARTESIAN_POINT('',(-0.0744348374002003,0.0467,0.06092412551611));
#2980=CARTESIAN_POINT('',(-0.0744354413270915,0.0460498692462147,0.0609219935687868));
#2981=CARTESIAN_POINT('',(-0.0743855599049758,0.044990887542414,0.0610980776869482));
#2982=CARTESIAN_POINT('',(-0.0741969891434394,0.043655073707848,0.0617637405488741));
#2983=CARTESIAN_POINT('',(-0.0739980246769276,0.0427629573188789,0.0624660919966946));
#2984=CARTESIAN_POINT('',(-0.0737533234491386,0.0420427407725287,0.0633298933065217));
#2985=CARTESIAN_POINT('',(-0.0734932597653768,0.0415628767209554,0.0642479205178227));
#2986=CARTESIAN_POINT('',(-0.0732689902539214,0.0413182468425451,0.0650395923168415));
#2987=CARTESIAN_POINT('',(-0.0731046161569144,0.0412298992303717,0.0656198291503144));
#2988=CARTESIAN_POINT('',(-0.0730160445102314,0.0412061492083672,0.0659324864957596));
#2989=CARTESIAN_POINT('',(-0.0729598011096699,0.0412001492421242,0.0661310233435365));
#2990=CARTESIAN_POINT('',(-0.072938118129018,0.0411998786291581,0.0662075648544475));
#2991=CARTESIAN_POINT('',(-0.0729169598222105,0.0412,0.0662822508993905));
#2992=CARTESIAN_POINT('',(-0.0778664022431904,0.0467,0.061970985266431));
#2993=CARTESIAN_POINT('',(-0.0778670852340647,0.0460498692685288,0.0619688771159627));
#2994=CARTESIAN_POINT('',(-0.0778106772613792,0.0449908876009274,0.0621429970269429));
#2995=CARTESIAN_POINT('',(-0.0775974354809197,0.0436550737832698,0.0628012350700438));
#2996=CARTESIAN_POINT('',(-0.0773724415878824,0.0427629573874891,0.0634957529435992));
#2997=CARTESIAN_POINT('',(-0.0770957296246003,0.0420427408195624,0.0643499206933102));
#2998=CARTESIAN_POINT('',(-0.0768016490414864,0.0415628767440622,0.0652577107311956));
#2999=CARTESIAN_POINT('',(-0.0765480461378296,0.041318246850479,0.0660405548985608));
#3000=CARTESIAN_POINT('',(-0.0763621762422843,0.0412298992324047,0.0666143228777429));
#3001=CARTESIAN_POINT('',(-0.076262020569284,0.0412061492087865,0.0669234941422899));
#3002=CARTESIAN_POINT('',(-0.0761984229730944,0.0412001492421345,0.0671198178821659));
#3003=CARTESIAN_POINT('',(-0.0761739035288174,0.0411998786291498,0.0671955057736786));
#3004=CARTESIAN_POINT('',(-0.0761499802479232,0.0412,0.0672693598009545));
#3005=CARTESIAN_POINT('',(-0.0806214115412189,0.0467,0.0629373002600358));
#3006=CARTESIAN_POINT('',(-0.0806221880864305,0.0460498695614984,0.0629352244113322));
#3007=CARTESIAN_POINT('',(-0.0805580459121572,0.0449908883692496,0.0631066744412237));
#3008=CARTESIAN_POINT('',(-0.0803155624692729,0.043655074774253,0.0637548183911782));
#3009=CARTESIAN_POINT('',(-0.0800597124888641,0.0427629582895591,0.0644386850377384));
#3010=CARTESIAN_POINT('',(-0.079745047275515,0.0420427414384608,0.0652797518994412));
#3011=CARTESIAN_POINT('',(-0.0794106240983655,0.0415628770483754,0.0661736164146074));
#3012=CARTESIAN_POINT('',(-0.0791222280532686,0.0413182469550376,0.0669444507844979));
#3013=CARTESIAN_POINT('',(-0.0789108505438397,0.0412298992592055,0.0675094139432927));
#3014=CARTESIAN_POINT('',(-0.0787969523431155,0.0412061492143166,0.0678138416495469));
#3015=CARTESIAN_POINT('',(-0.0787246250799932,0.0412001492422692,0.0680071519953158));
#3016=CARTESIAN_POINT('',(-0.0786967424348392,0.0411998786290405,0.0680816790610767));
#3017=CARTESIAN_POINT('',(-0.0786695322295832,0.0412,0.0681543983315931));
#3018=CARTESIAN_POINT('',(-0.0832911824068229,0.0466999999999999,0.0640215951192629));
#3019=CARTESIAN_POINT('',(-0.0832920867014986,0.0460498692363642,0.0640195709520721));
#3020=CARTESIAN_POINT('',(-0.0832173988306358,0.0449908875165755,0.0641867536939185));
#3021=CARTESIAN_POINT('',(-0.0829350514688869,0.0436550736744784,0.0648187663319627));
#3022=CARTESIAN_POINT('',(-0.0826371425481666,0.0427629572884638,0.0654856131028086));
#3023=CARTESIAN_POINT('',(-0.0822707534969756,0.0420427407516269,0.0663057485446251));
#3024=CARTESIAN_POINT('',(-0.0818813647676989,0.0415628767106602,0.067177369271159));
#3025=CARTESIAN_POINT('',(-0.0815455705406196,0.0413182468390031,0.0679290218708193));
#3026=CARTESIAN_POINT('',(-0.0812994594696401,0.0412298992294631,0.0684799284003765));
#3027=CARTESIAN_POINT('',(-0.08116684305468,0.0412061492081796,0.0687767807846413));
#3028=CARTESIAN_POINT('',(-0.0810826327273625,0.0412001492421196,0.0689652820297881));
#3029=CARTESIAN_POINT('',(-0.0810501665767725,0.0411998786291618,0.0690379541100873));
#3030=CARTESIAN_POINT('',(-0.0810184890037505,0.0412,0.0691088654557389));
#3031=CARTESIAN_POINT('',(-0.085125521427596,0.0467,0.0649228096242779));
#3032=CARTESIAN_POINT('',(-0.0851265535778143,0.0460498692350933,0.0649208458182608));
#3033=CARTESIAN_POINT('',(-0.085041304958387,0.044990887513251,0.065083042999441));
#3034=CARTESIAN_POINT('',(-0.0847190336819962,0.0436550736702565,0.0656962082996073));
#3035=CARTESIAN_POINT('',(-0.084379000083051,0.0427629572846808,0.0663431688759627));
#3036=CARTESIAN_POINT('',(-0.083960802743651,0.0420427407490829,0.0671388468237703));
#3037=CARTESIAN_POINT('',(-0.0835163525438712,0.0415628767094357,0.067984474523815));
#3038=CARTESIAN_POINT('',(-0.0831330757697621,0.0413182468385892,0.0687137120252602));
#3039=CARTESIAN_POINT('',(-0.0828521619119346,0.0412298992293582,0.0692481894164627));
#3040=CARTESIAN_POINT('',(-0.0827007934189349,0.0412061492081579,0.0695361895730645));
#3041=CARTESIAN_POINT('',(-0.0826046743970402,0.0412001492421192,0.0697190692166181));
#3042=CARTESIAN_POINT('',(-0.0825676180937823,0.0411998786291622,0.0697895744114211));
#3043=CARTESIAN_POINT('',(-0.0825314595041991,0.0412,0.0698583705397109));
#3044=CARTESIAN_POINT('',(-0.0862500619072917,0.0467,0.0655973536975572));
#3045=CARTESIAN_POINT('',(-0.0862512065624387,0.0460498693062582,0.0655954568848931));
#3046=CARTESIAN_POINT('',(-0.0861566651290034,0.0449908876998761,0.0657521205736651));
#3047=CARTESIAN_POINT('',(-0.0857992632718182,0.0436550739109105,0.066344367094018));
#3048=CARTESIAN_POINT('',(-0.0854221625882692,0.0427629575036929,0.0669692558112379));
#3049=CARTESIAN_POINT('',(-0.0849583770613205,0.0420427408993016,0.067737787982166));
#3050=CARTESIAN_POINT('',(-0.0844654761427851,0.0415628767832768,0.0685545653844431));
#3051=CARTESIAN_POINT('',(-0.0840404164617274,0.0413182468639545,0.0692589230106202));
#3052=CARTESIAN_POINT('',(-0.0837288784326182,0.041229899235859,0.0697751649556896));
#3053=CARTESIAN_POINT('',(-0.0835610079103462,0.0412061492094993,0.0700533388901236));
#3054=CARTESIAN_POINT('',(-0.0834544102142059,0.0412001492421518,0.0702299788801761));
#3055=CARTESIAN_POINT('',(-0.0834133139291205,0.0411998786291357,0.0702980784751697));
#3056=CARTESIAN_POINT('',(-0.0833732135939544,0.0412,0.0703645273739972));
#3057=CARTESIAN_POINT('',(-0.0272169293046863,0.0412,0.0374076662501974));
#3058=CARTESIAN_POINT('',(-0.0272158866535572,0.0412,0.037417982255408));
#3059=CARTESIAN_POINT('',(-0.0272148528726115,0.0412,0.0374282976328616));
#3060=CARTESIAN_POINT('',(-0.0272138279641518,0.0412,0.0374386123820756));
#3061=CARTESIAN_POINT('',(-0.0272075738239191,0.0412,0.037501554479427));
#3062=CARTESIAN_POINT('',(-0.0272016500627585,0.0412,0.0375644731835807));
#3063=CARTESIAN_POINT('',(-0.027196057382838,0.0412,0.037627368394935));
#3064=CARTESIAN_POINT('',(-0.0271904572535646,0.0412,0.0376903473816214));
#3065=CARTESIAN_POINT('',(-0.0271851890880898,0.0412,0.0377533028128806));
#3066=CARTESIAN_POINT('',(-0.0271802535379115,0.0412,0.0378162345852781));
#3067=CARTESIAN_POINT('',(-0.0271604447193718,0.0412,0.0380688110995033));
#3068=CARTESIAN_POINT('',(-0.0271459941569417,0.0412,0.0383210065246587));
#3069=CARTESIAN_POINT('',(-0.0271369528147475,0.0412,0.0385728147154319));
#3070=CARTESIAN_POINT('',(-0.0271331875445641,0.0412,0.0386776803263453));
#3071=CARTESIAN_POINT('',(-0.0271303603354394,0.0412,0.0387824787772439));
#3072=CARTESIAN_POINT('',(-0.0271284756972629,0.0412,0.0388872097585132));
#3073=CARTESIAN_POINT('',(-0.0271258099666419,0.0412,0.0390353467257098));
#3074=CARTESIAN_POINT('',(-0.0271250305353553,0.0412,0.0391833484596225));
#3075=CARTESIAN_POINT('',(-0.0271261497829821,0.0412,0.0393312156642678));
#3076=CARTESIAN_POINT('',(-0.027128071025016,0.0412,0.0395850367867815));
#3077=CARTESIAN_POINT('',(-0.0271355871087474,0.0412,0.0398384615207366));
#3078=CARTESIAN_POINT('',(-0.0271487747377582,0.0412,0.0400914894029512));
#3079=CARTESIAN_POINT('',(-0.0271534052576873,0.0412,0.0401803340808121));
#3080=CARTESIAN_POINT('',(-0.0271587349718273,0.0412,0.0402691298301224));
#3081=CARTESIAN_POINT('',(-0.027164768190696,0.0412,0.0403578774468222));
#3082=CARTESIAN_POINT('',(-0.0271760154702011,0.0412,0.040523323002861));
#3083=CARTESIAN_POINT('',(-0.0271897068301784,0.0412000000000005,0.0406885951189041));
#3084=CARTESIAN_POINT('',(-0.0272058681260195,0.0412000000000006,0.0408536936244217));
#3085=CARTESIAN_POINT('',(-0.0272308464718023,0.0412000000000006,0.0411088642245754));
#3086=CARTESIAN_POINT('',(-0.0272617254862273,0.0412,0.0413636199672445));
#3087=CARTESIAN_POINT('',(-0.0272986067159348,0.0412,0.0416178951604251));
#3088=CARTESIAN_POINT('',(-0.0273083554664916,0.0412,0.0416851072748462));
#3089=CARTESIAN_POINT('',(-0.0273185235303065,0.0412,0.0417522858239463));
#3090=CARTESIAN_POINT('',(-0.027329114139397,0.0412,0.041819434139998));
#3091=CARTESIAN_POINT('',(-0.0273588396647208,0.0412,0.0420079047890584));
#3092=CARTESIAN_POINT('',(-0.0273918874287239,0.0412,0.0421960967431158));
#3093=CARTESIAN_POINT('',(-0.0274283433431285,0.0412,0.0423841691835356));
#3094=CARTESIAN_POINT('',(-0.02743884697544,0.0412,0.0424383563790667));
#3095=CARTESIAN_POINT('',(-0.0274496335798665,0.0412000000000006,0.0424925336375087));
#3096=CARTESIAN_POINT('',(-0.0274607040183014,0.0412000000000011,0.0425466960416398));
#3097=CARTESIAN_POINT('',(-0.0275020537663048,0.0412000000000029,0.0427490007448575));
#3098=CARTESIAN_POINT('',(-0.0275473680654901,0.0412000000000036,0.0429511401008614));
#3099=CARTESIAN_POINT('',(-0.0275966295175207,0.041200000000002,0.0431526017532248));
#3100=CARTESIAN_POINT('',(-0.0276063316053661,0.0412000000000016,0.0431922798091518));
#3101=CARTESIAN_POINT('',(-0.0276161867118176,0.0412000000000013,0.0432319316028288));
#3102=CARTESIAN_POINT('',(-0.0276261909074065,0.041200000000001,0.0432715447113983));
#3103=CARTESIAN_POINT('',(-0.0276707360765714,0.0412,0.0434479279704723));
#3104=CARTESIAN_POINT('',(-0.027718271593383,0.0412,0.0436236826162009));
#3105=CARTESIAN_POINT('',(-0.0277686154310115,0.0412000000000005,0.0437982023484041));
#3106=CARTESIAN_POINT('',(-0.02778011004095,0.0412000000000007,0.0438380490574103));
#3107=CARTESIAN_POINT('',(-0.0277917512636445,0.041200000000001,0.0438778313533665));
#3108=CARTESIAN_POINT('',(-0.0278035372925795,0.0412000000000016,0.0439175418959594));
#3109=CARTESIAN_POINT('',(-0.0278105873199767,0.0412000000000019,0.0439412954786786));
#3110=CARTESIAN_POINT('',(-0.0278176891620806,0.0412000000000023,0.0439650233857218));
#3111=CARTESIAN_POINT('',(-0.027824843171433,0.0412000000000029,0.0439887271247653));
#3112=CARTESIAN_POINT('',(-0.0278937779329104,0.0412000000000086,0.0442171321374809));
#3113=CARTESIAN_POINT('',(-0.0279674697053333,0.0412000000000015,0.044443069852785));
#3114=CARTESIAN_POINT('',(-0.028045913841003,0.0412000000000007,0.0446668987833493));
#3115=CARTESIAN_POINT('',(-0.0280488277296461,0.0412000000000007,0.0446752131407349));
#3116=CARTESIAN_POINT('',(-0.0280517481725632,0.0412000000000006,0.0446835245894808));
#3117=CARTESIAN_POINT('',(-0.0280546751641209,0.0412000000000006,0.044691833120416));
#3118=CARTESIAN_POINT('',(-0.0282056863159467,0.0411999999999995,0.0451204919674858));
#3119=CARTESIAN_POINT('',(-0.028374126044286,0.0412,0.0455414580936096));
#3120=CARTESIAN_POINT('',(-0.0285595598945111,0.0412,0.0459547555198678));
#3121=CARTESIAN_POINT('',(-0.0285748313734288,0.0412000000000005,0.045988792794746));
#3122=CARTESIAN_POINT('',(-0.0285902181401775,0.0412000000000006,0.0460227780455686));
#3123=CARTESIAN_POINT('',(-0.0286057199663321,0.0412000000000007,0.0460567112793811));
#3124=CARTESIAN_POINT('',(-0.0286151792100225,0.0412000000000007,0.0460774174029457));
#3125=CARTESIAN_POINT('',(-0.028624681301679,0.0412000000000008,0.0460981041948424));
#3126=CARTESIAN_POINT('',(-0.0286342261716943,0.0412000000000009,0.0461187716182987));
#3127=CARTESIAN_POINT('',(-0.0288196308598907,0.0412000000000023,0.0465202267659925));
#3128=CARTESIAN_POINT('',(-0.0290211802767766,0.041200000000003,0.0469143720334863));
#3129=CARTESIAN_POINT('',(-0.0292385253265568,0.0412000000000009,0.0473011882686433));
#3130=CARTESIAN_POINT('',(-0.0292509834587211,0.0412000000000008,0.0473233604220269));
#3131=CARTESIAN_POINT('',(-0.0292634934752945,0.0412000000000006,0.0473455085018524));
#3132=CARTESIAN_POINT('',(-0.0292760553059159,0.0412000000000005,0.0473676325067786));
#3133=CARTESIAN_POINT('',(-0.0293029819396528,0.0412,0.0474150559274091));
#3134=CARTESIAN_POINT('',(-0.0293301473384082,0.0412,0.0474623694869623));
#3135=CARTESIAN_POINT('',(-0.0293575524575717,0.0412,0.0475095757904217));
#3136=CARTESIAN_POINT('',(-0.0294538055470536,0.0412,0.0476753751990608));
#3137=CARTESIAN_POINT('',(-0.0295530146259131,0.0411999999999979,0.047839852028311));
#3138=CARTESIAN_POINT('',(-0.0296552916253277,0.0412000000000037,0.0480031607877235));
#3139=CARTESIAN_POINT('',(-0.0296928248542579,0.0412000000000058,0.0480630912226054));
#3140=CARTESIAN_POINT('',(-0.0297307568022058,0.0412000000000065,0.0481228456182253));
#3141=CARTESIAN_POINT('',(-0.0297690856189929,0.0412000000000057,0.0481824195942612));
#3142=CARTESIAN_POINT('',(-0.0298649392579913,0.0412000000000037,0.0483314036452002));
#3143=CARTESIAN_POINT('',(-0.0299632756705958,0.0412,0.0484792585340902));
#3144=CARTESIAN_POINT('',(-0.0300636197843974,0.0412,0.048625363007024));
#3145=CARTESIAN_POINT('',(-0.030112842814434,0.0412,0.0486970334278115));
#3146=CARTESIAN_POINT('',(-0.0301625872472128,0.0412,0.0487683400135666));
#3147=CARTESIAN_POINT('',(-0.0302128039999956,0.0412000000000006,0.0488392198580624));
#3148=CARTESIAN_POINT('',(-0.0304244342145533,0.041200000000004,0.0491379312614726));
#3149=CARTESIAN_POINT('',(-0.0306444553499419,0.041200000000061,0.0494290597672002));
#3150=CARTESIAN_POINT('',(-0.0308723628325802,0.0412000000000372,0.0497130527111692));
#3151=CARTESIAN_POINT('',(-0.0308990290403618,0.0412000000000344,0.0497462811719671));
#3152=CARTESIAN_POINT('',(-0.0309258031792856,0.0412000000000305,0.0497794119942593));
#3153=CARTESIAN_POINT('',(-0.0309526844150911,0.041200000000026,0.0498124459315545));
#3154=CARTESIAN_POINT('',(-0.0310271679353168,0.0412000000000136,0.0499039775841341));
#3155=CARTESIAN_POINT('',(-0.0311024606948413,0.0412000000000082,0.0499947420178282));
#3156=CARTESIAN_POINT('',(-0.0311785493651556,0.0412000000000051,0.0500847613346604));
#3157=CARTESIAN_POINT('',(-0.031420307605444,0.041199999999995,0.0503707817308566));
#3158=CARTESIAN_POINT('',(-0.031670100125637,0.0412,0.0506492803107924));
#3159=CARTESIAN_POINT('',(-0.031927466606092,0.0412,0.0509206726553228));
#3160=CARTESIAN_POINT('',(-0.0320302998360734,0.0412,0.0510291100529628));
#3161=CARTESIAN_POINT('',(-0.0321343440648279,0.0412,0.0511364149258387));
#3162=CARTESIAN_POINT('',(-0.0322395910081029,0.0412,0.05124263112198));
#3163=CARTESIAN_POINT('',(-0.0324675171539848,0.0412,0.0514726563128634));
#3164=CARTESIAN_POINT('',(-0.0327010815628019,0.0411999999999792,0.0516975780429784));
#3165=CARTESIAN_POINT('',(-0.0329402758889184,0.0412000000000563,0.0519177858161781));
#3166=CARTESIAN_POINT('',(-0.0329540619876701,0.0412000000000608,0.0519304776143345));
#3167=CARTESIAN_POINT('',(-0.0329678667983566,0.0412000000000657,0.0519431537433724));
#3168=CARTESIAN_POINT('',(-0.0329816903230515,0.041200000000071,0.0519558142742347));
#3169=CARTESIAN_POINT('',(-0.0331157119699963,0.0412000000001233,0.0520785604793308));
#3170=CARTESIAN_POINT('',(-0.0332514094282853,0.0412000000001229,0.0521997882183189));
#3171=CARTESIAN_POINT('',(-0.0333886920844198,0.0412000000000915,0.0523194824455593));
#3172=CARTESIAN_POINT('',(-0.0336246935900887,0.0412000000000374,0.0525252478251343));
#3173=CARTESIAN_POINT('',(-0.0338653809711077,0.0412,0.0527264786673607));
#3174=CARTESIAN_POINT('',(-0.034109233030829,0.0412,0.0529224546733925));
#3175=CARTESIAN_POINT('',(-0.0342760441600099,0.0412,0.0530565153776404));
#3176=CARTESIAN_POINT('',(-0.0344445196858943,0.0411999999999992,0.0531882733377953));
#3177=CARTESIAN_POINT('',(-0.0346143005662548,0.0412000000000185,0.0533176100829728));
#3178=CARTESIAN_POINT('',(-0.0348370877596552,0.0412000000000437,0.0534873263101502));
#3179=CARTESIAN_POINT('',(-0.0350621222307195,0.04120000000011,0.0536528736911321));
#3180=CARTESIAN_POINT('',(-0.0352894676193064,0.0412000000000976,0.0538147125736854));
#3181=CARTESIAN_POINT('',(-0.0354884849966682,0.0412000000000868,0.0539563857792038));
#3182=CARTESIAN_POINT('',(-0.0356891131908745,0.0412000000000437,0.054095096225899));
#3183=CARTESIAN_POINT('',(-0.0358913239920962,0.0412000000000225,0.0542310943937132));
#3184=CARTESIAN_POINT('',(-0.0360961411620942,0.0412000000000009,0.0543688454915196));
#3185=CARTESIAN_POINT('',(-0.0363025819811179,0.0412,0.0545038139269277));
#3186=CARTESIAN_POINT('',(-0.036510524887439,0.0412,0.054636127995871));
#3187=CARTESIAN_POINT('',(-0.0367424077362379,0.0412,0.0547836750499425));
#3188=CARTESIAN_POINT('',(-0.0369762131083558,0.0412,0.054927968433081));
#3189=CARTESIAN_POINT('',(-0.0372117752837443,0.0412,0.0550691939210898));
#3190=CARTESIAN_POINT('',(-0.0376585794574677,0.0412000000000005,0.0553370643352357));
#3191=CARTESIAN_POINT('',(-0.0381117044063748,0.0411999999999865,0.0555938969235297));
#3192=CARTESIAN_POINT('',(-0.0385703721337433,0.0412000000000437,0.0558410797668622));
#3193=CARTESIAN_POINT('',(-0.0387317737069141,0.0412000000000638,0.0559280614692889));
#3194=CARTESIAN_POINT('',(-0.0388938615763121,0.0412000000000948,0.0560138483394112));
#3195=CARTESIAN_POINT('',(-0.0390566055588207,0.0412000000001515,0.0560984861299929));
#3196=CARTESIAN_POINT('',(-0.0396076452006542,0.0412000000003436,0.0563850637170031));
#3197=CARTESIAN_POINT('',(-0.0401661121415971,0.0412000000001325,0.0566585132134927));
#3198=CARTESIAN_POINT('',(-0.0407312331968666,0.0412000000000472,0.0569207405053265));
#3199=CARTESIAN_POINT('',(-0.0409478597475361,0.0412000000000146,0.0570212594882801));
#3200=CARTESIAN_POINT('',(-0.0411654642280941,0.0412000000000035,0.057120128917112));
#3201=CARTESIAN_POINT('',(-0.0413840036456363,0.041200000000001,0.0572174543042857));
#3202=CARTESIAN_POINT('',(-0.0414944857454295,0.0412,0.0572666569298763));
#3203=CARTESIAN_POINT('',(-0.041605206800033,0.0412,0.0573154649185901));
#3204=CARTESIAN_POINT('',(-0.0417161517788606,0.0412,0.0573638854989134));
#3205=CARTESIAN_POINT('',(-0.042091515494265,0.0412,0.0575277084057654));
#3206=CARTESIAN_POINT('',(-0.0424695286656325,0.0412,0.0576871478081753));
#3207=CARTESIAN_POINT('',(-0.0428489851936422,0.0412,0.0578422523575373));
#3208=CARTESIAN_POINT('',(-0.0429259009738758,0.0412,0.0578736920259877));
#3209=CARTESIAN_POINT('',(-0.0430028759880903,0.0412,0.0579049537449053));
#3210=CARTESIAN_POINT('',(-0.0430799001026124,0.0412,0.0579360381528262));
#3211=CARTESIAN_POINT('',(-0.0434833720827626,0.0412,0.0580988662189903));
#3212=CARTESIAN_POINT('',(-0.0438881997232882,0.0411999999999856,0.0582568382407644));
#3213=CARTESIAN_POINT('',(-0.0442942140096365,0.0412000000000144,0.0584105191009743));
#3214=CARTESIAN_POINT('',(-0.0443480945077786,0.0412000000000182,0.0584309134604375));
#3215=CARTESIAN_POINT('',(-0.0444019959286551,0.0412000000000233,0.0584512321662974));
#3216=CARTESIAN_POINT('',(-0.0444559197119271,0.0412000000000305,0.0584714769029772));
#3217=CARTESIAN_POINT('',(-0.045084886394293,0.0412000000001137,0.0587076113893254));
#3218=CARTESIAN_POINT('',(-0.0457166828349294,0.0412000000000657,0.0589336909830197));
#3219=CARTESIAN_POINT('',(-0.046350830713447,0.0412000000000266,0.0591513992092183));
#3220=CARTESIAN_POINT('',(-0.0466447942958483,0.0412000000000085,0.0592523193451354));
#3221=CARTESIAN_POINT('',(-0.0469392629087314,0.0412000000000028,0.059351441385402));
#3222=CARTESIAN_POINT('',(-0.0472341876702572,0.0412000000000017,0.0594489364343871));
#3223=CARTESIAN_POINT('',(-0.0472395522688379,0.0412000000000017,0.059450709841946));
#3224=CARTESIAN_POINT('',(-0.0472449170182366,0.0412000000000017,0.0594524827107448));
#3225=CARTESIAN_POINT('',(-0.0472502819184463,0.0412000000000017,0.0594542550419727));
#3226=CARTESIAN_POINT('',(-0.0481761154998551,0.0411999999999988,0.0597601104547536));
#3227=CARTESIAN_POINT('',(-0.0491064378044987,0.0412000000001895,0.0600499599579694));
#3228=CARTESIAN_POINT('',(-0.0500400970612133,0.041200000000095,0.0603279249427479));
#3229=CARTESIAN_POINT('',(-0.0501059262020717,0.0412000000000884,0.0603475233090739));
#3230=CARTESIAN_POINT('',(-0.050171772065431,0.0412000000000823,0.0603670621659487));
#3231=CARTESIAN_POINT('',(-0.0502376341313527,0.0412000000000767,0.0603865428648472));
#3232=CARTESIAN_POINT('',(-0.051237631241456,0.0411999999999922,0.0606823222687978));
#3233=CARTESIAN_POINT('',(-0.0522413636248249,0.0412000000000031,0.0609646939714104));
#3234=CARTESIAN_POINT('',(-0.0532477664404659,0.0412000000000064,0.0612376714858992));
#3235=CARTESIAN_POINT('',(-0.0540661948993705,0.0412000000000092,0.0614596626836846));
#3236=CARTESIAN_POINT('',(-0.0548863893501691,0.0412000000000123,0.0616754414446689));
#3237=CARTESIAN_POINT('',(-0.0557077978211579,0.0412000000000913,0.0618868093088742));
#3238=CARTESIAN_POINT('',(-0.0558964384613183,0.0412000000001095,0.0619353510157366));
#3239=CARTESIAN_POINT('',(-0.0560851437206534,0.0412000000001187,0.0619836629475207));
#3240=CARTESIAN_POINT('',(-0.0562739074175931,0.0412000000001186,0.0620317663650026));
#3241=CARTESIAN_POINT('',(-0.0570347633107551,0.0412000000001181,0.0622256583541174));
#3242=CARTESIAN_POINT('',(-0.057796568738884,0.0412000000000158,0.0624161626772577));
#3243=CARTESIAN_POINT('',(-0.0585589724490397,0.0412000000000061,0.062604536882474));
#3244=CARTESIAN_POINT('',(-0.0588093424814994,0.0412000000000029,0.0626663981447506));
#3245=CARTESIAN_POINT('',(-0.0590597766254311,0.0412000000000017,0.0627280308646325));
#3246=CARTESIAN_POINT('',(-0.0593102620384275,0.041200000000001,0.06278948118087));
#3247=CARTESIAN_POINT('',(-0.0600117665494566,0.0411999999999991,0.0629615777254516));
#3248=CARTESIAN_POINT('',(-0.0607136731707226,0.0412,0.0631322436312934));
#3249=CARTESIAN_POINT('',(-0.0614157070776879,0.0412000000000009,0.0633024548758688));
#3250=CARTESIAN_POINT('',(-0.0617276777778348,0.0412000000000015,0.0633780935602916));
#3251=CARTESIAN_POINT('',(-0.0620396731999456,0.0412000000000016,0.0634536440196504));
#3252=CARTESIAN_POINT('',(-0.0623516695630888,0.0412000000000013,0.0635291910664392));
#3253=CARTESIAN_POINT('',(-0.0629924599213725,0.0412000000000007,0.0636843525519492));
#3254=CARTESIAN_POINT('',(-0.0636332542463963,0.0412,0.063839499641042));
#3255=CARTESIAN_POINT('',(-0.0642738377838369,0.0412,0.0639953986616996));
#3256=CARTESIAN_POINT('',(-0.0646470150560529,0.0412,0.064086218933951));
#3257=CARTESIAN_POINT('',(-0.0650201203912151,0.0412,0.0641772957496509));
#3258=CARTESIAN_POINT('',(-0.065393110827742,0.0412,0.0642687813838882));
#3259=CARTESIAN_POINT('',(-0.0659721227220043,0.0412,0.0644107991548284));
#3260=CARTESIAN_POINT('',(-0.0665508577323917,0.0412,0.0645538020937481));
#3261=CARTESIAN_POINT('',(-0.0671291366076277,0.0412000000000005,0.0646984311610359));
#3262=CARTESIAN_POINT('',(-0.0675628287615429,0.0412000000000009,0.0648068987091289));
#3263=CARTESIAN_POINT('',(-0.067996262569829,0.0412000000000007,0.0649162829621882));
#3264=CARTESIAN_POINT('',(-0.0684293640663342,0.0412,0.0650268538291551));
#3265=CARTESIAN_POINT('',(-0.0689457647651227,0.0412,0.0651586909930256));
#3266=CARTESIAN_POINT('',(-0.0694616930287125,0.0412,0.0652922151082939));
#3267=CARTESIAN_POINT('',(-0.069976986218763,0.0412,0.0654280014441601));
#3268=CARTESIAN_POINT('',(-0.0704701146675855,0.0412,0.0655579470876692));
#3269=CARTESIAN_POINT('',(-0.0709626687291561,0.0412,0.0656899680063566));
#3270=CARTESIAN_POINT('',(-0.071454491019946,0.0412,0.0658245650156489));
#3271=CARTESIAN_POINT('',(-0.0719076249867466,0.0412,0.0659485741910812));
#3272=CARTESIAN_POINT('',(-0.0723601377782719,0.0412,0.0660747701197833));
#3273=CARTESIAN_POINT('',(-0.0728118992655724,0.0412000000000065,0.0662036622040922));
#3274=CARTESIAN_POINT('',(-0.0728614943350796,0.0412000000000071,0.0662178121749505));
#3275=CARTESIAN_POINT('',(-0.0729110804682059,0.0412000000000078,0.0662319947447271));
#3276=CARTESIAN_POINT('',(-0.0729606575184066,0.0412000000000085,0.0662462105951326));
#3277=CARTESIAN_POINT('',(-0.0734618384164059,0.0412000000000152,0.066389920489998));
#3278=CARTESIAN_POINT('',(-0.0739620911125208,0.0412000000000174,0.0665370314133816));
#3279=CARTESIAN_POINT('',(-0.074460883900988,0.0412000000000134,0.0666882565854839));
#3280=CARTESIAN_POINT('',(-0.0748500147079017,0.0412000000000104,0.0668062341798005));
#3281=CARTESIAN_POINT('',(-0.0752382569721605,0.0412000000000046,0.0669267158211878));
#3282=CARTESIAN_POINT('',(-0.07562546471464,0.0412000000000017,0.0670501726764699));
#3283=CARTESIAN_POINT('',(-0.0757345640377835,0.0412000000000009,0.0670849577746771));
#3284=CARTESIAN_POINT('',(-0.0758435774812193,0.0412000000000006,0.0671199774875996));
#3285=CARTESIAN_POINT('',(-0.0759525027152574,0.0412,0.0671552426525656));
#3286=CARTESIAN_POINT('',(-0.0763091496333754,0.0412,0.0672707091237936));
#3287=CARTESIAN_POINT('',(-0.0766648509560272,0.0412,0.0673888068150861));
#3288=CARTESIAN_POINT('',(-0.0770194747390009,0.0412000000000007,0.0675100158953349));
#3289=CARTESIAN_POINT('',(-0.0771575652243927,0.0412000000000011,0.0675572147058182));
#3290=CARTESIAN_POINT('',(-0.0772954923394982,0.0412000000000013,0.0676048866227942));
#3291=CARTESIAN_POINT('',(-0.0774332429559038,0.0412000000000011,0.0676530576539855));
#3292=CARTESIAN_POINT('',(-0.0777572840928007,0.0412000000000007,0.0677663739941954));
#3293=CARTESIAN_POINT('',(-0.0780803484270404,0.0412,0.0678824525004847));
#3294=CARTESIAN_POINT('',(-0.0784022246421134,0.0412,0.0680017713274751));
#3295=CARTESIAN_POINT('',(-0.0785685926729298,0.0412,0.0680634436019588));
#3296=CARTESIAN_POINT('',(-0.0787346413434694,0.0412000000000007,0.0681259807026273));
#3297=CARTESIAN_POINT('',(-0.0789003675471935,0.0412000000000016,0.0681894605545222));
#3298=CARTESIAN_POINT('',(-0.0791435287005266,0.041200000000003,0.0682826011300818));
#3299=CARTESIAN_POINT('',(-0.079385995756798,0.0412000000000052,0.0683777710051072));
#3300=CARTESIAN_POINT('',(-0.079627711785031,0.0412000000000036,0.0684752847567768));
#3301=CARTESIAN_POINT('',(-0.0796754757518552,0.0412000000000033,0.0684945538289757));
#3302=CARTESIAN_POINT('',(-0.0797232103859818,0.0412000000000028,0.068513914439822));
#3303=CARTESIAN_POINT('',(-0.0797709157680242,0.0412000000000024,0.0685333697982332));
#3304=CARTESIAN_POINT('',(-0.0799645816577518,0.0412,0.0686123512283227));
#3305=CARTESIAN_POINT('',(-0.0801576575572298,0.0412,0.0686928458585996));
#3306=CARTESIAN_POINT('',(-0.0803501348322436,0.0412,0.0687750547650299));
#3307=CARTESIAN_POINT('',(-0.0805901155485836,0.0412,0.0688775528508599));
#3308=CARTESIAN_POINT('',(-0.0808291656510935,0.0411999999999988,0.0689827156602593));
#3309=CARTESIAN_POINT('',(-0.0810666375986372,0.041200000000011,0.0690907480435471));
#3310=CARTESIAN_POINT('',(-0.0810848668351392,0.0412000000000119,0.0690990410140861));
#3311=CARTESIAN_POINT('',(-0.0811030867719772,0.041200000000013,0.0691073508954937));
#3312=CARTESIAN_POINT('',(-0.0811212973167747,0.0412000000000141,0.0691156779186418));
#3313=CARTESIAN_POINT('',(-0.0813403038026181,0.041200000000028,0.0692158216593975));
#3314=CARTESIAN_POINT('',(-0.0815580100294778,0.04120000000004,0.0693184803982283));
#3315=CARTESIAN_POINT('',(-0.0817741965149657,0.0412000000000368,0.0694240334691619));
#3316=CARTESIAN_POINT('',(-0.0819979797425722,0.0412000000000335,0.0695332956501165));
#3317=CARTESIAN_POINT('',(-0.0822201344966157,0.0412000000000148,0.0696456592533825));
#3318=CARTESIAN_POINT('',(-0.082440309135941,0.0412000000000049,0.069761689814414));
#3319=CARTESIAN_POINT('',(-0.0824504769038767,0.0412000000000044,0.0697670481600511));
#3320=CARTESIAN_POINT('',(-0.0824606404848378,0.041200000000004,0.0697724143130397));
#3321=CARTESIAN_POINT('',(-0.0824707998427815,0.0412000000000037,0.0697777883284357));
#3322=CARTESIAN_POINT('',(-0.0825858802866773,0.0412,0.069838662655406));
#3323=CARTESIAN_POINT('',(-0.0827004188379926,0.0412,0.0699005458761282));
#3324=CARTESIAN_POINT('',(-0.082814349166446,0.0412,0.0699635434166894));
#3325=CARTESIAN_POINT('',(-0.0829044582206112,0.0412,0.0700133690326756));
#3326=CARTESIAN_POINT('',(-0.0829941868086012,0.0412000000000005,0.0700638916980353));
#3327=CARTESIAN_POINT('',(-0.0830835003426938,0.0412000000000032,0.0701151749236225));
#3328=CARTESIAN_POINT('',(-0.0831071266369401,0.0412000000000039,0.0701287409815546));
#3329=CARTESIAN_POINT('',(-0.0831307242084513,0.0412000000000047,0.0701423607087396));
#3330=CARTESIAN_POINT('',(-0.0831542926858886,0.0412000000000053,0.0701560354226486));
#3331=CARTESIAN_POINT('',(-0.0832669549086903,0.0412000000000082,0.0702214033985499));
#3332=CARTESIAN_POINT('',(-0.0833789524118243,0.0412000000000079,0.0702880276598391));
#3333=CARTESIAN_POINT('',(-0.0834902006631293,0.0412000000000059,0.0703560666334633));
#3334=CARTESIAN_POINT('',(-0.0835647107049827,0.0412000000000046,0.0704016366690633));
#3335=CARTESIAN_POINT('',(-0.0836388846197396,0.0412000000000028,0.0704478413570288));
#3336=CARTESIAN_POINT('',(-0.0837127193293466,0.0412000000000016,0.0704947632790812));
#3337=CARTESIAN_POINT('',(-0.0837490890576913,0.0412000000000011,0.0705178762237591));
#3338=CARTESIAN_POINT('',(-0.0837853655798355,0.0412000000000007,0.070541156059444));
#3339=CARTESIAN_POINT('',(-0.083821550000204,0.0412000000000006,0.0705646132346888));
#3340=CARTESIAN_POINT('',(-0.0839312318997678,0.0412,0.0706357164197903));
#3341=CARTESIAN_POINT('',(-0.0840400677647999,0.0411999999999984,0.0707084484648273));
#3342=CARTESIAN_POINT('',(-0.0841475784704203,0.0412000000000038,0.0707828356110708));
#3343=CARTESIAN_POINT('',(-0.0842066011863675,0.0412000000000068,0.0708236736967063));
#3344=CARTESIAN_POINT('',(-0.0842652244558896,0.0412000000000123,0.0708650107404405));
#3345=CARTESIAN_POINT('',(-0.0843234137916087,0.0412000000000296,0.0709068952731463));
#3346=CARTESIAN_POINT('',(-0.0843712022186725,0.0412000000000438,0.0709412932588181));
#3347=CARTESIAN_POINT('',(-0.0844186842670508,0.0412000000000547,0.0709760554902343));
#3348=CARTESIAN_POINT('',(-0.084465836398055,0.0412000000000575,0.0710112044928802));
#3349=CARTESIAN_POINT('',(-0.0845704084857297,0.0412000000000638,0.0710891565283045));
#3350=CARTESIAN_POINT('',(-0.0846733578314674,0.0412000000000336,0.0711690108317196));
#3351=CARTESIAN_POINT('',(-0.0847743594670099,0.0412000000000171,0.0712511786824934));
#3352=CARTESIAN_POINT('',(-0.0848176042472271,0.04120000000001,0.0712863596043523));
#3353=CARTESIAN_POINT('',(-0.0848604919826872,0.0412000000000051,0.0713219646560816));
#3354=CARTESIAN_POINT('',(-0.0849029842535699,0.0412000000000027,0.0713580382358429));
#3355=CARTESIAN_POINT('',(-0.0849101190450631,0.0412000000000023,0.0713640952778569));
#3356=CARTESIAN_POINT('',(-0.0849172426948071,0.041200000000002,0.0713701654489401));
#3357=CARTESIAN_POINT('',(-0.0849243550415537,0.0412000000000017,0.0713762489953963));
#3358=CARTESIAN_POINT('',(-0.0849738256140307,0.0412,0.0714185636542003));
#3359=CARTESIAN_POINT('',(-0.0850227494498035,0.0412000000000009,0.0714615253392573));
#3360=CARTESIAN_POINT('',(-0.0850710610242107,0.0412000000000012,0.0715052393521352));
#3361=CARTESIAN_POINT('',(-0.0851065758113747,0.0412000000000015,0.0715373743815248));
#3362=CARTESIAN_POINT('',(-0.0851417597137659,0.0412000000000015,0.0715699159844721));
#3363=CARTESIAN_POINT('',(-0.0851765701171147,0.0412000000000009,0.0716029140688452));
#3364=CARTESIAN_POINT('',(-0.0851890973582095,0.0412000000000006,0.0716147891096043));
#3365=CARTESIAN_POINT('',(-0.0852015757584224,0.0412000000000005,0.0716267224295549));
#3366=CARTESIAN_POINT('',(-0.085214002761443,0.0412,0.0716387155318711));
#3367=CARTESIAN_POINT('',(-0.0852609649166821,0.0412,0.0716840379585121));
#3368=CARTESIAN_POINT('',(-0.0853071926742979,0.0411999999999938,0.0717302144998938));
#3369=CARTESIAN_POINT('',(-0.0853525542966418,0.0412000000000116,0.071777425679579));
#3370=CARTESIAN_POINT('',(-0.0853804410189658,0.0412000000000225,0.0718064494443926));
#3371=CARTESIAN_POINT('',(-0.0854080004542565,0.0412000000000424,0.0718358641428885));
#3372=CARTESIAN_POINT('',(-0.0854351428591911,0.0412000000001226,0.0718656908812571));
#3373=CARTESIAN_POINT('',(-0.0854521972981776,0.0412000000001729,0.0718844319725827));
#3374=CARTESIAN_POINT('',(-0.0854690962545795,0.0412000000002419,0.0719033480683673));
#3375=CARTESIAN_POINT('',(-0.0854858181642184,0.0412000000003163,0.0719224487267825));
#3376=CARTESIAN_POINT('',(-0.0855074767139604,0.0412000000004127,0.0719471882792214));
#3377=CARTESIAN_POINT('',(-0.0855288383000972,0.0412000000005174,0.071972237469613));
#3378=CARTESIAN_POINT('',(-0.0855498014124032,0.0412000000005719,0.0719975788784533));
#3379=CARTESIAN_POINT('',(-0.0855707464767979,0.0412000000006263,0.0720228984699462));
#3380=CARTESIAN_POINT('',(-0.0855912937465764,0.041200000000624,0.0720485097489777));
#3381=CARTESIAN_POINT('',(-0.0856113900725182,0.0412000000005381,0.0720744797220493));
#3382=CARTESIAN_POINT('',(-0.0856312061592821,0.0412000000004534,0.0721000875491283));
#3383=CARTESIAN_POINT('',(-0.0856505838289915,0.0412000000002776,0.0721260441476242));
#3384=CARTESIAN_POINT('',(-0.085669428319877,0.0412000000001355,0.0721524193672401));
#3385=CARTESIAN_POINT('',(-0.0856696749248283,0.0412000000001336,0.0721527645216828));
#3386=CARTESIAN_POINT('',(-0.0856699214384851,0.0412000000001318,0.0721531097411716));
#3387=CARTESIAN_POINT('',(-0.0856701678606111,0.04120000000013,0.0721534550257795));
#3388=CARTESIAN_POINT('',(-0.085689248871323,0.0411999999999909,0.0721801911773114));
#3389=CARTESIAN_POINT('',(-0.0857077803831647,0.0412000000000009,0.0722073180341464));
#3390=CARTESIAN_POINT('',(-0.0857255888150007,0.0412000000000233,0.0722349053080447));
#3391=CARTESIAN_POINT('',(-0.0857345109881732,0.0412000000000345,0.0722487267628109));
#3392=CARTESIAN_POINT('',(-0.0857432517897054,0.0412000000000555,0.0722626637577147));
#3393=CARTESIAN_POINT('',(-0.0857517872645985,0.0412000000001534,0.0722767503861477));
#3394=CARTESIAN_POINT('',(-0.0857580475423413,0.0412000000002252,0.0722870821143237));
#3395=CARTESIAN_POINT('',(-0.0857641973604867,0.0412000000003396,0.0722974942986094));
#3396=CARTESIAN_POINT('',(-0.0857702037257181,0.0412000000005573,0.0723079689509463));
#3397=CARTESIAN_POINT('',(-0.0857724022540253,0.0412000000006369,0.0723118030201018));
#3398=CARTESIAN_POINT('',(-0.0857745829887345,0.0412000000007264,0.0723156487290437));
#3399=CARTESIAN_POINT('',(-0.0857767440705096,0.0412000000008245,0.0723195052018144));
#3400=CARTESIAN_POINT('',(-0.0857847975050846,0.0412000000011903,0.0723338766390767));
#3401=CARTESIAN_POINT('',(-0.085792578011704,0.041200000001691,0.0723483976469049));
#3402=CARTESIAN_POINT('',(-0.0857999982665693,0.0412000000021526,0.0723630722381187));
#3403=CARTESIAN_POINT('',(-0.0858074047751589,0.0412000000026133,0.0723777196441508));
#3404=CARTESIAN_POINT('',(-0.0858144523321218,0.0412000000030205,0.072392520103173));
#3405=CARTESIAN_POINT('',(-0.085821025437121,0.0412000000031232,0.0724075126153892));
#3406=CARTESIAN_POINT('',(-0.085827594450228,0.0412000000032259,0.0724224957944601));
#3407=CARTESIAN_POINT('',(-0.0858336895152508,0.041200000002996,0.0724376709236309));
#3408=CARTESIAN_POINT('',(-0.0858391500036582,0.0412000000024273,0.0724530840744791));
#3409=CARTESIAN_POINT('',(-0.0858418294414753,0.0412000000021482,0.0724606472402954));
#3410=CARTESIAN_POINT('',(-0.085844356109248,0.0412000000017938,0.0724682676491501));
#3411=CARTESIAN_POINT('',(-0.085846715924088,0.0412000000014227,0.0724759495632561));
#3412=CARTESIAN_POINT('',(-0.0858467613897605,0.0412000000014156,0.0724760975678303));
#3413=CARTESIAN_POINT('',(-0.0858468067955648,0.0412000000014084,0.0724762455930351));
#3414=CARTESIAN_POINT('',(-0.0858468521414163,0.0412000000014014,0.0724763936389279));
#3415=CARTESIAN_POINT('',(-0.0858492534369826,0.0412000000010275,0.0724842334287588));
#3416=CARTESIAN_POINT('',(-0.0858514866423029,0.0412000000007766,0.0724921312087462));
#3417=CARTESIAN_POINT('',(-0.0858535522049426,0.0412000000005949,0.0725000864513779));
#3418=CARTESIAN_POINT('',(-0.0858556199078692,0.041200000000413,0.0725080499370425));
#3419=CARTESIAN_POINT('',(-0.0858575196288346,0.0412000000003009,0.0725160710176574));
#3420=CARTESIAN_POINT('',(-0.085859266585329,0.0412000000002235,0.0725241582715698));
#3421=CARTESIAN_POINT('',(-0.0858610143454731,0.0412000000001462,0.0725322492458494));
#3422=CARTESIAN_POINT('',(-0.0858626091951913,0.041200000000104,0.0725404064545373));
#3423=CARTESIAN_POINT('',(-0.0858640626908353,0.0412000000000765,0.072548584798921));
#3424=CARTESIAN_POINT('',(-0.0858669683307949,0.0412000000000215,0.0725649338842061));
#3425=CARTESIAN_POINT('',(-0.085869309301045,0.0412000000000189,0.0725813675941885));
#3426=CARTESIAN_POINT('',(-0.0858712238010213,0.0412000000000202,0.0725977893701782));
#3427=CARTESIAN_POINT('',(-0.0858731334535337,0.0412000000000214,0.0726141695666589));
#3428=CARTESIAN_POINT('',(-0.0858746186410019,0.041200000000032,0.0726305377235084));
#3429=CARTESIAN_POINT('',(-0.0858757753558055,0.0412000000000724,0.072646946594394));
#3430=CARTESIAN_POINT('',(-0.0858760623717822,0.0412000000000825,0.072651018132243));
#3431=CARTESIAN_POINT('',(-0.0858763291585382,0.0412000000000945,0.072655092177515));
#3432=CARTESIAN_POINT('',(-0.0858765765402206,0.0412000000001088,0.0726591689081626));
#3433=CARTESIAN_POINT('',(-0.0858773241874878,0.0412000000001522,0.0726714897740341));
#3434=CARTESIAN_POINT('',(-0.0858778873008601,0.041200000000191,0.0726837895905005));
#3435=CARTESIAN_POINT('',(-0.0858782934762272,0.0412000000002136,0.0726960705372601));
#3436=CARTESIAN_POINT('',(-0.0858788356922518,0.0412000000002437,0.0727124647518532));
#3437=CARTESIAN_POINT('',(-0.0858790982813556,0.0412000000002453,0.0727288253480027));
#3438=CARTESIAN_POINT('',(-0.0858791264409756,0.0412000000002288,0.0727451681083486));
#3439=CARTESIAN_POINT('',(-0.0858791546494242,0.0412000000002122,0.0727615392070091));
#3440=CARTESIAN_POINT('',(-0.0858789475677781,0.0412000000001794,0.0727778924112758));
#3441=CARTESIAN_POINT('',(-0.0858785380503458,0.0412000000001486,0.0727942417320797));
#3442=CARTESIAN_POINT('',(-0.0858781256590548,0.0412000000001175,0.0728107057870417));
#3443=CARTESIAN_POINT('',(-0.0858775079540669,0.0412000000000889,0.0728271659073239));
#3444=CARTESIAN_POINT('',(-0.0858767063767456,0.0412000000000701,0.0728436350778285));
#3445=CARTESIAN_POINT('',(-0.0858759163094025,0.0412000000000515,0.0728598677648544));
#3446=CARTESIAN_POINT('',(-0.0858749476932808,0.04120000000004,0.0728760988675566));
#3447=CARTESIAN_POINT('',(-0.0858738200001374,0.0412000000000317,0.0728923277021673));
#3448=CARTESIAN_POINT('',(-0.0858715497659709,0.0412000000000151,0.0729249990498929));
#3449=CARTESIAN_POINT('',(-0.0858686348033762,0.0412000000000111,0.0729576612126487));
#3450=CARTESIAN_POINT('',(-0.0858651679028616,0.0412000000000086,0.0729903471619976));
#3451=CARTESIAN_POINT('',(-0.0858617027596925,0.041200000000006,0.073023016543088));
#3452=CARTESIAN_POINT('',(-0.0858576862385343,0.0412000000000058,0.0730557097210122));
#3453=CARTESIAN_POINT('',(-0.0858532059353463,0.0412000000000056,0.0730882966548052));
#3454=CARTESIAN_POINT('',(-0.0858487278965014,0.0412000000000054,0.0731208671191775));
#3455=CARTESIAN_POINT('',(-0.0858437865499159,0.0412000000000053,0.0731533314133491));
#3456=CARTESIAN_POINT('',(-0.0858384464973964,0.0412000000000041,0.0731856769452115));
#3457=CARTESIAN_POINT('',(-0.0858370497695619,0.0412000000000038,0.0731941371437785));
#3458=CARTESIAN_POINT('',(-0.0858356257666641,0.0412000000000034,0.0732025892166859));
#3459=CARTESIAN_POINT('',(-0.0858341751647569,0.041200000000003,0.0732110334298194));
#3460=CARTESIAN_POINT('',(-0.0858245322679181,0.0412,0.0732671664568943));
#3461=CARTESIAN_POINT('',(-0.0858137355405147,0.041200000000002,0.0733228896673172));
#3462=CARTESIAN_POINT('',(-0.0858019864431229,0.0412000000000051,0.0733783055158844));
#3463=CARTESIAN_POINT('',(-0.085788460108697,0.0412000000000086,0.0734421038890885));
#3464=CARTESIAN_POINT('',(-0.0857736714367142,0.0412000000000132,0.0735054948436984));
#3465=CARTESIAN_POINT('',(-0.0857578083919699,0.0412000000000066,0.0735685641447517));
#3466=CARTESIAN_POINT('',(-0.085757650727112,0.0412000000000065,0.0735691909987102));
#3467=CARTESIAN_POINT('',(-0.0857574929560831,0.0412000000000064,0.0735698178208728));
#3468=CARTESIAN_POINT('',(-0.0857573350790083,0.0412000000000064,0.0735704446113137));
#3469=CARTESIAN_POINT('',(-0.0857416114368992,0.0412,0.0736328693083782));
#3470=CARTESIAN_POINT('',(-0.0857248447940427,0.0412,0.0736949895198406));
#3471=CARTESIAN_POINT('',(-0.0857071770692793,0.0412000000000006,0.0737568413974588));
#3472=CARTESIAN_POINT('',(-0.0856913157983787,0.0412000000000009,0.0738123691691299));
#3473=CARTESIAN_POINT('',(-0.0856747283243499,0.0412000000000007,0.0738676806841741));
#3474=CARTESIAN_POINT('',(-0.0856574924556517,0.0412000000000124,0.0739227925726344));
#3475=CARTESIAN_POINT('',(-0.0856553413213598,0.0412000000000138,0.0739296708492815));
#3476=CARTESIAN_POINT('',(-0.0856531800094475,0.0412000000000154,0.0739365460189263));
#3477=CARTESIAN_POINT('',(-0.0856510086686952,0.041200000000017,0.0739434181214377));
#3478=CARTESIAN_POINT('',(-0.0856314401733778,0.0412000000000314,0.0740053506880655));
#3479=CARTESIAN_POINT('',(-0.0856110571194893,0.0412000000000501,0.0740670341321265));
#3480=CARTESIAN_POINT('',(-0.0855899432810544,0.0412000000000624,0.074128491892807));
#3481=CARTESIAN_POINT('',(-0.0855688281226251,0.0412000000000747,0.0741899534957022));
#3482=CARTESIAN_POINT('',(-0.0855469820928323,0.0412000000000807,0.0742511893892337));
#3483=CARTESIAN_POINT('',(-0.0855244776850741,0.0412000000000788,0.0743122145271733));
#3484=CARTESIAN_POINT('',(-0.0854873978593568,0.0412000000000757,0.0744127637841675));
#3485=CARTESIAN_POINT('',(-0.0854485306009684,0.0412000000000494,0.0745127408566823));
#3486=CARTESIAN_POINT('',(-0.0854080968506088,0.0412000000000263,0.0746122249589128));
#3487=CARTESIAN_POINT('',(-0.0853994368144148,0.0412000000000214,0.0746335323053345));
#3488=CARTESIAN_POINT('',(-0.0853907050745776,0.0412000000000176,0.0746548176068169));
#3489=CARTESIAN_POINT('',(-0.0853819035597833,0.0412000000000146,0.074676082171716));
#3490=CARTESIAN_POINT('',(-0.0853320016899242,0.0411999999999976,0.0747966456854977));
#3491=CARTESIAN_POINT('',(-0.0852798575734472,0.0412000000000005,0.0749165430546835));
#3492=CARTESIAN_POINT('',(-0.0852260132816282,0.041200000000001,0.0750353376709133));
#3493=CARTESIAN_POINT('',(-0.0851882067164353,0.0412000000000013,0.0751187488599423));
#3494=CARTESIAN_POINT('',(-0.0851495617744394,0.0412000000000022,0.0752016161833599));
#3495=CARTESIAN_POINT('',(-0.0851101309356298,0.0412000000000089,0.075284044191246));
#3496=CARTESIAN_POINT('',(-0.08509345239229,0.0412000000000117,0.0753189097721833));
#3497=CARTESIAN_POINT('',(-0.0850766417631571,0.0412000000000143,0.075353677058985));
#3498=CARTESIAN_POINT('',(-0.085059703458108,0.0412000000000163,0.0753883543055968));
#3499=CARTESIAN_POINT('',(-0.0850026883139777,0.0412000000000229,0.0755050795746168));
#3500=CARTESIAN_POINT('',(-0.0849442271910786,0.0412000000000194,0.0756207850051256));
#3501=CARTESIAN_POINT('',(-0.0848844712702646,0.0412000000000135,0.0757356343282647));
#3502=CARTESIAN_POINT('',(-0.0848496932626568,0.04120000000001,0.075802476752906));
#3503=CARTESIAN_POINT('',(-0.0848144765138446,0.0412000000000063,0.0758690291022336));
#3504=CARTESIAN_POINT('',(-0.0847788402792001,0.0412000000000039,0.0759353243304512));
#3505=CARTESIAN_POINT('',(-0.0847532307255516,0.0412000000000022,0.0759829666030036));
#3506=CARTESIAN_POINT('',(-0.084727405306063,0.0412000000000014,0.0760304753802079));
#3507=CARTESIAN_POINT('',(-0.08470137428857,0.0412000000000009,0.0760778564124972));
#3508=CARTESIAN_POINT('',(-0.0846391380950686,0.0412,0.076191137235832));
#3509=CARTESIAN_POINT('',(-0.0845757265849901,0.0412,0.0763036877965163));
#3510=CARTESIAN_POINT('',(-0.0845112625475277,0.0412000000000008,0.0764155654699264));
#3511=CARTESIAN_POINT('',(-0.0844815520445031,0.0412000000000012,0.0764671282029645));
#3512=CARTESIAN_POINT('',(-0.0844516179870775,0.041200000000002,0.0765185480158579));
#3513=CARTESIAN_POINT('',(-0.0844214695473347,0.0412000000000038,0.0765698289164255));
#3514=CARTESIAN_POINT('',(-0.0843207944421691,0.0412000000000101,0.0767410719426543));
#3515=CARTESIAN_POINT('',(-0.0842177239635074,0.0412000000000236,0.0769107620304841));
#3516=CARTESIAN_POINT('',(-0.0841125673570818,0.0412000000000323,0.0770791023235882));
#3517=CARTESIAN_POINT('',(-0.0839759075256493,0.0412000000000436,0.0772978746562155));
#3518=CARTESIAN_POINT('',(-0.0838357244053607,0.041200000000041,0.0775143673081174));
#3519=CARTESIAN_POINT('',(-0.0836925046755839,0.0412000000000234,0.0777288966478406));
#3520=CARTESIAN_POINT('',(-0.0836768127475116,0.0412000000000215,0.0777524016423939));
#3521=CARTESIAN_POINT('',(-0.0836610843655637,0.0412000000000194,0.0777758830675291));
#3522=CARTESIAN_POINT('',(-0.0836453200109555,0.0412000000000174,0.0777993412556699));
#3523=CARTESIAN_POINT('',(-0.0835171961312881,0.0412000000000009,0.0779899963220691));
#3524=CARTESIAN_POINT('',(-0.0833867104701445,0.0412000000000018,0.0781791146660296));
#3525=CARTESIAN_POINT('',(-0.0832541052517839,0.0412000000000011,0.0783668959733686));
#3526=CARTESIAN_POINT('',(-0.0831068961941381,0.0412,0.0785753576737348));
#3527=CARTESIAN_POINT('',(-0.0829570750069404,0.0412000000000006,0.0787821716236158));
#3528=CARTESIAN_POINT('',(-0.0828049196895918,0.0412,0.0789875266969725));
#3529=CARTESIAN_POINT('',(-0.0828031749066776,0.0412,0.078989881527744));
#3530=CARTESIAN_POINT('',(-0.082801429826403,0.0412,0.0789922361547831));
#3531=CARTESIAN_POINT('',(-0.0827996844492144,0.0412,0.0789945905783545));
#3532=CARTESIAN_POINT('',(-0.0826457309043771,0.0412,0.079202265949182));
#3533=CARTESIAN_POINT('',(-0.082489467393071,0.0412,0.079408358409957));
#3534=CARTESIAN_POINT('',(-0.0823310393826794,0.0412000000000012,0.0796131365523391));
#3535=CARTESIAN_POINT('',(-0.0821935403231798,0.0412000000000018,0.0797908627127196));
#3536=CARTESIAN_POINT('',(-0.0820544108522271,0.0412000000000022,0.0799675988049091));
#3537=CARTESIAN_POINT('',(-0.0819139703408411,0.0412000000000012,0.0801431997592493));
#3538=CARTESIAN_POINT('',(-0.0818925528906033,0.041200000000001,0.0801699792451981));
#3539=CARTESIAN_POINT('',(-0.0818711028518909,0.0412000000000009,0.0801967350880948));
#3540=CARTESIAN_POINT('',(-0.0818496214808645,0.0412000000000007,0.080223466591093));
#3541=CARTESIAN_POINT('',(-0.0815661030585282,0.0411999999999992,0.0805762780362947));
#3542=CARTESIAN_POINT('',(-0.081277123074455,0.0412,0.0809248467187853));
#3543=CARTESIAN_POINT('',(-0.0809840444945133,0.0412,0.0812691859693976));
#3544=CARTESIAN_POINT('',(-0.0809418474518347,0.0412,0.081318763451508));
#3545=CARTESIAN_POINT('',(-0.080899564472852,0.0412000000000005,0.0813682542883638));
#3546=CARTESIAN_POINT('',(-0.0808571988158526,0.0412000000000005,0.0814176596541035));
#3547=CARTESIAN_POINT('',(-0.0805830203381586,0.0412000000000008,0.0817373971237387));
#3548=CARTESIAN_POINT('',(-0.0803053792591597,0.0411999999999935,0.0820535547776359));
#3549=CARTESIAN_POINT('',(-0.0800245886460375,0.0412000000000088,0.0823667405567562));
#3550=CARTESIAN_POINT('',(-0.0799610735302469,0.0412000000000123,0.082437583491296));
#3551=CARTESIAN_POINT('',(-0.0798973977459441,0.0412000000000161,0.0825082722882858));
#3552=CARTESIAN_POINT('',(-0.0798335654889532,0.0412000000000197,0.0825788131910678));
#3553=CARTESIAN_POINT('',(-0.0794879583209753,0.0412000000000388,0.0829607429987598));
#3554=CARTESIAN_POINT('',(-0.0791377636884462,0.0412000000000377,0.0833383367541783));
#3555=CARTESIAN_POINT('',(-0.0787836507308591,0.0412000000000264,0.0837121487602011));
#3556=CARTESIAN_POINT('',(-0.078535537190331,0.0412000000000186,0.0839740646780432));
#3557=CARTESIAN_POINT('',(-0.0782855002011965,0.0412000000000098,0.0842341242044987));
#3558=CARTESIAN_POINT('',(-0.0780337068818939,0.0412000000000056,0.0844924922158808));
#3559=CARTESIAN_POINT('',(-0.0779265040968879,0.0412000000000038,0.0846024942225002));
#3560=CARTESIAN_POINT('',(-0.0778189843395346,0.0412000000000028,0.0847121883265446));
#3561=CARTESIAN_POINT('',(-0.0777111599077941,0.041200000000002,0.0848215876968952));
#3562=CARTESIAN_POINT('',(-0.0773503869646512,0.0412,0.085187630273538));
#3563=CARTESIAN_POINT('',(-0.0769862029261965,0.0412,0.0855503730519758));
#3564=CARTESIAN_POINT('',(-0.0766189893671959,0.0412,0.0859101937999343));
#3565=CARTESIAN_POINT('',(-0.0764023264173476,0.0412,0.0861224948513483));
#3566=CARTESIAN_POINT('',(-0.076184608876241,0.0412,0.0863337787290424));
#3567=CARTESIAN_POINT('',(-0.0759659003582119,0.0412,0.0865441091141949));
#3568=CARTESIAN_POINT('',(-0.0758142114581139,0.0412,0.0866899872220457));
#3569=CARTESIAN_POINT('',(-0.0756620460369884,0.0412,0.0868354066416432));
#3570=CARTESIAN_POINT('',(-0.0755094258001923,0.0412,0.0869803884625011));
#3571=CARTESIAN_POINT('',(-0.0751370138591676,0.0412,0.0873341617395736));
#3572=CARTESIAN_POINT('',(-0.0747618937377144,0.0412,0.0876853293428952));
#3573=CARTESIAN_POINT('',(-0.0743843311271996,0.0412,0.0880341428271791));
#3574=CARTESIAN_POINT('',(-0.0742024081521623,0.0412,0.0882022134597758));
#3575=CARTESIAN_POINT('',(-0.074019918143439,0.0412,0.0883697375765837));
#3576=CARTESIAN_POINT('',(-0.0738368862141053,0.0412,0.0885367385087768));
#3577=CARTESIAN_POINT('',(-0.0565451690836378,0.0412,0.0621007415542466));
#3578=CARTESIAN_POINT('',(-0.0832014283395467,0.0412000000000063,0.0701834806227975));
#3579=CARTESIAN_POINT('',(-0.0565451690836412,0.0412000000001647,0.0621007415542481));
#3580=CARTESIAN_POINT('',(-0.0528561215134898,0.0412000058821697,0.0603805104209884));
#3581=CARTESIAN_POINT('',(-0.0491709479362617,0.0413825590752279,0.0586620857602965));
#3582=CARTESIAN_POINT('',(-0.0454842016957319,0.0414997974942788,0.0569429277546633));
#3583=CARTESIAN_POINT('',(-0.0454842016957319,0.0414997974942788,0.0569429277546633));
#3584=CARTESIAN_POINT('',(-0.0471002529440037,0.0467,0.0535843985707376));
#3585=CARTESIAN_POINT('',(-0.0471002522659469,0.0455589232427758,0.0535844048751971));
#3586=CARTESIAN_POINT('',(-0.0470541012335672,0.0438413940000238,0.0541573959453994));
#3587=CARTESIAN_POINT('',(-0.0464568217717004,0.0421943724660966,0.0556824083408285));
#3588=CARTESIAN_POINT('',(-0.0458626423387547,0.0416736527764192,0.0565443082456571));
#3589=CARTESIAN_POINT('',(-0.0454842016957303,0.0414997974942742,0.0569429277546767));
#3590=CARTESIAN_POINT('',(-0.047100245621949,0.0466999999997913,0.0535843734037494));
#3591=CARTESIAN_POINT('',(-0.0471002384226953,0.0466999999998299,0.0535843933217484));
#3592=CARTESIAN_POINT('',(-0.0499710580105188,0.0466999999998299,0.0546221032962886));
#3593=CARTESIAN_POINT('',(-0.0560381160179824,0.04669999999983,0.0563683001699412));
#3594=CARTESIAN_POINT('',(-0.0640061205862457,0.04669999999983,0.0582599397535127));
#3595=CARTESIAN_POINT('',(-0.0705220667739945,0.0466999999998299,0.0598655276144338));
#3596=CARTESIAN_POINT('',(-0.0754864736160914,0.0466999999998299,0.0612122981290105));
#3597=CARTESIAN_POINT('',(-0.0796933157553502,0.04669999999983,0.0625629533452168));
#3598=CARTESIAN_POINT('',(-0.0831660957967825,0.0466999999998299,0.0639657295027605));
#3599=CARTESIAN_POINT('',(-0.0849573410278488,0.04669999999983,0.0648449475892922));
#3600=CARTESIAN_POINT('',(-0.0858901329539013,0.0466999999998299,0.0653846950229738));
#3601=CARTESIAN_POINT('',(-0.0858901329262403,0.0466999999997913,0.0653846950707789));
#3602=CARTESIAN_POINT('',(-0.0832014290647903,0.0412000000000483,0.0701834810465741));
#3603=CARTESIAN_POINT('',(-0.0832287743386037,0.0412000030831018,0.0694540713226527));
#3604=CARTESIAN_POINT('',(-0.0835806929780857,0.0414487242750483,0.0679979021304433));
#3605=CARTESIAN_POINT('',(-0.0846117634816848,0.0426955748468522,0.0664106944237292));
#3606=CARTESIAN_POINT('',(-0.0855942144682414,0.0445077153010573,0.0655596055370871));
#3607=CARTESIAN_POINT('',(-0.0858901290231634,0.0459700778744721,0.0653846970987121));
#3608=CARTESIAN_POINT('',(-0.0858901329538998,0.0467,0.0653846950229733));
#3609=CARTESIAN_POINT('',(-0.0440123835405916,0.0412759218056622,0.0573264450280344));
#3610=CARTESIAN_POINT('',(-0.0438987027451819,0.0412235806565734,0.0576174298286287));
#3611=CARTESIAN_POINT('',(-0.0437878956561211,0.0411996940448336,0.0579010575300669));
#3612=CARTESIAN_POINT('',(-0.0436781864681627,0.0412,0.0581818727010049));
#3613=CARTESIAN_POINT('',(-0.0442524611372561,0.0412759217809415,0.0574184948017686));
#3614=CARTESIAN_POINT('',(-0.0441400076310036,0.0412235806485845,0.0577099499417146));
#3615=CARTESIAN_POINT('',(-0.0440303970904215,0.0411996940449788,0.0579940361932292));
#3616=CARTESIAN_POINT('',(-0.0439218726337684,0.0412,0.0582753053972767));
#3617=CARTESIAN_POINT('',(-0.0444925387339206,0.0412759217562208,0.0575105445755028));
#3618=CARTESIAN_POINT('',(-0.0443813125168253,0.0412235806405956,0.0578024700548005));
#3619=CARTESIAN_POINT('',(-0.0442728985247219,0.041199694045124,0.0580870148563916));
#3620=CARTESIAN_POINT('',(-0.0441655587993741,0.0412,0.0583687380935484));
#3621=CARTESIAN_POINT('',(-0.0447326163305851,0.0412759217315002,0.057602594349237));
#3622=CARTESIAN_POINT('',(-0.0446226174026471,0.0412235806326067,0.0578949901678865));
#3623=CARTESIAN_POINT('',(-0.0445153999590223,0.0411996940452692,0.058179993519554));
#3624=CARTESIAN_POINT('',(-0.0444092449649799,0.0412,0.0584621707898202));
#3625=CARTESIAN_POINT('',(-0.0443427544266736,0.0412000000000265,0.0584288696079352));
#3626=CARTESIAN_POINT('',(-0.0444723640833082,0.0412000009497024,0.0581509208023176));
#3627=CARTESIAN_POINT('',(-0.0446002182839905,0.04122532860072,0.0578767365841382));
#3628=CARTESIAN_POINT('',(-0.0447263855560803,0.041274994280039,0.0576061699959997));
#3629=CARTESIAN_POINT('',(-0.0443427544266755,0.0412,0.0584288696079313));
#3630=CARTESIAN_POINT('',(-0.0447263855560803,0.0412749942800389,0.0576061699959997));
#3631=CARTESIAN_POINT('',(-0.0272169293046863,0.0412,0.0374076662501974));
#3632=CARTESIAN_POINT('',(-0.0272158866535572,0.0412,0.037417982255408));
#3633=CARTESIAN_POINT('',(-0.0272148528726115,0.0412,0.0374282976328616));
#3634=CARTESIAN_POINT('',(-0.0272138279641518,0.0412,0.0374386123820756));
#3635=CARTESIAN_POINT('',(-0.0272075738239191,0.0412,0.037501554479427));
#3636=CARTESIAN_POINT('',(-0.0272016500627585,0.0412,0.0375644731835807));
#3637=CARTESIAN_POINT('',(-0.027196057382838,0.0412,0.037627368394935));
#3638=CARTESIAN_POINT('',(-0.0271904572535646,0.0412,0.0376903473816214));
#3639=CARTESIAN_POINT('',(-0.0271851890880898,0.0412,0.0377533028128806));
#3640=CARTESIAN_POINT('',(-0.0271802535379115,0.0412,0.0378162345852781));
#3641=CARTESIAN_POINT('',(-0.0271604447193718,0.0412,0.0380688110995033));
#3642=CARTESIAN_POINT('',(-0.0271459941569417,0.0412,0.0383210065246587));
#3643=CARTESIAN_POINT('',(-0.0271369528147475,0.0412,0.0385728147154319));
#3644=CARTESIAN_POINT('',(-0.0271331875445641,0.0412,0.0386776803263453));
#3645=CARTESIAN_POINT('',(-0.0271303603354394,0.0412,0.0387824787772439));
#3646=CARTESIAN_POINT('',(-0.0271284756972629,0.0412,0.0388872097585132));
#3647=CARTESIAN_POINT('',(-0.0271258099666419,0.0412,0.0390353467257098));
#3648=CARTESIAN_POINT('',(-0.0271250305353553,0.0412,0.0391833484596225));
#3649=CARTESIAN_POINT('',(-0.0271261497829821,0.0412,0.0393312156642678));
#3650=CARTESIAN_POINT('',(-0.027128071025016,0.0412,0.0395850367867815));
#3651=CARTESIAN_POINT('',(-0.0271355871087474,0.0412,0.0398384615207366));
#3652=CARTESIAN_POINT('',(-0.0271487747377582,0.0412,0.0400914894029512));
#3653=CARTESIAN_POINT('',(-0.0271534052576873,0.0412,0.0401803340808121));
#3654=CARTESIAN_POINT('',(-0.0271587349718273,0.0412,0.0402691298301224));
#3655=CARTESIAN_POINT('',(-0.027164768190696,0.0412,0.0403578774468222));
#3656=CARTESIAN_POINT('',(-0.0271760154702011,0.0412,0.040523323002861));
#3657=CARTESIAN_POINT('',(-0.0271897068301784,0.0412000000000005,0.0406885951189041));
#3658=CARTESIAN_POINT('',(-0.0272058681260195,0.0412000000000006,0.0408536936244217));
#3659=CARTESIAN_POINT('',(-0.0272308464718023,0.0412000000000006,0.0411088642245754));
#3660=CARTESIAN_POINT('',(-0.0272617254862273,0.0412,0.0413636199672445));
#3661=CARTESIAN_POINT('',(-0.0272986067159348,0.0412,0.0416178951604251));
#3662=CARTESIAN_POINT('',(-0.0273083554664916,0.0412,0.0416851072748462));
#3663=CARTESIAN_POINT('',(-0.0273185235303065,0.0412,0.0417522858239463));
#3664=CARTESIAN_POINT('',(-0.027329114139397,0.0412,0.041819434139998));
#3665=CARTESIAN_POINT('',(-0.0273588396647208,0.0412,0.0420079047890584));
#3666=CARTESIAN_POINT('',(-0.0273918874287239,0.0412,0.0421960967431158));
#3667=CARTESIAN_POINT('',(-0.0274283433431285,0.0412,0.0423841691835356));
#3668=CARTESIAN_POINT('',(-0.02743884697544,0.0412,0.0424383563790667));
#3669=CARTESIAN_POINT('',(-0.0274496335798665,0.0412000000000006,0.0424925336375087));
#3670=CARTESIAN_POINT('',(-0.0274607040183014,0.0412000000000011,0.0425466960416398));
#3671=CARTESIAN_POINT('',(-0.0275020537663048,0.0412000000000029,0.0427490007448575));
#3672=CARTESIAN_POINT('',(-0.0275473680654901,0.0412000000000036,0.0429511401008614));
#3673=CARTESIAN_POINT('',(-0.0275966295175207,0.041200000000002,0.0431526017532248));
#3674=CARTESIAN_POINT('',(-0.0276063316053661,0.0412000000000016,0.0431922798091518));
#3675=CARTESIAN_POINT('',(-0.0276161867118176,0.0412000000000013,0.0432319316028288));
#3676=CARTESIAN_POINT('',(-0.0276261909074065,0.041200000000001,0.0432715447113983));
#3677=CARTESIAN_POINT('',(-0.0276707360765714,0.0412,0.0434479279704723));
#3678=CARTESIAN_POINT('',(-0.027718271593383,0.0412,0.0436236826162009));
#3679=CARTESIAN_POINT('',(-0.0277686154310115,0.0412000000000005,0.0437982023484041));
#3680=CARTESIAN_POINT('',(-0.02778011004095,0.0412000000000007,0.0438380490574103));
#3681=CARTESIAN_POINT('',(-0.0277917512636445,0.041200000000001,0.0438778313533665));
#3682=CARTESIAN_POINT('',(-0.0278035372925795,0.0412000000000016,0.0439175418959594));
#3683=CARTESIAN_POINT('',(-0.0278105873199767,0.0412000000000019,0.0439412954786786));
#3684=CARTESIAN_POINT('',(-0.0278176891620806,0.0412000000000023,0.0439650233857218));
#3685=CARTESIAN_POINT('',(-0.027824843171433,0.0412000000000029,0.0439887271247653));
#3686=CARTESIAN_POINT('',(-0.0278937779329104,0.0412000000000086,0.0442171321374809));
#3687=CARTESIAN_POINT('',(-0.0279674697053333,0.0412000000000015,0.044443069852785));
#3688=CARTESIAN_POINT('',(-0.028045913841003,0.0412000000000007,0.0446668987833493));
#3689=CARTESIAN_POINT('',(-0.0280488277296461,0.0412000000000007,0.0446752131407349));
#3690=CARTESIAN_POINT('',(-0.0280517481725632,0.0412000000000006,0.0446835245894808));
#3691=CARTESIAN_POINT('',(-0.0280546751641209,0.0412000000000006,0.044691833120416));
#3692=CARTESIAN_POINT('',(-0.0282056863159467,0.0411999999999995,0.0451204919674858));
#3693=CARTESIAN_POINT('',(-0.028374126044286,0.0412,0.0455414580936096));
#3694=CARTESIAN_POINT('',(-0.0285595598945111,0.0412,0.0459547555198678));
#3695=CARTESIAN_POINT('',(-0.0285748313734288,0.0412000000000005,0.045988792794746));
#3696=CARTESIAN_POINT('',(-0.0285902181401775,0.0412000000000006,0.0460227780455686));
#3697=CARTESIAN_POINT('',(-0.0286057199663321,0.0412000000000007,0.0460567112793811));
#3698=CARTESIAN_POINT('',(-0.0286151792100225,0.0412000000000007,0.0460774174029457));
#3699=CARTESIAN_POINT('',(-0.028624681301679,0.0412000000000008,0.0460981041948424));
#3700=CARTESIAN_POINT('',(-0.0286342261716943,0.0412000000000009,0.0461187716182987));
#3701=CARTESIAN_POINT('',(-0.0288196308598907,0.0412000000000023,0.0465202267659925));
#3702=CARTESIAN_POINT('',(-0.0290211802767766,0.041200000000003,0.0469143720334863));
#3703=CARTESIAN_POINT('',(-0.0292385253265568,0.0412000000000009,0.0473011882686433));
#3704=CARTESIAN_POINT('',(-0.0292509834587211,0.0412000000000008,0.0473233604220269));
#3705=CARTESIAN_POINT('',(-0.0292634934752945,0.0412000000000006,0.0473455085018524));
#3706=CARTESIAN_POINT('',(-0.0292760553059159,0.0412000000000005,0.0473676325067786));
#3707=CARTESIAN_POINT('',(-0.0293029819396528,0.0412,0.0474150559274091));
#3708=CARTESIAN_POINT('',(-0.0293301473384082,0.0412,0.0474623694869623));
#3709=CARTESIAN_POINT('',(-0.0293575524575717,0.0412,0.0475095757904217));
#3710=CARTESIAN_POINT('',(-0.0294538055470536,0.0412,0.0476753751990608));
#3711=CARTESIAN_POINT('',(-0.0295530146259131,0.0411999999999979,0.047839852028311));
#3712=CARTESIAN_POINT('',(-0.0296552916253277,0.0412000000000037,0.0480031607877235));
#3713=CARTESIAN_POINT('',(-0.0296928248542579,0.0412000000000058,0.0480630912226054));
#3714=CARTESIAN_POINT('',(-0.0297307568022058,0.0412000000000065,0.0481228456182253));
#3715=CARTESIAN_POINT('',(-0.0297690856189929,0.0412000000000057,0.0481824195942612));
#3716=CARTESIAN_POINT('',(-0.0298649392579913,0.0412000000000037,0.0483314036452002));
#3717=CARTESIAN_POINT('',(-0.0299632756705958,0.0412,0.0484792585340902));
#3718=CARTESIAN_POINT('',(-0.0300636197843974,0.0412,0.048625363007024));
#3719=CARTESIAN_POINT('',(-0.030112842814434,0.0412,0.0486970334278115));
#3720=CARTESIAN_POINT('',(-0.0301625872472128,0.0412,0.0487683400135666));
#3721=CARTESIAN_POINT('',(-0.0302128039999956,0.0412000000000006,0.0488392198580624));
#3722=CARTESIAN_POINT('',(-0.0304244342145533,0.041200000000004,0.0491379312614726));
#3723=CARTESIAN_POINT('',(-0.0306444553499419,0.041200000000061,0.0494290597672002));
#3724=CARTESIAN_POINT('',(-0.0308723628325802,0.0412000000000372,0.0497130527111692));
#3725=CARTESIAN_POINT('',(-0.0308990290403618,0.0412000000000344,0.0497462811719671));
#3726=CARTESIAN_POINT('',(-0.0309258031792856,0.0412000000000305,0.0497794119942593));
#3727=CARTESIAN_POINT('',(-0.0309526844150911,0.041200000000026,0.0498124459315545));
#3728=CARTESIAN_POINT('',(-0.0310271679353168,0.0412000000000136,0.0499039775841341));
#3729=CARTESIAN_POINT('',(-0.0311024606948413,0.0412000000000082,0.0499947420178282));
#3730=CARTESIAN_POINT('',(-0.0311785493651556,0.0412000000000051,0.0500847613346604));
#3731=CARTESIAN_POINT('',(-0.031420307605444,0.041199999999995,0.0503707817308566));
#3732=CARTESIAN_POINT('',(-0.031670100125637,0.0412,0.0506492803107924));
#3733=CARTESIAN_POINT('',(-0.031927466606092,0.0412,0.0509206726553228));
#3734=CARTESIAN_POINT('',(-0.0320302998360734,0.0412,0.0510291100529628));
#3735=CARTESIAN_POINT('',(-0.0321343440648279,0.0412,0.0511364149258387));
#3736=CARTESIAN_POINT('',(-0.0322395910081029,0.0412,0.05124263112198));
#3737=CARTESIAN_POINT('',(-0.0324675171539848,0.0412,0.0514726563128634));
#3738=CARTESIAN_POINT('',(-0.0327010815628019,0.0411999999999792,0.0516975780429784));
#3739=CARTESIAN_POINT('',(-0.0329402758889184,0.0412000000000563,0.0519177858161781));
#3740=CARTESIAN_POINT('',(-0.0329540619876701,0.0412000000000608,0.0519304776143345));
#3741=CARTESIAN_POINT('',(-0.0329678667983566,0.0412000000000657,0.0519431537433724));
#3742=CARTESIAN_POINT('',(-0.0329816903230515,0.041200000000071,0.0519558142742347));
#3743=CARTESIAN_POINT('',(-0.0331157119699963,0.0412000000001233,0.0520785604793308));
#3744=CARTESIAN_POINT('',(-0.0332514094282853,0.0412000000001229,0.0521997882183189));
#3745=CARTESIAN_POINT('',(-0.0333886920844198,0.0412000000000915,0.0523194824455593));
#3746=CARTESIAN_POINT('',(-0.0336246935900887,0.0412000000000374,0.0525252478251343));
#3747=CARTESIAN_POINT('',(-0.0338653809711077,0.0412,0.0527264786673607));
#3748=CARTESIAN_POINT('',(-0.034109233030829,0.0412,0.0529224546733925));
#3749=CARTESIAN_POINT('',(-0.0342760441600099,0.0412,0.0530565153776404));
#3750=CARTESIAN_POINT('',(-0.0344445196858943,0.0411999999999992,0.0531882733377953));
#3751=CARTESIAN_POINT('',(-0.0346143005662548,0.0412000000000185,0.0533176100829728));
#3752=CARTESIAN_POINT('',(-0.0348370877596552,0.0412000000000437,0.0534873263101502));
#3753=CARTESIAN_POINT('',(-0.0350621222307195,0.04120000000011,0.0536528736911321));
#3754=CARTESIAN_POINT('',(-0.0352894676193064,0.0412000000000976,0.0538147125736854));
#3755=CARTESIAN_POINT('',(-0.0354884849966682,0.0412000000000868,0.0539563857792038));
#3756=CARTESIAN_POINT('',(-0.0356891131908745,0.0412000000000437,0.054095096225899));
#3757=CARTESIAN_POINT('',(-0.0358913239920962,0.0412000000000225,0.0542310943937132));
#3758=CARTESIAN_POINT('',(-0.0360961411620942,0.0412000000000009,0.0543688454915196));
#3759=CARTESIAN_POINT('',(-0.0363025819811179,0.0412,0.0545038139269277));
#3760=CARTESIAN_POINT('',(-0.036510524887439,0.0412,0.054636127995871));
#3761=CARTESIAN_POINT('',(-0.0367424077362379,0.0412,0.0547836750499425));
#3762=CARTESIAN_POINT('',(-0.0369762131083558,0.0412,0.054927968433081));
#3763=CARTESIAN_POINT('',(-0.0372117752837443,0.0412,0.0550691939210898));
#3764=CARTESIAN_POINT('',(-0.0376585794574677,0.0412000000000005,0.0553370643352357));
#3765=CARTESIAN_POINT('',(-0.0381117044063748,0.0411999999999865,0.0555938969235297));
#3766=CARTESIAN_POINT('',(-0.0385703721337433,0.0412000000000437,0.0558410797668622));
#3767=CARTESIAN_POINT('',(-0.0387317737069141,0.0412000000000638,0.0559280614692889));
#3768=CARTESIAN_POINT('',(-0.0388938615763121,0.0412000000000948,0.0560138483394112));
#3769=CARTESIAN_POINT('',(-0.0390566055588207,0.0412000000001515,0.0560984861299929));
#3770=CARTESIAN_POINT('',(-0.0396076452006542,0.0412000000003436,0.0563850637170031));
#3771=CARTESIAN_POINT('',(-0.0401661121415971,0.0412000000001325,0.0566585132134927));
#3772=CARTESIAN_POINT('',(-0.0407312331968666,0.0412000000000472,0.0569207405053265));
#3773=CARTESIAN_POINT('',(-0.0409478597475361,0.0412000000000146,0.0570212594882801));
#3774=CARTESIAN_POINT('',(-0.0411654642280941,0.0412000000000035,0.057120128917112));
#3775=CARTESIAN_POINT('',(-0.0413840036456363,0.041200000000001,0.0572174543042857));
#3776=CARTESIAN_POINT('',(-0.0414944857454295,0.0412,0.0572666569298763));
#3777=CARTESIAN_POINT('',(-0.041605206800033,0.0412,0.0573154649185901));
#3778=CARTESIAN_POINT('',(-0.0417161517788606,0.0412,0.0573638854989134));
#3779=CARTESIAN_POINT('',(-0.042091515494265,0.0412,0.0575277084057654));
#3780=CARTESIAN_POINT('',(-0.0424695286656325,0.0412,0.0576871478081753));
#3781=CARTESIAN_POINT('',(-0.0428489851936422,0.0412,0.0578422523575373));
#3782=CARTESIAN_POINT('',(-0.0429259009738758,0.0412,0.0578736920259877));
#3783=CARTESIAN_POINT('',(-0.0430028759880903,0.0412,0.0579049537449053));
#3784=CARTESIAN_POINT('',(-0.0430799001026124,0.0412,0.0579360381528262));
#3785=CARTESIAN_POINT('',(-0.0434833720827626,0.0412,0.0580988662189903));
#3786=CARTESIAN_POINT('',(-0.0438881997232882,0.0411999999999856,0.0582568382407644));
#3787=CARTESIAN_POINT('',(-0.0442942140096365,0.0412000000000144,0.0584105191009743));
#3788=CARTESIAN_POINT('',(-0.0443480945077786,0.0412000000000182,0.0584309134604375));
#3789=CARTESIAN_POINT('',(-0.0444019959286551,0.0412000000000233,0.0584512321662974));
#3790=CARTESIAN_POINT('',(-0.0444559197119271,0.0412000000000305,0.0584714769029772));
#3791=CARTESIAN_POINT('',(-0.045084886394293,0.0412000000001137,0.0587076113893254));
#3792=CARTESIAN_POINT('',(-0.0457166828349294,0.0412000000000657,0.0589336909830197));
#3793=CARTESIAN_POINT('',(-0.046350830713447,0.0412000000000266,0.0591513992092183));
#3794=CARTESIAN_POINT('',(-0.0466447942958483,0.0412000000000085,0.0592523193451354));
#3795=CARTESIAN_POINT('',(-0.0469392629087314,0.0412000000000028,0.059351441385402));
#3796=CARTESIAN_POINT('',(-0.0472341876702572,0.0412000000000017,0.0594489364343871));
#3797=CARTESIAN_POINT('',(-0.0472395522688379,0.0412000000000017,0.059450709841946));
#3798=CARTESIAN_POINT('',(-0.0472449170182366,0.0412000000000017,0.0594524827107448));
#3799=CARTESIAN_POINT('',(-0.0472502819184463,0.0412000000000017,0.0594542550419727));
#3800=CARTESIAN_POINT('',(-0.0481761154998551,0.0411999999999988,0.0597601104547536));
#3801=CARTESIAN_POINT('',(-0.0491064378044987,0.0412000000001895,0.0600499599579694));
#3802=CARTESIAN_POINT('',(-0.0500400970612133,0.041200000000095,0.0603279249427479));
#3803=CARTESIAN_POINT('',(-0.0501059262020717,0.0412000000000884,0.0603475233090739));
#3804=CARTESIAN_POINT('',(-0.050171772065431,0.0412000000000823,0.0603670621659487));
#3805=CARTESIAN_POINT('',(-0.0502376341313527,0.0412000000000767,0.0603865428648472));
#3806=CARTESIAN_POINT('',(-0.051237631241456,0.0411999999999922,0.0606823222687978));
#3807=CARTESIAN_POINT('',(-0.0522413636248249,0.0412000000000031,0.0609646939714104));
#3808=CARTESIAN_POINT('',(-0.0532477664404659,0.0412000000000064,0.0612376714858992));
#3809=CARTESIAN_POINT('',(-0.0540661948993705,0.0412000000000092,0.0614596626836846));
#3810=CARTESIAN_POINT('',(-0.0548863893501691,0.0412000000000123,0.0616754414446689));
#3811=CARTESIAN_POINT('',(-0.0557077978211579,0.0412000000000913,0.0618868093088742));
#3812=CARTESIAN_POINT('',(-0.0558964384613183,0.0412000000001095,0.0619353510157366));
#3813=CARTESIAN_POINT('',(-0.0560851437206534,0.0412000000001187,0.0619836629475207));
#3814=CARTESIAN_POINT('',(-0.0562739074175931,0.0412000000001186,0.0620317663650026));
#3815=CARTESIAN_POINT('',(-0.0570347633107551,0.0412000000001181,0.0622256583541174));
#3816=CARTESIAN_POINT('',(-0.057796568738884,0.0412000000000158,0.0624161626772577));
#3817=CARTESIAN_POINT('',(-0.0585589724490397,0.0412000000000061,0.062604536882474));
#3818=CARTESIAN_POINT('',(-0.0588093424814994,0.0412000000000029,0.0626663981447506));
#3819=CARTESIAN_POINT('',(-0.0590597766254311,0.0412000000000017,0.0627280308646325));
#3820=CARTESIAN_POINT('',(-0.0593102620384275,0.041200000000001,0.06278948118087));
#3821=CARTESIAN_POINT('',(-0.0600117665494566,0.0411999999999991,0.0629615777254516));
#3822=CARTESIAN_POINT('',(-0.0607136731707226,0.0412,0.0631322436312934));
#3823=CARTESIAN_POINT('',(-0.0614157070776879,0.0412000000000009,0.0633024548758688));
#3824=CARTESIAN_POINT('',(-0.0617276777778348,0.0412000000000015,0.0633780935602916));
#3825=CARTESIAN_POINT('',(-0.0620396731999456,0.0412000000000016,0.0634536440196504));
#3826=CARTESIAN_POINT('',(-0.0623516695630888,0.0412000000000013,0.0635291910664392));
#3827=CARTESIAN_POINT('',(-0.0629924599213725,0.0412000000000007,0.0636843525519492));
#3828=CARTESIAN_POINT('',(-0.0636332542463963,0.0412,0.063839499641042));
#3829=CARTESIAN_POINT('',(-0.0642738377838369,0.0412,0.0639953986616996));
#3830=CARTESIAN_POINT('',(-0.0646470150560529,0.0412,0.064086218933951));
#3831=CARTESIAN_POINT('',(-0.0650201203912151,0.0412,0.0641772957496509));
#3832=CARTESIAN_POINT('',(-0.065393110827742,0.0412,0.0642687813838882));
#3833=CARTESIAN_POINT('',(-0.0659721227220043,0.0412,0.0644107991548284));
#3834=CARTESIAN_POINT('',(-0.0665508577323917,0.0412,0.0645538020937481));
#3835=CARTESIAN_POINT('',(-0.0671291366076277,0.0412000000000005,0.0646984311610359));
#3836=CARTESIAN_POINT('',(-0.0675628287615429,0.0412000000000009,0.0648068987091289));
#3837=CARTESIAN_POINT('',(-0.067996262569829,0.0412000000000007,0.0649162829621882));
#3838=CARTESIAN_POINT('',(-0.0684293640663342,0.0412,0.0650268538291551));
#3839=CARTESIAN_POINT('',(-0.0689457647651227,0.0412,0.0651586909930256));
#3840=CARTESIAN_POINT('',(-0.0694616930287125,0.0412,0.0652922151082939));
#3841=CARTESIAN_POINT('',(-0.069976986218763,0.0412,0.0654280014441601));
#3842=CARTESIAN_POINT('',(-0.0704701146675855,0.0412,0.0655579470876692));
#3843=CARTESIAN_POINT('',(-0.0709626687291561,0.0412,0.0656899680063566));
#3844=CARTESIAN_POINT('',(-0.071454491019946,0.0412,0.0658245650156489));
#3845=CARTESIAN_POINT('',(-0.0719076249867466,0.0412,0.0659485741910812));
#3846=CARTESIAN_POINT('',(-0.0723601377782719,0.0412,0.0660747701197833));
#3847=CARTESIAN_POINT('',(-0.0728118992655724,0.0412000000000065,0.0662036622040922));
#3848=CARTESIAN_POINT('',(-0.0728614943350796,0.0412000000000071,0.0662178121749505));
#3849=CARTESIAN_POINT('',(-0.0729110804682059,0.0412000000000078,0.0662319947447271));
#3850=CARTESIAN_POINT('',(-0.0729606575184066,0.0412000000000085,0.0662462105951326));
#3851=CARTESIAN_POINT('',(-0.0734618384164059,0.0412000000000152,0.066389920489998));
#3852=CARTESIAN_POINT('',(-0.0739620911125208,0.0412000000000174,0.0665370314133816));
#3853=CARTESIAN_POINT('',(-0.074460883900988,0.0412000000000134,0.0666882565854839));
#3854=CARTESIAN_POINT('',(-0.0748500147079017,0.0412000000000104,0.0668062341798005));
#3855=CARTESIAN_POINT('',(-0.0752382569721605,0.0412000000000046,0.0669267158211878));
#3856=CARTESIAN_POINT('',(-0.07562546471464,0.0412000000000017,0.0670501726764699));
#3857=CARTESIAN_POINT('',(-0.0757345640377835,0.0412000000000009,0.0670849577746771));
#3858=CARTESIAN_POINT('',(-0.0758435774812193,0.0412000000000006,0.0671199774875996));
#3859=CARTESIAN_POINT('',(-0.0759525027152574,0.0412,0.0671552426525656));
#3860=CARTESIAN_POINT('',(-0.0763091496333754,0.0412,0.0672707091237936));
#3861=CARTESIAN_POINT('',(-0.0766648509560272,0.0412,0.0673888068150861));
#3862=CARTESIAN_POINT('',(-0.0770194747390009,0.0412000000000007,0.0675100158953349));
#3863=CARTESIAN_POINT('',(-0.0771575652243927,0.0412000000000011,0.0675572147058182));
#3864=CARTESIAN_POINT('',(-0.0772954923394982,0.0412000000000013,0.0676048866227942));
#3865=CARTESIAN_POINT('',(-0.0774332429559038,0.0412000000000011,0.0676530576539855));
#3866=CARTESIAN_POINT('',(-0.0777572840928007,0.0412000000000007,0.0677663739941954));
#3867=CARTESIAN_POINT('',(-0.0780803484270404,0.0412,0.0678824525004847));
#3868=CARTESIAN_POINT('',(-0.0784022246421134,0.0412,0.0680017713274751));
#3869=CARTESIAN_POINT('',(-0.0785685926729298,0.0412,0.0680634436019588));
#3870=CARTESIAN_POINT('',(-0.0787346413434694,0.0412000000000007,0.0681259807026273));
#3871=CARTESIAN_POINT('',(-0.0789003675471935,0.0412000000000016,0.0681894605545222));
#3872=CARTESIAN_POINT('',(-0.0791435287005266,0.041200000000003,0.0682826011300818));
#3873=CARTESIAN_POINT('',(-0.079385995756798,0.0412000000000052,0.0683777710051072));
#3874=CARTESIAN_POINT('',(-0.079627711785031,0.0412000000000036,0.0684752847567768));
#3875=CARTESIAN_POINT('',(-0.0796754757518552,0.0412000000000033,0.0684945538289757));
#3876=CARTESIAN_POINT('',(-0.0797232103859818,0.0412000000000028,0.068513914439822));
#3877=CARTESIAN_POINT('',(-0.0797709157680242,0.0412000000000024,0.0685333697982332));
#3878=CARTESIAN_POINT('',(-0.0799645816577518,0.0412,0.0686123512283227));
#3879=CARTESIAN_POINT('',(-0.0801576575572298,0.0412,0.0686928458585996));
#3880=CARTESIAN_POINT('',(-0.0803501348322436,0.0412,0.0687750547650299));
#3881=CARTESIAN_POINT('',(-0.0805901155485836,0.0412,0.0688775528508599));
#3882=CARTESIAN_POINT('',(-0.0808291656510935,0.0411999999999988,0.0689827156602593));
#3883=CARTESIAN_POINT('',(-0.0810666375986372,0.041200000000011,0.0690907480435471));
#3884=CARTESIAN_POINT('',(-0.0810848668351392,0.0412000000000119,0.0690990410140861));
#3885=CARTESIAN_POINT('',(-0.0811030867719772,0.041200000000013,0.0691073508954937));
#3886=CARTESIAN_POINT('',(-0.0811212973167747,0.0412000000000141,0.0691156779186418));
#3887=CARTESIAN_POINT('',(-0.0813403038026181,0.041200000000028,0.0692158216593975));
#3888=CARTESIAN_POINT('',(-0.0815580100294778,0.04120000000004,0.0693184803982283));
#3889=CARTESIAN_POINT('',(-0.0817741965149657,0.0412000000000368,0.0694240334691619));
#3890=CARTESIAN_POINT('',(-0.0819979797425722,0.0412000000000335,0.0695332956501165));
#3891=CARTESIAN_POINT('',(-0.0822201344966157,0.0412000000000148,0.0696456592533825));
#3892=CARTESIAN_POINT('',(-0.082440309135941,0.0412000000000049,0.069761689814414));
#3893=CARTESIAN_POINT('',(-0.0824504769038767,0.0412000000000044,0.0697670481600511));
#3894=CARTESIAN_POINT('',(-0.0824606404848378,0.041200000000004,0.0697724143130397));
#3895=CARTESIAN_POINT('',(-0.0824707998427815,0.0412000000000037,0.0697777883284357));
#3896=CARTESIAN_POINT('',(-0.0825858802866773,0.0412,0.069838662655406));
#3897=CARTESIAN_POINT('',(-0.0827004188379926,0.0412,0.0699005458761282));
#3898=CARTESIAN_POINT('',(-0.082814349166446,0.0412,0.0699635434166894));
#3899=CARTESIAN_POINT('',(-0.0829044582206112,0.0412,0.0700133690326756));
#3900=CARTESIAN_POINT('',(-0.0829941868086012,0.0412000000000005,0.0700638916980353));
#3901=CARTESIAN_POINT('',(-0.0830835003426938,0.0412000000000032,0.0701151749236225));
#3902=CARTESIAN_POINT('',(-0.0831071266369401,0.0412000000000039,0.0701287409815546));
#3903=CARTESIAN_POINT('',(-0.0831307242084513,0.0412000000000047,0.0701423607087396));
#3904=CARTESIAN_POINT('',(-0.0831542926858886,0.0412000000000053,0.0701560354226486));
#3905=CARTESIAN_POINT('',(-0.0832669549086903,0.0412000000000082,0.0702214033985499));
#3906=CARTESIAN_POINT('',(-0.0833789524118243,0.0412000000000079,0.0702880276598391));
#3907=CARTESIAN_POINT('',(-0.0834902006631293,0.0412000000000059,0.0703560666334633));
#3908=CARTESIAN_POINT('',(-0.0835647107049827,0.0412000000000046,0.0704016366690633));
#3909=CARTESIAN_POINT('',(-0.0836388846197396,0.0412000000000028,0.0704478413570288));
#3910=CARTESIAN_POINT('',(-0.0837127193293466,0.0412000000000016,0.0704947632790812));
#3911=CARTESIAN_POINT('',(-0.0837490890576913,0.0412000000000011,0.0705178762237591));
#3912=CARTESIAN_POINT('',(-0.0837853655798355,0.0412000000000007,0.070541156059444));
#3913=CARTESIAN_POINT('',(-0.083821550000204,0.0412000000000006,0.0705646132346888));
#3914=CARTESIAN_POINT('',(-0.0839312318997678,0.0412,0.0706357164197903));
#3915=CARTESIAN_POINT('',(-0.0840400677647999,0.0411999999999984,0.0707084484648273));
#3916=CARTESIAN_POINT('',(-0.0841475784704203,0.0412000000000038,0.0707828356110708));
#3917=CARTESIAN_POINT('',(-0.0842066011863675,0.0412000000000068,0.0708236736967063));
#3918=CARTESIAN_POINT('',(-0.0842652244558896,0.0412000000000123,0.0708650107404405));
#3919=CARTESIAN_POINT('',(-0.0843234137916087,0.0412000000000296,0.0709068952731463));
#3920=CARTESIAN_POINT('',(-0.0843712022186725,0.0412000000000438,0.0709412932588181));
#3921=CARTESIAN_POINT('',(-0.0844186842670508,0.0412000000000547,0.0709760554902343));
#3922=CARTESIAN_POINT('',(-0.084465836398055,0.0412000000000575,0.0710112044928802));
#3923=CARTESIAN_POINT('',(-0.0845704084857297,0.0412000000000638,0.0710891565283045));
#3924=CARTESIAN_POINT('',(-0.0846733578314674,0.0412000000000336,0.0711690108317196));
#3925=CARTESIAN_POINT('',(-0.0847743594670099,0.0412000000000171,0.0712511786824934));
#3926=CARTESIAN_POINT('',(-0.0848176042472271,0.04120000000001,0.0712863596043523));
#3927=CARTESIAN_POINT('',(-0.0848604919826872,0.0412000000000051,0.0713219646560816));
#3928=CARTESIAN_POINT('',(-0.0849029842535699,0.0412000000000027,0.0713580382358429));
#3929=CARTESIAN_POINT('',(-0.0849101190450631,0.0412000000000023,0.0713640952778569));
#3930=CARTESIAN_POINT('',(-0.0849172426948071,0.041200000000002,0.0713701654489401));
#3931=CARTESIAN_POINT('',(-0.0849243550415537,0.0412000000000017,0.0713762489953963));
#3932=CARTESIAN_POINT('',(-0.0849738256140307,0.0412,0.0714185636542003));
#3933=CARTESIAN_POINT('',(-0.0850227494498035,0.0412000000000009,0.0714615253392573));
#3934=CARTESIAN_POINT('',(-0.0850710610242107,0.0412000000000012,0.0715052393521352));
#3935=CARTESIAN_POINT('',(-0.0851065758113747,0.0412000000000015,0.0715373743815248));
#3936=CARTESIAN_POINT('',(-0.0851417597137659,0.0412000000000015,0.0715699159844721));
#3937=CARTESIAN_POINT('',(-0.0851765701171147,0.0412000000000009,0.0716029140688452));
#3938=CARTESIAN_POINT('',(-0.0851890973582095,0.0412000000000006,0.0716147891096043));
#3939=CARTESIAN_POINT('',(-0.0852015757584224,0.0412000000000005,0.0716267224295549));
#3940=CARTESIAN_POINT('',(-0.085214002761443,0.0412,0.0716387155318711));
#3941=CARTESIAN_POINT('',(-0.0852609649166821,0.0412,0.0716840379585121));
#3942=CARTESIAN_POINT('',(-0.0853071926742979,0.0411999999999938,0.0717302144998938));
#3943=CARTESIAN_POINT('',(-0.0853525542966418,0.0412000000000116,0.071777425679579));
#3944=CARTESIAN_POINT('',(-0.0853804410189658,0.0412000000000225,0.0718064494443926));
#3945=CARTESIAN_POINT('',(-0.0854080004542565,0.0412000000000424,0.0718358641428885));
#3946=CARTESIAN_POINT('',(-0.0854351428591911,0.0412000000001226,0.0718656908812571));
#3947=CARTESIAN_POINT('',(-0.0854521972981776,0.0412000000001729,0.0718844319725827));
#3948=CARTESIAN_POINT('',(-0.0854690962545795,0.0412000000002419,0.0719033480683673));
#3949=CARTESIAN_POINT('',(-0.0854858181642184,0.0412000000003163,0.0719224487267825));
#3950=CARTESIAN_POINT('',(-0.0855074767139604,0.0412000000004127,0.0719471882792214));
#3951=CARTESIAN_POINT('',(-0.0855288383000972,0.0412000000005174,0.071972237469613));
#3952=CARTESIAN_POINT('',(-0.0855498014124032,0.0412000000005719,0.0719975788784533));
#3953=CARTESIAN_POINT('',(-0.0855707464767979,0.0412000000006263,0.0720228984699462));
#3954=CARTESIAN_POINT('',(-0.0855912937465764,0.041200000000624,0.0720485097489777));
#3955=CARTESIAN_POINT('',(-0.0856113900725182,0.0412000000005381,0.0720744797220493));
#3956=CARTESIAN_POINT('',(-0.0856312061592821,0.0412000000004534,0.0721000875491283));
#3957=CARTESIAN_POINT('',(-0.0856505838289915,0.0412000000002776,0.0721260441476242));
#3958=CARTESIAN_POINT('',(-0.085669428319877,0.0412000000001355,0.0721524193672401));
#3959=CARTESIAN_POINT('',(-0.0856696749248283,0.0412000000001336,0.0721527645216828));
#3960=CARTESIAN_POINT('',(-0.0856699214384851,0.0412000000001318,0.0721531097411716));
#3961=CARTESIAN_POINT('',(-0.0856701678606111,0.04120000000013,0.0721534550257795));
#3962=CARTESIAN_POINT('',(-0.085689248871323,0.0411999999999909,0.0721801911773114));
#3963=CARTESIAN_POINT('',(-0.0857077803831647,0.0412000000000009,0.0722073180341464));
#3964=CARTESIAN_POINT('',(-0.0857255888150007,0.0412000000000233,0.0722349053080447));
#3965=CARTESIAN_POINT('',(-0.0857345109881732,0.0412000000000345,0.0722487267628109));
#3966=CARTESIAN_POINT('',(-0.0857432517897054,0.0412000000000555,0.0722626637577147));
#3967=CARTESIAN_POINT('',(-0.0857517872645985,0.0412000000001534,0.0722767503861477));
#3968=CARTESIAN_POINT('',(-0.0857580475423413,0.0412000000002252,0.0722870821143237));
#3969=CARTESIAN_POINT('',(-0.0857641973604867,0.0412000000003396,0.0722974942986094));
#3970=CARTESIAN_POINT('',(-0.0857702037257181,0.0412000000005573,0.0723079689509463));
#3971=CARTESIAN_POINT('',(-0.0857724022540253,0.0412000000006369,0.0723118030201018));
#3972=CARTESIAN_POINT('',(-0.0857745829887345,0.0412000000007264,0.0723156487290437));
#3973=CARTESIAN_POINT('',(-0.0857767440705096,0.0412000000008245,0.0723195052018144));
#3974=CARTESIAN_POINT('',(-0.0857847975050846,0.0412000000011903,0.0723338766390767));
#3975=CARTESIAN_POINT('',(-0.085792578011704,0.041200000001691,0.0723483976469049));
#3976=CARTESIAN_POINT('',(-0.0857999982665693,0.0412000000021526,0.0723630722381187));
#3977=CARTESIAN_POINT('',(-0.0858074047751589,0.0412000000026133,0.0723777196441508));
#3978=CARTESIAN_POINT('',(-0.0858144523321218,0.0412000000030205,0.072392520103173));
#3979=CARTESIAN_POINT('',(-0.085821025437121,0.0412000000031232,0.0724075126153892));
#3980=CARTESIAN_POINT('',(-0.085827594450228,0.0412000000032259,0.0724224957944601));
#3981=CARTESIAN_POINT('',(-0.0858336895152508,0.041200000002996,0.0724376709236309));
#3982=CARTESIAN_POINT('',(-0.0858391500036582,0.0412000000024273,0.0724530840744791));
#3983=CARTESIAN_POINT('',(-0.0858418294414753,0.0412000000021482,0.0724606472402954));
#3984=CARTESIAN_POINT('',(-0.085844356109248,0.0412000000017938,0.0724682676491501));
#3985=CARTESIAN_POINT('',(-0.085846715924088,0.0412000000014227,0.0724759495632561));
#3986=CARTESIAN_POINT('',(-0.0858467613897605,0.0412000000014156,0.0724760975678303));
#3987=CARTESIAN_POINT('',(-0.0858468067955648,0.0412000000014084,0.0724762455930351));
#3988=CARTESIAN_POINT('',(-0.0858468521414163,0.0412000000014014,0.0724763936389279));
#3989=CARTESIAN_POINT('',(-0.0858492534369826,0.0412000000010275,0.0724842334287588));
#3990=CARTESIAN_POINT('',(-0.0858514866423029,0.0412000000007766,0.0724921312087462));
#3991=CARTESIAN_POINT('',(-0.0858535522049426,0.0412000000005949,0.0725000864513779));
#3992=CARTESIAN_POINT('',(-0.0858556199078692,0.041200000000413,0.0725080499370425));
#3993=CARTESIAN_POINT('',(-0.0858575196288346,0.0412000000003009,0.0725160710176574));
#3994=CARTESIAN_POINT('',(-0.085859266585329,0.0412000000002235,0.0725241582715698));
#3995=CARTESIAN_POINT('',(-0.0858610143454731,0.0412000000001462,0.0725322492458494));
#3996=CARTESIAN_POINT('',(-0.0858626091951913,0.041200000000104,0.0725404064545373));
#3997=CARTESIAN_POINT('',(-0.0858640626908353,0.0412000000000765,0.072548584798921));
#3998=CARTESIAN_POINT('',(-0.0858669683307949,0.0412000000000215,0.0725649338842061));
#3999=CARTESIAN_POINT('',(-0.085869309301045,0.0412000000000189,0.0725813675941885));
#4000=CARTESIAN_POINT('',(-0.0858712238010213,0.0412000000000202,0.0725977893701782));
#4001=CARTESIAN_POINT('',(-0.0858731334535337,0.0412000000000214,0.0726141695666589));
#4002=CARTESIAN_POINT('',(-0.0858746186410019,0.041200000000032,0.0726305377235084));
#4003=CARTESIAN_POINT('',(-0.0858757753558055,0.0412000000000724,0.072646946594394));
#4004=CARTESIAN_POINT('',(-0.0858760623717822,0.0412000000000825,0.072651018132243));
#4005=CARTESIAN_POINT('',(-0.0858763291585382,0.0412000000000945,0.072655092177515));
#4006=CARTESIAN_POINT('',(-0.0858765765402206,0.0412000000001088,0.0726591689081626));
#4007=CARTESIAN_POINT('',(-0.0858773241874878,0.0412000000001522,0.0726714897740341));
#4008=CARTESIAN_POINT('',(-0.0858778873008601,0.041200000000191,0.0726837895905005));
#4009=CARTESIAN_POINT('',(-0.0858782934762272,0.0412000000002136,0.0726960705372601));
#4010=CARTESIAN_POINT('',(-0.0858788356922518,0.0412000000002437,0.0727124647518532));
#4011=CARTESIAN_POINT('',(-0.0858790982813556,0.0412000000002453,0.0727288253480027));
#4012=CARTESIAN_POINT('',(-0.0858791264409756,0.0412000000002288,0.0727451681083486));
#4013=CARTESIAN_POINT('',(-0.0858791546494242,0.0412000000002122,0.0727615392070091));
#4014=CARTESIAN_POINT('',(-0.0858789475677781,0.0412000000001794,0.0727778924112758));
#4015=CARTESIAN_POINT('',(-0.0858785380503458,0.0412000000001486,0.0727942417320797));
#4016=CARTESIAN_POINT('',(-0.0858781256590548,0.0412000000001175,0.0728107057870417));
#4017=CARTESIAN_POINT('',(-0.0858775079540669,0.0412000000000889,0.0728271659073239));
#4018=CARTESIAN_POINT('',(-0.0858767063767456,0.0412000000000701,0.0728436350778285));
#4019=CARTESIAN_POINT('',(-0.0858759163094025,0.0412000000000515,0.0728598677648544));
#4020=CARTESIAN_POINT('',(-0.0858749476932808,0.04120000000004,0.0728760988675566));
#4021=CARTESIAN_POINT('',(-0.0858738200001374,0.0412000000000317,0.0728923277021673));
#4022=CARTESIAN_POINT('',(-0.0858715497659709,0.0412000000000151,0.0729249990498929));
#4023=CARTESIAN_POINT('',(-0.0858686348033762,0.0412000000000111,0.0729576612126487));
#4024=CARTESIAN_POINT('',(-0.0858651679028616,0.0412000000000086,0.0729903471619976));
#4025=CARTESIAN_POINT('',(-0.0858617027596925,0.041200000000006,0.073023016543088));
#4026=CARTESIAN_POINT('',(-0.0858576862385343,0.0412000000000058,0.0730557097210122));
#4027=CARTESIAN_POINT('',(-0.0858532059353463,0.0412000000000056,0.0730882966548052));
#4028=CARTESIAN_POINT('',(-0.0858487278965014,0.0412000000000054,0.0731208671191775));
#4029=CARTESIAN_POINT('',(-0.0858437865499159,0.0412000000000053,0.0731533314133491));
#4030=CARTESIAN_POINT('',(-0.0858384464973964,0.0412000000000041,0.0731856769452115));
#4031=CARTESIAN_POINT('',(-0.0858370497695619,0.0412000000000038,0.0731941371437785));
#4032=CARTESIAN_POINT('',(-0.0858356257666641,0.0412000000000034,0.0732025892166859));
#4033=CARTESIAN_POINT('',(-0.0858341751647569,0.041200000000003,0.0732110334298194));
#4034=CARTESIAN_POINT('',(-0.0858245322679181,0.0412,0.0732671664568943));
#4035=CARTESIAN_POINT('',(-0.0858137355405147,0.041200000000002,0.0733228896673172));
#4036=CARTESIAN_POINT('',(-0.0858019864431229,0.0412000000000051,0.0733783055158844));
#4037=CARTESIAN_POINT('',(-0.085788460108697,0.0412000000000086,0.0734421038890885));
#4038=CARTESIAN_POINT('',(-0.0857736714367142,0.0412000000000132,0.0735054948436984));
#4039=CARTESIAN_POINT('',(-0.0857578083919699,0.0412000000000066,0.0735685641447517));
#4040=CARTESIAN_POINT('',(-0.085757650727112,0.0412000000000065,0.0735691909987102));
#4041=CARTESIAN_POINT('',(-0.0857574929560831,0.0412000000000064,0.0735698178208728));
#4042=CARTESIAN_POINT('',(-0.0857573350790083,0.0412000000000064,0.0735704446113137));
#4043=CARTESIAN_POINT('',(-0.0857416114368992,0.0412,0.0736328693083782));
#4044=CARTESIAN_POINT('',(-0.0857248447940427,0.0412,0.0736949895198406));
#4045=CARTESIAN_POINT('',(-0.0857071770692793,0.0412000000000006,0.0737568413974588));
#4046=CARTESIAN_POINT('',(-0.0856913157983787,0.0412000000000009,0.0738123691691299));
#4047=CARTESIAN_POINT('',(-0.0856747283243499,0.0412000000000007,0.0738676806841741));
#4048=CARTESIAN_POINT('',(-0.0856574924556517,0.0412000000000124,0.0739227925726344));
#4049=CARTESIAN_POINT('',(-0.0856553413213598,0.0412000000000138,0.0739296708492815));
#4050=CARTESIAN_POINT('',(-0.0856531800094475,0.0412000000000154,0.0739365460189263));
#4051=CARTESIAN_POINT('',(-0.0856510086686952,0.041200000000017,0.0739434181214377));
#4052=CARTESIAN_POINT('',(-0.0856314401733778,0.0412000000000314,0.0740053506880655));
#4053=CARTESIAN_POINT('',(-0.0856110571194893,0.0412000000000501,0.0740670341321265));
#4054=CARTESIAN_POINT('',(-0.0855899432810544,0.0412000000000624,0.074128491892807));
#4055=CARTESIAN_POINT('',(-0.0855688281226251,0.0412000000000747,0.0741899534957022));
#4056=CARTESIAN_POINT('',(-0.0855469820928323,0.0412000000000807,0.0742511893892337));
#4057=CARTESIAN_POINT('',(-0.0855244776850741,0.0412000000000788,0.0743122145271733));
#4058=CARTESIAN_POINT('',(-0.0854873978593568,0.0412000000000757,0.0744127637841675));
#4059=CARTESIAN_POINT('',(-0.0854485306009684,0.0412000000000494,0.0745127408566823));
#4060=CARTESIAN_POINT('',(-0.0854080968506088,0.0412000000000263,0.0746122249589128));
#4061=CARTESIAN_POINT('',(-0.0853994368144148,0.0412000000000214,0.0746335323053345));
#4062=CARTESIAN_POINT('',(-0.0853907050745776,0.0412000000000176,0.0746548176068169));
#4063=CARTESIAN_POINT('',(-0.0853819035597833,0.0412000000000146,0.074676082171716));
#4064=CARTESIAN_POINT('',(-0.0853320016899242,0.0411999999999976,0.0747966456854977));
#4065=CARTESIAN_POINT('',(-0.0852798575734472,0.0412000000000005,0.0749165430546835));
#4066=CARTESIAN_POINT('',(-0.0852260132816282,0.041200000000001,0.0750353376709133));
#4067=CARTESIAN_POINT('',(-0.0851882067164353,0.0412000000000013,0.0751187488599423));
#4068=CARTESIAN_POINT('',(-0.0851495617744394,0.0412000000000022,0.0752016161833599));
#4069=CARTESIAN_POINT('',(-0.0851101309356298,0.0412000000000089,0.075284044191246));
#4070=CARTESIAN_POINT('',(-0.08509345239229,0.0412000000000117,0.0753189097721833));
#4071=CARTESIAN_POINT('',(-0.0850766417631571,0.0412000000000143,0.075353677058985));
#4072=CARTESIAN_POINT('',(-0.085059703458108,0.0412000000000163,0.0753883543055968));
#4073=CARTESIAN_POINT('',(-0.0850026883139777,0.0412000000000229,0.0755050795746168));
#4074=CARTESIAN_POINT('',(-0.0849442271910786,0.0412000000000194,0.0756207850051256));
#4075=CARTESIAN_POINT('',(-0.0848844712702646,0.0412000000000135,0.0757356343282647));
#4076=CARTESIAN_POINT('',(-0.0848496932626568,0.04120000000001,0.075802476752906));
#4077=CARTESIAN_POINT('',(-0.0848144765138446,0.0412000000000063,0.0758690291022336));
#4078=CARTESIAN_POINT('',(-0.0847788402792001,0.0412000000000039,0.0759353243304512));
#4079=CARTESIAN_POINT('',(-0.0847532307255516,0.0412000000000022,0.0759829666030036));
#4080=CARTESIAN_POINT('',(-0.084727405306063,0.0412000000000014,0.0760304753802079));
#4081=CARTESIAN_POINT('',(-0.08470137428857,0.0412000000000009,0.0760778564124972));
#4082=CARTESIAN_POINT('',(-0.0846391380950686,0.0412,0.076191137235832));
#4083=CARTESIAN_POINT('',(-0.0845757265849901,0.0412,0.0763036877965163));
#4084=CARTESIAN_POINT('',(-0.0845112625475277,0.0412000000000008,0.0764155654699264));
#4085=CARTESIAN_POINT('',(-0.0844815520445031,0.0412000000000012,0.0764671282029645));
#4086=CARTESIAN_POINT('',(-0.0844516179870775,0.041200000000002,0.0765185480158579));
#4087=CARTESIAN_POINT('',(-0.0844214695473347,0.0412000000000038,0.0765698289164255));
#4088=CARTESIAN_POINT('',(-0.0843207944421691,0.0412000000000101,0.0767410719426543));
#4089=CARTESIAN_POINT('',(-0.0842177239635074,0.0412000000000236,0.0769107620304841));
#4090=CARTESIAN_POINT('',(-0.0841125673570818,0.0412000000000323,0.0770791023235882));
#4091=CARTESIAN_POINT('',(-0.0839759075256493,0.0412000000000436,0.0772978746562155));
#4092=CARTESIAN_POINT('',(-0.0838357244053607,0.041200000000041,0.0775143673081174));
#4093=CARTESIAN_POINT('',(-0.0836925046755839,0.0412000000000234,0.0777288966478406));
#4094=CARTESIAN_POINT('',(-0.0836768127475116,0.0412000000000215,0.0777524016423939));
#4095=CARTESIAN_POINT('',(-0.0836610843655637,0.0412000000000194,0.0777758830675291));
#4096=CARTESIAN_POINT('',(-0.0836453200109555,0.0412000000000174,0.0777993412556699));
#4097=CARTESIAN_POINT('',(-0.0835171961312881,0.0412000000000009,0.0779899963220691));
#4098=CARTESIAN_POINT('',(-0.0833867104701445,0.0412000000000018,0.0781791146660296));
#4099=CARTESIAN_POINT('',(-0.0832541052517839,0.0412000000000011,0.0783668959733686));
#4100=CARTESIAN_POINT('',(-0.0831068961941381,0.0412,0.0785753576737348));
#4101=CARTESIAN_POINT('',(-0.0829570750069404,0.0412000000000006,0.0787821716236158));
#4102=CARTESIAN_POINT('',(-0.0828049196895918,0.0412,0.0789875266969725));
#4103=CARTESIAN_POINT('',(-0.0828031749066776,0.0412,0.078989881527744));
#4104=CARTESIAN_POINT('',(-0.082801429826403,0.0412,0.0789922361547831));
#4105=CARTESIAN_POINT('',(-0.0827996844492144,0.0412,0.0789945905783545));
#4106=CARTESIAN_POINT('',(-0.0826457309043771,0.0412,0.079202265949182));
#4107=CARTESIAN_POINT('',(-0.082489467393071,0.0412,0.079408358409957));
#4108=CARTESIAN_POINT('',(-0.0823310393826794,0.0412000000000012,0.0796131365523391));
#4109=CARTESIAN_POINT('',(-0.0821935403231798,0.0412000000000018,0.0797908627127196));
#4110=CARTESIAN_POINT('',(-0.0820544108522271,0.0412000000000022,0.0799675988049091));
#4111=CARTESIAN_POINT('',(-0.0819139703408411,0.0412000000000012,0.0801431997592493));
#4112=CARTESIAN_POINT('',(-0.0818925528906033,0.041200000000001,0.0801699792451981));
#4113=CARTESIAN_POINT('',(-0.0818711028518909,0.0412000000000009,0.0801967350880948));
#4114=CARTESIAN_POINT('',(-0.0818496214808645,0.0412000000000007,0.080223466591093));
#4115=CARTESIAN_POINT('',(-0.0815661030585282,0.0411999999999992,0.0805762780362947));
#4116=CARTESIAN_POINT('',(-0.081277123074455,0.0412,0.0809248467187853));
#4117=CARTESIAN_POINT('',(-0.0809840444945133,0.0412,0.0812691859693976));
#4118=CARTESIAN_POINT('',(-0.0809418474518347,0.0412,0.081318763451508));
#4119=CARTESIAN_POINT('',(-0.080899564472852,0.0412000000000005,0.0813682542883638));
#4120=CARTESIAN_POINT('',(-0.0808571988158526,0.0412000000000005,0.0814176596541035));
#4121=CARTESIAN_POINT('',(-0.0805830203381586,0.0412000000000008,0.0817373971237387));
#4122=CARTESIAN_POINT('',(-0.0803053792591597,0.0411999999999935,0.0820535547776359));
#4123=CARTESIAN_POINT('',(-0.0800245886460375,0.0412000000000088,0.0823667405567562));
#4124=CARTESIAN_POINT('',(-0.0799610735302469,0.0412000000000123,0.082437583491296));
#4125=CARTESIAN_POINT('',(-0.0798973977459441,0.0412000000000161,0.0825082722882858));
#4126=CARTESIAN_POINT('',(-0.0798335654889532,0.0412000000000197,0.0825788131910678));
#4127=CARTESIAN_POINT('',(-0.0794879583209753,0.0412000000000388,0.0829607429987598));
#4128=CARTESIAN_POINT('',(-0.0791377636884462,0.0412000000000377,0.0833383367541783));
#4129=CARTESIAN_POINT('',(-0.0787836507308591,0.0412000000000264,0.0837121487602011));
#4130=CARTESIAN_POINT('',(-0.078535537190331,0.0412000000000186,0.0839740646780432));
#4131=CARTESIAN_POINT('',(-0.0782855002011965,0.0412000000000098,0.0842341242044987));
#4132=CARTESIAN_POINT('',(-0.0780337068818939,0.0412000000000056,0.0844924922158808));
#4133=CARTESIAN_POINT('',(-0.0779265040968879,0.0412000000000038,0.0846024942225002));
#4134=CARTESIAN_POINT('',(-0.0778189843395346,0.0412000000000028,0.0847121883265446));
#4135=CARTESIAN_POINT('',(-0.0777111599077941,0.041200000000002,0.0848215876968952));
#4136=CARTESIAN_POINT('',(-0.0773503869646512,0.0412,0.085187630273538));
#4137=CARTESIAN_POINT('',(-0.0769862029261965,0.0412,0.0855503730519758));
#4138=CARTESIAN_POINT('',(-0.0766189893671959,0.0412,0.0859101937999343));
#4139=CARTESIAN_POINT('',(-0.0764023264173476,0.0412,0.0861224948513483));
#4140=CARTESIAN_POINT('',(-0.076184608876241,0.0412,0.0863337787290424));
#4141=CARTESIAN_POINT('',(-0.0759659003582119,0.0412,0.0865441091141949));
#4142=CARTESIAN_POINT('',(-0.0758142114581139,0.0412,0.0866899872220457));
#4143=CARTESIAN_POINT('',(-0.0756620460369884,0.0412,0.0868354066416432));
#4144=CARTESIAN_POINT('',(-0.0755094258001923,0.0412,0.0869803884625011));
#4145=CARTESIAN_POINT('',(-0.0751370138591676,0.0412,0.0873341617395736));
#4146=CARTESIAN_POINT('',(-0.0747618937377144,0.0412,0.0876853293428952));
#4147=CARTESIAN_POINT('',(-0.0743843311271996,0.0412,0.0880341428271791));
#4148=CARTESIAN_POINT('',(-0.0742024081521623,0.0412,0.0882022134597758));
#4149=CARTESIAN_POINT('',(-0.074019918143439,0.0412,0.0883697375765837));
#4150=CARTESIAN_POINT('',(-0.0738368862141053,0.0412,0.0885367385087768));
#4151=CARTESIAN_POINT('',(-0.0436853122229968,0.0411999999999964,0.0581763996671937));
#4152=CARTESIAN_POINT('',(-0.0447263855560771,0.0412749942800394,0.0576061699959957));
#4153=CARTESIAN_POINT('',(-0.0445674951963179,0.0412478165749653,0.0577204085432849));
#4154=CARTESIAN_POINT('',(-0.0442293932158278,0.0412099452244383,0.0579242499654133));
#4155=CARTESIAN_POINT('',(-0.043875138023627,0.0412000004950406,0.0581229326186282));
#4156=CARTESIAN_POINT('',(-0.0436853107333346,0.0412,0.058176400086778));
#4157=CARTESIAN_POINT('',(-0.0082543608336541,0.0387,0.063));
#4158=CARTESIAN_POINT('',(-0.0082543608336541,0.0557,0.063));
#4159=CARTESIAN_POINT('',(-0.0082543608336541,0.0557,0.0559795856492091));
#4160=CARTESIAN_POINT('',(-0.0082543608336541,0.0557,0.0514248468795767));
#4161=CARTESIAN_POINT('',(-0.0082543608336541,0.0387,0.0514248468795767));
#4162=CARTESIAN_POINT('',(-0.0082543608336541,0.0467,0.0514248468795767));
#4163=CARTESIAN_POINT('',(-0.0082543608336541,0.0467,0.0587869564681942));
#4164=CARTESIAN_POINT('',(-0.0082543608336541,0.0467,0.0559795856492091));
#4165=CARTESIAN_POINT('',(-0.0082543608336541,0.0387,0.0559795856492091));
#4166=CARTESIAN_POINT('',(-0.0137543608336541,0.0557,0.063));
#4167=CARTESIAN_POINT('',(-0.00914458860500766,0.0587,0.063));
#4168=CARTESIAN_POINT('',(-0.00914458860500766,0.0587,0.0534248468795767));
#4169=CARTESIAN_POINT('',(-0.00914458860500766,0.0587,0.0557200339745911));
#4170=CARTESIAN_POINT('',(-0.00834603392045812,0.0567,0.0514248468795767));
#4171=CARTESIAN_POINT('',(-0.00844561129892725,0.0572385470159201,0.0514248468795767));
#4172=CARTESIAN_POINT('',(-0.00882125484559325,0.0582412438981328,0.0518529780123727));
#4173=CARTESIAN_POINT('',(-0.00914458860500766,0.0587,0.0528761363146852));
#4174=CARTESIAN_POINT('',(-0.00914458860500766,0.0587,0.0534248468795767));
#4175=CARTESIAN_POINT('',(-0.00834603392045812,0.0567,0.0514248468795767));
#4176=CARTESIAN_POINT('',(-0.0137543608336541,0.0557,0.0514248468795767));
#4177=CARTESIAN_POINT('',(-0.00914458860500766,0.0587,0.0557200339745911));
#4178=CARTESIAN_POINT('',(-0.0085647668591184,0.0578090512727448,0.0558417864938707));
#4179=CARTESIAN_POINT('',(-0.0082543608336541,0.0567707299778283,0.055979585649209));
#4180=CARTESIAN_POINT('',(-0.0082543608336541,0.0557,0.055979585649209));
#4181=CARTESIAN_POINT('',(-0.0471002383007384,0.0466999999997526,0.0535843482374047));
#4182=CARTESIAN_POINT('',(-0.0471002383007384,0.0557,0.0535843482374047));
#4183=CARTESIAN_POINT('',(-0.0534149999757919,0.0466999999997526,0.0558667866060496));
#4184=CARTESIAN_POINT('',(-0.0534149999757919,0.0557,0.0558667866060496));
#4185=CARTESIAN_POINT('',(-0.0646985422349835,0.0466999999997526,0.0583074244146852));
#4186=CARTESIAN_POINT('',(-0.0646985422349835,0.0557,0.0583074244146852));
#4187=CARTESIAN_POINT('',(-0.0784297963818748,0.0466999999997526,0.0619566050527074));
#4188=CARTESIAN_POINT('',(-0.0784297963818748,0.0557,0.0619566050527074));
#4189=CARTESIAN_POINT('',(-0.0839061611737698,0.0466999999997526,0.0642154421795789));
#4190=CARTESIAN_POINT('',(-0.0839061611737698,0.0557,0.0642154421795789));
#4191=CARTESIAN_POINT('',(-0.0860441703667225,0.0466999999997526,0.0654746144012555));
#4192=CARTESIAN_POINT('',(-0.0860441703667225,0.0557,0.0654746144012555));
#4193=CARTESIAN_POINT('',(-0.0471002383007384,0.0557,0.0535843482374047));
#4194=CARTESIAN_POINT('',(-0.0471002456101069,0.0557,0.0535843734055118));
#4195=CARTESIAN_POINT('',(-0.0471002528112923,0.0557,0.0535843534821683));
#4196=CARTESIAN_POINT('',(-0.0533773498412894,0.0557,0.0558531764543795));
#4197=CARTESIAN_POINT('',(-0.0645824073961671,0.0557,0.058284641605074));
#4198=CARTESIAN_POINT('',(-0.0782553160858544,0.0557,0.0619045446079037));
#4199=CARTESIAN_POINT('',(-0.0837366102648737,0.0557,0.064138607596575));
#4200=CARTESIAN_POINT('',(-0.0858901270516019,0.0557,0.0653846917353606));
#4201=CARTESIAN_POINT('',(-0.0858901270789195,0.0557,0.0653846916881496));
#4202=CARTESIAN_POINT('',(-0.0858901270516012,0.0466999999997526,0.0653846917353602));
#4203=CARTESIAN_POINT('',(-0.0913738520808892,0.0466999999997526,0.0730253378151162));
#4204=CARTESIAN_POINT('',(-0.0913738520808892,0.0557000000011328,0.0730253378151162));
#4205=CARTESIAN_POINT('',(-0.0913355785999258,0.0466999999997526,0.07404923111896));
#4206=CARTESIAN_POINT('',(-0.0913355785999258,0.0557000000011328,0.07404923111896));
#4207=CARTESIAN_POINT('',(-0.0908320314165152,0.0466999999997526,0.076437348612549));
#4208=CARTESIAN_POINT('',(-0.0908320314165152,0.0557000000011328,0.076437348612549));
#4209=CARTESIAN_POINT('',(-0.087352596955603,0.0466999999997526,0.0827903877112522));
#4210=CARTESIAN_POINT('',(-0.087352596955603,0.0557000000011328,0.0827903877112522));
#4211=CARTESIAN_POINT('',(-0.0814465957010139,0.0466999999997526,0.0891900338676918));
#4212=CARTESIAN_POINT('',(-0.0814465957010139,0.0557000000011328,0.0891900338676918));
#4213=CARTESIAN_POINT('',(-0.075751823689476,0.0466999999997526,0.0942056150590089));
#4214=CARTESIAN_POINT('',(-0.075751823689476,0.0557000000011328,0.0942056150590089));
#4215=CARTESIAN_POINT('',(-0.091370747409865,0.0557,0.0730988941980283));
#4216=CARTESIAN_POINT('',(-0.0913225361592928,0.0557,0.0741243225996235));
#4217=CARTESIAN_POINT('',(-0.0907993346498765,0.0557,0.0765148789869165));
#4218=CARTESIAN_POINT('',(-0.087299082042833,0.0557,0.0828520683659254));
#4219=CARTESIAN_POINT('',(-0.0814126304809703,0.0557,0.089219948175996));
#4220=CARTESIAN_POINT('',(-0.0757518239836292,0.0557,0.0942056147999381));
#4221=CARTESIAN_POINT('',(-0.0913707674028439,0.0557,0.0730988951380125));
#4222=CARTESIAN_POINT('',(-0.0757518242208338,0.0557000000011328,0.0942056150692637));
#4223=CARTESIAN_POINT('',(-0.0757518244303848,0.0512,0.0942056144064651));
#4224=CARTESIAN_POINT('',(-0.0757518236985107,0.0466999999998763,0.0942056150692669));
#4225=CARTESIAN_POINT('',(-0.075751823689476,0.0466999999997526,0.0942056150590088));
#4226=CARTESIAN_POINT('',(-0.0814126308580027,0.0466999999997526,0.0892199478708209));
#4227=CARTESIAN_POINT('',(-0.0872990828564739,0.0466999999997526,0.0828520674519838));
#4228=CARTESIAN_POINT('',(-0.0907993351873498,0.0466999999997526,0.0765148777337458));
#4229=CARTESIAN_POINT('',(-0.0913225363806144,0.0466999999997526,0.0741243213612498));
#4230=CARTESIAN_POINT('',(-0.0913707474673095,0.0466999999997526,0.0730988929762113));
#4231=CARTESIAN_POINT('',(-0.0913707674165211,0.0466999999997913,0.0730988939141347));
#4232=CARTESIAN_POINT('',(-0.0913707451646442,0.0557,0.0730989419495579));
#4233=CARTESIAN_POINT('',(-0.0329218056094911,0.0466999999997526,0.0417738819198669));
#4234=CARTESIAN_POINT('',(-0.0329218056094911,0.0557,0.0417738819198669));
#4235=CARTESIAN_POINT('',(-0.0333652641435408,0.0466999999997526,0.043644058195017));
#4236=CARTESIAN_POINT('',(-0.0333652641435408,0.0557,0.043644058195017));
#4237=CARTESIAN_POINT('',(-0.0352451999791227,0.0466999999997526,0.0469658630523131));
#4238=CARTESIAN_POINT('',(-0.0352451999791227,0.0557,0.0469658630523131));
#4239=CARTESIAN_POINT('',(-0.0383055288331943,0.0466999999997526,0.0493107811946461));
#4240=CARTESIAN_POINT('',(-0.0383055288331943,0.0557,0.0493107811946461));
#4241=CARTESIAN_POINT('',(-0.0400258515000954,0.0466999999997526,0.0503435954659227));
#4242=CARTESIAN_POINT('',(-0.0400258515000954,0.0557,0.0503435954659227));
#4243=CARTESIAN_POINT('',(-0.0399647385038709,0.0466999999997526,0.0503067932187958));
#4244=CARTESIAN_POINT('',(-0.0382694985155289,0.0466999999997527,0.0492827878587381));
#4245=CARTESIAN_POINT('',(-0.0352521641240217,0.0466999999997526,0.0469598626219277));
#4246=CARTESIAN_POINT('',(-0.0333873661714152,0.0466999999997527,0.0436840523917037));
#4247=CARTESIAN_POINT('',(-0.0329377857571044,0.0466999999997527,0.0418403330147154));
#4248=CARTESIAN_POINT('',(-0.0399647388545189,0.0466999999997913,0.0503067926382984));
#4249=CARTESIAN_POINT('',(-0.0329377856240477,0.0466999999997913,0.0418403330471604));
#4250=CARTESIAN_POINT('',(-0.0329377857571045,0.0557,0.0418403330147159));
#4251=CARTESIAN_POINT('',(-0.0331152661586957,0.0556999999999992,0.0425681762325992));
#4252=CARTESIAN_POINT('',(-0.0336217497146885,0.0554324455253006,0.0439645101321225));
#4253=CARTESIAN_POINT('',(-0.0345082512476955,0.054684993505389,0.0454320718366727));
#4254=CARTESIAN_POINT('',(-0.0352730894877993,0.0538910800600707,0.0464231233183252));
#4255=CARTESIAN_POINT('',(-0.03584066839516,0.0531796137208646,0.0470646259005737));
#4256=CARTESIAN_POINT('',(-0.0363512938841332,0.0523059362380758,0.0475788170528114));
#4257=CARTESIAN_POINT('',(-0.0366057432551536,0.0511898273278851,0.0478157078819107));
#4258=CARTESIAN_POINT('',(-0.0363457095851503,0.0500846279478527,0.0475733647797219));
#4259=CARTESIAN_POINT('',(-0.0358392460528026,0.0492180516430608,0.0470631535802245));
#4260=CARTESIAN_POINT('',(-0.0352665894403847,0.0485014611729954,0.0464153873176906));
#4261=CARTESIAN_POINT('',(-0.0345053141868626,0.0477127186265941,0.0454272893144033));
#4262=CARTESIAN_POINT('',(-0.0336177298309185,0.0469640711829197,0.0439574264089516));
#4263=CARTESIAN_POINT('',(-0.0331131277728276,0.0467,0.0425594067592541));
#4264=CARTESIAN_POINT('',(-0.032937785757103,0.0467,0.04184033301471));
#4265=CARTESIAN_POINT('',(-0.0329377856313551,0.0557,0.0418403330453791));
#4266=CARTESIAN_POINT('',(-0.0329377857571045,0.0557,0.0418403330147158));
#4267=CARTESIAN_POINT('',(-0.0333873661710554,0.0557,0.0436840523902276));
#4268=CARTESIAN_POINT('',(-0.0352521641214092,0.0557,0.0469598626182449));
#4269=CARTESIAN_POINT('',(-0.0382694985093675,0.0557,0.0492827878541778));
#4270=CARTESIAN_POINT('',(-0.0399647384957257,0.0557,0.0503067932138757));
#4271=CARTESIAN_POINT('',(-0.0399647388445097,0.0557,0.0503067926364641));
#4272=CARTESIAN_POINT('',(-0.0399647313499248,0.0466999999997526,0.0503067888974714));
#4273=CARTESIAN_POINT('',(-0.0137543608336541,0.0467,0.0587869564681942));
#4274=CARTESIAN_POINT('',(-0.0137543608336541,0.0467,0.0514248468795767));
#4275=CARTESIAN_POINT('',(-0.00997944361601872,0.0427,0.0514248468795767));
#4276=CARTESIAN_POINT('',(-0.00997944361601872,0.0427,0.0514248468795767));
#4277=CARTESIAN_POINT('',(-0.0105272612117113,0.0421830084814741,0.0514248468795767));
#4278=CARTESIAN_POINT('',(-0.0117740908990181,0.0414317631702254,0.050956599308512));
#4279=CARTESIAN_POINT('',(-0.0130962964575505,0.0412,0.0502685091376684));
#4280=CARTESIAN_POINT('',(-0.0137543608336541,0.0412,0.0499248468795767));
#4281=CARTESIAN_POINT('',(-0.0137543608336541,0.0412,0.0499248468795767));
#4282=CARTESIAN_POINT('',(-0.0137543608336541,0.0412,0.0587869564681942));
#4283=CARTESIAN_POINT('',(-0.0137543608336541,0.0412,0.0565669770942316));
#4284=CARTESIAN_POINT('',(-0.0082543608336541,0.0467,0.0559795856492091));
#4285=CARTESIAN_POINT('',(-0.0082543608336541,0.0459565687843644,0.0559795856492091));
#4286=CARTESIAN_POINT('',(-0.00855622338242072,0.0444975250728091,0.0558529080418912));
#4287=CARTESIAN_POINT('',(-0.00981170264289593,0.0426520360648896,0.0555486310619822));
#4288=CARTESIAN_POINT('',(-0.0117266625320662,0.0414265797014056,0.0555975745559334));
#4289=CARTESIAN_POINT('',(-0.0131381882103643,0.0412,0.0561483359601857));
#4290=CARTESIAN_POINT('',(-0.0137543608336541,0.0412,0.0565669770942316));
#4291=CARTESIAN_POINT('',(-0.0326260021591758,0.0466999999998292,0.0391094089943728));
#4292=CARTESIAN_POINT('',(-0.0326282175608153,0.0460498676629447,0.0391094259981334));
#4293=CARTESIAN_POINT('',(-0.032445242176065,0.0449908831185811,0.0391080228174417));
#4294=CARTESIAN_POINT('',(-0.0317535278203146,0.0436550665192356,0.0391027189020274));
#4295=CARTESIAN_POINT('',(-0.0310236888982974,0.0427629490981162,0.039097123015557));
#4296=CARTESIAN_POINT('',(-0.0301260825608363,0.0420427329150841,0.0390902412308549));
#4297=CARTESIAN_POINT('',(-0.0291721260283609,0.0415628704795435,0.0390829278177705));
#4298=CARTESIAN_POINT('',(-0.0283494779757202,0.0413182429162174,0.0390766212704335));
#4299=CARTESIAN_POINT('',(-0.0277465257547194,0.0412298969909843,0.0390719990987999));
#4300=CARTESIAN_POINT('',(-0.0274216399493377,0.0412061482526129,0.0390695085411859));
#4301=CARTESIAN_POINT('',(-0.0272153276979665,0.0412001488486114,0.0390679270086857));
#4302=CARTESIAN_POINT('',(-0.0271357975477431,0.0411998786955351,0.0390673173223695));
#4303=CARTESIAN_POINT('',(-0.0270581758627449,0.0411999999999993,0.0390667223366749));
#4304=CARTESIAN_POINT('',(-0.0326215833212044,0.0466999999998304,0.039708252550561));
#4305=CARTESIAN_POINT('',(-0.0326237995922622,0.0460498676854475,0.039708158072538));
#4306=CARTESIAN_POINT('',(-0.032440752798475,0.0449908831775875,0.0397159649813948));
#4307=CARTESIAN_POINT('',(-0.0317487687022417,0.0436550665953135,0.0397454799346119));
#4308=CARTESIAN_POINT('',(-0.0310186452930141,0.0427629491673461,0.0397766227598531));
#4309=CARTESIAN_POINT('',(-0.0301206892017884,0.0420427329625657,0.0398149256339734));
#4310=CARTESIAN_POINT('',(-0.0291663611007924,0.0415628705028831,0.0398556343701366));
#4311=CARTESIAN_POINT('',(-0.0283433926286904,0.0413182429242355,0.0398907401031151));
#4312=CARTESIAN_POINT('',(-0.0277402057029942,0.0412298969930399,0.0399164713173665));
#4313=CARTESIAN_POINT('',(-0.0274151933394157,0.041206148253038,0.0399303355785158));
#4314=CARTESIAN_POINT('',(-0.0272088008147449,0.0412001488486229,0.0399391402245931));
#4315=CARTESIAN_POINT('',(-0.0271292396415915,0.0411998786955278,0.0399425339407737));
#4316=CARTESIAN_POINT('',(-0.0270515878503007,0.0412000000000004,0.0399458469625812));
#4317=CARTESIAN_POINT('',(-0.0326816329941825,0.0466999999998297,0.0405924550927432));
#4318=CARTESIAN_POINT('',(-0.0326838379004904,0.0460498676169633,0.0405921862612983));
#4319=CARTESIAN_POINT('',(-0.0325017284087518,0.0449908829980139,0.040614386829344));
#4320=CARTESIAN_POINT('',(-0.0318132869425804,0.0436550663638178,0.0406983116195441));
#4321=CARTESIAN_POINT('',(-0.0310869010104432,0.0427629489567076,0.0407868611095129));
#4322=CARTESIAN_POINT('',(-0.0301935411025942,0.0420427328181097,0.040895764463629));
#4323=CARTESIAN_POINT('',(-0.0292440972216026,0.04156287043188,0.0410115033520759));
#4324=CARTESIAN_POINT('',(-0.0284253407405449,0.0413182428998454,0.0411113116088589));
#4325=CARTESIAN_POINT('',(-0.0278252403440491,0.041229896986789,0.0411844633662073));
#4326=CARTESIAN_POINT('',(-0.0275018915142958,0.0412061482517477,0.0412238807310705));
#4327=CARTESIAN_POINT('',(-0.0272965549565377,0.0412001488485909,0.0412489106417016));
#4328=CARTESIAN_POINT('',(-0.0272174012006922,0.0411998786955527,0.0412585603843854));
#4329=CARTESIAN_POINT('',(-0.0271401462688082,0.0411999999999998,0.0412679761667027));
#4330=CARTESIAN_POINT('',(-0.0329263704268202,0.0466999999998299,0.0418675360122851));
#4331=CARTESIAN_POINT('',(-0.0329285253739187,0.046049867710119,0.0418670062138585));
#4332=CARTESIAN_POINT('',(-0.032750546040439,0.0449908832422407,0.0419107700693352));
#4333=CARTESIAN_POINT('',(-0.0320777201796342,0.0436550666785275,0.0420762170763791));
#4334=CARTESIAN_POINT('',(-0.0313678117200409,0.0427629492429818,0.042250784946995));
#4335=CARTESIAN_POINT('',(-0.030494718196817,0.0420427330143934,0.0424654826268403));
#4336=CARTESIAN_POINT('',(-0.029566814480282,0.0415628705283445,0.042693661628252));
#4337=CARTESIAN_POINT('',(-0.0287666330452842,0.0413182429329789,0.0428904312464868));
#4338=CARTESIAN_POINT('',(-0.0281801488506282,0.0412298969952801,0.0430346566007811));
#4339=CARTESIAN_POINT('',(-0.0278641354844984,0.0412061482534998,0.0431123649393304));
#4340=CARTESIAN_POINT('',(-0.0276634584273254,0.0412001488486336,0.0431617157587686));
#4341=CARTESIAN_POINT('',(-0.0275860997756922,0.0411998786955183,0.0431807365871469));
#4342=CARTESIAN_POINT('',(-0.0275105991807958,0.0412,0.0431993078001192));
#4343=CARTESIAN_POINT('',(-0.0332714945267224,0.0466999999998299,0.0430283887903596));
#4344=CARTESIAN_POINT('',(-0.0332735775546823,0.0460498672896661,0.0430276172905986));
#4345=CARTESIAN_POINT('',(-0.0331015172653366,0.0449908821398196,0.043091288659237));
#4346=CARTESIAN_POINT('',(-0.032451056536948,0.0436550652574382,0.0433319643439277));
#4347=CARTESIAN_POINT('',(-0.0317647397168554,0.0427629479499237,0.0435858908124624));
#4348=CARTESIAN_POINT('',(-0.0309206538760792,0.0420427321275653,0.0438981706991081));
#4349=CARTESIAN_POINT('',(-0.0300235724180503,0.0415628700924139,0.0442300402656047));
#4350=CARTESIAN_POINT('',(-0.0292499679004871,0.041318242783227,0.044516221227195));
#4351=CARTESIAN_POINT('',(-0.0286829599905878,0.0412298969569006,0.0447259704087687));
#4352=CARTESIAN_POINT('',(-0.028377441763203,0.0412061482455814,0.044838988160556));
#4353=CARTESIAN_POINT('',(-0.0281834281786087,0.0412001488484412,0.0449107570198434));
#4354=CARTESIAN_POINT('',(-0.028108639121717,0.0411998786956747,0.0449384231453102));
#4355=CARTESIAN_POINT('',(-0.0280356443726232,0.0412,0.0449654244492149));
#4356=CARTESIAN_POINT('',(-0.0338718765759928,0.0466999999998299,0.044398434246055));
#4357=CARTESIAN_POINT('',(-0.0338738378197306,0.0460498671543681,0.0443973861063967));
#4358=CARTESIAN_POINT('',(-0.033711868451259,0.0449908817848386,0.0444839828233485));
#4359=CARTESIAN_POINT('',(-0.0330995721443487,0.0436550647992804,0.0448113651743953));
#4360=CARTESIAN_POINT('',(-0.0324535328088133,0.0427629475327922,0.0451567999429134));
#4361=CARTESIAN_POINT('',(-0.0316589940186296,0.0420427318414255,0.0455816490860399));
#4362=CARTESIAN_POINT('',(-0.0308145801448618,0.0415628699517782,0.0460331784895705));
#4363=CARTESIAN_POINT('',(-0.0300863988284066,0.0413182427349264,0.0464225607097876));
#4364=CARTESIAN_POINT('',(-0.0295526870207777,0.0412298969445235,0.0467079586344185));
#4365=CARTESIAN_POINT('',(-0.0292651093199035,0.0412061482430281,0.0468617373901927));
#4366=CARTESIAN_POINT('',(-0.0290824895163055,0.0412001488483792,0.0469593929679061));
#4367=CARTESIAN_POINT('',(-0.0290120919501176,0.0411998786957252,0.0469970366338669));
#4368=CARTESIAN_POINT('',(-0.0289433847938133,0.0412,0.0470337793139237));
#4369=CARTESIAN_POINT('',(-0.0348166874139711,0.0466999999998299,0.04590130732502));
#4370=CARTESIAN_POINT('',(-0.0348184693670933,0.0460498684506307,0.0458999767362113));
#4371=CARTESIAN_POINT('',(-0.0346712827427417,0.0449908851842986,0.0460098577713627));
#4372=CARTESIAN_POINT('',(-0.0341148574598713,0.0436550691832722,0.0464252404077902));
#4373=CARTESIAN_POINT('',(-0.0335277609110184,0.0427629515227796,0.0468635126040156));
#4374=CARTESIAN_POINT('',(-0.032805705205209,0.0420427345782735,0.0474025247755512));
#4375=CARTESIAN_POINT('',(-0.0320383161692402,0.0415628712971466,0.0479753697371488));
#4376=CARTESIAN_POINT('',(-0.0313765542903764,0.0413182431970822,0.0484693635423939));
#4377=CARTESIAN_POINT('',(-0.0308915194822996,0.0412298970629663,0.0488314275476366));
#4378=CARTESIAN_POINT('',(-0.0306301719147294,0.0412061482674643,0.0490265189523933));
#4379=CARTESIAN_POINT('',(-0.0304642068606711,0.041200148848973,0.049150405426743));
#4380=CARTESIAN_POINT('',(-0.0304002311418864,0.0411998786952423,0.0491981636993763));
#4381=CARTESIAN_POINT('',(-0.0303377879637508,0.0412,0.0492447715984568));
#4382=CARTESIAN_POINT('',(-0.0360825801095703,0.0466999999998299,0.0473695648182328));
#4383=CARTESIAN_POINT('',(-0.0360841560951005,0.0460498671903082,0.047367998526141));
#4384=CARTESIAN_POINT('',(-0.0359539912955396,0.0449908818791057,0.0474973636276101));
#4385=CARTESIAN_POINT('',(-0.0354619202876624,0.0436550649208736,0.0479864120785767));
#4386=CARTESIAN_POINT('',(-0.0349427280781194,0.0427629476434665,0.0485024152410459));
#4387=CARTESIAN_POINT('',(-0.0343041892259387,0.0420427319173432,0.0491370317589447));
#4388=CARTESIAN_POINT('',(-0.0336255632979916,0.0415628699890993,0.0498114883540021));
#4389=CARTESIAN_POINT('',(-0.0330403472639773,0.0413182427477476,0.0503931085396352));
#4390=CARTESIAN_POINT('',(-0.0326114179798622,0.0412298969478096,0.0508194014205352));
#4391=CARTESIAN_POINT('',(-0.0323803002741796,0.0412061482437061,0.0510490988434144));
#4392=CARTESIAN_POINT('',(-0.032233533302805,0.0412001488483957,0.0511949634897022));
#4393=CARTESIAN_POINT('',(-0.0321769571291706,0.0411998786957118,0.0512511921302332));
#4394=CARTESIAN_POINT('',(-0.0321217381435887,0.0412,0.0513060712510794));
#4395=CARTESIAN_POINT('',(-0.0381459060979369,0.0466999999998299,0.0492049580552686));
#4396=CARTESIAN_POINT('',(-0.0381472085861342,0.0460498692488085,0.0492031521603065));
#4397=CARTESIAN_POINT('',(-0.0380396490766196,0.0449908872774088,0.0493523186124369));
#4398=CARTESIAN_POINT('',(-0.0376330424337616,0.0436550718819836,0.0499162292114616));
#4399=CARTESIAN_POINT('',(-0.037204030378241,0.0427629539784854,0.0505112245442871));
#4400=CARTESIAN_POINT('',(-0.0366764092038349,0.0420427362623658,0.0512429970344147));
#4401=CARTESIAN_POINT('',(-0.0361156722430181,0.0415628721248465,0.0520207147424115));
#4402=CARTESIAN_POINT('',(-0.0356321262431089,0.0413182434813705,0.0526913885395958));
#4403=CARTESIAN_POINT('',(-0.0352777155383686,0.0412298971358188,0.0531829519636004));
#4404=CARTESIAN_POINT('',(-0.0350867540565664,0.0412061482824943,0.0534478218762922));
#4405=CARTESIAN_POINT('',(-0.0349654852888103,0.041200148849338,0.0536160200206288));
#4406=CARTESIAN_POINT('',(-0.0349187405563071,0.0411998786949454,0.0536808598961034));
#4407=CARTESIAN_POINT('',(-0.0348731123305214,0.0412,0.0537441393377299));
#4408=CARTESIAN_POINT('',(-0.0400217217169111,0.0466999999998299,0.0503870287068853));
#4409=CARTESIAN_POINT('',(-0.0400228524611761,0.0460498668483176,0.0503851209300621));
#4410=CARTESIAN_POINT('',(-0.0399294391682323,0.0449908809822432,0.0505426743113137));
#4411=CARTESIAN_POINT('',(-0.0395762915020621,0.0436550637644324,0.05113827699177));
#4412=CARTESIAN_POINT('',(-0.0392036724501055,0.0427629465911382,0.0517667022367291));
#4413=CARTESIAN_POINT('',(-0.0387453893045679,0.0420427311957086,0.0525395762710453));
#4414=CARTESIAN_POINT('',(-0.0382583247654862,0.041562869634475,0.0533609630089127));
#4415=CARTESIAN_POINT('',(-0.0378382935068059,0.0413182426259628,0.0540692831014001));
#4416=CARTESIAN_POINT('',(-0.037530432945976,0.0412298969166035,0.0545884384897411));
#4417=CARTESIAN_POINT('',(-0.037364546980922,0.0412061482372683,0.0548681704286072));
#4418=CARTESIAN_POINT('',(-0.0372592056038869,0.0412001488482393,0.0550458095968041));
#4419=CARTESIAN_POINT('',(-0.0372185966459783,0.0411998786958389,0.0551142856083728));
#4420=CARTESIAN_POINT('',(-0.0371789651989869,0.0412,0.0551811207003742));
#4421=CARTESIAN_POINT('',(-0.0413805192776402,0.0466999999998299,0.0511067558320003));
#4422=CARTESIAN_POINT('',(-0.0413815564952969,0.0460498682269965,0.0511047981760393));
#4423=CARTESIAN_POINT('',(-0.0412959108922934,0.0449908845978337,0.051266498012899));
#4424=CARTESIAN_POINT('',(-0.0409721491181891,0.0436550684268287,0.0518777889876387));
#4425=CARTESIAN_POINT('',(-0.0406305496376725,0.0427629508341223,0.0525227759105942));
#4426=CARTESIAN_POINT('',(-0.0402104368648797,0.0420427341056553,0.0533160312028574));
#4427=CARTESIAN_POINT('',(-0.0397639606874781,0.0415628710646539,0.0541590918130021));
#4428=CARTESIAN_POINT('',(-0.0393789493078237,0.0413182431171652,0.0548861135479627));
#4429=CARTESIAN_POINT('',(-0.039096761073873,0.0412298970424769,0.0554189784689283));
#4430=CARTESIAN_POINT('',(-0.0389447140212159,0.0412061482632362,0.0557061012778491));
#4431=CARTESIAN_POINT('',(-0.0388481582420605,0.0412001488488701,0.0558884320365059));
#4432=CARTESIAN_POINT('',(-0.0388109391017372,0.0411998786953259,0.0559587186775077));
#4433=CARTESIAN_POINT('',(-0.0387746098450728,0.0412,0.0560273166584464));
#4434=CARTESIAN_POINT('',(-0.0272169293046863,0.0412,0.0374076662501974));
#4435=CARTESIAN_POINT('',(-0.0272158866535572,0.0412,0.037417982255408));
#4436=CARTESIAN_POINT('',(-0.0272148528726115,0.0412,0.0374282976328616));
#4437=CARTESIAN_POINT('',(-0.0272138279641518,0.0412,0.0374386123820756));
#4438=CARTESIAN_POINT('',(-0.0272075738239191,0.0412,0.037501554479427));
#4439=CARTESIAN_POINT('',(-0.0272016500627585,0.0412,0.0375644731835807));
#4440=CARTESIAN_POINT('',(-0.027196057382838,0.0412,0.037627368394935));
#4441=CARTESIAN_POINT('',(-0.0271904572535646,0.0412,0.0376903473816214));
#4442=CARTESIAN_POINT('',(-0.0271851890880898,0.0412,0.0377533028128806));
#4443=CARTESIAN_POINT('',(-0.0271802535379115,0.0412,0.0378162345852781));
#4444=CARTESIAN_POINT('',(-0.0271604447193718,0.0412,0.0380688110995033));
#4445=CARTESIAN_POINT('',(-0.0271459941569417,0.0412,0.0383210065246587));
#4446=CARTESIAN_POINT('',(-0.0271369528147475,0.0412,0.0385728147154319));
#4447=CARTESIAN_POINT('',(-0.0271331875445641,0.0412,0.0386776803263453));
#4448=CARTESIAN_POINT('',(-0.0271303603354394,0.0412,0.0387824787772439));
#4449=CARTESIAN_POINT('',(-0.0271284756972629,0.0412,0.0388872097585132));
#4450=CARTESIAN_POINT('',(-0.0271258099666419,0.0412,0.0390353467257098));
#4451=CARTESIAN_POINT('',(-0.0271250305353553,0.0412,0.0391833484596225));
#4452=CARTESIAN_POINT('',(-0.0271261497829821,0.0412,0.0393312156642678));
#4453=CARTESIAN_POINT('',(-0.027128071025016,0.0412,0.0395850367867815));
#4454=CARTESIAN_POINT('',(-0.0271355871087474,0.0412,0.0398384615207366));
#4455=CARTESIAN_POINT('',(-0.0271487747377582,0.0412,0.0400914894029512));
#4456=CARTESIAN_POINT('',(-0.0271534052576873,0.0412,0.0401803340808121));
#4457=CARTESIAN_POINT('',(-0.0271587349718273,0.0412,0.0402691298301224));
#4458=CARTESIAN_POINT('',(-0.027164768190696,0.0412,0.0403578774468222));
#4459=CARTESIAN_POINT('',(-0.0271760154702011,0.0412,0.040523323002861));
#4460=CARTESIAN_POINT('',(-0.0271897068301784,0.0412000000000005,0.0406885951189041));
#4461=CARTESIAN_POINT('',(-0.0272058681260195,0.0412000000000006,0.0408536936244217));
#4462=CARTESIAN_POINT('',(-0.0272308464718023,0.0412000000000006,0.0411088642245754));
#4463=CARTESIAN_POINT('',(-0.0272617254862273,0.0412,0.0413636199672445));
#4464=CARTESIAN_POINT('',(-0.0272986067159348,0.0412,0.0416178951604251));
#4465=CARTESIAN_POINT('',(-0.0273083554664916,0.0412,0.0416851072748462));
#4466=CARTESIAN_POINT('',(-0.0273185235303065,0.0412,0.0417522858239463));
#4467=CARTESIAN_POINT('',(-0.027329114139397,0.0412,0.041819434139998));
#4468=CARTESIAN_POINT('',(-0.0273588396647208,0.0412,0.0420079047890584));
#4469=CARTESIAN_POINT('',(-0.0273918874287239,0.0412,0.0421960967431158));
#4470=CARTESIAN_POINT('',(-0.0274283433431285,0.0412,0.0423841691835356));
#4471=CARTESIAN_POINT('',(-0.02743884697544,0.0412,0.0424383563790667));
#4472=CARTESIAN_POINT('',(-0.0274496335798665,0.0412000000000006,0.0424925336375087));
#4473=CARTESIAN_POINT('',(-0.0274607040183014,0.0412000000000011,0.0425466960416398));
#4474=CARTESIAN_POINT('',(-0.0275020537663048,0.0412000000000029,0.0427490007448575));
#4475=CARTESIAN_POINT('',(-0.0275473680654901,0.0412000000000036,0.0429511401008614));
#4476=CARTESIAN_POINT('',(-0.0275966295175207,0.041200000000002,0.0431526017532248));
#4477=CARTESIAN_POINT('',(-0.0276063316053661,0.0412000000000016,0.0431922798091518));
#4478=CARTESIAN_POINT('',(-0.0276161867118176,0.0412000000000013,0.0432319316028288));
#4479=CARTESIAN_POINT('',(-0.0276261909074065,0.041200000000001,0.0432715447113983));
#4480=CARTESIAN_POINT('',(-0.0276707360765714,0.0412,0.0434479279704723));
#4481=CARTESIAN_POINT('',(-0.027718271593383,0.0412,0.0436236826162009));
#4482=CARTESIAN_POINT('',(-0.0277686154310115,0.0412000000000005,0.0437982023484041));
#4483=CARTESIAN_POINT('',(-0.02778011004095,0.0412000000000007,0.0438380490574103));
#4484=CARTESIAN_POINT('',(-0.0277917512636445,0.041200000000001,0.0438778313533665));
#4485=CARTESIAN_POINT('',(-0.0278035372925795,0.0412000000000016,0.0439175418959594));
#4486=CARTESIAN_POINT('',(-0.0278105873199767,0.0412000000000019,0.0439412954786786));
#4487=CARTESIAN_POINT('',(-0.0278176891620806,0.0412000000000023,0.0439650233857218));
#4488=CARTESIAN_POINT('',(-0.027824843171433,0.0412000000000029,0.0439887271247653));
#4489=CARTESIAN_POINT('',(-0.0278937779329104,0.0412000000000086,0.0442171321374809));
#4490=CARTESIAN_POINT('',(-0.0279674697053333,0.0412000000000015,0.044443069852785));
#4491=CARTESIAN_POINT('',(-0.028045913841003,0.0412000000000007,0.0446668987833493));
#4492=CARTESIAN_POINT('',(-0.0280488277296461,0.0412000000000007,0.0446752131407349));
#4493=CARTESIAN_POINT('',(-0.0280517481725632,0.0412000000000006,0.0446835245894808));
#4494=CARTESIAN_POINT('',(-0.0280546751641209,0.0412000000000006,0.044691833120416));
#4495=CARTESIAN_POINT('',(-0.0282056863159467,0.0411999999999995,0.0451204919674858));
#4496=CARTESIAN_POINT('',(-0.028374126044286,0.0412,0.0455414580936096));
#4497=CARTESIAN_POINT('',(-0.0285595598945111,0.0412,0.0459547555198678));
#4498=CARTESIAN_POINT('',(-0.0285748313734288,0.0412000000000005,0.045988792794746));
#4499=CARTESIAN_POINT('',(-0.0285902181401775,0.0412000000000006,0.0460227780455686));
#4500=CARTESIAN_POINT('',(-0.0286057199663321,0.0412000000000007,0.0460567112793811));
#4501=CARTESIAN_POINT('',(-0.0286151792100225,0.0412000000000007,0.0460774174029457));
#4502=CARTESIAN_POINT('',(-0.028624681301679,0.0412000000000008,0.0460981041948424));
#4503=CARTESIAN_POINT('',(-0.0286342261716943,0.0412000000000009,0.0461187716182987));
#4504=CARTESIAN_POINT('',(-0.0288196308598907,0.0412000000000023,0.0465202267659925));
#4505=CARTESIAN_POINT('',(-0.0290211802767766,0.041200000000003,0.0469143720334863));
#4506=CARTESIAN_POINT('',(-0.0292385253265568,0.0412000000000009,0.0473011882686433));
#4507=CARTESIAN_POINT('',(-0.0292509834587211,0.0412000000000008,0.0473233604220269));
#4508=CARTESIAN_POINT('',(-0.0292634934752945,0.0412000000000006,0.0473455085018524));
#4509=CARTESIAN_POINT('',(-0.0292760553059159,0.0412000000000005,0.0473676325067786));
#4510=CARTESIAN_POINT('',(-0.0293029819396528,0.0412,0.0474150559274091));
#4511=CARTESIAN_POINT('',(-0.0293301473384082,0.0412,0.0474623694869623));
#4512=CARTESIAN_POINT('',(-0.0293575524575717,0.0412,0.0475095757904217));
#4513=CARTESIAN_POINT('',(-0.0294538055470536,0.0412,0.0476753751990608));
#4514=CARTESIAN_POINT('',(-0.0295530146259131,0.0411999999999979,0.047839852028311));
#4515=CARTESIAN_POINT('',(-0.0296552916253277,0.0412000000000037,0.0480031607877235));
#4516=CARTESIAN_POINT('',(-0.0296928248542579,0.0412000000000058,0.0480630912226054));
#4517=CARTESIAN_POINT('',(-0.0297307568022058,0.0412000000000065,0.0481228456182253));
#4518=CARTESIAN_POINT('',(-0.0297690856189929,0.0412000000000057,0.0481824195942612));
#4519=CARTESIAN_POINT('',(-0.0298649392579913,0.0412000000000037,0.0483314036452002));
#4520=CARTESIAN_POINT('',(-0.0299632756705958,0.0412,0.0484792585340902));
#4521=CARTESIAN_POINT('',(-0.0300636197843974,0.0412,0.048625363007024));
#4522=CARTESIAN_POINT('',(-0.030112842814434,0.0412,0.0486970334278115));
#4523=CARTESIAN_POINT('',(-0.0301625872472128,0.0412,0.0487683400135666));
#4524=CARTESIAN_POINT('',(-0.0302128039999956,0.0412000000000006,0.0488392198580624));
#4525=CARTESIAN_POINT('',(-0.0304244342145533,0.041200000000004,0.0491379312614726));
#4526=CARTESIAN_POINT('',(-0.0306444553499419,0.041200000000061,0.0494290597672002));
#4527=CARTESIAN_POINT('',(-0.0308723628325802,0.0412000000000372,0.0497130527111692));
#4528=CARTESIAN_POINT('',(-0.0308990290403618,0.0412000000000344,0.0497462811719671));
#4529=CARTESIAN_POINT('',(-0.0309258031792856,0.0412000000000305,0.0497794119942593));
#4530=CARTESIAN_POINT('',(-0.0309526844150911,0.041200000000026,0.0498124459315545));
#4531=CARTESIAN_POINT('',(-0.0310271679353168,0.0412000000000136,0.0499039775841341));
#4532=CARTESIAN_POINT('',(-0.0311024606948413,0.0412000000000082,0.0499947420178282));
#4533=CARTESIAN_POINT('',(-0.0311785493651556,0.0412000000000051,0.0500847613346604));
#4534=CARTESIAN_POINT('',(-0.031420307605444,0.041199999999995,0.0503707817308566));
#4535=CARTESIAN_POINT('',(-0.031670100125637,0.0412,0.0506492803107924));
#4536=CARTESIAN_POINT('',(-0.031927466606092,0.0412,0.0509206726553228));
#4537=CARTESIAN_POINT('',(-0.0320302998360734,0.0412,0.0510291100529628));
#4538=CARTESIAN_POINT('',(-0.0321343440648279,0.0412,0.0511364149258387));
#4539=CARTESIAN_POINT('',(-0.0322395910081029,0.0412,0.05124263112198));
#4540=CARTESIAN_POINT('',(-0.0324675171539848,0.0412,0.0514726563128634));
#4541=CARTESIAN_POINT('',(-0.0327010815628019,0.0411999999999792,0.0516975780429784));
#4542=CARTESIAN_POINT('',(-0.0329402758889184,0.0412000000000563,0.0519177858161781));
#4543=CARTESIAN_POINT('',(-0.0329540619876701,0.0412000000000608,0.0519304776143345));
#4544=CARTESIAN_POINT('',(-0.0329678667983566,0.0412000000000657,0.0519431537433724));
#4545=CARTESIAN_POINT('',(-0.0329816903230515,0.041200000000071,0.0519558142742347));
#4546=CARTESIAN_POINT('',(-0.0331157119699963,0.0412000000001233,0.0520785604793308));
#4547=CARTESIAN_POINT('',(-0.0332514094282853,0.0412000000001229,0.0521997882183189));
#4548=CARTESIAN_POINT('',(-0.0333886920844198,0.0412000000000915,0.0523194824455593));
#4549=CARTESIAN_POINT('',(-0.0336246935900887,0.0412000000000374,0.0525252478251343));
#4550=CARTESIAN_POINT('',(-0.0338653809711077,0.0412,0.0527264786673607));
#4551=CARTESIAN_POINT('',(-0.034109233030829,0.0412,0.0529224546733925));
#4552=CARTESIAN_POINT('',(-0.0342760441600099,0.0412,0.0530565153776404));
#4553=CARTESIAN_POINT('',(-0.0344445196858943,0.0411999999999992,0.0531882733377953));
#4554=CARTESIAN_POINT('',(-0.0346143005662548,0.0412000000000185,0.0533176100829728));
#4555=CARTESIAN_POINT('',(-0.0348370877596552,0.0412000000000437,0.0534873263101502));
#4556=CARTESIAN_POINT('',(-0.0350621222307195,0.04120000000011,0.0536528736911321));
#4557=CARTESIAN_POINT('',(-0.0352894676193064,0.0412000000000976,0.0538147125736854));
#4558=CARTESIAN_POINT('',(-0.0354884849966682,0.0412000000000868,0.0539563857792038));
#4559=CARTESIAN_POINT('',(-0.0356891131908745,0.0412000000000437,0.054095096225899));
#4560=CARTESIAN_POINT('',(-0.0358913239920962,0.0412000000000225,0.0542310943937132));
#4561=CARTESIAN_POINT('',(-0.0360961411620942,0.0412000000000009,0.0543688454915196));
#4562=CARTESIAN_POINT('',(-0.0363025819811179,0.0412,0.0545038139269277));
#4563=CARTESIAN_POINT('',(-0.036510524887439,0.0412,0.054636127995871));
#4564=CARTESIAN_POINT('',(-0.0367424077362379,0.0412,0.0547836750499425));
#4565=CARTESIAN_POINT('',(-0.0369762131083558,0.0412,0.054927968433081));
#4566=CARTESIAN_POINT('',(-0.0372117752837443,0.0412,0.0550691939210898));
#4567=CARTESIAN_POINT('',(-0.0376585794574677,0.0412000000000005,0.0553370643352357));
#4568=CARTESIAN_POINT('',(-0.0381117044063748,0.0411999999999865,0.0555938969235297));
#4569=CARTESIAN_POINT('',(-0.0385703721337433,0.0412000000000437,0.0558410797668622));
#4570=CARTESIAN_POINT('',(-0.0387317737069141,0.0412000000000638,0.0559280614692889));
#4571=CARTESIAN_POINT('',(-0.0388938615763121,0.0412000000000948,0.0560138483394112));
#4572=CARTESIAN_POINT('',(-0.0390566055588207,0.0412000000001515,0.0560984861299929));
#4573=CARTESIAN_POINT('',(-0.0396076452006542,0.0412000000003436,0.0563850637170031));
#4574=CARTESIAN_POINT('',(-0.0401661121415971,0.0412000000001325,0.0566585132134927));
#4575=CARTESIAN_POINT('',(-0.0407312331968666,0.0412000000000472,0.0569207405053265));
#4576=CARTESIAN_POINT('',(-0.0409478597475361,0.0412000000000146,0.0570212594882801));
#4577=CARTESIAN_POINT('',(-0.0411654642280941,0.0412000000000035,0.057120128917112));
#4578=CARTESIAN_POINT('',(-0.0413840036456363,0.041200000000001,0.0572174543042857));
#4579=CARTESIAN_POINT('',(-0.0414944857454295,0.0412,0.0572666569298763));
#4580=CARTESIAN_POINT('',(-0.041605206800033,0.0412,0.0573154649185901));
#4581=CARTESIAN_POINT('',(-0.0417161517788606,0.0412,0.0573638854989134));
#4582=CARTESIAN_POINT('',(-0.042091515494265,0.0412,0.0575277084057654));
#4583=CARTESIAN_POINT('',(-0.0424695286656325,0.0412,0.0576871478081753));
#4584=CARTESIAN_POINT('',(-0.0428489851936422,0.0412,0.0578422523575373));
#4585=CARTESIAN_POINT('',(-0.0429259009738758,0.0412,0.0578736920259877));
#4586=CARTESIAN_POINT('',(-0.0430028759880903,0.0412,0.0579049537449053));
#4587=CARTESIAN_POINT('',(-0.0430799001026124,0.0412,0.0579360381528262));
#4588=CARTESIAN_POINT('',(-0.0434833720827626,0.0412,0.0580988662189903));
#4589=CARTESIAN_POINT('',(-0.0438881997232882,0.0411999999999856,0.0582568382407644));
#4590=CARTESIAN_POINT('',(-0.0442942140096365,0.0412000000000144,0.0584105191009743));
#4591=CARTESIAN_POINT('',(-0.0443480945077786,0.0412000000000182,0.0584309134604375));
#4592=CARTESIAN_POINT('',(-0.0444019959286551,0.0412000000000233,0.0584512321662974));
#4593=CARTESIAN_POINT('',(-0.0444559197119271,0.0412000000000305,0.0584714769029772));
#4594=CARTESIAN_POINT('',(-0.045084886394293,0.0412000000001137,0.0587076113893254));
#4595=CARTESIAN_POINT('',(-0.0457166828349294,0.0412000000000657,0.0589336909830197));
#4596=CARTESIAN_POINT('',(-0.046350830713447,0.0412000000000266,0.0591513992092183));
#4597=CARTESIAN_POINT('',(-0.0466447942958483,0.0412000000000085,0.0592523193451354));
#4598=CARTESIAN_POINT('',(-0.0469392629087314,0.0412000000000028,0.059351441385402));
#4599=CARTESIAN_POINT('',(-0.0472341876702572,0.0412000000000017,0.0594489364343871));
#4600=CARTESIAN_POINT('',(-0.0472395522688379,0.0412000000000017,0.059450709841946));
#4601=CARTESIAN_POINT('',(-0.0472449170182366,0.0412000000000017,0.0594524827107448));
#4602=CARTESIAN_POINT('',(-0.0472502819184463,0.0412000000000017,0.0594542550419727));
#4603=CARTESIAN_POINT('',(-0.0481761154998551,0.0411999999999988,0.0597601104547536));
#4604=CARTESIAN_POINT('',(-0.0491064378044987,0.0412000000001895,0.0600499599579694));
#4605=CARTESIAN_POINT('',(-0.0500400970612133,0.041200000000095,0.0603279249427479));
#4606=CARTESIAN_POINT('',(-0.0501059262020717,0.0412000000000884,0.0603475233090739));
#4607=CARTESIAN_POINT('',(-0.050171772065431,0.0412000000000823,0.0603670621659487));
#4608=CARTESIAN_POINT('',(-0.0502376341313527,0.0412000000000767,0.0603865428648472));
#4609=CARTESIAN_POINT('',(-0.051237631241456,0.0411999999999922,0.0606823222687978));
#4610=CARTESIAN_POINT('',(-0.0522413636248249,0.0412000000000031,0.0609646939714104));
#4611=CARTESIAN_POINT('',(-0.0532477664404659,0.0412000000000064,0.0612376714858992));
#4612=CARTESIAN_POINT('',(-0.0540661948993705,0.0412000000000092,0.0614596626836846));
#4613=CARTESIAN_POINT('',(-0.0548863893501691,0.0412000000000123,0.0616754414446689));
#4614=CARTESIAN_POINT('',(-0.0557077978211579,0.0412000000000913,0.0618868093088742));
#4615=CARTESIAN_POINT('',(-0.0558964384613183,0.0412000000001095,0.0619353510157366));
#4616=CARTESIAN_POINT('',(-0.0560851437206534,0.0412000000001187,0.0619836629475207));
#4617=CARTESIAN_POINT('',(-0.0562739074175931,0.0412000000001186,0.0620317663650026));
#4618=CARTESIAN_POINT('',(-0.0570347633107551,0.0412000000001181,0.0622256583541174));
#4619=CARTESIAN_POINT('',(-0.057796568738884,0.0412000000000158,0.0624161626772577));
#4620=CARTESIAN_POINT('',(-0.0585589724490397,0.0412000000000061,0.062604536882474));
#4621=CARTESIAN_POINT('',(-0.0588093424814994,0.0412000000000029,0.0626663981447506));
#4622=CARTESIAN_POINT('',(-0.0590597766254311,0.0412000000000017,0.0627280308646325));
#4623=CARTESIAN_POINT('',(-0.0593102620384275,0.041200000000001,0.06278948118087));
#4624=CARTESIAN_POINT('',(-0.0600117665494566,0.0411999999999991,0.0629615777254516));
#4625=CARTESIAN_POINT('',(-0.0607136731707226,0.0412,0.0631322436312934));
#4626=CARTESIAN_POINT('',(-0.0614157070776879,0.0412000000000009,0.0633024548758688));
#4627=CARTESIAN_POINT('',(-0.0617276777778348,0.0412000000000015,0.0633780935602916));
#4628=CARTESIAN_POINT('',(-0.0620396731999456,0.0412000000000016,0.0634536440196504));
#4629=CARTESIAN_POINT('',(-0.0623516695630888,0.0412000000000013,0.0635291910664392));
#4630=CARTESIAN_POINT('',(-0.0629924599213725,0.0412000000000007,0.0636843525519492));
#4631=CARTESIAN_POINT('',(-0.0636332542463963,0.0412,0.063839499641042));
#4632=CARTESIAN_POINT('',(-0.0642738377838369,0.0412,0.0639953986616996));
#4633=CARTESIAN_POINT('',(-0.0646470150560529,0.0412,0.064086218933951));
#4634=CARTESIAN_POINT('',(-0.0650201203912151,0.0412,0.0641772957496509));
#4635=CARTESIAN_POINT('',(-0.065393110827742,0.0412,0.0642687813838882));
#4636=CARTESIAN_POINT('',(-0.0659721227220043,0.0412,0.0644107991548284));
#4637=CARTESIAN_POINT('',(-0.0665508577323917,0.0412,0.0645538020937481));
#4638=CARTESIAN_POINT('',(-0.0671291366076277,0.0412000000000005,0.0646984311610359));
#4639=CARTESIAN_POINT('',(-0.0675628287615429,0.0412000000000009,0.0648068987091289));
#4640=CARTESIAN_POINT('',(-0.067996262569829,0.0412000000000007,0.0649162829621882));
#4641=CARTESIAN_POINT('',(-0.0684293640663342,0.0412,0.0650268538291551));
#4642=CARTESIAN_POINT('',(-0.0689457647651227,0.0412,0.0651586909930256));
#4643=CARTESIAN_POINT('',(-0.0694616930287125,0.0412,0.0652922151082939));
#4644=CARTESIAN_POINT('',(-0.069976986218763,0.0412,0.0654280014441601));
#4645=CARTESIAN_POINT('',(-0.0704701146675855,0.0412,0.0655579470876692));
#4646=CARTESIAN_POINT('',(-0.0709626687291561,0.0412,0.0656899680063566));
#4647=CARTESIAN_POINT('',(-0.071454491019946,0.0412,0.0658245650156489));
#4648=CARTESIAN_POINT('',(-0.0719076249867466,0.0412,0.0659485741910812));
#4649=CARTESIAN_POINT('',(-0.0723601377782719,0.0412,0.0660747701197833));
#4650=CARTESIAN_POINT('',(-0.0728118992655724,0.0412000000000065,0.0662036622040922));
#4651=CARTESIAN_POINT('',(-0.0728614943350796,0.0412000000000071,0.0662178121749505));
#4652=CARTESIAN_POINT('',(-0.0729110804682059,0.0412000000000078,0.0662319947447271));
#4653=CARTESIAN_POINT('',(-0.0729606575184066,0.0412000000000085,0.0662462105951326));
#4654=CARTESIAN_POINT('',(-0.0734618384164059,0.0412000000000152,0.066389920489998));
#4655=CARTESIAN_POINT('',(-0.0739620911125208,0.0412000000000174,0.0665370314133816));
#4656=CARTESIAN_POINT('',(-0.074460883900988,0.0412000000000134,0.0666882565854839));
#4657=CARTESIAN_POINT('',(-0.0748500147079017,0.0412000000000104,0.0668062341798005));
#4658=CARTESIAN_POINT('',(-0.0752382569721605,0.0412000000000046,0.0669267158211878));
#4659=CARTESIAN_POINT('',(-0.07562546471464,0.0412000000000017,0.0670501726764699));
#4660=CARTESIAN_POINT('',(-0.0757345640377835,0.0412000000000009,0.0670849577746771));
#4661=CARTESIAN_POINT('',(-0.0758435774812193,0.0412000000000006,0.0671199774875996));
#4662=CARTESIAN_POINT('',(-0.0759525027152574,0.0412,0.0671552426525656));
#4663=CARTESIAN_POINT('',(-0.0763091496333754,0.0412,0.0672707091237936));
#4664=CARTESIAN_POINT('',(-0.0766648509560272,0.0412,0.0673888068150861));
#4665=CARTESIAN_POINT('',(-0.0770194747390009,0.0412000000000007,0.0675100158953349));
#4666=CARTESIAN_POINT('',(-0.0771575652243927,0.0412000000000011,0.0675572147058182));
#4667=CARTESIAN_POINT('',(-0.0772954923394982,0.0412000000000013,0.0676048866227942));
#4668=CARTESIAN_POINT('',(-0.0774332429559038,0.0412000000000011,0.0676530576539855));
#4669=CARTESIAN_POINT('',(-0.0777572840928007,0.0412000000000007,0.0677663739941954));
#4670=CARTESIAN_POINT('',(-0.0780803484270404,0.0412,0.0678824525004847));
#4671=CARTESIAN_POINT('',(-0.0784022246421134,0.0412,0.0680017713274751));
#4672=CARTESIAN_POINT('',(-0.0785685926729298,0.0412,0.0680634436019588));
#4673=CARTESIAN_POINT('',(-0.0787346413434694,0.0412000000000007,0.0681259807026273));
#4674=CARTESIAN_POINT('',(-0.0789003675471935,0.0412000000000016,0.0681894605545222));
#4675=CARTESIAN_POINT('',(-0.0791435287005266,0.041200000000003,0.0682826011300818));
#4676=CARTESIAN_POINT('',(-0.079385995756798,0.0412000000000052,0.0683777710051072));
#4677=CARTESIAN_POINT('',(-0.079627711785031,0.0412000000000036,0.0684752847567768));
#4678=CARTESIAN_POINT('',(-0.0796754757518552,0.0412000000000033,0.0684945538289757));
#4679=CARTESIAN_POINT('',(-0.0797232103859818,0.0412000000000028,0.068513914439822));
#4680=CARTESIAN_POINT('',(-0.0797709157680242,0.0412000000000024,0.0685333697982332));
#4681=CARTESIAN_POINT('',(-0.0799645816577518,0.0412,0.0686123512283227));
#4682=CARTESIAN_POINT('',(-0.0801576575572298,0.0412,0.0686928458585996));
#4683=CARTESIAN_POINT('',(-0.0803501348322436,0.0412,0.0687750547650299));
#4684=CARTESIAN_POINT('',(-0.0805901155485836,0.0412,0.0688775528508599));
#4685=CARTESIAN_POINT('',(-0.0808291656510935,0.0411999999999988,0.0689827156602593));
#4686=CARTESIAN_POINT('',(-0.0810666375986372,0.041200000000011,0.0690907480435471));
#4687=CARTESIAN_POINT('',(-0.0810848668351392,0.0412000000000119,0.0690990410140861));
#4688=CARTESIAN_POINT('',(-0.0811030867719772,0.041200000000013,0.0691073508954937));
#4689=CARTESIAN_POINT('',(-0.0811212973167747,0.0412000000000141,0.0691156779186418));
#4690=CARTESIAN_POINT('',(-0.0813403038026181,0.041200000000028,0.0692158216593975));
#4691=CARTESIAN_POINT('',(-0.0815580100294778,0.04120000000004,0.0693184803982283));
#4692=CARTESIAN_POINT('',(-0.0817741965149657,0.0412000000000368,0.0694240334691619));
#4693=CARTESIAN_POINT('',(-0.0819979797425722,0.0412000000000335,0.0695332956501165));
#4694=CARTESIAN_POINT('',(-0.0822201344966157,0.0412000000000148,0.0696456592533825));
#4695=CARTESIAN_POINT('',(-0.082440309135941,0.0412000000000049,0.069761689814414));
#4696=CARTESIAN_POINT('',(-0.0824504769038767,0.0412000000000044,0.0697670481600511));
#4697=CARTESIAN_POINT('',(-0.0824606404848378,0.041200000000004,0.0697724143130397));
#4698=CARTESIAN_POINT('',(-0.0824707998427815,0.0412000000000037,0.0697777883284357));
#4699=CARTESIAN_POINT('',(-0.0825858802866773,0.0412,0.069838662655406));
#4700=CARTESIAN_POINT('',(-0.0827004188379926,0.0412,0.0699005458761282));
#4701=CARTESIAN_POINT('',(-0.082814349166446,0.0412,0.0699635434166894));
#4702=CARTESIAN_POINT('',(-0.0829044582206112,0.0412,0.0700133690326756));
#4703=CARTESIAN_POINT('',(-0.0829941868086012,0.0412000000000005,0.0700638916980353));
#4704=CARTESIAN_POINT('',(-0.0830835003426938,0.0412000000000032,0.0701151749236225));
#4705=CARTESIAN_POINT('',(-0.0831071266369401,0.0412000000000039,0.0701287409815546));
#4706=CARTESIAN_POINT('',(-0.0831307242084513,0.0412000000000047,0.0701423607087396));
#4707=CARTESIAN_POINT('',(-0.0831542926858886,0.0412000000000053,0.0701560354226486));
#4708=CARTESIAN_POINT('',(-0.0832669549086903,0.0412000000000082,0.0702214033985499));
#4709=CARTESIAN_POINT('',(-0.0833789524118243,0.0412000000000079,0.0702880276598391));
#4710=CARTESIAN_POINT('',(-0.0834902006631293,0.0412000000000059,0.0703560666334633));
#4711=CARTESIAN_POINT('',(-0.0835647107049827,0.0412000000000046,0.0704016366690633));
#4712=CARTESIAN_POINT('',(-0.0836388846197396,0.0412000000000028,0.0704478413570288));
#4713=CARTESIAN_POINT('',(-0.0837127193293466,0.0412000000000016,0.0704947632790812));
#4714=CARTESIAN_POINT('',(-0.0837490890576913,0.0412000000000011,0.0705178762237591));
#4715=CARTESIAN_POINT('',(-0.0837853655798355,0.0412000000000007,0.070541156059444));
#4716=CARTESIAN_POINT('',(-0.083821550000204,0.0412000000000006,0.0705646132346888));
#4717=CARTESIAN_POINT('',(-0.0839312318997678,0.0412,0.0706357164197903));
#4718=CARTESIAN_POINT('',(-0.0840400677647999,0.0411999999999984,0.0707084484648273));
#4719=CARTESIAN_POINT('',(-0.0841475784704203,0.0412000000000038,0.0707828356110708));
#4720=CARTESIAN_POINT('',(-0.0842066011863675,0.0412000000000068,0.0708236736967063));
#4721=CARTESIAN_POINT('',(-0.0842652244558896,0.0412000000000123,0.0708650107404405));
#4722=CARTESIAN_POINT('',(-0.0843234137916087,0.0412000000000296,0.0709068952731463));
#4723=CARTESIAN_POINT('',(-0.0843712022186725,0.0412000000000438,0.0709412932588181));
#4724=CARTESIAN_POINT('',(-0.0844186842670508,0.0412000000000547,0.0709760554902343));
#4725=CARTESIAN_POINT('',(-0.084465836398055,0.0412000000000575,0.0710112044928802));
#4726=CARTESIAN_POINT('',(-0.0845704084857297,0.0412000000000638,0.0710891565283045));
#4727=CARTESIAN_POINT('',(-0.0846733578314674,0.0412000000000336,0.0711690108317196));
#4728=CARTESIAN_POINT('',(-0.0847743594670099,0.0412000000000171,0.0712511786824934));
#4729=CARTESIAN_POINT('',(-0.0848176042472271,0.04120000000001,0.0712863596043523));
#4730=CARTESIAN_POINT('',(-0.0848604919826872,0.0412000000000051,0.0713219646560816));
#4731=CARTESIAN_POINT('',(-0.0849029842535699,0.0412000000000027,0.0713580382358429));
#4732=CARTESIAN_POINT('',(-0.0849101190450631,0.0412000000000023,0.0713640952778569));
#4733=CARTESIAN_POINT('',(-0.0849172426948071,0.041200000000002,0.0713701654489401));
#4734=CARTESIAN_POINT('',(-0.0849243550415537,0.0412000000000017,0.0713762489953963));
#4735=CARTESIAN_POINT('',(-0.0849738256140307,0.0412,0.0714185636542003));
#4736=CARTESIAN_POINT('',(-0.0850227494498035,0.0412000000000009,0.0714615253392573));
#4737=CARTESIAN_POINT('',(-0.0850710610242107,0.0412000000000012,0.0715052393521352));
#4738=CARTESIAN_POINT('',(-0.0851065758113747,0.0412000000000015,0.0715373743815248));
#4739=CARTESIAN_POINT('',(-0.0851417597137659,0.0412000000000015,0.0715699159844721));
#4740=CARTESIAN_POINT('',(-0.0851765701171147,0.0412000000000009,0.0716029140688452));
#4741=CARTESIAN_POINT('',(-0.0851890973582095,0.0412000000000006,0.0716147891096043));
#4742=CARTESIAN_POINT('',(-0.0852015757584224,0.0412000000000005,0.0716267224295549));
#4743=CARTESIAN_POINT('',(-0.085214002761443,0.0412,0.0716387155318711));
#4744=CARTESIAN_POINT('',(-0.0852609649166821,0.0412,0.0716840379585121));
#4745=CARTESIAN_POINT('',(-0.0853071926742979,0.0411999999999938,0.0717302144998938));
#4746=CARTESIAN_POINT('',(-0.0853525542966418,0.0412000000000116,0.071777425679579));
#4747=CARTESIAN_POINT('',(-0.0853804410189658,0.0412000000000225,0.0718064494443926));
#4748=CARTESIAN_POINT('',(-0.0854080004542565,0.0412000000000424,0.0718358641428885));
#4749=CARTESIAN_POINT('',(-0.0854351428591911,0.0412000000001226,0.0718656908812571));
#4750=CARTESIAN_POINT('',(-0.0854521972981776,0.0412000000001729,0.0718844319725827));
#4751=CARTESIAN_POINT('',(-0.0854690962545795,0.0412000000002419,0.0719033480683673));
#4752=CARTESIAN_POINT('',(-0.0854858181642184,0.0412000000003163,0.0719224487267825));
#4753=CARTESIAN_POINT('',(-0.0855074767139604,0.0412000000004127,0.0719471882792214));
#4754=CARTESIAN_POINT('',(-0.0855288383000972,0.0412000000005174,0.071972237469613));
#4755=CARTESIAN_POINT('',(-0.0855498014124032,0.0412000000005719,0.0719975788784533));
#4756=CARTESIAN_POINT('',(-0.0855707464767979,0.0412000000006263,0.0720228984699462));
#4757=CARTESIAN_POINT('',(-0.0855912937465764,0.041200000000624,0.0720485097489777));
#4758=CARTESIAN_POINT('',(-0.0856113900725182,0.0412000000005381,0.0720744797220493));
#4759=CARTESIAN_POINT('',(-0.0856312061592821,0.0412000000004534,0.0721000875491283));
#4760=CARTESIAN_POINT('',(-0.0856505838289915,0.0412000000002776,0.0721260441476242));
#4761=CARTESIAN_POINT('',(-0.085669428319877,0.0412000000001355,0.0721524193672401));
#4762=CARTESIAN_POINT('',(-0.0856696749248283,0.0412000000001336,0.0721527645216828));
#4763=CARTESIAN_POINT('',(-0.0856699214384851,0.0412000000001318,0.0721531097411716));
#4764=CARTESIAN_POINT('',(-0.0856701678606111,0.04120000000013,0.0721534550257795));
#4765=CARTESIAN_POINT('',(-0.085689248871323,0.0411999999999909,0.0721801911773114));
#4766=CARTESIAN_POINT('',(-0.0857077803831647,0.0412000000000009,0.0722073180341464));
#4767=CARTESIAN_POINT('',(-0.0857255888150007,0.0412000000000233,0.0722349053080447));
#4768=CARTESIAN_POINT('',(-0.0857345109881732,0.0412000000000345,0.0722487267628109));
#4769=CARTESIAN_POINT('',(-0.0857432517897054,0.0412000000000555,0.0722626637577147));
#4770=CARTESIAN_POINT('',(-0.0857517872645985,0.0412000000001534,0.0722767503861477));
#4771=CARTESIAN_POINT('',(-0.0857580475423413,0.0412000000002252,0.0722870821143237));
#4772=CARTESIAN_POINT('',(-0.0857641973604867,0.0412000000003396,0.0722974942986094));
#4773=CARTESIAN_POINT('',(-0.0857702037257181,0.0412000000005573,0.0723079689509463));
#4774=CARTESIAN_POINT('',(-0.0857724022540253,0.0412000000006369,0.0723118030201018));
#4775=CARTESIAN_POINT('',(-0.0857745829887345,0.0412000000007264,0.0723156487290437));
#4776=CARTESIAN_POINT('',(-0.0857767440705096,0.0412000000008245,0.0723195052018144));
#4777=CARTESIAN_POINT('',(-0.0857847975050846,0.0412000000011903,0.0723338766390767));
#4778=CARTESIAN_POINT('',(-0.085792578011704,0.041200000001691,0.0723483976469049));
#4779=CARTESIAN_POINT('',(-0.0857999982665693,0.0412000000021526,0.0723630722381187));
#4780=CARTESIAN_POINT('',(-0.0858074047751589,0.0412000000026133,0.0723777196441508));
#4781=CARTESIAN_POINT('',(-0.0858144523321218,0.0412000000030205,0.072392520103173));
#4782=CARTESIAN_POINT('',(-0.085821025437121,0.0412000000031232,0.0724075126153892));
#4783=CARTESIAN_POINT('',(-0.085827594450228,0.0412000000032259,0.0724224957944601));
#4784=CARTESIAN_POINT('',(-0.0858336895152508,0.041200000002996,0.0724376709236309));
#4785=CARTESIAN_POINT('',(-0.0858391500036582,0.0412000000024273,0.0724530840744791));
#4786=CARTESIAN_POINT('',(-0.0858418294414753,0.0412000000021482,0.0724606472402954));
#4787=CARTESIAN_POINT('',(-0.085844356109248,0.0412000000017938,0.0724682676491501));
#4788=CARTESIAN_POINT('',(-0.085846715924088,0.0412000000014227,0.0724759495632561));
#4789=CARTESIAN_POINT('',(-0.0858467613897605,0.0412000000014156,0.0724760975678303));
#4790=CARTESIAN_POINT('',(-0.0858468067955648,0.0412000000014084,0.0724762455930351));
#4791=CARTESIAN_POINT('',(-0.0858468521414163,0.0412000000014014,0.0724763936389279));
#4792=CARTESIAN_POINT('',(-0.0858492534369826,0.0412000000010275,0.0724842334287588));
#4793=CARTESIAN_POINT('',(-0.0858514866423029,0.0412000000007766,0.0724921312087462));
#4794=CARTESIAN_POINT('',(-0.0858535522049426,0.0412000000005949,0.0725000864513779));
#4795=CARTESIAN_POINT('',(-0.0858556199078692,0.041200000000413,0.0725080499370425));
#4796=CARTESIAN_POINT('',(-0.0858575196288346,0.0412000000003009,0.0725160710176574));
#4797=CARTESIAN_POINT('',(-0.085859266585329,0.0412000000002235,0.0725241582715698));
#4798=CARTESIAN_POINT('',(-0.0858610143454731,0.0412000000001462,0.0725322492458494));
#4799=CARTESIAN_POINT('',(-0.0858626091951913,0.041200000000104,0.0725404064545373));
#4800=CARTESIAN_POINT('',(-0.0858640626908353,0.0412000000000765,0.072548584798921));
#4801=CARTESIAN_POINT('',(-0.0858669683307949,0.0412000000000215,0.0725649338842061));
#4802=CARTESIAN_POINT('',(-0.085869309301045,0.0412000000000189,0.0725813675941885));
#4803=CARTESIAN_POINT('',(-0.0858712238010213,0.0412000000000202,0.0725977893701782));
#4804=CARTESIAN_POINT('',(-0.0858731334535337,0.0412000000000214,0.0726141695666589));
#4805=CARTESIAN_POINT('',(-0.0858746186410019,0.041200000000032,0.0726305377235084));
#4806=CARTESIAN_POINT('',(-0.0858757753558055,0.0412000000000724,0.072646946594394));
#4807=CARTESIAN_POINT('',(-0.0858760623717822,0.0412000000000825,0.072651018132243));
#4808=CARTESIAN_POINT('',(-0.0858763291585382,0.0412000000000945,0.072655092177515));
#4809=CARTESIAN_POINT('',(-0.0858765765402206,0.0412000000001088,0.0726591689081626));
#4810=CARTESIAN_POINT('',(-0.0858773241874878,0.0412000000001522,0.0726714897740341));
#4811=CARTESIAN_POINT('',(-0.0858778873008601,0.041200000000191,0.0726837895905005));
#4812=CARTESIAN_POINT('',(-0.0858782934762272,0.0412000000002136,0.0726960705372601));
#4813=CARTESIAN_POINT('',(-0.0858788356922518,0.0412000000002437,0.0727124647518532));
#4814=CARTESIAN_POINT('',(-0.0858790982813556,0.0412000000002453,0.0727288253480027));
#4815=CARTESIAN_POINT('',(-0.0858791264409756,0.0412000000002288,0.0727451681083486));
#4816=CARTESIAN_POINT('',(-0.0858791546494242,0.0412000000002122,0.0727615392070091));
#4817=CARTESIAN_POINT('',(-0.0858789475677781,0.0412000000001794,0.0727778924112758));
#4818=CARTESIAN_POINT('',(-0.0858785380503458,0.0412000000001486,0.0727942417320797));
#4819=CARTESIAN_POINT('',(-0.0858781256590548,0.0412000000001175,0.0728107057870417));
#4820=CARTESIAN_POINT('',(-0.0858775079540669,0.0412000000000889,0.0728271659073239));
#4821=CARTESIAN_POINT('',(-0.0858767063767456,0.0412000000000701,0.0728436350778285));
#4822=CARTESIAN_POINT('',(-0.0858759163094025,0.0412000000000515,0.0728598677648544));
#4823=CARTESIAN_POINT('',(-0.0858749476932808,0.04120000000004,0.0728760988675566));
#4824=CARTESIAN_POINT('',(-0.0858738200001374,0.0412000000000317,0.0728923277021673));
#4825=CARTESIAN_POINT('',(-0.0858715497659709,0.0412000000000151,0.0729249990498929));
#4826=CARTESIAN_POINT('',(-0.0858686348033762,0.0412000000000111,0.0729576612126487));
#4827=CARTESIAN_POINT('',(-0.0858651679028616,0.0412000000000086,0.0729903471619976));
#4828=CARTESIAN_POINT('',(-0.0858617027596925,0.041200000000006,0.073023016543088));
#4829=CARTESIAN_POINT('',(-0.0858576862385343,0.0412000000000058,0.0730557097210122));
#4830=CARTESIAN_POINT('',(-0.0858532059353463,0.0412000000000056,0.0730882966548052));
#4831=CARTESIAN_POINT('',(-0.0858487278965014,0.0412000000000054,0.0731208671191775));
#4832=CARTESIAN_POINT('',(-0.0858437865499159,0.0412000000000053,0.0731533314133491));
#4833=CARTESIAN_POINT('',(-0.0858384464973964,0.0412000000000041,0.0731856769452115));
#4834=CARTESIAN_POINT('',(-0.0858370497695619,0.0412000000000038,0.0731941371437785));
#4835=CARTESIAN_POINT('',(-0.0858356257666641,0.0412000000000034,0.0732025892166859));
#4836=CARTESIAN_POINT('',(-0.0858341751647569,0.041200000000003,0.0732110334298194));
#4837=CARTESIAN_POINT('',(-0.0858245322679181,0.0412,0.0732671664568943));
#4838=CARTESIAN_POINT('',(-0.0858137355405147,0.041200000000002,0.0733228896673172));
#4839=CARTESIAN_POINT('',(-0.0858019864431229,0.0412000000000051,0.0733783055158844));
#4840=CARTESIAN_POINT('',(-0.085788460108697,0.0412000000000086,0.0734421038890885));
#4841=CARTESIAN_POINT('',(-0.0857736714367142,0.0412000000000132,0.0735054948436984));
#4842=CARTESIAN_POINT('',(-0.0857578083919699,0.0412000000000066,0.0735685641447517));
#4843=CARTESIAN_POINT('',(-0.085757650727112,0.0412000000000065,0.0735691909987102));
#4844=CARTESIAN_POINT('',(-0.0857574929560831,0.0412000000000064,0.0735698178208728));
#4845=CARTESIAN_POINT('',(-0.0857573350790083,0.0412000000000064,0.0735704446113137));
#4846=CARTESIAN_POINT('',(-0.0857416114368992,0.0412,0.0736328693083782));
#4847=CARTESIAN_POINT('',(-0.0857248447940427,0.0412,0.0736949895198406));
#4848=CARTESIAN_POINT('',(-0.0857071770692793,0.0412000000000006,0.0737568413974588));
#4849=CARTESIAN_POINT('',(-0.0856913157983787,0.0412000000000009,0.0738123691691299));
#4850=CARTESIAN_POINT('',(-0.0856747283243499,0.0412000000000007,0.0738676806841741));
#4851=CARTESIAN_POINT('',(-0.0856574924556517,0.0412000000000124,0.0739227925726344));
#4852=CARTESIAN_POINT('',(-0.0856553413213598,0.0412000000000138,0.0739296708492815));
#4853=CARTESIAN_POINT('',(-0.0856531800094475,0.0412000000000154,0.0739365460189263));
#4854=CARTESIAN_POINT('',(-0.0856510086686952,0.041200000000017,0.0739434181214377));
#4855=CARTESIAN_POINT('',(-0.0856314401733778,0.0412000000000314,0.0740053506880655));
#4856=CARTESIAN_POINT('',(-0.0856110571194893,0.0412000000000501,0.0740670341321265));
#4857=CARTESIAN_POINT('',(-0.0855899432810544,0.0412000000000624,0.074128491892807));
#4858=CARTESIAN_POINT('',(-0.0855688281226251,0.0412000000000747,0.0741899534957022));
#4859=CARTESIAN_POINT('',(-0.0855469820928323,0.0412000000000807,0.0742511893892337));
#4860=CARTESIAN_POINT('',(-0.0855244776850741,0.0412000000000788,0.0743122145271733));
#4861=CARTESIAN_POINT('',(-0.0854873978593568,0.0412000000000757,0.0744127637841675));
#4862=CARTESIAN_POINT('',(-0.0854485306009684,0.0412000000000494,0.0745127408566823));
#4863=CARTESIAN_POINT('',(-0.0854080968506088,0.0412000000000263,0.0746122249589128));
#4864=CARTESIAN_POINT('',(-0.0853994368144148,0.0412000000000214,0.0746335323053345));
#4865=CARTESIAN_POINT('',(-0.0853907050745776,0.0412000000000176,0.0746548176068169));
#4866=CARTESIAN_POINT('',(-0.0853819035597833,0.0412000000000146,0.074676082171716));
#4867=CARTESIAN_POINT('',(-0.0853320016899242,0.0411999999999976,0.0747966456854977));
#4868=CARTESIAN_POINT('',(-0.0852798575734472,0.0412000000000005,0.0749165430546835));
#4869=CARTESIAN_POINT('',(-0.0852260132816282,0.041200000000001,0.0750353376709133));
#4870=CARTESIAN_POINT('',(-0.0851882067164353,0.0412000000000013,0.0751187488599423));
#4871=CARTESIAN_POINT('',(-0.0851495617744394,0.0412000000000022,0.0752016161833599));
#4872=CARTESIAN_POINT('',(-0.0851101309356298,0.0412000000000089,0.075284044191246));
#4873=CARTESIAN_POINT('',(-0.08509345239229,0.0412000000000117,0.0753189097721833));
#4874=CARTESIAN_POINT('',(-0.0850766417631571,0.0412000000000143,0.075353677058985));
#4875=CARTESIAN_POINT('',(-0.085059703458108,0.0412000000000163,0.0753883543055968));
#4876=CARTESIAN_POINT('',(-0.0850026883139777,0.0412000000000229,0.0755050795746168));
#4877=CARTESIAN_POINT('',(-0.0849442271910786,0.0412000000000194,0.0756207850051256));
#4878=CARTESIAN_POINT('',(-0.0848844712702646,0.0412000000000135,0.0757356343282647));
#4879=CARTESIAN_POINT('',(-0.0848496932626568,0.04120000000001,0.075802476752906));
#4880=CARTESIAN_POINT('',(-0.0848144765138446,0.0412000000000063,0.0758690291022336));
#4881=CARTESIAN_POINT('',(-0.0847788402792001,0.0412000000000039,0.0759353243304512));
#4882=CARTESIAN_POINT('',(-0.0847532307255516,0.0412000000000022,0.0759829666030036));
#4883=CARTESIAN_POINT('',(-0.084727405306063,0.0412000000000014,0.0760304753802079));
#4884=CARTESIAN_POINT('',(-0.08470137428857,0.0412000000000009,0.0760778564124972));
#4885=CARTESIAN_POINT('',(-0.0846391380950686,0.0412,0.076191137235832));
#4886=CARTESIAN_POINT('',(-0.0845757265849901,0.0412,0.0763036877965163));
#4887=CARTESIAN_POINT('',(-0.0845112625475277,0.0412000000000008,0.0764155654699264));
#4888=CARTESIAN_POINT('',(-0.0844815520445031,0.0412000000000012,0.0764671282029645));
#4889=CARTESIAN_POINT('',(-0.0844516179870775,0.041200000000002,0.0765185480158579));
#4890=CARTESIAN_POINT('',(-0.0844214695473347,0.0412000000000038,0.0765698289164255));
#4891=CARTESIAN_POINT('',(-0.0843207944421691,0.0412000000000101,0.0767410719426543));
#4892=CARTESIAN_POINT('',(-0.0842177239635074,0.0412000000000236,0.0769107620304841));
#4893=CARTESIAN_POINT('',(-0.0841125673570818,0.0412000000000323,0.0770791023235882));
#4894=CARTESIAN_POINT('',(-0.0839759075256493,0.0412000000000436,0.0772978746562155));
#4895=CARTESIAN_POINT('',(-0.0838357244053607,0.041200000000041,0.0775143673081174));
#4896=CARTESIAN_POINT('',(-0.0836925046755839,0.0412000000000234,0.0777288966478406));
#4897=CARTESIAN_POINT('',(-0.0836768127475116,0.0412000000000215,0.0777524016423939));
#4898=CARTESIAN_POINT('',(-0.0836610843655637,0.0412000000000194,0.0777758830675291));
#4899=CARTESIAN_POINT('',(-0.0836453200109555,0.0412000000000174,0.0777993412556699));
#4900=CARTESIAN_POINT('',(-0.0835171961312881,0.0412000000000009,0.0779899963220691));
#4901=CARTESIAN_POINT('',(-0.0833867104701445,0.0412000000000018,0.0781791146660296));
#4902=CARTESIAN_POINT('',(-0.0832541052517839,0.0412000000000011,0.0783668959733686));
#4903=CARTESIAN_POINT('',(-0.0831068961941381,0.0412,0.0785753576737348));
#4904=CARTESIAN_POINT('',(-0.0829570750069404,0.0412000000000006,0.0787821716236158));
#4905=CARTESIAN_POINT('',(-0.0828049196895918,0.0412,0.0789875266969725));
#4906=CARTESIAN_POINT('',(-0.0828031749066776,0.0412,0.078989881527744));
#4907=CARTESIAN_POINT('',(-0.082801429826403,0.0412,0.0789922361547831));
#4908=CARTESIAN_POINT('',(-0.0827996844492144,0.0412,0.0789945905783545));
#4909=CARTESIAN_POINT('',(-0.0826457309043771,0.0412,0.079202265949182));
#4910=CARTESIAN_POINT('',(-0.082489467393071,0.0412,0.079408358409957));
#4911=CARTESIAN_POINT('',(-0.0823310393826794,0.0412000000000012,0.0796131365523391));
#4912=CARTESIAN_POINT('',(-0.0821935403231798,0.0412000000000018,0.0797908627127196));
#4913=CARTESIAN_POINT('',(-0.0820544108522271,0.0412000000000022,0.0799675988049091));
#4914=CARTESIAN_POINT('',(-0.0819139703408411,0.0412000000000012,0.0801431997592493));
#4915=CARTESIAN_POINT('',(-0.0818925528906033,0.041200000000001,0.0801699792451981));
#4916=CARTESIAN_POINT('',(-0.0818711028518909,0.0412000000000009,0.0801967350880948));
#4917=CARTESIAN_POINT('',(-0.0818496214808645,0.0412000000000007,0.080223466591093));
#4918=CARTESIAN_POINT('',(-0.0815661030585282,0.0411999999999992,0.0805762780362947));
#4919=CARTESIAN_POINT('',(-0.081277123074455,0.0412,0.0809248467187853));
#4920=CARTESIAN_POINT('',(-0.0809840444945133,0.0412,0.0812691859693976));
#4921=CARTESIAN_POINT('',(-0.0809418474518347,0.0412,0.081318763451508));
#4922=CARTESIAN_POINT('',(-0.080899564472852,0.0412000000000005,0.0813682542883638));
#4923=CARTESIAN_POINT('',(-0.0808571988158526,0.0412000000000005,0.0814176596541035));
#4924=CARTESIAN_POINT('',(-0.0805830203381586,0.0412000000000008,0.0817373971237387));
#4925=CARTESIAN_POINT('',(-0.0803053792591597,0.0411999999999935,0.0820535547776359));
#4926=CARTESIAN_POINT('',(-0.0800245886460375,0.0412000000000088,0.0823667405567562));
#4927=CARTESIAN_POINT('',(-0.0799610735302469,0.0412000000000123,0.082437583491296));
#4928=CARTESIAN_POINT('',(-0.0798973977459441,0.0412000000000161,0.0825082722882858));
#4929=CARTESIAN_POINT('',(-0.0798335654889532,0.0412000000000197,0.0825788131910678));
#4930=CARTESIAN_POINT('',(-0.0794879583209753,0.0412000000000388,0.0829607429987598));
#4931=CARTESIAN_POINT('',(-0.0791377636884462,0.0412000000000377,0.0833383367541783));
#4932=CARTESIAN_POINT('',(-0.0787836507308591,0.0412000000000264,0.0837121487602011));
#4933=CARTESIAN_POINT('',(-0.078535537190331,0.0412000000000186,0.0839740646780432));
#4934=CARTESIAN_POINT('',(-0.0782855002011965,0.0412000000000098,0.0842341242044987));
#4935=CARTESIAN_POINT('',(-0.0780337068818939,0.0412000000000056,0.0844924922158808));
#4936=CARTESIAN_POINT('',(-0.0779265040968879,0.0412000000000038,0.0846024942225002));
#4937=CARTESIAN_POINT('',(-0.0778189843395346,0.0412000000000028,0.0847121883265446));
#4938=CARTESIAN_POINT('',(-0.0777111599077941,0.041200000000002,0.0848215876968952));
#4939=CARTESIAN_POINT('',(-0.0773503869646512,0.0412,0.085187630273538));
#4940=CARTESIAN_POINT('',(-0.0769862029261965,0.0412,0.0855503730519758));
#4941=CARTESIAN_POINT('',(-0.0766189893671959,0.0412,0.0859101937999343));
#4942=CARTESIAN_POINT('',(-0.0764023264173476,0.0412,0.0861224948513483));
#4943=CARTESIAN_POINT('',(-0.076184608876241,0.0412,0.0863337787290424));
#4944=CARTESIAN_POINT('',(-0.0759659003582119,0.0412,0.0865441091141949));
#4945=CARTESIAN_POINT('',(-0.0758142114581139,0.0412,0.0866899872220457));
#4946=CARTESIAN_POINT('',(-0.0756620460369884,0.0412,0.0868354066416432));
#4947=CARTESIAN_POINT('',(-0.0755094258001923,0.0412,0.0869803884625011));
#4948=CARTESIAN_POINT('',(-0.0751370138591676,0.0412,0.0873341617395736));
#4949=CARTESIAN_POINT('',(-0.0747618937377144,0.0412,0.0876853293428952));
#4950=CARTESIAN_POINT('',(-0.0743843311271996,0.0412,0.0880341428271791));
#4951=CARTESIAN_POINT('',(-0.0742024081521623,0.0412,0.0882022134597758));
#4952=CARTESIAN_POINT('',(-0.074019918143439,0.0412,0.0883697375765837));
#4953=CARTESIAN_POINT('',(-0.0738368862141053,0.0412,0.0885367385087768));
#4954=CARTESIAN_POINT('',(-0.0271433761674742,0.0412,0.039980970622711));
#4955=CARTESIAN_POINT('',(-0.0386931405299155,0.0412000000000613,0.0559069413695375));
#4956=CARTESIAN_POINT('',(-0.027778198028558,0.0412373692025761,0.0398438471588336));
#4957=CARTESIAN_POINT('',(-0.0275679115974137,0.0412125278482177,0.0398922947909754));
#4958=CARTESIAN_POINT('',(-0.0273563035304197,0.0412000000329377,0.0399379795393426));
#4959=CARTESIAN_POINT('',(-0.0271433761674742,0.0412,0.039980970622711));
#4960=CARTESIAN_POINT('',(-0.027778198028558,0.0412373692025761,0.0398438471588336));
#4961=CARTESIAN_POINT('',(-0.027778198028558,0.0412373692025761,0.0398438471588335));
#4962=CARTESIAN_POINT('',(-0.0284203218579345,0.0413132239569731,0.0396959090398774));
#4963=CARTESIAN_POINT('',(-0.0296948004506614,0.0417003625125139,0.0393925979857824));
#4964=CARTESIAN_POINT('',(-0.0318496695295443,0.0433542251624587,0.0390731561515842));
#4965=CARTESIAN_POINT('',(-0.0326265158935709,0.0453532864537047,0.0393428823543719));
#4966=CARTESIAN_POINT('',(-0.0326265158936127,0.0466999999998298,0.0393428823543844));
#4967=CARTESIAN_POINT('',(-0.0326265158936127,0.0466999999998298,0.0393428823543843));
#4968=CARTESIAN_POINT('',(-0.0326265158936127,0.0466999999998299,0.0393428823543835));
#4969=CARTESIAN_POINT('',(-0.0326367073588667,0.0466999999998299,0.0401846424244432));
#4970=CARTESIAN_POINT('',(-0.0327356450346481,0.0466999999998299,0.041011509252445));
#4971=CARTESIAN_POINT('',(-0.0329377854909923,0.0466999999998299,0.0418403330796113));
#4972=CARTESIAN_POINT('',(-0.0386931405299186,0.0412000000001142,0.055906941369537));
#4973=CARTESIAN_POINT('',(-0.0384336162686114,0.0412000018774519,0.055184077852561));
#4974=CARTESIAN_POINT('',(-0.038311289438828,0.0413553664049952,0.0536244368011712));
#4975=CARTESIAN_POINT('',(-0.0389680455609618,0.0425137407700828,0.051671311453834));
#4976=CARTESIAN_POINT('',(-0.0397421957000685,0.0444196547048757,0.0505471757449104));
#4977=CARTESIAN_POINT('',(-0.0399647463591135,0.0459331773904363,0.050306796379317));
#4978=CARTESIAN_POINT('',(-0.0399647463591292,0.04669999999983,0.0503067963792988));
#4979=CARTESIAN_POINT('',(-0.0913764546689858,0.0467,0.072554924178189));
#4980=CARTESIAN_POINT('',(-0.0913777279935871,0.0460491325134084,0.0725548895702842));
#4981=CARTESIAN_POINT('',(-0.0911965415798159,0.0449914936020711,0.0725598143481818));
#4982=CARTESIAN_POINT('',(-0.0905040823027782,0.0436549822002842,0.072578636006649));
#4983=CARTESIAN_POINT('',(-0.0897750291097532,0.0427630123200387,0.0725984524383719));
#4984=CARTESIAN_POINT('',(-0.0888763897602618,0.0420427488287412,0.072622878678842));
#4985=CARTESIAN_POINT('',(-0.087927383856384,0.0415629172051281,0.0726486745742519));
#4986=CARTESIAN_POINT('',(-0.0870919584191594,0.0413181632459379,0.0726713843416329));
#4987=CARTESIAN_POINT('',(-0.0865077334407727,0.0412299871960519,0.0726872674652176));
#4988=CARTESIAN_POINT('',(-0.0861684882023735,0.0412061017624818,0.0726964920210316));
#4989=CARTESIAN_POINT('',(-0.0859692463288135,0.0412001645948076,0.0727019109410327));
#4990=CARTESIAN_POINT('',(-0.0858916834627014,0.0411999109845712,0.0727040202330948));
#4991=CARTESIAN_POINT('',(-0.0858106272509544,0.0412,0.0727062262017573));
#4992=CARTESIAN_POINT('',(-0.0913839645899878,0.0467,0.0728769761759124));
#4993=CARTESIAN_POINT('',(-0.0913852392362311,0.0460491322062791,0.0728770000543367));
#4994=CARTESIAN_POINT('',(-0.0912038651902461,0.04499149279556,0.0728736068377195));
#4995=CARTESIAN_POINT('',(-0.0905106890153749,0.0436549811593491,0.0728606404667844));
#4996=CARTESIAN_POINT('',(-0.0897808811522219,0.0427630113712725,0.072846990737049));
#4997=CARTESIAN_POINT('',(-0.0888813116461778,0.0420427481764613,0.0728301701903128));
#4998=CARTESIAN_POINT('',(-0.0879313232609186,0.0415629168833271,0.0728124158605865));
#4999=CARTESIAN_POINT('',(-0.0870950322641072,0.0413181631350849,0.0727968025432631));
#5000=CARTESIAN_POINT('',(-0.0865102009785438,0.0412299871674635,0.0727859046117295));
#5001=CARTESIAN_POINT('',(-0.0861706029146941,0.0412061017566373,0.0727795915739509));
#5002=CARTESIAN_POINT('',(-0.0859711533460387,0.0412001645946492,0.0727758926461377));
#5003=CARTESIAN_POINT('',(-0.085893509700311,0.0411999109846566,0.0727744524848129));
#5004=CARTESIAN_POINT('',(-0.0858123685095991,0.0412,0.0727729551219859));
#5005=CARTESIAN_POINT('',(-0.0913615894155781,0.0466999999999999,0.0733653416772034));
#5006=CARTESIAN_POINT('',(-0.0913628600950933,0.0460491331747235,0.0733654461381506));
#5007=CARTESIAN_POINT('',(-0.0911820491851229,0.0449914953387582,0.073350572371869));
#5008=CARTESIAN_POINT('',(-0.0904910246087115,0.0436549844440264,0.0732937238238191));
#5009=CARTESIAN_POINT('',(-0.0897634817103011,0.0427630143675634,0.0732338671007761));
#5010=CARTESIAN_POINT('',(-0.0888667038807332,0.0420427502392186,0.0731600780429202));
#5011=CARTESIAN_POINT('',(-0.0879196643162268,0.0415629179030901,0.0730821345607972));
#5012=CARTESIAN_POINT('',(-0.0870859714211543,0.041318163487237,0.0730134863355171));
#5013=CARTESIAN_POINT('',(-0.0865029602892722,0.0412299872584413,0.0729654377291808));
#5014=CARTESIAN_POINT('',(-0.0861644215464424,0.0412061017752519,0.0729375069898201));
#5015=CARTESIAN_POINT('',(-0.0859655955826551,0.041200164595155,0.0729210862113541));
#5016=CARTESIAN_POINT('',(-0.0858881945092286,0.0411999109843842,0.0729146935570733));
#5017=CARTESIAN_POINT('',(-0.0858073084310385,0.0412,0.072907999829096));
#5018=CARTESIAN_POINT('',(-0.0912823015337667,0.0467,0.0740237271543622));
#5019=CARTESIAN_POINT('',(-0.0912835603979542,0.0460491322236573,0.07402392895289));
#5020=CARTESIAN_POINT('',(-0.0911044320677339,0.0449914928410859,0.0739952195424675));
#5021=CARTESIAN_POINT('',(-0.0904198385912469,0.0436549812155376,0.0738854999029329));
#5022=CARTESIAN_POINT('',(-0.089699067002595,0.0427630114196959,0.0737699841797164));
#5023=CARTESIAN_POINT('',(-0.0888106357441937,0.0420427482065679,0.0736276032482056));
#5024=CARTESIAN_POINT('',(-0.0878724099360658,0.0415629168957771,0.0734772530439231));
#5025=CARTESIAN_POINT('',(-0.0870464737797026,0.0413181631383794,0.0733449171243006));
#5026=CARTESIAN_POINT('',(-0.0864688837316542,0.0412299871681281,0.0732523986905955));
#5027=CARTESIAN_POINT('',(-0.0861334903805149,0.0412061017567549,0.0731986946593221));
#5028=CARTESIAN_POINT('',(-0.0859365101670184,0.0412001645946508,0.0731671650344615));
#5029=CARTESIAN_POINT('',(-0.0858598278787707,0.0411999109846552,0.073154890405058));
#5030=CARTESIAN_POINT('',(-0.085779691104817,0.0412,0.0731420731995791));
#5031=CARTESIAN_POINT('',(-0.091158951401682,0.0467,0.0746588058854283));
#5032=CARTESIAN_POINT('',(-0.0911601941886151,0.0460491323164086,0.0746590889028945));
#5033=CARTESIAN_POINT('',(-0.0909833533774681,0.04499149308485,0.0746188162128869));
#5034=CARTESIAN_POINT('',(-0.0903075022744243,0.0436549815348735,0.0744649014138961));
#5035=CARTESIAN_POINT('',(-0.0895959350135728,0.0427630117158582,0.074302852338495));
#5036=CARTESIAN_POINT('',(-0.0887188490945277,0.0420427484159667,0.0741031076314939));
#5037=CARTESIAN_POINT('',(-0.0877926046385104,0.0415629170033973,0.0738921649826519));
#5038=CARTESIAN_POINT('',(-0.0869772164051037,0.0413181631771976,0.0737064631285982));
#5039=CARTESIAN_POINT('',(-0.0864070037241192,0.041229987178452,0.0735765911294502));
#5040=CARTESIAN_POINT('',(-0.0860758951794426,0.0412061017588951,0.0735011712581057));
#5041=CARTESIAN_POINT('',(-0.0858814320964765,0.0412001645947112,0.0734568727762721));
#5042=CARTESIAN_POINT('',(-0.0858057296686772,0.0411999109846234,0.0734396276189313));
#5043=CARTESIAN_POINT('',(-0.0857266174938249,0.0412,0.0734216031440279));
#5044=CARTESIAN_POINT('',(-0.0909760855870703,0.0467,0.0753637009903577));
#5045=CARTESIAN_POINT('',(-0.090977307776744,0.0460491325046559,0.0753640629058687));
#5046=CARTESIAN_POINT('',(-0.0908033977594313,0.0449914935790615,0.0753125644147261));
#5047=CARTESIAN_POINT('',(-0.0901387475408716,0.0436549821699764,0.0751157471413179));
#5048=CARTESIAN_POINT('',(-0.0894389730908754,0.0427630122917512,0.0749085287811915));
#5049=CARTESIAN_POINT('',(-0.0885764232118702,0.0420427488085351,0.0746531090888397));
#5050=CARTESIAN_POINT('',(-0.087665529766421,0.0415629171945849,0.0743833740795419));
#5051=CARTESIAN_POINT('',(-0.0868636556690714,0.0413181632420658,0.0741459231373725));
#5052=CARTESIAN_POINT('',(-0.0863028938238994,0.0412299871950074,0.0739798726506876));
#5053=CARTESIAN_POINT('',(-0.085977273087989,0.0412061017622636,0.0738834533307649));
#5054=CARTESIAN_POINT('',(-0.0857860329950175,0.0412001645948013,0.0738268266980723));
#5055=CARTESIAN_POINT('',(-0.0857115851264544,0.0411999109845744,0.0738047826107763));
#5056=CARTESIAN_POINT('',(-0.0856337842157086,0.0412,0.0737817466000381));
#5057=CARTESIAN_POINT('',(-0.0907238755578611,0.0467,0.0761329974938118));
#5058=CARTESIAN_POINT('',(-0.090725073383413,0.0460491325143385,0.0761334329526044));
#5059=CARTESIAN_POINT('',(-0.090554630516033,0.0449914936045313,0.0760714680394716));
#5060=CARTESIAN_POINT('',(-0.0899032311882274,0.0436549822038409,0.075834649456362));
#5061=CARTESIAN_POINT('',(-0.0892174079961426,0.0427630123236852,0.0755853152029354));
#5062=CARTESIAN_POINT('',(-0.0883720548002541,0.0420427488316948,0.0752779815378491));
#5063=CARTESIAN_POINT('',(-0.0874793221931033,0.0415629172069023,0.0749534200449843));
#5064=CARTESIAN_POINT('',(-0.0866934357688863,0.041318163246667,0.0746676995458819));
#5065=CARTESIAN_POINT('',(-0.0861438546782453,0.041229987196258,0.074467887197896));
#5066=CARTESIAN_POINT('',(-0.0858247265425688,0.0412061017625253,0.0743518585221991));
#5067=CARTESIAN_POINT('',(-0.0856372997504444,0.0412001645948089,0.074283712367296));
#5068=CARTESIAN_POINT('',(-0.0855643363202652,0.0411999109845705,0.0742571839379072));
#5069=CARTESIAN_POINT('',(-0.0854880869109536,0.0412,0.0742294591248651));
#5070=CARTESIAN_POINT('',(-0.0903864908534709,0.0467,0.0769867031320636));
#5071=CARTESIAN_POINT('',(-0.0903876611154759,0.0460491323468488,0.0769872079429441));
#5072=CARTESIAN_POINT('',(-0.090221139228346,0.0449914931647127,0.0769153790929069));
#5073=CARTESIAN_POINT('',(-0.0895847246573571,0.0436549816362626,0.0766408643023807));
#5074=CARTESIAN_POINT('',(-0.0889146776564642,0.0427630118064465,0.0763518434324679));
#5075=CARTESIAN_POINT('',(-0.0880887694412612,0.0420427484761809,0.0759955949196708));
#5076=CARTESIAN_POINT('',(-0.0872165700609925,0.0415629170315684,0.0756193826811201));
#5077=CARTESIAN_POINT('',(-0.0864487573692911,0.0413181631862844,0.0752882007957415));
#5078=CARTESIAN_POINT('',(-0.0859118139550532,0.0412299871806856,0.0750566037529347));
#5079=CARTESIAN_POINT('',(-0.0856000234795061,0.0412061017593414,0.0749221227120414));
#5080=CARTESIAN_POINT('',(-0.0854169059283771,0.0412001645947225,0.0748431412844256));
#5081=CARTESIAN_POINT('',(-0.0853456198939809,0.041199910984617,0.0748123951797184));
#5082=CARTESIAN_POINT('',(-0.0852711236011777,0.0412,0.074780263402495));
#5083=CARTESIAN_POINT('',(-0.089984089861286,0.0467,0.0778558085678136));
#5084=CARTESIAN_POINT('',(-0.0899852325535377,0.0460491325121395,0.0778563725013272));
#5085=CARTESIAN_POINT('',(-0.0898226343225682,0.0449914935987385,0.0777761279550589));
#5086=CARTESIAN_POINT('',(-0.0892012154631214,0.0436549821959637,0.0774694488033315));
#5087=CARTESIAN_POINT('',(-0.0885469569092348,0.0427630123160777,0.0771465627050277));
#5088=CARTESIAN_POINT('',(-0.0877405102974412,0.0420427488259871,0.0767485693942467));
#5089=CARTESIAN_POINT('',(-0.0868888643373283,0.0415629172037381,0.0763282691466342));
#5090=CARTESIAN_POINT('',(-0.0861391465067586,0.0413181632454389,0.075958271376181));
#5091=CARTESIAN_POINT('',(-0.0856148581256662,0.0412299871959169,0.0756995260446932));
#5092=CARTESIAN_POINT('',(-0.0853104166211979,0.0412061017624532,0.0755492785577023));
#5093=CARTESIAN_POINT('',(-0.0851316152859313,0.0412001645948067,0.0754610366450315));
#5094=CARTESIAN_POINT('',(-0.0850620097409856,0.0411999109845716,0.0754266849136321));
#5095=CARTESIAN_POINT('',(-0.0849892691660995,0.0412,0.0753907859700567));
#5096=CARTESIAN_POINT('',(-0.0894967238715074,0.0467,0.0787888209879889));
#5097=CARTESIAN_POINT('',(-0.0894978381805167,0.0460491323287522,0.0787894390735024));
#5098=CARTESIAN_POINT('',(-0.0893392801067781,0.0449914931172007,0.07870148765022));
#5099=CARTESIAN_POINT('',(-0.0887333025354577,0.0436549815751582,0.0783653537354511));
#5100=CARTESIAN_POINT('',(-0.088095301773069,0.0427630117509887,0.0780114557986502));
#5101=CARTESIAN_POINT('',(-0.0873088955104979,0.0420427484383216,0.0775752360670912));
#5102=CARTESIAN_POINT('',(-0.0864784141958311,0.0415629170130899,0.0771145656981857));
#5103=CARTESIAN_POINT('',(-0.0857473289663209,0.0413181631799986,0.0767090283944825));
#5104=CARTESIAN_POINT('',(-0.0852360712310823,0.0412299871790786,0.0764254293106567));
#5105=CARTESIAN_POINT('',(-0.0849391964841922,0.0412061017590142,0.0762607499118733));
#5106=CARTESIAN_POINT('',(-0.0847648393320629,0.0412001645947137,0.0761640318785502));
#5107=CARTESIAN_POINT('',(-0.0846969636395384,0.0411999109846218,0.0761263809645954));
#5108=CARTESIAN_POINT('',(-0.0846260314434198,0.0412,0.0760870330728625));
#5109=CARTESIAN_POINT('',(-0.0888935964820464,0.0467,0.0798248023280511));
#5110=CARTESIAN_POINT('',(-0.0888946809496036,0.0460491333751664,0.079825471372399));
#5111=CARTESIAN_POINT('',(-0.088740363646621,0.0449914958648665,0.0797302736899502));
#5112=CARTESIAN_POINT('',(-0.0881505911365761,0.0436549851172735,0.0793664480054941));
#5113=CARTESIAN_POINT('',(-0.0875296499089495,0.042763014974948,0.0789833967233164));
#5114=CARTESIAN_POINT('',(-0.0867642683209322,0.0420427506497207,0.0785112456484238));
#5115=CARTESIAN_POINT('',(-0.0859559859483754,0.0415629181003611,0.0780126352364261));
#5116=CARTESIAN_POINT('',(-0.0852444389189925,0.0413181635530934,0.0775737041526872));
#5117=CARTESIAN_POINT('',(-0.0847468421633332,0.0412299872750574,0.0772667558694145));
#5118=CARTESIAN_POINT('',(-0.0844578992335604,0.0412061017786149,0.077088519244744));
#5119=CARTESIAN_POINT('',(-0.084288199961488,0.0412001645952436,0.0769838399544663));
#5120=CARTESIAN_POINT('',(-0.084222138168435,0.0411999109843357,0.0769430882782592));
#5121=CARTESIAN_POINT('',(-0.0841530997499446,0.0412,0.0769005041439102));
#5122=CARTESIAN_POINT('',(-0.0881167176858293,0.0467,0.0810263502094331));
#5123=CARTESIAN_POINT('',(-0.0881177703752283,0.0460491322054862,0.0810270682025167));
#5124=CARTESIAN_POINT('',(-0.0879679795218105,0.0449914927935306,0.0809249023473289));
#5125=CARTESIAN_POINT('',(-0.0873955081975721,0.0436549811579155,0.0805344444011423));
#5126=CARTESIAN_POINT('',(-0.0867927840364344,0.0427630113712368,0.0801233522549571));
#5127=CARTESIAN_POINT('',(-0.086049859519369,0.0420427481778563,0.0796166353849359));
#5128=CARTESIAN_POINT('',(-0.085265296105252,0.0415629168850409,0.0790815182049771));
#5129=CARTESIAN_POINT('',(-0.0845746322303146,0.0413181631360646,0.0786104456155199));
#5130=CARTESIAN_POINT('',(-0.0840916411297066,0.0412299871677775,0.0782810176300429));
#5131=CARTESIAN_POINT('',(-0.0838111799417042,0.0412061017567065,0.0780897267394135));
#5132=CARTESIAN_POINT('',(-0.0836464624501693,0.0412001645946514,0.0779773797518978));
#5133=CARTESIAN_POINT('',(-0.083582339630206,0.0411999109846555,0.0779336442914546));
#5134=CARTESIAN_POINT('',(-0.0835153286437743,0.0412,0.0778879387594504));
#5135=CARTESIAN_POINT('',(-0.0871022747372599,0.0467,0.0824498279901586));
#5136=CARTESIAN_POINT('',(-0.0871032932240278,0.0460491325897454,0.08245059374353));
#5137=CARTESIAN_POINT('',(-0.0869583686223436,0.0449914938025131,0.0823416315593701));
#5138=CARTESIAN_POINT('',(-0.0864044949136537,0.04365498245861,0.0819251992150392));
#5139=CARTESIAN_POINT('',(-0.085821351001363,0.0427630125550821,0.0814867599310658));
#5140=CARTESIAN_POINT('',(-0.0851025610787222,0.0420427489898684,0.0809463345994865));
#5141=CARTESIAN_POINT('',(-0.0843434846902565,0.0415629172842695,0.080375619732309));
#5142=CARTESIAN_POINT('',(-0.0836752572752662,0.0413181632730555,0.0798732101064634));
#5143=CARTESIAN_POINT('',(-0.0832079562175906,0.041229987203018,0.0795218678718353));
#5144=CARTESIAN_POINT('',(-0.082936605823974,0.0412061017639031,0.079317851954513));
#5145=CARTESIAN_POINT('',(-0.0827772391733222,0.0412001645948459,0.0791980315471007));
#5146=CARTESIAN_POINT('',(-0.0827151993879848,0.0411999109845505,0.0791513865455036));
#5147=CARTESIAN_POINT('',(-0.0826503652320253,0.0412,0.0791026409897971));
#5148=CARTESIAN_POINT('',(-0.0857775940152538,0.0466999999999999,0.0841391013831796));
#5149=CARTESIAN_POINT('',(-0.0857785765509555,0.0460491323092641,0.0841399127266269));
#5150=CARTESIAN_POINT('',(-0.0856387673986624,0.0449914930660299,0.0840244643774251));
#5151=CARTESIAN_POINT('',(-0.0851044438783694,0.0436549815092102,0.0835832436126444));
#5152=CARTESIAN_POINT('',(-0.0845418832329181,0.0427630116909833,0.0831187062766369));
#5153=CARTESIAN_POINT('',(-0.0838484643078529,0.0420427483971841,0.082546112707424));
#5154=CARTESIAN_POINT('',(-0.0831161806028477,0.0415629169928801,0.0819414272643903));
#5155=CARTESIAN_POINT('',(-0.0824715389032468,0.0413181631730701,0.0814091132674902));
#5156=CARTESIAN_POINT('',(-0.0820207314567519,0.0412299871772974,0.0810368587263156));
#5157=CARTESIAN_POINT('',(-0.0817589584588153,0.0412061017586506,0.0808206995995915));
#5158=CARTESIAN_POINT('',(-0.0816052165742606,0.0412001645947039,0.0806937474677723));
#5159=CARTESIAN_POINT('',(-0.081545366710078,0.0411999109846271,0.080644325987326));
#5160=CARTESIAN_POINT('',(-0.081482820433657,0.0412,0.0805926793574959));
#5161=CARTESIAN_POINT('',(-0.0840801972692565,0.0467,0.0861121537664386));
#5162=CARTESIAN_POINT('',(-0.0840811434891314,0.046049132613402,0.0861130071003929));
#5163=CARTESIAN_POINT('',(-0.0839465027539337,0.0449914938646307,0.0859915817583051));
#5164=CARTESIAN_POINT('',(-0.0834319322914128,0.0436549825386883,0.0855275172343018));
#5165=CARTESIAN_POINT('',(-0.08289016891364,0.0427630126279671,0.0850389282440513));
#5166=CARTESIAN_POINT('',(-0.0822223855461259,0.0420427490398609,0.0844366872388285));
#5167=CARTESIAN_POINT('',(-0.0815171750978723,0.0415629173088478,0.0838006913102243));
#5168=CARTESIAN_POINT('',(-0.0808963673088885,0.0413181632814888,0.0832408129794077));
#5169=CARTESIAN_POINT('',(-0.0804622278336849,0.0412299872051874,0.0828492816015605));
#5170=CARTESIAN_POINT('',(-0.0802101336274468,0.0412061017643461,0.0826219287447438));
#5171=CARTESIAN_POINT('',(-0.0800620765496098,0.0412001645948578,0.0824884020533469));
#5172=CARTESIAN_POINT('',(-0.0800044389834948,0.041199910984544,0.0824364219133208));
#5173=CARTESIAN_POINT('',(-0.0799442065886409,0.0412,0.0823820994066471));
#5174=CARTESIAN_POINT('',(-0.0821158982585397,0.0467,0.0882092327410013));
#5175=CARTESIAN_POINT('',(-0.0821168114832743,0.0460491324929855,0.0882101211297076));
#5176=CARTESIAN_POINT('',(-0.0819868650125062,0.0449914935484423,0.0880837089459992));
#5177=CARTESIAN_POINT('',(-0.0814902348035717,0.0436549821310808,0.0876005862099357));
#5178=CARTESIAN_POINT('',(-0.0809673594858248,0.0427630122569741,0.0870919322808353));
#5179=CARTESIAN_POINT('',(-0.0803228572908187,0.0420427487853905,0.0864649596934164));
#5180=CARTESIAN_POINT('',(-0.0796422322133053,0.0415629171837359,0.0858028469323886));
#5181=CARTESIAN_POINT('',(-0.0790430667036145,0.041318163238558,0.0852199783193885));
#5182=CARTESIAN_POINT('',(-0.0786240615864977,0.0412299871941436,0.0848123699809473));
#5183=CARTESIAN_POINT('',(-0.0783807554618015,0.0412061017620908,0.0845756817138891));
#5184=CARTESIAN_POINT('',(-0.0782378594618829,0.0412001645947969,0.0844366725142709));
#5185=CARTESIAN_POINT('',(-0.0781822315510668,0.0411999109845768,0.0843825575546113));
#5186=CARTESIAN_POINT('',(-0.0781240980137426,0.0412,0.0843260054824923));
#5187=CARTESIAN_POINT('',(-0.0792873105609973,0.0467,0.0910228689449093));
#5188=CARTESIAN_POINT('',(-0.0792881857901624,0.0460491324858216,0.0910237950071147));
#5189=CARTESIAN_POINT('',(-0.0791636460176368,0.0449914935296314,0.0908920219395056));
#5190=CARTESIAN_POINT('',(-0.078687679225946,0.0436549821068363,0.090388410873942));
#5191=CARTESIAN_POINT('',(-0.0781865593666025,0.0427630122349116,0.0898581858211089));
#5192=CARTESIAN_POINT('',(-0.0775688732933511,0.0420427487702617,0.0892046243132698));
#5193=CARTESIAN_POINT('',(-0.0769165674423926,0.0415629171762996,0.0885144322424345));
#5194=CARTESIAN_POINT('',(-0.0763423319297947,0.0413181632360071,0.0879068448156408));
#5195=CARTESIAN_POINT('',(-0.0759407607889195,0.0412299871934874,0.0874819501704048));
#5196=CARTESIAN_POINT('',(-0.0757075781701024,0.0412061017619569,0.0872352241439105));
#5197=CARTESIAN_POINT('',(-0.0755706278270851,0.0412001645947932,0.0870903196340411));
#5198=CARTESIAN_POINT('',(-0.0755173144536073,0.0411999109845789,0.087033909764378));
#5199=CARTESIAN_POINT('',(-0.0754615998255188,0.0412,0.0869749592214374));
#5200=CARTESIAN_POINT('',(-0.0771138793784845,0.0466999999999999,0.0930076069174277));
#5201=CARTESIAN_POINT('',(-0.0771147330717283,0.0460491324875476,0.0930085524195471));
#5202=CARTESIAN_POINT('',(-0.0769932571812507,0.0449914935341637,0.0928740136813513));
#5203=CARTESIAN_POINT('',(-0.0765289997174649,0.0436549821126763,0.0923598329779552));
#5204=CARTESIAN_POINT('',(-0.076040207789757,0.0427630122402253,0.0918184798991579));
#5205=CARTESIAN_POINT('',(-0.0754377169570174,0.0420427487739043,0.0911512021483756));
#5206=CARTESIAN_POINT('',(-0.0748014576026895,0.0415629171780899,0.0904465254482679));
#5207=CARTESIAN_POINT('',(-0.0742413477236536,0.0413181632366209,0.0898261873041752));
#5208=CARTESIAN_POINT('',(-0.0738496546400065,0.0412299871936454,0.0893923760901978));
#5209=CARTESIAN_POINT('',(-0.0736222078991463,0.041206101761989,0.0891404724933005));
#5210=CARTESIAN_POINT('',(-0.0734886262673563,0.0412001645947942,0.0889925271767487));
#5211=CARTESIAN_POINT('',(-0.0734366242991528,0.0411999109845783,0.0889349335358078));
#5212=CARTESIAN_POINT('',(-0.0733822801266382,0.0412,0.0888747459601766));
#5213=CARTESIAN_POINT('',(-0.0756474428184763,0.0467,0.0942974573763281));
#5214=CARTESIAN_POINT('',(-0.0756482838126942,0.0460491324468561,0.0942984140812136));
#5215=CARTESIAN_POINT('',(-0.0755286161750939,0.0449914934273166,0.0941622802485075));
#5216=CARTESIAN_POINT('',(-0.0750712700394727,0.0436549819749417,0.0936420029748132));
#5217=CARTESIAN_POINT('',(-0.0745897551120414,0.0427630121148669,0.0930942307930324));
#5218=CARTESIAN_POINT('',(-0.0739962346881899,0.0420427486879223,0.0924190402089688));
#5219=CARTESIAN_POINT('',(-0.0733694493955453,0.0415629171358177,0.0917060064360362));
#5220=CARTESIAN_POINT('',(-0.0728176804711323,0.0413181632221161,0.0910783107492628));
#5221=CARTESIAN_POINT('',(-0.0724318207647115,0.0412299871899141,0.0906393539236179));
#5222=CARTESIAN_POINT('',(-0.0722077614807851,0.0412061017612271,0.0903844622581671));
#5223=CARTESIAN_POINT('',(-0.0720761693609347,0.0412001645947736,0.0902347619900359));
#5224=CARTESIAN_POINT('',(-0.0720249419481329,0.0411999109845895,0.0901764851295014));
#5225=CARTESIAN_POINT('',(-0.0719714070985297,0.0412,0.0901155836226349));
#5226=CARTESIAN_POINT('',(-0.0757518234890357,0.0467,0.0942056157320684));
#5227=CARTESIAN_POINT('',(-0.0757578666383976,0.0461637218568323,0.094200293440864));
#5228=CARTESIAN_POINT('',(-0.0756938357657336,0.0450220891585289,0.094044406667183));
#5229=CARTESIAN_POINT('',(-0.075403665390784,0.0433447666484533,0.0931735627266627));
#5230=CARTESIAN_POINT('',(-0.0749151885775999,0.0420221225488392,0.0917320764260799));
#5231=CARTESIAN_POINT('',(-0.0745197071888006,0.0415269544924959,0.0905600608605478));
#5232=CARTESIAN_POINT('',(-0.0743222989945793,0.0413789016091154,0.089975322915117));
#5233=CARTESIAN_POINT('',(-0.0743223141109773,0.0413788989661577,0.0899753184809883));
#5234=CARTESIAN_POINT('',(-0.0767667949842062,0.0428021275465841,0.0911151986336113));
#5235=CARTESIAN_POINT('',(-0.0760746330617828,0.0420993568448085,0.090792438228502));
#5236=CARTESIAN_POINT('',(-0.0752242270659216,0.0416186122518588,0.0903958874000911));
#5237=CARTESIAN_POINT('',(-0.0743223226007717,0.0413789056554732,0.0899753224410676));
#5238=CARTESIAN_POINT('',(-0.0767667949842065,0.0428021275465841,0.0911151986336115));
#5239=CARTESIAN_POINT('',(-0.0767667949842062,0.0428021275465841,0.0911151986336113));
#5240=CARTESIAN_POINT('',(-0.0775769152175745,0.0420741342974799,0.0893778901867082));
#5241=CARTESIAN_POINT('',(-0.0792561972234932,0.0413433443469512,0.0857766583035294));
#5242=CARTESIAN_POINT('',(-0.0809806719958271,0.0412000002968545,0.082078510220015));
#5243=CARTESIAN_POINT('',(-0.0818402663608793,0.041200000000001,0.0802351041553296));
#5244=CARTESIAN_POINT('',(-0.0818402663608792,0.0412,0.0802351041553296));
#5245=CARTESIAN_POINT('',(-0.0272169293046863,0.0412,0.0374076662501974));
#5246=CARTESIAN_POINT('',(-0.0272158866535572,0.0412,0.037417982255408));
#5247=CARTESIAN_POINT('',(-0.0272148528726115,0.0412,0.0374282976328616));
#5248=CARTESIAN_POINT('',(-0.0272138279641518,0.0412,0.0374386123820756));
#5249=CARTESIAN_POINT('',(-0.0272075738239191,0.0412,0.037501554479427));
#5250=CARTESIAN_POINT('',(-0.0272016500627585,0.0412,0.0375644731835807));
#5251=CARTESIAN_POINT('',(-0.027196057382838,0.0412,0.037627368394935));
#5252=CARTESIAN_POINT('',(-0.0271904572535646,0.0412,0.0376903473816214));
#5253=CARTESIAN_POINT('',(-0.0271851890880898,0.0412,0.0377533028128806));
#5254=CARTESIAN_POINT('',(-0.0271802535379115,0.0412,0.0378162345852781));
#5255=CARTESIAN_POINT('',(-0.0271604447193718,0.0412,0.0380688110995033));
#5256=CARTESIAN_POINT('',(-0.0271459941569417,0.0412,0.0383210065246587));
#5257=CARTESIAN_POINT('',(-0.0271369528147475,0.0412,0.0385728147154319));
#5258=CARTESIAN_POINT('',(-0.0271331875445641,0.0412,0.0386776803263453));
#5259=CARTESIAN_POINT('',(-0.0271303603354394,0.0412,0.0387824787772439));
#5260=CARTESIAN_POINT('',(-0.0271284756972629,0.0412,0.0388872097585132));
#5261=CARTESIAN_POINT('',(-0.0271258099666419,0.0412,0.0390353467257098));
#5262=CARTESIAN_POINT('',(-0.0271250305353553,0.0412,0.0391833484596225));
#5263=CARTESIAN_POINT('',(-0.0271261497829821,0.0412,0.0393312156642678));
#5264=CARTESIAN_POINT('',(-0.027128071025016,0.0412,0.0395850367867815));
#5265=CARTESIAN_POINT('',(-0.0271355871087474,0.0412,0.0398384615207366));
#5266=CARTESIAN_POINT('',(-0.0271487747377582,0.0412,0.0400914894029512));
#5267=CARTESIAN_POINT('',(-0.0271534052576873,0.0412,0.0401803340808121));
#5268=CARTESIAN_POINT('',(-0.0271587349718273,0.0412,0.0402691298301224));
#5269=CARTESIAN_POINT('',(-0.027164768190696,0.0412,0.0403578774468222));
#5270=CARTESIAN_POINT('',(-0.0271760154702011,0.0412,0.040523323002861));
#5271=CARTESIAN_POINT('',(-0.0271897068301784,0.0412000000000005,0.0406885951189041));
#5272=CARTESIAN_POINT('',(-0.0272058681260195,0.0412000000000006,0.0408536936244217));
#5273=CARTESIAN_POINT('',(-0.0272308464718023,0.0412000000000006,0.0411088642245754));
#5274=CARTESIAN_POINT('',(-0.0272617254862273,0.0412,0.0413636199672445));
#5275=CARTESIAN_POINT('',(-0.0272986067159348,0.0412,0.0416178951604251));
#5276=CARTESIAN_POINT('',(-0.0273083554664916,0.0412,0.0416851072748462));
#5277=CARTESIAN_POINT('',(-0.0273185235303065,0.0412,0.0417522858239463));
#5278=CARTESIAN_POINT('',(-0.027329114139397,0.0412,0.041819434139998));
#5279=CARTESIAN_POINT('',(-0.0273588396647208,0.0412,0.0420079047890584));
#5280=CARTESIAN_POINT('',(-0.0273918874287239,0.0412,0.0421960967431158));
#5281=CARTESIAN_POINT('',(-0.0274283433431285,0.0412,0.0423841691835356));
#5282=CARTESIAN_POINT('',(-0.02743884697544,0.0412,0.0424383563790667));
#5283=CARTESIAN_POINT('',(-0.0274496335798665,0.0412000000000006,0.0424925336375087));
#5284=CARTESIAN_POINT('',(-0.0274607040183014,0.0412000000000011,0.0425466960416398));
#5285=CARTESIAN_POINT('',(-0.0275020537663048,0.0412000000000029,0.0427490007448575));
#5286=CARTESIAN_POINT('',(-0.0275473680654901,0.0412000000000036,0.0429511401008614));
#5287=CARTESIAN_POINT('',(-0.0275966295175207,0.041200000000002,0.0431526017532248));
#5288=CARTESIAN_POINT('',(-0.0276063316053661,0.0412000000000016,0.0431922798091518));
#5289=CARTESIAN_POINT('',(-0.0276161867118176,0.0412000000000013,0.0432319316028288));
#5290=CARTESIAN_POINT('',(-0.0276261909074065,0.041200000000001,0.0432715447113983));
#5291=CARTESIAN_POINT('',(-0.0276707360765714,0.0412,0.0434479279704723));
#5292=CARTESIAN_POINT('',(-0.027718271593383,0.0412,0.0436236826162009));
#5293=CARTESIAN_POINT('',(-0.0277686154310115,0.0412000000000005,0.0437982023484041));
#5294=CARTESIAN_POINT('',(-0.02778011004095,0.0412000000000007,0.0438380490574103));
#5295=CARTESIAN_POINT('',(-0.0277917512636445,0.041200000000001,0.0438778313533665));
#5296=CARTESIAN_POINT('',(-0.0278035372925795,0.0412000000000016,0.0439175418959594));
#5297=CARTESIAN_POINT('',(-0.0278105873199767,0.0412000000000019,0.0439412954786786));
#5298=CARTESIAN_POINT('',(-0.0278176891620806,0.0412000000000023,0.0439650233857218));
#5299=CARTESIAN_POINT('',(-0.027824843171433,0.0412000000000029,0.0439887271247653));
#5300=CARTESIAN_POINT('',(-0.0278937779329104,0.0412000000000086,0.0442171321374809));
#5301=CARTESIAN_POINT('',(-0.0279674697053333,0.0412000000000015,0.044443069852785));
#5302=CARTESIAN_POINT('',(-0.028045913841003,0.0412000000000007,0.0446668987833493));
#5303=CARTESIAN_POINT('',(-0.0280488277296461,0.0412000000000007,0.0446752131407349));
#5304=CARTESIAN_POINT('',(-0.0280517481725632,0.0412000000000006,0.0446835245894808));
#5305=CARTESIAN_POINT('',(-0.0280546751641209,0.0412000000000006,0.044691833120416));
#5306=CARTESIAN_POINT('',(-0.0282056863159467,0.0411999999999995,0.0451204919674858));
#5307=CARTESIAN_POINT('',(-0.028374126044286,0.0412,0.0455414580936096));
#5308=CARTESIAN_POINT('',(-0.0285595598945111,0.0412,0.0459547555198678));
#5309=CARTESIAN_POINT('',(-0.0285748313734288,0.0412000000000005,0.045988792794746));
#5310=CARTESIAN_POINT('',(-0.0285902181401775,0.0412000000000006,0.0460227780455686));
#5311=CARTESIAN_POINT('',(-0.0286057199663321,0.0412000000000007,0.0460567112793811));
#5312=CARTESIAN_POINT('',(-0.0286151792100225,0.0412000000000007,0.0460774174029457));
#5313=CARTESIAN_POINT('',(-0.028624681301679,0.0412000000000008,0.0460981041948424));
#5314=CARTESIAN_POINT('',(-0.0286342261716943,0.0412000000000009,0.0461187716182987));
#5315=CARTESIAN_POINT('',(-0.0288196308598907,0.0412000000000023,0.0465202267659925));
#5316=CARTESIAN_POINT('',(-0.0290211802767766,0.041200000000003,0.0469143720334863));
#5317=CARTESIAN_POINT('',(-0.0292385253265568,0.0412000000000009,0.0473011882686433));
#5318=CARTESIAN_POINT('',(-0.0292509834587211,0.0412000000000008,0.0473233604220269));
#5319=CARTESIAN_POINT('',(-0.0292634934752945,0.0412000000000006,0.0473455085018524));
#5320=CARTESIAN_POINT('',(-0.0292760553059159,0.0412000000000005,0.0473676325067786));
#5321=CARTESIAN_POINT('',(-0.0293029819396528,0.0412,0.0474150559274091));
#5322=CARTESIAN_POINT('',(-0.0293301473384082,0.0412,0.0474623694869623));
#5323=CARTESIAN_POINT('',(-0.0293575524575717,0.0412,0.0475095757904217));
#5324=CARTESIAN_POINT('',(-0.0294538055470536,0.0412,0.0476753751990608));
#5325=CARTESIAN_POINT('',(-0.0295530146259131,0.0411999999999979,0.047839852028311));
#5326=CARTESIAN_POINT('',(-0.0296552916253277,0.0412000000000037,0.0480031607877235));
#5327=CARTESIAN_POINT('',(-0.0296928248542579,0.0412000000000058,0.0480630912226054));
#5328=CARTESIAN_POINT('',(-0.0297307568022058,0.0412000000000065,0.0481228456182253));
#5329=CARTESIAN_POINT('',(-0.0297690856189929,0.0412000000000057,0.0481824195942612));
#5330=CARTESIAN_POINT('',(-0.0298649392579913,0.0412000000000037,0.0483314036452002));
#5331=CARTESIAN_POINT('',(-0.0299632756705958,0.0412,0.0484792585340902));
#5332=CARTESIAN_POINT('',(-0.0300636197843974,0.0412,0.048625363007024));
#5333=CARTESIAN_POINT('',(-0.030112842814434,0.0412,0.0486970334278115));
#5334=CARTESIAN_POINT('',(-0.0301625872472128,0.0412,0.0487683400135666));
#5335=CARTESIAN_POINT('',(-0.0302128039999956,0.0412000000000006,0.0488392198580624));
#5336=CARTESIAN_POINT('',(-0.0304244342145533,0.041200000000004,0.0491379312614726));
#5337=CARTESIAN_POINT('',(-0.0306444553499419,0.041200000000061,0.0494290597672002));
#5338=CARTESIAN_POINT('',(-0.0308723628325802,0.0412000000000372,0.0497130527111692));
#5339=CARTESIAN_POINT('',(-0.0308990290403618,0.0412000000000344,0.0497462811719671));
#5340=CARTESIAN_POINT('',(-0.0309258031792856,0.0412000000000305,0.0497794119942593));
#5341=CARTESIAN_POINT('',(-0.0309526844150911,0.041200000000026,0.0498124459315545));
#5342=CARTESIAN_POINT('',(-0.0310271679353168,0.0412000000000136,0.0499039775841341));
#5343=CARTESIAN_POINT('',(-0.0311024606948413,0.0412000000000082,0.0499947420178282));
#5344=CARTESIAN_POINT('',(-0.0311785493651556,0.0412000000000051,0.0500847613346604));
#5345=CARTESIAN_POINT('',(-0.031420307605444,0.041199999999995,0.0503707817308566));
#5346=CARTESIAN_POINT('',(-0.031670100125637,0.0412,0.0506492803107924));
#5347=CARTESIAN_POINT('',(-0.031927466606092,0.0412,0.0509206726553228));
#5348=CARTESIAN_POINT('',(-0.0320302998360734,0.0412,0.0510291100529628));
#5349=CARTESIAN_POINT('',(-0.0321343440648279,0.0412,0.0511364149258387));
#5350=CARTESIAN_POINT('',(-0.0322395910081029,0.0412,0.05124263112198));
#5351=CARTESIAN_POINT('',(-0.0324675171539848,0.0412,0.0514726563128634));
#5352=CARTESIAN_POINT('',(-0.0327010815628019,0.0411999999999792,0.0516975780429784));
#5353=CARTESIAN_POINT('',(-0.0329402758889184,0.0412000000000563,0.0519177858161781));
#5354=CARTESIAN_POINT('',(-0.0329540619876701,0.0412000000000608,0.0519304776143345));
#5355=CARTESIAN_POINT('',(-0.0329678667983566,0.0412000000000657,0.0519431537433724));
#5356=CARTESIAN_POINT('',(-0.0329816903230515,0.041200000000071,0.0519558142742347));
#5357=CARTESIAN_POINT('',(-0.0331157119699963,0.0412000000001233,0.0520785604793308));
#5358=CARTESIAN_POINT('',(-0.0332514094282853,0.0412000000001229,0.0521997882183189));
#5359=CARTESIAN_POINT('',(-0.0333886920844198,0.0412000000000915,0.0523194824455593));
#5360=CARTESIAN_POINT('',(-0.0336246935900887,0.0412000000000374,0.0525252478251343));
#5361=CARTESIAN_POINT('',(-0.0338653809711077,0.0412,0.0527264786673607));
#5362=CARTESIAN_POINT('',(-0.034109233030829,0.0412,0.0529224546733925));
#5363=CARTESIAN_POINT('',(-0.0342760441600099,0.0412,0.0530565153776404));
#5364=CARTESIAN_POINT('',(-0.0344445196858943,0.0411999999999992,0.0531882733377953));
#5365=CARTESIAN_POINT('',(-0.0346143005662548,0.0412000000000185,0.0533176100829728));
#5366=CARTESIAN_POINT('',(-0.0348370877596552,0.0412000000000437,0.0534873263101502));
#5367=CARTESIAN_POINT('',(-0.0350621222307195,0.04120000000011,0.0536528736911321));
#5368=CARTESIAN_POINT('',(-0.0352894676193064,0.0412000000000976,0.0538147125736854));
#5369=CARTESIAN_POINT('',(-0.0354884849966682,0.0412000000000868,0.0539563857792038));
#5370=CARTESIAN_POINT('',(-0.0356891131908745,0.0412000000000437,0.054095096225899));
#5371=CARTESIAN_POINT('',(-0.0358913239920962,0.0412000000000225,0.0542310943937132));
#5372=CARTESIAN_POINT('',(-0.0360961411620942,0.0412000000000009,0.0543688454915196));
#5373=CARTESIAN_POINT('',(-0.0363025819811179,0.0412,0.0545038139269277));
#5374=CARTESIAN_POINT('',(-0.036510524887439,0.0412,0.054636127995871));
#5375=CARTESIAN_POINT('',(-0.0367424077362379,0.0412,0.0547836750499425));
#5376=CARTESIAN_POINT('',(-0.0369762131083558,0.0412,0.054927968433081));
#5377=CARTESIAN_POINT('',(-0.0372117752837443,0.0412,0.0550691939210898));
#5378=CARTESIAN_POINT('',(-0.0376585794574677,0.0412000000000005,0.0553370643352357));
#5379=CARTESIAN_POINT('',(-0.0381117044063748,0.0411999999999865,0.0555938969235297));
#5380=CARTESIAN_POINT('',(-0.0385703721337433,0.0412000000000437,0.0558410797668622));
#5381=CARTESIAN_POINT('',(-0.0387317737069141,0.0412000000000638,0.0559280614692889));
#5382=CARTESIAN_POINT('',(-0.0388938615763121,0.0412000000000948,0.0560138483394112));
#5383=CARTESIAN_POINT('',(-0.0390566055588207,0.0412000000001515,0.0560984861299929));
#5384=CARTESIAN_POINT('',(-0.0396076452006542,0.0412000000003436,0.0563850637170031));
#5385=CARTESIAN_POINT('',(-0.0401661121415971,0.0412000000001325,0.0566585132134927));
#5386=CARTESIAN_POINT('',(-0.0407312331968666,0.0412000000000472,0.0569207405053265));
#5387=CARTESIAN_POINT('',(-0.0409478597475361,0.0412000000000146,0.0570212594882801));
#5388=CARTESIAN_POINT('',(-0.0411654642280941,0.0412000000000035,0.057120128917112));
#5389=CARTESIAN_POINT('',(-0.0413840036456363,0.041200000000001,0.0572174543042857));
#5390=CARTESIAN_POINT('',(-0.0414944857454295,0.0412,0.0572666569298763));
#5391=CARTESIAN_POINT('',(-0.041605206800033,0.0412,0.0573154649185901));
#5392=CARTESIAN_POINT('',(-0.0417161517788606,0.0412,0.0573638854989134));
#5393=CARTESIAN_POINT('',(-0.042091515494265,0.0412,0.0575277084057654));
#5394=CARTESIAN_POINT('',(-0.0424695286656325,0.0412,0.0576871478081753));
#5395=CARTESIAN_POINT('',(-0.0428489851936422,0.0412,0.0578422523575373));
#5396=CARTESIAN_POINT('',(-0.0429259009738758,0.0412,0.0578736920259877));
#5397=CARTESIAN_POINT('',(-0.0430028759880903,0.0412,0.0579049537449053));
#5398=CARTESIAN_POINT('',(-0.0430799001026124,0.0412,0.0579360381528262));
#5399=CARTESIAN_POINT('',(-0.0434833720827626,0.0412,0.0580988662189903));
#5400=CARTESIAN_POINT('',(-0.0438881997232882,0.0411999999999856,0.0582568382407644));
#5401=CARTESIAN_POINT('',(-0.0442942140096365,0.0412000000000144,0.0584105191009743));
#5402=CARTESIAN_POINT('',(-0.0443480945077786,0.0412000000000182,0.0584309134604375));
#5403=CARTESIAN_POINT('',(-0.0444019959286551,0.0412000000000233,0.0584512321662974));
#5404=CARTESIAN_POINT('',(-0.0444559197119271,0.0412000000000305,0.0584714769029772));
#5405=CARTESIAN_POINT('',(-0.045084886394293,0.0412000000001137,0.0587076113893254));
#5406=CARTESIAN_POINT('',(-0.0457166828349294,0.0412000000000657,0.0589336909830197));
#5407=CARTESIAN_POINT('',(-0.046350830713447,0.0412000000000266,0.0591513992092183));
#5408=CARTESIAN_POINT('',(-0.0466447942958483,0.0412000000000085,0.0592523193451354));
#5409=CARTESIAN_POINT('',(-0.0469392629087314,0.0412000000000028,0.059351441385402));
#5410=CARTESIAN_POINT('',(-0.0472341876702572,0.0412000000000017,0.0594489364343871));
#5411=CARTESIAN_POINT('',(-0.0472395522688379,0.0412000000000017,0.059450709841946));
#5412=CARTESIAN_POINT('',(-0.0472449170182366,0.0412000000000017,0.0594524827107448));
#5413=CARTESIAN_POINT('',(-0.0472502819184463,0.0412000000000017,0.0594542550419727));
#5414=CARTESIAN_POINT('',(-0.0481761154998551,0.0411999999999988,0.0597601104547536));
#5415=CARTESIAN_POINT('',(-0.0491064378044987,0.0412000000001895,0.0600499599579694));
#5416=CARTESIAN_POINT('',(-0.0500400970612133,0.041200000000095,0.0603279249427479));
#5417=CARTESIAN_POINT('',(-0.0501059262020717,0.0412000000000884,0.0603475233090739));
#5418=CARTESIAN_POINT('',(-0.050171772065431,0.0412000000000823,0.0603670621659487));
#5419=CARTESIAN_POINT('',(-0.0502376341313527,0.0412000000000767,0.0603865428648472));
#5420=CARTESIAN_POINT('',(-0.051237631241456,0.0411999999999922,0.0606823222687978));
#5421=CARTESIAN_POINT('',(-0.0522413636248249,0.0412000000000031,0.0609646939714104));
#5422=CARTESIAN_POINT('',(-0.0532477664404659,0.0412000000000064,0.0612376714858992));
#5423=CARTESIAN_POINT('',(-0.0540661948993705,0.0412000000000092,0.0614596626836846));
#5424=CARTESIAN_POINT('',(-0.0548863893501691,0.0412000000000123,0.0616754414446689));
#5425=CARTESIAN_POINT('',(-0.0557077978211579,0.0412000000000913,0.0618868093088742));
#5426=CARTESIAN_POINT('',(-0.0558964384613183,0.0412000000001095,0.0619353510157366));
#5427=CARTESIAN_POINT('',(-0.0560851437206534,0.0412000000001187,0.0619836629475207));
#5428=CARTESIAN_POINT('',(-0.0562739074175931,0.0412000000001186,0.0620317663650026));
#5429=CARTESIAN_POINT('',(-0.0570347633107551,0.0412000000001181,0.0622256583541174));
#5430=CARTESIAN_POINT('',(-0.057796568738884,0.0412000000000158,0.0624161626772577));
#5431=CARTESIAN_POINT('',(-0.0585589724490397,0.0412000000000061,0.062604536882474));
#5432=CARTESIAN_POINT('',(-0.0588093424814994,0.0412000000000029,0.0626663981447506));
#5433=CARTESIAN_POINT('',(-0.0590597766254311,0.0412000000000017,0.0627280308646325));
#5434=CARTESIAN_POINT('',(-0.0593102620384275,0.041200000000001,0.06278948118087));
#5435=CARTESIAN_POINT('',(-0.0600117665494566,0.0411999999999991,0.0629615777254516));
#5436=CARTESIAN_POINT('',(-0.0607136731707226,0.0412,0.0631322436312934));
#5437=CARTESIAN_POINT('',(-0.0614157070776879,0.0412000000000009,0.0633024548758688));
#5438=CARTESIAN_POINT('',(-0.0617276777778348,0.0412000000000015,0.0633780935602916));
#5439=CARTESIAN_POINT('',(-0.0620396731999456,0.0412000000000016,0.0634536440196504));
#5440=CARTESIAN_POINT('',(-0.0623516695630888,0.0412000000000013,0.0635291910664392));
#5441=CARTESIAN_POINT('',(-0.0629924599213725,0.0412000000000007,0.0636843525519492));
#5442=CARTESIAN_POINT('',(-0.0636332542463963,0.0412,0.063839499641042));
#5443=CARTESIAN_POINT('',(-0.0642738377838369,0.0412,0.0639953986616996));
#5444=CARTESIAN_POINT('',(-0.0646470150560529,0.0412,0.064086218933951));
#5445=CARTESIAN_POINT('',(-0.0650201203912151,0.0412,0.0641772957496509));
#5446=CARTESIAN_POINT('',(-0.065393110827742,0.0412,0.0642687813838882));
#5447=CARTESIAN_POINT('',(-0.0659721227220043,0.0412,0.0644107991548284));
#5448=CARTESIAN_POINT('',(-0.0665508577323917,0.0412,0.0645538020937481));
#5449=CARTESIAN_POINT('',(-0.0671291366076277,0.0412000000000005,0.0646984311610359));
#5450=CARTESIAN_POINT('',(-0.0675628287615429,0.0412000000000009,0.0648068987091289));
#5451=CARTESIAN_POINT('',(-0.067996262569829,0.0412000000000007,0.0649162829621882));
#5452=CARTESIAN_POINT('',(-0.0684293640663342,0.0412,0.0650268538291551));
#5453=CARTESIAN_POINT('',(-0.0689457647651227,0.0412,0.0651586909930256));
#5454=CARTESIAN_POINT('',(-0.0694616930287125,0.0412,0.0652922151082939));
#5455=CARTESIAN_POINT('',(-0.069976986218763,0.0412,0.0654280014441601));
#5456=CARTESIAN_POINT('',(-0.0704701146675855,0.0412,0.0655579470876692));
#5457=CARTESIAN_POINT('',(-0.0709626687291561,0.0412,0.0656899680063566));
#5458=CARTESIAN_POINT('',(-0.071454491019946,0.0412,0.0658245650156489));
#5459=CARTESIAN_POINT('',(-0.0719076249867466,0.0412,0.0659485741910812));
#5460=CARTESIAN_POINT('',(-0.0723601377782719,0.0412,0.0660747701197833));
#5461=CARTESIAN_POINT('',(-0.0728118992655724,0.0412000000000065,0.0662036622040922));
#5462=CARTESIAN_POINT('',(-0.0728614943350796,0.0412000000000071,0.0662178121749505));
#5463=CARTESIAN_POINT('',(-0.0729110804682059,0.0412000000000078,0.0662319947447271));
#5464=CARTESIAN_POINT('',(-0.0729606575184066,0.0412000000000085,0.0662462105951326));
#5465=CARTESIAN_POINT('',(-0.0734618384164059,0.0412000000000152,0.066389920489998));
#5466=CARTESIAN_POINT('',(-0.0739620911125208,0.0412000000000174,0.0665370314133816));
#5467=CARTESIAN_POINT('',(-0.074460883900988,0.0412000000000134,0.0666882565854839));
#5468=CARTESIAN_POINT('',(-0.0748500147079017,0.0412000000000104,0.0668062341798005));
#5469=CARTESIAN_POINT('',(-0.0752382569721605,0.0412000000000046,0.0669267158211878));
#5470=CARTESIAN_POINT('',(-0.07562546471464,0.0412000000000017,0.0670501726764699));
#5471=CARTESIAN_POINT('',(-0.0757345640377835,0.0412000000000009,0.0670849577746771));
#5472=CARTESIAN_POINT('',(-0.0758435774812193,0.0412000000000006,0.0671199774875996));
#5473=CARTESIAN_POINT('',(-0.0759525027152574,0.0412,0.0671552426525656));
#5474=CARTESIAN_POINT('',(-0.0763091496333754,0.0412,0.0672707091237936));
#5475=CARTESIAN_POINT('',(-0.0766648509560272,0.0412,0.0673888068150861));
#5476=CARTESIAN_POINT('',(-0.0770194747390009,0.0412000000000007,0.0675100158953349));
#5477=CARTESIAN_POINT('',(-0.0771575652243927,0.0412000000000011,0.0675572147058182));
#5478=CARTESIAN_POINT('',(-0.0772954923394982,0.0412000000000013,0.0676048866227942));
#5479=CARTESIAN_POINT('',(-0.0774332429559038,0.0412000000000011,0.0676530576539855));
#5480=CARTESIAN_POINT('',(-0.0777572840928007,0.0412000000000007,0.0677663739941954));
#5481=CARTESIAN_POINT('',(-0.0780803484270404,0.0412,0.0678824525004847));
#5482=CARTESIAN_POINT('',(-0.0784022246421134,0.0412,0.0680017713274751));
#5483=CARTESIAN_POINT('',(-0.0785685926729298,0.0412,0.0680634436019588));
#5484=CARTESIAN_POINT('',(-0.0787346413434694,0.0412000000000007,0.0681259807026273));
#5485=CARTESIAN_POINT('',(-0.0789003675471935,0.0412000000000016,0.0681894605545222));
#5486=CARTESIAN_POINT('',(-0.0791435287005266,0.041200000000003,0.0682826011300818));
#5487=CARTESIAN_POINT('',(-0.079385995756798,0.0412000000000052,0.0683777710051072));
#5488=CARTESIAN_POINT('',(-0.079627711785031,0.0412000000000036,0.0684752847567768));
#5489=CARTESIAN_POINT('',(-0.0796754757518552,0.0412000000000033,0.0684945538289757));
#5490=CARTESIAN_POINT('',(-0.0797232103859818,0.0412000000000028,0.068513914439822));
#5491=CARTESIAN_POINT('',(-0.0797709157680242,0.0412000000000024,0.0685333697982332));
#5492=CARTESIAN_POINT('',(-0.0799645816577518,0.0412,0.0686123512283227));
#5493=CARTESIAN_POINT('',(-0.0801576575572298,0.0412,0.0686928458585996));
#5494=CARTESIAN_POINT('',(-0.0803501348322436,0.0412,0.0687750547650299));
#5495=CARTESIAN_POINT('',(-0.0805901155485836,0.0412,0.0688775528508599));
#5496=CARTESIAN_POINT('',(-0.0808291656510935,0.0411999999999988,0.0689827156602593));
#5497=CARTESIAN_POINT('',(-0.0810666375986372,0.041200000000011,0.0690907480435471));
#5498=CARTESIAN_POINT('',(-0.0810848668351392,0.0412000000000119,0.0690990410140861));
#5499=CARTESIAN_POINT('',(-0.0811030867719772,0.041200000000013,0.0691073508954937));
#5500=CARTESIAN_POINT('',(-0.0811212973167747,0.0412000000000141,0.0691156779186418));
#5501=CARTESIAN_POINT('',(-0.0813403038026181,0.041200000000028,0.0692158216593975));
#5502=CARTESIAN_POINT('',(-0.0815580100294778,0.04120000000004,0.0693184803982283));
#5503=CARTESIAN_POINT('',(-0.0817741965149657,0.0412000000000368,0.0694240334691619));
#5504=CARTESIAN_POINT('',(-0.0819979797425722,0.0412000000000335,0.0695332956501165));
#5505=CARTESIAN_POINT('',(-0.0822201344966157,0.0412000000000148,0.0696456592533825));
#5506=CARTESIAN_POINT('',(-0.082440309135941,0.0412000000000049,0.069761689814414));
#5507=CARTESIAN_POINT('',(-0.0824504769038767,0.0412000000000044,0.0697670481600511));
#5508=CARTESIAN_POINT('',(-0.0824606404848378,0.041200000000004,0.0697724143130397));
#5509=CARTESIAN_POINT('',(-0.0824707998427815,0.0412000000000037,0.0697777883284357));
#5510=CARTESIAN_POINT('',(-0.0825858802866773,0.0412,0.069838662655406));
#5511=CARTESIAN_POINT('',(-0.0827004188379926,0.0412,0.0699005458761282));
#5512=CARTESIAN_POINT('',(-0.082814349166446,0.0412,0.0699635434166894));
#5513=CARTESIAN_POINT('',(-0.0829044582206112,0.0412,0.0700133690326756));
#5514=CARTESIAN_POINT('',(-0.0829941868086012,0.0412000000000005,0.0700638916980353));
#5515=CARTESIAN_POINT('',(-0.0830835003426938,0.0412000000000032,0.0701151749236225));
#5516=CARTESIAN_POINT('',(-0.0831071266369401,0.0412000000000039,0.0701287409815546));
#5517=CARTESIAN_POINT('',(-0.0831307242084513,0.0412000000000047,0.0701423607087396));
#5518=CARTESIAN_POINT('',(-0.0831542926858886,0.0412000000000053,0.0701560354226486));
#5519=CARTESIAN_POINT('',(-0.0832669549086903,0.0412000000000082,0.0702214033985499));
#5520=CARTESIAN_POINT('',(-0.0833789524118243,0.0412000000000079,0.0702880276598391));
#5521=CARTESIAN_POINT('',(-0.0834902006631293,0.0412000000000059,0.0703560666334633));
#5522=CARTESIAN_POINT('',(-0.0835647107049827,0.0412000000000046,0.0704016366690633));
#5523=CARTESIAN_POINT('',(-0.0836388846197396,0.0412000000000028,0.0704478413570288));
#5524=CARTESIAN_POINT('',(-0.0837127193293466,0.0412000000000016,0.0704947632790812));
#5525=CARTESIAN_POINT('',(-0.0837490890576913,0.0412000000000011,0.0705178762237591));
#5526=CARTESIAN_POINT('',(-0.0837853655798355,0.0412000000000007,0.070541156059444));
#5527=CARTESIAN_POINT('',(-0.083821550000204,0.0412000000000006,0.0705646132346888));
#5528=CARTESIAN_POINT('',(-0.0839312318997678,0.0412,0.0706357164197903));
#5529=CARTESIAN_POINT('',(-0.0840400677647999,0.0411999999999984,0.0707084484648273));
#5530=CARTESIAN_POINT('',(-0.0841475784704203,0.0412000000000038,0.0707828356110708));
#5531=CARTESIAN_POINT('',(-0.0842066011863675,0.0412000000000068,0.0708236736967063));
#5532=CARTESIAN_POINT('',(-0.0842652244558896,0.0412000000000123,0.0708650107404405));
#5533=CARTESIAN_POINT('',(-0.0843234137916087,0.0412000000000296,0.0709068952731463));
#5534=CARTESIAN_POINT('',(-0.0843712022186725,0.0412000000000438,0.0709412932588181));
#5535=CARTESIAN_POINT('',(-0.0844186842670508,0.0412000000000547,0.0709760554902343));
#5536=CARTESIAN_POINT('',(-0.084465836398055,0.0412000000000575,0.0710112044928802));
#5537=CARTESIAN_POINT('',(-0.0845704084857297,0.0412000000000638,0.0710891565283045));
#5538=CARTESIAN_POINT('',(-0.0846733578314674,0.0412000000000336,0.0711690108317196));
#5539=CARTESIAN_POINT('',(-0.0847743594670099,0.0412000000000171,0.0712511786824934));
#5540=CARTESIAN_POINT('',(-0.0848176042472271,0.04120000000001,0.0712863596043523));
#5541=CARTESIAN_POINT('',(-0.0848604919826872,0.0412000000000051,0.0713219646560816));
#5542=CARTESIAN_POINT('',(-0.0849029842535699,0.0412000000000027,0.0713580382358429));
#5543=CARTESIAN_POINT('',(-0.0849101190450631,0.0412000000000023,0.0713640952778569));
#5544=CARTESIAN_POINT('',(-0.0849172426948071,0.041200000000002,0.0713701654489401));
#5545=CARTESIAN_POINT('',(-0.0849243550415537,0.0412000000000017,0.0713762489953963));
#5546=CARTESIAN_POINT('',(-0.0849738256140307,0.0412,0.0714185636542003));
#5547=CARTESIAN_POINT('',(-0.0850227494498035,0.0412000000000009,0.0714615253392573));
#5548=CARTESIAN_POINT('',(-0.0850710610242107,0.0412000000000012,0.0715052393521352));
#5549=CARTESIAN_POINT('',(-0.0851065758113747,0.0412000000000015,0.0715373743815248));
#5550=CARTESIAN_POINT('',(-0.0851417597137659,0.0412000000000015,0.0715699159844721));
#5551=CARTESIAN_POINT('',(-0.0851765701171147,0.0412000000000009,0.0716029140688452));
#5552=CARTESIAN_POINT('',(-0.0851890973582095,0.0412000000000006,0.0716147891096043));
#5553=CARTESIAN_POINT('',(-0.0852015757584224,0.0412000000000005,0.0716267224295549));
#5554=CARTESIAN_POINT('',(-0.085214002761443,0.0412,0.0716387155318711));
#5555=CARTESIAN_POINT('',(-0.0852609649166821,0.0412,0.0716840379585121));
#5556=CARTESIAN_POINT('',(-0.0853071926742979,0.0411999999999938,0.0717302144998938));
#5557=CARTESIAN_POINT('',(-0.0853525542966418,0.0412000000000116,0.071777425679579));
#5558=CARTESIAN_POINT('',(-0.0853804410189658,0.0412000000000225,0.0718064494443926));
#5559=CARTESIAN_POINT('',(-0.0854080004542565,0.0412000000000424,0.0718358641428885));
#5560=CARTESIAN_POINT('',(-0.0854351428591911,0.0412000000001226,0.0718656908812571));
#5561=CARTESIAN_POINT('',(-0.0854521972981776,0.0412000000001729,0.0718844319725827));
#5562=CARTESIAN_POINT('',(-0.0854690962545795,0.0412000000002419,0.0719033480683673));
#5563=CARTESIAN_POINT('',(-0.0854858181642184,0.0412000000003163,0.0719224487267825));
#5564=CARTESIAN_POINT('',(-0.0855074767139604,0.0412000000004127,0.0719471882792214));
#5565=CARTESIAN_POINT('',(-0.0855288383000972,0.0412000000005174,0.071972237469613));
#5566=CARTESIAN_POINT('',(-0.0855498014124032,0.0412000000005719,0.0719975788784533));
#5567=CARTESIAN_POINT('',(-0.0855707464767979,0.0412000000006263,0.0720228984699462));
#5568=CARTESIAN_POINT('',(-0.0855912937465764,0.041200000000624,0.0720485097489777));
#5569=CARTESIAN_POINT('',(-0.0856113900725182,0.0412000000005381,0.0720744797220493));
#5570=CARTESIAN_POINT('',(-0.0856312061592821,0.0412000000004534,0.0721000875491283));
#5571=CARTESIAN_POINT('',(-0.0856505838289915,0.0412000000002776,0.0721260441476242));
#5572=CARTESIAN_POINT('',(-0.085669428319877,0.0412000000001355,0.0721524193672401));
#5573=CARTESIAN_POINT('',(-0.0856696749248283,0.0412000000001336,0.0721527645216828));
#5574=CARTESIAN_POINT('',(-0.0856699214384851,0.0412000000001318,0.0721531097411716));
#5575=CARTESIAN_POINT('',(-0.0856701678606111,0.04120000000013,0.0721534550257795));
#5576=CARTESIAN_POINT('',(-0.085689248871323,0.0411999999999909,0.0721801911773114));
#5577=CARTESIAN_POINT('',(-0.0857077803831647,0.0412000000000009,0.0722073180341464));
#5578=CARTESIAN_POINT('',(-0.0857255888150007,0.0412000000000233,0.0722349053080447));
#5579=CARTESIAN_POINT('',(-0.0857345109881732,0.0412000000000345,0.0722487267628109));
#5580=CARTESIAN_POINT('',(-0.0857432517897054,0.0412000000000555,0.0722626637577147));
#5581=CARTESIAN_POINT('',(-0.0857517872645985,0.0412000000001534,0.0722767503861477));
#5582=CARTESIAN_POINT('',(-0.0857580475423413,0.0412000000002252,0.0722870821143237));
#5583=CARTESIAN_POINT('',(-0.0857641973604867,0.0412000000003396,0.0722974942986094));
#5584=CARTESIAN_POINT('',(-0.0857702037257181,0.0412000000005573,0.0723079689509463));
#5585=CARTESIAN_POINT('',(-0.0857724022540253,0.0412000000006369,0.0723118030201018));
#5586=CARTESIAN_POINT('',(-0.0857745829887345,0.0412000000007264,0.0723156487290437));
#5587=CARTESIAN_POINT('',(-0.0857767440705096,0.0412000000008245,0.0723195052018144));
#5588=CARTESIAN_POINT('',(-0.0857847975050846,0.0412000000011903,0.0723338766390767));
#5589=CARTESIAN_POINT('',(-0.085792578011704,0.041200000001691,0.0723483976469049));
#5590=CARTESIAN_POINT('',(-0.0857999982665693,0.0412000000021526,0.0723630722381187));
#5591=CARTESIAN_POINT('',(-0.0858074047751589,0.0412000000026133,0.0723777196441508));
#5592=CARTESIAN_POINT('',(-0.0858144523321218,0.0412000000030205,0.072392520103173));
#5593=CARTESIAN_POINT('',(-0.085821025437121,0.0412000000031232,0.0724075126153892));
#5594=CARTESIAN_POINT('',(-0.085827594450228,0.0412000000032259,0.0724224957944601));
#5595=CARTESIAN_POINT('',(-0.0858336895152508,0.041200000002996,0.0724376709236309));
#5596=CARTESIAN_POINT('',(-0.0858391500036582,0.0412000000024273,0.0724530840744791));
#5597=CARTESIAN_POINT('',(-0.0858418294414753,0.0412000000021482,0.0724606472402954));
#5598=CARTESIAN_POINT('',(-0.085844356109248,0.0412000000017938,0.0724682676491501));
#5599=CARTESIAN_POINT('',(-0.085846715924088,0.0412000000014227,0.0724759495632561));
#5600=CARTESIAN_POINT('',(-0.0858467613897605,0.0412000000014156,0.0724760975678303));
#5601=CARTESIAN_POINT('',(-0.0858468067955648,0.0412000000014084,0.0724762455930351));
#5602=CARTESIAN_POINT('',(-0.0858468521414163,0.0412000000014014,0.0724763936389279));
#5603=CARTESIAN_POINT('',(-0.0858492534369826,0.0412000000010275,0.0724842334287588));
#5604=CARTESIAN_POINT('',(-0.0858514866423029,0.0412000000007766,0.0724921312087462));
#5605=CARTESIAN_POINT('',(-0.0858535522049426,0.0412000000005949,0.0725000864513779));
#5606=CARTESIAN_POINT('',(-0.0858556199078692,0.041200000000413,0.0725080499370425));
#5607=CARTESIAN_POINT('',(-0.0858575196288346,0.0412000000003009,0.0725160710176574));
#5608=CARTESIAN_POINT('',(-0.085859266585329,0.0412000000002235,0.0725241582715698));
#5609=CARTESIAN_POINT('',(-0.0858610143454731,0.0412000000001462,0.0725322492458494));
#5610=CARTESIAN_POINT('',(-0.0858626091951913,0.041200000000104,0.0725404064545373));
#5611=CARTESIAN_POINT('',(-0.0858640626908353,0.0412000000000765,0.072548584798921));
#5612=CARTESIAN_POINT('',(-0.0858669683307949,0.0412000000000215,0.0725649338842061));
#5613=CARTESIAN_POINT('',(-0.085869309301045,0.0412000000000189,0.0725813675941885));
#5614=CARTESIAN_POINT('',(-0.0858712238010213,0.0412000000000202,0.0725977893701782));
#5615=CARTESIAN_POINT('',(-0.0858731334535337,0.0412000000000214,0.0726141695666589));
#5616=CARTESIAN_POINT('',(-0.0858746186410019,0.041200000000032,0.0726305377235084));
#5617=CARTESIAN_POINT('',(-0.0858757753558055,0.0412000000000724,0.072646946594394));
#5618=CARTESIAN_POINT('',(-0.0858760623717822,0.0412000000000825,0.072651018132243));
#5619=CARTESIAN_POINT('',(-0.0858763291585382,0.0412000000000945,0.072655092177515));
#5620=CARTESIAN_POINT('',(-0.0858765765402206,0.0412000000001088,0.0726591689081626));
#5621=CARTESIAN_POINT('',(-0.0858773241874878,0.0412000000001522,0.0726714897740341));
#5622=CARTESIAN_POINT('',(-0.0858778873008601,0.041200000000191,0.0726837895905005));
#5623=CARTESIAN_POINT('',(-0.0858782934762272,0.0412000000002136,0.0726960705372601));
#5624=CARTESIAN_POINT('',(-0.0858788356922518,0.0412000000002437,0.0727124647518532));
#5625=CARTESIAN_POINT('',(-0.0858790982813556,0.0412000000002453,0.0727288253480027));
#5626=CARTESIAN_POINT('',(-0.0858791264409756,0.0412000000002288,0.0727451681083486));
#5627=CARTESIAN_POINT('',(-0.0858791546494242,0.0412000000002122,0.0727615392070091));
#5628=CARTESIAN_POINT('',(-0.0858789475677781,0.0412000000001794,0.0727778924112758));
#5629=CARTESIAN_POINT('',(-0.0858785380503458,0.0412000000001486,0.0727942417320797));
#5630=CARTESIAN_POINT('',(-0.0858781256590548,0.0412000000001175,0.0728107057870417));
#5631=CARTESIAN_POINT('',(-0.0858775079540669,0.0412000000000889,0.0728271659073239));
#5632=CARTESIAN_POINT('',(-0.0858767063767456,0.0412000000000701,0.0728436350778285));
#5633=CARTESIAN_POINT('',(-0.0858759163094025,0.0412000000000515,0.0728598677648544));
#5634=CARTESIAN_POINT('',(-0.0858749476932808,0.04120000000004,0.0728760988675566));
#5635=CARTESIAN_POINT('',(-0.0858738200001374,0.0412000000000317,0.0728923277021673));
#5636=CARTESIAN_POINT('',(-0.0858715497659709,0.0412000000000151,0.0729249990498929));
#5637=CARTESIAN_POINT('',(-0.0858686348033762,0.0412000000000111,0.0729576612126487));
#5638=CARTESIAN_POINT('',(-0.0858651679028616,0.0412000000000086,0.0729903471619976));
#5639=CARTESIAN_POINT('',(-0.0858617027596925,0.041200000000006,0.073023016543088));
#5640=CARTESIAN_POINT('',(-0.0858576862385343,0.0412000000000058,0.0730557097210122));
#5641=CARTESIAN_POINT('',(-0.0858532059353463,0.0412000000000056,0.0730882966548052));
#5642=CARTESIAN_POINT('',(-0.0858487278965014,0.0412000000000054,0.0731208671191775));
#5643=CARTESIAN_POINT('',(-0.0858437865499159,0.0412000000000053,0.0731533314133491));
#5644=CARTESIAN_POINT('',(-0.0858384464973964,0.0412000000000041,0.0731856769452115));
#5645=CARTESIAN_POINT('',(-0.0858370497695619,0.0412000000000038,0.0731941371437785));
#5646=CARTESIAN_POINT('',(-0.0858356257666641,0.0412000000000034,0.0732025892166859));
#5647=CARTESIAN_POINT('',(-0.0858341751647569,0.041200000000003,0.0732110334298194));
#5648=CARTESIAN_POINT('',(-0.0858245322679181,0.0412,0.0732671664568943));
#5649=CARTESIAN_POINT('',(-0.0858137355405147,0.041200000000002,0.0733228896673172));
#5650=CARTESIAN_POINT('',(-0.0858019864431229,0.0412000000000051,0.0733783055158844));
#5651=CARTESIAN_POINT('',(-0.085788460108697,0.0412000000000086,0.0734421038890885));
#5652=CARTESIAN_POINT('',(-0.0857736714367142,0.0412000000000132,0.0735054948436984));
#5653=CARTESIAN_POINT('',(-0.0857578083919699,0.0412000000000066,0.0735685641447517));
#5654=CARTESIAN_POINT('',(-0.085757650727112,0.0412000000000065,0.0735691909987102));
#5655=CARTESIAN_POINT('',(-0.0857574929560831,0.0412000000000064,0.0735698178208728));
#5656=CARTESIAN_POINT('',(-0.0857573350790083,0.0412000000000064,0.0735704446113137));
#5657=CARTESIAN_POINT('',(-0.0857416114368992,0.0412,0.0736328693083782));
#5658=CARTESIAN_POINT('',(-0.0857248447940427,0.0412,0.0736949895198406));
#5659=CARTESIAN_POINT('',(-0.0857071770692793,0.0412000000000006,0.0737568413974588));
#5660=CARTESIAN_POINT('',(-0.0856913157983787,0.0412000000000009,0.0738123691691299));
#5661=CARTESIAN_POINT('',(-0.0856747283243499,0.0412000000000007,0.0738676806841741));
#5662=CARTESIAN_POINT('',(-0.0856574924556517,0.0412000000000124,0.0739227925726344));
#5663=CARTESIAN_POINT('',(-0.0856553413213598,0.0412000000000138,0.0739296708492815));
#5664=CARTESIAN_POINT('',(-0.0856531800094475,0.0412000000000154,0.0739365460189263));
#5665=CARTESIAN_POINT('',(-0.0856510086686952,0.041200000000017,0.0739434181214377));
#5666=CARTESIAN_POINT('',(-0.0856314401733778,0.0412000000000314,0.0740053506880655));
#5667=CARTESIAN_POINT('',(-0.0856110571194893,0.0412000000000501,0.0740670341321265));
#5668=CARTESIAN_POINT('',(-0.0855899432810544,0.0412000000000624,0.074128491892807));
#5669=CARTESIAN_POINT('',(-0.0855688281226251,0.0412000000000747,0.0741899534957022));
#5670=CARTESIAN_POINT('',(-0.0855469820928323,0.0412000000000807,0.0742511893892337));
#5671=CARTESIAN_POINT('',(-0.0855244776850741,0.0412000000000788,0.0743122145271733));
#5672=CARTESIAN_POINT('',(-0.0854873978593568,0.0412000000000757,0.0744127637841675));
#5673=CARTESIAN_POINT('',(-0.0854485306009684,0.0412000000000494,0.0745127408566823));
#5674=CARTESIAN_POINT('',(-0.0854080968506088,0.0412000000000263,0.0746122249589128));
#5675=CARTESIAN_POINT('',(-0.0853994368144148,0.0412000000000214,0.0746335323053345));
#5676=CARTESIAN_POINT('',(-0.0853907050745776,0.0412000000000176,0.0746548176068169));
#5677=CARTESIAN_POINT('',(-0.0853819035597833,0.0412000000000146,0.074676082171716));
#5678=CARTESIAN_POINT('',(-0.0853320016899242,0.0411999999999976,0.0747966456854977));
#5679=CARTESIAN_POINT('',(-0.0852798575734472,0.0412000000000005,0.0749165430546835));
#5680=CARTESIAN_POINT('',(-0.0852260132816282,0.041200000000001,0.0750353376709133));
#5681=CARTESIAN_POINT('',(-0.0851882067164353,0.0412000000000013,0.0751187488599423));
#5682=CARTESIAN_POINT('',(-0.0851495617744394,0.0412000000000022,0.0752016161833599));
#5683=CARTESIAN_POINT('',(-0.0851101309356298,0.0412000000000089,0.075284044191246));
#5684=CARTESIAN_POINT('',(-0.08509345239229,0.0412000000000117,0.0753189097721833));
#5685=CARTESIAN_POINT('',(-0.0850766417631571,0.0412000000000143,0.075353677058985));
#5686=CARTESIAN_POINT('',(-0.085059703458108,0.0412000000000163,0.0753883543055968));
#5687=CARTESIAN_POINT('',(-0.0850026883139777,0.0412000000000229,0.0755050795746168));
#5688=CARTESIAN_POINT('',(-0.0849442271910786,0.0412000000000194,0.0756207850051256));
#5689=CARTESIAN_POINT('',(-0.0848844712702646,0.0412000000000135,0.0757356343282647));
#5690=CARTESIAN_POINT('',(-0.0848496932626568,0.04120000000001,0.075802476752906));
#5691=CARTESIAN_POINT('',(-0.0848144765138446,0.0412000000000063,0.0758690291022336));
#5692=CARTESIAN_POINT('',(-0.0847788402792001,0.0412000000000039,0.0759353243304512));
#5693=CARTESIAN_POINT('',(-0.0847532307255516,0.0412000000000022,0.0759829666030036));
#5694=CARTESIAN_POINT('',(-0.084727405306063,0.0412000000000014,0.0760304753802079));
#5695=CARTESIAN_POINT('',(-0.08470137428857,0.0412000000000009,0.0760778564124972));
#5696=CARTESIAN_POINT('',(-0.0846391380950686,0.0412,0.076191137235832));
#5697=CARTESIAN_POINT('',(-0.0845757265849901,0.0412,0.0763036877965163));
#5698=CARTESIAN_POINT('',(-0.0845112625475277,0.0412000000000008,0.0764155654699264));
#5699=CARTESIAN_POINT('',(-0.0844815520445031,0.0412000000000012,0.0764671282029645));
#5700=CARTESIAN_POINT('',(-0.0844516179870775,0.041200000000002,0.0765185480158579));
#5701=CARTESIAN_POINT('',(-0.0844214695473347,0.0412000000000038,0.0765698289164255));
#5702=CARTESIAN_POINT('',(-0.0843207944421691,0.0412000000000101,0.0767410719426543));
#5703=CARTESIAN_POINT('',(-0.0842177239635074,0.0412000000000236,0.0769107620304841));
#5704=CARTESIAN_POINT('',(-0.0841125673570818,0.0412000000000323,0.0770791023235882));
#5705=CARTESIAN_POINT('',(-0.0839759075256493,0.0412000000000436,0.0772978746562155));
#5706=CARTESIAN_POINT('',(-0.0838357244053607,0.041200000000041,0.0775143673081174));
#5707=CARTESIAN_POINT('',(-0.0836925046755839,0.0412000000000234,0.0777288966478406));
#5708=CARTESIAN_POINT('',(-0.0836768127475116,0.0412000000000215,0.0777524016423939));
#5709=CARTESIAN_POINT('',(-0.0836610843655637,0.0412000000000194,0.0777758830675291));
#5710=CARTESIAN_POINT('',(-0.0836453200109555,0.0412000000000174,0.0777993412556699));
#5711=CARTESIAN_POINT('',(-0.0835171961312881,0.0412000000000009,0.0779899963220691));
#5712=CARTESIAN_POINT('',(-0.0833867104701445,0.0412000000000018,0.0781791146660296));
#5713=CARTESIAN_POINT('',(-0.0832541052517839,0.0412000000000011,0.0783668959733686));
#5714=CARTESIAN_POINT('',(-0.0831068961941381,0.0412,0.0785753576737348));
#5715=CARTESIAN_POINT('',(-0.0829570750069404,0.0412000000000006,0.0787821716236158));
#5716=CARTESIAN_POINT('',(-0.0828049196895918,0.0412,0.0789875266969725));
#5717=CARTESIAN_POINT('',(-0.0828031749066776,0.0412,0.078989881527744));
#5718=CARTESIAN_POINT('',(-0.082801429826403,0.0412,0.0789922361547831));
#5719=CARTESIAN_POINT('',(-0.0827996844492144,0.0412,0.0789945905783545));
#5720=CARTESIAN_POINT('',(-0.0826457309043771,0.0412,0.079202265949182));
#5721=CARTESIAN_POINT('',(-0.082489467393071,0.0412,0.079408358409957));
#5722=CARTESIAN_POINT('',(-0.0823310393826794,0.0412000000000012,0.0796131365523391));
#5723=CARTESIAN_POINT('',(-0.0821935403231798,0.0412000000000018,0.0797908627127196));
#5724=CARTESIAN_POINT('',(-0.0820544108522271,0.0412000000000022,0.0799675988049091));
#5725=CARTESIAN_POINT('',(-0.0819139703408411,0.0412000000000012,0.0801431997592493));
#5726=CARTESIAN_POINT('',(-0.0818925528906033,0.041200000000001,0.0801699792451981));
#5727=CARTESIAN_POINT('',(-0.0818711028518909,0.0412000000000009,0.0801967350880948));
#5728=CARTESIAN_POINT('',(-0.0818496214808645,0.0412000000000007,0.080223466591093));
#5729=CARTESIAN_POINT('',(-0.0815661030585282,0.0411999999999992,0.0805762780362947));
#5730=CARTESIAN_POINT('',(-0.081277123074455,0.0412,0.0809248467187853));
#5731=CARTESIAN_POINT('',(-0.0809840444945133,0.0412,0.0812691859693976));
#5732=CARTESIAN_POINT('',(-0.0809418474518347,0.0412,0.081318763451508));
#5733=CARTESIAN_POINT('',(-0.080899564472852,0.0412000000000005,0.0813682542883638));
#5734=CARTESIAN_POINT('',(-0.0808571988158526,0.0412000000000005,0.0814176596541035));
#5735=CARTESIAN_POINT('',(-0.0805830203381586,0.0412000000000008,0.0817373971237387));
#5736=CARTESIAN_POINT('',(-0.0803053792591597,0.0411999999999935,0.0820535547776359));
#5737=CARTESIAN_POINT('',(-0.0800245886460375,0.0412000000000088,0.0823667405567562));
#5738=CARTESIAN_POINT('',(-0.0799610735302469,0.0412000000000123,0.082437583491296));
#5739=CARTESIAN_POINT('',(-0.0798973977459441,0.0412000000000161,0.0825082722882858));
#5740=CARTESIAN_POINT('',(-0.0798335654889532,0.0412000000000197,0.0825788131910678));
#5741=CARTESIAN_POINT('',(-0.0794879583209753,0.0412000000000388,0.0829607429987598));
#5742=CARTESIAN_POINT('',(-0.0791377636884462,0.0412000000000377,0.0833383367541783));
#5743=CARTESIAN_POINT('',(-0.0787836507308591,0.0412000000000264,0.0837121487602011));
#5744=CARTESIAN_POINT('',(-0.078535537190331,0.0412000000000186,0.0839740646780432));
#5745=CARTESIAN_POINT('',(-0.0782855002011965,0.0412000000000098,0.0842341242044987));
#5746=CARTESIAN_POINT('',(-0.0780337068818939,0.0412000000000056,0.0844924922158808));
#5747=CARTESIAN_POINT('',(-0.0779265040968879,0.0412000000000038,0.0846024942225002));
#5748=CARTESIAN_POINT('',(-0.0778189843395346,0.0412000000000028,0.0847121883265446));
#5749=CARTESIAN_POINT('',(-0.0777111599077941,0.041200000000002,0.0848215876968952));
#5750=CARTESIAN_POINT('',(-0.0773503869646512,0.0412,0.085187630273538));
#5751=CARTESIAN_POINT('',(-0.0769862029261965,0.0412,0.0855503730519758));
#5752=CARTESIAN_POINT('',(-0.0766189893671959,0.0412,0.0859101937999343));
#5753=CARTESIAN_POINT('',(-0.0764023264173476,0.0412,0.0861224948513483));
#5754=CARTESIAN_POINT('',(-0.076184608876241,0.0412,0.0863337787290424));
#5755=CARTESIAN_POINT('',(-0.0759659003582119,0.0412,0.0865441091141949));
#5756=CARTESIAN_POINT('',(-0.0758142114581139,0.0412,0.0866899872220457));
#5757=CARTESIAN_POINT('',(-0.0756620460369884,0.0412,0.0868354066416432));
#5758=CARTESIAN_POINT('',(-0.0755094258001923,0.0412,0.0869803884625011));
#5759=CARTESIAN_POINT('',(-0.0751370138591676,0.0412,0.0873341617395736));
#5760=CARTESIAN_POINT('',(-0.0747618937377144,0.0412,0.0876853293428952));
#5761=CARTESIAN_POINT('',(-0.0743843311271996,0.0412,0.0880341428271791));
#5762=CARTESIAN_POINT('',(-0.0742024081521623,0.0412,0.0882022134597758));
#5763=CARTESIAN_POINT('',(-0.074019918143439,0.0412,0.0883697375765837));
#5764=CARTESIAN_POINT('',(-0.0738368862141053,0.0412,0.0885367385087768));
#5765=CARTESIAN_POINT('',(-0.0856837854933067,0.041200000000002,0.0738368477345591));
#5766=CARTESIAN_POINT('',(-0.0913707896658453,0.0467,0.0730988458808757));
#5767=CARTESIAN_POINT('',(-0.0913707858591693,0.0459590623414183,0.0730988500502851));
#5768=CARTESIAN_POINT('',(-0.0910454163722223,0.0444843516780705,0.0734165888536797));
#5769=CARTESIAN_POINT('',(-0.089758752584204,0.0427573694452577,0.0741524982499773));
#5770=CARTESIAN_POINT('',(-0.0878567490500003,0.0415184292688694,0.0744542690072837));
#5771=CARTESIAN_POINT('',(-0.0863582246677227,0.0412000039917411,0.0741441678866155));
#5772=CARTESIAN_POINT('',(-0.0856837795723641,0.0412,0.0738368459641566));
#5773=CARTESIAN_POINT('',(-0.0904754987946601,0.0587169280454506,0.0725794227716787));
#5774=CARTESIAN_POINT('',(-0.0907860243699,0.0582444727745362,0.0725709829399491));
#5775=CARTESIAN_POINT('',(-0.0912447889531938,0.0572189552801173,0.0725585141545766));
#5776=CARTESIAN_POINT('',(-0.0913767711677062,0.0561869335516079,0.0725549270147995));
#5777=CARTESIAN_POINT('',(-0.0913764550583131,0.0557,0.0725549356058503));
#5778=CARTESIAN_POINT('',(-0.0904820754435483,0.0587169290179561,0.0728601217456771));
#5779=CARTESIAN_POINT('',(-0.0907929224396591,0.0582444737276892,0.0728659370095293));
#5780=CARTESIAN_POINT('',(-0.0912521619493973,0.0572189559830567,0.0728745293387488));
#5781=CARTESIAN_POINT('',(-0.0913842808198786,0.0561869337753317,0.0728770014547003));
#5782=CARTESIAN_POINT('',(-0.0913839643820449,0.0557,0.0728769955260033));
#5783=CARTESIAN_POINT('',(-0.0904624990851551,0.0587169259670674,0.0732913756508306));
#5784=CARTESIAN_POINT('',(-0.0907723812886386,0.0582444707384923,0.0733168694294923));
#5785=CARTESIAN_POINT('',(-0.0912301952375302,0.0572189537796175,0.0733545314202731));
#5786=CARTESIAN_POINT('',(-0.0913619039141924,0.0561869330740421,0.0733653660290149));
#5787=CARTESIAN_POINT('',(-0.091361588462281,0.0557,0.0733653400954933));
#5788=CARTESIAN_POINT('',(-0.0903915792650697,0.0587169289544349,0.073880978323003));
#5789=CARTESIAN_POINT('',(-0.0906985774618987,0.0582444736643361,0.0739301807215537));
#5790=CARTESIAN_POINT('',(-0.09115213083401,0.057218955935151,0.0740028725382151));
#5791=CARTESIAN_POINT('',(-0.0912826138571275,0.0561869337600885,0.0740237854958471));
#5792=CARTESIAN_POINT('',(-0.0912823013372835,0.0557,0.0740237353985198));
#5793=CARTESIAN_POINT('',(-0.0902796029384338,0.0587169287063977,0.0744585506751732));
#5794=CARTESIAN_POINT('',(-0.0905826806817363,0.0582444734232427,0.0745275722158216));
#5795=CARTESIAN_POINT('',(-0.0910304420275786,0.0572189557595233,0.074629543105009));
#5796=CARTESIAN_POINT('',(-0.091159258731429,0.056186933704185,0.0746588791250471));
#5797=CARTESIAN_POINT('',(-0.0911589502029645,0.0557,0.0746588088640801));
#5798=CARTESIAN_POINT('',(-0.0901113107298375,0.058716928077384,0.0751076264351989));
#5799=CARTESIAN_POINT('',(-0.090409365579132,0.0582444728055776,0.0751958870722789));
#5800=CARTESIAN_POINT('',(-0.090849706189993,0.0572189553027331,0.0753262816485986));
#5801=CARTESIAN_POINT('',(-0.0909763880114277,0.0561869335588067,0.0753637949245595));
#5802=CARTESIAN_POINT('',(-0.0909760845965722,0.0557,0.0753637050771322));
#5803=CARTESIAN_POINT('',(-0.0898763414596427,0.0587169280560972,0.0758248754749981));
#5804=CARTESIAN_POINT('',(-0.0901684540894832,0.0582444727851357,0.0759310742585385));
#5805=CARTESIAN_POINT('',(-0.0906000158367075,0.0572189552881156,0.0760879699648165));
#5806=CARTESIAN_POINT('',(-0.0907241720754104,0.0561869335541531,0.0761331072948122));
#5807=CARTESIAN_POINT('',(-0.0907238747089872,0.0557,0.0761329991900404));
#5808=CARTESIAN_POINT('',(-0.0895584531567794,0.0587169285917187,0.0766295355000166));
#5809=CARTESIAN_POINT('',(-0.0898438461359465,0.0582444733101285,0.0767526383944691));
#5810=CARTESIAN_POINT('',(-0.0902654801609778,0.0572189556753255,0.0769345088087096));
#5811=CARTESIAN_POINT('',(-0.090386780240247,0.0561869336773898,0.076986831319249));
#5812=CARTESIAN_POINT('',(-0.09038648971665,0.0557,0.0769867059968625));
#5813=CARTESIAN_POINT('',(-0.0891755631152762,0.0587169280589571,0.0774567913297901));
#5814=CARTESIAN_POINT('',(-0.0894542313798479,0.0582444727877691,0.0775943181919931));
#5815=CARTESIAN_POINT('',(-0.0898659305769164,0.0572189552898717,0.0777974977213206));
#5816=CARTESIAN_POINT('',(-0.0899843725260595,0.0561869335547126,0.077855950534644));
#5817=CARTESIAN_POINT('',(-0.0899840888468648,0.0557,0.0778558105351824));
#5818=CARTESIAN_POINT('',(-0.0887082876796267,0.0587169286526126,0.0783514801608519));
#5819=CARTESIAN_POINT('',(-0.0889800313622942,0.0582444733699037,0.0785022157882602));
#5820=CARTESIAN_POINT('',(-0.0893815005783469,0.0572189557195094,0.0787249094286726));
#5821=CARTESIAN_POINT('',(-0.089496999525025,0.0561869336914519,0.0787889762038617));
#5822=CARTESIAN_POINT('',(-0.0894967228916387,0.0557,0.0787888227612295));
#5823=CARTESIAN_POINT('',(-0.0881262449868721,0.0587169252626956,0.0793514313312738));
#5824=CARTESIAN_POINT('',(-0.088390722154976,0.0582444700456785,0.0795145845721001));
#5825=CARTESIAN_POINT('',(-0.0887814549254006,0.0572189532660097,0.0797556247269388));
#5826=CARTESIAN_POINT('',(-0.0888938648363579,0.0561869329105849,0.0798249698348679));
#5827=CARTESIAN_POINT('',(-0.0888935956132496,0.0557,0.0798248037407187));
#5828=CARTESIAN_POINT('',(-0.0873718764137143,0.0587169290515907,0.0805183281406952));
#5829=CARTESIAN_POINT('',(-0.0876285946773843,0.0582444737611554,0.0806934246057198));
#5830=CARTESIAN_POINT('',(-0.088007865451154,0.0572189560082848,0.0809521088330584));
#5831=CARTESIAN_POINT('',(-0.0881169780776497,0.0561869337833594,0.0810265298427583));
#5832=CARTESIAN_POINT('',(-0.0881167167418033,0.0557,0.0810263515970336));
#5833=CARTESIAN_POINT('',(-0.0863816308473193,0.0587169278071041,0.0819080105338317));
#5834=CARTESIAN_POINT('',(-0.0866300092674378,0.0582444725407768,0.0820947549401974));
#5835=CARTESIAN_POINT('',(-0.0869969588124434,0.0572189551075539,0.0823706475615103));
#5836=CARTESIAN_POINT('',(-0.0871025267084626,0.0561869334966868,0.0824500192439134));
#5837=CARTESIAN_POINT('',(-0.0871022738639358,0.0557,0.0824498291417578));
#5838=CARTESIAN_POINT('',(-0.0850823869544401,0.0587169287153263,0.0835650314798077));
#5839=CARTESIAN_POINT('',(-0.0853219983325313,0.0582444734314097,0.0837628918886037));
#5840=CARTESIAN_POINT('',(-0.0856759955778664,0.057218955764913,0.084055207270503));
#5841=CARTESIAN_POINT('',(-0.0857778372144468,0.0561869337059024,0.0841393036757464));
#5842=CARTESIAN_POINT('',(-0.0857775932948851,0.0556999999999999,0.0841391022551682));
#5843=CARTESIAN_POINT('',(-0.0834106908447647,0.0587169277306363,0.0855083619059902));
#5844=CARTESIAN_POINT('',(-0.0836414441107997,0.0582444724657908,0.0857164665012584));
#5845=CARTESIAN_POINT('',(-0.0839823547266901,0.0572189550522095,0.0860239160749521));
#5846=CARTESIAN_POINT('',(-0.0840804315038724,0.0561869334790726,0.0861123663473));
#5847=CARTESIAN_POINT('',(-0.0840801965997462,0.0557,0.0861121545031357));
#5848=CARTESIAN_POINT('',(-0.0814697340358759,0.0587169281204778,0.0875806440228366));
#5849=CARTESIAN_POINT('',(-0.0816924422617805,0.058244472848079,0.0877972949556065));
#5850=CARTESIAN_POINT('',(-0.0820214671437473,0.0572189553343644,0.0881173709594361));
#5851=CARTESIAN_POINT('',(-0.0821161244739894,0.0561869335688731,0.088209453795032));
#5852=CARTESIAN_POINT('',(-0.0821158977612655,0.0557,0.0882092332478939));
#5853=CARTESIAN_POINT('',(-0.0786680316329379,0.0587169281436908,0.0903676227067829));
#5854=CARTESIAN_POINT('',(-0.0788814735701097,0.0582444728708438,0.09059346141333));
#5855=CARTESIAN_POINT('',(-0.0791968086433436,0.057218955351169,0.0909271112263893));
#5856=CARTESIAN_POINT('',(-0.079287527552985,0.0561869335742214,0.0910230991100563));
#5857=CARTESIAN_POINT('',(-0.0792873102728071,0.0556999999999999,0.0910228692103267));
#5858=CARTESIAN_POINT('',(-0.0765098356215164,0.0587169281380924,0.0923386083661119));
#5859=CARTESIAN_POINT('',(-0.0767180266886946,0.0582444728653532,0.0925691868646697));
#5860=CARTESIAN_POINT('',(-0.0770256041225694,0.0572189553471152,0.092909839253166));
#5861=CARTESIAN_POINT('',(-0.0771140912068385,0.0561869335729313,0.0930078417356457));
#5862=CARTESIAN_POINT('',(-0.0771138792732592,0.0557000000000001,0.0930076070096779));
#5863=CARTESIAN_POINT('',(-0.0750523914166658,0.0587169282698596,0.0936205265491137));
#5864=CARTESIAN_POINT('',(-0.0752574830728052,0.058244472994569,0.0938538390698409));
#5865=CARTESIAN_POINT('',(-0.0755604817321137,0.057218955442488,0.0941985304599706));
#5866=CARTESIAN_POINT('',(-0.0756476516067384,0.0561869336032852,0.0942976948769952));
#5867=CARTESIAN_POINT('',(-0.0756474428252865,0.0557,0.094297457370234));
#5868=CARTESIAN_POINT('',(-0.0754425194168481,0.0587,0.0932911196218297));
#5869=CARTESIAN_POINT('',(-0.0770020286017787,0.0587,0.0919104329008996));
#5870=CARTESIAN_POINT('',(-0.0800580446522385,0.0587,0.0890861099095856));
#5871=CARTESIAN_POINT('',(-0.0843705433042761,0.0587,0.0845623851067081));
#5872=CARTESIAN_POINT('',(-0.0875794543861528,0.0586999999999999,0.0804393219931872));
#5873=CARTESIAN_POINT('',(-0.0895983377776204,0.0587000000000001,0.0767824735914594));
#5874=CARTESIAN_POINT('',(-0.0902674315114526,0.0586999999999999,0.0747821647952845));
#5875=CARTESIAN_POINT('',(-0.0904136629076281,0.0586999999999999,0.0737613717526876));
#5876=CARTESIAN_POINT('',(-0.0754425194168481,0.0587,0.0932911196218297));
#5877=CARTESIAN_POINT('',(-0.090413662907628,0.0587,0.0737613717526876));
#5878=CARTESIAN_POINT('',(-0.0757518234889445,0.0557,0.0942056157320625));
#5879=CARTESIAN_POINT('',(-0.0757546017376643,0.0566689576315526,0.094203168887242));
#5880=CARTESIAN_POINT('',(-0.0756578837333884,0.0577588408932451,0.0939185005293756));
#5881=CARTESIAN_POINT('',(-0.0754425194168481,0.0587000000000001,0.0932911196218297));
#5882=CARTESIAN_POINT('',(-0.0904136629076309,0.058699999999996,0.0737613717526839));
#5883=CARTESIAN_POINT('',(-0.0910241258785645,0.0578411903720716,0.0734412972623248));
#5884=CARTESIAN_POINT('',(-0.0913707839836694,0.056800933100671,0.0730988545225987));
#5885=CARTESIAN_POINT('',(-0.0913707896386641,0.0557,0.0730988483286695));
#5886=CARTESIAN_POINT('',(-0.0465845470673726,0.0587169283661134,0.0543559435363751));
#5887=CARTESIAN_POINT('',(-0.0466911445955813,0.0582444729123665,0.0540641646612988));
#5888=CARTESIAN_POINT('',(-0.0468486307545958,0.0572189551876146,0.053633096634855));
#5889=CARTESIAN_POINT('',(-0.0468939382908625,0.0561869335097959,0.0535090826196966));
#5890=CARTESIAN_POINT('',(-0.0468938297630004,0.0557,0.0535093796378769));
#5891=CARTESIAN_POINT('',(-0.0495257080035954,0.058716930394248,0.0554266147443168));
#5892=CARTESIAN_POINT('',(-0.0496181286901695,0.0582444749013048,0.0551297773057752));
#5893=CARTESIAN_POINT('',(-0.0497546680055271,0.057218956655715,0.0546912348431993));
#5894=CARTESIAN_POINT('',(-0.0497939487323456,0.0561869339770436,0.0545650702266882));
#5895=CARTESIAN_POINT('',(-0.0497938546664579,0.0557,0.054565372408327));
#5896=CARTESIAN_POINT('',(-0.0541576995707388,0.0587169293383404,0.0567691131813177));
#5897=CARTESIAN_POINT('',(-0.0542375183700536,0.0582444738658204,0.0564688552288479));
#5898=CARTESIAN_POINT('',(-0.054355441477795,0.0572189558914092,0.0560252599883039));
#5899=CARTESIAN_POINT('',(-0.0543893669206298,0.0561869337337906,0.0558976419057039));
#5900=CARTESIAN_POINT('',(-0.0543892856620942,0.0557,0.0558979475608274));
#5901=CARTESIAN_POINT('',(-0.0605500378775466,0.0587169303114515,0.058366286588386));
#5902=CARTESIAN_POINT('',(-0.0606232075121647,0.0582444748200952,0.0580643819368427));
#5903=CARTESIAN_POINT('',(-0.0607313070137208,0.0572189565957537,0.0576183536904996));
#5904=CARTESIAN_POINT('',(-0.0607624062292749,0.0561869339579598,0.0574900355975149));
#5905=CARTESIAN_POINT('',(-0.0607623317429523,0.0557,0.0574903429318586));
#5906=CARTESIAN_POINT('',(-0.0654234802173081,0.0587169301416498,0.0595370768696455));
#5907=CARTESIAN_POINT('',(-0.0654961747939609,0.0582444746535754,0.0592350626212389));
#5908=CARTESIAN_POINT('',(-0.0656035720379229,0.0572189564728401,0.0587888723713858));
#5909=CARTESIAN_POINT('',(-0.0656344691151833,0.0561869339188405,0.0586605076503792));
#5910=CARTESIAN_POINT('',(-0.0656343951177343,0.0557,0.0586608150973449));
#5911=CARTESIAN_POINT('',(-0.0700841085498711,0.0587169286385189,0.0606862355475912));
#5912=CARTESIAN_POINT('',(-0.0701608140103921,0.0582444731795733,0.0603851922670477));
#5913=CARTESIAN_POINT('',(-0.0702741380031116,0.0572189553849313,0.0599404370089997));
#5914=CARTESIAN_POINT('',(-0.0703067404385382,0.0561869335725956,0.0598124852554572));
#5915=CARTESIAN_POINT('',(-0.0703066623436377,0.0557,0.0598127917072742));
#5916=CARTESIAN_POINT('',(-0.0742407469703158,0.058716930248545,0.0618066401223926));
#5917=CARTESIAN_POINT('',(-0.0743255735011713,0.05824447475842,0.061507746274296));
#5918=CARTESIAN_POINT('',(-0.0744508939903364,0.0572189565502491,0.06106616590717));
#5919=CARTESIAN_POINT('',(-0.0744869473488848,0.0561869339434772,0.060939127371519));
#5920=CARTESIAN_POINT('',(-0.0744868610045878,0.0557,0.0609394316436682));
#5921=CARTESIAN_POINT('',(-0.0776009964145589,0.0587169300148501,0.0628332129729043));
#5922=CARTESIAN_POINT('',(-0.0776968270254629,0.0582444745292133,0.062537638939528));
#5923=CARTESIAN_POINT('',(-0.0778384059356345,0.0572189563810277,0.0621009636705179));
#5924=CARTESIAN_POINT('',(-0.0778791369841538,0.0561869338896197,0.0619753364012625));
#5925=CARTESIAN_POINT('',(-0.0778790394230764,0.0557000000000001,0.0619756372880895));
#5926=CARTESIAN_POINT('',(-0.0802863599354539,0.0587169295105647,0.063775145916301));
#5927=CARTESIAN_POINT('',(-0.0803951625762126,0.0582444740347703,0.0634840480495758));
#5928=CARTESIAN_POINT('',(-0.080555904491749,0.0572189560161861,0.0630539852060771));
#5929=CARTESIAN_POINT('',(-0.0806021481551048,0.0561869337735031,0.0629302601299599));
#5930=CARTESIAN_POINT('',(-0.0806020374086388,0.0556999999999999,0.0629305564670316));
#5931=CARTESIAN_POINT('',(-0.0828735042942672,0.0587169315147325,0.0648236215464171));
#5932=CARTESIAN_POINT('',(-0.0829999230041184,0.0582444760000343,0.064539634257667));
#5933=CARTESIAN_POINT('',(-0.0831866927143928,0.0572189574665956,0.0641200771217476));
#5934=CARTESIAN_POINT('',(-0.0832404248518,0.0561869342351195,0.0639993745896117));
#5935=CARTESIAN_POINT('',(-0.0832402961463048,0.0557,0.0639996636807166));
#5936=CARTESIAN_POINT('',(-0.0846345547436938,0.058716927770616,0.0656862487028985));
#5937=CARTESIAN_POINT('',(-0.084778535092238,0.0582444723285164,0.065410551962582));
#5938=CARTESIAN_POINT('',(-0.0849912477518931,0.0572189547568291,0.0650032425165877));
#5939=CARTESIAN_POINT('',(-0.085052442873806,0.0561869333726918,0.0648860634048762));
#5940=CARTESIAN_POINT('',(-0.0850522963185087,0.0557,0.0648863440623956));
#5941=CARTESIAN_POINT('',(-0.0856979149046379,0.0587169300299567,0.0663171175265186));
#5942=CARTESIAN_POINT('',(-0.0858571498387615,0.0582444745440499,0.0660503932099049));
#5943=CARTESIAN_POINT('',(-0.0860924004698172,0.0572189563920072,0.0656563397147743));
#5944=CARTESIAN_POINT('',(-0.0861600798282719,0.0561869338931141,0.0655429742631095));
#5945=CARTESIAN_POINT('',(-0.0861599177302886,0.0557,0.065543245784464));
#5946=CARTESIAN_POINT('',(-0.0469043395401983,0.0587,0.0544600822967984));
#5947=CARTESIAN_POINT('',(-0.0470710180128926,0.0578064312380267,0.053902036625803));
#5948=CARTESIAN_POINT('',(-0.0471002522910091,0.0567587167478332,0.0535844044254839));
#5949=CARTESIAN_POINT('',(-0.0471002529203194,0.0557,0.0535843985742616));
#5950=CARTESIAN_POINT('',(-0.0469043395401983,0.0587,0.0544600822967984));
#5951=CARTESIAN_POINT('',(-0.0851293411194709,0.0587,0.0659762700065423));
#5952=CARTESIAN_POINT('',(-0.0836735248381337,0.0587,0.0651637477615763));
#5953=CARTESIAN_POINT('',(-0.0806128563447519,0.0587,0.0638268943497595));
#5954=CARTESIAN_POINT('',(-0.0742820703942283,0.0587,0.0617302897359194));
#5955=CARTESIAN_POINT('',(-0.0661958318479051,0.0587,0.0596946786764388));
#5956=CARTESIAN_POINT('',(-0.0564654572177564,0.0587,0.0573933798465069));
#5957=CARTESIAN_POINT('',(-0.0500414825919248,0.0587,0.0555879158368028));
#5958=CARTESIAN_POINT('',(-0.0469043395402041,0.0587,0.0544600822968005));
#5959=CARTESIAN_POINT('',(-0.08512934111947,0.0587,0.0659762700065417));
#5960=CARTESIAN_POINT('',(-0.0858901329210414,0.0557,0.0653846950055949));
#5961=CARTESIAN_POINT('',(-0.0858901271966621,0.056759557173896,0.0653846980285201));
#5962=CARTESIAN_POINT('',(-0.0855741244081102,0.0578132497914774,0.0655636260710906));
#5963=CARTESIAN_POINT('',(-0.0851293411194691,0.0587,0.0659762700065411));
#5964=CARTESIAN_POINT('',(-0.0317246173513743,0.0587169273099832,0.0391201502402436));
#5965=CARTESIAN_POINT('',(-0.0320352511970932,0.0582444721365358,0.0391221033003929));
#5966=CARTESIAN_POINT('',(-0.032494175741239,0.0572189549007404,0.0391249889520613));
#5967=CARTESIAN_POINT('',(-0.0326262039832671,0.0561869334367042,0.0391258192070584));
#5968=CARTESIAN_POINT('',(-0.0326258877636289,0.0557,0.03912581721484));
#5969=CARTESIAN_POINT('',(-0.0317208729009571,0.0587169272317248,0.0398082134166326));
#5970=CARTESIAN_POINT('',(-0.0320316036633149,0.0582444720597864,0.0397934396810575));
#5971=CARTESIAN_POINT('',(-0.0324906713662709,0.0572189548440828,0.0397716123861476));
#5972=CARTESIAN_POINT('',(-0.0326227407860973,0.0561869334186718,0.0397653325860718));
#5973=CARTESIAN_POINT('',(-0.0326224244681841,0.0557,0.0397653476402455));
#5974=CARTESIAN_POINT('',(-0.0318057899712719,0.0587169273775334,0.0409697960312884));
#5975=CARTESIAN_POINT('',(-0.0321144305448836,0.0582444722028016,0.0409252124511426));
#5976=CARTESIAN_POINT('',(-0.0325704101879585,0.0572189549496872,0.0408593461180416));
#5977=CARTESIAN_POINT('',(-0.0327015911818722,0.0561869334522831,0.0408403972041588));
#5978=CARTESIAN_POINT('',(-0.0327012769927528,0.0557,0.0408404425790926));
#5979=CARTESIAN_POINT('',(-0.0322070757736346,0.058716927225678,0.0427272624690402));
#5980=CARTESIAN_POINT('',(-0.0325050025869335,0.0582444720537809,0.0426356470167563));
#5981=CARTESIAN_POINT('',(-0.0329451546845894,0.0572189548395316,0.0425002977318602));
#5982=CARTESIAN_POINT('',(-0.0330717825091529,0.056186933417221,0.0424613595983813));
#5983=CARTESIAN_POINT('',(-0.0330714792131232,0.0557,0.0424614528324917));
#5984=CARTESIAN_POINT('',(-0.0328099476499318,0.0587169269197965,0.0442974259128934));
#5985=CARTESIAN_POINT('',(-0.0330917607909135,0.0582444717539943,0.0441639915428876));
#5986=CARTESIAN_POINT('',(-0.0335081043011881,0.0572189546185447,0.0439668542456181));
#5987=CARTESIAN_POINT('',(-0.0336278817384501,0.0561869333468947,0.043910138365794));
#5988=CARTESIAN_POINT('',(-0.0336275948901516,0.0557,0.0439102742672384));
#5989=CARTESIAN_POINT('',(-0.0337062900081263,0.058716928651787,0.0458812050859566));
#5990=CARTESIAN_POINT('',(-0.033965426995406,0.0582444734523354,0.0457079925369297));
#5991=CARTESIAN_POINT('',(-0.0343482717667963,0.0572189558718748,0.0454520926730394));
#5992=CARTESIAN_POINT('',(-0.0344584128152822,0.0561869337457829,0.0453784730789568));
#5993=CARTESIAN_POINT('',(-0.0344581490066501,0.0557,0.0453786493875472));
#5994=CARTESIAN_POINT('',(-0.0348559741712797,0.0587169277037798,0.0473697410049118));
#5995=CARTESIAN_POINT('',(-0.0350890322551694,0.058244472522703,0.0471630727189832));
#5996=CARTESIAN_POINT('',(-0.0354333475733769,0.0572189551857601,0.0468577444230901));
#5997=CARTESIAN_POINT('',(-0.0355324037373136,0.0561869335274166,0.046769904201405));
#5998=CARTESIAN_POINT('',(-0.0355321664929197,0.0557,0.0467701145942577));
#5999=CARTESIAN_POINT('',(-0.0366804500821431,0.0587169266956909,0.0491943316295594));
#6000=CARTESIAN_POINT('',(-0.0368781702623455,0.0582444715341783,0.0489527178661303));
#6001=CARTESIAN_POINT('',(-0.0371702788984979,0.0572189544562054,0.0485957630599324));
#6002=CARTESIAN_POINT('',(-0.0372543159766454,0.0561869332952241,0.0484930707947705));
#6003=CARTESIAN_POINT('',(-0.0372541146914221,0.0557,0.0484933167406525));
#6004=CARTESIAN_POINT('',(-0.0383812036964774,0.0587169233271465,0.0504118858755998));
#6005=CARTESIAN_POINT('',(-0.0385542955995208,0.0582444682307973,0.0501534655432044));
#6006=CARTESIAN_POINT('',(-0.0388100181443177,0.0572189520179384,0.0497716805658189));
#6007=CARTESIAN_POINT('',(-0.0388835870462454,0.056186932519204,0.0496618447273735));
#6008=CARTESIAN_POINT('',(-0.0388834108443774,0.0557,0.0496621077904917));
#6009=CARTESIAN_POINT('',(-0.0395848362280046,0.0587169272909746,0.0511300531883214));
#6010=CARTESIAN_POINT('',(-0.0397444674755221,0.058244472117903,0.0508635666613495));
#6011=CARTESIAN_POINT('',(-0.0399803030858157,0.0572189548869994,0.0504698641910209));
#6012=CARTESIAN_POINT('',(-0.0400481505930349,0.0561869334323311,0.0503565996241528));
#6013=CARTESIAN_POINT('',(-0.0400479880995015,0.0557,0.0503568709075164));
#6014=CARTESIAN_POINT('',(-0.032937785505607,0.0557,0.0418403330760476));
#6015=CARTESIAN_POINT('',(-0.0327562822941579,0.0557,0.0410961276761616));
#6016=CARTESIAN_POINT('',(-0.0326582708288569,0.0557,0.0403536527561244));
#6017=CARTESIAN_POINT('',(-0.0326324736132896,0.0557,0.0396002935465233));
#6018=CARTESIAN_POINT('',(-0.0326324738751987,0.0557,0.0396002935375546));
#6019=CARTESIAN_POINT('',(-0.0326324736132896,0.0557,0.0396002935465215));
#6020=CARTESIAN_POINT('',(-0.0326324736132896,0.0562828469294144,0.0396002935465215));
#6021=CARTESIAN_POINT('',(-0.0325420523063173,0.0568510178065396,0.0396002935465218));
#6022=CARTESIAN_POINT('',(-0.0323615124693543,0.0574045617743371,0.0396002935465218));
#6023=CARTESIAN_POINT('',(-0.0323615124693543,0.057404561774337,0.0396002935465214));
#6024=CARTESIAN_POINT('',(-0.0323622184225139,0.057382533834156,0.0392766388983953));
#6025=CARTESIAN_POINT('',(-0.0323621425444772,0.0573849014655369,0.0393848520572886));
#6026=CARTESIAN_POINT('',(-0.0323619046260979,0.0573923252609487,0.0394927315854045));
#6027=CARTESIAN_POINT('',(-0.0323615124693543,0.0574045617743371,0.0396002935465213));
#6028=CARTESIAN_POINT('',(-0.0323622184225139,0.057382533834156,0.0392766388983952));
#6029=CARTESIAN_POINT('',(-0.0317354265447629,0.0587,0.0392039140296409));
#6030=CARTESIAN_POINT('',(-0.0320047112031449,0.058286224283207,0.0392143400757168));
#6031=CARTESIAN_POINT('',(-0.0322127467801958,0.057847100494057,0.0392459508798553));
#6032=CARTESIAN_POINT('',(-0.0323622184225139,0.057382533834156,0.0392766388983951));
#6033=CARTESIAN_POINT('',(-0.031735426544763,0.0587,0.039203914029641));
#6034=CARTESIAN_POINT('',(-0.0394264436075468,0.0587,0.0510214881951856));
#6035=CARTESIAN_POINT('',(-0.0383734194011959,0.0587,0.0503805231087541));
#6036=CARTESIAN_POINT('',(-0.0363562798550525,0.0587,0.0489554283744119));
#6037=CARTESIAN_POINT('',(-0.0338196702897308,0.0587,0.0462578344171839));
#6038=CARTESIAN_POINT('',(-0.032104953946837,0.0587,0.0429099860479339));
#6039=CARTESIAN_POINT('',(-0.0317357813391704,0.0587,0.0404418018937066));
#6040=CARTESIAN_POINT('',(-0.031735426544763,0.0587,0.0392039140296502));
#6041=CARTESIAN_POINT('',(-0.0394264436075407,0.0587,0.0510214881951818));
#6042=CARTESIAN_POINT('',(-0.0399647463391107,0.0557,0.0503067963756296));
#6043=CARTESIAN_POINT('',(-0.0399647423740153,0.0567511170279919,0.0503068006260198));
#6044=CARTESIAN_POINT('',(-0.039744038959672,0.0578063759216825,0.0505339781665906));
#6045=CARTESIAN_POINT('',(-0.0394264436075407,0.0587,0.0510214881951819));
#6046=CARTESIAN_POINT('',(-0.0129115291930584,0.0557000000015576,0.0639052812151904));
#6047=CARTESIAN_POINT('',(-0.0129113769609613,0.0561869357336459,0.0639055583945434));
#6048=CARTESIAN_POINT('',(-0.0129749362757434,0.0572189623811955,0.0637898315690668));
#6049=CARTESIAN_POINT('',(-0.0131958658063356,0.0582444840756686,0.063387569935182));
#6050=CARTESIAN_POINT('',(-0.0133454070700651,0.0587169407200749,0.0631152898356571));
#6051=CARTESIAN_POINT('',(-0.0167136672942831,0.0557000000015575,0.0659899576034091));
#6052=CARTESIAN_POINT('',(-0.0167135069687738,0.0561869356775985,0.0659902303813466));
#6053=CARTESIAN_POINT('',(-0.0167804452585019,0.0572189622050955,0.0658763408046514));
#6054=CARTESIAN_POINT('',(-0.0170131199366917,0.0582444838371797,0.0654804652951039));
#6055=CARTESIAN_POINT('',(-0.0171706111521753,0.0587169404769335,0.0652125077361858));
#6056=CARTESIAN_POINT('',(-0.0222395158193771,0.0557000000015576,0.0693678510143843));
#6057=CARTESIAN_POINT('',(-0.0222393423096191,0.0561869356510523,0.0693681156659957));
#6058=CARTESIAN_POINT('',(-0.0223117855355166,0.0572189621216805,0.0692576194669686));
#6059=CARTESIAN_POINT('',(-0.0225635951987473,0.0582444837238575,0.068873539291235));
#6060=CARTESIAN_POINT('',(-0.0227340384151716,0.0587169403612031,0.0686135657509882));
#6061=CARTESIAN_POINT('',(-0.0293731051202553,0.0557000000015576,0.0743923431312719));
#6062=CARTESIAN_POINT('',(-0.02937291823183,0.0561869366159236,0.0743925982986549));
#6063=CARTESIAN_POINT('',(-0.0294509435267813,0.0572189651533361,0.0742860620170633));
#6064=CARTESIAN_POINT('',(-0.0297221555429272,0.0582444878318561,0.0739157463617261));
#6065=CARTESIAN_POINT('',(-0.0299057311995372,0.0587169445506157,0.0736650896276354));
#6066=CARTESIAN_POINT('',(-0.0346966092731768,0.0557000000015576,0.0783845132974016));
#6067=CARTESIAN_POINT('',(-0.0346964179458401,0.0561869326848139,0.0783847650321791));
#6068=CARTESIAN_POINT('',(-0.0347763156424041,0.0572189528016809,0.0782796633163492));
#6069=CARTESIAN_POINT('',(-0.0350540395580893,0.0582444710955694,0.0779143344351751));
#6070=CARTESIAN_POINT('',(-0.0352420254682759,0.0587169274829952,0.0776670534687022));
#6071=CARTESIAN_POINT('',(-0.0399115057388586,0.0557000000015576,0.0822880869424215));
#6072=CARTESIAN_POINT('',(-0.0399113203984841,0.056186942737682,0.0822883433839989));
#6073=CARTESIAN_POINT('',(-0.0399887041635287,0.0572189843880314,0.0821812978108683));
#6074=CARTESIAN_POINT('',(-0.0402576871749936,0.0582445138920147,0.0818092160436188));
#6075=CARTESIAN_POINT('',(-0.0404397549835027,0.0587169711252445,0.0815573668035572));
#6076=CARTESIAN_POINT('',(-0.0449397938518245,0.0557000000015575,0.0856428767313911));
#6077=CARTESIAN_POINT('',(-0.0449396283468232,0.0561869168493225,0.0856431465974757));
#6078=CARTESIAN_POINT('',(-0.0450087196913107,0.0572189030462446,0.0855304067991325));
#6079=CARTESIAN_POINT('',(-0.0452488764349638,0.0582444036853144,0.0851385157807067));
#6080=CARTESIAN_POINT('',(-0.0454114300355628,0.0587168587425114,0.084873246764193));
#6081=CARTESIAN_POINT('',(-0.0492912015439909,0.0557000000015576,0.0880062151225344));
#6082=CARTESIAN_POINT('',(-0.0492910614202157,0.0561869568351876,0.0880064991931147));
#6083=CARTESIAN_POINT('',(-0.0493495595847645,0.0572190286826877,0.0878879596406179));
#6084=CARTESIAN_POINT('',(-0.049552895809758,0.0582445739049911,0.0874759328712863));
#6085=CARTESIAN_POINT('',(-0.0496905284880259,0.0587170323231958,0.0871970510867588));
#6086=CARTESIAN_POINT('',(-0.0542326447779422,0.0557000000015575,0.0901781013374536));
#6087=CARTESIAN_POINT('',(-0.054232535373931,0.0561869212548908,0.0901783986434582));
#6088=CARTESIAN_POINT('',(-0.0542782126357452,0.0572189168886402,0.0900542228112747));
#6089=CARTESIAN_POINT('',(-0.0544369847001557,0.058244422439455,0.0896225844019158));
#6090=CARTESIAN_POINT('',(-0.0545444526810429,0.0587168778666976,0.0893304141849499));
#6091=CARTESIAN_POINT('',(-0.0577975824316511,0.0557000000015577,0.0912983615891272));
#6092=CARTESIAN_POINT('',(-0.0577974937702535,0.0561869434298259,0.0912986654648748));
#6093=CARTESIAN_POINT('',(-0.0578345157247638,0.057218986562755,0.0911718181112197));
#6094=CARTESIAN_POINT('',(-0.0579632033579519,0.0582445168383161,0.0907309066790496));
#6095=CARTESIAN_POINT('',(-0.0580503094554149,0.058716974129664,0.0904324688235329));
#6096=CARTESIAN_POINT('',(-0.0601944830627754,0.0557000000015576,0.0918990079059334));
#6097=CARTESIAN_POINT('',(-0.0601944060794173,0.0561869357546168,0.0918993146251046));
#6098=CARTESIAN_POINT('',(-0.0602265478821124,0.0572189624470862,0.0917712545312308));
#6099=CARTESIAN_POINT('',(-0.0603382714549978,0.0582444841649411,0.0913261229837172));
#6100=CARTESIAN_POINT('',(-0.0604138941445276,0.05871694081111,0.091024825400721));
#6101=CARTESIAN_POINT('',(-0.0131816690881398,0.0557000000015576,0.0640540174930407));
#6102=CARTESIAN_POINT('',(-0.016931076705249,0.0557000000015575,0.0661235544226135));
#6103=CARTESIAN_POINT('',(-0.0223893208428892,0.0557000000015576,0.0694683629047722));
#6104=CARTESIAN_POINT('',(-0.0294357534096077,0.0557000000015575,0.0744394189577015));
#6105=CARTESIAN_POINT('',(-0.0346976496874623,0.0557000000015576,0.0783851245893115));
#6106=CARTESIAN_POINT('',(-0.0401514411999184,0.0557000000015575,0.0824681780317394));
#6107=CARTESIAN_POINT('',(-0.0461524608367724,0.0557000000015576,0.0864410448038274));
#6108=CARTESIAN_POINT('',(-0.0527969528195186,0.0557000000015576,0.0897050499292011));
#6109=CARTESIAN_POINT('',(-0.0574858241436132,0.0557000000015576,0.0912042426026983));
#6110=CARTESIAN_POINT('',(-0.0598534832040835,0.0557000000015576,0.0918124195226272));
#6111=CARTESIAN_POINT('',(-0.0598534824359638,0.0557000000019116,0.0918124225128542));
#6112=CARTESIAN_POINT('',(-0.0131816691114467,0.0557000000019116,0.0640540174508151));
#6113=CARTESIAN_POINT('',(-0.0599769485041177,0.0587,0.0909249212843508));
#6114=CARTESIAN_POINT('',(-0.0598553001043613,0.0578063628272207,0.0914941656236741));
#6115=CARTESIAN_POINT('',(-0.0598534896197494,0.0567586005999699,0.0918124152638573));
#6116=CARTESIAN_POINT('',(-0.0598534894722527,0.0557,0.0918124211327217));
#6117=CARTESIAN_POINT('',(-0.0599769485041171,0.0587,0.0909249212843504));
#6118=CARTESIAN_POINT('',(-0.0138151127536937,0.0587,0.0633870300778483));
#6119=CARTESIAN_POINT('',(-0.0177556393966739,0.0587,0.0655701919084817));
#6120=CARTESIAN_POINT('',(-0.023508019600412,0.0586999999999999,0.0691290516031494));
#6121=CARTESIAN_POINT('',(-0.0308425085599216,0.0587000000000001,0.0743669265026177));
#6122=CARTESIAN_POINT('',(-0.0380297092635244,0.0586999999999999,0.0797927367503316));
#6123=CARTESIAN_POINT('',(-0.0453326053375579,0.0587000000000001,0.085122319324785));
#6124=CARTESIAN_POINT('',(-0.053495148006045,0.0587,0.08899376666927));
#6125=CARTESIAN_POINT('',(-0.057796186488776,0.0587,0.0903609750321396));
#6126=CARTESIAN_POINT('',(-0.0599769485041173,0.0587,0.0909249212843504));
#6127=CARTESIAN_POINT('',(-0.0138151127536938,0.0587,0.0633870300778482));
#6128=CARTESIAN_POINT('',(-0.0131816687456618,0.0557,0.0640540173040053));
#6129=CARTESIAN_POINT('',(-0.0131816735064149,0.056754060924346,0.0640540135447336));
#6130=CARTESIAN_POINT('',(-0.0134420763751568,0.0578082831080881,0.063843791550211));
#6131=CARTESIAN_POINT('',(-0.0138151127536939,0.0587,0.0633870300778484));
#6132=CARTESIAN_POINT('',(-0.068152296868983,0.0557,0.0934245164123893));
#6133=CARTESIAN_POINT('',(-0.0681522264214739,0.056186730994811,0.0934250187028582));
#6134=CARTESIAN_POINT('',(-0.0681706272315633,0.0572190761634579,0.093293822172564));
#6135=CARTESIAN_POINT('',(-0.0682342889691958,0.0582444244587144,0.0928399185355743));
#6136=CARTESIAN_POINT('',(-0.0682774805085875,0.0587169238730685,0.0925319661216361));
#6137=CARTESIAN_POINT('',(-0.0707161883633236,0.0557000000000001,0.0937837177444809));
#6138=CARTESIAN_POINT('',(-0.0707161320216499,0.0561867309119401,0.0937842220035044));
#6139=CARTESIAN_POINT('',(-0.0707308485433911,0.0572190759030694,0.0936525110808607));
#6140=CARTESIAN_POINT('',(-0.0707817636864135,0.0582444241053538,0.0931968277452778));
#6141=CARTESIAN_POINT('',(-0.0708163072721029,0.0587169235130967,0.09288766786181));
#6142=CARTESIAN_POINT('',(-0.0732621799076827,0.0556999999999998,0.0940324879026754));
#6143=CARTESIAN_POINT('',(-0.0732621350341397,0.0561867311309952,0.0940329932082769));
#6144=CARTESIAN_POINT('',(-0.0732738559794033,0.0572190765913617,0.0939010094826212));
#6145=CARTESIAN_POINT('',(-0.0733144072290211,0.0582444250394017,0.0934443824389443));
#6146=CARTESIAN_POINT('',(-0.0733419193773727,0.0587169244646204,0.0931345823650001));
#6147=CARTESIAN_POINT('',(-0.0757969098356463,0.0557000000000003,0.0942087520653992));
#6148=CARTESIAN_POINT('',(-0.0757968747155357,0.0561867310223601,0.094209258054926));
#6149=CARTESIAN_POINT('',(-0.0758060478240712,0.0572190762500188,0.0940770953843077));
#6150=CARTESIAN_POINT('',(-0.075837784208035,0.0582444245761808,0.0936198491778468));
#6151=CARTESIAN_POINT('',(-0.07585931584121,0.0587169239927324,0.0933096289912795));
#6152=CARTESIAN_POINT('',(-0.0681979013460433,0.0557000000015576,0.0934309012407147));
#6153=CARTESIAN_POINT('',(-0.0707311583668375,0.0557000000015576,0.0937849232541006));
#6154=CARTESIAN_POINT('',(-0.0732471233887479,0.0557000000015577,0.0940309470852825));
#6155=CARTESIAN_POINT('',(-0.0757518241712942,0.0557000000015576,0.0942056157796468));
#6156=CARTESIAN_POINT('',(-0.0681979016695085,0.0557000000019116,0.0934308989260636));
#6157=CARTESIAN_POINT('',(-0.0684156448096708,0.0587,0.0925624014649504));
#6158=CARTESIAN_POINT('',(-0.0707486207780485,0.0587,0.0928859548345008));
#6159=CARTESIAN_POINT('',(-0.0730933655844817,0.0587,0.0931204962242111));
#6160=CARTESIAN_POINT('',(-0.075442519416848,0.0587,0.0932911196218297));
#6161=CARTESIAN_POINT('',(-0.0684156448096708,0.0587,0.0925624014649504));
#6162=CARTESIAN_POINT('',(-0.0681978974578556,0.0557,0.0934309006973416));
#6163=CARTESIAN_POINT('',(-0.0681978994929538,0.0567511839059201,0.0934308952372993));
#6164=CARTESIAN_POINT('',(-0.0683149849025557,0.0578063519065533,0.0931355863320074));
#6165=CARTESIAN_POINT('',(-0.0684156448096711,0.0587,0.0925624014649504));
#6166=CARTESIAN_POINT('',(-0.0670248139109718,0.0412,0.0876216834599764));
#6167=CARTESIAN_POINT('',(-0.0670122451723198,0.0411998784466622,0.087698234399235));
#6168=CARTESIAN_POINT('',(-0.0669993552229739,0.0412001503268818,0.0877767403478253));
#6169=CARTESIAN_POINT('',(-0.0669659311757156,0.0412061518470034,0.0879803103015483));
#6170=CARTESIAN_POINT('',(-0.0669132874042862,0.0412299054228877,0.0883009372413616));
#6171=CARTESIAN_POINT('',(-0.0668155995404197,0.0413182577456483,0.088895906428874));
#6172=CARTESIAN_POINT('',(-0.0666823073919807,0.0415628941616684,0.0897077220850928));
#6173=CARTESIAN_POINT('',(-0.0665277451640427,0.0420427629157481,0.0906490827552013));
#6174=CARTESIAN_POINT('',(-0.0663823117364894,0.0427629806875776,0.0915348434133163));
#6175=CARTESIAN_POINT('',(-0.0662640611339244,0.0436550943026762,0.0922550468309196));
#6176=CARTESIAN_POINT('',(-0.0661519875425333,0.0449909003418048,0.0929376288275249));
#6177=CARTESIAN_POINT('',(-0.066122341353322,0.0460498738410194,0.0931181882043567));
#6178=CARTESIAN_POINT('',(-0.0661227002866467,0.0467,0.0931160021441753));
#6179=CARTESIAN_POINT('',(-0.0700642065963281,0.0411999999999999,0.0881198506114834));
#6180=CARTESIAN_POINT('',(-0.0700546540572926,0.0411998784466989,0.088196892635752));
#6181=CARTESIAN_POINT('',(-0.0700448567809608,0.0412001503268362,0.0882759021254689));
#6182=CARTESIAN_POINT('',(-0.0700194528289403,0.0412061518451438,0.0884807778858014));
#6183=CARTESIAN_POINT('',(-0.0699794403832661,0.0412299054138777,0.0888034614252975));
#6184=CARTESIAN_POINT('',(-0.0699051922363673,0.0413182577104973,0.0894022470127424));
#6185=CARTESIAN_POINT('',(-0.0698038820375624,0.0415628940593459,0.0902192699400308));
#6186=CARTESIAN_POINT('',(-0.0696864051100701,0.0420427627075962,0.0911666688818452));
#6187=CARTESIAN_POINT('',(-0.0695758661447211,0.0427629803841089,0.0920581112033241));
#6188=CARTESIAN_POINT('',(-0.0694859876558584,0.0436550939692256,0.0927829343763156));
#6189=CARTESIAN_POINT('',(-0.0694008039098583,0.0449909000832211,0.093469894848903));
#6190=CARTESIAN_POINT('',(-0.0693782706643942,0.046049873742415,0.0936516124582909));
#6191=CARTESIAN_POINT('',(-0.0693785434865289,0.0467,0.0936494123733324));
#6192=CARTESIAN_POINT('',(-0.073123103737115,0.0412000000000002,0.0884414699059804));
#6193=CARTESIAN_POINT('',(-0.073115850873377,0.0411998784467126,0.0885187257116593));
#6194=CARTESIAN_POINT('',(-0.0731084137487962,0.0412001503268195,0.0885979545834027));
#6195=CARTESIAN_POINT('',(-0.0730891277834209,0.0412061518444631,0.0888033990515967));
#6196=CARTESIAN_POINT('',(-0.0730587528052,0.0412299054105769,0.0891269784425713));
#6197=CARTESIAN_POINT('',(-0.0730023867329159,0.0413182576976204,0.0897274262889142));
#6198=CARTESIAN_POINT('',(-0.0729254781413553,0.0415628940218636,0.0905467175121339));
#6199=CARTESIAN_POINT('',(-0.0728362967729527,0.0420427626313524,0.0914967467655974));
#6200=CARTESIAN_POINT('',(-0.0727523831554239,0.0427629802729591,0.0923906641821738));
#6201=CARTESIAN_POINT('',(-0.0726841539502992,0.0436550938471014,0.0931174999127523));
#6202=CARTESIAN_POINT('',(-0.0726194889820131,0.0449908999885215,0.0938063678794624));
#6203=CARTESIAN_POINT('',(-0.072602383584431,0.0460498737063043,0.0939885900925257));
#6204=CARTESIAN_POINT('',(-0.0726025906781976,0.0467000000000002,0.0939863838958837));
#6205=CARTESIAN_POINT('',(-0.0761938729566263,0.0411999999999998,0.0886550247525478));
#6206=CARTESIAN_POINT('',(-0.076188509123139,0.0411998784466863,0.0887324149762289));
#6207=CARTESIAN_POINT('',(-0.076183007522705,0.0412001503268515,0.0888117815955397));
#6208=CARTESIAN_POINT('',(-0.0761687424983955,0.0412061518457771,0.0890175833692849));
#6209=CARTESIAN_POINT('',(-0.0761462741311903,0.0412299054169462,0.0893417254349216));
#6210=CARTESIAN_POINT('',(-0.0761045816531884,0.0413182577224692,0.089943217500202));
#6211=CARTESIAN_POINT('',(-0.0760476928784928,0.0415628940941955,0.0907639333911895));
#6212=CARTESIAN_POINT('',(-0.0759817262956979,0.0420427627784904,0.0917156146173734));
#6213=CARTESIAN_POINT('',(-0.0759196556819253,0.0427629804874674,0.0926110863253757));
#6214=CARTESIAN_POINT('',(-0.0758691865921777,0.0436550940827962,0.0933391857614427));
#6215=CARTESIAN_POINT('',(-0.075821353788232,0.0449909001712928,0.094029251357391));
#6216=CARTESIAN_POINT('',(-0.0758087008344138,0.046049873775999,0.0942117903465371));
#6217=CARTESIAN_POINT('',(-0.0758088540278477,0.0466999999999998,0.0942095803170061));
#6218=CARTESIAN_POINT('',(-0.0738368851573848,0.0412,0.0885367378642849));
#6219=CARTESIAN_POINT('',(-0.0734749022894802,0.0412,0.0885044281376829));
#6220=CARTESIAN_POINT('',(-0.0731132057364306,0.0412,0.0884703710948643));
#6221=CARTESIAN_POINT('',(-0.0727518087566962,0.0412,0.088434472387661));
#6222=CARTESIAN_POINT('',(-0.0719495129978455,0.0412,0.088354777807594));
#6223=CARTESIAN_POINT('',(-0.0711486937287373,0.0412,0.088266006036794));
#6224=CARTESIAN_POINT('',(-0.0703495057837651,0.0412,0.0881669757365933));
#6225=CARTESIAN_POINT('',(-0.0700908962535748,0.0412,0.088134930484196));
#6226=CARTESIAN_POINT('',(-0.069832457530055,0.0412,0.0881018111504563));
#6227=CARTESIAN_POINT('',(-0.0695741961755002,0.0412,0.0880675705127581));
#6228=CARTESIAN_POINT('',(-0.0690332683829105,0.0412,0.0879958535785737));
#6229=CARTESIAN_POINT('',(-0.0684931108445635,0.0412,0.0879192179731658));
#6230=CARTESIAN_POINT('',(-0.0679538381890401,0.0412000000000012,0.0878372386413189));
#6231=CARTESIAN_POINT('',(-0.0671557533177089,0.041200000000003,0.0877159151070387));
#6232=CARTESIAN_POINT('',(-0.0663596066573993,0.041200000000006,0.087582885430926));
#6233=CARTESIAN_POINT('',(-0.0655657358810171,0.0412000000000026,0.0874365395936694));
#6234=CARTESIAN_POINT('',(-0.0654919318248549,0.0412000000000023,0.0874229342101317));
#6235=CARTESIAN_POINT('',(-0.0654181474365772,0.0412000000000019,0.0874092137697306));
#6236=CARTESIAN_POINT('',(-0.0653443831822327,0.0412000000000016,0.0873953768223135));
#6237=CARTESIAN_POINT('',(-0.0647276440332587,0.0411999999999988,0.0872796868143248));
#6238=CARTESIAN_POINT('',(-0.0641123055758414,0.0412000000000037,0.0871558721318312));
#6239=CARTESIAN_POINT('',(-0.0634980500915864,0.0412000000000025,0.0870229335044245));
#6240=CARTESIAN_POINT('',(-0.0634134598848775,0.0412000000000023,0.0870046262914486));
#6241=CARTESIAN_POINT('',(-0.0633288902281634,0.041200000000002,0.0869861459666994));
#6242=CARTESIAN_POINT('',(-0.0632443403038565,0.0412000000000016,0.0869674898401898));
#6243=CARTESIAN_POINT('',(-0.0632249882495582,0.0412000000000015,0.0869632197669027));
#6244=CARTESIAN_POINT('',(-0.0632056379553871,0.0412000000000014,0.0869589406711707));
#6245=CARTESIAN_POINT('',(-0.0631862894368105,0.0412000000000014,0.0869546525281141));
#6246=CARTESIAN_POINT('',(-0.0627902157510132,0.0412,0.0868668721319588));
#6247=CARTESIAN_POINT('',(-0.0623948859622095,0.041200000000002,0.0867752996681594));
#6248=CARTESIAN_POINT('',(-0.0620001989961452,0.041200000000004,0.0866796292693231));
#6249=CARTESIAN_POINT('',(-0.0617182266270325,0.0412000000000055,0.0866112803970945));
#6250=CARTESIAN_POINT('',(-0.0614365828910556,0.0412000000000059,0.0865408402965191));
#6251=CARTESIAN_POINT('',(-0.0611558941036538,0.0412000000000032,0.0864683839564333));
#6252=CARTESIAN_POINT('',(-0.0610429896059874,0.0412000000000022,0.0864392390562901));
#6253=CARTESIAN_POINT('',(-0.0609301753590572,0.0412000000000016,0.086409752165032));
#6254=CARTESIAN_POINT('',(-0.060817495415384,0.0412000000000011,0.0863799281029064));
#6255=CARTESIAN_POINT('',(-0.0603162684240401,0.0411999999999993,0.0862472636336002));
#6256=CARTESIAN_POINT('',(-0.0598177007672215,0.0411999999999991,0.0861079240173649));
#6257=CARTESIAN_POINT('',(-0.0593223802316999,0.0412000000000015,0.0859616527010646));
#6258=CARTESIAN_POINT('',(-0.0592458060355867,0.0412000000000019,0.0859390398520973));
#6259=CARTESIAN_POINT('',(-0.0591693094012681,0.0412000000000024,0.0859162614294238));
#6260=CARTESIAN_POINT('',(-0.0590928924520739,0.0412000000000031,0.0858933165880371));
#6261=CARTESIAN_POINT('',(-0.0588891957796894,0.0412000000000049,0.0858321549231426));
#6262=CARTESIAN_POINT('',(-0.0586860821314197,0.0412000000000123,0.0857698207034386));
#6263=CARTESIAN_POINT('',(-0.0584835507249444,0.0412000000000388,0.0857062822041864));
#6264=CARTESIAN_POINT('',(-0.0580081388907569,0.041200000000101,0.0855571351904133));
#6265=CARTESIAN_POINT('',(-0.0575359343331932,0.0412000000002985,0.0854013534583923));
#6266=CARTESIAN_POINT('',(-0.0570669356158231,0.0412000000001754,0.0852386126990219));
#6267=CARTESIAN_POINT('',(-0.0567761679425893,0.0412000000000992,0.085137717429611));
#6268=CARTESIAN_POINT('',(-0.0564866201071721,0.0412000000000647,0.0850341634690186));
#6269=CARTESIAN_POINT('',(-0.0561983244721944,0.0412000000000497,0.0849278979848614));
#6270=CARTESIAN_POINT('',(-0.0554450828916688,0.0412000000000107,0.0846502538878634));
#6271=CARTESIAN_POINT('',(-0.0547003904382231,0.0411999999995345,0.0843540989537259));
#6272=CARTESIAN_POINT('',(-0.0539646148181513,0.0412000000011087,0.0840387748379455));
#6273=CARTESIAN_POINT('',(-0.0536865290932725,0.0412000000017037,0.0839195983758333));
#6274=CARTESIAN_POINT('',(-0.0534097169411028,0.0412000000026758,0.0837976838062129));
#6275=CARTESIAN_POINT('',(-0.0531341592790258,0.0412000000046887,0.0836730851731126));
#6276=CARTESIAN_POINT('',(-0.0524105762675165,0.0412000000099746,0.083345903364815));
#6277=CARTESIAN_POINT('',(-0.0516957742867394,0.0412000000055898,0.082999892558495));
#6278=CARTESIAN_POINT('',(-0.0509892173393941,0.0412000000025837,0.0826361704869103));
#6279=CARTESIAN_POINT('',(-0.0505409701722468,0.0412000000006766,0.0824054213748544));
#6280=CARTESIAN_POINT('',(-0.0500960404953792,0.0412000000001208,0.0821675432515364));
#6281=CARTESIAN_POINT('',(-0.0496542829608686,0.0412000000000487,0.0819228147414434));
#6282=CARTESIAN_POINT('',(-0.0495570264499399,0.0412000000000328,0.0818689357712912));
#6283=CARTESIAN_POINT('',(-0.0494599236694484,0.0412000000000291,0.0818147247455924));
#6284=CARTESIAN_POINT('',(-0.0493629703899605,0.0412000000000346,0.0817601895592455));
#6285=CARTESIAN_POINT('',(-0.0485089335937738,0.0412000000000825,0.0812798029640399));
#6286=CARTESIAN_POINT('',(-0.0476666504648274,0.0412000000001533,0.0807740210420159));
#6287=CARTESIAN_POINT('',(-0.0468338518665221,0.0412000000001254,0.0802480868193705));
#6288=CARTESIAN_POINT('',(-0.046465785183314,0.0412000000001131,0.0800156430264671));
#6289=CARTESIAN_POINT('',(-0.0460995708062433,0.0412000000000829,0.0797792635874396));
#6290=CARTESIAN_POINT('',(-0.0457350116484159,0.0412000000000514,0.0795394038730301));
#6291=CARTESIAN_POINT('',(-0.0456669604071113,0.0412000000000455,0.079494629929065));
#6292=CARTESIAN_POINT('',(-0.0455989645733311,0.0412000000000405,0.079449733493642));
#6293=CARTESIAN_POINT('',(-0.0455310225442246,0.0412000000000361,0.0794047173001922));
#6294=CARTESIAN_POINT('',(-0.044856435768412,0.0411999999999929,0.0789577578967423));
#6295=CARTESIAN_POINT('',(-0.0441871522436727,0.0411999999999973,0.0784989935047829));
#6296=CARTESIAN_POINT('',(-0.0435230871798932,0.0412000000000105,0.0780328852918912));
#6297=CARTESIAN_POINT('',(-0.0430850438392688,0.0412000000000192,0.0777254220479952));
#6298=CARTESIAN_POINT('',(-0.0426492715816603,0.0412000000000345,0.0774147630627215));
#6299=CARTESIAN_POINT('',(-0.0422150810049111,0.0412000000001377,0.0771016748191576));
#6300=CARTESIAN_POINT('',(-0.0419913597650963,0.0412000000001909,0.0769403528242263));
#6301=CARTESIAN_POINT('',(-0.0417681357711147,0.0412000000002236,0.0767784330645532));
#6302=CARTESIAN_POINT('',(-0.0415453104989079,0.0412000000002255,0.0766160208699168));
#6303=CARTESIAN_POINT('',(-0.0406140672253152,0.0412000000002334,0.0759372591553832));
#6304=CARTESIAN_POINT('',(-0.0396897855824769,0.0412,0.0752499009595483));
#6305=CARTESIAN_POINT('',(-0.0387670928884034,0.0412,0.0745600068530999));
#6306=CARTESIAN_POINT('',(-0.0383907798439409,0.0412,0.0742786389033786));
#6307=CARTESIAN_POINT('',(-0.0380147328701372,0.0412,0.0739968369138293));
#6308=CARTESIAN_POINT('',(-0.0376386526517588,0.0412,0.0737150491252572));
#6309=CARTESIAN_POINT('',(-0.0369896029435826,0.0412,0.0732287319168464));
#6310=CARTESIAN_POINT('',(-0.0363404541478976,0.0412,0.0727424571026493));
#6311=CARTESIAN_POINT('',(-0.0356902577975242,0.0412,0.0722576806705297));
#6312=CARTESIAN_POINT('',(-0.0352930157839356,0.0412,0.0719615031144348));
#6313=CARTESIAN_POINT('',(-0.0348953876336256,0.0412,0.0716658884645069));
#6314=CARTESIAN_POINT('',(-0.034497133012474,0.0412,0.0713711505690984));
#6315=CARTESIAN_POINT('',(-0.0342435338710971,0.0412,0.0711834684350136));
#6316=CARTESIAN_POINT('',(-0.0339896797308374,0.0412,0.07099614108383));
#6317=CARTESIAN_POINT('',(-0.0337355063449535,0.0412,0.0708092479793806));
#6318=CARTESIAN_POINT('',(-0.0331201254167101,0.0412,0.0703567598020745));
#6319=CARTESIAN_POINT('',(-0.0325028732809443,0.0412,0.0699068168908162));
#6320=CARTESIAN_POINT('',(-0.0318832129378085,0.0412,0.0694600445687709));
#6321=CARTESIAN_POINT('',(-0.0311871973065905,0.0412,0.0689582204272332));
#6322=CARTESIAN_POINT('',(-0.0304881916498893,0.0411999999999921,0.0684604323778468));
#6323=CARTESIAN_POINT('',(-0.0297856280949212,0.0412000000000079,0.0679677156961873));
#6324=CARTESIAN_POINT('',(-0.0293189949986353,0.0412000000000184,0.067640460020699));
#6325=CARTESIAN_POINT('',(-0.0288507924705073,0.0412000000000339,0.0673154414376946));
#6326=CARTESIAN_POINT('',(-0.0283810570080034,0.0412000000001679,0.0669928783275777));
#6327=CARTESIAN_POINT('',(-0.0275137714325349,0.0412000000004154,0.0663973211365335));
#6328=CARTESIAN_POINT('',(-0.0266408873322421,0.0412000000010883,0.0658098538202868));
#6329=CARTESIAN_POINT('',(-0.0257624394700884,0.0412000000018567,0.0652316928906419));
#6330=CARTESIAN_POINT('',(-0.0244087261465287,0.0412000000030408,0.0643407303334526));
#6331=CARTESIAN_POINT('',(-0.0230418005932696,0.0412000000038078,0.0634718692008672));
#6332=CARTESIAN_POINT('',(-0.021660858148162,0.0412000000022007,0.0626257143203447));
#6333=CARTESIAN_POINT('',(-0.0215057244731551,0.0412000000020202,0.0625306581384557));
#6334=CARTESIAN_POINT('',(-0.0213504138975443,0.0412000000018216,0.0624358884998277));
#6335=CARTESIAN_POINT('',(-0.0211949270414814,0.0412000000016155,0.0623414053062245));
#6336=CARTESIAN_POINT('',(-0.0206585419821814,0.0412000000009046,0.0620154653863693));
#6337=CARTESIAN_POINT('',(-0.0201200831101065,0.0412000000005689,0.0616929764743208));
#6338=CARTESIAN_POINT('',(-0.0195795642161723,0.0412000000003637,0.0613739286573031));
#6339=CARTESIAN_POINT('',(-0.0188824001872707,0.041200000000099,0.0609624191540821));
#6340=CARTESIAN_POINT('',(-0.018181809142655,0.0412000000000517,0.0605566342131252));
#6341=CARTESIAN_POINT('',(-0.0174778036483757,0.0412000000000241,0.0601564939451904));
#6342=CARTESIAN_POINT('',(-0.0167738734528575,0.0411999999999965,0.0597563964753113));
#6343=CARTESIAN_POINT('',(-0.0160665295349245,0.0412000000000005,0.0593619424758994));
#6344=CARTESIAN_POINT('',(-0.0153558167287036,0.0412,0.0589730109641437));
#6345=CARTESIAN_POINT('',(-0.014823874797889,0.0412,0.0586819102867576));
#6346=CARTESIAN_POINT('',(-0.0142900456089542,0.0412,0.058393903307893));
#6347=CARTESIAN_POINT('',(-0.0137543608328767,0.0412,0.0581089312098296));
#6348=CARTESIAN_POINT('',(-0.0704783566021767,0.0412,0.0881828516797795));
#6349=CARTESIAN_POINT('',(-0.0670679178781237,0.0412000000000017,0.0876975362953455));
#6350=CARTESIAN_POINT('',(-0.0743223240197469,0.0413788987966947,0.0899753231027465));
#6351=CARTESIAN_POINT('',(-0.0730448193447631,0.0412516114973546,0.0893796128894728));
#6352=CARTESIAN_POINT('',(-0.0717613386302848,0.0412000000103405,0.0887811160032172));
#6353=CARTESIAN_POINT('',(-0.0704783566104286,0.0412,0.0881828516620831));
#6354=CARTESIAN_POINT('',(-0.0757518236514996,0.0467,0.0942056157433982));
#6355=CARTESIAN_POINT('',(-0.0732471230433446,0.0467,0.0940309470511675));
#6356=CARTESIAN_POINT('',(-0.0707311581915973,0.0467,0.0937849232296108));
#6357=CARTESIAN_POINT('',(-0.0681979013460433,0.0467,0.0934309012407147));
#6358=CARTESIAN_POINT('',(-0.0681979016695085,0.0467,0.0934308989260637));
#6359=CARTESIAN_POINT('',(-0.0670679220753616,0.0412000000000221,0.0876975404917592));
#6360=CARTESIAN_POINT('',(-0.067618167131299,0.0412000014459823,0.0882476774615649));
#6361=CARTESIAN_POINT('',(-0.0683856672013073,0.0413260608646547,0.0896436325768347));
#6362=CARTESIAN_POINT('',(-0.0685879637124139,0.0424676987474958,0.0917405138321374));
#6363=CARTESIAN_POINT('',(-0.068315077416264,0.0443900937161078,0.093114952904002));
#6364=CARTESIAN_POINT('',(-0.0681978974578567,0.0459229478757357,0.0934309006973416));
#6365=CARTESIAN_POINT('',(-0.0681978974578567,0.0467,0.0934309006973416));
#6366=CARTESIAN_POINT('',(-0.0131816691347536,0.0557000000022656,0.0640540174085895));
#6367=CARTESIAN_POINT('',(-0.0131816691347536,0.0467,0.0640540174085895));
#6368=CARTESIAN_POINT('',(-0.0244881558339273,0.0557000000022656,0.070294782518421));
#6369=CARTESIAN_POINT('',(-0.0244881558339273,0.0467,0.070294782518421));
#6370=CARTESIAN_POINT('',(-0.0352555701522799,0.0557000000022656,0.0791760536061158));
#6371=CARTESIAN_POINT('',(-0.0352555701522799,0.0467,0.0791760536061158));
#6372=CARTESIAN_POINT('',(-0.0478382691595306,0.0557000000022656,0.0876757430078644));
#6373=CARTESIAN_POINT('',(-0.0478382691595306,0.0467,0.0876757430078644));
#6374=CARTESIAN_POINT('',(-0.0554845230829936,0.0557000000022656,0.0907163822226979));
#6375=CARTESIAN_POINT('',(-0.0554845230829936,0.0467,0.0907163822226979));
#6376=CARTESIAN_POINT('',(-0.0601886770812122,0.0557000000022656,0.0918975569953063));
#6377=CARTESIAN_POINT('',(-0.0601886770812122,0.0467,0.0918975569953063));
#6378=CARTESIAN_POINT('',(-0.0598534816678904,0.0557000000022656,0.0918124255030932));
#6379=CARTESIAN_POINT('',(-0.0131816691348066,0.0467,0.0640540174086188));
#6380=CARTESIAN_POINT('',(-0.0681979019928491,0.0557000000022656,0.0934308966113952));
#6381=CARTESIAN_POINT('',(-0.0681979019928491,0.0466999999998763,0.0934308966113952));
#6382=CARTESIAN_POINT('',(-0.0705199114626226,0.0557000000022656,0.0937553900649129));
#6383=CARTESIAN_POINT('',(-0.0705199114626226,0.0466999999998763,0.0937553900649129));
#6384=CARTESIAN_POINT('',(-0.0730274598049938,0.0557000000022656,0.0940156252626601));
#6385=CARTESIAN_POINT('',(-0.0730274598049938,0.0466999999998763,0.0940156252626601));
#6386=CARTESIAN_POINT('',(-0.0757518244303848,0.0557000000022656,0.0942056144064651));
#6387=CARTESIAN_POINT('',(-0.0757518244303848,0.0466999999998763,0.0942056144064651));
#6388=CARTESIAN_POINT('',(-0.0681979019928491,0.0467,0.0934308966113952));
#6389=CARTESIAN_POINT('',(-0.0137543608336541,0.0467,0.0587869564681942));
#6390=CARTESIAN_POINT('',(-0.0137543608336541,0.0467,0.0473248468795767));
#6391=CARTESIAN_POINT('',(-0.0082543608336541,0.0467,0.0473248468795767));
#6392=CARTESIAN_POINT('',(-0.00997944361601872,0.0427,0.0473248468795767));
#6393=CARTESIAN_POINT('',(-0.0082543608336541,0.0467,0.0587869564681942));
#6394=CARTESIAN_POINT('',(-0.0082543608336541,0.0467,0.04425));
#6395=CARTESIAN_POINT('',(-0.0137543608336541,0.0467,0.04425));
#6396=CARTESIAN_POINT('',(-0.0115902615486413,0.0416436501026326,0.04425));
#6397=CARTESIAN_POINT('',(-0.0137543608336541,0.0467,0.030196229589946));
#6398=CARTESIAN_POINT('',(-0.00969147747147147,0.0429928476177395,0.0405));
#6399=CARTESIAN_POINT('',(-0.0137543608336541,0.0467,0.0405));
#6400=CARTESIAN_POINT('',(-0.0137543608336541,0.0412,0.0405));
#6401=CARTESIAN_POINT('',(-0.0137543608336541,0.0412,0.0587869564681942));
#6402=CARTESIAN_POINT('',(-0.0137543608336541,0.0412,0.0488248468795767));
#6403=CARTESIAN_POINT('',(-0.00997944361601872,0.0427,0.0473248468795767));
#6404=CARTESIAN_POINT('',(-0.0105272612117113,0.0421830084814741,0.0473248468795767));
#6405=CARTESIAN_POINT('',(-0.0117740908990181,0.0414317631702254,0.0477930944506414));
#6406=CARTESIAN_POINT('',(-0.0130962964575505,0.0412,0.048481184621485));
#6407=CARTESIAN_POINT('',(-0.0137543608336541,0.0412,0.0488248468795767));
#6408=CARTESIAN_POINT('',(-0.0057543608336541,0.0387,0.063));
#6409=CARTESIAN_POINT('',(-0.0057543608336541,0.0557,0.063));
#6410=CARTESIAN_POINT('',(-0.00575436082579504,0.0557,0.0630000003699374));
#6411=CARTESIAN_POINT('',(-0.0057543608336541,0.0557,0.0514248468795767));
#6412=CARTESIAN_POINT('',(-0.0057543608336541,0.0467,0.063));
#6413=CARTESIAN_POINT('',(-0.00575436082579504,0.0467,0.0630000003699374));
#6414=CARTESIAN_POINT('',(-0.0057543608336541,0.0467,0.063));
#6415=CARTESIAN_POINT('',(-0.0057543608336541,0.0467,0.0514248468795767));
#6416=CARTESIAN_POINT('',(-0.0057543608336541,0.0387,0.0514248468795767));
#6417=CARTESIAN_POINT('',(-0.0137543608336541,0.0557,0.063));
#6418=CARTESIAN_POINT('',(-0.00633816234655844,0.0587,0.063));
#6419=CARTESIAN_POINT('',(-0.00633816234655844,0.0587,0.0534248468795767));
#6420=CARTESIAN_POINT('',(-0.0063381526515806,0.0586999970954039,0.0626372261514154));
#6421=CARTESIAN_POINT('',(-0.0057543608336541,0.0557,0.0630000007618897));
#6422=CARTESIAN_POINT('',(-0.0057543608336541,0.0562145246887403,0.0630000007618897));
#6423=CARTESIAN_POINT('',(-0.00585776668143052,0.05725993368502,0.0629356635289326));
#6424=CARTESIAN_POINT('',(-0.00614584288453572,0.0582245724941932,0.0627565465882424));
#6425=CARTESIAN_POINT('',(-0.00633815999636325,0.0586999941901555,0.0626372264138123));
#6426=CARTESIAN_POINT('',(-0.0137543608336541,0.0557,0.0514248468795767));
#6427=CARTESIAN_POINT('',(-0.00581710690046033,0.0567,0.0514248468795767));
#6428=CARTESIAN_POINT('',(-0.00633816234655844,0.0587,0.0534248468795767));
#6429=CARTESIAN_POINT('',(-0.00633816234655844,0.0587,0.0528881056992069));
#6430=CARTESIAN_POINT('',(-0.00614071610221665,0.0582535150940206,0.0518560015593622));
#6431=CARTESIAN_POINT('',(-0.00588415675236587,0.0572321917007573,0.0514248468795767));
#6432=CARTESIAN_POINT('',(-0.00581710690046033,0.0567,0.0514248468795767));
#6433=CARTESIAN_POINT('',(-0.0759603241143077,0.0412,0.0587869564681942));
#6434=CARTESIAN_POINT('',(-0.0805175320571552,0.0412,0.0830717170236612));
#6435=CARTESIAN_POINT('',(-0.0842682691301039,0.0412,0.0750282354137109));
#6436=CARTESIAN_POINT('',(-0.0646920209301123,0.0412,0.0658996809601118));
#6437=CARTESIAN_POINT('',(-0.0874460339546204,0.0412,0.0699694231152535));
#6438=CARTESIAN_POINT('',(-0.0137543608336541,0.0557,0.063));
#6439=CARTESIAN_POINT('',(-0.00633816234655844,0.0587,0.063));
#6440=CARTESIAN_POINT('',(-0.00633816234655844,0.0587,0.038));
#6441=CARTESIAN_POINT('',(-0.0063381657570211,0.0586999999975508,0.0423998908837489));
#6442=CARTESIAN_POINT('',(-0.00587187054447674,0.0570661430529138,0.037999999999944));
#6443=CARTESIAN_POINT('',(-0.00598017438356252,0.057691043906491,0.0396828411856875));
#6444=CARTESIAN_POINT('',(-0.00615041892963976,0.0582358883074464,0.0411494696868091));
#6445=CARTESIAN_POINT('',(-0.00633816786449155,0.0587000136406597,0.0423998855033085));
#6446=CARTESIAN_POINT('',(-0.00587187286202563,0.0570661426512484,0.0379999999999449));
#6447=CARTESIAN_POINT('',(-0.0137543608336541,0.0557,0.038));
#6448=CARTESIAN_POINT('',(-0.0137543608336541,0.0557,0.04275));
#6449=CARTESIAN_POINT('',(-0.00634255008647074,0.0587,0.0426598989156601));
#6450=CARTESIAN_POINT('',(-0.00633962210905615,0.0587,0.0426898990265369));
#6451=CARTESIAN_POINT('',(-0.00633816234655844,0.0587,0.0427199327858875));
#6452=CARTESIAN_POINT('',(-0.00633816234655844,0.0587,0.04275));
#6453=CARTESIAN_POINT('',(-0.00634253862151801,0.0587000000561806,0.0426597610901926));
#6454=CARTESIAN_POINT('',(-0.00633816234655844,0.0587,0.04275));
#6455=CARTESIAN_POINT('',(-0.0137543608336541,0.0557,0.04275));
#6456=CARTESIAN_POINT('',(-0.0057543608336541,0.0557,0.04275));
#6457=CARTESIAN_POINT('',(-0.0067543608336541,0.0557,0.04275));
#6458=CARTESIAN_POINT('',(-0.0067543608336541,0.0557,0.04175));
#6459=CARTESIAN_POINT('',(-0.0137543608336541,0.0557,0.04175));
#6460=CARTESIAN_POINT('',(-0.00689505437743845,0.0570963935395219,0.04175));
#6461=CARTESIAN_POINT('',(-0.00634252913527976,0.0586999380229231,0.0426598565653239));
#6462=CARTESIAN_POINT('',(-0.00631628361082105,0.0586222948440369,0.0426068015897313));
#6463=CARTESIAN_POINT('',(-0.00628840831609005,0.0585083112646624,0.0425314038174091));
#6464=CARTESIAN_POINT('',(-0.00627203484340012,0.0584255561776363,0.0424776278966481));
#6465=CARTESIAN_POINT('',(-0.00624583428517486,0.0582296766550586,0.042352106838737));
#6466=CARTESIAN_POINT('',(-0.00624895486126868,0.0580493398817117,0.0422412960380873));
#6467=CARTESIAN_POINT('',(-0.0062675773451571,0.0579002895465542,0.0421523306269143));
#6468=CARTESIAN_POINT('',(-0.00630123868193721,0.0577370495612167,0.0420565398683496));
#6469=CARTESIAN_POINT('',(-0.00637993234099867,0.0575332234645553,0.041941871704103));
#6470=CARTESIAN_POINT('',(-0.00649045800586727,0.0573566239877456,0.0418486125709129));
#6471=CARTESIAN_POINT('',(-0.00668844422132392,0.0571736528390252,0.0417639038421047));
#6472=CARTESIAN_POINT('',(-0.00682467312269122,0.0571157588413619,0.0417499999998824));
#6473=CARTESIAN_POINT('',(-0.00689505437746702,0.0570963935396257,0.04175));
#6474=CARTESIAN_POINT('',(-0.00683867733570751,0.055832143260398,0.0379637766290628));
#6475=CARTESIAN_POINT('',(-0.00568021825210589,0.0558494700810477,0.0380171030997277));
#6476=CARTESIAN_POINT('',(-0.00585072473344124,0.0569379565395624,0.037654754994973));
#6477=CARTESIAN_POINT('',(-0.00692602362600738,0.0563898051705899,0.03968008350937));
#6478=CARTESIAN_POINT('',(-0.0056792321459413,0.0564440016265634,0.0398468830496851));
#6479=CARTESIAN_POINT('',(-0.00595055020173239,0.0575752843414499,0.0393710606929444));
#6480=CARTESIAN_POINT('',(-0.00708116090128738,0.0569368139426847,0.0413636034019366));
#6481=CARTESIAN_POINT('',(-0.00574156920626954,0.0570059493973778,0.0415763804526822));
#6482=CARTESIAN_POINT('',(-0.00612785112131749,0.0582004372852009,0.0410545803339754));
#6483=CARTESIAN_POINT('',(-0.00729954106837736,0.0574573180370767,0.0429655502842792));
#6484=CARTESIAN_POINT('',(-0.00584052952338496,0.0575157739369597,0.0431454590450001));
#6485=CARTESIAN_POINT('',(-0.00637742987718434,0.058795299308115,0.0426565279004153));
#6486=CARTESIAN_POINT('',(-0.00633816916953118,0.0587,0.0423998894095223));
#6487=CARTESIAN_POINT('',(-0.00633816633963476,0.0587,0.0424865073189165));
#6488=CARTESIAN_POINT('',(-0.00633965470273766,0.0587,0.0425730842409378));
#6489=CARTESIAN_POINT('',(-0.00634252709466038,0.0587,0.0426596231211323));
#6490=CARTESIAN_POINT('',(-0.0071473291549724,0.0580144231714672,0.0417500000000263));
#6491=CARTESIAN_POINT('',(-0.00714769029116198,0.0570623618082714,0.0417499999998965));
#6492=CARTESIAN_POINT('',(-0.0137543608336541,0.0547489434837049,0.0346300305088621));
#6493=CARTESIAN_POINT('',(-0.00684053107914922,0.0558439129470795,0.038));
#6494=CARTESIAN_POINT('',(-0.00684053107914922,0.0558439129470795,0.038));
#6495=CARTESIAN_POINT('',(-0.00676060459167857,0.0558439129514184,0.038));
#6496=CARTESIAN_POINT('',(-0.00668108731271896,0.0558539643653219,0.038));
#6497=CARTESIAN_POINT('',(-0.00651961636287496,0.0558954972699365,0.038));
#6498=CARTESIAN_POINT('',(-0.00643900920329008,0.0559284978304402,0.0379999999999966));
#6499=CARTESIAN_POINT('',(-0.00625131222722396,0.0560367349684275,0.0379999999999966));
#6500=CARTESIAN_POINT('',(-0.00615316623592398,0.0561234736157011,0.038));
#6501=CARTESIAN_POINT('',(-0.00599322284059349,0.0563312669564206,0.038));
#6502=CARTESIAN_POINT('',(-0.00593365721260707,0.0564508551480963,0.0380000000000121));
#6503=CARTESIAN_POINT('',(-0.00587399653463805,0.0566598569682358,0.0380000000000121));
#6504=CARTESIAN_POINT('',(-0.00586042269687831,0.0567441157361396,0.0380000000000005));
#6505=CARTESIAN_POINT('',(-0.005853198932575,0.0569083545248847,0.0380000000000005));
#6506=CARTESIAN_POINT('',(-0.00585831400607133,0.0569878982486888,0.038));
#6507=CARTESIAN_POINT('',(-0.00587187518027943,0.0570661422494509,0.038));
#6508=CARTESIAN_POINT('',(-0.0067543608336541,0.0570623618079529,0.04275));
#6509=CARTESIAN_POINT('',(-0.0067543608336541,0.0467,0.04275));
#6510=CARTESIAN_POINT('',(-0.0067543608336541,0.0467,0.04175));
#6511=CARTESIAN_POINT('',(-0.0057543608336541,0.0467,0.04275));
#6512=CARTESIAN_POINT('',(-0.0067543608336541,0.0467,0.04175));
#6513=CARTESIAN_POINT('',(-0.0057543608336541,0.0467,0.04275));
#6514=CARTESIAN_POINT('',(-0.0137543608336541,0.0467,0.04275));
#6515=CARTESIAN_POINT('',(-0.00692559369925438,0.0451611889660228,0.04175));
#6516=CARTESIAN_POINT('',(-0.00678393637754243,0.0451191479504268,0.0417499999997277));
#6517=CARTESIAN_POINT('',(-0.00656758717452913,0.0449572003635681,0.0418132972480959));
#6518=CARTESIAN_POINT('',(-0.00640980612621456,0.0446850228935275,0.0419508590861282));
#6519=CARTESIAN_POINT('',(-0.0063210178931363,0.0443727442526152,0.0421223401327896));
#6520=CARTESIAN_POINT('',(-0.00630746562086789,0.0441726766473899,0.0422376956199475));
#6521=CARTESIAN_POINT('',(-0.00631670356705486,0.043983243362915,0.0423510034489388));
#6522=CARTESIAN_POINT('',(-0.00632922344663739,0.0438785765997047,0.0424149187502493));
#6523=CARTESIAN_POINT('',(-0.00634789524895211,0.0437749118220405,0.0424793280631938));
#6524=CARTESIAN_POINT('',(-0.00635312207652154,0.0437526002093845,0.0424933789492268));
#6525=CARTESIAN_POINT('',(-0.00636794428754126,0.0436876024095795,0.0425342685303463));
#6526=CARTESIAN_POINT('',(-0.00639916226415842,0.043574005690699,0.0426068091112237));
#6527=CARTESIAN_POINT('',(-0.00644378597606855,0.0434495816289887,0.0426888526103538));
#6528=CARTESIAN_POINT('',(-0.00648496647265975,0.0433599542481922,0.0427499953331081));
#6529=CARTESIAN_POINT('',(-0.00692559369921974,0.0451611889661395,0.04175));
#6530=CARTESIAN_POINT('',(-0.0064849662860645,0.0433599547088303,0.0427499977801682));
#6531=CARTESIAN_POINT('',(-0.0137543608336541,0.0467,0.04175));
#6532=CARTESIAN_POINT('',(-0.0137543608336541,0.0467,0.04275));
#6533=CARTESIAN_POINT('',(-0.00739846032899087,0.0447079447871759,0.0431176330021585));
#6534=CARTESIAN_POINT('',(-0.00589944902545443,0.0446286647299808,0.0433379863686246));
#6535=CARTESIAN_POINT('',(-0.00649048475118171,0.0433479701293716,0.0427790821437379));
#6536=CARTESIAN_POINT('',(-0.00712699388431846,0.045296219497815,0.0414825646447121));
#6537=CARTESIAN_POINT('',(-0.0057682169586222,0.0452055354155744,0.041734614700085));
#6538=CARTESIAN_POINT('',(-0.00618023475824404,0.0440202843966372,0.0411440125728948));
#6539=CARTESIAN_POINT('',(-0.00693774718738417,0.0459223650662334,0.0397422368904151));
#6540=CARTESIAN_POINT('',(-0.00568252594627503,0.0458526972016558,0.0399358738407293));
#6541=CARTESIAN_POINT('',(-0.00596395072234499,0.0447358793752484,0.0394036853139996));
#6542=CARTESIAN_POINT('',(-0.00683793220257292,0.046562519840107,0.0379629715307128));
#6543=CARTESIAN_POINT('',(-0.00568232517205683,0.04654186870148,0.0380203699241905));
#6544=CARTESIAN_POINT('',(-0.00584987440769858,0.0454674845486277,0.0376244222006027));
#6545=CARTESIAN_POINT('',(-0.00587550830356122,0.0453130798198098,0.038));
#6546=CARTESIAN_POINT('',(-0.00586168435625821,0.0453916065913007,0.038));
#6547=CARTESIAN_POINT('',(-0.00585618935245575,0.045471454353745,0.0380000000000007));
#6548=CARTESIAN_POINT('',(-0.00586240981153492,0.0456362227882382,0.0380000000000007));
#6549=CARTESIAN_POINT('',(-0.00587530862062965,0.0457207585256956,0.0380000000000188));
#6550=CARTESIAN_POINT('',(-0.00593318112852852,0.0459314457172206,0.0380000000000188));
#6551=CARTESIAN_POINT('',(-0.00599178955666418,0.0460526204828107,0.038));
#6552=CARTESIAN_POINT('',(-0.00615021864937213,0.0462633460927249,0.038));
#6553=CARTESIAN_POINT('',(-0.00624767676501994,0.0463515198411916,0.0379999999999946));
#6554=CARTESIAN_POINT('',(-0.00643540534368872,0.0464622347280992,0.0379999999999946));
#6555=CARTESIAN_POINT('',(-0.00651652191815463,0.0464961696106922,0.038));
#6556=CARTESIAN_POINT('',(-0.00667925443863589,0.0465388689071958,0.038));
#6557=CARTESIAN_POINT('',(-0.00675941452895298,0.0465491975080427,0.038));
#6558=CARTESIAN_POINT('',(-0.00684002260873596,0.0465491975151069,0.038));
#6559=CARTESIAN_POINT('',(-0.00587549998012669,0.0453130783545011,0.038));
#6560=CARTESIAN_POINT('',(-0.00684002260873596,0.0465491975151069,0.038));
#6561=CARTESIAN_POINT('',(-0.0137543608336541,0.0476409515677377,0.0349655460734811));
#6562=CARTESIAN_POINT('',(-0.00719373925914171,0.0451999999990683,0.04175));
#6563=CARTESIAN_POINT('',(-0.00719373925914185,0.045199999997205,0.04175));
#6564=CARTESIAN_POINT('',(-0.00714830810812879,0.0451999965227413,0.04175));
#6565=CARTESIAN_POINT('',(-0.00710296409429226,0.0451967546640609,0.0417499999999977));
#6566=CARTESIAN_POINT('',(-0.00701321580159568,0.0451837641834793,0.0417499999999977));
#6567=CARTESIAN_POINT('',(-0.00696897641792379,0.0451740640757231,0.04175));
#6568=CARTESIAN_POINT('',(-0.00692559369925439,0.0451611889660228,0.04175));
#6569=CARTESIAN_POINT('',(-0.00648496605711168,0.0433599551525799,0.0427499980058859));
#6570=CARTESIAN_POINT('',(-0.00641756117229743,0.0435066575892135,0.0423932175013161));
#6571=CARTESIAN_POINT('',(-0.00631966982505394,0.0437378297781451,0.0418309211174352));
#6572=CARTESIAN_POINT('',(-0.00620114490014912,0.044059097493688,0.0410496433077371));
#6573=CARTESIAN_POINT('',(-0.00611356177179113,0.0443252157758038,0.0404025063891433));
#6574=CARTESIAN_POINT('',(-0.00604982747785422,0.0445417545368069,0.0398758065587968));
#6575=CARTESIAN_POINT('',(-0.00596318463731882,0.0448695533013078,0.0390785161469027));
#6576=CARTESIAN_POINT('',(-0.00590774831425501,0.0451298811723245,0.0384455357701791));
#6577=CARTESIAN_POINT('',(-0.00587549998012669,0.0453130783545011,0.038));
#6578=CARTESIAN_POINT('',(0.0365816326301571,0.0512,0.0192521047100325));
#6579=CARTESIAN_POINT('',(-0.027260184319408,0.0512,0.0399955684802424));
#6580=CARTESIAN_POINT('',(-0.0269202656255956,0.0512,0.0410417306481671));
#6581=CARTESIAN_POINT('',(-0.0254678898339572,0.0512,0.0394132167004698));
#6582=CARTESIAN_POINT('',(-0.0264118105370369,0.0512,0.0385633066819203));
#6583=CARTESIAN_POINT('',(-0.0266421503306581,0.0512,0.0418976815128327));
#6584=CARTESIAN_POINT('',(-0.027260184319408,0.0512,0.0399955684802424));
#6585=CARTESIAN_POINT('',(-0.0278782183081579,0.0512,0.0380934554476521));
#6586=CARTESIAN_POINT('',(-0.0177496191564565,0.0512,0.0369053985364928));
#6587=CARTESIAN_POINT('',(-0.0352404423164629,0.0502305085359503,0.040657895667087));
#6588=CARTESIAN_POINT('',(-0.0352053127771376,0.0512002206673673,0.0403882634227341));
#6589=CARTESIAN_POINT('',(-0.035240199355847,0.0521686087945806,0.0406568367984946));
#6590=CARTESIAN_POINT('',(-0.0353791275873303,0.0528697061730976,0.0413587392620006));
#6591=CARTESIAN_POINT('',(-0.035658600403181,0.0531973066137827,0.0422479149737942));
#6592=CARTESIAN_POINT('',(-0.0360602368071918,0.0532202461093814,0.0431375019468994));
#6593=CARTESIAN_POINT('',(-0.0365446310430707,0.0530253334729283,0.0439541516186942));
#6594=CARTESIAN_POINT('',(-0.0370715164522936,0.0526593043739007,0.0446744755532671));
#6595=CARTESIAN_POINT('',(-0.0375156864091609,0.0521942914357176,0.0451868251711659));
#6596=CARTESIAN_POINT('',(-0.0377888765706043,0.0516820620561279,0.0454759700511906));
#6597=CARTESIAN_POINT('',(-0.0378833947792985,0.0511955548211467,0.0455722044995326));
#6598=CARTESIAN_POINT('',(-0.0377872747384389,0.0507142191998362,0.0454743490441337));
#6599=CARTESIAN_POINT('',(-0.0375106910522811,0.0501985399860128,0.0451813028181915));
#6600=CARTESIAN_POINT('',(-0.0370707164838617,0.049740714345402,0.0446733587787643));
#6601=CARTESIAN_POINT('',(-0.0365410290340451,0.0493721614204675,0.0439490787254769));
#6602=CARTESIAN_POINT('',(-0.0360560917395357,0.0491790297781999,0.0431294911111502));
#6603=CARTESIAN_POINT('',(-0.035656321343116,0.0492037799244965,0.0422417378801766));
#6604=CARTESIAN_POINT('',(-0.0353780866672041,0.0495340543322618,0.0413541137213899));
#6605=CARTESIAN_POINT('',(-0.0352404423164629,0.0502305085359503,0.040657895667087));
#6606=CARTESIAN_POINT('',(-0.0352053127771376,0.0512002206673673,0.0403882634227341));
#6607=CARTESIAN_POINT('',(-0.035240199355847,0.0521686087945806,0.0406568367984946));
#6608=CARTESIAN_POINT('',(-0.035216982130143,0.0512,0.0404779643594165));
#6609=CARTESIAN_POINT('',(-0.0346661438199128,0.0586999999999999,0.0371002935465213));
#6610=CARTESIAN_POINT('',(-0.0346661438199128,0.0586999999999999,0.0380001016079155));
#6611=CARTESIAN_POINT('',(-0.0350113650220519,0.057785465844403,0.0371002935465213));
#6612=CARTESIAN_POINT('',(-0.0350113650220519,0.057785465844403,0.0380001016079155));
#6613=CARTESIAN_POINT('',(-0.0351912211166952,0.0568097798749141,0.0371002935465213));
#6614=CARTESIAN_POINT('',(-0.0351912211166952,0.0568097798749141,0.0380001016079155));
#6615=CARTESIAN_POINT('',(-0.0352000000000034,0.0558007800984415,0.0371002935465213));
#6616=CARTESIAN_POINT('',(-0.0352000000000034,0.0558007800984415,0.0380001016079155));
#6617=CARTESIAN_POINT('',(-0.033783944739662,0.0603833811232796,0.0371002935465213));
#6618=CARTESIAN_POINT('',(-0.0340084460232703,0.0600574845127002,0.0371002935465213));
#6619=CARTESIAN_POINT('',(-0.034412112878367,0.0593706206525494,0.0371002935465213));
#6620=CARTESIAN_POINT('',(-0.0348559856268459,0.0582389537834967,0.0371002935465213));
#6621=CARTESIAN_POINT('',(-0.0351280358207086,0.0570554409594761,0.0371002935465213));
#6622=CARTESIAN_POINT('',(-0.0351963519058131,0.0562200733130913,0.0371002935465213));
#6623=CARTESIAN_POINT('',(-0.0352,0.0558007800988348,0.0371002935465213));
#6624=CARTESIAN_POINT('',(-0.0346661438199128,0.0587,0.0371002935465214));
#6625=CARTESIAN_POINT('',(-0.0352,0.0558007800988348,0.0371002935465214));
#6626=CARTESIAN_POINT('',(-0.0352,0.0558007800988348,0.038));
#6627=CARTESIAN_POINT('',(-0.0352000000000017,0.0558007800984424,0.037994734959438));
#6628=CARTESIAN_POINT('',(-0.0346661438199128,0.0586999999999999,0.0375537899897722));
#6629=CARTESIAN_POINT('',(-0.0350108538780305,0.0577868199288658,0.0377792600388497));
#6630=CARTESIAN_POINT('',(-0.0351912874629338,0.0568021543788791,0.0379618559618292));
#6631=CARTESIAN_POINT('',(-0.0352000000000034,0.0558007800984415,0.0379947349594236));
#6632=CARTESIAN_POINT('',(-0.0346661438199128,0.0587,0.0375537899897673));
#6633=CARTESIAN_POINT('',(-0.0346661438199128,0.0587,0.0374590783169276));
#6634=CARTESIAN_POINT('',(-0.0351999999998018,0.046599219878369,0.0370949124104748));
#6635=CARTESIAN_POINT('',(-0.0351999999998018,0.046599219878369,0.0380001016220329));
#6636=CARTESIAN_POINT('',(-0.0351853841692043,0.0449185151540994,0.0370949124104748));
#6637=CARTESIAN_POINT('',(-0.0351853841692043,0.0449185151540994,0.0380001016220328));
#6638=CARTESIAN_POINT('',(-0.0346975498528865,0.0433328481303167,0.0370949124104748));
#6639=CARTESIAN_POINT('',(-0.0346975498528865,0.0433328481303167,0.0380001016220329));
#6640=CARTESIAN_POINT('',(-0.0337673415190562,0.0419925441963343,0.0370949124104748));
#6641=CARTESIAN_POINT('',(-0.0337673415190562,0.0419925441963343,0.0380001016220329));
#6642=CARTESIAN_POINT('',(-0.0351999999999009,0.0465992198897671,0.037994734887577));
#6643=CARTESIAN_POINT('',(-0.0351854821226584,0.0449297790252772,0.037939862298172));
#6644=CARTESIAN_POINT('',(-0.0347111762168934,0.0433524818710814,0.0374673808133712));
#6645=CARTESIAN_POINT('',(-0.0337839872636454,0.0420165284546404,0.0371002791449307));
#6646=CARTESIAN_POINT('',(-0.0352,0.0465992199011652,0.037994734887577));
#6647=CARTESIAN_POINT('',(-0.0337839841911248,0.042016526638204,0.0371002935475232));
#6648=CARTESIAN_POINT('',(-0.0352,0.0465992199011652,0.038));
#6649=CARTESIAN_POINT('',(-0.0352,0.0465992199011652,0.0371002935465213));
#6650=CARTESIAN_POINT('',(-0.0352,0.0465992199011652,0.0371002935465213));
#6651=CARTESIAN_POINT('',(-0.0351963678390986,0.046181550052494,0.0371002935465213));
#6652=CARTESIAN_POINT('',(-0.0351476711004542,0.0455671037910205,0.0371002935465213));
#6653=CARTESIAN_POINT('',(-0.0349959564974196,0.0447697711963726,0.0371002935465213));
#6654=CARTESIAN_POINT('',(-0.0348384051446387,0.0441804228000697,0.0371002935465213));
#6655=CARTESIAN_POINT('',(-0.0346380510689107,0.0436052631151983,0.0371002935465213));
#6656=CARTESIAN_POINT('',(-0.0343167755847583,0.0428691600134338,0.0371002935465213));
#6657=CARTESIAN_POINT('',(-0.0340151733716125,0.042349642157073,0.0371002935465213));
#6658=CARTESIAN_POINT('',(-0.0337840236375203,0.042016580864918,0.0371002935465213));
#6659=CARTESIAN_POINT('',(-0.0278030753825767,0.075200025,0.0373106061883069));
#6660=CARTESIAN_POINT('',(-0.027092956613406,0.0465671868153083,0.03795));
#6661=CARTESIAN_POINT('',(-0.027092956613406,0.0465671868153083,0.03795));
#6662=CARTESIAN_POINT('',(-0.0278604398370552,0.0465671868153083,0.0372589489953316));
#6663=CARTESIAN_POINT('',(-0.0278604530676411,0.0512,0.0372589430886224));
#6664=CARTESIAN_POINT('',(-0.0278604492292509,0.0558328131846917,0.0372589447444755));
#6665=CARTESIAN_POINT('',(-0.0278604015731992,0.0558328131846917,0.0372589894544262));
#6666=CARTESIAN_POINT('',(-0.0270753662392481,0.0558328131846917,0.0379658384440324));
#6667=CARTESIAN_POINT('',(-0.0270753662392481,0.0558328131846917,0.0379658384440324));
#6668=CARTESIAN_POINT('',(-0.0228726290570551,0.0570623618079529,0.04175));
#6669=CARTESIAN_POINT('',(-0.0228726290570551,0.0570623618079529,0.04175));
#6670=CARTESIAN_POINT('',(-0.0228726290570551,0.0452,0.04175));
#6671=CARTESIAN_POINT('',(-0.0228726290570551,0.0452,0.04175));
#6672=CARTESIAN_POINT('',(-0.0417363733873324,0.0465671868153083,0.03795));
#6673=CARTESIAN_POINT('',(-0.0272169293046863,0.0465671868153083,0.0374076662501974));
#6674=CARTESIAN_POINT('',(-0.0274326614743169,0.0465671868153083,0.0373579639810842));
#6675=CARTESIAN_POINT('',(-0.0276470997172609,0.0465671868153083,0.0373080491716863));
#6676=CARTESIAN_POINT('',(-0.0278604261840394,0.0465671868153083,0.0372589492762344));
#6677=CARTESIAN_POINT('',(-0.0272169293046863,0.0465671868153083,0.0374076662501974));
#6678=CARTESIAN_POINT('',(-0.027092956613406,0.0465671868153083,0.03795));
#6679=CARTESIAN_POINT('',(-0.0234314963774572,0.0465671867025075,0.037949759217111));
#6680=CARTESIAN_POINT('',(-0.0234315038907966,0.0465671868153083,0.0379496383497908));
#6681=CARTESIAN_POINT('',(-0.0247348379196701,0.0465671868153083,0.0378672351741298));
#6682=CARTESIAN_POINT('',(-0.0260151686412269,0.0465671868153083,0.0376845384107432));
#6683=CARTESIAN_POINT('',(-0.0272169293046863,0.0465671868153083,0.0374076662501974));
#6684=CARTESIAN_POINT('',(-0.0417363733873324,0.0452,0.04175));
#6685=CARTESIAN_POINT('',(-0.0218372240639029,0.0465491975151069,0.038));
#6686=CARTESIAN_POINT('',(-0.0218372240639029,0.0465491975151069,0.038));
#6687=CARTESIAN_POINT('',(-0.0234314858547938,0.0465673165217214,0.0379496394901089));
#6688=CARTESIAN_POINT('',(-0.022900460090934,0.0465552371839784,0.0379832131633696));
#6689=CARTESIAN_POINT('',(-0.0223690394939704,0.0465491975151069,0.038));
#6690=CARTESIAN_POINT('',(-0.0218372240639029,0.0465491975151069,0.038));
#6691=CARTESIAN_POINT('',(-0.0228726290570551,0.0452,0.04175));
#6692=CARTESIAN_POINT('',(-0.0417363733873324,0.0570623618079529,0.04175));
#6693=CARTESIAN_POINT('',(-0.0228726290570551,0.0570623618079529,0.04175));
#6694=CARTESIAN_POINT('',(-0.0417363733873324,0.0558328131846917,0.0379658384440324));
#6695=CARTESIAN_POINT('',(-0.0270753662392481,0.0558328131846917,0.0379658384440324));
#6696=CARTESIAN_POINT('',(-0.0231557006285952,0.0558327679512218,0.0379656992297269));
#6697=CARTESIAN_POINT('',(-0.0218363483121291,0.0484112875993652,0.0151247313293432));
#6698=CARTESIAN_POINT('',(-0.0218372240639029,0.0558439129470795,0.038));
#6699=CARTESIAN_POINT('',(-0.00684053107914922,0.0558439129470795,0.038));
#6700=CARTESIAN_POINT('',(-0.0417363733873324,0.0558328131846917,0.0368161105388817));
#6701=CARTESIAN_POINT('',(-0.0272169293046863,0.0558328131846917,0.0374076662501974));
#6702=CARTESIAN_POINT('',(-0.0274326678203123,0.0558328131846917,0.0373579625190382));
#6703=CARTESIAN_POINT('',(-0.0276471123331262,0.0558328131846917,0.0373080462350897));
#6704=CARTESIAN_POINT('',(-0.0278604450097238,0.0558328131846917,0.0372589449432567));
#6705=CARTESIAN_POINT('',(-0.0272169293046863,0.0558328131846917,0.0374076662501974));
#6706=CARTESIAN_POINT('',(-0.0231556987170399,0.0558328131846917,0.0379655599621075));
#6707=CARTESIAN_POINT('',(-0.0245540346320451,0.0558328131846917,0.0378925117533472));
#6708=CARTESIAN_POINT('',(-0.0259304977192845,0.0558328131846917,0.0377040456402661));
#6709=CARTESIAN_POINT('',(-0.0272169293046863,0.0558328131846917,0.0374076662501974));
#6710=CARTESIAN_POINT('',(-0.0272169293933654,0.0387,0.0374076662297667));
#6711=CARTESIAN_POINT('',(-0.0272169293933654,0.0466145204208518,0.0374076662297667));
#6712=CARTESIAN_POINT('',(-0.0255275094577571,0.0387,0.0377968896177465));
#6713=CARTESIAN_POINT('',(-0.0255275094577571,0.0466145204208518,0.0377968896177465));
#6714=CARTESIAN_POINT('',(-0.0236828163787225,0.0387,0.038));
#6715=CARTESIAN_POINT('',(-0.0236828163787225,0.0466145204208518,0.038));
#6716=CARTESIAN_POINT('',(-0.0218372240639029,0.0387,0.038));
#6717=CARTESIAN_POINT('',(-0.0218372240639029,0.0466145204208518,0.038));
#6718=CARTESIAN_POINT('',(-0.0218372240639029,0.0465491975151069,0.038));
#6719=CARTESIAN_POINT('',(-0.0218372240639029,0.0387,0.038));
#6720=CARTESIAN_POINT('',(-0.0272169293046863,0.0387,0.0374076662501974));
#6721=CARTESIAN_POINT('',(-0.0255275093932041,0.0387,0.037796889624854));
#6722=CARTESIAN_POINT('',(-0.0236828163464303,0.0387,0.038));
#6723=CARTESIAN_POINT('',(-0.0218372240639029,0.0387,0.038));
#6724=CARTESIAN_POINT('',(-0.027216929047422,0.0387000000000004,0.0374076663094682));
#6725=CARTESIAN_POINT('',(-0.0272169293046863,0.0465671868153083,0.0374076662501974));
#6726=CARTESIAN_POINT('',(-0.0337839447396617,0.075200025,0.0371002935465214));
#6727=CARTESIAN_POINT('',(-0.0337839447396617,0.0587,0.0371002935465214));
#6728=CARTESIAN_POINT('',(-0.0337839447396617,0.0587,0.0371002935465214));
#6729=CARTESIAN_POINT('',(-0.033783944739662,0.0603834705221376,0.0371002935465216));
#6730=CARTESIAN_POINT('',(-0.0352,0.0558007800988348,0.0371002935465214));
#6731=CARTESIAN_POINT('',(-0.0271712878441813,0.0587,0.0374181739327929));
#6732=CARTESIAN_POINT('',(-0.0271712878441813,0.03858,0.0374181739327929));
#6733=CARTESIAN_POINT('',(-0.0278130703547996,0.0587,0.0372705278061797));
#6734=CARTESIAN_POINT('',(-0.0278130703547996,0.03858,0.0372705278061797));
#6735=CARTESIAN_POINT('',(-0.0290723271127504,0.0587,0.0369700418518768));
#6736=CARTESIAN_POINT('',(-0.0290723271127504,0.03858,0.0369700418518768));
#6737=CARTESIAN_POINT('',(-0.0309280213341539,0.0587,0.0366673271332713));
#6738=CARTESIAN_POINT('',(-0.0309280213341539,0.03858,0.0366673271332713));
#6739=CARTESIAN_POINT('',(-0.0325895075580867,0.0587,0.0367125359286309));
#6740=CARTESIAN_POINT('',(-0.0325895075580867,0.03858,0.0367125359286309));
#6741=CARTESIAN_POINT('',(-0.0334454673252309,0.0587,0.0369664672745144));
#6742=CARTESIAN_POINT('',(-0.0334454673252309,0.03858,0.0369664672745144));
#6743=CARTESIAN_POINT('',(-0.033809909837806,0.0587,0.037110559555829));
#6744=CARTESIAN_POINT('',(-0.033809909837806,0.03858,0.037110559555829));
#6745=CARTESIAN_POINT('',(-0.0264436828321069,0.0587,0.0375837284547927));
#6746=CARTESIAN_POINT('',(-0.0267031320706276,0.0587,0.0375253203631702));
#6747=CARTESIAN_POINT('',(-0.0275990840825085,0.0587,0.0373214017830868));
#6748=CARTESIAN_POINT('',(-0.0286286503443754,0.0587,0.0370769150734255));
#6749=CARTESIAN_POINT('',(-0.0295500804211215,0.0587,0.0369005667002153));
#6750=CARTESIAN_POINT('',(-0.0301635675279489,0.0587,0.0367987219147429));
#6751=CARTESIAN_POINT('',(-0.0309034198906149,0.0587,0.0367120279081447));
#6752=CARTESIAN_POINT('',(-0.0316042945251753,0.0587,0.0366917770480558));
#6753=CARTESIAN_POINT('',(-0.0321374503545932,0.0587,0.036720456507448));
#6754=CARTESIAN_POINT('',(-0.0326379522998712,0.0587,0.036776856021015));
#6755=CARTESIAN_POINT('',(-0.0332075563592163,0.0587,0.036895475493468));
#6756=CARTESIAN_POINT('',(-0.0336038857365899,0.0587,0.0370291023116114));
#6757=CARTESIAN_POINT('',(-0.0337839447447293,0.0587,0.037100293548525));
#6758=CARTESIAN_POINT('',(-0.0337983494653804,0.0587,0.0371059888474781));
#6759=CARTESIAN_POINT('',(-0.0338127541860316,0.0587,0.0371116841464312));
#6760=CARTESIAN_POINT('',(-0.0338271589066828,0.0587,0.0371173794453842));
#6761=CARTESIAN_POINT('',(-0.0339726465852594,0.0587,0.0371749019648104));
#6762=CARTESIAN_POINT('',(-0.034118134263836,0.0587,0.0372324244842365));
#6763=CARTESIAN_POINT('',(-0.0342636219424126,0.0587,0.0372899470036627));
#6764=CARTESIAN_POINT('',(-0.0272169292632801,0.0587,0.037407666259737));
#6765=CARTESIAN_POINT('',(-0.0272169293046863,0.0637,0.0374076662501974));
#6766=CARTESIAN_POINT('',(-0.0272169290474608,0.0387,0.0374076663094593));
#6767=CARTESIAN_POINT('',(-0.0278503204191346,0.0387,0.0372617400518885));
#6768=CARTESIAN_POINT('',(-0.0290951138395503,0.0388370318994712,0.0369656820616504));
#6769=CARTESIAN_POINT('',(-0.0309266947700874,0.0394678235747159,0.0366687547134524));
#6770=CARTESIAN_POINT('',(-0.0325677971241424,0.0405438329218418,0.0367114995270812));
#6771=CARTESIAN_POINT('',(-0.033421790569003,0.041494691457755,0.0369571060235583));
#6772=CARTESIAN_POINT('',(-0.0337839811214963,0.0420165248216067,0.0371003079310714));
#6773=CARTESIAN_POINT('',(0.014353281747604,0.075200025,0.038));
#6774=CARTESIAN_POINT('',(-0.0137543608336541,0.0467,0.038));
#6775=CARTESIAN_POINT('',(-0.0137543608336541,0.0387,0.038));
#6776=CARTESIAN_POINT('',(-0.0137543608336541,0.0387,0.038));
#6777=CARTESIAN_POINT('',(-0.0057543608336541,0.0387,0.063));
#6778=CARTESIAN_POINT('',(-0.0057543608336541,0.0467,0.063));
#6779=CARTESIAN_POINT('',(-0.0057543608336541,0.0467,0.0473248468795767));
#6780=CARTESIAN_POINT('',(-0.0057543608336541,0.0557,0.063));
#6781=CARTESIAN_POINT('',(-0.0057543608336541,0.0557,0.0473248468795767));
#6782=CARTESIAN_POINT('',(-0.0057543608336541,0.0387,0.0473248468795767));
#6783=CARTESIAN_POINT('',(-0.0759603241143077,0.0387,0.0587869564681942));
#6784=CARTESIAN_POINT('',(-0.0272169293046863,0.0387,0.0374076662501974));
#6785=CARTESIAN_POINT('',(-0.0272158866535572,0.0387,0.037417982255408));
#6786=CARTESIAN_POINT('',(-0.0272148528726115,0.0387,0.0374282976328616));
#6787=CARTESIAN_POINT('',(-0.0272138279641518,0.0387,0.0374386123820756));
#6788=CARTESIAN_POINT('',(-0.0272075738239191,0.0387,0.037501554479427));
#6789=CARTESIAN_POINT('',(-0.0272016500627585,0.0387,0.0375644731835807));
#6790=CARTESIAN_POINT('',(-0.027196057382838,0.0387,0.037627368394935));
#6791=CARTESIAN_POINT('',(-0.0271904572535646,0.0387,0.0376903473816214));
#6792=CARTESIAN_POINT('',(-0.0271851890880898,0.0387,0.0377533028128806));
#6793=CARTESIAN_POINT('',(-0.0271802535379115,0.0387,0.0378162345852781));
#6794=CARTESIAN_POINT('',(-0.0271604447193718,0.0387,0.0380688110995033));
#6795=CARTESIAN_POINT('',(-0.0271459941569417,0.0387,0.0383210065246587));
#6796=CARTESIAN_POINT('',(-0.0271369528147475,0.0387,0.0385728147154319));
#6797=CARTESIAN_POINT('',(-0.0271331875445641,0.0387,0.0386776803263453));
#6798=CARTESIAN_POINT('',(-0.0271303603354394,0.0387,0.0387824787772439));
#6799=CARTESIAN_POINT('',(-0.0271284756972629,0.0387,0.0388872097585132));
#6800=CARTESIAN_POINT('',(-0.0271258099666419,0.0387,0.0390353467257098));
#6801=CARTESIAN_POINT('',(-0.0271250305353553,0.0387,0.0391833484596225));
#6802=CARTESIAN_POINT('',(-0.0271261497829821,0.0387,0.0393312156642678));
#6803=CARTESIAN_POINT('',(-0.027128071025016,0.0387,0.0395850367867815));
#6804=CARTESIAN_POINT('',(-0.0271355871087474,0.0387,0.0398384615207366));
#6805=CARTESIAN_POINT('',(-0.0271487747377582,0.0387,0.0400914894029512));
#6806=CARTESIAN_POINT('',(-0.0271534052576873,0.0387,0.0401803340808121));
#6807=CARTESIAN_POINT('',(-0.0271587349718273,0.0387,0.0402691298301224));
#6808=CARTESIAN_POINT('',(-0.027164768190696,0.0387,0.0403578774468222));
#6809=CARTESIAN_POINT('',(-0.0271760154702011,0.0387,0.040523323002861));
#6810=CARTESIAN_POINT('',(-0.0271897068301784,0.0387000000000005,0.0406885951189041));
#6811=CARTESIAN_POINT('',(-0.0272058681260195,0.0387000000000006,0.0408536936244217));
#6812=CARTESIAN_POINT('',(-0.0272308464718023,0.0387000000000006,0.0411088642245754));
#6813=CARTESIAN_POINT('',(-0.0272617254862273,0.0387,0.0413636199672445));
#6814=CARTESIAN_POINT('',(-0.0272986067159348,0.0387,0.0416178951604251));
#6815=CARTESIAN_POINT('',(-0.0273083554664916,0.0387,0.0416851072748462));
#6816=CARTESIAN_POINT('',(-0.0273185235303065,0.0387,0.0417522858239463));
#6817=CARTESIAN_POINT('',(-0.027329114139397,0.0387,0.041819434139998));
#6818=CARTESIAN_POINT('',(-0.0273588396647208,0.0387,0.0420079047890584));
#6819=CARTESIAN_POINT('',(-0.0273918874287239,0.0387,0.0421960967431158));
#6820=CARTESIAN_POINT('',(-0.0274283433431285,0.0387,0.0423841691835356));
#6821=CARTESIAN_POINT('',(-0.02743884697544,0.0387,0.0424383563790667));
#6822=CARTESIAN_POINT('',(-0.0274496335798665,0.0387000000000006,0.0424925336375087));
#6823=CARTESIAN_POINT('',(-0.0274607040183014,0.0387000000000011,0.0425466960416398));
#6824=CARTESIAN_POINT('',(-0.0275020537663048,0.0387000000000029,0.0427490007448575));
#6825=CARTESIAN_POINT('',(-0.0275473680654901,0.0387000000000036,0.0429511401008614));
#6826=CARTESIAN_POINT('',(-0.0275966295175207,0.038700000000002,0.0431526017532248));
#6827=CARTESIAN_POINT('',(-0.0276063316053661,0.0387000000000016,0.0431922798091518));
#6828=CARTESIAN_POINT('',(-0.0276161867118176,0.0387000000000013,0.0432319316028288));
#6829=CARTESIAN_POINT('',(-0.0276261909074065,0.038700000000001,0.0432715447113983));
#6830=CARTESIAN_POINT('',(-0.0276707360765714,0.0387,0.0434479279704723));
#6831=CARTESIAN_POINT('',(-0.027718271593383,0.0387,0.0436236826162009));
#6832=CARTESIAN_POINT('',(-0.0277686154310115,0.0387000000000005,0.0437982023484041));
#6833=CARTESIAN_POINT('',(-0.02778011004095,0.0387000000000007,0.0438380490574103));
#6834=CARTESIAN_POINT('',(-0.0277917512636445,0.038700000000001,0.0438778313533665));
#6835=CARTESIAN_POINT('',(-0.0278035372925795,0.0387000000000016,0.0439175418959594));
#6836=CARTESIAN_POINT('',(-0.0278105873199767,0.0387000000000019,0.0439412954786786));
#6837=CARTESIAN_POINT('',(-0.0278176891620806,0.0387000000000023,0.0439650233857218));
#6838=CARTESIAN_POINT('',(-0.027824843171433,0.0387000000000029,0.0439887271247653));
#6839=CARTESIAN_POINT('',(-0.0278937779329104,0.0387000000000086,0.0442171321374809));
#6840=CARTESIAN_POINT('',(-0.0279674697053333,0.0387000000000015,0.044443069852785));
#6841=CARTESIAN_POINT('',(-0.028045913841003,0.0387000000000007,0.0446668987833493));
#6842=CARTESIAN_POINT('',(-0.0280488277296461,0.0387000000000007,0.0446752131407349));
#6843=CARTESIAN_POINT('',(-0.0280517481725632,0.0387000000000006,0.0446835245894808));
#6844=CARTESIAN_POINT('',(-0.0280546751641209,0.0387000000000006,0.044691833120416));
#6845=CARTESIAN_POINT('',(-0.0282056863159467,0.0386999999999995,0.0451204919674858));
#6846=CARTESIAN_POINT('',(-0.028374126044286,0.0387,0.0455414580936096));
#6847=CARTESIAN_POINT('',(-0.0285595598945111,0.0387,0.0459547555198678));
#6848=CARTESIAN_POINT('',(-0.0285748313734288,0.0387000000000005,0.045988792794746));
#6849=CARTESIAN_POINT('',(-0.0285902181401775,0.0387000000000006,0.0460227780455686));
#6850=CARTESIAN_POINT('',(-0.0286057199663321,0.0387000000000007,0.0460567112793811));
#6851=CARTESIAN_POINT('',(-0.0286151792100225,0.0387000000000007,0.0460774174029457));
#6852=CARTESIAN_POINT('',(-0.028624681301679,0.0387000000000008,0.0460981041948424));
#6853=CARTESIAN_POINT('',(-0.0286342261716943,0.0387000000000009,0.0461187716182987));
#6854=CARTESIAN_POINT('',(-0.0288196308598907,0.0387000000000023,0.0465202267659925));
#6855=CARTESIAN_POINT('',(-0.0290211802767766,0.038700000000003,0.0469143720334863));
#6856=CARTESIAN_POINT('',(-0.0292385253265568,0.0387000000000009,0.0473011882686433));
#6857=CARTESIAN_POINT('',(-0.0292509834587211,0.0387000000000008,0.0473233604220269));
#6858=CARTESIAN_POINT('',(-0.0292634934752945,0.0387000000000006,0.0473455085018524));
#6859=CARTESIAN_POINT('',(-0.0292760553059159,0.0387000000000005,0.0473676325067786));
#6860=CARTESIAN_POINT('',(-0.0293029819396528,0.0387,0.0474150559274091));
#6861=CARTESIAN_POINT('',(-0.0293301473384082,0.0387,0.0474623694869623));
#6862=CARTESIAN_POINT('',(-0.0293575524575717,0.0387,0.0475095757904217));
#6863=CARTESIAN_POINT('',(-0.0294538055470536,0.0387,0.0476753751990608));
#6864=CARTESIAN_POINT('',(-0.0295530146259131,0.0386999999999979,0.047839852028311));
#6865=CARTESIAN_POINT('',(-0.0296552916253277,0.0387000000000037,0.0480031607877235));
#6866=CARTESIAN_POINT('',(-0.0296928248542579,0.0387000000000058,0.0480630912226054));
#6867=CARTESIAN_POINT('',(-0.0297307568022058,0.0387000000000065,0.0481228456182253));
#6868=CARTESIAN_POINT('',(-0.0297690856189929,0.0387000000000057,0.0481824195942612));
#6869=CARTESIAN_POINT('',(-0.0298649392579913,0.0387000000000037,0.0483314036452002));
#6870=CARTESIAN_POINT('',(-0.0299632756705958,0.0387,0.0484792585340902));
#6871=CARTESIAN_POINT('',(-0.0300636197843974,0.0387,0.048625363007024));
#6872=CARTESIAN_POINT('',(-0.030112842814434,0.0387,0.0486970334278115));
#6873=CARTESIAN_POINT('',(-0.0301625872472128,0.0387,0.0487683400135666));
#6874=CARTESIAN_POINT('',(-0.0302128039999956,0.0387000000000006,0.0488392198580624));
#6875=CARTESIAN_POINT('',(-0.0304244342145533,0.038700000000004,0.0491379312614726));
#6876=CARTESIAN_POINT('',(-0.0306444553499419,0.038700000000061,0.0494290597672002));
#6877=CARTESIAN_POINT('',(-0.0308723628325802,0.0387000000000372,0.0497130527111692));
#6878=CARTESIAN_POINT('',(-0.0308990290403618,0.0387000000000344,0.0497462811719671));
#6879=CARTESIAN_POINT('',(-0.0309258031792856,0.0387000000000305,0.0497794119942593));
#6880=CARTESIAN_POINT('',(-0.0309526844150911,0.038700000000026,0.0498124459315545));
#6881=CARTESIAN_POINT('',(-0.0310271679353168,0.0387000000000136,0.0499039775841341));
#6882=CARTESIAN_POINT('',(-0.0311024606948413,0.0387000000000082,0.0499947420178282));
#6883=CARTESIAN_POINT('',(-0.0311785493651556,0.0387000000000051,0.0500847613346604));
#6884=CARTESIAN_POINT('',(-0.031420307605444,0.038699999999995,0.0503707817308566));
#6885=CARTESIAN_POINT('',(-0.031670100125637,0.0387,0.0506492803107924));
#6886=CARTESIAN_POINT('',(-0.031927466606092,0.0387,0.0509206726553228));
#6887=CARTESIAN_POINT('',(-0.0320302998360734,0.0387,0.0510291100529628));
#6888=CARTESIAN_POINT('',(-0.0321343440648279,0.0387,0.0511364149258387));
#6889=CARTESIAN_POINT('',(-0.0322395910081029,0.0387,0.05124263112198));
#6890=CARTESIAN_POINT('',(-0.0324675171539848,0.0387,0.0514726563128634));
#6891=CARTESIAN_POINT('',(-0.0327010815628019,0.0386999999999792,0.0516975780429784));
#6892=CARTESIAN_POINT('',(-0.0329402758889184,0.0387000000000563,0.0519177858161781));
#6893=CARTESIAN_POINT('',(-0.0329540619876701,0.0387000000000608,0.0519304776143345));
#6894=CARTESIAN_POINT('',(-0.0329678667983566,0.0387000000000657,0.0519431537433724));
#6895=CARTESIAN_POINT('',(-0.0329816903230515,0.038700000000071,0.0519558142742347));
#6896=CARTESIAN_POINT('',(-0.0331157119699963,0.0387000000001233,0.0520785604793308));
#6897=CARTESIAN_POINT('',(-0.0332514094282853,0.0387000000001229,0.0521997882183189));
#6898=CARTESIAN_POINT('',(-0.0333886920844198,0.0387000000000915,0.0523194824455593));
#6899=CARTESIAN_POINT('',(-0.0336246935900887,0.0387000000000374,0.0525252478251343));
#6900=CARTESIAN_POINT('',(-0.0338653809711077,0.0387,0.0527264786673607));
#6901=CARTESIAN_POINT('',(-0.034109233030829,0.0387,0.0529224546733925));
#6902=CARTESIAN_POINT('',(-0.0342760441600099,0.0387,0.0530565153776404));
#6903=CARTESIAN_POINT('',(-0.0344445196858943,0.0386999999999992,0.0531882733377953));
#6904=CARTESIAN_POINT('',(-0.0346143005662548,0.0387000000000185,0.0533176100829728));
#6905=CARTESIAN_POINT('',(-0.0348370877596552,0.0387000000000437,0.0534873263101502));
#6906=CARTESIAN_POINT('',(-0.0350621222307195,0.03870000000011,0.0536528736911321));
#6907=CARTESIAN_POINT('',(-0.0352894676193064,0.0387000000000976,0.0538147125736854));
#6908=CARTESIAN_POINT('',(-0.0354884849966682,0.0387000000000868,0.0539563857792038));
#6909=CARTESIAN_POINT('',(-0.0356891131908745,0.0387000000000437,0.054095096225899));
#6910=CARTESIAN_POINT('',(-0.0358913239920962,0.0387000000000225,0.0542310943937132));
#6911=CARTESIAN_POINT('',(-0.0360961411620942,0.0387000000000009,0.0543688454915196));
#6912=CARTESIAN_POINT('',(-0.0363025819811179,0.0387,0.0545038139269277));
#6913=CARTESIAN_POINT('',(-0.036510524887439,0.0387,0.054636127995871));
#6914=CARTESIAN_POINT('',(-0.0367424077362379,0.0387,0.0547836750499425));
#6915=CARTESIAN_POINT('',(-0.0369762131083558,0.0387,0.054927968433081));
#6916=CARTESIAN_POINT('',(-0.0372117752837443,0.0387,0.0550691939210898));
#6917=CARTESIAN_POINT('',(-0.0376585794574677,0.0387000000000005,0.0553370643352357));
#6918=CARTESIAN_POINT('',(-0.0381117044063748,0.0386999999999865,0.0555938969235297));
#6919=CARTESIAN_POINT('',(-0.0385703721337433,0.0387000000000437,0.0558410797668622));
#6920=CARTESIAN_POINT('',(-0.0387317737069141,0.0387000000000638,0.0559280614692889));
#6921=CARTESIAN_POINT('',(-0.0388938615763121,0.0387000000000948,0.0560138483394112));
#6922=CARTESIAN_POINT('',(-0.0390566055588207,0.0387000000001515,0.0560984861299929));
#6923=CARTESIAN_POINT('',(-0.0396076452006542,0.0387000000003436,0.0563850637170031));
#6924=CARTESIAN_POINT('',(-0.0401661121415971,0.0387000000001325,0.0566585132134927));
#6925=CARTESIAN_POINT('',(-0.0407312331968666,0.0387000000000472,0.0569207405053265));
#6926=CARTESIAN_POINT('',(-0.0409478597475361,0.0387000000000146,0.0570212594882801));
#6927=CARTESIAN_POINT('',(-0.0411654642280941,0.0387000000000035,0.057120128917112));
#6928=CARTESIAN_POINT('',(-0.0413840036456363,0.038700000000001,0.0572174543042857));
#6929=CARTESIAN_POINT('',(-0.0414944857454295,0.0387,0.0572666569298763));
#6930=CARTESIAN_POINT('',(-0.041605206800033,0.0387,0.0573154649185901));
#6931=CARTESIAN_POINT('',(-0.0417161517788606,0.0387,0.0573638854989134));
#6932=CARTESIAN_POINT('',(-0.042091515494265,0.0387,0.0575277084057654));
#6933=CARTESIAN_POINT('',(-0.0424695286656325,0.0387,0.0576871478081753));
#6934=CARTESIAN_POINT('',(-0.0428489851936422,0.0387,0.0578422523575373));
#6935=CARTESIAN_POINT('',(-0.0429259009738758,0.0387,0.0578736920259877));
#6936=CARTESIAN_POINT('',(-0.0430028759880903,0.0387,0.0579049537449053));
#6937=CARTESIAN_POINT('',(-0.0430799001026124,0.0387,0.0579360381528262));
#6938=CARTESIAN_POINT('',(-0.0434833720827626,0.0387,0.0580988662189903));
#6939=CARTESIAN_POINT('',(-0.0438881997232882,0.0386999999999856,0.0582568382407644));
#6940=CARTESIAN_POINT('',(-0.0442942140096365,0.0387000000000144,0.0584105191009743));
#6941=CARTESIAN_POINT('',(-0.0443480945077786,0.0387000000000182,0.0584309134604375));
#6942=CARTESIAN_POINT('',(-0.0444019959286551,0.0387000000000233,0.0584512321662974));
#6943=CARTESIAN_POINT('',(-0.0444559197119271,0.0387000000000305,0.0584714769029772));
#6944=CARTESIAN_POINT('',(-0.045084886394293,0.0387000000001137,0.0587076113893254));
#6945=CARTESIAN_POINT('',(-0.0457166828349294,0.0387000000000657,0.0589336909830197));
#6946=CARTESIAN_POINT('',(-0.046350830713447,0.0387000000000266,0.0591513992092183));
#6947=CARTESIAN_POINT('',(-0.0466447942958483,0.0387000000000085,0.0592523193451354));
#6948=CARTESIAN_POINT('',(-0.0469392629087314,0.0387000000000028,0.059351441385402));
#6949=CARTESIAN_POINT('',(-0.0472341876702572,0.0387000000000017,0.0594489364343871));
#6950=CARTESIAN_POINT('',(-0.0472395522688379,0.0387000000000017,0.059450709841946));
#6951=CARTESIAN_POINT('',(-0.0472449170182366,0.0387000000000017,0.0594524827107448));
#6952=CARTESIAN_POINT('',(-0.0472502819184463,0.0387000000000017,0.0594542550419727));
#6953=CARTESIAN_POINT('',(-0.0481761154998551,0.0386999999999988,0.0597601104547536));
#6954=CARTESIAN_POINT('',(-0.0491064378044987,0.0387000000001895,0.0600499599579694));
#6955=CARTESIAN_POINT('',(-0.0500400970612133,0.038700000000095,0.0603279249427479));
#6956=CARTESIAN_POINT('',(-0.0501059262020717,0.0387000000000884,0.0603475233090739));
#6957=CARTESIAN_POINT('',(-0.050171772065431,0.0387000000000823,0.0603670621659487));
#6958=CARTESIAN_POINT('',(-0.0502376341313527,0.0387000000000767,0.0603865428648472));
#6959=CARTESIAN_POINT('',(-0.051237631241456,0.0386999999999922,0.0606823222687978));
#6960=CARTESIAN_POINT('',(-0.0522413636248249,0.0387000000000031,0.0609646939714104));
#6961=CARTESIAN_POINT('',(-0.0532477664404659,0.0387000000000064,0.0612376714858992));
#6962=CARTESIAN_POINT('',(-0.0540661948993705,0.0387000000000092,0.0614596626836846));
#6963=CARTESIAN_POINT('',(-0.0548863893501691,0.0387000000000123,0.0616754414446689));
#6964=CARTESIAN_POINT('',(-0.0557077978211579,0.0387000000000913,0.0618868093088742));
#6965=CARTESIAN_POINT('',(-0.0558964384613183,0.0387000000001095,0.0619353510157366));
#6966=CARTESIAN_POINT('',(-0.0560851437206534,0.0387000000001187,0.0619836629475207));
#6967=CARTESIAN_POINT('',(-0.0562739074175931,0.0387000000001186,0.0620317663650026));
#6968=CARTESIAN_POINT('',(-0.0570347633107551,0.0387000000001181,0.0622256583541174));
#6969=CARTESIAN_POINT('',(-0.057796568738884,0.0387000000000158,0.0624161626772577));
#6970=CARTESIAN_POINT('',(-0.0585589724490397,0.0387000000000061,0.062604536882474));
#6971=CARTESIAN_POINT('',(-0.0588093424814994,0.0387000000000029,0.0626663981447506));
#6972=CARTESIAN_POINT('',(-0.0590597766254311,0.0387000000000017,0.0627280308646325));
#6973=CARTESIAN_POINT('',(-0.0593102620384275,0.038700000000001,0.06278948118087));
#6974=CARTESIAN_POINT('',(-0.0600117665494566,0.0386999999999991,0.0629615777254516));
#6975=CARTESIAN_POINT('',(-0.0607136731707226,0.0387,0.0631322436312934));
#6976=CARTESIAN_POINT('',(-0.0614157070776879,0.0387000000000009,0.0633024548758688));
#6977=CARTESIAN_POINT('',(-0.0617276777778348,0.0387000000000015,0.0633780935602916));
#6978=CARTESIAN_POINT('',(-0.0620396731999456,0.0387000000000016,0.0634536440196504));
#6979=CARTESIAN_POINT('',(-0.0623516695630888,0.0387000000000013,0.0635291910664392));
#6980=CARTESIAN_POINT('',(-0.0629924599213725,0.0387000000000007,0.0636843525519492));
#6981=CARTESIAN_POINT('',(-0.0636332542463963,0.0387,0.063839499641042));
#6982=CARTESIAN_POINT('',(-0.0642738377838369,0.0387,0.0639953986616996));
#6983=CARTESIAN_POINT('',(-0.0646470150560529,0.0387,0.064086218933951));
#6984=CARTESIAN_POINT('',(-0.0650201203912151,0.0387,0.0641772957496509));
#6985=CARTESIAN_POINT('',(-0.065393110827742,0.0387,0.0642687813838882));
#6986=CARTESIAN_POINT('',(-0.0659721227220043,0.0387,0.0644107991548284));
#6987=CARTESIAN_POINT('',(-0.0665508577323917,0.0387,0.0645538020937481));
#6988=CARTESIAN_POINT('',(-0.0671291366076277,0.0387000000000005,0.0646984311610359));
#6989=CARTESIAN_POINT('',(-0.0675628287615429,0.0387000000000009,0.0648068987091289));
#6990=CARTESIAN_POINT('',(-0.067996262569829,0.0387000000000007,0.0649162829621882));
#6991=CARTESIAN_POINT('',(-0.0684293640663342,0.0387,0.0650268538291551));
#6992=CARTESIAN_POINT('',(-0.0689457647651227,0.0387,0.0651586909930256));
#6993=CARTESIAN_POINT('',(-0.0694616930287125,0.0387,0.0652922151082939));
#6994=CARTESIAN_POINT('',(-0.069976986218763,0.0387,0.0654280014441601));
#6995=CARTESIAN_POINT('',(-0.0704701146675855,0.0387,0.0655579470876692));
#6996=CARTESIAN_POINT('',(-0.0709626687291561,0.0387,0.0656899680063566));
#6997=CARTESIAN_POINT('',(-0.071454491019946,0.0387,0.0658245650156489));
#6998=CARTESIAN_POINT('',(-0.0719076249867466,0.0387,0.0659485741910812));
#6999=CARTESIAN_POINT('',(-0.0723601377782719,0.0387,0.0660747701197833));
#7000=CARTESIAN_POINT('',(-0.0728118992655724,0.0387000000000065,0.0662036622040922));
#7001=CARTESIAN_POINT('',(-0.0728614943350796,0.0387000000000071,0.0662178121749505));
#7002=CARTESIAN_POINT('',(-0.0729110804682059,0.0387000000000078,0.0662319947447271));
#7003=CARTESIAN_POINT('',(-0.0729606575184066,0.0387000000000085,0.0662462105951326));
#7004=CARTESIAN_POINT('',(-0.0734618384164059,0.0387000000000152,0.066389920489998));
#7005=CARTESIAN_POINT('',(-0.0739620911125208,0.0387000000000174,0.0665370314133816));
#7006=CARTESIAN_POINT('',(-0.074460883900988,0.0387000000000134,0.0666882565854839));
#7007=CARTESIAN_POINT('',(-0.0748500147079017,0.0387000000000104,0.0668062341798005));
#7008=CARTESIAN_POINT('',(-0.0752382569721605,0.0387000000000046,0.0669267158211878));
#7009=CARTESIAN_POINT('',(-0.07562546471464,0.0387000000000017,0.0670501726764699));
#7010=CARTESIAN_POINT('',(-0.0757345640377835,0.0387000000000009,0.0670849577746771));
#7011=CARTESIAN_POINT('',(-0.0758435774812193,0.0387000000000006,0.0671199774875996));
#7012=CARTESIAN_POINT('',(-0.0759525027152574,0.0387,0.0671552426525656));
#7013=CARTESIAN_POINT('',(-0.0763091496333754,0.0387,0.0672707091237936));
#7014=CARTESIAN_POINT('',(-0.0766648509560272,0.0387,0.0673888068150861));
#7015=CARTESIAN_POINT('',(-0.0770194747390009,0.0387000000000007,0.0675100158953349));
#7016=CARTESIAN_POINT('',(-0.0771575652243927,0.0387000000000011,0.0675572147058182));
#7017=CARTESIAN_POINT('',(-0.0772954923394982,0.0387000000000013,0.0676048866227942));
#7018=CARTESIAN_POINT('',(-0.0774332429559038,0.0387000000000011,0.0676530576539855));
#7019=CARTESIAN_POINT('',(-0.0777572840928007,0.0387000000000007,0.0677663739941954));
#7020=CARTESIAN_POINT('',(-0.0780803484270404,0.0387,0.0678824525004847));
#7021=CARTESIAN_POINT('',(-0.0784022246421134,0.0387,0.0680017713274751));
#7022=CARTESIAN_POINT('',(-0.0785685926729298,0.0387,0.0680634436019588));
#7023=CARTESIAN_POINT('',(-0.0787346413434694,0.0387000000000007,0.0681259807026273));
#7024=CARTESIAN_POINT('',(-0.0789003675471935,0.0387000000000016,0.0681894605545222));
#7025=CARTESIAN_POINT('',(-0.0791435287005266,0.038700000000003,0.0682826011300818));
#7026=CARTESIAN_POINT('',(-0.079385995756798,0.0387000000000052,0.0683777710051072));
#7027=CARTESIAN_POINT('',(-0.079627711785031,0.0387000000000036,0.0684752847567768));
#7028=CARTESIAN_POINT('',(-0.0796754757518552,0.0387000000000033,0.0684945538289757));
#7029=CARTESIAN_POINT('',(-0.0797232103859818,0.0387000000000028,0.068513914439822));
#7030=CARTESIAN_POINT('',(-0.0797709157680242,0.0387000000000024,0.0685333697982332));
#7031=CARTESIAN_POINT('',(-0.0799645816577518,0.0387,0.0686123512283227));
#7032=CARTESIAN_POINT('',(-0.0801576575572298,0.0387,0.0686928458585996));
#7033=CARTESIAN_POINT('',(-0.0803501348322436,0.0387,0.0687750547650299));
#7034=CARTESIAN_POINT('',(-0.0805901155485836,0.0387,0.0688775528508599));
#7035=CARTESIAN_POINT('',(-0.0808291656510935,0.0386999999999988,0.0689827156602593));
#7036=CARTESIAN_POINT('',(-0.0810666375986372,0.038700000000011,0.0690907480435471));
#7037=CARTESIAN_POINT('',(-0.0810848668351392,0.0387000000000119,0.0690990410140861));
#7038=CARTESIAN_POINT('',(-0.0811030867719772,0.038700000000013,0.0691073508954937));
#7039=CARTESIAN_POINT('',(-0.0811212973167747,0.0387000000000141,0.0691156779186418));
#7040=CARTESIAN_POINT('',(-0.0813403038026181,0.038700000000028,0.0692158216593975));
#7041=CARTESIAN_POINT('',(-0.0815580100294778,0.03870000000004,0.0693184803982283));
#7042=CARTESIAN_POINT('',(-0.0817741965149657,0.0387000000000368,0.0694240334691619));
#7043=CARTESIAN_POINT('',(-0.0819979797425722,0.0387000000000335,0.0695332956501165));
#7044=CARTESIAN_POINT('',(-0.0822201344966157,0.0387000000000148,0.0696456592533825));
#7045=CARTESIAN_POINT('',(-0.082440309135941,0.0387000000000049,0.069761689814414));
#7046=CARTESIAN_POINT('',(-0.0824504769038767,0.0387000000000044,0.0697670481600511));
#7047=CARTESIAN_POINT('',(-0.0824606404848378,0.038700000000004,0.0697724143130397));
#7048=CARTESIAN_POINT('',(-0.0824707998427815,0.0387000000000037,0.0697777883284357));
#7049=CARTESIAN_POINT('',(-0.0825858802866773,0.0387,0.069838662655406));
#7050=CARTESIAN_POINT('',(-0.0827004188379926,0.0387,0.0699005458761282));
#7051=CARTESIAN_POINT('',(-0.082814349166446,0.0387,0.0699635434166894));
#7052=CARTESIAN_POINT('',(-0.0829044582206112,0.0387,0.0700133690326756));
#7053=CARTESIAN_POINT('',(-0.0829941868086012,0.0387000000000005,0.0700638916980353));
#7054=CARTESIAN_POINT('',(-0.0830835003426938,0.0387000000000032,0.0701151749236225));
#7055=CARTESIAN_POINT('',(-0.0831071266369401,0.0387000000000039,0.0701287409815546));
#7056=CARTESIAN_POINT('',(-0.0831307242084513,0.0387000000000047,0.0701423607087396));
#7057=CARTESIAN_POINT('',(-0.0831542926858886,0.0387000000000053,0.0701560354226486));
#7058=CARTESIAN_POINT('',(-0.0832669549086903,0.0387000000000082,0.0702214033985499));
#7059=CARTESIAN_POINT('',(-0.0833789524118243,0.0387000000000079,0.0702880276598391));
#7060=CARTESIAN_POINT('',(-0.0834902006631293,0.0387000000000059,0.0703560666334633));
#7061=CARTESIAN_POINT('',(-0.0835647107049827,0.0387000000000046,0.0704016366690633));
#7062=CARTESIAN_POINT('',(-0.0836388846197396,0.0387000000000028,0.0704478413570288));
#7063=CARTESIAN_POINT('',(-0.0837127193293466,0.0387000000000016,0.0704947632790812));
#7064=CARTESIAN_POINT('',(-0.0837490890576913,0.0387000000000011,0.0705178762237591));
#7065=CARTESIAN_POINT('',(-0.0837853655798355,0.0387000000000007,0.070541156059444));
#7066=CARTESIAN_POINT('',(-0.083821550000204,0.0387000000000006,0.0705646132346888));
#7067=CARTESIAN_POINT('',(-0.0839312318997678,0.0387,0.0706357164197903));
#7068=CARTESIAN_POINT('',(-0.0840400677647999,0.0386999999999984,0.0707084484648273));
#7069=CARTESIAN_POINT('',(-0.0841475784704203,0.0387000000000038,0.0707828356110708));
#7070=CARTESIAN_POINT('',(-0.0842066011863675,0.0387000000000068,0.0708236736967063));
#7071=CARTESIAN_POINT('',(-0.0842652244558896,0.0387000000000123,0.0708650107404405));
#7072=CARTESIAN_POINT('',(-0.0843234137916087,0.0387000000000296,0.0709068952731463));
#7073=CARTESIAN_POINT('',(-0.0843712022186725,0.0387000000000438,0.0709412932588181));
#7074=CARTESIAN_POINT('',(-0.0844186842670508,0.0387000000000547,0.0709760554902343));
#7075=CARTESIAN_POINT('',(-0.084465836398055,0.0387000000000575,0.0710112044928802));
#7076=CARTESIAN_POINT('',(-0.0845704084857297,0.0387000000000638,0.0710891565283045));
#7077=CARTESIAN_POINT('',(-0.0846733578314674,0.0387000000000336,0.0711690108317196));
#7078=CARTESIAN_POINT('',(-0.0847743594670099,0.0387000000000171,0.0712511786824934));
#7079=CARTESIAN_POINT('',(-0.0848176042472271,0.03870000000001,0.0712863596043523));
#7080=CARTESIAN_POINT('',(-0.0848604919826872,0.0387000000000051,0.0713219646560816));
#7081=CARTESIAN_POINT('',(-0.0849029842535699,0.0387000000000027,0.0713580382358429));
#7082=CARTESIAN_POINT('',(-0.0849101190450631,0.0387000000000023,0.0713640952778569));
#7083=CARTESIAN_POINT('',(-0.0849172426948071,0.038700000000002,0.0713701654489401));
#7084=CARTESIAN_POINT('',(-0.0849243550415537,0.0387000000000017,0.0713762489953963));
#7085=CARTESIAN_POINT('',(-0.0849738256140307,0.0387,0.0714185636542003));
#7086=CARTESIAN_POINT('',(-0.0850227494498035,0.0387000000000009,0.0714615253392573));
#7087=CARTESIAN_POINT('',(-0.0850710610242107,0.0387000000000012,0.0715052393521352));
#7088=CARTESIAN_POINT('',(-0.0851065758113747,0.0387000000000015,0.0715373743815248));
#7089=CARTESIAN_POINT('',(-0.0851417597137659,0.0387000000000015,0.0715699159844721));
#7090=CARTESIAN_POINT('',(-0.0851765701171147,0.0387000000000009,0.0716029140688452));
#7091=CARTESIAN_POINT('',(-0.0851890973582095,0.0387000000000006,0.0716147891096043));
#7092=CARTESIAN_POINT('',(-0.0852015757584224,0.0387000000000005,0.0716267224295549));
#7093=CARTESIAN_POINT('',(-0.085214002761443,0.0387,0.0716387155318711));
#7094=CARTESIAN_POINT('',(-0.0852609649166821,0.0387,0.0716840379585121));
#7095=CARTESIAN_POINT('',(-0.0853071926742979,0.0386999999999938,0.0717302144998938));
#7096=CARTESIAN_POINT('',(-0.0853525542966418,0.0387000000000116,0.071777425679579));
#7097=CARTESIAN_POINT('',(-0.0853804410189658,0.0387000000000225,0.0718064494443926));
#7098=CARTESIAN_POINT('',(-0.0854080004542565,0.0387000000000424,0.0718358641428885));
#7099=CARTESIAN_POINT('',(-0.0854351428591911,0.0387000000001226,0.0718656908812571));
#7100=CARTESIAN_POINT('',(-0.0854521972981776,0.0387000000001729,0.0718844319725827));
#7101=CARTESIAN_POINT('',(-0.0854690962545795,0.0387000000002419,0.0719033480683673));
#7102=CARTESIAN_POINT('',(-0.0854858181642184,0.0387000000003163,0.0719224487267825));
#7103=CARTESIAN_POINT('',(-0.0855074767139604,0.0387000000004127,0.0719471882792214));
#7104=CARTESIAN_POINT('',(-0.0855288383000972,0.0387000000005174,0.071972237469613));
#7105=CARTESIAN_POINT('',(-0.0855498014124032,0.0387000000005719,0.0719975788784533));
#7106=CARTESIAN_POINT('',(-0.0855707464767979,0.0387000000006263,0.0720228984699462));
#7107=CARTESIAN_POINT('',(-0.0855912937465764,0.038700000000624,0.0720485097489777));
#7108=CARTESIAN_POINT('',(-0.0856113900725182,0.0387000000005381,0.0720744797220493));
#7109=CARTESIAN_POINT('',(-0.0856312061592821,0.0387000000004534,0.0721000875491283));
#7110=CARTESIAN_POINT('',(-0.0856505838289915,0.0387000000002776,0.0721260441476242));
#7111=CARTESIAN_POINT('',(-0.085669428319877,0.0387000000001355,0.0721524193672401));
#7112=CARTESIAN_POINT('',(-0.0856696749248283,0.0387000000001336,0.0721527645216828));
#7113=CARTESIAN_POINT('',(-0.0856699214384851,0.0387000000001318,0.0721531097411716));
#7114=CARTESIAN_POINT('',(-0.0856701678606111,0.03870000000013,0.0721534550257795));
#7115=CARTESIAN_POINT('',(-0.085689248871323,0.0386999999999909,0.0721801911773114));
#7116=CARTESIAN_POINT('',(-0.0857077803831647,0.0387000000000009,0.0722073180341464));
#7117=CARTESIAN_POINT('',(-0.0857255888150007,0.0387000000000233,0.0722349053080447));
#7118=CARTESIAN_POINT('',(-0.0857345109881732,0.0387000000000345,0.0722487267628109));
#7119=CARTESIAN_POINT('',(-0.0857432517897054,0.0387000000000555,0.0722626637577147));
#7120=CARTESIAN_POINT('',(-0.0857517872645985,0.0387000000001534,0.0722767503861477));
#7121=CARTESIAN_POINT('',(-0.0857580475423413,0.0387000000002252,0.0722870821143237));
#7122=CARTESIAN_POINT('',(-0.0857641973604867,0.0387000000003396,0.0722974942986094));
#7123=CARTESIAN_POINT('',(-0.0857702037257181,0.0387000000005573,0.0723079689509463));
#7124=CARTESIAN_POINT('',(-0.0857724022540253,0.0387000000006369,0.0723118030201018));
#7125=CARTESIAN_POINT('',(-0.0857745829887345,0.0387000000007264,0.0723156487290437));
#7126=CARTESIAN_POINT('',(-0.0857767440705096,0.0387000000008245,0.0723195052018144));
#7127=CARTESIAN_POINT('',(-0.0857847975050846,0.0387000000011903,0.0723338766390767));
#7128=CARTESIAN_POINT('',(-0.085792578011704,0.038700000001691,0.0723483976469049));
#7129=CARTESIAN_POINT('',(-0.0857999982665693,0.0387000000021526,0.0723630722381187));
#7130=CARTESIAN_POINT('',(-0.0858074047751589,0.0387000000026133,0.0723777196441508));
#7131=CARTESIAN_POINT('',(-0.0858144523321218,0.0387000000030205,0.072392520103173));
#7132=CARTESIAN_POINT('',(-0.085821025437121,0.0387000000031232,0.0724075126153892));
#7133=CARTESIAN_POINT('',(-0.085827594450228,0.0387000000032259,0.0724224957944601));
#7134=CARTESIAN_POINT('',(-0.0858336895152508,0.038700000002996,0.0724376709236309));
#7135=CARTESIAN_POINT('',(-0.0858391500036582,0.0387000000024273,0.0724530840744791));
#7136=CARTESIAN_POINT('',(-0.0858418294414753,0.0387000000021482,0.0724606472402954));
#7137=CARTESIAN_POINT('',(-0.085844356109248,0.0387000000017938,0.0724682676491501));
#7138=CARTESIAN_POINT('',(-0.085846715924088,0.0387000000014227,0.0724759495632561));
#7139=CARTESIAN_POINT('',(-0.0858467613897605,0.0387000000014156,0.0724760975678303));
#7140=CARTESIAN_POINT('',(-0.0858468067955648,0.0387000000014084,0.0724762455930351));
#7141=CARTESIAN_POINT('',(-0.0858468521414163,0.0387000000014014,0.0724763936389279));
#7142=CARTESIAN_POINT('',(-0.0858492534369826,0.0387000000010275,0.0724842334287588));
#7143=CARTESIAN_POINT('',(-0.0858514866423029,0.0387000000007766,0.0724921312087462));
#7144=CARTESIAN_POINT('',(-0.0858535522049426,0.0387000000005949,0.0725000864513779));
#7145=CARTESIAN_POINT('',(-0.0858556199078692,0.038700000000413,0.0725080499370425));
#7146=CARTESIAN_POINT('',(-0.0858575196288346,0.0387000000003009,0.0725160710176574));
#7147=CARTESIAN_POINT('',(-0.085859266585329,0.0387000000002235,0.0725241582715698));
#7148=CARTESIAN_POINT('',(-0.0858610143454731,0.0387000000001462,0.0725322492458494));
#7149=CARTESIAN_POINT('',(-0.0858626091951913,0.038700000000104,0.0725404064545373));
#7150=CARTESIAN_POINT('',(-0.0858640626908353,0.0387000000000765,0.072548584798921));
#7151=CARTESIAN_POINT('',(-0.0858669683307949,0.0387000000000215,0.0725649338842061));
#7152=CARTESIAN_POINT('',(-0.085869309301045,0.0387000000000189,0.0725813675941885));
#7153=CARTESIAN_POINT('',(-0.0858712238010213,0.0387000000000202,0.0725977893701782));
#7154=CARTESIAN_POINT('',(-0.0858731334535337,0.0387000000000214,0.0726141695666589));
#7155=CARTESIAN_POINT('',(-0.0858746186410019,0.038700000000032,0.0726305377235084));
#7156=CARTESIAN_POINT('',(-0.0858757753558055,0.0387000000000724,0.072646946594394));
#7157=CARTESIAN_POINT('',(-0.0858760623717822,0.0387000000000825,0.072651018132243));
#7158=CARTESIAN_POINT('',(-0.0858763291585382,0.0387000000000945,0.072655092177515));
#7159=CARTESIAN_POINT('',(-0.0858765765402206,0.0387000000001088,0.0726591689081626));
#7160=CARTESIAN_POINT('',(-0.0858773241874878,0.0387000000001522,0.0726714897740341));
#7161=CARTESIAN_POINT('',(-0.0858778873008601,0.038700000000191,0.0726837895905005));
#7162=CARTESIAN_POINT('',(-0.0858782934762272,0.0387000000002136,0.0726960705372601));
#7163=CARTESIAN_POINT('',(-0.0858788356922518,0.0387000000002437,0.0727124647518532));
#7164=CARTESIAN_POINT('',(-0.0858790982813556,0.0387000000002453,0.0727288253480027));
#7165=CARTESIAN_POINT('',(-0.0858791264409756,0.0387000000002288,0.0727451681083486));
#7166=CARTESIAN_POINT('',(-0.0858791546494242,0.0387000000002122,0.0727615392070091));
#7167=CARTESIAN_POINT('',(-0.0858789475677781,0.0387000000001794,0.0727778924112758));
#7168=CARTESIAN_POINT('',(-0.0858785380503458,0.0387000000001486,0.0727942417320797));
#7169=CARTESIAN_POINT('',(-0.0858781256590548,0.0387000000001175,0.0728107057870417));
#7170=CARTESIAN_POINT('',(-0.0858775079540669,0.0387000000000889,0.0728271659073239));
#7171=CARTESIAN_POINT('',(-0.0858767063767456,0.0387000000000701,0.0728436350778285));
#7172=CARTESIAN_POINT('',(-0.0858759163094025,0.0387000000000515,0.0728598677648544));
#7173=CARTESIAN_POINT('',(-0.0858749476932808,0.03870000000004,0.0728760988675566));
#7174=CARTESIAN_POINT('',(-0.0858738200001374,0.0387000000000317,0.0728923277021673));
#7175=CARTESIAN_POINT('',(-0.0858715497659709,0.0387000000000151,0.0729249990498929));
#7176=CARTESIAN_POINT('',(-0.0858686348033762,0.0387000000000111,0.0729576612126487));
#7177=CARTESIAN_POINT('',(-0.0858651679028616,0.0387000000000086,0.0729903471619976));
#7178=CARTESIAN_POINT('',(-0.0858617027596925,0.038700000000006,0.073023016543088));
#7179=CARTESIAN_POINT('',(-0.0858576862385343,0.0387000000000058,0.0730557097210122));
#7180=CARTESIAN_POINT('',(-0.0858532059353463,0.0387000000000056,0.0730882966548052));
#7181=CARTESIAN_POINT('',(-0.0858487278965014,0.0387000000000054,0.0731208671191775));
#7182=CARTESIAN_POINT('',(-0.0858437865499159,0.0387000000000053,0.0731533314133491));
#7183=CARTESIAN_POINT('',(-0.0858384464973964,0.0387000000000041,0.0731856769452115));
#7184=CARTESIAN_POINT('',(-0.0858370497695619,0.0387000000000038,0.0731941371437785));
#7185=CARTESIAN_POINT('',(-0.0858356257666641,0.0387000000000034,0.0732025892166859));
#7186=CARTESIAN_POINT('',(-0.0858341751647569,0.038700000000003,0.0732110334298194));
#7187=CARTESIAN_POINT('',(-0.0858245322679181,0.0387,0.0732671664568943));
#7188=CARTESIAN_POINT('',(-0.0858137355405147,0.038700000000002,0.0733228896673172));
#7189=CARTESIAN_POINT('',(-0.0858019864431229,0.0387000000000051,0.0733783055158844));
#7190=CARTESIAN_POINT('',(-0.085788460108697,0.0387000000000086,0.0734421038890885));
#7191=CARTESIAN_POINT('',(-0.0857736714367142,0.0387000000000132,0.0735054948436984));
#7192=CARTESIAN_POINT('',(-0.0857578083919699,0.0387000000000066,0.0735685641447517));
#7193=CARTESIAN_POINT('',(-0.085757650727112,0.0387000000000065,0.0735691909987102));
#7194=CARTESIAN_POINT('',(-0.0857574929560831,0.0387000000000064,0.0735698178208728));
#7195=CARTESIAN_POINT('',(-0.0857573350790083,0.0387000000000064,0.0735704446113137));
#7196=CARTESIAN_POINT('',(-0.0857416114368992,0.0387,0.0736328693083782));
#7197=CARTESIAN_POINT('',(-0.0857248447940427,0.0387,0.0736949895198406));
#7198=CARTESIAN_POINT('',(-0.0857071770692793,0.0387000000000006,0.0737568413974588));
#7199=CARTESIAN_POINT('',(-0.0856913157983787,0.0387000000000009,0.0738123691691299));
#7200=CARTESIAN_POINT('',(-0.0856747283243499,0.0387000000000007,0.0738676806841741));
#7201=CARTESIAN_POINT('',(-0.0856574924556517,0.0387000000000124,0.0739227925726344));
#7202=CARTESIAN_POINT('',(-0.0856553413213598,0.0387000000000138,0.0739296708492815));
#7203=CARTESIAN_POINT('',(-0.0856531800094475,0.0387000000000154,0.0739365460189263));
#7204=CARTESIAN_POINT('',(-0.0856510086686952,0.038700000000017,0.0739434181214377));
#7205=CARTESIAN_POINT('',(-0.0856314401733778,0.0387000000000314,0.0740053506880655));
#7206=CARTESIAN_POINT('',(-0.0856110571194893,0.0387000000000501,0.0740670341321265));
#7207=CARTESIAN_POINT('',(-0.0855899432810544,0.0387000000000624,0.074128491892807));
#7208=CARTESIAN_POINT('',(-0.0855688281226251,0.0387000000000747,0.0741899534957022));
#7209=CARTESIAN_POINT('',(-0.0855469820928323,0.0387000000000807,0.0742511893892337));
#7210=CARTESIAN_POINT('',(-0.0855244776850741,0.0387000000000788,0.0743122145271733));
#7211=CARTESIAN_POINT('',(-0.0854873978593568,0.0387000000000757,0.0744127637841675));
#7212=CARTESIAN_POINT('',(-0.0854485306009684,0.0387000000000494,0.0745127408566823));
#7213=CARTESIAN_POINT('',(-0.0854080968506088,0.0387000000000263,0.0746122249589128));
#7214=CARTESIAN_POINT('',(-0.0853994368144148,0.0387000000000214,0.0746335323053345));
#7215=CARTESIAN_POINT('',(-0.0853907050745776,0.0387000000000176,0.0746548176068169));
#7216=CARTESIAN_POINT('',(-0.0853819035597833,0.0387000000000146,0.074676082171716));
#7217=CARTESIAN_POINT('',(-0.0853320016899242,0.0386999999999976,0.0747966456854977));
#7218=CARTESIAN_POINT('',(-0.0852798575734472,0.0387000000000005,0.0749165430546835));
#7219=CARTESIAN_POINT('',(-0.0852260132816282,0.038700000000001,0.0750353376709133));
#7220=CARTESIAN_POINT('',(-0.0851882067164353,0.0387000000000013,0.0751187488599423));
#7221=CARTESIAN_POINT('',(-0.0851495617744394,0.0387000000000022,0.0752016161833599));
#7222=CARTESIAN_POINT('',(-0.0851101309356298,0.0387000000000089,0.075284044191246));
#7223=CARTESIAN_POINT('',(-0.08509345239229,0.0387000000000117,0.0753189097721833));
#7224=CARTESIAN_POINT('',(-0.0850766417631571,0.0387000000000143,0.075353677058985));
#7225=CARTESIAN_POINT('',(-0.085059703458108,0.0387000000000163,0.0753883543055968));
#7226=CARTESIAN_POINT('',(-0.0850026883139777,0.0387000000000229,0.0755050795746168));
#7227=CARTESIAN_POINT('',(-0.0849442271910786,0.0387000000000194,0.0756207850051256));
#7228=CARTESIAN_POINT('',(-0.0848844712702646,0.0387000000000135,0.0757356343282647));
#7229=CARTESIAN_POINT('',(-0.0848496932626568,0.03870000000001,0.075802476752906));
#7230=CARTESIAN_POINT('',(-0.0848144765138446,0.0387000000000063,0.0758690291022336));
#7231=CARTESIAN_POINT('',(-0.0847788402792001,0.0387000000000039,0.0759353243304512));
#7232=CARTESIAN_POINT('',(-0.0847532307255516,0.0387000000000022,0.0759829666030036));
#7233=CARTESIAN_POINT('',(-0.084727405306063,0.0387000000000014,0.0760304753802079));
#7234=CARTESIAN_POINT('',(-0.08470137428857,0.0387000000000009,0.0760778564124972));
#7235=CARTESIAN_POINT('',(-0.0846391380950686,0.0387,0.076191137235832));
#7236=CARTESIAN_POINT('',(-0.0845757265849901,0.0387,0.0763036877965163));
#7237=CARTESIAN_POINT('',(-0.0845112625475277,0.0387000000000008,0.0764155654699264));
#7238=CARTESIAN_POINT('',(-0.0844815520445031,0.0387000000000012,0.0764671282029645));
#7239=CARTESIAN_POINT('',(-0.0844516179870775,0.038700000000002,0.0765185480158579));
#7240=CARTESIAN_POINT('',(-0.0844214695473347,0.0387000000000038,0.0765698289164255));
#7241=CARTESIAN_POINT('',(-0.0843207944421691,0.0387000000000101,0.0767410719426543));
#7242=CARTESIAN_POINT('',(-0.0842177239635074,0.0387000000000236,0.0769107620304841));
#7243=CARTESIAN_POINT('',(-0.0841125673570818,0.0387000000000323,0.0770791023235882));
#7244=CARTESIAN_POINT('',(-0.0839759075256493,0.0387000000000436,0.0772978746562155));
#7245=CARTESIAN_POINT('',(-0.0838357244053607,0.038700000000041,0.0775143673081174));
#7246=CARTESIAN_POINT('',(-0.0836925046755839,0.0387000000000234,0.0777288966478406));
#7247=CARTESIAN_POINT('',(-0.0836768127475116,0.0387000000000215,0.0777524016423939));
#7248=CARTESIAN_POINT('',(-0.0836610843655637,0.0387000000000194,0.0777758830675291));
#7249=CARTESIAN_POINT('',(-0.0836453200109555,0.0387000000000174,0.0777993412556699));
#7250=CARTESIAN_POINT('',(-0.0835171961312881,0.0387000000000009,0.0779899963220691));
#7251=CARTESIAN_POINT('',(-0.0833867104701445,0.0387000000000018,0.0781791146660296));
#7252=CARTESIAN_POINT('',(-0.0832541052517839,0.0387000000000011,0.0783668959733686));
#7253=CARTESIAN_POINT('',(-0.0831068961941381,0.0387,0.0785753576737348));
#7254=CARTESIAN_POINT('',(-0.0829570750069404,0.0387000000000006,0.0787821716236158));
#7255=CARTESIAN_POINT('',(-0.0828049196895918,0.0387,0.0789875266969725));
#7256=CARTESIAN_POINT('',(-0.0828031749066776,0.0387,0.078989881527744));
#7257=CARTESIAN_POINT('',(-0.082801429826403,0.0387,0.0789922361547831));
#7258=CARTESIAN_POINT('',(-0.0827996844492144,0.0387,0.0789945905783545));
#7259=CARTESIAN_POINT('',(-0.0826457309043771,0.0387,0.079202265949182));
#7260=CARTESIAN_POINT('',(-0.082489467393071,0.0387,0.079408358409957));
#7261=CARTESIAN_POINT('',(-0.0823310393826794,0.0387000000000012,0.0796131365523391));
#7262=CARTESIAN_POINT('',(-0.0821935403231798,0.0387000000000018,0.0797908627127196));
#7263=CARTESIAN_POINT('',(-0.0820544108522271,0.0387000000000022,0.0799675988049091));
#7264=CARTESIAN_POINT('',(-0.0819139703408411,0.0387000000000012,0.0801431997592493));
#7265=CARTESIAN_POINT('',(-0.0818925528906033,0.038700000000001,0.0801699792451981));
#7266=CARTESIAN_POINT('',(-0.0818711028518909,0.0387000000000009,0.0801967350880948));
#7267=CARTESIAN_POINT('',(-0.0818496214808645,0.0387000000000007,0.080223466591093));
#7268=CARTESIAN_POINT('',(-0.0815661030585282,0.0386999999999992,0.0805762780362947));
#7269=CARTESIAN_POINT('',(-0.081277123074455,0.0387,0.0809248467187853));
#7270=CARTESIAN_POINT('',(-0.0809840444945133,0.0387,0.0812691859693976));
#7271=CARTESIAN_POINT('',(-0.0809418474518347,0.0387,0.081318763451508));
#7272=CARTESIAN_POINT('',(-0.080899564472852,0.0387000000000005,0.0813682542883638));
#7273=CARTESIAN_POINT('',(-0.0808571988158526,0.0387000000000005,0.0814176596541035));
#7274=CARTESIAN_POINT('',(-0.0805830203381586,0.0387000000000008,0.0817373971237387));
#7275=CARTESIAN_POINT('',(-0.0803053792591597,0.0386999999999935,0.0820535547776359));
#7276=CARTESIAN_POINT('',(-0.0800245886460375,0.0387000000000088,0.0823667405567562));
#7277=CARTESIAN_POINT('',(-0.0799610735302469,0.0387000000000123,0.082437583491296));
#7278=CARTESIAN_POINT('',(-0.0798973977459441,0.0387000000000161,0.0825082722882858));
#7279=CARTESIAN_POINT('',(-0.0798335654889532,0.0387000000000197,0.0825788131910678));
#7280=CARTESIAN_POINT('',(-0.0794879583209753,0.0387000000000388,0.0829607429987598));
#7281=CARTESIAN_POINT('',(-0.0791377636884462,0.0387000000000377,0.0833383367541783));
#7282=CARTESIAN_POINT('',(-0.0787836507308591,0.0387000000000264,0.0837121487602011));
#7283=CARTESIAN_POINT('',(-0.078535537190331,0.0387000000000186,0.0839740646780432));
#7284=CARTESIAN_POINT('',(-0.0782855002011965,0.0387000000000098,0.0842341242044987));
#7285=CARTESIAN_POINT('',(-0.0780337068818939,0.0387000000000056,0.0844924922158808));
#7286=CARTESIAN_POINT('',(-0.0779265040968879,0.0387000000000038,0.0846024942225002));
#7287=CARTESIAN_POINT('',(-0.0778189843395346,0.0387000000000028,0.0847121883265446));
#7288=CARTESIAN_POINT('',(-0.0777111599077941,0.038700000000002,0.0848215876968952));
#7289=CARTESIAN_POINT('',(-0.0773503869646512,0.0387,0.085187630273538));
#7290=CARTESIAN_POINT('',(-0.0769862029261965,0.0387,0.0855503730519758));
#7291=CARTESIAN_POINT('',(-0.0766189893671959,0.0387,0.0859101937999343));
#7292=CARTESIAN_POINT('',(-0.0764023264173476,0.0387,0.0861224948513483));
#7293=CARTESIAN_POINT('',(-0.076184608876241,0.0387,0.0863337787290424));
#7294=CARTESIAN_POINT('',(-0.0759659003582119,0.0387,0.0865441091141949));
#7295=CARTESIAN_POINT('',(-0.0758142114581139,0.0387,0.0866899872220457));
#7296=CARTESIAN_POINT('',(-0.0756620460369884,0.0387,0.0868354066416432));
#7297=CARTESIAN_POINT('',(-0.0755094258001923,0.0387,0.0869803884625011));
#7298=CARTESIAN_POINT('',(-0.0751370138591676,0.0387,0.0873341617395736));
#7299=CARTESIAN_POINT('',(-0.0747618937377144,0.0387,0.0876853293428952));
#7300=CARTESIAN_POINT('',(-0.0743843311271996,0.0387,0.0880341428271791));
#7301=CARTESIAN_POINT('',(-0.0742024081521623,0.0387,0.0882022134597758));
#7302=CARTESIAN_POINT('',(-0.074019918143439,0.0387,0.0883697375765837));
#7303=CARTESIAN_POINT('',(-0.0738368862141053,0.0387,0.0885367385087768));
#7304=CARTESIAN_POINT('',(-0.073836886047344,0.0387,0.0885367383260075));
#7305=CARTESIAN_POINT('',(-0.0137543608336541,0.0387,0.0581089306965066));
#7306=CARTESIAN_POINT('',(-0.0137543608328163,0.0387,0.058108931209943));
#7307=CARTESIAN_POINT('',(-0.0738368851573848,0.0387,0.0885367378642849));
#7308=CARTESIAN_POINT('',(-0.0734749022894802,0.0387,0.0885044281376829));
#7309=CARTESIAN_POINT('',(-0.0731132057364306,0.0387,0.0884703710948643));
#7310=CARTESIAN_POINT('',(-0.0727518087566962,0.0387,0.088434472387661));
#7311=CARTESIAN_POINT('',(-0.0719495129978455,0.0387,0.088354777807594));
#7312=CARTESIAN_POINT('',(-0.0711486937287373,0.0387,0.088266006036794));
#7313=CARTESIAN_POINT('',(-0.0703495057837651,0.0387,0.0881669757365933));
#7314=CARTESIAN_POINT('',(-0.0700908962535748,0.0387,0.088134930484196));
#7315=CARTESIAN_POINT('',(-0.069832457530055,0.0387,0.0881018111504563));
#7316=CARTESIAN_POINT('',(-0.0695741961755002,0.0387,0.0880675705127581));
#7317=CARTESIAN_POINT('',(-0.0690332683829105,0.0387,0.0879958535785737));
#7318=CARTESIAN_POINT('',(-0.0684931108445635,0.0387,0.0879192179731658));
#7319=CARTESIAN_POINT('',(-0.0679538381890401,0.0387000000000012,0.0878372386413189));
#7320=CARTESIAN_POINT('',(-0.0671557533177089,0.038700000000003,0.0877159151070387));
#7321=CARTESIAN_POINT('',(-0.0663596066573993,0.038700000000006,0.087582885430926));
#7322=CARTESIAN_POINT('',(-0.0655657358810171,0.0387000000000026,0.0874365395936694));
#7323=CARTESIAN_POINT('',(-0.0654919318248549,0.0387000000000023,0.0874229342101317));
#7324=CARTESIAN_POINT('',(-0.0654181474365772,0.0387000000000019,0.0874092137697306));
#7325=CARTESIAN_POINT('',(-0.0653443831822327,0.0387000000000016,0.0873953768223135));
#7326=CARTESIAN_POINT('',(-0.0647276440332587,0.0386999999999988,0.0872796868143248));
#7327=CARTESIAN_POINT('',(-0.0641123055758414,0.0387000000000037,0.0871558721318312));
#7328=CARTESIAN_POINT('',(-0.0634980500915864,0.0387000000000025,0.0870229335044245));
#7329=CARTESIAN_POINT('',(-0.0634134598848775,0.0387000000000023,0.0870046262914486));
#7330=CARTESIAN_POINT('',(-0.0633288902281634,0.038700000000002,0.0869861459666994));
#7331=CARTESIAN_POINT('',(-0.0632443403038565,0.0387000000000016,0.0869674898401898));
#7332=CARTESIAN_POINT('',(-0.0632249882495582,0.0387000000000015,0.0869632197669027));
#7333=CARTESIAN_POINT('',(-0.0632056379553871,0.0387000000000014,0.0869589406711707));
#7334=CARTESIAN_POINT('',(-0.0631862894368105,0.0387000000000014,0.0869546525281141));
#7335=CARTESIAN_POINT('',(-0.0627902157510132,0.0387,0.0868668721319588));
#7336=CARTESIAN_POINT('',(-0.0623948859622095,0.038700000000002,0.0867752996681594));
#7337=CARTESIAN_POINT('',(-0.0620001989961452,0.038700000000004,0.0866796292693231));
#7338=CARTESIAN_POINT('',(-0.0617182266270325,0.0387000000000055,0.0866112803970945));
#7339=CARTESIAN_POINT('',(-0.0614365828910556,0.0387000000000059,0.0865408402965191));
#7340=CARTESIAN_POINT('',(-0.0611558941036538,0.0387000000000032,0.0864683839564333));
#7341=CARTESIAN_POINT('',(-0.0610429896059874,0.0387000000000022,0.0864392390562901));
#7342=CARTESIAN_POINT('',(-0.0609301753590572,0.0387000000000016,0.086409752165032));
#7343=CARTESIAN_POINT('',(-0.060817495415384,0.0387000000000011,0.0863799281029064));
#7344=CARTESIAN_POINT('',(-0.0603162684240401,0.0386999999999993,0.0862472636336002));
#7345=CARTESIAN_POINT('',(-0.0598177007672215,0.0386999999999991,0.0861079240173649));
#7346=CARTESIAN_POINT('',(-0.0593223802316999,0.0387000000000015,0.0859616527010646));
#7347=CARTESIAN_POINT('',(-0.0592458060355867,0.0387000000000019,0.0859390398520973));
#7348=CARTESIAN_POINT('',(-0.0591693094012681,0.0387000000000024,0.0859162614294238));
#7349=CARTESIAN_POINT('',(-0.0590928924520739,0.0387000000000031,0.0858933165880371));
#7350=CARTESIAN_POINT('',(-0.0588891957796894,0.0387000000000049,0.0858321549231426));
#7351=CARTESIAN_POINT('',(-0.0586860821314197,0.0387000000000123,0.0857698207034386));
#7352=CARTESIAN_POINT('',(-0.0584835507249444,0.0387000000000388,0.0857062822041864));
#7353=CARTESIAN_POINT('',(-0.0580081388907569,0.038700000000101,0.0855571351904133));
#7354=CARTESIAN_POINT('',(-0.0575359343331932,0.0387000000002985,0.0854013534583923));
#7355=CARTESIAN_POINT('',(-0.0570669356158231,0.0387000000001754,0.0852386126990219));
#7356=CARTESIAN_POINT('',(-0.0567761679425893,0.0387000000000992,0.085137717429611));
#7357=CARTESIAN_POINT('',(-0.0564866201071721,0.0387000000000647,0.0850341634690186));
#7358=CARTESIAN_POINT('',(-0.0561983244721944,0.0387000000000497,0.0849278979848614));
#7359=CARTESIAN_POINT('',(-0.0554450828916688,0.0387000000000107,0.0846502538878634));
#7360=CARTESIAN_POINT('',(-0.0547003904382231,0.0386999999995345,0.0843540989537259));
#7361=CARTESIAN_POINT('',(-0.0539646148181513,0.0387000000011087,0.0840387748379455));
#7362=CARTESIAN_POINT('',(-0.0536865290932725,0.0387000000017037,0.0839195983758333));
#7363=CARTESIAN_POINT('',(-0.0534097169411028,0.0387000000026758,0.0837976838062129));
#7364=CARTESIAN_POINT('',(-0.0531341592790258,0.0387000000046887,0.0836730851731126));
#7365=CARTESIAN_POINT('',(-0.0524105762675165,0.0387000000099746,0.083345903364815));
#7366=CARTESIAN_POINT('',(-0.0516957742867394,0.0387000000055898,0.082999892558495));
#7367=CARTESIAN_POINT('',(-0.0509892173393941,0.0387000000025837,0.0826361704869103));
#7368=CARTESIAN_POINT('',(-0.0505409701722468,0.0387000000006766,0.0824054213748544));
#7369=CARTESIAN_POINT('',(-0.0500960404953792,0.0387000000001208,0.0821675432515364));
#7370=CARTESIAN_POINT('',(-0.0496542829608686,0.0387000000000487,0.0819228147414434));
#7371=CARTESIAN_POINT('',(-0.0495570264499399,0.0387000000000328,0.0818689357712912));
#7372=CARTESIAN_POINT('',(-0.0494599236694484,0.0387000000000291,0.0818147247455924));
#7373=CARTESIAN_POINT('',(-0.0493629703899605,0.0387000000000346,0.0817601895592455));
#7374=CARTESIAN_POINT('',(-0.0485089335937738,0.0387000000000825,0.0812798029640399));
#7375=CARTESIAN_POINT('',(-0.0476666504648274,0.0387000000001533,0.0807740210420159));
#7376=CARTESIAN_POINT('',(-0.0468338518665221,0.0387000000001254,0.0802480868193705));
#7377=CARTESIAN_POINT('',(-0.046465785183314,0.0387000000001131,0.0800156430264671));
#7378=CARTESIAN_POINT('',(-0.0460995708062433,0.0387000000000829,0.0797792635874396));
#7379=CARTESIAN_POINT('',(-0.0457350116484159,0.0387000000000514,0.0795394038730301));
#7380=CARTESIAN_POINT('',(-0.0456669604071113,0.0387000000000455,0.079494629929065));
#7381=CARTESIAN_POINT('',(-0.0455989645733311,0.0387000000000405,0.079449733493642));
#7382=CARTESIAN_POINT('',(-0.0455310225442246,0.0387000000000361,0.0794047173001922));
#7383=CARTESIAN_POINT('',(-0.044856435768412,0.0386999999999929,0.0789577578967423));
#7384=CARTESIAN_POINT('',(-0.0441871522436727,0.0386999999999973,0.0784989935047829));
#7385=CARTESIAN_POINT('',(-0.0435230871798932,0.0387000000000105,0.0780328852918912));
#7386=CARTESIAN_POINT('',(-0.0430850438392688,0.0387000000000192,0.0777254220479952));
#7387=CARTESIAN_POINT('',(-0.0426492715816603,0.0387000000000345,0.0774147630627215));
#7388=CARTESIAN_POINT('',(-0.0422150810049111,0.0387000000001377,0.0771016748191576));
#7389=CARTESIAN_POINT('',(-0.0419913597650963,0.0387000000001909,0.0769403528242263));
#7390=CARTESIAN_POINT('',(-0.0417681357711147,0.0387000000002236,0.0767784330645532));
#7391=CARTESIAN_POINT('',(-0.0415453104989079,0.0387000000002255,0.0766160208699168));
#7392=CARTESIAN_POINT('',(-0.0406140672253152,0.0387000000002334,0.0759372591553832));
#7393=CARTESIAN_POINT('',(-0.0396897855824769,0.0387,0.0752499009595483));
#7394=CARTESIAN_POINT('',(-0.0387670928884034,0.0387,0.0745600068530999));
#7395=CARTESIAN_POINT('',(-0.0383907798439409,0.0387,0.0742786389033786));
#7396=CARTESIAN_POINT('',(-0.0380147328701372,0.0387,0.0739968369138293));
#7397=CARTESIAN_POINT('',(-0.0376386526517588,0.0387,0.0737150491252572));
#7398=CARTESIAN_POINT('',(-0.0369896029435826,0.0387,0.0732287319168464));
#7399=CARTESIAN_POINT('',(-0.0363404541478976,0.0387,0.0727424571026493));
#7400=CARTESIAN_POINT('',(-0.0356902577975242,0.0387,0.0722576806705297));
#7401=CARTESIAN_POINT('',(-0.0352930157839356,0.0387,0.0719615031144348));
#7402=CARTESIAN_POINT('',(-0.0348953876336256,0.0387,0.0716658884645069));
#7403=CARTESIAN_POINT('',(-0.034497133012474,0.0387,0.0713711505690984));
#7404=CARTESIAN_POINT('',(-0.0342435338710971,0.0387,0.0711834684350136));
#7405=CARTESIAN_POINT('',(-0.0339896797308374,0.0387,0.07099614108383));
#7406=CARTESIAN_POINT('',(-0.0337355063449535,0.0387,0.0708092479793806));
#7407=CARTESIAN_POINT('',(-0.0331201254167101,0.0387,0.0703567598020745));
#7408=CARTESIAN_POINT('',(-0.0325028732809443,0.0387,0.0699068168908162));
#7409=CARTESIAN_POINT('',(-0.0318832129378085,0.0387,0.0694600445687709));
#7410=CARTESIAN_POINT('',(-0.0311871973065905,0.0387,0.0689582204272332));
#7411=CARTESIAN_POINT('',(-0.0304881916498893,0.0386999999999921,0.0684604323778468));
#7412=CARTESIAN_POINT('',(-0.0297856280949212,0.0387000000000079,0.0679677156961873));
#7413=CARTESIAN_POINT('',(-0.0293189949986353,0.0387000000000184,0.067640460020699));
#7414=CARTESIAN_POINT('',(-0.0288507924705073,0.0387000000000339,0.0673154414376946));
#7415=CARTESIAN_POINT('',(-0.0283810570080034,0.0387000000001679,0.0669928783275777));
#7416=CARTESIAN_POINT('',(-0.0275137714325349,0.0387000000004154,0.0663973211365335));
#7417=CARTESIAN_POINT('',(-0.0266408873322421,0.0387000000010883,0.0658098538202868));
#7418=CARTESIAN_POINT('',(-0.0257624394700884,0.0387000000018567,0.0652316928906419));
#7419=CARTESIAN_POINT('',(-0.0244087261465287,0.0387000000030408,0.0643407303334526));
#7420=CARTESIAN_POINT('',(-0.0230418005932696,0.0387000000038078,0.0634718692008672));
#7421=CARTESIAN_POINT('',(-0.021660858148162,0.0387000000022007,0.0626257143203447));
#7422=CARTESIAN_POINT('',(-0.0215057244731551,0.0387000000020202,0.0625306581384557));
#7423=CARTESIAN_POINT('',(-0.0213504138975443,0.0387000000018216,0.0624358884998277));
#7424=CARTESIAN_POINT('',(-0.0211949270414814,0.0387000000016155,0.0623414053062245));
#7425=CARTESIAN_POINT('',(-0.0206585419821814,0.0387000000009046,0.0620154653863693));
#7426=CARTESIAN_POINT('',(-0.0201200831101065,0.0387000000005689,0.0616929764743208));
#7427=CARTESIAN_POINT('',(-0.0195795642161723,0.0387000000003637,0.0613739286573031));
#7428=CARTESIAN_POINT('',(-0.0188824001872707,0.038700000000099,0.0609624191540821));
#7429=CARTESIAN_POINT('',(-0.018181809142655,0.0387000000000517,0.0605566342131252));
#7430=CARTESIAN_POINT('',(-0.0174778036483757,0.0387000000000241,0.0601564939451904));
#7431=CARTESIAN_POINT('',(-0.0167738734528575,0.0386999999999965,0.0597563964753113));
#7432=CARTESIAN_POINT('',(-0.0160665295349245,0.0387000000000005,0.0593619424758994));
#7433=CARTESIAN_POINT('',(-0.0153558167287036,0.0387,0.0589730109641437));
#7434=CARTESIAN_POINT('',(-0.014823874797889,0.0387,0.0586819102867576));
#7435=CARTESIAN_POINT('',(-0.0142900456089542,0.0387,0.058393903307893));
#7436=CARTESIAN_POINT('',(-0.0137543608328767,0.0387,0.0581089312098296));
#7437=CARTESIAN_POINT('',(-0.0137543608336541,0.0467,0.0587869564681942));
#7438=CARTESIAN_POINT('',(-0.0137543608336541,0.0467,0.0473248468795767));
#7439=CARTESIAN_POINT('',(-0.00682615760337859,0.0427,0.0473248468795767));
#7440=CARTESIAN_POINT('',(-0.00794488581434297,0.0412,0.0488248468795767));
#7441=CARTESIAN_POINT('',(-0.00794488581434297,0.0412,0.0483789853773215));
#7442=CARTESIAN_POINT('',(-0.00755320149503567,0.041603609277943,0.0475967088967755));
#7443=CARTESIAN_POINT('',(-0.00704793366053142,0.042315872601109,0.0473248468795767));
#7444=CARTESIAN_POINT('',(-0.00682615760337859,0.0427,0.0473248468795767));
#7445=CARTESIAN_POINT('',(-0.00794488581434297,0.0412,0.0488248468795767));
#7446=CARTESIAN_POINT('',(-0.00794488581434297,0.0412,0.0587869564681942));
#7447=CARTESIAN_POINT('',(-0.00794488581434297,0.0412,0.0499248468795767));
#7448=CARTESIAN_POINT('',(-0.00682615760337859,0.0427,0.0514248468795767));
#7449=CARTESIAN_POINT('',(-0.00704820906558605,0.0423153955855617,0.0514248468795767));
#7450=CARTESIAN_POINT('',(-0.00754874822915404,0.0416092063546096,0.0511577496872009));
#7451=CARTESIAN_POINT('',(-0.00794488581434298,0.0412,0.0503710799106241));
#7452=CARTESIAN_POINT('',(-0.00794488581434298,0.0412,0.0499248468795767));
#7453=CARTESIAN_POINT('',(-0.00682615760337859,0.0427,0.0514248468795767));
#7454=CARTESIAN_POINT('',(-0.0137543608336541,0.0467,0.0514248468795767));
#7455=CARTESIAN_POINT('',(-0.013754360833171,0.0387,0.0581089312105334));
#7456=CARTESIAN_POINT('',(-0.0135652423387469,0.0387000000000114,0.0582225382025189));
#7457=CARTESIAN_POINT('',(-0.0132201474259811,0.0387133466829518,0.0584298000762729));
#7458=CARTESIAN_POINT('',(-0.0128051116952808,0.0387536684979828,0.0586798143307577));
#7459=CARTESIAN_POINT('',(-0.012540229668096,0.0387919177398746,0.0588399829764436));
#7460=CARTESIAN_POINT('',(-0.0124049523019191,0.0388144318674462,0.0589218888708778));
#7461=CARTESIAN_POINT('',(-0.0123300638524446,0.0388278112098721,0.0589672157725767));
#7462=CARTESIAN_POINT('',(-0.0123082559117592,0.0388316339429586,0.0589804115402401));
#7463=CARTESIAN_POINT('',(-0.0121849378653872,0.0388551426956412,0.0590549692734403));
#7464=CARTESIAN_POINT('',(-0.0120587749568932,0.0388813306315983,0.0591312787579165));
#7465=CARTESIAN_POINT('',(-0.0118268684459651,0.0389336272405242,0.0592716133517609));
#7466=CARTESIAN_POINT('',(-0.0115234230687562,0.0390142543883393,0.0594554963283494));
#7467=CARTESIAN_POINT('',(-0.0111730288448965,0.039125668757982,0.0596682892284135));
#7468=CARTESIAN_POINT('',(-0.0108855867858525,0.0392290482256664,0.0598431063139246));
#7469=CARTESIAN_POINT('',(-0.0104935976487357,0.0393907966354715,0.0600816988041794));
#7470=CARTESIAN_POINT('',(-0.0101561247437776,0.0395516659243494,0.0602874936977242));
#7471=CARTESIAN_POINT('',(-0.00982405576080355,0.0397291166717911,0.0604903499577753));
#7472=CARTESIAN_POINT('',(-0.00953463412251221,0.0398999793203926,0.060667404732921));
#7473=CARTESIAN_POINT('',(-0.00918698561819469,0.0401275147263652,0.0608802504655918));
#7474=CARTESIAN_POINT('',(-0.00877119922824848,0.0404333281175495,0.0611352176446689));
#7475=CARTESIAN_POINT('',(-0.0083112061834547,0.0408192935449824,0.061417954427495));
#7476=CARTESIAN_POINT('',(-0.00772677899941164,0.0414202150473241,0.0617779078435063));
#7477=CARTESIAN_POINT('',(-0.0072630741934713,0.0420016656459971,0.0620643895796782));
#7478=CARTESIAN_POINT('',(-0.00679972706825725,0.0427177667168885,0.0623509612352479));
#7479=CARTESIAN_POINT('',(-0.0064459721510256,0.0434123231126913,0.0625703249507609));
#7480=CARTESIAN_POINT('',(-0.00613374293205919,0.044216914679584,0.0627640622227552));
#7481=CARTESIAN_POINT('',(-0.00584954251962672,0.0452705779913088,0.0629407990168318));
#7482=CARTESIAN_POINT('',(-0.0057543608336541,0.0461365933231714,0.0630000007618897));
#7483=CARTESIAN_POINT('',(-0.0057543608336541,0.0467,0.0630000007618897));
#7484=CARTESIAN_POINT('',(-0.0353800257979597,0.0467007060498637,0.0365190903652188));
#7485=CARTESIAN_POINT('',(-0.0353800257979597,0.0467003530249318,0.0365190903652188));
#7486=CARTESIAN_POINT('',(-0.0353800257979597,0.0467,0.0365190903652188));
#7487=CARTESIAN_POINT('',(-0.0353800257979597,0.0387,0.0365190903652188));
#7488=CARTESIAN_POINT('',(-0.0274384901574398,0.0387,0.0355536828500457));
#7489=CARTESIAN_POINT('',(-0.0274047001206879,0.0387,0.0355495751866296));
#7490=CARTESIAN_POINT('',(-0.027370910083936,0.0387,0.0355454675232135));
#7491=CARTESIAN_POINT('',(-0.0353647518033503,0.0467007060498637,0.0366447357229124));
#7492=CARTESIAN_POINT('',(-0.0353647518033503,0.0467003530249318,0.0366447357229124));
#7493=CARTESIAN_POINT('',(-0.0353647518033503,0.0467,0.0366447357229124));
#7494=CARTESIAN_POINT('',(-0.0353647518033513,0.0387,0.036644735722913));
#7495=CARTESIAN_POINT('',(-0.0274232161628315,0.0387,0.0356793282077394));
#7496=CARTESIAN_POINT('',(-0.0273894261260796,0.0387,0.0356752205443233));
#7497=CARTESIAN_POINT('',(-0.0273556360893277,0.0387,0.0356711128809072));
#7498=CARTESIAN_POINT('',(-0.0353342044292233,0.0467007060498637,0.036896021462802));
#7499=CARTESIAN_POINT('',(-0.0353342044292233,0.0467003530249318,0.036896021462802));
#7500=CARTESIAN_POINT('',(-0.0353342044292233,0.0467,0.036896021462802));
#7501=CARTESIAN_POINT('',(-0.0353342044292228,0.0387,0.0368960214628018));
#7502=CARTESIAN_POINT('',(-0.0273926681914148,0.0387,0.0359306189241158));
#7503=CARTESIAN_POINT('',(-0.0273588781521216,0.0387,0.0359265112818739));
#7504=CARTESIAN_POINT('',(-0.0273250881128283,0.0387,0.035922403639632));
#7505=CARTESIAN_POINT('',(-0.0352960171361092,0.0467007060498637,0.0372101535151178));
#7506=CARTESIAN_POINT('',(-0.0352960171361092,0.0467003530249318,0.0372101535151178));
#7507=CARTESIAN_POINT('',(-0.0352960171361092,0.0467,0.0372101535151178));
#7508=CARTESIAN_POINT('',(-0.0352960171361092,0.0387,0.0372101535151178));
#7509=CARTESIAN_POINT('',(-0.0273544831381316,0.0387,0.0362447323146054));
#7510=CARTESIAN_POINT('',(-0.0273206931083685,0.0387,0.0362406245929602));
#7511=CARTESIAN_POINT('',(-0.0272869030786054,0.0387,0.0362365168713151));
#7512=CARTESIAN_POINT('',(-0.0352654737600729,0.0467007060498637,0.0374614069143279));
#7513=CARTESIAN_POINT('',(-0.0352654737600729,0.0467003530249318,0.0374614069143279));
#7514=CARTESIAN_POINT('',(-0.0352654737600729,0.0467,0.0374614069143279));
#7515=CARTESIAN_POINT('',(-0.0352654737600729,0.0387,0.0374614069143279));
#7516=CARTESIAN_POINT('',(-0.0273239352824346,0.0387,0.036496023037468));
#7517=CARTESIAN_POINT('',(-0.0272901452336112,0.0387,0.0364919154746294));
#7518=CARTESIAN_POINT('',(-0.0272563551847878,0.0387,0.0364878079117907));
#7519=CARTESIAN_POINT('',(-0.035242548697954,0.0467007060498637,0.0376499887651908));
#7520=CARTESIAN_POINT('',(-0.035242548697954,0.0467003530249318,0.0376499887651908));
#7521=CARTESIAN_POINT('',(-0.035242548697954,0.0467,0.0376499887651908));
#7522=CARTESIAN_POINT('',(-0.035242548697954,0.0387,0.0376499887651909));
#7523=CARTESIAN_POINT('',(-0.0273010238832807,0.0387,0.0366844910511909));
#7524=CARTESIAN_POINT('',(-0.0272672338925912,0.0387,0.0366803830039924));
#7525=CARTESIAN_POINT('',(-0.0272334439019016,0.0387,0.0366762749567939));
#7526=CARTESIAN_POINT('',(-0.0352235002221375,0.0467007060498637,0.0378066894038263));
#7527=CARTESIAN_POINT('',(-0.0352235002221375,0.0467003530249318,0.0378066894038263));
#7528=CARTESIAN_POINT('',(-0.0352235002221375,0.0467,0.0378066894038263));
#7529=CARTESIAN_POINT('',(-0.0352235002221375,0.0387,0.0378066894038263));
#7530=CARTESIAN_POINT('',(-0.0272819326640356,0.0387,0.0368415478196769));
#7531=CARTESIAN_POINT('',(-0.0272481424914792,0.0387,0.0368374412877572));
#7532=CARTESIAN_POINT('',(-0.0272143523189228,0.0387,0.0368333347558375));
#7533=CARTESIAN_POINT('',(-0.0352100568989876,0.0467007060498637,0.0379172647106101));
#7534=CARTESIAN_POINT('',(-0.0352100568989876,0.0467003530249318,0.0379172647106101));
#7535=CARTESIAN_POINT('',(-0.0352100568989876,0.0467,0.0379172647106101));
#7536=CARTESIAN_POINT('',(-0.0352100568989876,0.0387,0.0379172647106101));
#7537=CARTESIAN_POINT('',(-0.0272685656444387,0.0387,0.0369514873802473));
#7538=CARTESIAN_POINT('',(-0.0272347757965424,0.0387,0.0369473781433233));
#7539=CARTESIAN_POINT('',(-0.0272009859486462,0.0387,0.0369432689063994));
#7540=CARTESIAN_POINT('',(-0.0352034846900936,0.0467007060498637,0.037971343436628));
#7541=CARTESIAN_POINT('',(-0.0352034846900936,0.0467003530249318,0.037971343436628));
#7542=CARTESIAN_POINT('',(-0.0352034846900936,0.0467,0.037971343436628));
#7543=CARTESIAN_POINT('',(-0.0352034846900936,0.0387,0.037971343436628));
#7544=CARTESIAN_POINT('',(-0.0272618864603151,0.0387,0.0370064574028615));
#7545=CARTESIAN_POINT('',(-0.0272280961572554,0.0387,0.0370023519582701));
#7546=CARTESIAN_POINT('',(-0.0271943058541956,0.0387,0.0369982465136788));
#7547=CARTESIAN_POINT('',(-0.0351994885647122,0.0467007060498637,0.0380041916041739));
#7548=CARTESIAN_POINT('',(-0.0351994885647122,0.0467003530249318,0.0380041916041739));
#7549=CARTESIAN_POINT('',(-0.0351994885647122,0.0467,0.0380041916041739));
#7550=CARTESIAN_POINT('',(-0.0351994885647122,0.0387,0.038004191604174));
#7551=CARTESIAN_POINT('',(-0.027258062820534,0.0387,0.0370378684542728));
#7552=CARTESIAN_POINT('',(-0.0272242732513745,0.0387,0.037033756894969));
#7553=CARTESIAN_POINT('',(-0.027190483682215,0.0387,0.0370296453356652));
#7554=CARTESIAN_POINT('',(-0.0351977632261293,0.0467007060498637,0.0380184952041473));
#7555=CARTESIAN_POINT('',(-0.0351977632261293,0.0467003530249318,0.0380184952041473));
#7556=CARTESIAN_POINT('',(-0.0351977632261293,0.0467,0.0380184952041473));
#7557=CARTESIAN_POINT('',(-0.0351977632261293,0.0387,0.0380184952041473));
#7558=CARTESIAN_POINT('',(-0.0272542677181985,0.0387,0.0370692811043822));
#7559=CARTESIAN_POINT('',(-0.0272204693425063,0.0387,0.0370652423415071));
#7560=CARTESIAN_POINT('',(-0.0271866709668141,0.0387,0.0370612035786319));
#7561=CARTESIAN_POINT('',(-0.0351948835233055,0.0467007060498637,0.0380426981215544));
#7562=CARTESIAN_POINT('',(-0.0351948835233055,0.0467003530249318,0.0380426981215544));
#7563=CARTESIAN_POINT('',(-0.0351948835233055,0.0467,0.0380426981215544));
#7564=CARTESIAN_POINT('',(-0.0351948835233055,0.0387,0.0380426981215544));
#7565=CARTESIAN_POINT('',(-0.027249603288397,0.0387,0.0371085513677885));
#7566=CARTESIAN_POINT('',(-0.0272157973189606,0.0387,0.0371045767141988));
#7567=CARTESIAN_POINT('',(-0.0271819913495242,0.0387,0.0371006020606091));
#7568=CARTESIAN_POINT('',(-0.0351908039689129,0.0467007060498637,0.0380778291057316));
#7569=CARTESIAN_POINT('',(-0.0351908039689129,0.0467003530249318,0.0380778291057316));
#7570=CARTESIAN_POINT('',(-0.0351908039689129,0.0467,0.0380778291057316));
#7571=CARTESIAN_POINT('',(-0.0351908039689129,0.0387,0.0380778291057316));
#7572=CARTESIAN_POINT('',(-0.0272422991653552,0.0387,0.0371713926946081));
#7573=CARTESIAN_POINT('',(-0.0272084794758654,0.0387,0.0371675359443483));
#7574=CARTESIAN_POINT('',(-0.0271746597863756,0.0387,0.0371636791940884));
#7575=CARTESIAN_POINT('',(-0.0351857407148838,0.0467007060498637,0.0381228717864422));
#7576=CARTESIAN_POINT('',(-0.0351857407148838,0.0467003530249318,0.0381228717864422));
#7577=CARTESIAN_POINT('',(-0.0351857407148838,0.0467,0.0381228717864422));
#7578=CARTESIAN_POINT('',(-0.0351857407148838,0.0387,0.0381228717864422));
#7579=CARTESIAN_POINT('',(-0.0272334724705004,0.0387,0.0372499613532284));
#7580=CARTESIAN_POINT('',(-0.0271996367681373,0.0387,0.0372462472509496));
#7581=CARTESIAN_POINT('',(-0.0271658010657742,0.0387,0.0372425331486709));
#7582=CARTESIAN_POINT('',(-0.0351800208461595,0.0467007060498637,0.038176263133527));
#7583=CARTESIAN_POINT('',(-0.0351800208461595,0.0467003530249318,0.038176263133527));
#7584=CARTESIAN_POINT('',(-0.0351800208461595,0.0467,0.038176263133527));
#7585=CARTESIAN_POINT('',(-0.0351800208461595,0.0387,0.038176263133527));
#7586=CARTESIAN_POINT('',(-0.0272233658523688,0.0387,0.0373442709370863));
#7587=CARTESIAN_POINT('',(-0.0271895114850484,0.0387,0.0373407309357355));
#7588=CARTESIAN_POINT('',(-0.027155657117728,0.0387,0.0373371909343847));
#7589=CARTESIAN_POINT('',(-0.0351727616096669,0.0467007060498637,0.0382474502226227));
#7590=CARTESIAN_POINT('',(-0.0351727616096669,0.0467003530249318,0.0382474502226227));
#7591=CARTESIAN_POINT('',(-0.0351727616096669,0.0467,0.0382474502226227));
#7592=CARTESIAN_POINT('',(-0.0351727616096669,0.0387,0.0382474502226226));
#7593=CARTESIAN_POINT('',(-0.0272105400720942,0.0387,0.0374700534463584));
#7594=CARTESIAN_POINT('',(-0.0271766620199693,0.0387,0.0374667457402887));
#7595=CARTESIAN_POINT('',(-0.0271427839678444,0.0387,0.037463438034219));
#7596=CARTESIAN_POINT('',(-0.035164422762399,0.0467007060498637,0.0383360320880944));
#7597=CARTESIAN_POINT('',(-0.035164422762399,0.0467003530249318,0.0383360320880944));
#7598=CARTESIAN_POINT('',(-0.035164422762399,0.0467,0.0383360320880944));
#7599=CARTESIAN_POINT('',(-0.035164422762399,0.0387,0.0383360320880944));
#7600=CARTESIAN_POINT('',(-0.0271957294558258,0.0387,0.0376273500189629));
#7601=CARTESIAN_POINT('',(-0.0271618238672996,0.0387,0.0376243346836115));
#7602=CARTESIAN_POINT('',(-0.0271279182787734,0.0387,0.0376213193482601));
#7603=CARTESIAN_POINT('',(-0.0351467177624796,0.0467007060498637,0.0385476198112999));
#7604=CARTESIAN_POINT('',(-0.0351467177624796,0.0467003530249318,0.0385476198112999));
#7605=CARTESIAN_POINT('',(-0.0351467177624796,0.0467,0.0385476198112999));
#7606=CARTESIAN_POINT('',(-0.0351467177624796,0.0387,0.0385476198112999));
#7607=CARTESIAN_POINT('',(-0.0271641171783073,0.0387,0.0380050821339156));
#7608=CARTESIAN_POINT('',(-0.0271301524164118,0.0387,0.0380027737179004));
#7609=CARTESIAN_POINT('',(-0.0270961876545163,0.0387,0.0380004653018852));
#7610=CARTESIAN_POINT('',(-0.0351287892366414,0.0467007060498637,0.038861097530512));
#7611=CARTESIAN_POINT('',(-0.0351287892366414,0.0467003530249318,0.038861097530512));
#7612=CARTESIAN_POINT('',(-0.0351287892366414,0.0467,0.038861097530512));
#7613=CARTESIAN_POINT('',(-0.0351287892366414,0.0387,0.038861097530512));
#7614=CARTESIAN_POINT('',(-0.0271315369582344,0.0387,0.0385725114989199));
#7615=CARTESIAN_POINT('',(-0.0270975098555891,0.0387,0.0385712836088675));
#7616=CARTESIAN_POINT('',(-0.0270634827529438,0.0387,0.0385700557188151));
#7617=CARTESIAN_POINT('',(-0.0351229429866862,0.0467007060498637,0.0392717178116961));
#7618=CARTESIAN_POINT('',(-0.0351229429866862,0.0467003530249318,0.0392717178116961));
#7619=CARTESIAN_POINT('',(-0.0351229429866862,0.0467,0.0392717178116961));
#7620=CARTESIAN_POINT('',(-0.0351229429866862,0.0387,0.0392717178116961));
#7621=CARTESIAN_POINT('',(-0.027120581239233,0.0387,0.0393309029053369));
#7622=CARTESIAN_POINT('',(-0.0270865323965673,0.0387,0.0393311547289866));
#7623=CARTESIAN_POINT('',(-0.0270524835539016,0.0387,0.0393314065526363));
#7624=CARTESIAN_POINT('',(-0.0351349584803199,0.0467007060498637,0.0396759903960659));
#7625=CARTESIAN_POINT('',(-0.0351349584803199,0.0467003530249318,0.0396759903960659));
#7626=CARTESIAN_POINT('',(-0.0351349584803199,0.0467,0.0396759903960659));
#7627=CARTESIAN_POINT('',(-0.0351349584803199,0.0387,0.0396759903960659));
#7628=CARTESIAN_POINT('',(-0.027143033643561,0.0387,0.0400911708891015));
#7629=CARTESIAN_POINT('',(-0.0271090292083766,0.0387,0.0400929374194998));
#7630=CARTESIAN_POINT('',(-0.0270750247731923,0.0387,0.0400947039498981));
#7631=CARTESIAN_POINT('',(-0.0351648076915998,0.0467007060498637,0.0400750028083159));
#7632=CARTESIAN_POINT('',(-0.0351648076915998,0.0467003530249318,0.0400750028083159));
#7633=CARTESIAN_POINT('',(-0.0351648076915998,0.0467,0.0400750028083159));
#7634=CARTESIAN_POINT('',(-0.0351648076915998,0.0387,0.0400750028083159));
#7635=CARTESIAN_POINT('',(-0.0271999261637633,0.0387,0.0408533502920872));
#7636=CARTESIAN_POINT('',(-0.0271660367937809,0.0387,0.040856662043274));
#7637=CARTESIAN_POINT('',(-0.0271321474237985,0.0387,0.0408599737944608));
#7638=CARTESIAN_POINT('',(-0.0352126804198416,0.0467007060498637,0.0404699804873263));
#7639=CARTESIAN_POINT('',(-0.0352126804198416,0.0467003530249318,0.0404699804873263));
#7640=CARTESIAN_POINT('',(-0.0352126804198416,0.0467,0.0404699804873263));
#7641=CARTESIAN_POINT('',(-0.0352126804198416,0.0387,0.0404699804873263));
#7642=CARTESIAN_POINT('',(-0.0272924522328654,0.0387,0.0416175914730179));
#7643=CARTESIAN_POINT('',(-0.0272587528561157,0.0387,0.041622474384729));
#7644=CARTESIAN_POINT('',(-0.027225053479366,0.0387,0.0416273572964401));
#7645=CARTESIAN_POINT('',(-0.0352789639138654,0.0467007060498637,0.0408620297802149));
#7646=CARTESIAN_POINT('',(-0.0352789639138654,0.0467003530249318,0.0408620297802149));
#7647=CARTESIAN_POINT('',(-0.0352789639138654,0.0467,0.0408620297802149));
#7648=CARTESIAN_POINT('',(-0.0352789639138654,0.0387,0.0408620297802149));
#7649=CARTESIAN_POINT('',(-0.0274218936609561,0.0387,0.0423836564522164));
#7650=CARTESIAN_POINT('',(-0.0273884630116931,0.0387,0.0423901307442799));
#7651=CARTESIAN_POINT('',(-0.0273550323624301,0.0387,0.0423966050363434));
#7652=CARTESIAN_POINT('',(-0.0353644708863596,0.0467007060498637,0.041253092214339));
#7653=CARTESIAN_POINT('',(-0.0353644708863596,0.0467003530249318,0.041253092214339));
#7654=CARTESIAN_POINT('',(-0.0353644708863596,0.0467,0.041253092214339));
#7655=CARTESIAN_POINT('',(-0.0353644708863597,0.0387,0.041253092214339));
#7656=CARTESIAN_POINT('',(-0.0275900214473491,0.0387,0.0431528000938689));
#7657=CARTESIAN_POINT('',(-0.0275569423371919,0.0387,0.0431608830644646));
#7658=CARTESIAN_POINT('',(-0.0275238632270348,0.0387,0.0431689660350603));
#7659=CARTESIAN_POINT('',(-0.0354697873705843,0.0467007060498637,0.0416423996608922));
#7660=CARTESIAN_POINT('',(-0.0354697873705843,0.0467003530249318,0.0416423996608922));
#7661=CARTESIAN_POINT('',(-0.0354697873705843,0.0467,0.0416423996608922));
#7662=CARTESIAN_POINT('',(-0.0354697873705843,0.0387,0.0416423996608922));
#7663=CARTESIAN_POINT('',(-0.0277977650860838,0.0387,0.0439207616536851));
#7664=CARTESIAN_POINT('',(-0.0277651217880254,0.0387,0.0439304557404405));
#7665=CARTESIAN_POINT('',(-0.0277324784899671,0.0387,0.043940149827196));
#7666=CARTESIAN_POINT('',(-0.0356337169344292,0.0467007060498637,0.0421488302326205));
#7667=CARTESIAN_POINT('',(-0.0356337169344292,0.0467003530249318,0.0421488302326205));
#7668=CARTESIAN_POINT('',(-0.0356337169344292,0.0467,0.0421488302326205));
#7669=CARTESIAN_POINT('',(-0.0356337169344292,0.0387,0.0421488302326206));
#7670=CARTESIAN_POINT('',(-0.0281208960126225,0.0387,0.0449189636915757));
#7671=CARTESIAN_POINT('',(-0.0280889300923585,0.0387,0.044930750191772));
#7672=CARTESIAN_POINT('',(-0.0280569641720946,0.0387,0.0449425366919682));
#7673=CARTESIAN_POINT('',(-0.035884214783796,0.0467007060498637,0.042766976779447));
#7674=CARTESIAN_POINT('',(-0.035884214783796,0.0467003530249318,0.042766976779447));
#7675=CARTESIAN_POINT('',(-0.035884214783796,0.0467,0.042766976779447));
#7676=CARTESIAN_POINT('',(-0.035884214783796,0.0387,0.042766976779447));
#7677=CARTESIAN_POINT('',(-0.0286117709441712,0.0387,0.0461290167721187));
#7678=CARTESIAN_POINT('',(-0.0285808277921487,0.0387,0.0461433217453702));
#7679=CARTESIAN_POINT('',(-0.0285498846401262,0.0387,0.0461576267186218));
#7680=CARTESIAN_POINT('',(-0.0361989854466462,0.0467007060498637,0.0433728061663151));
#7681=CARTESIAN_POINT('',(-0.0361989854466462,0.0467003530249318,0.0433728061663151));
#7682=CARTESIAN_POINT('',(-0.0361989854466462,0.0467,0.0433728061663151));
#7683=CARTESIAN_POINT('',(-0.0361989854466462,0.0387,0.0433728061663151));
#7684=CARTESIAN_POINT('',(-0.0292149048574766,0.0387,0.0472878520067922));
#7685=CARTESIAN_POINT('',(-0.0291851886476063,0.0387,0.0473045099365458));
#7686=CARTESIAN_POINT('',(-0.029155472437736,0.0387,0.0473211678662993));
#7687=CARTESIAN_POINT('',(-0.0364932734072315,0.0467007060498637,0.0438542395141563));
#7688=CARTESIAN_POINT('',(-0.0364932734072315,0.0467003530249318,0.0438542395141563));
#7689=CARTESIAN_POINT('',(-0.0364932734072315,0.0467,0.0438542395141563));
#7690=CARTESIAN_POINT('',(-0.0364932734072315,0.0387,0.0438542395141563));
#7691=CARTESIAN_POINT('',(-0.0297634706661604,0.0387,0.0481847925958286));
#7692=CARTESIAN_POINT('',(-0.0297348363701946,0.0387,0.0482032184462446));
#7693=CARTESIAN_POINT('',(-0.0297062020742288,0.0387,0.0482216442966607));
#7694=CARTESIAN_POINT('',(-0.0368182024364361,0.0467007060498637,0.0443352297878178));
#7695=CARTESIAN_POINT('',(-0.0368182024364361,0.0467003530249318,0.0443352297878178));
#7696=CARTESIAN_POINT('',(-0.0368182024364361,0.0467,0.0443352297878178));
#7697=CARTESIAN_POINT('',(-0.0368182024364361,0.0387,0.0443352297878178));
#7698=CARTESIAN_POINT('',(-0.0303568919252898,0.0387,0.0490627904552791));
#7699=CARTESIAN_POINT('',(-0.0303294000232799,0.0387,0.0490829055131131));
#7700=CARTESIAN_POINT('',(-0.0303019081212701,0.0387,0.0491030205709472));
#7701=CARTESIAN_POINT('',(-0.0372741617924608,0.0467007060498637,0.0449230059930486));
#7702=CARTESIAN_POINT('',(-0.0372741617924608,0.0467003530249318,0.0449230059930486));
#7703=CARTESIAN_POINT('',(-0.0372741617924608,0.0467,0.0449230059930486));
#7704=CARTESIAN_POINT('',(-0.0372741617924608,0.0387,0.0449230059930486));
#7705=CARTESIAN_POINT('',(-0.0311626400674032,0.0387,0.0500992486224681));
#7706=CARTESIAN_POINT('',(-0.0311366364639382,0.0387,0.0501212727543995));
#7707=CARTESIAN_POINT('',(-0.0311106328604731,0.0387,0.0501432968863309));
#7708=CARTESIAN_POINT('',(-0.0379070621369279,0.0467007060498637,0.0456136881030611));
#7709=CARTESIAN_POINT('',(-0.0379070621369279,0.0467003530249318,0.0456136881030611));
#7710=CARTESIAN_POINT('',(-0.0379070621369279,0.0467,0.0456136881030611));
#7711=CARTESIAN_POINT('',(-0.0379070621369279,0.0387,0.0456136881030611));
#7712=CARTESIAN_POINT('',(-0.032224952335971,0.0387,0.0512561095939909));
#7713=CARTESIAN_POINT('',(-0.0322007758154977,0.0387,0.0512801172466891));
#7714=CARTESIAN_POINT('',(-0.0321765992950244,0.0387,0.0513041248993873));
#7715=CARTESIAN_POINT('',(-0.0386305775359345,0.0467007060498637,0.0462919323999411));
#7716=CARTESIAN_POINT('',(-0.0386305775359345,0.0467003530249318,0.0462919323999411));
#7717=CARTESIAN_POINT('',(-0.0386305775359345,0.0467,0.0462919323999411));
#7718=CARTESIAN_POINT('',(-0.0386305775359345,0.0387,0.0462919323999411));
#7719=CARTESIAN_POINT('',(-0.0333750924299776,0.0387,0.0523321039026288));
#7720=CARTESIAN_POINT('',(-0.0333527311332565,0.0387,0.0523578039216556));
#7721=CARTESIAN_POINT('',(-0.0333303698365353,0.0387,0.0523835039406824));
#7722=CARTESIAN_POINT('',(-0.0394490757543062,0.0467007060498637,0.0469580088296875));
#7723=CARTESIAN_POINT('',(-0.0394490757543062,0.0467003530249318,0.0469580088296875));
#7724=CARTESIAN_POINT('',(-0.0394490757543062,0.0467,0.0469580088296875));
#7725=CARTESIAN_POINT('',(-0.0394490757543062,0.0387,0.0469580088296875));
#7726=CARTESIAN_POINT('',(-0.034606679582205,0.0387,0.0533325424856119));
#7727=CARTESIAN_POINT('',(-0.0345860759166132,0.0387,0.0533596651651867));
#7728=CARTESIAN_POINT('',(-0.0345654722510214,0.0387,0.0533867878447615));
#7729=CARTESIAN_POINT('',(-0.0403433578625016,0.0467007060498637,0.0475968038639751));
#7730=CARTESIAN_POINT('',(-0.0403433578625016,0.0467003530249318,0.0475968038639751));
#7731=CARTESIAN_POINT('',(-0.0403433578625016,0.0467,0.0475968038639751));
#7732=CARTESIAN_POINT('',(-0.0403433578625016,0.0387,0.0475968038639751));
#7733=CARTESIAN_POINT('',(-0.0358839301637236,0.0387,0.0542434686760565));
#7734=CARTESIAN_POINT('',(-0.0358649559712431,0.0387,0.0542717492326698));
#7735=CARTESIAN_POINT('',(-0.0358459817787626,0.0387,0.054300029789283));
#7736=CARTESIAN_POINT('',(-0.041313509815822,0.0467007060498637,0.0482118526884867));
#7737=CARTESIAN_POINT('',(-0.041313509815822,0.0467003530249318,0.0482118526884867));
#7738=CARTESIAN_POINT('',(-0.041313509815822,0.0467,0.0482118526884867));
#7739=CARTESIAN_POINT('',(-0.041313509815822,0.0387,0.0482118526884867));
#7740=CARTESIAN_POINT('',(-0.0372054802540164,0.0387,0.0550802435292701));
#7741=CARTESIAN_POINT('',(-0.037188001207626,0.0387,0.0551094674967043));
#7742=CARTESIAN_POINT('',(-0.0371705221612357,0.0387,0.0551386914641386));
#7743=CARTESIAN_POINT('',(-0.0427016516603072,0.0467007060498637,0.048999570810152));
#7744=CARTESIAN_POINT('',(-0.0427016516603072,0.0467003530249318,0.048999570810152));
#7745=CARTESIAN_POINT('',(-0.0427016516603072,0.0467,0.048999570810152));
#7746=CARTESIAN_POINT('',(-0.0427016516603072,0.0387,0.0489995708101519));
#7747=CARTESIAN_POINT('',(-0.0390179013125709,0.0387,0.0561075564198948));
#7748=CARTESIAN_POINT('',(-0.039002227510265,0.0387,0.0561377998269457));
#7749=CARTESIAN_POINT('',(-0.0389865537079591,0.0387,0.0561680432339965));
#7750=CARTESIAN_POINT('',(-0.0446021981823146,0.0467007060498637,0.0499246734264138));
#7751=CARTESIAN_POINT('',(-0.0446021981823146,0.0467003530249318,0.0499246734264138));
#7752=CARTESIAN_POINT('',(-0.0446021981823146,0.0467,0.0499246734264138));
#7753=CARTESIAN_POINT('',(-0.0446021981823146,0.0387,0.0499246734264139));
#7754=CARTESIAN_POINT('',(-0.0413668807851816,0.0387,0.0572473201813539));
#7755=CARTESIAN_POINT('',(-0.0413531149974673,0.0387,0.0572784769392117));
#7756=CARTESIAN_POINT('',(-0.0413393492097529,0.0387,0.0573096336970694));
#7757=CARTESIAN_POINT('',(-0.0471031709339341,0.0467007060498637,0.0509440538248467));
#7758=CARTESIAN_POINT('',(-0.0471031709339341,0.0467003530249318,0.0509440538248467));
#7759=CARTESIAN_POINT('',(-0.0471031709339341,0.0467,0.0509440538248467));
#7760=CARTESIAN_POINT('',(-0.0471031709339341,0.0387,0.0509440538248467));
#7761=CARTESIAN_POINT('',(-0.0442883835414984,0.0387,0.0584358633761716));
#7762=CARTESIAN_POINT('',(-0.0442764070455479,0.0387,0.0584677398962222));
#7763=CARTESIAN_POINT('',(-0.0442644305495975,0.0387,0.0584996164162727));
#7764=CARTESIAN_POINT('',(-0.049741185611188,0.0467007060498637,0.0518700826119148));
#7765=CARTESIAN_POINT('',(-0.049741185611188,0.0467003530249318,0.0518700826119148));
#7766=CARTESIAN_POINT('',(-0.049741185611188,0.0467,0.0518700826119148));
#7767=CARTESIAN_POINT('',(-0.049741185611188,0.0387,0.0518700826119148));
#7768=CARTESIAN_POINT('',(-0.047244836843897,0.0387,0.0594724261627171));
#7769=CARTESIAN_POINT('',(-0.0472342152562834,0.0387,0.0595047729882695));
#7770=CARTESIAN_POINT('',(-0.0472235936686698,0.0387,0.0595371198138219));
#7771=CARTESIAN_POINT('',(-0.0524919189472502,0.0467007060498637,0.0527242941246453));
#7772=CARTESIAN_POINT('',(-0.0524919189472502,0.0467003530249318,0.0527242941246453));
#7773=CARTESIAN_POINT('',(-0.0524919189472502,0.0467,0.0527242941246453));
#7774=CARTESIAN_POINT('',(-0.0524919189472502,0.0387,0.0527242941246453));
#7775=CARTESIAN_POINT('',(-0.0502339508874729,0.0387,0.0603999916025473));
#7776=CARTESIAN_POINT('',(-0.0502243435738275,0.0387,0.0604326505379994));
#7777=CARTESIAN_POINT('',(-0.0502147362601821,0.0387,0.0604653094734516));
#7778=CARTESIAN_POINT('',(-0.0553302372970683,0.0467007060498637,0.0535231153300892));
#7779=CARTESIAN_POINT('',(-0.0553302372970683,0.0467003530249318,0.0535231153300892));
#7780=CARTESIAN_POINT('',(-0.0553302372970683,0.0467,0.0535231153300892));
#7781=CARTESIAN_POINT('',(-0.0553302372970683,0.0387,0.0535231153300892));
#7782=CARTESIAN_POINT('',(-0.0532451047711701,0.0387,0.0612470662123047));
#7783=CARTESIAN_POINT('',(-0.0532362328466618,0.0387,0.0612799304587167));
#7784=CARTESIAN_POINT('',(-0.0532273609221535,0.0387,0.0613127947051287));
#7785=CARTESIAN_POINT('',(-0.0582396395596856,0.0467007060498637,0.054283340229843));
#7786=CARTESIAN_POINT('',(-0.0582396395596856,0.0467003530249318,0.054283340229843));
#7787=CARTESIAN_POINT('',(-0.0582396395596856,0.0467,0.054283340229843));
#7788=CARTESIAN_POINT('',(-0.0582396395596856,0.0387,0.054283340229843));
#7789=CARTESIAN_POINT('',(-0.0562722127475802,0.0387,0.0620378311661633));
#7790=CARTESIAN_POINT('',(-0.0562638416431368,0.0387,0.0620708253559008));
#7791=CARTESIAN_POINT('',(-0.0562554705386934,0.0387,0.0621038195456383));
#7792=CARTESIAN_POINT('',(-0.0612078775198463,0.0467007060498637,0.0550209422942386));
#7793=CARTESIAN_POINT('',(-0.0612078775198463,0.0467003530249318,0.0550209422942386));
#7794=CARTESIAN_POINT('',(-0.0612078775198463,0.0467,0.0550209422942386));
#7795=CARTESIAN_POINT('',(-0.0612078775198463,0.0387,0.0550209422942386));
#7796=CARTESIAN_POINT('',(-0.0593094241986757,0.0387,0.0627924605952239));
#7797=CARTESIAN_POINT('',(-0.0593013465660366,0.0387,0.0628255272338307));
#7798=CARTESIAN_POINT('',(-0.0592932689333976,0.0387,0.0628585938724375));
#7799=CARTESIAN_POINT('',(-0.0642267654579262,0.0467007060498637,0.0557521012965411));
#7800=CARTESIAN_POINT('',(-0.0642267654579262,0.0467003530249318,0.0557521012965411));
#7801=CARTESIAN_POINT('',(-0.0642267654579262,0.0467,0.0557521012965411));
#7802=CARTESIAN_POINT('',(-0.0642267654579263,0.0387,0.0557521012965411));
#7803=CARTESIAN_POINT('',(-0.0623516569537372,0.0387,0.0635292369137424));
#7804=CARTESIAN_POINT('',(-0.0623436786497746,0.0387,0.0635623274531827));
#7805=CARTESIAN_POINT('',(-0.0623357003458119,0.0387,0.0635954179926231));
#7806=CARTESIAN_POINT('',(-0.0672914490587923,0.0467007060498637,0.0564940099961363));
#7807=CARTESIAN_POINT('',(-0.0672914490587923,0.0467003530249318,0.0564940099961363));
#7808=CARTESIAN_POINT('',(-0.0672914490587923,0.0467,0.0564940099961363));
#7809=CARTESIAN_POINT('',(-0.0672914490587923,0.0387,0.0564940099961363));
#7810=CARTESIAN_POINT('',(-0.0653939590109889,0.0387,0.0642657643888791));
#7811=CARTESIAN_POINT('',(-0.0653858854769328,0.0387,0.0642988320320208));
#7812=CARTESIAN_POINT('',(-0.0653778119428767,0.0387,0.0643318996751624));
#7813=CARTESIAN_POINT('',(-0.0704005216932726,0.0467007060498637,0.0572663776609939));
#7814=CARTESIAN_POINT('',(-0.0704005216932726,0.0467003530249318,0.0572663776609939));
#7815=CARTESIAN_POINT('',(-0.0704005216932726,0.0467,0.0572663776609939));
#7816=CARTESIAN_POINT('',(-0.0704005216932727,0.0387,0.0572663776609939));
#7817=CARTESIAN_POINT('',(-0.0684311710734495,0.0387,0.065020397484251));
#7818=CARTESIAN_POINT('',(-0.0684227917834943,0.0387,0.0650533896694734));
#7819=CARTESIAN_POINT('',(-0.0684144124935392,0.0387,0.0650863818546959));
#7820=CARTESIAN_POINT('',(-0.0730306606882369,0.0467007060498637,0.0579556277926511));
#7821=CARTESIAN_POINT('',(-0.0730306606882369,0.0467003530249318,0.0579556277926511));
#7822=CARTESIAN_POINT('',(-0.0730306606882369,0.0467,0.0579556277926511));
#7823=CARTESIAN_POINT('',(-0.0730306606882369,0.0387,0.0579556277926511));
#7824=CARTESIAN_POINT('',(-0.0709531428045231,0.0387,0.0656815529898064));
#7825=CARTESIAN_POINT('',(-0.0709443032791692,0.0387,0.0657144256366308));
#7826=CARTESIAN_POINT('',(-0.0709354637538153,0.0387,0.0657472982834552));
#7827=CARTESIAN_POINT('',(-0.0751630507323155,0.0467007060498637,0.0585514407113368));
#7828=CARTESIAN_POINT('',(-0.0751630507323155,0.0467003530249318,0.0585514407113368));
#7829=CARTESIAN_POINT('',(-0.0751630507323155,0.0467,0.0585514407113368));
#7830=CARTESIAN_POINT('',(-0.0751630507323155,0.0387,0.0585514407113368));
#7831=CARTESIAN_POINT('',(-0.0729615806611136,0.0387,0.0662428243192184));
#7832=CARTESIAN_POINT('',(-0.0729522137378911,0.0387,0.0662755499967885));
#7833=CARTESIAN_POINT('',(-0.0729428468146685,0.0387,0.0663082756743586));
#7834=CARTESIAN_POINT('',(-0.0767790145102003,0.0467007060498637,0.0590265565157185));
#7835=CARTESIAN_POINT('',(-0.0767790145102003,0.0467003530249318,0.0590265565157185));
#7836=CARTESIAN_POINT('',(-0.0767790145102003,0.0467,0.0590265565157185));
#7837=CARTESIAN_POINT('',(-0.0767790145102003,0.0387,0.0590265565157185));
#7838=CARTESIAN_POINT('',(-0.0744623509132353,0.0387,0.066684162720827));
#7839=CARTESIAN_POINT('',(-0.0744524938589291,0.0387,0.0667167446806412));
#7840=CARTESIAN_POINT('',(-0.0744426368046229,0.0387,0.0667493266404553));
#7841=CARTESIAN_POINT('',(-0.0784128274225576,0.0467007060498637,0.0595366961188321));
#7842=CARTESIAN_POINT('',(-0.0784128274225576,0.0467003530249318,0.0595366961188321));
#7843=CARTESIAN_POINT('',(-0.0784128274225576,0.0467,0.0595366961188321));
#7844=CARTESIAN_POINT('',(-0.0784128274225576,0.0387,0.0595366961188321));
#7845=CARTESIAN_POINT('',(-0.0759542935595165,0.0387,0.0671501485255156));
#7846=CARTESIAN_POINT('',(-0.0759438328686189,0.0387,0.0671825426175748));
#7847=CARTESIAN_POINT('',(-0.0759333721777213,0.0387,0.0672149367096341));
#7848=CARTESIAN_POINT('',(-0.0800691736775615,0.0467007060498637,0.0600917409109427));
#7849=CARTESIAN_POINT('',(-0.0800691736775615,0.0467003530249318,0.0600917409109427));
#7850=CARTESIAN_POINT('',(-0.0800691736775615,0.0467,0.0600917409109427));
#7851=CARTESIAN_POINT('',(-0.0800691736775615,0.0387,0.0600917409109427));
#7852=CARTESIAN_POINT('',(-0.0774354866847221,0.0387,0.0676467128547372));
#7853=CARTESIAN_POINT('',(-0.0774242807436662,0.0387,0.0676788581212443));
#7854=CARTESIAN_POINT('',(-0.0774130748026103,0.0387,0.0677110033877514));
#7855=CARTESIAN_POINT('',(-0.0814740027708239,0.0467007060498637,0.0606031132705579));
#7856=CARTESIAN_POINT('',(-0.0814740027708239,0.0467003530249318,0.0606031132705579));
#7857=CARTESIAN_POINT('',(-0.0814740027708239,0.0467,0.0606031132705579));
#7858=CARTESIAN_POINT('',(-0.0814740027708239,0.0387,0.0606031132705579));
#7859=CARTESIAN_POINT('',(-0.0786585887493281,0.0387,0.0680922601769329));
#7860=CARTESIAN_POINT('',(-0.0786466095871655,0.0387,0.0681241253678307));
#7861=CARTESIAN_POINT('',(-0.0786346304250028,0.0387,0.0681559905587285));
#7862=CARTESIAN_POINT('',(-0.0826186261644678,0.0467007060498637,0.0610522778988275));
#7863=CARTESIAN_POINT('',(-0.0826186261644678,0.0467003530249318,0.0610522778988275));
#7864=CARTESIAN_POINT('',(-0.0826186261644678,0.0467,0.0610522778988275));
#7865=CARTESIAN_POINT('',(-0.0826186261644677,0.0387,0.0610522778988275));
#7866=CARTESIAN_POINT('',(-0.0796285401140822,0.0387,0.0684729849812252));
#7867=CARTESIAN_POINT('',(-0.0796158177487731,0.0387,0.0685045589709911));
#7868=CARTESIAN_POINT('',(-0.079603095383464,0.0387,0.068536132960757));
#7869=CARTESIAN_POINT('',(-0.0834896710235024,0.0467007060498637,0.061413109500589));
#7870=CARTESIAN_POINT('',(-0.0834896710235024,0.0467003530249318,0.061413109500589));
#7871=CARTESIAN_POINT('',(-0.0834896710235024,0.0467,0.061413109500589));
#7872=CARTESIAN_POINT('',(-0.0834896710235024,0.0387,0.0614131095005889));
#7873=CARTESIAN_POINT('',(-0.0803510166513803,0.0387,0.068772369406656));
#7874=CARTESIAN_POINT('',(-0.0803376621502629,0.0387,0.0688036819479514));
#7875=CARTESIAN_POINT('',(-0.0803243076491454,0.0387,0.0688349944892468));
#7876=CARTESIAN_POINT('',(-0.0843768722358012,0.0467007060498637,0.0618032410993714));
#7877=CARTESIAN_POINT('',(-0.0843768722358012,0.0467003530249318,0.0618032410993714));
#7878=CARTESIAN_POINT('',(-0.0843768722358012,0.0467,0.0618032410993714));
#7879=CARTESIAN_POINT('',(-0.0843768722358011,0.0387,0.0618032410993713));
#7880=CARTESIAN_POINT('',(-0.0810681967991676,0.0387,0.0690878788005042));
#7881=CARTESIAN_POINT('',(-0.0810541188840559,0.0387,0.0691188738355689));
#7882=CARTESIAN_POINT('',(-0.0810400409689442,0.0387,0.0691498688706336));
#7883=CARTESIAN_POINT('',(-0.0852805205483158,0.0467007060498637,0.0622278748318851));
#7884=CARTESIAN_POINT('',(-0.0852805205483158,0.0467003530249318,0.0622278748318851));
#7885=CARTESIAN_POINT('',(-0.0852805205483158,0.0467,0.0622278748318851));
#7886=CARTESIAN_POINT('',(-0.0852805205483158,0.0387,0.0622278748318851));
#7887=CARTESIAN_POINT('',(-0.0817759887903047,0.0387,0.0694206760826981));
#7888=CARTESIAN_POINT('',(-0.0817610775360761,0.0387,0.0694512803675135));
#7889=CARTESIAN_POINT('',(-0.0817461662818475,0.0387,0.0694818846523289));
#7890=CARTESIAN_POINT('',(-0.0860518331407871,0.0467007060498637,0.0626182452676071));
#7891=CARTESIAN_POINT('',(-0.0860518331407871,0.0467003530249318,0.0626182452676071));
#7892=CARTESIAN_POINT('',(-0.0860518331407871,0.0467,0.0626182452676071));
#7893=CARTESIAN_POINT('',(-0.0860518331407871,0.0387,0.0626182452676071));
#7894=CARTESIAN_POINT('',(-0.0823568008359746,0.0387,0.0697149031190996));
#7895=CARTESIAN_POINT('',(-0.0823410790306424,0.0387,0.0697450983282471));
#7896=CARTESIAN_POINT('',(-0.0823253572253102,0.0387,0.0697752935373945));
#7897=CARTESIAN_POINT('',(-0.0866840640256911,0.0467007060498637,0.0629597057996058));
#7898=CARTESIAN_POINT('',(-0.0866840640256911,0.0467003530249318,0.0629597057996058));
#7899=CARTESIAN_POINT('',(-0.0866840640256911,0.0467,0.0629597057996058));
#7900=CARTESIAN_POINT('',(-0.0866840640256911,0.0387,0.0629597057996057));
#7901=CARTESIAN_POINT('',(-0.0828149495248648,0.0387,0.0699624244613498));
#7902=CARTESIAN_POINT('',(-0.0827984870260361,0.0387,0.0699922199734087));
#7903=CARTESIAN_POINT('',(-0.0827820245272074,0.0387,0.0700220154854676));
#7904=CARTESIAN_POINT('',(-0.0871673873742039,0.0467007060498637,0.0632330549389535));
#7905=CARTESIAN_POINT('',(-0.0871673873742039,0.0467003530249318,0.0632330549389535));
#7906=CARTESIAN_POINT('',(-0.0871673873742039,0.0467,0.0632330549389535));
#7907=CARTESIAN_POINT('',(-0.0871673873742039,0.0387,0.0632330549389535));
#7908=CARTESIAN_POINT('',(-0.0831549529250938,0.0387,0.0701547899891819));
#7909=CARTESIAN_POINT('',(-0.0831378806214945,0.0387,0.0701842409281842));
#7910=CARTESIAN_POINT('',(-0.0831208083178951,0.0387,0.0702136918671866));
#7911=CARTESIAN_POINT('',(-0.0876618933526811,0.0467007060498637,0.0635270782162118));
#7912=CARTESIAN_POINT('',(-0.0876618933526811,0.0467003530249318,0.0635270782162118));
#7913=CARTESIAN_POINT('',(-0.0876618933526811,0.0467,0.0635270782162118));
#7914=CARTESIAN_POINT('',(-0.0876618933526811,0.0387,0.0635270782162118));
#7915=CARTESIAN_POINT('',(-0.0834909672623581,0.0387,0.0703546757325204));
#7916=CARTESIAN_POINT('',(-0.0834732206007222,0.0387,0.0703837261305097));
#7917=CARTESIAN_POINT('',(-0.0834554739390864,0.0387,0.070412776528499));
#7918=CARTESIAN_POINT('',(-0.0881700741504269,0.0467007060498637,0.0638462721235906));
#7919=CARTESIAN_POINT('',(-0.0881700741504269,0.0467003530249318,0.0638462721235906));
#7920=CARTESIAN_POINT('',(-0.0881700741504269,0.0467,0.0638462721235906));
#7921=CARTESIAN_POINT('',(-0.0881700741504269,0.0387,0.0638462721235906));
#7922=CARTESIAN_POINT('',(-0.083822351591539,0.0387,0.070562956608845));
#7923=CARTESIAN_POINT('',(-0.0838038526875862,0.0387,0.0705915350886102));
#7924=CARTESIAN_POINT('',(-0.0837853537836334,0.0387,0.0706201135683755));
#7925=CARTESIAN_POINT('',(-0.0886965106548217,0.0467007060498637,0.0641977584252582));
#7926=CARTESIAN_POINT('',(-0.0886965106548217,0.0467003530249318,0.0641977584252582));
#7927=CARTESIAN_POINT('',(-0.0886965106548217,0.0467,0.0641977584252582));
#7928=CARTESIAN_POINT('',(-0.0886965106548216,0.0387,0.0641977584252582));
#7929=CARTESIAN_POINT('',(-0.0841489166798619,0.0387,0.0707811921929363));
#7930=CARTESIAN_POINT('',(-0.0841295673531696,0.0387,0.0708092037109894));
#7931=CARTESIAN_POINT('',(-0.0841102180264774,0.0387,0.0708372152290424));
#7932=CARTESIAN_POINT('',(-0.0892427926352234,0.0467007060498637,0.0645885594769694));
#7933=CARTESIAN_POINT('',(-0.0892427926352234,0.0467003530249318,0.0645885594769694));
#7934=CARTESIAN_POINT('',(-0.0892427926352234,0.0467,0.0645885594769694));
#7935=CARTESIAN_POINT('',(-0.0892427926352236,0.0387,0.0645885594769693));
#7936=CARTESIAN_POINT('',(-0.0844674257222402,0.0387,0.0710093269995338));
#7937=CARTESIAN_POINT('',(-0.0844471072560395,0.0387,0.0710366463972402));
#7938=CARTESIAN_POINT('',(-0.0844267887898388,0.0387,0.0710639657949466));
#7939=CARTESIAN_POINT('',(-0.0897203217768535,0.0467007060498637,0.0649581581467126));
#7940=CARTESIAN_POINT('',(-0.0897203217768535,0.0467003530249318,0.0649581581467126));
#7941=CARTESIAN_POINT('',(-0.0897203217768535,0.0467,0.0649581581467126));
#7942=CARTESIAN_POINT('',(-0.0897203217768535,0.0387,0.0649581581467128));
#7943=CARTESIAN_POINT('',(-0.0847248126511256,0.0387,0.0712089484072192));
#7944=CARTESIAN_POINT('',(-0.084703557513002,0.0387,0.0712355445773041));
#7945=CARTESIAN_POINT('',(-0.0846823023748784,0.0387,0.0712621407473891));
#7946=CARTESIAN_POINT('',(-0.0901221412970871,0.0467007060498637,0.0652925786396938));
#7947=CARTESIAN_POINT('',(-0.0901221412970871,0.0467003530249318,0.0652925786396938));
#7948=CARTESIAN_POINT('',(-0.0901221412970871,0.0467,0.0652925786396938));
#7949=CARTESIAN_POINT('',(-0.0901221412970871,0.0387,0.0652925786396937));
#7950=CARTESIAN_POINT('',(-0.084924899203857,0.0387,0.0713756019716493));
#7951=CARTESIAN_POINT('',(-0.0849027857223733,0.0387,0.0714014843187486));
#7952=CARTESIAN_POINT('',(-0.0848806722408896,0.0387,0.0714273666658479));
#7953=CARTESIAN_POINT('',(-0.0904359824599484,0.0467007060498637,0.0655679265525065));
#7954=CARTESIAN_POINT('',(-0.0904359824599484,0.0467003530249318,0.0655679265525065));
#7955=CARTESIAN_POINT('',(-0.0904359824599484,0.0467,0.0655679265525065));
#7956=CARTESIAN_POINT('',(-0.0904359824599485,0.0387,0.0655679265525065));
#7957=CARTESIAN_POINT('',(-0.0850716785388005,0.0387,0.0715044983793364));
#7958=CARTESIAN_POINT('',(-0.0850488542344281,0.0387,0.0715297575973628));
#7959=CARTESIAN_POINT('',(-0.0850260299300556,0.0387,0.0715550168153893));
#7960=CARTESIAN_POINT('',(-0.0907658780565729,0.0467007060498637,0.0658750474384901));
#7961=CARTESIAN_POINT('',(-0.0907658780565729,0.0467003530249318,0.0658750474384901));
#7962=CARTESIAN_POINT('',(-0.0907658780565729,0.0467,0.0658750474384901));
#7963=CARTESIAN_POINT('',(-0.0907658780565729,0.0387,0.06587504743849));
#7964=CARTESIAN_POINT('',(-0.0852147348532087,0.0387,0.0716378604425248));
#7965=CARTESIAN_POINT('',(-0.0851911155758614,0.0387,0.071662380342959));
#7966=CARTESIAN_POINT('',(-0.0851674962985142,0.0387,0.0716869002433933));
#7967=CARTESIAN_POINT('',(-0.091117121827263,0.0467007060498637,0.066225266145726));
#7968=CARTESIAN_POINT('',(-0.091117121827263,0.0467003530249318,0.066225266145726));
#7969=CARTESIAN_POINT('',(-0.091117121827263,0.0467,0.066225266145726));
#7970=CARTESIAN_POINT('',(-0.0911171218272632,0.0387,0.0662252661457262));
#7971=CARTESIAN_POINT('',(-0.0853533883027343,0.0387,0.0717763637293552));
#7972=CARTESIAN_POINT('',(-0.0853288644856241,0.0387,0.0717999828125974));
#7973=CARTESIAN_POINT('',(-0.085304340668514,0.0387,0.0718236018958395));
#7974=CARTESIAN_POINT('',(-0.0914353873207282,0.0467007060498637,0.0665693514490886));
#7975=CARTESIAN_POINT('',(-0.0914353873207282,0.0467003530249318,0.0665693514490886));
#7976=CARTESIAN_POINT('',(-0.0914353873207282,0.0467,0.0665693514490886));
#7977=CARTESIAN_POINT('',(-0.0914353873207281,0.0387,0.0665693514490885));
#7978=CARTESIAN_POINT('',(-0.0854647136944538,0.0387,0.0718971400644951));
#7979=CARTESIAN_POINT('',(-0.0854393093784125,0.0387,0.0719198090017473));
#7980=CARTESIAN_POINT('',(-0.0854139050623711,0.0387,0.0719424779389994));
#7981=CARTESIAN_POINT('',(-0.0917125201074485,0.0467007060498637,0.06689406985752));
#7982=CARTESIAN_POINT('',(-0.0917125201074485,0.0467003530249318,0.06689406985752));
#7983=CARTESIAN_POINT('',(-0.0917125201074485,0.0467,0.06689406985752));
#7984=CARTESIAN_POINT('',(-0.0917125201074485,0.0387,0.0668940698575201));
#7985=CARTESIAN_POINT('',(-0.0855501315604791,0.0387,0.0719973618531966));
#7986=CARTESIAN_POINT('',(-0.0855239115263563,0.0387,0.0720190755911807));
#7987=CARTESIAN_POINT('',(-0.0854976914922336,0.0387,0.0720407893291648));
#7988=CARTESIAN_POINT('',(-0.0919339791299602,0.0467007060498637,0.0671696026024351));
#7989=CARTESIAN_POINT('',(-0.0919339791299602,0.0467003530249318,0.0671696026024351));
#7990=CARTESIAN_POINT('',(-0.0919339791299602,0.0467,0.0671696026024351));
#7991=CARTESIAN_POINT('',(-0.0919339791299603,0.0387,0.0671696026024351));
#7992=CARTESIAN_POINT('',(-0.0856117717844093,0.0387,0.0720741960985314));
#7993=CARTESIAN_POINT('',(-0.0855848717453955,0.0387,0.0720950644043589));
#7994=CARTESIAN_POINT('',(-0.0855579717063818,0.0387,0.0721159327101863));
#7995=CARTESIAN_POINT('',(-0.0921741375333262,0.0467007060498637,0.0674903429378662));
#7996=CARTESIAN_POINT('',(-0.0921741375333262,0.0467003530249318,0.0674903429378662));
#7997=CARTESIAN_POINT('',(-0.0921741375333262,0.0467,0.0674903429378662));
#7998=CARTESIAN_POINT('',(-0.0921741375333262,0.0387,0.0674903429378661));
#7999=CARTESIAN_POINT('',(-0.0856706815113468,0.0387,0.0721530729063633));
#8000=CARTESIAN_POINT('',(-0.0856430102865429,0.0387,0.0721729121193482));
#8001=CARTESIAN_POINT('',(-0.085615339061739,0.0387,0.0721927513323332));
#8002=CARTESIAN_POINT('',(-0.0923964618845177,0.0467007060498637,0.067813837404219));
#8003=CARTESIAN_POINT('',(-0.0923964618845177,0.0467003530249318,0.067813837404219));
#8004=CARTESIAN_POINT('',(-0.0923964618845177,0.0467,0.067813837404219));
#8005=CARTESIAN_POINT('',(-0.0923964618845177,0.0387,0.067813837404219));
#8006=CARTESIAN_POINT('',(-0.0857170191736949,0.0387,0.0722208467788426));
#8007=CARTESIAN_POINT('',(-0.0856885991520647,0.0387,0.0722395979392573));
#8008=CARTESIAN_POINT('',(-0.0856601791304344,0.0387,0.072258349099672));
#8009=CARTESIAN_POINT('',(-0.0925953006498713,0.0467007060498637,0.0681306060186539));
#8010=CARTESIAN_POINT('',(-0.0925953006498713,0.0467003530249318,0.0681306060186539));
#8011=CARTESIAN_POINT('',(-0.0925953006498713,0.0467,0.0681306060186539));
#8012=CARTESIAN_POINT('',(-0.0925953006498713,0.0387,0.068130606018654));
#8013=CARTESIAN_POINT('',(-0.085751946937772,0.0387,0.0722766085557503));
#8014=CARTESIAN_POINT('',(-0.0857228294995453,0.0387,0.0722942491714251));
#8015=CARTESIAN_POINT('',(-0.0856937120613186,0.0387,0.0723118897870998));
#8016=CARTESIAN_POINT('',(-0.0927587364530235,0.0467007060498637,0.0684099114715791));
#8017=CARTESIAN_POINT('',(-0.0927587364530235,0.0467003530249318,0.0684099114715791));
#8018=CARTESIAN_POINT('',(-0.0927587364530235,0.0467,0.0684099114715791));
#8019=CARTESIAN_POINT('',(-0.0927587364530234,0.0387,0.0684099114715791));
#8020=CARTESIAN_POINT('',(-0.0857769303241781,0.0387,0.0723194346855453));
#8021=CARTESIAN_POINT('',(-0.0857472237917935,0.0387,0.0723360691173557));
#8022=CARTESIAN_POINT('',(-0.085717517259409,0.0387,0.0723527035491661));
#8023=CARTESIAN_POINT('',(-0.0929397310224513,0.0467007060498637,0.0687474938975522));
#8024=CARTESIAN_POINT('',(-0.0929397310224513,0.0467003530249318,0.0687474938975522));
#8025=CARTESIAN_POINT('',(-0.0929397310224513,0.0467,0.0687474938975522));
#8026=CARTESIAN_POINT('',(-0.0929397310224514,0.0387,0.0687474938975522));
#8027=CARTESIAN_POINT('',(-0.0858001944781736,0.0387,0.0723630198651604));
#8028=CARTESIAN_POINT('',(-0.0857698168266534,0.0387,0.0723784033830155));
#8029=CARTESIAN_POINT('',(-0.0857394391751333,0.0387,0.0723937869008706));
#8030=CARTESIAN_POINT('',(-0.0931433728744919,0.0467007060498637,0.0691724354985421));
#8031=CARTESIAN_POINT('',(-0.0931433728744919,0.0467003530249318,0.0691724354985421));
#8032=CARTESIAN_POINT('',(-0.0931433728744919,0.0467,0.0691724354985421));
#8033=CARTESIAN_POINT('',(-0.0931433728744918,0.0387,0.0691724354985421));
#8034=CARTESIAN_POINT('',(-0.0858212870411811,0.0387,0.0724074205166455));
#8035=CARTESIAN_POINT('',(-0.0857901326699603,0.0387,0.0724211848901372));
#8036=CARTESIAN_POINT('',(-0.0857589782987395,0.0387,0.0724349492636289));
#8037=CARTESIAN_POINT('',(-0.0933371470367284,0.0467007060498637,0.0696480291625856));
#8038=CARTESIAN_POINT('',(-0.0933371470367284,0.0467003530249318,0.0696480291625856));
#8039=CARTESIAN_POINT('',(-0.0933371470367284,0.0467,0.0696480291625856));
#8040=CARTESIAN_POINT('',(-0.0933371470367284,0.0387,0.0696480291625857));
#8041=CARTESIAN_POINT('',(-0.085836532416245,0.0387,0.0724453301590845));
#8042=CARTESIAN_POINT('',(-0.0858046184319528,0.0387,0.0724572322530568));
#8043=CARTESIAN_POINT('',(-0.0857727044476605,0.0387,0.0724691343470291));
#8044=CARTESIAN_POINT('',(-0.0934921439134622,0.0467007060498637,0.0701116375692669));
#8045=CARTESIAN_POINT('',(-0.0934921439134622,0.0467003530249318,0.0701116375692669));
#8046=CARTESIAN_POINT('',(-0.0934921439134622,0.0467,0.0701116375692669));
#8047=CARTESIAN_POINT('',(-0.0934921439134623,0.0387,0.0701116375692669));
#8048=CARTESIAN_POINT('',(-0.0858468772665962,0.0387,0.0724763720578335));
#8049=CARTESIAN_POINT('',(-0.0858143478097418,0.0387,0.0724864336465355));
#8050=CARTESIAN_POINT('',(-0.0857818183528875,0.0387,0.0724964952352375));
#8051=CARTESIAN_POINT('',(-0.0935965524828919,0.0467007060498637,0.0704781144738068));
#8052=CARTESIAN_POINT('',(-0.0935965524828919,0.0467003530249318,0.0704781144738068));
#8053=CARTESIAN_POINT('',(-0.0935965524828919,0.0467,0.0704781144738068));
#8054=CARTESIAN_POINT('',(-0.0935965524828919,0.0387,0.0704781144738068));
#8055=CARTESIAN_POINT('',(-0.0858536267505351,0.0387,0.0725000481971868));
#8056=CARTESIAN_POINT('',(-0.0858206817689967,0.0387,0.0725086512203193));
#8057=CARTESIAN_POINT('',(-0.0857877367874583,0.0387,0.0725172542434518));
#8058=CARTESIAN_POINT('',(-0.0936802617580987,0.0467007060498637,0.0708306110898992));
#8059=CARTESIAN_POINT('',(-0.0936802617580987,0.0467003530249318,0.0708306110898992));
#8060=CARTESIAN_POINT('',(-0.0936802617580987,0.0467,0.0708306110898992));
#8061=CARTESIAN_POINT('',(-0.0936802617580986,0.0387,0.0708306110898993));
#8062=CARTESIAN_POINT('',(-0.0858593626392175,0.0387,0.0725241019847824));
#8063=CARTESIAN_POINT('',(-0.085826085892676,0.0387,0.0725313075332012));
#8064=CARTESIAN_POINT('',(-0.0857928091461345,0.0387,0.0725385130816199));
#8065=CARTESIAN_POINT('',(-0.0937632850354808,0.0467007060498637,0.0712561302689626));
#8066=CARTESIAN_POINT('',(-0.0937632850354808,0.0467003530249318,0.0712561302689626));
#8067=CARTESIAN_POINT('',(-0.0937632850354808,0.0467,0.0712561302689626));
#8068=CARTESIAN_POINT('',(-0.0937632850354809,0.0387,0.0712561302689626));
#8069=CARTESIAN_POINT('',(-0.0858657745372032,0.0387,0.0725567256112979));
#8070=CARTESIAN_POINT('',(-0.0858321718207936,0.0387,0.0725622594483801));
#8071=CARTESIAN_POINT('',(-0.0857985691043839,0.0387,0.0725677932854622));
#8072=CARTESIAN_POINT('',(-0.093823452460947,0.0467007060498637,0.0716902890416478));
#8073=CARTESIAN_POINT('',(-0.093823452460947,0.0467003530249318,0.0716902890416478));
#8074=CARTESIAN_POINT('',(-0.093823452460947,0.0467,0.0716902890416478));
#8075=CARTESIAN_POINT('',(-0.0938234524609471,0.0387,0.0716902890416479));
#8076=CARTESIAN_POINT('',(-0.0858716398676259,0.0387,0.0725978237183893));
#8077=CARTESIAN_POINT('',(-0.0858378061039894,0.0387,0.0726016851416038));
#8078=CARTESIAN_POINT('',(-0.0858039723403529,0.0387,0.0726055465648182));
#8079=CARTESIAN_POINT('',(-0.0938595181073599,0.0467007060498637,0.0721001357466325));
#8080=CARTESIAN_POINT('',(-0.0938595181073599,0.0467003530249318,0.0721001357466325));
#8081=CARTESIAN_POINT('',(-0.0938595181073599,0.0467,0.0721001357466325));
#8082=CARTESIAN_POINT('',(-0.0938595181073599,0.0387,0.0721001357466325));
#8083=CARTESIAN_POINT('',(-0.0858760748282073,0.0387,0.0726469478312849));
#8084=CARTESIAN_POINT('',(-0.0858421064807717,0.0387,0.0726492744342586));
#8085=CARTESIAN_POINT('',(-0.0858081381333362,0.0387,0.0726516010372323));
#8086=CARTESIAN_POINT('',(-0.0938759249593019,0.0467007060498637,0.0724415084356334));
#8087=CARTESIAN_POINT('',(-0.0938759249593019,0.0467003530249318,0.0724415084356334));
#8088=CARTESIAN_POINT('',(-0.0938759249593019,0.0467,0.0724415084356334));
#8089=CARTESIAN_POINT('',(-0.0938759249593019,0.0387,0.0724415084356334));
#8090=CARTESIAN_POINT('',(-0.0858785091750466,0.0387,0.0726960787769332));
#8091=CARTESIAN_POINT('',(-0.0858444813767086,0.0387,0.0726971619353521));
#8092=CARTESIAN_POINT('',(-0.0858104535783705,0.0387,0.0726982450937711));
#8093=CARTESIAN_POINT('',(-0.0938803632881479,0.0467007060498637,0.0727358060395466));
#8094=CARTESIAN_POINT('',(-0.0938803632881479,0.0467003530249318,0.0727358060395466));
#8095=CARTESIAN_POINT('',(-0.0938803632881479,0.0467,0.0727358060395466));
#8096=CARTESIAN_POINT('',(-0.0938803632881478,0.0387,0.0727358060395466));
#8097=CARTESIAN_POINT('',(-0.085879298755501,0.0387,0.0727451717899765));
#8098=CARTESIAN_POINT('',(-0.0858452554322887,0.0387,0.0727452116398324));
#8099=CARTESIAN_POINT('',(-0.0858112121090764,0.0387,0.0727452514896884));
#8100=CARTESIAN_POINT('',(-0.0938757902606451,0.0467007060498637,0.0730833512029149));
#8101=CARTESIAN_POINT('',(-0.0938757902606451,0.0467003530249318,0.0730833512029149));
#8102=CARTESIAN_POINT('',(-0.0938757902606451,0.0467,0.0730833512029149));
#8103=CARTESIAN_POINT('',(-0.0938757902606452,0.0387,0.0730833512029149));
#8104=CARTESIAN_POINT('',(-0.0858784890214663,0.0387,0.0728106005932665));
#8105=CARTESIAN_POINT('',(-0.0858444617105003,0.0387,0.0728094400805469));
#8106=CARTESIAN_POINT('',(-0.0858104343995342,0.0387,0.0728082795678272));
#8107=CARTESIAN_POINT('',(-0.0938566231425066,0.0467007060498637,0.0734555624717031));
#8108=CARTESIAN_POINT('',(-0.0938566231425066,0.0467003530249318,0.0734555624717031));
#8109=CARTESIAN_POINT('',(-0.0938566231425066,0.0467,0.0734555624717031));
#8110=CARTESIAN_POINT('',(-0.0938566231425066,0.0387,0.0734555624717032));
#8111=CARTESIAN_POINT('',(-0.0858744447068536,0.0387,0.0728923435852117));
#8112=CARTESIAN_POINT('',(-0.0858404817411364,0.0387,0.07288994717377));
#8113=CARTESIAN_POINT('',(-0.0858065187754192,0.0387,0.0728875507623282));
#8114=CARTESIAN_POINT('',(-0.093821865193552,0.0467007060498637,0.0738406249575323));
#8115=CARTESIAN_POINT('',(-0.093821865193552,0.0467003530249318,0.0738406249575323));
#8116=CARTESIAN_POINT('',(-0.093821865193552,0.0467,0.0738406249575323));
#8117=CARTESIAN_POINT('',(-0.093821865193552,0.0387,0.0738406249575324));
#8118=CARTESIAN_POINT('',(-0.0858657084379977,0.0387,0.0729903305338416));
#8119=CARTESIAN_POINT('',(-0.0858318561906058,0.0387,0.0729867126592734));
#8120=CARTESIAN_POINT('',(-0.085798003943214,0.0387,0.0729830947847052));
#8121=CARTESIAN_POINT('',(-0.0937794608400242,0.0467007060498637,0.0741834803868778));
#8122=CARTESIAN_POINT('',(-0.0937794608400242,0.0467003530249318,0.0741834803868778));
#8123=CARTESIAN_POINT('',(-0.0937794608400242,0.0467,0.0741834803868778));
#8124=CARTESIAN_POINT('',(-0.0937794608400241,0.0387,0.0741834803868778));
#8125=CARTESIAN_POINT('',(-0.0858536590737027,0.0387,0.0730884098439143));
#8126=CARTESIAN_POINT('',(-0.0858199359822132,0.0387,0.0730837504838651));
#8127=CARTESIAN_POINT('',(-0.0857862128907237,0.0387,0.0730790911238159));
#8128=CARTESIAN_POINT('',(-0.0937163851031335,0.0467007060498637,0.0745961541065668));
#8129=CARTESIAN_POINT('',(-0.0937163851031335,0.0467003530249318,0.0745961541065668));
#8130=CARTESIAN_POINT('',(-0.0937163851031335,0.0467,0.0745961541065668));
#8131=CARTESIAN_POINT('',(-0.0937163851031335,0.0387,0.0745961541065667));
#8132=CARTESIAN_POINT('',(-0.0858338929814392,0.0387,0.0732182664102581));
#8133=CARTESIAN_POINT('',(-0.0858003541659575,0.0387,0.0732124037058637));
#8134=CARTESIAN_POINT('',(-0.0857668153504759,0.0387,0.0732065410014692));
#8135=CARTESIAN_POINT('',(-0.0936292386307386,0.0467007060498637,0.0750483989746825));
#8136=CARTESIAN_POINT('',(-0.0936292386307386,0.0467003530249318,0.0750483989746825));
#8137=CARTESIAN_POINT('',(-0.0936292386307386,0.0467,0.0750483989746825));
#8138=CARTESIAN_POINT('',(-0.0936292386307386,0.0387,0.0750483989746825));
#8139=CARTESIAN_POINT('',(-0.0858032450351857,0.0387,0.0733786874186291));
#8140=CARTESIAN_POINT('',(-0.0857699466124141,0.0387,0.0733715830477117));
#8141=CARTESIAN_POINT('',(-0.0857366481896425,0.0387,0.0733644786767943));
#8142=CARTESIAN_POINT('',(-0.0935171449239679,0.0467007060498637,0.0755269023903019));
#8143=CARTESIAN_POINT('',(-0.0935171449239679,0.0467003530249318,0.0755269023903019));
#8144=CARTESIAN_POINT('',(-0.0935171449239679,0.0467,0.0755269023903019));
#8145=CARTESIAN_POINT('',(-0.0935171449239679,0.0387,0.0755269023903018));
#8146=CARTESIAN_POINT('',(-0.0857588628972365,0.0387,0.0735688899636716));
#8147=CARTESIAN_POINT('',(-0.0857258525769809,0.0387,0.0735605589160189));
#8148=CARTESIAN_POINT('',(-0.0856928422567253,0.0387,0.0735522278683663));
#8149=CARTESIAN_POINT('',(-0.0934000769606507,0.0467007060498637,0.0759598332351204));
#8150=CARTESIAN_POINT('',(-0.0934000769606507,0.0467003530249318,0.0759598332351204));
#8151=CARTESIAN_POINT('',(-0.0934000769606507,0.0467,0.0759598332351204));
#8152=CARTESIAN_POINT('',(-0.0934000769606507,0.0387,0.0759598332351205));
#8153=CARTESIAN_POINT('',(-0.0857080940836826,0.0387,0.073757122598739));
#8154=CARTESIAN_POINT('',(-0.0856753658563129,0.0387,0.0737477503970986));
#8155=CARTESIAN_POINT('',(-0.0856426376289432,0.0387,0.0737383781954583));
#8156=CARTESIAN_POINT('',(-0.0932794619352165,0.0467007060498637,0.0763588988615763));
#8157=CARTESIAN_POINT('',(-0.0932794619352165,0.0467003530249318,0.0763588988615763));
#8158=CARTESIAN_POINT('',(-0.0932794619352165,0.0467,0.0763588988615763));
#8159=CARTESIAN_POINT('',(-0.0932794619352166,0.0387,0.0763588988615763));
#8160=CARTESIAN_POINT('',(-0.0856518051491457,0.0387,0.0739436628744586));
#8161=CARTESIAN_POINT('',(-0.0856193506195939,0.0387,0.0739333864094947));
#8162=CARTESIAN_POINT('',(-0.0855868960900421,0.0387,0.0739231099445308));
#8163=CARTESIAN_POINT('',(-0.0931561296584293,0.0467007060498637,0.0767316093517755));
#8164=CARTESIAN_POINT('',(-0.0931561296584293,0.0467003530249318,0.0767316093517755));
#8165=CARTESIAN_POINT('',(-0.0931561296584293,0.0467,0.0767316093517755));
#8166=CARTESIAN_POINT('',(-0.0931561296584293,0.0387,0.0767316093517756));
#8167=CARTESIAN_POINT('',(-0.0855906430644878,0.0387,0.0741287048356387));
#8168=CARTESIAN_POINT('',(-0.0855584530597297,0.0387,0.0741176298693799));
#8169=CARTESIAN_POINT('',(-0.0855262630549716,0.0387,0.0741065549031211));
#8170=CARTESIAN_POINT('',(-0.0929887557767265,0.0467007060498637,0.0772003274733425));
#8171=CARTESIAN_POINT('',(-0.0929887557767265,0.0467003530249318,0.0772003274733425));
#8172=CARTESIAN_POINT('',(-0.0929887557767265,0.0467,0.0772003274733425));
#8173=CARTESIAN_POINT('',(-0.0929887557767265,0.0387,0.0772003274733425));
#8174=CARTESIAN_POINT('',(-0.0855032563528032,0.0387,0.0743736417890278));
#8175=CARTESIAN_POINT('',(-0.0854714066813933,0.0387,0.0743616146676394));
#8176=CARTESIAN_POINT('',(-0.0854395570099834,0.0387,0.074349587546251));
#8177=CARTESIAN_POINT('',(-0.0927750013002013,0.0467007060498637,0.0777430031755335));
#8178=CARTESIAN_POINT('',(-0.0927750013002013,0.0467003530249318,0.0777430031755335));
#8179=CARTESIAN_POINT('',(-0.0927750013002013,0.0467,0.0777430031755335));
#8180=CARTESIAN_POINT('',(-0.0927750013002012,0.0387,0.0777430031755335));
#8181=CARTESIAN_POINT('',(-0.0853841429755806,0.0387,0.0746767333071281));
#8182=CARTESIAN_POINT('',(-0.0853526959877785,0.0387,0.0746636867911601));
#8183=CARTESIAN_POINT('',(-0.0853212489999765,0.0387,0.0746506402751921));
#8184=CARTESIAN_POINT('',(-0.0925127330499907,0.0467007060498637,0.0783452965019775));
#8185=CARTESIAN_POINT('',(-0.0925127330499907,0.0467003530249318,0.0783452965019775));
#8186=CARTESIAN_POINT('',(-0.0925127330499907,0.0467,0.0783452965019775));
#8187=CARTESIAN_POINT('',(-0.0925127330499907,0.0387,0.0783452965019775));
#8188=CARTESIAN_POINT('',(-0.0852276856985122,0.0387,0.0750365012563871));
#8189=CARTESIAN_POINT('',(-0.0851966889204471,0.0387,0.0750224228315064));
#8190=CARTESIAN_POINT('',(-0.0851656921423819,0.0387,0.0750083444066256));
#8191=CARTESIAN_POINT('',(-0.0922483083961887,0.0467007060498637,0.0789050008963947));
#8192=CARTESIAN_POINT('',(-0.0922483083961887,0.0467003530249318,0.0789050008963947));
#8193=CARTESIAN_POINT('',(-0.0922483083961887,0.0467,0.0789050008963947));
#8194=CARTESIAN_POINT('',(-0.0922483083961887,0.0387,0.0789050008963946));
#8195=CARTESIAN_POINT('',(-0.0850611720788646,0.0387,0.0753892777922927));
#8196=CARTESIAN_POINT('',(-0.0850305918974871,0.0387,0.0753743189205739));
#8197=CARTESIAN_POINT('',(-0.0850000117161096,0.0387,0.0753593600488551));
#8198=CARTESIAN_POINT('',(-0.0919817158074322,0.0467007060498637,0.0794323418563303));
#8199=CARTESIAN_POINT('',(-0.0919817158074322,0.0467003530249318,0.0794323418563303));
#8200=CARTESIAN_POINT('',(-0.0919817158074322,0.0467,0.0794323418563303));
#8201=CARTESIAN_POINT('',(-0.0919817158074322,0.0387,0.0794323418563303));
#8202=CARTESIAN_POINT('',(-0.0848857596989318,0.0387,0.0757364708935356));
#8203=CARTESIAN_POINT('',(-0.084855567475595,0.0387,0.0757207455198401));
#8204=CARTESIAN_POINT('',(-0.0848253752522582,0.0387,0.0757050201461447));
#8205=CARTESIAN_POINT('',(-0.0917132644802541,0.0467007060498637,0.0799334024766287));
#8206=CARTESIAN_POINT('',(-0.0917132644802541,0.0467003530249318,0.0799334024766287));
#8207=CARTESIAN_POINT('',(-0.0917132644802541,0.0467,0.0799334024766287));
#8208=CARTESIAN_POINT('',(-0.0917132644802542,0.0387,0.0799334024766287));
#8209=CARTESIAN_POINT('',(-0.0847025385582254,0.0387,0.076078603923824));
#8210=CARTESIAN_POINT('',(-0.0846727089764813,0.0387,0.0760622023371957));
#8211=CARTESIAN_POINT('',(-0.0846428793947372,0.0387,0.0760458007505673));
#8212=CARTESIAN_POINT('',(-0.0913529955966881,0.0467007060498637,0.0805726184956048));
#8213=CARTESIAN_POINT('',(-0.0913529955966881,0.0467003530249318,0.0805726184956048));
#8214=CARTESIAN_POINT('',(-0.0913529955966881,0.0467,0.0805726184956048));
#8215=CARTESIAN_POINT('',(-0.0913529955966881,0.0387,0.0805726184956049));
#8216=CARTESIAN_POINT('',(-0.084448902886677,0.0387,0.0765287865607974));
#8217=CARTESIAN_POINT('',(-0.0844195270131722,0.0387,0.0765115806656304));
#8218=CARTESIAN_POINT('',(-0.0843901511396674,0.0387,0.0764943747704635));
#8219=CARTESIAN_POINT('',(-0.0908985439642834,0.0467007060498637,0.0813263901607955));
#8220=CARTESIAN_POINT('',(-0.0908985439642834,0.0467003530249318,0.0813263901607955));
#8221=CARTESIAN_POINT('',(-0.0908985439642834,0.0467,0.0813263901607955));
#8222=CARTESIAN_POINT('',(-0.0908985439642834,0.0387,0.0813263901607954));
#8223=CARTESIAN_POINT('',(-0.0841160741952146,0.0387,0.0770813573097028));
#8224=CARTESIAN_POINT('',(-0.0840872158089856,0.0387,0.0770632953349734));
#8225=CARTESIAN_POINT('',(-0.0840583574227566,0.0387,0.0770452333602441));
#8226=CARTESIAN_POINT('',(-0.0903471086166693,0.0467007060498637,0.0821775221600621));
#8227=CARTESIAN_POINT('',(-0.0903471086166693,0.0467003530249318,0.0821775221600621));
#8228=CARTESIAN_POINT('',(-0.0903471086166693,0.0467,0.0821775221600621));
#8229=CARTESIAN_POINT('',(-0.0903471086166693,0.0387,0.082177522160062));
#8230=CARTESIAN_POINT('',(-0.083695523058065,0.0387,0.0777308400302871));
#8231=CARTESIAN_POINT('',(-0.0836672215644172,0.0387,0.077711920068281));
#8232=CARTESIAN_POINT('',(-0.0836389200707695,0.0387,0.0776930001062749));
#8233=CARTESIAN_POINT('',(-0.089789925558148,0.0467007060498637,0.0829870920721874));
#8234=CARTESIAN_POINT('',(-0.089789925558148,0.0467003530249318,0.0829870920721874));
#8235=CARTESIAN_POINT('',(-0.089789925558148,0.0467,0.0829870920721874));
#8236=CARTESIAN_POINT('',(-0.089789925558148,0.0387,0.0829870920721874));
#8237=CARTESIAN_POINT('',(-0.0832567650942545,0.0387,0.0783685980155775));
#8238=CARTESIAN_POINT('',(-0.083228967481529,0.0387,0.0783489470197279));
#8239=CARTESIAN_POINT('',(-0.0832011698688035,0.0387,0.0783292960238783));
#8240=CARTESIAN_POINT('',(-0.0892272265525569,0.0467007060498637,0.0837633898222519));
#8241=CARTESIAN_POINT('',(-0.0892272265525569,0.0467003530249318,0.0837633898222519));
#8242=CARTESIAN_POINT('',(-0.0892272265525569,0.0467,0.0837633898222519));
#8243=CARTESIAN_POINT('',(-0.0892272265525569,0.0387,0.0837633898222517));
#8244=CARTESIAN_POINT('',(-0.0828020273316003,0.0387,0.0789961290991282));
#8245=CARTESIAN_POINT('',(-0.0827746890776855,0.0387,0.0789758451235432));
#8246=CARTESIAN_POINT('',(-0.0827473508237706,0.0387,0.0789555611479581));
#8247=CARTESIAN_POINT('',(-0.0886594004068438,0.0467007060498637,0.0845121238260482));
#8248=CARTESIAN_POINT('',(-0.0886594004068438,0.0467003530249318,0.0845121238260482));
#8249=CARTESIAN_POINT('',(-0.0886594004068438,0.0467,0.0845121238260482));
#8250=CARTESIAN_POINT('',(-0.0886594004068437,0.0387,0.0845121238260482));
#8251=CARTESIAN_POINT('',(-0.082333221809079,0.0387,0.0796144212997566));
#8252=CARTESIAN_POINT('',(-0.0823063048729859,0.0387,0.0795935823139667));
#8253=CARTESIAN_POINT('',(-0.0822793879368927,0.0387,0.0795727433281767));
#8254=CARTESIAN_POINT('',(-0.0878949969180541,0.0467007060498637,0.0854804200224835));
#8255=CARTESIAN_POINT('',(-0.0878949969180541,0.0467003530249318,0.0854804200224835));
#8256=CARTESIAN_POINT('',(-0.0878949969180541,0.0467,0.0854804200224835));
#8257=CARTESIAN_POINT('',(-0.0878949969180541,0.0387,0.0854804200224835));
#8258=CARTESIAN_POINT('',(-0.0816906608208173,0.0387,0.0804285116094682));
#8259=CARTESIAN_POINT('',(-0.0816642623061929,0.0387,0.0804070165008809));
#8260=CARTESIAN_POINT('',(-0.0816378637915684,0.0387,0.0803855213922936));
#8261=CARTESIAN_POINT('',(-0.0869315829533604,0.0467007060498637,0.0866367356687491));
#8262=CARTESIAN_POINT('',(-0.0869315829533604,0.0467003530249318,0.0866367356687491));
#8263=CARTESIAN_POINT('',(-0.0869315829533604,0.0467,0.0866367356687491));
#8264=CARTESIAN_POINT('',(-0.0869315829533605,0.0387,0.0866367356687491));
#8265=CARTESIAN_POINT('',(-0.0808622252419747,0.0387,0.08142325530543));
#8266=CARTESIAN_POINT('',(-0.0808364010400305,0.0387,0.0814010727325555));
#8267=CARTESIAN_POINT('',(-0.0808105768380862,0.0387,0.0813788901596809));
#8268=CARTESIAN_POINT('',(-0.0857669258040035,0.0467007060498637,0.0879554840861905));
#8269=CARTESIAN_POINT('',(-0.0857669258040035,0.0467003530249318,0.0879554840861905));
#8270=CARTESIAN_POINT('',(-0.0857669258040035,0.0467,0.0879554840861905));
#8271=CARTESIAN_POINT('',(-0.0857669258040035,0.0387,0.0879554840861905));
#8272=CARTESIAN_POINT('',(-0.0798379309166433,0.0387,0.0825833626215869));
#8273=CARTESIAN_POINT('',(-0.0798127039373519,0.0387,0.0825605050547457));
#8274=CARTESIAN_POINT('',(-0.0797874769580605,0.0387,0.0825376474879046));
#8275=CARTESIAN_POINT('',(-0.0845929422600117,0.0467007060498637,0.0892210729808648));
#8276=CARTESIAN_POINT('',(-0.0845929422600117,0.0467003530249318,0.0892210729808648));
#8277=CARTESIAN_POINT('',(-0.0845929422600117,0.0467,0.0892210729808648));
#8278=CARTESIAN_POINT('',(-0.0845929422600119,0.0387,0.0892210729808648));
#8279=CARTESIAN_POINT('',(-0.0787873650811353,0.0387,0.0837161019165764));
#8280=CARTESIAN_POINT('',(-0.078762663225585,0.0387,0.0836926790947193));
#8281=CARTESIAN_POINT('',(-0.0787379613700346,0.0387,0.083669256272862));
#8282=CARTESIAN_POINT('',(-0.0834103045970666,0.0467007060498637,0.090443237993294));
#8283=CARTESIAN_POINT('',(-0.0834103045970666,0.0467003530249318,0.090443237993294));
#8284=CARTESIAN_POINT('',(-0.0834103045970666,0.0467,0.090443237993294));
#8285=CARTESIAN_POINT('',(-0.0834103045970666,0.0387,0.090443237993294));
#8286=CARTESIAN_POINT('',(-0.0777144235411978,0.0387,0.0848250373939747));
#8287=CARTESIAN_POINT('',(-0.0776901884261112,0.0387,0.0848011327975184));
#8288=CARTESIAN_POINT('',(-0.0776659533110246,0.0387,0.084777228201062));
#8289=CARTESIAN_POINT('',(-0.0822193508497449,0.0467007060498637,0.0916293637147685));
#8290=CARTESIAN_POINT('',(-0.0822193508497449,0.0467003530249318,0.0916293637147685));
#8291=CARTESIAN_POINT('',(-0.0822193508497449,0.0467,0.0916293637147685));
#8292=CARTESIAN_POINT('',(-0.0822193508497449,0.0387,0.0916293637147685));
#8293=CARTESIAN_POINT('',(-0.0766218757959745,0.0387,0.0859132506357505));
#8294=CARTESIAN_POINT('',(-0.0765980593835895,0.0387,0.085888929436456));
#8295=CARTESIAN_POINT('',(-0.0765742429712045,0.0387,0.0858646082371614));
#8296=CARTESIAN_POINT('',(-0.081020527715353,0.0467007060498637,0.0927849054984818));
#8297=CARTESIAN_POINT('',(-0.081020527715353,0.0467003530249318,0.0927849054984818));
#8298=CARTESIAN_POINT('',(-0.081020527715353,0.0467,0.0927849054984818));
#8299=CARTESIAN_POINT('',(-0.081020527715353,0.0387,0.0927849054984818));
#8300=CARTESIAN_POINT('',(-0.0755120056908147,0.0387,0.0869831189975619));
#8301=CARTESIAN_POINT('',(-0.0754885677601571,0.0387,0.0869584332707747));
#8302=CARTESIAN_POINT('',(-0.0754651298294994,0.0387,0.0869337475439875));
#8303=CARTESIAN_POINT('',(-0.0798142104105699,0.0467007060498637,0.0939141298529323));
#8304=CARTESIAN_POINT('',(-0.0798142104105699,0.0467003530249318,0.0939141298529323));
#8305=CARTESIAN_POINT('',(-0.0798142104105699,0.0467,0.0939141298529323));
#8306=CARTESIAN_POINT('',(-0.07981421041057,0.0387,0.0939141298529324));
#8307=CARTESIAN_POINT('',(-0.074386655235943,0.0387,0.0880366030900325));
#8308=CARTESIAN_POINT('',(-0.0743635618070238,0.0387,0.0880115950998505));
#8309=CARTESIAN_POINT('',(-0.0743404683781046,0.0387,0.0879865871096684));
#8310=CARTESIAN_POINT('',(-0.0788031073942314,0.0467007060498637,0.0948359445111892));
#8311=CARTESIAN_POINT('',(-0.0788031073942314,0.0467003530249318,0.0948359445111892));
#8312=CARTESIAN_POINT('',(-0.0788031073942314,0.0467,0.0948359445111892));
#8313=CARTESIAN_POINT('',(-0.0788031073942315,0.0387,0.0948359445111892));
#8314=CARTESIAN_POINT('',(-0.0734372426181034,0.0387,0.0889022051554213));
#8315=CARTESIAN_POINT('',(-0.0734144116725284,0.0387,0.0888769579891321));
#8316=CARTESIAN_POINT('',(-0.0733915807269533,0.0387,0.088851710822843));
#8317=CARTESIAN_POINT('',(-0.0779907206754294,0.0467007060498637,0.0955633759582975));
#8318=CARTESIAN_POINT('',(-0.0779907206754294,0.0467003530249318,0.0955633759582975));
#8319=CARTESIAN_POINT('',(-0.0779907206754294,0.0467,0.0955633759582975));
#8320=CARTESIAN_POINT('',(-0.0779907206754294,0.0387,0.0955633759582975));
#8321=CARTESIAN_POINT('',(-0.0726713808562578,0.0387,0.0895879846019006));
#8322=CARTESIAN_POINT('',(-0.0726487478673597,0.0387,0.0895625602126289));
#8323=CARTESIAN_POINT('',(-0.0726261148784617,0.0387,0.0895371358233572));
#8324=CARTESIAN_POINT('',(-0.0774819445068788,0.0467007060498637,0.0960137510717179));
#8325=CARTESIAN_POINT('',(-0.0774819445068788,0.0467003530249318,0.0960137510717179));
#8326=CARTESIAN_POINT('',(-0.0774819445068788,0.0467,0.0960137510717179));
#8327=CARTESIAN_POINT('',(-0.0774819445068788,0.0387,0.0960137510717179));
#8328=CARTESIAN_POINT('',(-0.072190199385816,0.0387,0.0900139314815428));
#8329=CARTESIAN_POINT('',(-0.0721676838081978,0.0387,0.0899884031538196));
#8330=CARTESIAN_POINT('',(-0.0721451682305795,0.0387,0.0899628748260964));
#8331=CARTESIAN_POINT('',(-0.0770733721000885,0.0467007060498637,0.0963724325240421));
#8332=CARTESIAN_POINT('',(-0.0770733721000885,0.0467003530249318,0.0963724325240421));
#8333=CARTESIAN_POINT('',(-0.0770733721000885,0.0467,0.0963724325240421));
#8334=CARTESIAN_POINT('',(-0.0770733721000885,0.0387,0.0963724325240421));
#8335=CARTESIAN_POINT('',(-0.0718038015451369,0.0387,0.0903531512865268));
#8336=CARTESIAN_POINT('',(-0.071781380316954,0.0387,0.0903275401524285));
#8337=CARTESIAN_POINT('',(-0.0717589590887712,0.0387,0.0903019290183302));
#8338=CARTESIAN_POINT('',(-0.0768194073636067,0.0467007060498637,0.0965942275105171));
#8339=CARTESIAN_POINT('',(-0.0768194073636067,0.0467003530249318,0.0965942275105171));
#8340=CARTESIAN_POINT('',(-0.0768194073636067,0.0467,0.0965942275105171));
#8341=CARTESIAN_POINT('',(-0.0768194073636067,0.0387,0.0965942275105172));
#8342=CARTESIAN_POINT('',(-0.0715617282981086,0.0387,0.0905645554316291));
#8343=CARTESIAN_POINT('',(-0.0715393576664204,0.0387,0.0905389000860675));
#8344=CARTESIAN_POINT('',(-0.0715169870347322,0.0387,0.0905132447405059));
#8345=CARTESIAN_POINT('',(-0.0766120996304196,0.0467007060498637,0.0967744825342682));
#8346=CARTESIAN_POINT('',(-0.0766120996304196,0.0467003530249318,0.0967744825342682));
#8347=CARTESIAN_POINT('',(-0.0766120996304196,0.0467,0.0967744825342682));
#8348=CARTESIAN_POINT('',(-0.0766120996304196,0.0387,0.0967744825342681));
#8349=CARTESIAN_POINT('',(-0.0713676889461972,0.0387,0.0907332757046421));
#8350=CARTESIAN_POINT('',(-0.0713453747694708,0.0387,0.0907075712804553));
#8351=CARTESIAN_POINT('',(-0.0713230605927443,0.0387,0.0906818668562684));
#8352=CARTESIAN_POINT('',(-0.0764212758170143,0.0467007060498637,0.0969402116177721));
#8353=CARTESIAN_POINT('',(-0.0764212758170143,0.0467003530249318,0.0969402116177721));
#8354=CARTESIAN_POINT('',(-0.0764212758170143,0.0467,0.0969402116177721));
#8355=CARTESIAN_POINT('',(-0.076421275817014,0.0387,0.0969402116177723));
#8356=CARTESIAN_POINT('',(-0.071173548037473,0.0387,0.0909018884758306));
#8357=CARTESIAN_POINT('',(-0.0711512197470062,0.0387,0.0908761963213001));
#8358=CARTESIAN_POINT('',(-0.0711288914565393,0.0387,0.0908505041667695));
#8359=CARTESIAN_POINT('',(-0.0762744490750055,0.0467007060498637,0.0970677767669589));
#8360=CARTESIAN_POINT('',(-0.0762744490750055,0.0467003530249318,0.0970677767669589));
#8361=CARTESIAN_POINT('',(-0.0762744490750055,0.0467,0.0970677767669589));
#8362=CARTESIAN_POINT('',(-0.0762744490750067,0.0387,0.0970677767669571));
#8363=CARTESIAN_POINT('',(-0.0710279652062086,0.0387,0.0910283722421354));
#8364=CARTESIAN_POINT('',(-0.0710056422083944,0.0387,0.0910026754864838));
#8365=CARTESIAN_POINT('',(-0.0709833192105802,0.0387,0.0909769787308321));
#8366=CARTESIAN_POINT('',(-0.0761773887763272,0.0467007060498637,0.0971520939027334));
#8367=CARTESIAN_POINT('',(-0.0761773887763272,0.0467003530249318,0.0971520939027334));
#8368=CARTESIAN_POINT('',(-0.0761773887763272,0.0467,0.0971520939027334));
#8369=CARTESIAN_POINT('',(-0.0761773887763272,0.0387,0.0971520939027334));
#8370=CARTESIAN_POINT('',(-0.0709309049075305,0.0387,0.0911126893779101));
#8371=CARTESIAN_POINT('',(-0.0709085819097163,0.0387,0.0910869926222585));
#8372=CARTESIAN_POINT('',(-0.0708862589119021,0.0387,0.0910612958666068));
#8373=CARTESIAN_POINT('',(-0.0766193383624271,0.0467,0.0967681667059498));
#8374=CARTESIAN_POINT('',(-0.0766193383624271,0.046170935751596,0.0967681667059498));
#8375=CARTESIAN_POINT('',(-0.0765840943269241,0.0450980500964319,0.0966642635778936));
#8376=CARTESIAN_POINT('',(-0.0764343609138685,0.0437449807528879,0.0962222497166014));
#8377=CARTESIAN_POINT('',(-0.0762766765421465,0.0428200563260311,0.095756037835075));
#8378=CARTESIAN_POINT('',(-0.0761224325398344,0.0421090293837464,0.0953009664474543));
#8379=CARTESIAN_POINT('',(-0.0759629289492409,0.0415130571425855,0.0948293372731657));
#8380=CARTESIAN_POINT('',(-0.0757646889110904,0.0409077143135267,0.0942438038381008));
#8381=CARTESIAN_POINT('',(-0.0756048250670074,0.040508527131349,0.0937708322715779));
#8382=CARTESIAN_POINT('',(-0.0754599135756851,0.040192513035725,0.0933424737309221));
#8383=CARTESIAN_POINT('',(-0.0753376884279222,0.0399556129682664,0.0929811733797423));
#8384=CARTESIAN_POINT('',(-0.0752382225472563,0.0397817475976557,0.0926867167929619));
#8385=CARTESIAN_POINT('',(-0.0751224226679302,0.0395975038238129,0.0923439566976075));
#8386=CARTESIAN_POINT('',(-0.0750190677621926,0.0394527695224736,0.09203824418204));
#8387=CARTESIAN_POINT('',(-0.074935638730935,0.0393460594917407,0.0917914819700888));
#8388=CARTESIAN_POINT('',(-0.0748607961323814,0.039258036472431,0.091570046954062));
#8389=CARTESIAN_POINT('',(-0.0748234044167668,0.0392168935122622,0.0914592229820266));
#8390=CARTESIAN_POINT('',(-0.074752362143717,0.0391415096879223,0.091248515244915));
#8391=CARTESIAN_POINT('',(-0.0746170671624892,0.0390125085567858,0.0908474189037408));
#8392=CARTESIAN_POINT('',(-0.0744237100206127,0.0388655958255387,0.0902756037437881));
#8393=CARTESIAN_POINT('',(-0.074183774683748,0.0387572151828549,0.0895655824694067));
#8394=CARTESIAN_POINT('',(-0.0739960050196475,0.0387065459001155,0.0890098373949394));
#8395=CARTESIAN_POINT('',(-0.0738904329263452,0.0387000000085521,0.0886954930573612));
#8396=CARTESIAN_POINT('',(-0.0738368870262992,0.0387,0.0885367383716043));
#8397=CARTESIAN_POINT('',(-0.0766193388553863,0.0467,0.0967681671605247));
#8398=CARTESIAN_POINT('',(-0.0766193392604445,0.0466999999997526,0.0967681676271878));
#8399=CARTESIAN_POINT('',(-0.133284919769357,0.0466999999997526,0.0475422790479227));
#8400=CARTESIAN_POINT('',(-0.032002830557506,0.0466999999997526,0.0643002155570387));
#8401=CARTESIAN_POINT('',(-0.0352000000567521,0.0466999999997526,0.037999999533152));
#8402=CARTESIAN_POINT('',(-0.0352,0.0467,0.0379999995262365));
#8403=CARTESIAN_POINT('',(-0.035199999522172,0.046700127096668,0.0370301513614235));
#8404=CARTESIAN_POINT('',(-0.0137543608336541,0.0557,0.063));
#8405=CARTESIAN_POINT('',(-0.0137543608336541,0.0557,0.0473248468795767));
#8406=CARTESIAN_POINT('',(-0.00581710690046033,0.0567,0.0473248468795767));
#8407=CARTESIAN_POINT('',(-0.00633816234655844,0.0587,0.063));
#8408=CARTESIAN_POINT('',(-0.00633816234655844,0.0587,0.0453248468795767));
#8409=CARTESIAN_POINT('',(-0.00581710690046033,0.0567,0.0473248468795767));
#8410=CARTESIAN_POINT('',(-0.00588418811872424,0.0572324406635087,0.0473248468795767));
#8411=CARTESIAN_POINT('',(-0.00614037093807016,0.05825234749137,0.0468946126350265));
#8412=CARTESIAN_POINT('',(-0.00633816234655844,0.0587,0.0458618197248626));
#8413=CARTESIAN_POINT('',(-0.00633816234655844,0.0587,0.0453248468795767));
#8414=CARTESIAN_POINT('',(-0.0347280399134606,0.0587180290346865,0.0369839799829365));
#8415=CARTESIAN_POINT('',(-0.0353148400730504,0.0572669037918698,0.037055314377743));
#8416=CARTESIAN_POINT('',(-0.0353148400730504,0.0557,0.037055314377743));
#8417=CARTESIAN_POINT('',(-0.0347192437882008,0.0587180290346865,0.037056337733575));
#8418=CARTESIAN_POINT('',(-0.0353060439291004,0.0572669037918698,0.0371276722835405));
#8419=CARTESIAN_POINT('',(-0.0353060439291004,0.0557,0.0371276722835405));
#8420=CARTESIAN_POINT('',(-0.0347028108453112,0.0587180290346865,0.0371915167105181));
#8421=CARTESIAN_POINT('',(-0.0352896109852034,0.0572669037918698,0.0372628512688468));
#8422=CARTESIAN_POINT('',(-0.0352896109852034,0.0557,0.0372628512688468));
#8423=CARTESIAN_POINT('',(-0.0346787454354461,0.0587180290346865,0.0373894816138391));
#8424=CARTESIAN_POINT('',(-0.0352655459313261,0.0572669037918698,0.0374608132168807));
#8425=CARTESIAN_POINT('',(-0.0352655459313261,0.0557,0.0374608132168807));
#8426=CARTESIAN_POINT('',(-0.0346558166338907,0.0587180290346865,0.0375780941684313));
#8427=CARTESIAN_POINT('',(-0.0352426157517853,0.0572669037918698,0.0376494372110296));
#8428=CARTESIAN_POINT('',(-0.0352426157517853,0.0557,0.0376494372110296));
#8429=CARTESIAN_POINT('',(-0.0346367792973573,0.0587180290346865,0.0377347033533074));
#8430=CARTESIAN_POINT('',(-0.0352235827261626,0.0572669037918698,0.0378060106082216));
#8431=CARTESIAN_POINT('',(-0.0352235827261626,0.0557,0.0378060106082216));
#8432=CARTESIAN_POINT('',(-0.0346233157965548,0.0587180290346865,0.0378454443237633));
#8433=CARTESIAN_POINT('',(-0.0352101115297256,0.0572669037918698,0.0379168154651634));
#8434=CARTESIAN_POINT('',(-0.0352101115297256,0.0557,0.0379168154651634));
#8435=CARTESIAN_POINT('',(-0.034616771719497,0.0587180290346865,0.0378992920827141));
#8436=CARTESIAN_POINT('',(-0.0352035782417102,0.0572669037918698,0.0379705736572301));
#8437=CARTESIAN_POINT('',(-0.0352035782417102,0.0557,0.0379705736572301));
#8438=CARTESIAN_POINT('',(-0.0346127301447651,0.0587180290346865,0.0379325133984408));
#8439=CARTESIAN_POINT('',(-0.0351995192708534,0.0572669037918698,0.0380039393895458));
#8440=CARTESIAN_POINT('',(-0.0351995192708534,0.0557,0.0380039393895458));
#8441=CARTESIAN_POINT('',(-0.0346108653479901,0.0587180290346865,0.0379479639929132));
#8442=CARTESIAN_POINT('',(-0.0351978085872222,0.0572669037918698,0.0380181164358977));
#8443=CARTESIAN_POINT('',(-0.0351978085872222,0.0557,0.0380181164358977));
#8444=CARTESIAN_POINT('',(-0.0346078460789067,0.0587180290346865,0.0379733379957287));
#8445=CARTESIAN_POINT('',(-0.0351949206686449,0.0572669037918698,0.03804238170622));
#8446=CARTESIAN_POINT('',(-0.0351949206686449,0.0557,0.03804238170622));
#8447=CARTESIAN_POINT('',(-0.0346035296710168,0.0587180290346865,0.0380104947516464));
#8448=CARTESIAN_POINT('',(-0.0351908428032469,0.0572669037918698,0.0380774891876563));
#8449=CARTESIAN_POINT('',(-0.0351908428032469,0.0557,0.0380774891876563));
#8450=CARTESIAN_POINT('',(-0.0345981853984356,0.0587180290346865,0.0380580266451663));
#8451=CARTESIAN_POINT('',(-0.035185776578031,0.0572669037918698,0.0381225447741161));
#8452=CARTESIAN_POINT('',(-0.035185776578031,0.0557,0.0381225447741161));
#8453=CARTESIAN_POINT('',(-0.0345921398900225,0.0587180290346865,0.0381144390397137));
#8454=CARTESIAN_POINT('',(-0.0351800553313342,0.0572669037918698,0.0381759334948598));
#8455=CARTESIAN_POINT('',(-0.0351800553313342,0.0557,0.0381759334948598));
#8456=CARTESIAN_POINT('',(-0.0345844666455628,0.0587180290346865,0.038189662824407));
#8457=CARTESIAN_POINT('',(-0.0351727935091799,0.0572669037918698,0.0382471233895859));
#8458=CARTESIAN_POINT('',(-0.0351727935091799,0.0557,0.0382471233895859));
#8459=CARTESIAN_POINT('',(-0.0345756464906409,0.0587180290346865,0.0382833232879168));
#8460=CARTESIAN_POINT('',(-0.0351644517130805,0.0572669037918698,0.038335706568371));
#8461=CARTESIAN_POINT('',(-0.0351644517130805,0.0557,0.038335706568371));
#8462=CARTESIAN_POINT('',(-0.0345569062822882,0.0587180290346865,0.0385071920577102));
#8463=CARTESIAN_POINT('',(-0.0351467394876276,0.0572669037918698,0.0385472991642333));
#8464=CARTESIAN_POINT('',(-0.0351467394876276,0.0557,0.0385472991642333));
#8465=CARTESIAN_POINT('',(-0.0345378840570971,0.0587180290346865,0.0388394401563241));
#8466=CARTESIAN_POINT('',(-0.0351288004704228,0.0572669037918698,0.0388607830439584));
#8467=CARTESIAN_POINT('',(-0.0351288004704228,0.0557,0.0388607830439584));
#8468=CARTESIAN_POINT('',(-0.0345316458263558,0.0587180290346865,0.0392757646926367));
#8469=CARTESIAN_POINT('',(-0.0351229406182863,0.0572669037918698,0.0392714110974011));
#8470=CARTESIAN_POINT('',(-0.0351229406182863,0.0557,0.0392714110974011));
#8471=CARTESIAN_POINT('',(-0.0345444183238052,0.0587180290346865,0.0397063483556275));
#8472=CARTESIAN_POINT('',(-0.0351349428193862,0.0572669037918698,0.0396756905199161));
#8473=CARTESIAN_POINT('',(-0.0351349428193862,0.0557,0.0396756905199161));
#8474=CARTESIAN_POINT('',(-0.0345762517228428,0.0587180290346865,0.0401322009553391));
#8475=CARTESIAN_POINT('',(-0.0351647789158041,0.0572669037918698,0.0400747089009771));
#8476=CARTESIAN_POINT('',(-0.0351647789158041,0.0557,0.0400747089009771));
#8477=CARTESIAN_POINT('',(-0.0346274097632541,0.0587180290346865,0.0405544682281113));
#8478=CARTESIAN_POINT('',(-0.035212638487907,0.0572669037918698,0.0404696914269402));
#8479=CARTESIAN_POINT('',(-0.035212638487907,0.0557,0.0404696914269402));
#8480=CARTESIAN_POINT('',(-0.0346983458481355,0.0587180290346865,0.0409741579877072));
#8481=CARTESIAN_POINT('',(-0.0352789088187298,0.0572669037918698,0.0408617451855365));
#8482=CARTESIAN_POINT('',(-0.0352789088187298,0.0557,0.0408617451855365));
#8483=CARTESIAN_POINT('',(-0.0347899424330403,0.0587180290346865,0.0413931578762208));
#8484=CARTESIAN_POINT('',(-0.0353644016085687,0.0572669037918698,0.0412528087632111));
#8485=CARTESIAN_POINT('',(-0.0353644016085687,0.0557,0.0412528087632111));
#8486=CARTESIAN_POINT('',(-0.0349028139260438,0.0587180290346865,0.0418104532682063));
#8487=CARTESIAN_POINT('',(-0.0354697056643813,0.0572669037918698,0.0416421248211574));
#8488=CARTESIAN_POINT('',(-0.0354697056643813,0.0557,0.0416421248211574));
#8489=CARTESIAN_POINT('',(-0.0350784896603454,0.0587180290346865,0.0423532314719368));
#8490=CARTESIAN_POINT('',(-0.035633619119841,0.0572669037918698,0.0421485651788274));
#8491=CARTESIAN_POINT('',(-0.035633619119841,0.0557,0.0421485651788274));
#8492=CARTESIAN_POINT('',(-0.0353467274124098,0.0587180290346865,0.0430151245886087));
#8493=CARTESIAN_POINT('',(-0.0358840966456724,0.0572669037918698,0.0427667211302746));
#8494=CARTESIAN_POINT('',(-0.0358840966456724,0.0557,0.0427667211302746));
#8495=CARTESIAN_POINT('',(-0.0356827831635992,0.0587180290346865,0.0436618238466077));
#8496=CARTESIAN_POINT('',(-0.0361988462096743,0.0572669037918698,0.0433725574342687));
#8497=CARTESIAN_POINT('',(-0.0361988462096743,0.0557,0.0433725574342687));
#8498=CARTESIAN_POINT('',(-0.0359958405173482,0.0587180290346865,0.0441739635021488));
#8499=CARTESIAN_POINT('',(-0.0364931156254699,0.0572669037918698,0.0438539941729509));
#8500=CARTESIAN_POINT('',(-0.0364931156254699,0.0557,0.0438539941729509));
#8501=CARTESIAN_POINT('',(-0.0363405906634058,0.0587180290346865,0.044684295763136));
#8502=CARTESIAN_POINT('',(-0.0368180272938123,0.0572669037918698,0.044334990232581));
#8503=CARTESIAN_POINT('',(-0.0368180272938123,0.0557,0.044334990232581));
#8504=CARTESIAN_POINT('',(-0.0368223762584871,0.0587180290346865,0.0453052362595015));
#8505=CARTESIAN_POINT('',(-0.0372739671182695,0.0572669037918698,0.0449227758244952));
#8506=CARTESIAN_POINT('',(-0.0372739671182695,0.0557,0.0449227758244952));
#8507=CARTESIAN_POINT('',(-0.0374869810114305,0.0587180290346865,0.0460303747289147));
#8508=CARTESIAN_POINT('',(-0.0379068424986946,0.0572669037918698,0.0456134664196161));
#8509=CARTESIAN_POINT('',(-0.0379068424986946,0.0557,0.0456134664196161));
#8510=CARTESIAN_POINT('',(-0.0382419937212051,0.0587180290346865,0.0467380177540664));
#8511=CARTESIAN_POINT('',(-0.0386303315418359,0.0572669037918698,0.0462917179694398));
#8512=CARTESIAN_POINT('',(-0.0386303315418359,0.0557,0.0462917179694398));
#8513=CARTESIAN_POINT('',(-0.0390909943339693,0.0587180290346865,0.0474288128870076));
#8514=CARTESIAN_POINT('',(-0.0394488082599143,0.0572669037918698,0.0469578054179623));
#8515=CARTESIAN_POINT('',(-0.0394488082599143,0.0557,0.0469578054179623));
#8516=CARTESIAN_POINT('',(-0.0400135570881412,0.0587180290346865,0.0480877289271775));
#8517=CARTESIAN_POINT('',(-0.040343072577383,0.0572669037918698,0.0475966122811526));
#8518=CARTESIAN_POINT('',(-0.040343072577383,0.0557,0.0475966122811526));
#8519=CARTESIAN_POINT('',(-0.0410096583883385,0.0587180290346865,0.0487191732462228));
#8520=CARTESIAN_POINT('',(-0.0413132081725702,0.0572669037918698,0.0482116721307406));
#8521=CARTESIAN_POINT('',(-0.0413132081725702,0.0557,0.0482116721307406));
#8522=CARTESIAN_POINT('',(-0.0424291329324563,0.0587180290346865,0.0495246106513898));
#8523=CARTESIAN_POINT('',(-0.0427013315545408,0.0572669037918698,0.0489994046605606));
#8524=CARTESIAN_POINT('',(-0.0427013315545408,0.0557,0.0489994046605606));
#8525=CARTESIAN_POINT('',(-0.0443627973432981,0.0587180290346865,0.0504655922023797));
#8526=CARTESIAN_POINT('',(-0.0446018599402646,0.0572669037918698,0.0499245238446004));
#8527=CARTESIAN_POINT('',(-0.0446018599402646,0.0557,0.0499245238446004));
#8528=CARTESIAN_POINT('',(-0.0468948361509257,0.0587180290346865,0.0514974923241629));
#8529=CARTESIAN_POINT('',(-0.0471028244548202,0.0572669037918698,0.0509439237181203));
#8530=CARTESIAN_POINT('',(-0.0471028244548202,0.0557,0.0509439237181203));
#8531=CARTESIAN_POINT('',(-0.0495563815338399,0.0587180290346865,0.0524317054729445));
#8532=CARTESIAN_POINT('',(-0.0497408393868546,0.0572669037918698,0.0518699690140573));
#8533=CARTESIAN_POINT('',(-0.0497408393868546,0.0557,0.0518699690140573));
#8534=CARTESIAN_POINT('',(-0.0523247341497153,0.0587180290346865,0.0532913505954453));
#8535=CARTESIAN_POINT('',(-0.0524915772754337,0.0572669037918698,0.0527241937027662));
#8536=CARTESIAN_POINT('',(-0.0524915772754337,0.0557,0.0527241937027662));
#8537=CARTESIAN_POINT('',(-0.0551758321187671,0.0587180290346865,0.0540937479230088));
#8538=CARTESIAN_POINT('',(-0.0553299038221819,0.0572669037918698,0.0535230253818245));
#8539=CARTESIAN_POINT('',(-0.0553299038221819,0.0557,0.0535230253818245));
#8540=CARTESIAN_POINT('',(-0.0580939428317263,0.0587180290346865,0.0548562376754134));
#8541=CARTESIAN_POINT('',(-0.0582393167769872,0.0572669037918698,0.0542832583889176));
#8542=CARTESIAN_POINT('',(-0.0582393167769872,0.0557,0.0542832583889176));
#8543=CARTESIAN_POINT('',(-0.0610672901689715,0.0587180290346865,0.0555951040745141));
#8544=CARTESIAN_POINT('',(-0.0612075672630939,0.0572669037918698,0.0550208665324115));
#8545=CARTESIAN_POINT('',(-0.0612075672630939,0.0557,0.0550208665324115));
#8546=CARTESIAN_POINT('',(-0.0640879172168815,0.0587180290346865,0.0563266825129531));
#8547=CARTESIAN_POINT('',(-0.0642264690162924,0.0572669037918698,0.0557520298235381));
#8548=CARTESIAN_POINT('',(-0.0642264690162924,0.0557,0.0557520298235381));
#8549=CARTESIAN_POINT('',(-0.0671509620522017,0.0587180290346865,0.0570681963228859));
#8550=CARTESIAN_POINT('',(-0.0672911673070317,0.0572669037918698,0.0564939411754473));
#8551=CARTESIAN_POINT('',(-0.0672911673070317,0.0557,0.0564939411754473));
#8552=CARTESIAN_POINT('',(-0.0702547404018415,0.0587180290346865,0.0578392547140799));
#8553=CARTESIAN_POINT('',(-0.0704002551235146,0.0572669037918698,0.0572663098926505));
#8554=CARTESIAN_POINT('',(-0.0704002551235146,0.0557,0.0572663098926505));
#8555=CARTESIAN_POINT('',(-0.0728768999652547,0.0587180290346865,0.0585264284761608));
#8556=CARTESIAN_POINT('',(-0.0730304068899859,0.0572669037918698,0.057955559483285));
#8557=CARTESIAN_POINT('',(-0.0730304068899859,0.0557,0.057955559483285));
#8558=CARTESIAN_POINT('',(-0.0750001413884325,0.0587180290346865,0.0591196876891649));
#8559=CARTESIAN_POINT('',(-0.0751628068884325,0.0572669037918698,0.0585513708857624));
#8560=CARTESIAN_POINT('',(-0.0751628068884325,0.0557,0.0585513708857624));
#8561=CARTESIAN_POINT('',(-0.0766076011351094,0.0587180290346865,0.0595923060225198));
#8562=CARTESIAN_POINT('',(-0.0767787780729314,0.0572669037918698,0.0590264849487717));
#8563=CARTESIAN_POINT('',(-0.0767787780729314,0.0557,0.0590264849487717));
#8564=CARTESIAN_POINT('',(-0.078230938753519,0.0587180290346865,0.0600991807257114));
#8565=CARTESIAN_POINT('',(-0.0784125982406303,0.0572669037918698,0.059536622069733));
#8566=CARTESIAN_POINT('',(-0.0784125982406303,0.0557,0.059536622069733));
#8567=CARTESIAN_POINT('',(-0.0798743499578238,0.0587180290346865,0.0606499009951997));
#8568=CARTESIAN_POINT('',(-0.0800689512141642,0.0572669037918698,0.0600916633170161));
#8569=CARTESIAN_POINT('',(-0.0800689512141642,0.0557,0.0600916633170161));
#8570=CARTESIAN_POINT('',(-0.0812657564601161,0.0587180290346865,0.0611564055019705));
#8571=CARTESIAN_POINT('',(-0.081473785215236,0.0572669037918698,0.0606030314664055));
#8572=CARTESIAN_POINT('',(-0.081473785215236,0.0557,0.0606030314664055));
#8573=CARTESIAN_POINT('',(-0.082397476896303,0.0587180290346865,0.0616005087469459));
#8574=CARTESIAN_POINT('',(-0.0826184118541921,0.0572669037918698,0.0610521915417218));
#8575=CARTESIAN_POINT('',(-0.0826184118541921,0.0557,0.0610521915417218));
#8576=CARTESIAN_POINT('',(-0.0832575461689012,0.0587180290346865,0.0619567959423217));
#8577=CARTESIAN_POINT('',(-0.0834894585602523,0.0572669037918698,0.0614130188902419));
#8578=CARTESIAN_POINT('',(-0.0834894585602523,0.0557,0.0614130188902419));
#8579=CARTESIAN_POINT('',(-0.0841321864055022,0.0587180290346865,0.0623414087569107));
#8580=CARTESIAN_POINT('',(-0.0843766613191408,0.0572669037918698,0.0618031453103575));
#8581=CARTESIAN_POINT('',(-0.0843766613191408,0.0557,0.0618031453103575));
#8582=CARTESIAN_POINT('',(-0.0850213645853829,0.0587180290346865,0.0627592506719686));
#8583=CARTESIAN_POINT('',(-0.0852803109199341,0.0572669037918698,0.0622277727216319));
#8584=CARTESIAN_POINT('',(-0.0852803109199341,0.0557,0.0622277727216319));
#8585=CARTESIAN_POINT('',(-0.0857786014377648,0.0587180290346865,0.0631425103798317));
#8586=CARTESIAN_POINT('',(-0.0860516234275289,0.0572669037918698,0.0626181361216306));
#8587=CARTESIAN_POINT('',(-0.0860516234275289,0.0557,0.0626181361216306));
#8588=CARTESIAN_POINT('',(-0.08639796879536,0.0587180290346865,0.0634770228529562));
#8589=CARTESIAN_POINT('',(-0.0866838532877332,0.0572669037918698,0.0629595893928937));
#8590=CARTESIAN_POINT('',(-0.0866838532877332,0.0557,0.0629595893928937));
#8591=CARTESIAN_POINT('',(-0.0868707011876516,0.0587180290346865,0.0637443819160878));
#8592=CARTESIAN_POINT('',(-0.0871671752110706,0.0572669037918698,0.063232931995187));
#8593=CARTESIAN_POINT('',(-0.0871671752110706,0.0557,0.063232931995187));
#8594=CARTESIAN_POINT('',(-0.0873534944061617,0.0587180290346865,0.0640314418153257));
#8595=CARTESIAN_POINT('',(-0.0876616789229492,0.0572669037918698,0.0635269472905718));
#8596=CARTESIAN_POINT('',(-0.0876616789229492,0.0557,0.0635269472905718));
#8597=CARTESIAN_POINT('',(-0.0878486087489318,0.0587180290346865,0.0643424308650889));
#8598=CARTESIAN_POINT('',(-0.0881698562000266,0.0572669037918698,0.0638461311544304));
#8599=CARTESIAN_POINT('',(-0.0881698562000266,0.0557,0.0638461311544304));
#8600=CARTESIAN_POINT('',(-0.0883602724912601,0.0587180290346865,0.0646840591544603));
#8601=CARTESIAN_POINT('',(-0.0886962877462805,0.0572669037918698,0.0641976046098593));
#8602=CARTESIAN_POINT('',(-0.0886962877462805,0.0557,0.0641976046098593));
#8603=CARTESIAN_POINT('',(-0.088889719479305,0.0587180290346865,0.0650628258181058));
#8604=CARTESIAN_POINT('',(-0.0892425640312511,0.0572669037918698,0.0645883897148402));
#8605=CARTESIAN_POINT('',(-0.0892425640312511,0.0557,0.0645883897148402));
#8606=CARTESIAN_POINT('',(-0.0893509753268479,0.0587180290346865,0.0654198470909318));
#8607=CARTESIAN_POINT('',(-0.0897200852272068,0.0572669037918698,0.0649579694346224));
#8608=CARTESIAN_POINT('',(-0.0897200852272068,0.0557,0.0649579694346224));
#8609=CARTESIAN_POINT('',(-0.0897378804277598,0.0587180290346865,0.0657418514182071));
#8610=CARTESIAN_POINT('',(-0.0901218953505356,0.0572669037918698,0.065292368711091));
#8611=CARTESIAN_POINT('',(-0.0901218953505356,0.0557,0.065292368711091));
#8612=CARTESIAN_POINT('',(-0.0900393691199864,0.0587180290346865,0.0660063590194117));
#8613=CARTESIAN_POINT('',(-0.0904357272895782,0.0572669037918698,0.065567696300309));
#8614=CARTESIAN_POINT('',(-0.0904357272895782,0.0557,0.065567696300309));
#8615=CARTESIAN_POINT('',(-0.090355447770735,0.0587180290346865,0.0663006154536918));
#8616=CARTESIAN_POINT('',(-0.0907656102690304,0.0572669037918698,0.0658747899900932));
#8617=CARTESIAN_POINT('',(-0.0907656102690304,0.0557,0.0658747899900932));
#8618=CARTESIAN_POINT('',(-0.0906909677729154,0.0587180290346865,0.0666351556388152));
#8619=CARTESIAN_POINT('',(-0.0911168369626362,0.0572669037918698,0.0662249713213818));
#8620=CARTESIAN_POINT('',(-0.0911168369626362,0.0557,0.0662249713213818));
#8621=CARTESIAN_POINT('',(-0.0909939211551527,0.0587180290346865,0.0669626946101856));
#8622=CARTESIAN_POINT('',(-0.091435079134,0.0572669037918698,0.0665690072681557));
#8623=CARTESIAN_POINT('',(-0.091435079134,0.0557,0.0665690072681557));
#8624=CARTESIAN_POINT('',(-0.091256867634832,0.0587180290346865,0.0672707743665558));
#8625=CARTESIAN_POINT('',(-0.091712189377886,0.0572669037918698,0.066893671249621));
#8626=CARTESIAN_POINT('',(-0.091712189377886,0.0557,0.066893671249621));
#8627=CARTESIAN_POINT('',(-0.0914664964971631,0.0587180290346865,0.0675315730006845));
#8628=CARTESIAN_POINT('',(-0.0919336252284428,0.0572669037918698,0.0671691477438606));
#8629=CARTESIAN_POINT('',(-0.0919336252284428,0.0557,0.0671691477438606));
#8630=CARTESIAN_POINT('',(-0.0916932329418866,0.0587180290346865,0.0678343664511866));
#8631=CARTESIAN_POINT('',(-0.0921737513916576,0.0572669037918698,0.0674898066951533));
#8632=CARTESIAN_POINT('',(-0.0921737513916576,0.0557,0.0674898066951533));
#8633=CARTESIAN_POINT('',(-0.0919025168837172,0.0587180290346865,0.0681388671840704));
#8634=CARTESIAN_POINT('',(-0.0923960356628913,0.0572669037918698,0.0678131950099768));
#8635=CARTESIAN_POINT('',(-0.0923960356628913,0.0557,0.0678131950099768));
#8636=CARTESIAN_POINT('',(-0.0920892002714141,0.0587180290346865,0.0684362223618091));
#8637=CARTESIAN_POINT('',(-0.0925948265371022,0.0572669037918698,0.0681298260516435));
#8638=CARTESIAN_POINT('',(-0.0925948265371022,0.0557,0.0681298260516435));
#8639=CARTESIAN_POINT('',(-0.0922423613432476,0.0587180290346865,0.0686979167643192));
#8640=CARTESIAN_POINT('',(-0.092758213965679,0.0572669037918698,0.0684089831646732));
#8641=CARTESIAN_POINT('',(-0.092758213965679,0.0557,0.0684089831646732));
#8642=CARTESIAN_POINT('',(-0.092411647807472,0.0587180290346865,0.0690135810348984));
#8643=CARTESIAN_POINT('',(-0.0929391503767237,0.0572669037918698,0.068746355497612));
#8644=CARTESIAN_POINT('',(-0.0929391503767237,0.0557,0.068746355497612));
#8645=CARTESIAN_POINT('',(-0.0926017290438921,0.0587180290346865,0.0694100989200089));
#8646=CARTESIAN_POINT('',(-0.0931427138422519,0.0572669037918698,0.069170967394917));
#8647=CARTESIAN_POINT('',(-0.0931427138422519,0.0557,0.069170967394917));
#8648=CARTESIAN_POINT('',(-0.0927822520899296,0.0587180290346865,0.0698529338458282));
#8649=CARTESIAN_POINT('',(-0.0933364229670829,0.0572669037918698,0.0696461096621735));
#8650=CARTESIAN_POINT('',(-0.0933364229670829,0.0557,0.0696461096621735));
#8651=CARTESIAN_POINT('',(-0.0929266031260213,0.0587180290346865,0.0702843301761672));
#8652=CARTESIAN_POINT('',(-0.093491465100452,0.0572669037918698,0.0701094486425485));
#8653=CARTESIAN_POINT('',(-0.093491465100452,0.0557,0.0701094486425485));
#8654=CARTESIAN_POINT('',(-0.0930238937770725,0.0587180290346865,0.0706254655371223));
#8655=CARTESIAN_POINT('',(-0.0935959791134954,0.0572669037918698,0.0704759127838251));
#8656=CARTESIAN_POINT('',(-0.0935959791134954,0.0557,0.0704759127838251));
#8657=CARTESIAN_POINT('',(-0.0931019681109283,0.0587180290346865,0.0709538495289511));
#8658=CARTESIAN_POINT('',(-0.0936798245193169,0.0572669037918698,0.0708285780324587));
#8659=CARTESIAN_POINT('',(-0.0936798245193169,0.0557,0.0708285780324587));
#8660=CARTESIAN_POINT('',(-0.0931794777069922,0.0587180290346865,0.071350613772012));
#8661=CARTESIAN_POINT('',(-0.0937630061064152,0.0572669037918698,0.0712543956147386));
#8662=CARTESIAN_POINT('',(-0.0937630061064152,0.0557,0.0712543956147386));
#8663=CARTESIAN_POINT('',(-0.0932357530100364,0.0587180290346865,0.0717560721390912));
#8664=CARTESIAN_POINT('',(-0.0938233027630418,0.0572669037918698,0.0716889244504266));
#8665=CARTESIAN_POINT('',(-0.0938233027630418,0.0557,0.0716889244504266));
#8666=CARTESIAN_POINT('',(-0.0932695521448012,0.0587180290346865,0.0721394962242534));
#8667=CARTESIAN_POINT('',(-0.0938594441967717,0.0572669037918698,0.0720990207830627));
#8668=CARTESIAN_POINT('',(-0.0938594441967717,0.0557,0.0720990207830627));
#8669=CARTESIAN_POINT('',(-0.0932849691017758,0.0587180290346865,0.0724594349132267));
#8670=CARTESIAN_POINT('',(-0.0938758965420446,0.0572669037918698,0.07244056592389));
#8671=CARTESIAN_POINT('',(-0.0938758965420446,0.0557,0.07244056592389));
#8672=CARTESIAN_POINT('',(-0.0932891644056334,0.0587180290346865,0.07273572403932));
#8673=CARTESIAN_POINT('',(-0.0938803632137613,0.0572669037918698,0.0727349819460518));
#8674=CARTESIAN_POINT('',(-0.0938803632137613,0.0557,0.0727349819460518));
#8675=CARTESIAN_POINT('',(-0.0932848936212827,0.0587180290346865,0.0730625319013592));
#8676=CARTESIAN_POINT('',(-0.0938758158765253,0.0572669037918698,0.0730826439903338));
#8677=CARTESIAN_POINT('',(-0.0938758158765253,0.0557,0.0730826439903338));
#8678=CARTESIAN_POINT('',(-0.093266861576726,0.0587180290346865,0.0734133692666784));
#8679=CARTESIAN_POINT('',(-0.0938566673943187,0.0572669037918698,0.0734549511001709));
#8680=CARTESIAN_POINT('',(-0.0938566673943187,0.0557,0.0734549511001709));
#8681=CARTESIAN_POINT('',(-0.0932340392813171,0.0587180290346865,0.0737772912433144));
#8682=CARTESIAN_POINT('',(-0.0938219229711315,0.0572669037918698,0.0738400907431271));
#8683=CARTESIAN_POINT('',(-0.0938219229711315,0.0557,0.0738400907431271));
#8684=CARTESIAN_POINT('',(-0.0931938863734479,0.0587180290346865,0.0741021114658448));
#8685=CARTESIAN_POINT('',(-0.0937795274569635,0.0572669037918698,0.0741830015172867));
#8686=CARTESIAN_POINT('',(-0.0937795274569635,0.0557,0.0741830015172867));
#8687=CARTESIAN_POINT('',(-0.0931340178319278,0.0587180290346865,0.0744939445252511));
#8688=CARTESIAN_POINT('',(-0.0937164589422811,0.0572669037918698,0.0745957362458283));
#8689=CARTESIAN_POINT('',(-0.0937164589422811,0.0557,0.0745957362458283));
#8690=CARTESIAN_POINT('',(-0.0930510513457954,0.0587180290346865,0.0749246725859402));
#8691=CARTESIAN_POINT('',(-0.0936293178085632,0.0572669037918698,0.0750480306642851));
#8692=CARTESIAN_POINT('',(-0.0936293178085632,0.0557,0.0750480306642851));
#8693=CARTESIAN_POINT('',(-0.0929439645505531,0.0587180290346865,0.075381912360049));
#8694=CARTESIAN_POINT('',(-0.0935172277225329,0.0572669037918698,0.0755265758782277));
#8695=CARTESIAN_POINT('',(-0.0935172277225329,0.0557,0.0755265758782277));
#8696=CARTESIAN_POINT('',(-0.0928317977978034,0.0587180290346865,0.075796790797601));
#8697=CARTESIAN_POINT('',(-0.0934001619998266,0.0572669037918698,0.0759595371376778));
#8698=CARTESIAN_POINT('',(-0.0934001619998266,0.0557,0.0759595371376778));
#8699=CARTESIAN_POINT('',(-0.0927159374042724,0.0587180290346865,0.0761801749022316));
#8700=CARTESIAN_POINT('',(-0.0932795484104921,0.0572669037918698,0.0763586263157264));
#8701=CARTESIAN_POINT('',(-0.0932795484104921,0.0557,0.0763586263157264));
#8702=CARTESIAN_POINT('',(-0.092597199974106,0.0587180290346865,0.0765390361470025));
#8703=CARTESIAN_POINT('',(-0.0931562170815938,0.0572669037918698,0.0767313556244454));
#8704=CARTESIAN_POINT('',(-0.0931562170815938,0.0557,0.0767313556244454));
#8705=CARTESIAN_POINT('',(-0.0924357373423859,0.0587180290346865,0.0769912384359867));
#8706=CARTESIAN_POINT('',(-0.0929888440105039,0.0572669037918698,0.0772000944357439));
#8707=CARTESIAN_POINT('',(-0.0929888440105039,0.0557,0.0772000944357439));
#8708=CARTESIAN_POINT('',(-0.0922289767067562,0.0587180290346865,0.077516229541596));
#8709=CARTESIAN_POINT('',(-0.0927750901284081,0.0572669037918698,0.0777427896412518));
#8710=CARTESIAN_POINT('',(-0.0927750901284081,0.0557,0.0777427896412518));
#8711=CARTESIAN_POINT('',(-0.0919745267226423,0.0587180290346865,0.0781006206974236));
#8712=CARTESIAN_POINT('',(-0.0925128215228428,0.0572669037918698,0.0783451021087966));
#8713=CARTESIAN_POINT('',(-0.0925128215228428,0.0557,0.0783451021087966));
#8714=CARTESIAN_POINT('',(-0.0917173359627406,0.0587180290346865,0.0786450501341178));
#8715=CARTESIAN_POINT('',(-0.0922483958900614,0.0572669037918698,0.0789048222962626));
#8716=CARTESIAN_POINT('',(-0.0922483958900614,0.0557,0.0789048222962626));
#8717=CARTESIAN_POINT('',(-0.0914574798992008,0.0587180290346865,0.0791590919823754));
#8718=CARTESIAN_POINT('',(-0.0919818023258974,0.0572669037918698,0.0794321759248348));
#8719=CARTESIAN_POINT('',(-0.0919818023258974,0.0557,0.0794321759248348));
#8720=CARTESIAN_POINT('',(-0.0911953253195714,0.0587180290346865,0.0796484196045228));
#8721=CARTESIAN_POINT('',(-0.0917133499153847,0.0572669037918698,0.0799332472302815));
#8722=CARTESIAN_POINT('',(-0.0917133499153847,0.0557,0.0799332472302815));
#8723=CARTESIAN_POINT('',(-0.0908429342583606,0.0587180290346865,0.0802736795787489));
#8724=CARTESIAN_POINT('',(-0.0913530795226672,0.0572669037918698,0.0805724754490509));
#8725=CARTESIAN_POINT('',(-0.0913530795226672,0.0557,0.0805724754490509));
#8726=CARTESIAN_POINT('',(-0.0903974675568141,0.0587180290346865,0.081012596382555));
#8727=CARTESIAN_POINT('',(-0.090898625888431,0.0572669037918698,0.0813262595187063));
#8728=CARTESIAN_POINT('',(-0.090898625888431,0.0557,0.0813262595187063));
#8729=CARTESIAN_POINT('',(-0.0898557009197246,0.0587180290346865,0.08184884011367));
#8730=CARTESIAN_POINT('',(-0.0903471880080029,0.0572669037918698,0.0821774035784514));
#8731=CARTESIAN_POINT('',(-0.0903471880080029,0.0557,0.0821774035784514));
#8732=CARTESIAN_POINT('',(-0.0893072658168367,0.0587180290346865,0.0826457246452069));
#8733=CARTESIAN_POINT('',(-0.0897900023012947,0.0572669037918698,0.0829869836431051));
#8734=CARTESIAN_POINT('',(-0.0897900023012947,0.0557,0.0829869836431051));
#8735=CARTESIAN_POINT('',(-0.0887525414690077,0.0587180290346865,0.0834110385505322));
#8736=CARTESIAN_POINT('',(-0.0892273005510089,0.0572669037918698,0.0837632901893257));
#8737=CARTESIAN_POINT('',(-0.0892273005510089,0.0557,0.0837632901893257));
#8738=CARTESIAN_POINT('',(-0.0881920292232959,0.0587180290346865,0.0841501418164193));
#8739=CARTESIAN_POINT('',(-0.0886594715465363,0.0572669037918698,0.0845120320164546));
#8740=CARTESIAN_POINT('',(-0.0886594715465363,0.0557,0.0845120320164546));
#8741=CARTESIAN_POINT('',(-0.0874366249895725,0.0587180290346865,0.0851070528110381));
#8742=CARTESIAN_POINT('',(-0.0878950642278455,0.0572669037918698,0.0854803375165741));
#8743=CARTESIAN_POINT('',(-0.0878950642278455,0.0557,0.0854803375165741));
#8744=CARTESIAN_POINT('',(-0.0864831789944053,0.0587180290346865,0.0862514407062016));
#8745=CARTESIAN_POINT('',(-0.0869316445293206,0.0572669037918698,0.0866366641850074));
#8746=CARTESIAN_POINT('',(-0.0869316445293206,0.0557,0.0866366641850074));
#8747=CARTESIAN_POINT('',(-0.0853288867552189,0.0587180290346865,0.0875584779417832));
#8748=CARTESIAN_POINT('',(-0.085766980745941,0.0572669037918698,0.0879554235946635));
#8749=CARTESIAN_POINT('',(-0.085766980745941,0.0557,0.0879554235946635));
#8750=CARTESIAN_POINT('',(-0.0841640157897733,0.0587180290346865,0.0888142603510985));
#8751=CARTESIAN_POINT('',(-0.0845929903385654,0.0572669037918698,0.0892210223956894));
#8752=CARTESIAN_POINT('',(-0.0845929903385654,0.0557,0.0892210223956894));
#8753=CARTESIAN_POINT('',(-0.0829894766989241,0.0587180290346865,0.0900280677274674));
#8754=CARTESIAN_POINT('',(-0.0834103457151132,0.0572669037918698,0.0904431964033823));
#8755=CARTESIAN_POINT('',(-0.0834103457151132,0.0557,0.0904431964033823));
#8756=CARTESIAN_POINT('',(-0.0818057871568789,0.0587180290346865,0.0912069669627554));
#8757=CARTESIAN_POINT('',(-0.0822193848832254,0.0572669037918698,0.0916293304695252));
#8758=CARTESIAN_POINT('',(-0.0822193848832254,0.0557,0.0916293304695252));
#8759=CARTESIAN_POINT('',(-0.0806135296285056,0.0587180290346865,0.0923561861068836));
#8760=CARTESIAN_POINT('',(-0.0810205545573488,0.0572669037918698,0.0927848800836638));
#8761=CARTESIAN_POINT('',(-0.0810205545573488,0.0557,0.0927848800836638));
#8762=CARTESIAN_POINT('',(-0.0794131877198645,0.0587180290346865,0.0934798213888902));
#8763=CARTESIAN_POINT('',(-0.0798142299594948,0.0572669037918698,0.0939141118620592));
#8764=CARTESIAN_POINT('',(-0.0798142299594948,0.0557,0.0939141118620592));
#8765=CARTESIAN_POINT('',(-0.0784066368864518,0.0587180290346865,0.0943974883765867));
#8766=CARTESIAN_POINT('',(-0.0788031207883188,0.0572669037918698,0.0948359324307374));
#8767=CARTESIAN_POINT('',(-0.0788031207883188,0.0557,0.0948359324307374));
#8768=CARTESIAN_POINT('',(-0.0775976829531562,0.0587180290346865,0.0951218467270769));
#8769=CARTESIAN_POINT('',(-0.0779907291015712,0.0572669037918698,0.0955633684699849));
#8770=CARTESIAN_POINT('',(-0.0779907291015712,0.0557,0.0955633684699849));
#8771=CARTESIAN_POINT('',(-0.0770909426505583,0.0587180290346865,0.0955704196417948));
#8772=CARTESIAN_POINT('',(-0.0774819498127992,0.0572669037918698,0.0960137463994442));
#8773=CARTESIAN_POINT('',(-0.0774819498127992,0.0557,0.0960137463994442));
#8774=CARTESIAN_POINT('',(-0.0766840062225001,0.0587180290346865,0.0959276652912808));
#8775=CARTESIAN_POINT('',(-0.0770733748951801,0.0572669037918698,0.0963724300796855));
#8776=CARTESIAN_POINT('',(-0.0770733748951801,0.0557,0.0963724300796855));
#8777=CARTESIAN_POINT('',(-0.0764309185912235,0.0587180290346865,0.0961486938654874));
#8778=CARTESIAN_POINT('',(-0.0768194085960063,0.0572669037918698,0.0965942264382058));
#8779=CARTESIAN_POINT('',(-0.0768194085960063,0.0557,0.0965942264382059));
#8780=CARTESIAN_POINT('',(-0.0762245899880624,0.0587180290346865,0.0963280976923707));
#8781=CARTESIAN_POINT('',(-0.0766120995858601,0.0572669037918698,0.0967744825732951));
#8782=CARTESIAN_POINT('',(-0.07661209958586,0.0557,0.096774482573295));
#8783=CARTESIAN_POINT('',(-0.0760342862576224,0.0587180290346865,0.0964933752945225));
#8784=CARTESIAN_POINT('',(-0.0764220399740913,0.0572669037918698,0.0969395479530237));
#8785=CARTESIAN_POINT('',(-0.0764220399740919,0.0557,0.0969395479530245));
#8786=CARTESIAN_POINT('',(-0.0758883535065677,0.0587180290346863,0.0966201634396927));
#8787=CARTESIAN_POINT('',(-0.0762760172681448,0.0572669037918697,0.0970664142996859));
#8788=CARTESIAN_POINT('',(-0.0762760172681423,0.0557,0.0970664142996826));
#8789=CARTESIAN_POINT('',(-0.0757920592146375,0.0587180290346865,0.096703815300166));
#8790=CARTESIAN_POINT('',(-0.0761797220127608,0.0572669037918698,0.0971500669977323));
#8791=CARTESIAN_POINT('',(-0.0761797220127607,0.0557,0.0971500669977322));
#8792=CARTESIAN_POINT('',(-0.0764168973649596,0.0587,0.0961704686049624));
#8793=CARTESIAN_POINT('',(-0.0780462608904794,0.0587,0.0947507922069437));
#8794=CARTESIAN_POINT('',(-0.0812454513670248,0.0587,0.0918451803098807));
#8795=CARTESIAN_POINT('',(-0.0857790188797056,0.0587,0.08720587904126));
#8796=CARTESIAN_POINT('',(-0.0891850459464683,0.0587000000000001,0.0830121263438109));
#8797=CARTESIAN_POINT('',(-0.0914577152348076,0.0587,0.0793231492186459));
#8798=CARTESIAN_POINT('',(-0.0927844615791005,0.0587,0.0763554854817718));
#8799=CARTESIAN_POINT('',(-0.0934763236198058,0.0587,0.0731423335754785));
#8800=CARTESIAN_POINT('',(-0.0930341603363719,0.0587,0.069874389926376));
#8801=CARTESIAN_POINT('',(-0.0913131809086053,0.0587000000000001,0.0670779249881059));
#8802=CARTESIAN_POINT('',(-0.0888759972634478,0.0587,0.0649322759867486));
#8803=CARTESIAN_POINT('',(-0.0861318300491288,0.0587000000000001,0.063258434706141));
#8804=CARTESIAN_POINT('',(-0.0822343874963372,0.0586999999999999,0.0614344667032187));
#8805=CARTESIAN_POINT('',(-0.0771512720777801,0.0587,0.0596835900934906));
#8806=CARTESIAN_POINT('',(-0.0709435823126359,0.0587,0.0579840551430053));
#8807=CARTESIAN_POINT('',(-0.064682056236561,0.0587,0.0564605915664003));
#8808=CARTESIAN_POINT('',(-0.0584194361923427,0.0587,0.0549511813982601));
#8809=CARTESIAN_POINT('',(-0.0521920077089798,0.0587,0.0532944355414072));
#8810=CARTESIAN_POINT('',(-0.0470864618104373,0.0587,0.0516202338953981));
#8811=CARTESIAN_POINT('',(-0.0431323787650237,0.0587,0.0499053735711913));
#8812=CARTESIAN_POINT('',(-0.0403331729033845,0.0587,0.0483655014178731));
#8813=CARTESIAN_POINT('',(-0.0377691938899829,0.0587,0.0464485552296941));
#8814=CARTESIAN_POINT('',(-0.0356353291900782,0.0587,0.0439261260191664));
#8815=CARTESIAN_POINT('',(-0.0346755268144705,0.0587,0.0413613903003594));
#8816=CARTESIAN_POINT('',(-0.0344917642700968,0.0586999999999999,0.0391813170950032));
#8817=CARTESIAN_POINT('',(-0.0346002997011262,0.0587,0.0380954346321194));
#8818=CARTESIAN_POINT('',(-0.0346661438199128,0.0587,0.0375537899897722));
#8819=CARTESIAN_POINT('',(-0.0764168973649596,0.0587,0.0961704686049624));
#8820=CARTESIAN_POINT('',(-0.0351999994422707,0.0556998732031449,0.0370301692190343));
#8821=CARTESIAN_POINT('',(-0.0352,0.0557,0.037999999571973));
#8822=CARTESIAN_POINT('',(-0.0352000000512733,0.0557,0.0379999995782209));
#8823=CARTESIAN_POINT('',(-0.0320028306732134,0.0557,0.0643002155378942));
#8824=CARTESIAN_POINT('',(-0.133284919736994,0.0557,0.0475422790760403));
#8825=CARTESIAN_POINT('',(-0.0766193392604404,0.0557,0.0967681676271914));
#8826=CARTESIAN_POINT('',(-0.0766193388553776,0.0557,0.0967681671605231));
#8827=CARTESIAN_POINT('',(-0.0766193383624045,0.0557,0.0967681667059485));
#8828=CARTESIAN_POINT('',(-0.0766193383624045,0.0566987797101638,0.0967681667059485));
#8829=CARTESIAN_POINT('',(-0.0765517523687572,0.0577382286827286,0.0965689887441388));
#8830=CARTESIAN_POINT('',(-0.0764168863576205,0.0587000019889172,0.0961704771286211));
#8831=CARTESIAN_POINT('',(-0.00534029870991075,0.0557,0.062796056875602));
#8832=CARTESIAN_POINT('',(-0.00534029870991075,0.0572568040344115,0.062796056875602));
#8833=CARTESIAN_POINT('',(-0.00559825342040166,0.0586999999999999,0.0622723359825637));
#8834=CARTESIAN_POINT('',(-0.00543121985952446,0.0557,0.0628408393946156));
#8835=CARTESIAN_POINT('',(-0.00543121985952412,0.0572568040344117,0.0628408393946134));
#8836=CARTESIAN_POINT('',(-0.00568917461493426,0.0587000000000002,0.0623171185237128));
#8837=CARTESIAN_POINT('',(-0.00556657825321444,0.0557,0.062907515685307));
#8838=CARTESIAN_POINT('',(-0.00556657825321452,0.0572568040344115,0.0629075156853075));
#8839=CARTESIAN_POINT('',(-0.00582460902542003,0.0586999999999999,0.0623838322800433));
#8840=CARTESIAN_POINT('',(-0.00575124987089692,0.0557,0.0629984567867569));
#8841=CARTESIAN_POINT('',(-0.0057512498708969,0.0572568040344115,0.0629984567867568));
#8842=CARTESIAN_POINT('',(-0.00600907773683512,0.0587,0.0624746733771168));
#8843=CARTESIAN_POINT('',(-0.00592202045732914,0.0557,0.0630826384970815));
#8844=CARTESIAN_POINT('',(-0.00592202045732915,0.0572568040344115,0.0630826384970816));
#8845=CARTESIAN_POINT('',(-0.0061806601282133,0.0586999999999999,0.0625592551935975));
#8846=CARTESIAN_POINT('',(-0.00613940062009205,0.0557,0.063190201601687));
#8847=CARTESIAN_POINT('',(-0.00613940062009205,0.0572568040344115,0.063190201601687));
#8848=CARTESIAN_POINT('',(-0.00639875683238197,0.0587,0.0626671730529296));
#8849=CARTESIAN_POINT('',(-0.00648452358132549,0.0557,0.0633617508041615));
#8850=CARTESIAN_POINT('',(-0.00648452358132549,0.0572568040344115,0.0633617508041615));
#8851=CARTESIAN_POINT('',(-0.0067451987482314,0.0587,0.0628393777034268));
#8852=CARTESIAN_POINT('',(-0.00691597309692847,0.0557,0.0635777073311028));
#8853=CARTESIAN_POINT('',(-0.00691597309692847,0.0572568040344115,0.0635777073311028));
#8854=CARTESIAN_POINT('',(-0.00717824802055928,0.0586999999999999,0.0630561350861561));
#8855=CARTESIAN_POINT('',(-0.00760427051341785,0.0557,0.0639254425347815));
#8856=CARTESIAN_POINT('',(-0.00760427051341785,0.0572568040344115,0.0639254425347815));
#8857=CARTESIAN_POINT('',(-0.00786915491052853,0.0587,0.0634051885114422));
#8858=CARTESIAN_POINT('',(-0.00846182607518181,0.0557,0.0643647836275089));
#8859=CARTESIAN_POINT('',(-0.00846182607518181,0.0572568040344115,0.0643647836275089));
#8860=CARTESIAN_POINT('',(-0.00872999367697854,0.0586999999999999,0.0638462115779645));
#8861=CARTESIAN_POINT('',(-0.00982652070818686,0.0557,0.0650771732407061));
#8862=CARTESIAN_POINT('',(-0.00982652070818686,0.0572568040344115,0.0650771732407061));
#8863=CARTESIAN_POINT('',(-0.010100007957432,0.0587,0.064561377865297));
#8864=CARTESIAN_POINT('',(-0.0115189428851643,0.0557,0.0659858924076448));
#8865=CARTESIAN_POINT('',(-0.0115189428851643,0.0572568040344115,0.0659858924076448));
#8866=CARTESIAN_POINT('',(-0.0117991810754079,0.0587,0.0654737208965449));
#8867=CARTESIAN_POINT('',(-0.0135283278905401,0.0557,0.0671064308201243));
#8868=CARTESIAN_POINT('',(-0.0135283278905401,0.0572568040344115,0.0671064308201243));
#8869=CARTESIAN_POINT('',(-0.0138167885016485,0.0586999999999999,0.0665988435648487));
#8870=CARTESIAN_POINT('',(-0.0155166486478322,0.0557,0.0682580203581152));
#8871=CARTESIAN_POINT('',(-0.0155166486478322,0.0572568040344115,0.0682580203581152));
#8872=CARTESIAN_POINT('',(-0.015813391871213,0.0587,0.0677552297066662));
#8873=CARTESIAN_POINT('',(-0.0181408890496582,0.0557,0.0698361581150408));
#8874=CARTESIAN_POINT('',(-0.0181408890496582,0.0572568040344115,0.0698361581150408));
#8875=CARTESIAN_POINT('',(-0.0184486485327251,0.0586999999999999,0.069339991695232));
#8876=CARTESIAN_POINT('',(-0.021373445772903,0.0557,0.0718908444923033));
#8877=CARTESIAN_POINT('',(-0.021373445772903,0.0572568040344115,0.0718908444923033));
#8878=CARTESIAN_POINT('',(-0.0216946835343629,0.0587,0.0714032512669717));
#8879=CARTESIAN_POINT('',(-0.0251971584255401,0.0557,0.0744952567831264));
#8880=CARTESIAN_POINT('',(-0.0251971584255401,0.0572568040344115,0.0744952567831264));
#8881=CARTESIAN_POINT('',(-0.0255329504857907,0.0586999999999999,0.0740176024930812));
#8882=CARTESIAN_POINT('',(-0.0289907090625804,0.0557,0.077233098124287));
#8883=CARTESIAN_POINT('',(-0.0289907090625804,0.0572568040344115,0.077233098124287));
#8884=CARTESIAN_POINT('',(-0.0293375736175509,0.0587,0.0767634761964137));
#8885=CARTESIAN_POINT('',(-0.0328187554919791,0.0557,0.0800994208174931));
#8886=CARTESIAN_POINT('',(-0.0328187554919791,0.0572568040344115,0.0800994208174931));
#8887=CARTESIAN_POINT('',(-0.0331705027487807,0.0586999999999999,0.0796334967931182));
#8888=CARTESIAN_POINT('',(-0.0361238969292486,0.0557,0.082577871358912));
#8889=CARTESIAN_POINT('',(-0.0361238969292486,0.0572568040344115,0.082577871358912));
#8890=CARTESIAN_POINT('',(-0.036471241709272,0.0586999999999999,0.0821085886881451));
#8891=CARTESIAN_POINT('',(-0.0389115286711727,0.0557,0.0845817864119888));
#8892=CARTESIAN_POINT('',(-0.0389115286711727,0.0572568040344115,0.0845817864119888));
#8893=CARTESIAN_POINT('',(-0.0392476631142159,0.0586999999999999,0.0841044048968887));
#8894=CARTESIAN_POINT('',(-0.0418236686931472,0.0557,0.086578687047306));
#8895=CARTESIAN_POINT('',(-0.0418236686931472,0.0572568040344115,0.086578687047306));
#8896=CARTESIAN_POINT('',(-0.0421426704283728,0.0587,0.0860895061013261));
#8897=CARTESIAN_POINT('',(-0.0457106251464023,0.0557,0.0889853289213732));
#8898=CARTESIAN_POINT('',(-0.0457106251464023,0.0572568040344115,0.0889853289213732));
#8899=CARTESIAN_POINT('',(-0.045996043037136,0.0587,0.0884750119518754));
#8900=CARTESIAN_POINT('',(-0.0499299981919241,0.0557,0.0910676377386192));
#8901=CARTESIAN_POINT('',(-0.0499299981919241,0.0572568040344115,0.0910676377386192));
#8902=CARTESIAN_POINT('',(-0.050169435428972,0.0587,0.0905344874145224));
#8903=CARTESIAN_POINT('',(-0.0534248766303187,0.0557,0.092457078392533));
#8904=CARTESIAN_POINT('',(-0.0534248766303187,0.0572568040344115,0.092457078392533));
#8905=CARTESIAN_POINT('',(-0.0536266407384814,0.0586999999999999,0.0919089844513725));
#8906=CARTESIAN_POINT('',(-0.0560848159545368,0.0557,0.0933613992915626));
#8907=CARTESIAN_POINT('',(-0.0560848159545368,0.0572568040344115,0.0933613992915626));
#8908=CARTESIAN_POINT('',(-0.0562592721097367,0.0586999999999999,0.0928040425427608));
#8909=CARTESIAN_POINT('',(-0.0583208734151686,0.0557,0.0940049460850259));
#8910=CARTESIAN_POINT('',(-0.0583208734151686,0.0572568040344115,0.0940049460850259));
#8911=CARTESIAN_POINT('',(-0.0584741167682807,0.0587,0.0934415085251094));
#8912=CARTESIAN_POINT('',(-0.0601169448011332,0.0557,0.0944596237033176));
#8913=CARTESIAN_POINT('',(-0.0601169448011332,0.0572568040344115,0.0944596237033176));
#8914=CARTESIAN_POINT('',(-0.0602543568547865,0.0586999999999999,0.0938921827774984));
#8915=CARTESIAN_POINT('',(-0.0619028095721757,0.0557,0.0948732103243004));
#8916=CARTESIAN_POINT('',(-0.0619028095721757,0.0572568040344115,0.0948732103243004));
#8917=CARTESIAN_POINT('',(-0.0620252864817023,0.0587,0.0943023149757638));
#8918=CARTESIAN_POINT('',(-0.0641195724840195,0.0557,0.0953199976588621));
#8919=CARTESIAN_POINT('',(-0.0641195724840195,0.0572568040344115,0.0953199976588621));
#8920=CARTESIAN_POINT('',(-0.0642250043286785,0.0586999999999999,0.0947456850600604));
#8921=CARTESIAN_POINT('',(-0.066755079772025,0.0557,0.0957600405687916));
#8922=CARTESIAN_POINT('',(-0.066755079772025,0.0572568040344115,0.0957600405687916));
#8923=CARTESIAN_POINT('',(-0.0668424670542446,0.0587,0.0951827320875197));
#8924=CARTESIAN_POINT('',(-0.0693688909573329,0.0557,0.0961180093133607));
#8925=CARTESIAN_POINT('',(-0.0693688909573329,0.0572568040344115,0.0961180093133607));
#8926=CARTESIAN_POINT('',(-0.0694403712847696,0.0586999999999999,0.0955385354891327));
#8927=CARTESIAN_POINT('',(-0.0715312409298496,0.0557,0.0963575512102264));
#8928=CARTESIAN_POINT('',(-0.0715312409298496,0.0572568040344115,0.0963575512102264));
#8929=CARTESIAN_POINT('',(-0.0715910214985896,0.0587,0.0957767895299664));
#8930=CARTESIAN_POINT('',(-0.0732530172000961,0.0557,0.0965186779050218));
#8931=CARTESIAN_POINT('',(-0.0732530172000961,0.0572568040344115,0.0965186779050218));
#8932=CARTESIAN_POINT('',(-0.0733042422583274,0.0586999999999999,0.0959371169114069));
#8933=CARTESIAN_POINT('',(-0.0743259177459943,0.0557,0.0966075070684757));
#8934=CARTESIAN_POINT('',(-0.0743259177459943,0.0572568040344115,0.0966075070684757));
#8935=CARTESIAN_POINT('',(-0.0743721132592651,0.0586999999999999,0.0960255303403218));
#8936=CARTESIAN_POINT('',(-0.0751826698983227,0.0557,0.0966719286244522));
#8937=CARTESIAN_POINT('',(-0.0751826698983227,0.0572568040344115,0.0966719286244522));
#8938=CARTESIAN_POINT('',(-0.0752250033762945,0.0586999999999999,0.0960896617361859));
#8939=CARTESIAN_POINT('',(-0.0757170622151604,0.0557,0.0967094899856939));
#8940=CARTESIAN_POINT('',(-0.0757170622151604,0.0572568040344115,0.0967094899856939));
#8941=CARTESIAN_POINT('',(-0.0757570796253373,0.0586999999999999,0.0961270602136282));
#8942=CARTESIAN_POINT('',(-0.076145052434682,0.0557,0.0967380299476877));
#8943=CARTESIAN_POINT('',(-0.076145052434682,0.0572568040344115,0.0967380299476877));
#8944=CARTESIAN_POINT('',(-0.0761831933940577,0.0586999999999999,0.0961554752602695));
#8945=CARTESIAN_POINT('',(-0.0764103823834819,0.0557,0.0967551212929785));
#8946=CARTESIAN_POINT('',(-0.0764103823834818,0.0572568040344115,0.0967551212929784));
#8947=CARTESIAN_POINT('',(-0.0764475129217935,0.0586999999999999,0.0961725012715117));
#8948=CARTESIAN_POINT('',(-0.0766271321318864,0.0557,0.0967686650940196));
#8949=CARTESIAN_POINT('',(-0.0766271321318865,0.0572568040344115,0.0967686650940197));
#8950=CARTESIAN_POINT('',(-0.0766631299514873,0.0586999999999999,0.0961859743861477));
#8951=CARTESIAN_POINT('',(-0.0768244903045396,0.0557,0.0967808959816811));
#8952=CARTESIAN_POINT('',(-0.076824490304539,0.0572568040344116,0.0967808959816802));
#8953=CARTESIAN_POINT('',(-0.0768607713038171,0.0587,0.096198222945409));
#8954=CARTESIAN_POINT('',(-0.0769768720385733,0.0557,0.0967903645529375));
#8955=CARTESIAN_POINT('',(-0.0769768720385762,0.0572568040344114,0.0967903645529412));
#8956=CARTESIAN_POINT('',(-0.0770130468454771,0.0586999999999998,0.096207684889822));
#8957=CARTESIAN_POINT('',(-0.0770774902824752,0.0557,0.0967966112881062));
#8958=CARTESIAN_POINT('',(-0.0770774902824752,0.0572568040344115,0.0967966112881062));
#8959=CARTESIAN_POINT('',(-0.0771136650893745,0.0586999999999999,0.0962139316249849));
#8960=CARTESIAN_POINT('',(-0.00633815083678753,0.0587,0.062637229814606));
#8961=CARTESIAN_POINT('',(-0.0092972466719324,0.0587,0.0641032050333534));
#8962=CARTESIAN_POINT('',(-0.0151266988214782,0.0587000000000001,0.0672237193008422));
#8963=CARTESIAN_POINT('',(-0.023478678054593,0.0586999999999998,0.0724930611957353));
#8964=CARTESIAN_POINT('',(-0.0314604005210365,0.0587,0.078305735883366));
#8965=CARTESIAN_POINT('',(-0.0393184465184064,0.0587000000000001,0.0843196723249478));
#8966=CARTESIAN_POINT('',(-0.0462274002337896,0.0586999999999999,0.0886971093641627));
#8967=CARTESIAN_POINT('',(-0.0521793405570492,0.0587,0.0914092446319868));
#8968=CARTESIAN_POINT('',(-0.0584638868128749,0.0586999999999999,0.0935947865188885));
#8969=CARTESIAN_POINT('',(-0.0665412701583516,0.0587000000000001,0.0953067466517201));
#8970=CARTESIAN_POINT('',(-0.0731106752349908,0.0587,0.0959595641187799));
#8971=CARTESIAN_POINT('',(-0.0764168811401913,0.0587,0.0961704708550828));
#8972=CARTESIAN_POINT('',(-0.076619338826317,0.0557000000022656,0.0967681676311432));
#8973=CARTESIAN_POINT('',(-0.0394484675656623,0.0557000000022656,0.094460468842978));
#8974=CARTESIAN_POINT('',(-0.0394161974157117,0.0557000000022656,0.079579879561634));
#8975=CARTESIAN_POINT('',(-0.00575436097388341,0.0557000000022656,0.0630000000690689));
#8976=CARTESIAN_POINT('',(-0.00890564311436772,0.0387,0.0555574010978568));
#8977=CARTESIAN_POINT('',(-0.00889038469774335,0.0387,0.0555883799916543));
#8978=CARTESIAN_POINT('',(-0.00887512628111897,0.0387,0.0556193588854519));
#8979=CARTESIAN_POINT('',(-0.0053402987099107,0.0387,0.062796056875602));
#8980=CARTESIAN_POINT('',(-0.0053402987099107,0.0467,0.062796056875602));
#8981=CARTESIAN_POINT('',(-0.00899656488483933,0.0387,0.0556021839228673));
#8982=CARTESIAN_POINT('',(-0.00898130646555789,0.0387,0.0556331628153552));
#8983=CARTESIAN_POINT('',(-0.00896604804627646,0.0387,0.0556641417078431));
#8984=CARTESIAN_POINT('',(-0.00543121985952266,0.0386999999999993,0.0628408393946058));
#8985=CARTESIAN_POINT('',(-0.00543121985952443,0.0467,0.0628408393946156));
#8986=CARTESIAN_POINT('',(-0.00913297395155117,0.0387,0.0556693780482247));
#8987=CARTESIAN_POINT('',(-0.00911771103575976,0.0387,0.0557003547245629));
#8988=CARTESIAN_POINT('',(-0.00910244811996835,0.0387,0.0557313314009011));
#8989=CARTESIAN_POINT('',(-0.00556657825321483,0.0387000000000002,0.0629075156853093));
#8990=CARTESIAN_POINT('',(-0.00556657825321443,0.0467,0.062907515685307));
#8991=CARTESIAN_POINT('',(-0.00931484108187564,0.0387,0.0557589369301385));
#8992=CARTESIAN_POINT('',(-0.00929959016830104,0.0387,0.0557899195218888));
#8993=CARTESIAN_POINT('',(-0.00928433925472643,0.0387,0.0558209021136392));
#8994=CARTESIAN_POINT('',(-0.00575124987089684,0.0387,0.0629984567867565));
#8995=CARTESIAN_POINT('',(-0.00575124987089692,0.0467,0.0629984567867569));
#8996=CARTESIAN_POINT('',(-0.00949683210392589,0.0387,0.0558486487439498));
#8997=CARTESIAN_POINT('',(-0.00948153317084406,0.0387,0.0558796076688076));
#8998=CARTESIAN_POINT('',(-0.00946623423776224,0.0387,0.0559105665936654));
#8999=CARTESIAN_POINT('',(-0.00592202045732919,0.0387,0.0630826384970818));
#9000=CARTESIAN_POINT('',(-0.00592202045732914,0.0467,0.0630826384970815));
#9001=CARTESIAN_POINT('',(-0.009724116008655,0.0387,0.0559611151231553));
#9002=CARTESIAN_POINT('',(-0.00970877469105042,0.0387,0.0559920530637271));
#9003=CARTESIAN_POINT('',(-0.00969343337344583,0.0387,0.0560229910042989));
#9004=CARTESIAN_POINT('',(-0.00613940062009204,0.0387,0.063190201601687));
#9005=CARTESIAN_POINT('',(-0.00613940062009205,0.0467,0.063190201601687));
#9006=CARTESIAN_POINT('',(-0.0100874690206244,0.0387,0.0561417236598653));
#9007=CARTESIAN_POINT('',(-0.010072049684832,0.0387,0.0561726228296816));
#9008=CARTESIAN_POINT('',(-0.0100566303490397,0.0387,0.0562035219994979));
#9009=CARTESIAN_POINT('',(-0.00648452358132549,0.0387,0.0633617508041615));
#9010=CARTESIAN_POINT('',(-0.00648452358132549,0.0467,0.0633617508041615));
#9011=CARTESIAN_POINT('',(-0.0105410297187554,0.0387,0.0563687492876465));
#9012=CARTESIAN_POINT('',(-0.0105255157549,0.0387,0.0563996010856151));
#9013=CARTESIAN_POINT('',(-0.0105100017910446,0.0387,0.0564304528835837));
#9014=CARTESIAN_POINT('',(-0.00691597309692847,0.0387,0.0635777073311028));
#9015=CARTESIAN_POINT('',(-0.00691597309692847,0.0467,0.0635777073311028));
#9016=CARTESIAN_POINT('',(-0.0112653942093924,0.0387,0.0567347044107164));
#9017=CARTESIAN_POINT('',(-0.0112497258911798,0.0387,0.0567654782338558));
#9018=CARTESIAN_POINT('',(-0.0112340575729672,0.0387,0.0567962520569952));
#9019=CARTESIAN_POINT('',(-0.00760427051341785,0.0387,0.0639254425347816));
#9020=CARTESIAN_POINT('',(-0.00760427051341785,0.0467,0.0639254425347815));
#9021=CARTESIAN_POINT('',(-0.0121683288822174,0.0387,0.0571972930566547));
#9022=CARTESIAN_POINT('',(-0.0121524663574138,0.0387,0.0572279673884653));
#9023=CARTESIAN_POINT('',(-0.0121366038326102,0.0387,0.0572586417202759));
#9024=CARTESIAN_POINT('',(-0.00846182607518181,0.0387,0.0643647836275088));
#9025=CARTESIAN_POINT('',(-0.00846182607518181,0.0467,0.0643647836275089));
#9026=CARTESIAN_POINT('',(-0.0136065495044469,0.0387,0.0579480607230079));
#9027=CARTESIAN_POINT('',(-0.0135903723143405,0.0387,0.0579785708102862));
#9028=CARTESIAN_POINT('',(-0.0135741951242342,0.0387,0.0580090808975645));
#9029=CARTESIAN_POINT('',(-0.00982652070818688,0.0387,0.0650771732407063));
#9030=CARTESIAN_POINT('',(-0.00982652070818686,0.0467,0.0650771732407061));
#9031=CARTESIAN_POINT('',(-0.0153922804241411,0.0387,0.058906867458857));
#9032=CARTESIAN_POINT('',(-0.0153757039055241,0.0387,0.0589371631890052));
#9033=CARTESIAN_POINT('',(-0.0153591273869071,0.0387,0.0589674589191535));
#9034=CARTESIAN_POINT('',(-0.0115189428851643,0.0387,0.0659858924076448));
#9035=CARTESIAN_POINT('',(-0.0115189428851643,0.0467,0.0659858924076448));
#9036=CARTESIAN_POINT('',(-0.0175153123645368,0.0387,0.0600907675785932));
#9037=CARTESIAN_POINT('',(-0.017498249477119,0.0387,0.0601207921429808));
#9038=CARTESIAN_POINT('',(-0.0174811865897011,0.0387,0.0601508167073684));
#9039=CARTESIAN_POINT('',(-0.0135283278905401,0.0387,0.0671064308201244));
#9040=CARTESIAN_POINT('',(-0.0135283278905401,0.0467,0.0671064308201243));
#9041=CARTESIAN_POINT('',(-0.0196181119978442,0.0387,0.0613086538109969));
#9042=CARTESIAN_POINT('',(-0.0196005591812115,0.0387,0.0613383946489139));
#9043=CARTESIAN_POINT('',(-0.0195830063645787,0.0387,0.061368135486831));
#9044=CARTESIAN_POINT('',(-0.0155166486478322,0.0387,0.0682580203581152));
#9045=CARTESIAN_POINT('',(-0.0155166486478322,0.0467,0.0682580203581152));
#9046=CARTESIAN_POINT('',(-0.0223946146311101,0.0387,0.0629783489857622));
#9047=CARTESIAN_POINT('',(-0.0223764101858266,0.0387,0.0630076979902214));
#9048=CARTESIAN_POINT('',(-0.0223582057405432,0.0387,0.0630370469946806));
#9049=CARTESIAN_POINT('',(-0.0181408890496582,0.0387,0.0698361581150408));
#9050=CARTESIAN_POINT('',(-0.0181408890496582,0.0467,0.0698361581150408));
#9051=CARTESIAN_POINT('',(-0.0258134626004373,0.0387,0.0651515305473133));
#9052=CARTESIAN_POINT('',(-0.0257944608943219,0.0387,0.0651803724341747));
#9053=CARTESIAN_POINT('',(-0.0257754591882065,0.0387,0.065209214321036));
#9054=CARTESIAN_POINT('',(-0.021373445772903,0.0387,0.0718908444923033));
#9055=CARTESIAN_POINT('',(-0.021373445772903,0.0467,0.0718908444923033));
#9056=CARTESIAN_POINT('',(-0.0298383388125829,0.0387,0.0678933147327688));
#9057=CARTESIAN_POINT('',(-0.0298184761973792,0.0387,0.0679215687163695));
#9058=CARTESIAN_POINT('',(-0.0297986135821755,0.0387,0.0679498226999702));
#9059=CARTESIAN_POINT('',(-0.0251971584255401,0.0387,0.0744952567831264));
#9060=CARTESIAN_POINT('',(-0.0251971584255401,0.0467,0.0744952567831264));
#9061=CARTESIAN_POINT('',(-0.0337849289386783,0.0387,0.0707421760955058));
#9062=CARTESIAN_POINT('',(-0.0337644113684354,0.0387,0.0707699549525688));
#9063=CARTESIAN_POINT('',(-0.0337438937981926,0.0387,0.0707977338096317));
#9064=CARTESIAN_POINT('',(-0.0289907090625805,0.0387,0.077233098124287));
#9065=CARTESIAN_POINT('',(-0.0289907090625804,0.0467,0.077233098124287));
#9066=CARTESIAN_POINT('',(-0.0376804620738597,0.0387,0.0736596096969837));
#9067=CARTESIAN_POINT('',(-0.0376596556843174,0.0387,0.0736871698173851));
#9068=CARTESIAN_POINT('',(-0.037638849294775,0.0387,0.0737147299377864));
#9069=CARTESIAN_POINT('',(-0.032818755491979,0.0387,0.0800994208174931));
#9070=CARTESIAN_POINT('',(-0.0328187554919791,0.0467,0.0800994208174931));
#9071=CARTESIAN_POINT('',(-0.0409247542794283,0.0387,0.0760916384029665));
#9072=CARTESIAN_POINT('',(-0.0409042083031373,0.0387,0.0761193971924514));
#9073=CARTESIAN_POINT('',(-0.0408836623268463,0.0387,0.0761471559819363));
#9074=CARTESIAN_POINT('',(-0.0361238969292486,0.0387,0.082577871358912));
#9075=CARTESIAN_POINT('',(-0.0361238969292486,0.0467,0.082577871358912));
#9076=CARTESIAN_POINT('',(-0.0435574413330062,0.0387,0.0779836145452517));
#9077=CARTESIAN_POINT('',(-0.0435375584653353,0.0387,0.0780118523937961));
#9078=CARTESIAN_POINT('',(-0.0435176755976645,0.0387,0.0780400902423406));
#9079=CARTESIAN_POINT('',(-0.0389115286711727,0.0387,0.0845817864119888));
#9080=CARTESIAN_POINT('',(-0.0389115286711727,0.0467,0.0845817864119888));
#9081=CARTESIAN_POINT('',(-0.0462327800814762,0.0387,0.0798174282775121));
#9082=CARTESIAN_POINT('',(-0.0462139106397409,0.0387,0.0798463640804841));
#9083=CARTESIAN_POINT('',(-0.0461950411980055,0.0387,0.0798752998834561));
#9084=CARTESIAN_POINT('',(-0.0418236686931473,0.0387,0.086578687047306));
#9085=CARTESIAN_POINT('',(-0.0418236686931472,0.0467,0.086578687047306));
#9086=CARTESIAN_POINT('',(-0.0496555543850384,0.0387,0.0819319366873805));
#9087=CARTESIAN_POINT('',(-0.0496386714791958,0.0387,0.0819621227185495));
#9088=CARTESIAN_POINT('',(-0.0496217885733532,0.0387,0.0819923087497186));
#9089=CARTESIAN_POINT('',(-0.0457106251464023,0.0387,0.0889853289213733));
#9090=CARTESIAN_POINT('',(-0.0457106251464023,0.0467,0.0889853289213732));
#9091=CARTESIAN_POINT('',(-0.053239401659311,0.0387,0.0836986522250948));
#9092=CARTESIAN_POINT('',(-0.0532252385796319,0.0387,0.0837301888841967));
#9093=CARTESIAN_POINT('',(-0.0532110754999529,0.0387,0.0837617255432987));
#9094=CARTESIAN_POINT('',(-0.0499299981919242,0.0387,0.0910676377386192));
#9095=CARTESIAN_POINT('',(-0.0499299981919241,0.0467,0.0910676377386192));
#9096=CARTESIAN_POINT('',(-0.0562135775332378,0.0387,0.0848815483217132));
#9097=CARTESIAN_POINT('',(-0.0562016428768931,0.0387,0.0849139689186762));
#9098=CARTESIAN_POINT('',(-0.0561897082205485,0.0387,0.0849463895156391));
#9099=CARTESIAN_POINT('',(-0.0534248766303187,0.0387,0.0924570783925331));
#9100=CARTESIAN_POINT('',(-0.0534248766303187,0.0467,0.092457078392533));
#9101=CARTESIAN_POINT('',(-0.0584960775111924,0.0387,0.0856578424856208));
#9102=CARTESIAN_POINT('',(-0.0584857581621343,0.0387,0.0856908109918576));
#9103=CARTESIAN_POINT('',(-0.0584754388130763,0.0387,0.0857237794980944));
#9104=CARTESIAN_POINT('',(-0.0560848159545368,0.0387,0.0933613992915627));
#9105=CARTESIAN_POINT('',(-0.0560848159545368,0.0467,0.0933613992915626));
#9106=CARTESIAN_POINT('',(-0.060438940305666,0.0387,0.086217342797277));
#9107=CARTESIAN_POINT('',(-0.0604298757263751,0.0387,0.0862506709928144));
#9108=CARTESIAN_POINT('',(-0.0604208111470842,0.0387,0.0862839991883518));
#9109=CARTESIAN_POINT('',(-0.0583208734151685,0.0387,0.0940049460850259));
#9110=CARTESIAN_POINT('',(-0.0583208734151686,0.0467,0.0940049460850259));
#9111=CARTESIAN_POINT('',(-0.0620161979516784,0.0387,0.0866166875309978));
#9112=CARTESIAN_POINT('',(-0.0620080698180232,0.0387,0.0866502525317663));
#9113=CARTESIAN_POINT('',(-0.061999941684368,0.0387,0.0866838175325348));
#9114=CARTESIAN_POINT('',(-0.0601169448011332,0.0387,0.0944596237033177));
#9115=CARTESIAN_POINT('',(-0.0601169448011332,0.0467,0.0944596237033176));
#9116=CARTESIAN_POINT('',(-0.0635956352748917,0.0387,0.086982528535386));
#9117=CARTESIAN_POINT('',(-0.0635883905779104,0.0387,0.0870162978705546));
#9118=CARTESIAN_POINT('',(-0.063581145880929,0.0387,0.0870500672057232));
#9119=CARTESIAN_POINT('',(-0.0619028095721757,0.0387,0.0948732103243003));
#9120=CARTESIAN_POINT('',(-0.0619028095721757,0.0467,0.0948732103243004));
#9121=CARTESIAN_POINT('',(-0.0655768082782067,0.0387,0.0873820840357681));
#9122=CARTESIAN_POINT('',(-0.065570571822946,0.0387,0.0874160555065292));
#9123=CARTESIAN_POINT('',(-0.0655643353676852,0.0387,0.0874500269772904));
#9124=CARTESIAN_POINT('',(-0.0641195724840195,0.0387,0.0953199976588621));
#9125=CARTESIAN_POINT('',(-0.0641195724840195,0.0467,0.0953199976588621));
#9126=CARTESIAN_POINT('',(-0.0679629110114293,0.0387,0.0877807190846788));
#9127=CARTESIAN_POINT('',(-0.067957741919703,0.0387,0.0878148677664814));
#9128=CARTESIAN_POINT('',(-0.0679525728279766,0.0387,0.087849016448284));
#9129=CARTESIAN_POINT('',(-0.066755079772025,0.0387,0.0957600405687916));
#9130=CARTESIAN_POINT('',(-0.066755079772025,0.0467,0.0957600405687916));
#9131=CARTESIAN_POINT('',(-0.0703568627798683,0.0387,0.0881087593453766));
#9132=CARTESIAN_POINT('',(-0.0703526346089061,0.0387,0.088143036110535));
#9133=CARTESIAN_POINT('',(-0.0703484064379438,0.0387,0.0881773128756934));
#9134=CARTESIAN_POINT('',(-0.0693688909573329,0.0387,0.0961180093133607));
#9135=CARTESIAN_POINT('',(-0.069368890957333,0.0467,0.0961180093133607));
#9136=CARTESIAN_POINT('',(-0.0723575034774369,0.0387,0.0883305010234024));
#9137=CARTESIAN_POINT('',(-0.0723539673651397,0.0387,0.0883648539672196));
#9138=CARTESIAN_POINT('',(-0.0723504312528426,0.0387,0.0883992069110368));
#9139=CARTESIAN_POINT('',(-0.0715312409298494,0.0387,0.0963575512102265));
#9140=CARTESIAN_POINT('',(-0.0715312409298495,0.0467,0.0963575512102264));
#9141=CARTESIAN_POINT('',(-0.0739610289839681,0.0387,0.0884805799362372));
#9142=CARTESIAN_POINT('',(-0.073957998943235,0.0387,0.0885149801606649));
#9143=CARTESIAN_POINT('',(-0.0739549689025018,0.0387,0.0885493803850925));
#9144=CARTESIAN_POINT('',(-0.0732530172000962,0.0387,0.0965186779050219));
#9145=CARTESIAN_POINT('',(-0.0732530172000962,0.0467,0.0965186779050219));
#9146=CARTESIAN_POINT('',(-0.0749644132184648,0.0387,0.0885636629870908));
#9147=CARTESIAN_POINT('',(-0.0749616806830274,0.0387,0.0885980878028538));
#9148=CARTESIAN_POINT('',(-0.07495894814759,0.0387,0.0886325126186169));
#9149=CARTESIAN_POINT('',(-0.0743259177459942,0.0387,0.0966075070684757));
#9150=CARTESIAN_POINT('',(-0.0743259177459942,0.0467,0.0966075070684756));
#9151=CARTESIAN_POINT('',(-0.0757677858999678,0.0387,0.0886240740687814));
#9152=CARTESIAN_POINT('',(-0.0757652818098396,0.0387,0.08865851604796));
#9153=CARTESIAN_POINT('',(-0.0757627777197115,0.0387,0.0886929580271386));
#9154=CARTESIAN_POINT('',(-0.0751826698983228,0.0387,0.0966719286244523));
#9155=CARTESIAN_POINT('',(-0.0751826698983227,0.0467,0.0966719286244522));
#9156=CARTESIAN_POINT('',(-0.0762701664759178,0.0387,0.0886593841168314));
#9157=CARTESIAN_POINT('',(-0.0762677993847507,0.0387,0.0886938357308364));
#9158=CARTESIAN_POINT('',(-0.0762654322935837,0.0387,0.0887282873448415));
#9159=CARTESIAN_POINT('',(-0.0757170622151603,0.0387,0.0967094899856937));
#9160=CARTESIAN_POINT('',(-0.0757170622151604,0.0467,0.0967094899856938));
#9161=CARTESIAN_POINT('',(-0.0766722211606647,0.0387,0.0886861975499611));
#9162=CARTESIAN_POINT('',(-0.0766699650644396,0.0387,0.0887206565529008));
#9163=CARTESIAN_POINT('',(-0.0766677089682144,0.0387,0.0887551155558405));
#9164=CARTESIAN_POINT('',(-0.076145052434682,0.0387,0.0967380299476879));
#9165=CARTESIAN_POINT('',(-0.0761450524346819,0.0467,0.0967380299476877));
#9166=CARTESIAN_POINT('',(-0.0769235854831745,0.0387,0.0887023858747822));
#9167=CARTESIAN_POINT('',(-0.0769213891549045,0.0387,0.088736848742331));
#9168=CARTESIAN_POINT('',(-0.0769191928266344,0.0387,0.0887713116098798));
#9169=CARTESIAN_POINT('',(-0.0764103823834817,0.0387,0.0967551212929781));
#9170=CARTESIAN_POINT('',(-0.076410382383482,0.0467,0.0967551212929785));
#9171=CARTESIAN_POINT('',(-0.0771246792572789,0.0387,0.0887149526772643));
#9172=CARTESIAN_POINT('',(-0.0771225499310573,0.0387,0.0887494197260224));
#9173=CARTESIAN_POINT('',(-0.0771204206048357,0.0387,0.0887838867747805));
#9174=CARTESIAN_POINT('',(-0.0766271321318868,0.0387,0.0967686650940204));
#9175=CARTESIAN_POINT('',(-0.0766271321318863,0.0467,0.0967686650940196));
#9176=CARTESIAN_POINT('',(-0.0773259514235081,0.0387,0.0887274278145655));
#9177=CARTESIAN_POINT('',(-0.0773238053467743,0.0387,0.0887618938180212));
#9178=CARTESIAN_POINT('',(-0.0773216592700406,0.0387,0.088796359821477));
#9179=CARTESIAN_POINT('',(-0.0768244903045375,0.0386999999999999,0.0967808959816767));
#9180=CARTESIAN_POINT('',(-0.0768244903045404,0.0467,0.0967808959816811));
#9181=CARTESIAN_POINT('',(-0.0774768654099467,0.0387,0.0887368047922068));
#9182=CARTESIAN_POINT('',(-0.077474725614655,0.0387,0.088771271187651));
#9183=CARTESIAN_POINT('',(-0.0774725858193634,0.0387,0.0888057375830952));
#9184=CARTESIAN_POINT('',(-0.076976872038583,0.0387000000000005,0.0967903645529566));
#9185=CARTESIAN_POINT('',(-0.0769768720385698,0.0467,0.0967903645529373));
#9186=CARTESIAN_POINT('',(-0.0775774836538522,0.0387,0.0887430515273757));
#9187=CARTESIAN_POINT('',(-0.0775753438585605,0.0387,0.0887775179228199));
#9188=CARTESIAN_POINT('',(-0.0775732040632688,0.0387,0.088811984318264));
#9189=CARTESIAN_POINT('',(-0.0770774902824751,0.0387,0.0967966112881063));
#9190=CARTESIAN_POINT('',(-0.0770774902824752,0.0467,0.0967966112881062));
#9191=CARTESIAN_POINT('',(-0.0057543609738834,0.0467,0.0630000000690689));
#9192=CARTESIAN_POINT('',(-0.0394161974157144,0.0467,0.0795798795616353));
#9193=CARTESIAN_POINT('',(-0.0394484675656623,0.0467,0.0944604688429803));
#9194=CARTESIAN_POINT('',(-0.0766193388263259,0.0467,0.0967681676311437));
#9195=CARTESIAN_POINT('',(-0.0057543608336541,0.0557000000022655,0.063));
#9196=CARTESIAN_POINT('',(-0.0057543608336541,0.0467,0.063));
#9197=CARTESIAN_POINT('',(-0.0394161975366167,0.0557000000022656,0.0795798795799023));
#9198=CARTESIAN_POINT('',(-0.0394161975366167,0.0467,0.0795798795799023));
#9199=CARTESIAN_POINT('',(-0.0394484675142785,0.0557000000022656,0.0944604689467475));
#9200=CARTESIAN_POINT('',(-0.0394484675142785,0.0467,0.0944604689467475));
#9201=CARTESIAN_POINT('',(-0.0766193392271397,0.0557000000022656,0.0967681676560277));
#9202=CARTESIAN_POINT('',(-0.0766193392271397,0.0467,0.0967681676560277));
#9203=CARTESIAN_POINT('',(-0.076619339227239,0.0467,0.0967681676560338));
#9204=CARTESIAN_POINT('',(-0.0272169293063264,0.0558155191410511,0.0374076662498196));
#9205=CARTESIAN_POINT('',(-0.0272169293063264,0.0587,0.0374076662498196));
#9206=CARTESIAN_POINT('',(-0.025527509394398,0.0558155191410511,0.0377968896247227));
#9207=CARTESIAN_POINT('',(-0.025527509394398,0.0587,0.0377968896247227));
#9208=CARTESIAN_POINT('',(-0.0236828163470276,0.0558155191410511,0.038));
#9209=CARTESIAN_POINT('',(-0.0236828163470276,0.0587,0.038));
#9210=CARTESIAN_POINT('',(-0.0218372240639029,0.0558155191410511,0.038));
#9211=CARTESIAN_POINT('',(-0.0218372240639029,0.0587,0.038));
#9212=CARTESIAN_POINT('',(-0.0277194764086789,0.0587,0.0372857705126881));
#9213=CARTESIAN_POINT('',(-0.0275532605556299,0.0587,0.037327960445271));
#9214=CARTESIAN_POINT('',(-0.0257119786978815,0.0587,0.0377765785873394));
#9215=CARTESIAN_POINT('',(-0.0234983470417529,0.0587,0.0380203110375146));
#9216=CARTESIAN_POINT('',(-0.0214680966150399,0.0587,0.0379979688962485));
#9217=CARTESIAN_POINT('',(-0.0212835212899476,0.0587,0.0379943331031966));
#9218=CARTESIAN_POINT('',(-0.0218372240639029,0.0587,0.038));
#9219=CARTESIAN_POINT('',(-0.0218372240639029,0.0637,0.038));
#9220=CARTESIAN_POINT('',(0.014353281747604,0.075200025,0.038));
#9221=CARTESIAN_POINT('',(0.014353281747604,0.0587,0.038));
#9222=CARTESIAN_POINT('',(-0.0352,0.0352,0.005));
#9223=CARTESIAN_POINT('',(-0.0352,0.0467,0.038));
#9224=CARTESIAN_POINT('',(-0.0352000000567521,0.0466999999997526,0.037999999533152));
#9225=CARTESIAN_POINT('',(-0.0352000000567521,0.0557,0.037999999533152));
#9226=CARTESIAN_POINT('',(-0.0320028305569568,0.0466999999997526,0.0643002155615567));
#9227=CARTESIAN_POINT('',(-0.0320028305569568,0.0557,0.0643002155615567));
#9228=CARTESIAN_POINT('',(-0.133284919804155,0.0466999999997526,0.0475422790421652));
#9229=CARTESIAN_POINT('',(-0.133284919804155,0.0557,0.0475422790421652));
#9230=CARTESIAN_POINT('',(-0.0766193392312414,0.0466999999997527,0.0967681676525568));
#9231=CARTESIAN_POINT('',(-0.0766193392312414,0.0557,0.0967681676525568));
#9232=CARTESIAN_POINT('',(-0.0500331321226001,0.0587,0.0629722023794871));
#9233=CARTESIAN_POINT('',(-0.0643505454063416,0.0587,0.0909653156995773));
#9234=CARTESIAN_POINT('',(-0.0643505454063416,0.0587,0.0919903156995773));
#9235=CARTESIAN_POINT('',(-0.0874460339546204,0.0587,0.0699694231152535));
#9236=CARTESIAN_POINT('',(-0.0874460339546204,0.0587,0.0709944231152535));
#9237=CARTESIAN_POINT('',(-0.0110392328351736,0.0587,0.0598366223275662));
#9238=CARTESIAN_POINT('',(-0.0110392328351736,0.0587,0.0608616223275662));
#9239=CARTESIAN_POINT('',(-0.0425330735743046,0.0587,0.0540855750441551));
#9240=CARTESIAN_POINT('',(-0.0425330735743046,0.0587,0.0551105750441551));
#9241=CARTESIAN_POINT('',(-0.0612457808011423,0.0587,0.090004619729823));
#9242=CARTESIAN_POINT('',(-0.0611599844294348,0.0587,0.0902818953159797));
#9243=CARTESIAN_POINT('',(-0.060868240682903,0.0587,0.090810730840911));
#9244=CARTESIAN_POINT('',(-0.0602600836053324,0.0587,0.0909981401766805));
#9245=CARTESIAN_POINT('',(-0.0599769485041177,0.0587,0.0909249212843505));
#9246=CARTESIAN_POINT('',(-0.0612457808011423,0.0587,0.090004619729823));
#9247=CARTESIAN_POINT('',(-0.0643505454063416,0.0587,0.0909653156995773));
#9248=CARTESIAN_POINT('',(-0.0675893152769141,0.0587,0.0912352596298133));
#9249=CARTESIAN_POINT('',(-0.0684156448096711,0.0587,0.0925624014649505));
#9250=CARTESIAN_POINT('',(-0.0681274248541891,0.0587,0.0925224291124566));
#9251=CARTESIAN_POINT('',(-0.0676379809038888,0.0587,0.092121901919904));
#9252=CARTESIAN_POINT('',(-0.0675652981139625,0.0587,0.0915234160024221));
#9253=CARTESIAN_POINT('',(-0.0675893152769142,0.0587,0.0912352596298133));
#9254=CARTESIAN_POINT('',(-0.0887282511198849,0.0587,0.0729557953527853));
#9255=CARTESIAN_POINT('',(-0.088906496043056,0.0587,0.0728792648060439));
#9256=CARTESIAN_POINT('',(-0.0892717522028181,0.0587,0.0727668190943117));
#9257=CARTESIAN_POINT('',(-0.0898733216558976,0.0587,0.0727929137369144));
#9258=CARTESIAN_POINT('',(-0.0903682116035741,0.0587,0.073158268934084));
#9259=CARTESIAN_POINT('',(-0.0904414861449268,0.0587,0.0735671469295615));
#9260=CARTESIAN_POINT('',(-0.0904136629076285,0.0587,0.0737613717526843));
#9261=CARTESIAN_POINT('',(-0.0887282511198849,0.0587,0.0729557953527853));
#9262=CARTESIAN_POINT('',(-0.0874460339546204,0.0587,0.0699694231152535));
#9263=CARTESIAN_POINT('',(-0.0851157228632501,0.0587,0.067703998162306));
#9264=CARTESIAN_POINT('',(-0.0851293411194693,0.0587,0.0659762700065413));
#9265=CARTESIAN_POINT('',(-0.0854249660179728,0.0587,0.0661412645936186));
#9266=CARTESIAN_POINT('',(-0.0857304690906426,0.0587,0.0668465093312383));
#9267=CARTESIAN_POINT('',(-0.0853502611915299,0.0587,0.0674627422041115));
#9268=CARTESIAN_POINT('',(-0.0851157228632503,0.0587,0.0677039981623061));
#9269=CARTESIAN_POINT('',(-0.0455565828854346,0.0587,0.0552775865564779));
#9270=CARTESIAN_POINT('',(-0.045663892643855,0.0587,0.0550053978650053));
#9271=CARTESIAN_POINT('',(-0.0459986025807412,0.0587,0.0544957563081806));
#9272=CARTESIAN_POINT('',(-0.0466269237209158,0.0587,0.0543603486026838));
#9273=CARTESIAN_POINT('',(-0.0469043395401983,0.0587,0.0544600822967984));
#9274=CARTESIAN_POINT('',(-0.0455565828854346,0.0587,0.0552775865564779));
#9275=CARTESIAN_POINT('',(-0.0425330735743046,0.0587,0.0540855750441551));
#9276=CARTESIAN_POINT('',(-0.0396610369010041,0.0587,0.0525644224064435));
#9277=CARTESIAN_POINT('',(-0.0394264436075407,0.0587,0.0510214881951819));
#9278=CARTESIAN_POINT('',(-0.039674385847341,0.0587,0.0511724081058594));
#9279=CARTESIAN_POINT('',(-0.039964228621634,0.0587,0.0517322806264497));
#9280=CARTESIAN_POINT('',(-0.0397960456869807,0.0587,0.0523095168993103));
#9281=CARTESIAN_POINT('',(-0.0396610369010041,0.0587,0.0525644224064434));
#9282=CARTESIAN_POINT('',(-0.0317354265447632,0.0587,0.0392039140296409));
#9283=CARTESIAN_POINT('',(-0.0308302646444574,0.0587,0.0391688683655637));
#9284=CARTESIAN_POINT('',(-0.029934051673752,0.0587,0.0393593099484288));
#9285=CARTESIAN_POINT('',(-0.0290480076335957,0.0587,0.0395537459786285));
#9286=CARTESIAN_POINT('',(-0.0290480076335957,0.0587,0.0395537459786285));
#9287=CARTESIAN_POINT('',(-0.0289922574620652,0.0587,0.0396039436585448));
#9288=CARTESIAN_POINT('',(-0.0238322891446437,0.0587,0.04425));
#9289=CARTESIAN_POINT('',(-0.0500331321226001,0.0587,0.04425));
#9290=CARTESIAN_POINT('',(-0.00914458860500766,0.0587,0.04425));
#9291=CARTESIAN_POINT('',(-0.00914458860500766,0.0587,0.063));
#9292=CARTESIAN_POINT('',(-0.00914458860500766,0.0587,0.0453248468795767));
#9293=CARTESIAN_POINT('',(-0.0500331321226001,0.0587,0.0453248468795767));
#9294=CARTESIAN_POINT('',(-0.00633816234655844,0.0587,0.0534248468795767));
#9295=CARTESIAN_POINT('',(-0.0105506056833501,0.0587,0.056623564048216));
#9296=CARTESIAN_POINT('',(-0.0102347938172077,0.0587,0.056671591266912));
#9297=CARTESIAN_POINT('',(-0.00955746028410055,0.0587,0.0566252209754163));
#9298=CARTESIAN_POINT('',(-0.00914458860500858,0.0587,0.0560418628759782));
#9299=CARTESIAN_POINT('',(-0.00914458860500766,0.0587,0.0557200339745911));
#9300=CARTESIAN_POINT('',(-0.0105506056833501,0.0587,0.056623564048216));
#9301=CARTESIAN_POINT('',(-0.0110392328351736,0.0587,0.0598366223275662));
#9302=CARTESIAN_POINT('',(-0.0136749208170613,0.0587,0.0617381082891585));
#9303=CARTESIAN_POINT('',(-0.0138151127536938,0.0587,0.0633870300778483));
#9304=CARTESIAN_POINT('',(-0.0135385782557567,0.0587,0.0632338222415746));
#9305=CARTESIAN_POINT('',(-0.0132265112399091,0.0587,0.062603453767338));
#9306=CARTESIAN_POINT('',(-0.0134910709572326,0.0587,0.0619929462820807));
#9307=CARTESIAN_POINT('',(-0.0136749208170612,0.0587,0.0617381082891584));
#9308=CARTESIAN_POINT('',(-0.0294759018984738,0.075200025,0.0391684682520004));
#9309=CARTESIAN_POINT('',(-0.0238322891446437,0.0570623618079529,0.04425));
#9310=CARTESIAN_POINT('',(-0.0238322891446437,0.0416436501026326,0.04425));
#9311=CARTESIAN_POINT('',(-0.0290480076335955,0.0583328131846917,0.0395537459786285));
#9312=CARTESIAN_POINT('',(-0.0290480076335955,0.0555936227577698,0.0395537459786285));
#9313=CARTESIAN_POINT('',(-0.028213353512445,0.0512,0.0403052719249025));
#9314=CARTESIAN_POINT('',(-0.0290480076335955,0.0468063772422302,0.0395537459786285));
#9315=CARTESIAN_POINT('',(-0.0290480076335955,0.0583328131846917,0.0395537459786285));
#9316=CARTESIAN_POINT('',(-0.0290480076336208,0.0433332965708867,0.039553745978623));
#9317=CARTESIAN_POINT('',(-0.0349548479112232,0.0452468338591342,0.0342352031036313));
#9318=CARTESIAN_POINT('',(-0.0177496191564565,0.0512,0.0369053985364928));
#9319=CARTESIAN_POINT('',(-0.0260436531632371,0.0512,0.0396002935465214));
#9320=CARTESIAN_POINT('',(-0.0326324741377218,0.055213037406946,0.0396002935465214));
#9321=CARTESIAN_POINT('',(-0.0324307524027203,0.055244059920266,0.0396002935465214));
#9322=CARTESIAN_POINT('',(-0.0326324741377218,0.055213037406946,0.0396002935465215));
#9323=CARTESIAN_POINT('',(-0.0326564016155456,0.0555464817397867,0.040299103225835));
#9324=CARTESIAN_POINT('',(-0.0327523738648238,0.0557000000000008,0.0410799629282079));
#9325=CARTESIAN_POINT('',(-0.0329377857571045,0.0557,0.0418403330147159));
#9326=CARTESIAN_POINT('',(-0.0329377857571043,0.0467,0.0418403330147153));
#9327=CARTESIAN_POINT('',(-0.0327310681990189,0.0466999999999992,0.0409925888620035));
#9328=CARTESIAN_POINT('',(-0.0326358817272383,0.0468894363452606,0.0401163407796207));
#9329=CARTESIAN_POINT('',(-0.0326265163825429,0.0473197903990969,0.039342882500303));
#9330=CARTESIAN_POINT('',(-0.0326265163825429,0.0473197903990969,0.039342882500303));
#9331=CARTESIAN_POINT('',(-0.0326265163825428,0.0473197903990969,0.0393428825003031));
#9332=CARTESIAN_POINT('',(-0.0320297884345534,0.0473109655007385,0.0391647920767993));
#9333=CARTESIAN_POINT('',(-0.0308208757750833,0.0470761492212776,0.0391883289479679));
#9334=CARTESIAN_POINT('',(-0.0296395753971923,0.0468741788533009,0.0394239306620811));
#9335=CARTESIAN_POINT('',(-0.0290480076335956,0.0468063772422302,0.0395537459786285));
#9336=CARTESIAN_POINT('',(-0.0290480076335956,0.0555936227577698,0.0395537459786285));
#9337=CARTESIAN_POINT('',(-0.0296075240190499,0.0555294946651171,0.0394309641078761));
#9338=CARTESIAN_POINT('',(-0.0307225171165912,0.0553432220438738,0.0392070622985152));
#9339=CARTESIAN_POINT('',(-0.031872426037423,0.0551165076938809,0.039163234712832));
#9340=CARTESIAN_POINT('',(-0.0324357943431694,0.055086735654404,0.0392926345170835));
#9341=CARTESIAN_POINT('',(-0.0324357943431684,0.0550867356543899,0.0392926345170833));
#9342=CARTESIAN_POINT('',(-0.032435794343168,0.0550867356544008,0.0392926345170772));
#9343=CARTESIAN_POINT('',(-0.0324339966461392,0.0551428294080327,0.0393931321817914));
#9344=CARTESIAN_POINT('',(-0.0324323160638681,0.0551952688159908,0.0394956863249804));
#9345=CARTESIAN_POINT('',(-0.0324307524027203,0.055244059920266,0.0396002935465214));
#9346=CARTESIAN_POINT('',(-0.0277781980285579,0.047356284926276,0.0398438471588336));
#9347=CARTESIAN_POINT('',(-0.0277781980285579,0.041200874675397,0.0398438471588336));
#9348=CARTESIAN_POINT('',(-0.0283610779903988,0.047356284926276,0.0397095581616231));
#9349=CARTESIAN_POINT('',(-0.0283610779903988,0.041200874675397,0.0397095581616231));
#9350=CARTESIAN_POINT('',(-0.0294549207064712,0.047356284926276,0.0394507461661758));
#9351=CARTESIAN_POINT('',(-0.0294549207064712,0.041200874675397,0.0394507461661758));
#9352=CARTESIAN_POINT('',(-0.0308869259504981,0.047356284926276,0.0392031904369526));
#9353=CARTESIAN_POINT('',(-0.0308869259504981,0.041200874675397,0.0392031904369526));
#9354=CARTESIAN_POINT('',(-0.0319531179404974,0.047356284926276,0.0391857208623487));
#9355=CARTESIAN_POINT('',(-0.0319531179404974,0.041200874675397,0.0391857208623487));
#9356=CARTESIAN_POINT('',(-0.0324229017827792,0.047356284926276,0.0392821147577737));
#9357=CARTESIAN_POINT('',(-0.0324229017827792,0.041200874675397,0.0392821147577737));
#9358=CARTESIAN_POINT('',(-0.0326265163825427,0.047356284926276,0.039342882500303));
#9359=CARTESIAN_POINT('',(-0.0326265163825427,0.041200874675397,0.039342882500303));
#9360=CARTESIAN_POINT('',(-0.0290480076336208,0.0433332965708867,0.039553745978623));
#9361=CARTESIAN_POINT('',(-0.0286238653623487,0.0432998094924484,0.0396468209678202));
#9362=CARTESIAN_POINT('',(-0.02820128179958,0.0432639919172988,0.0397463734094065));
#9363=CARTESIAN_POINT('',(-0.0277781980285581,0.0432289222264948,0.0398438471588336));
#9364=CARTESIAN_POINT('',(-0.027778198028558,0.0432289222264947,0.0398438471588336));
#9365=CARTESIAN_POINT('',(-0.0326265163825429,0.0466999999998298,0.039342882500303));
#9366=CARTESIAN_POINT('',(-0.027778198028558,0.0418940778470151,0.0398438471588336));
#9367=CARTESIAN_POINT('',(-0.0290480076335956,0.0587,0.0395537459786285));
#9368=CARTESIAN_POINT('',(-0.0290480076335956,0.0550650560683162,0.0395537459786285));
#9369=CARTESIAN_POINT('',(-0.0298300512945746,0.0587,0.0393821320881307));
#9370=CARTESIAN_POINT('',(-0.0298300512945746,0.0550650560683162,0.0393821320881307));
#9371=CARTESIAN_POINT('',(-0.0312568530810055,0.0587,0.0391318142109757));
#9372=CARTESIAN_POINT('',(-0.0312568530810055,0.0550650560683162,0.0391318142109757));
#9373=CARTESIAN_POINT('',(-0.0321171805070454,0.0587,0.0392181400097642));
#9374=CARTESIAN_POINT('',(-0.0321171805070454,0.0550650560683162,0.0392181400097642));
#9375=CARTESIAN_POINT('',(-0.0324476599093677,0.0587,0.0392953838691017));
#9376=CARTESIAN_POINT('',(-0.0324476599093677,0.0550650560683162,0.0392953838691017));
#9377=CARTESIAN_POINT('',(-0.0323622184225139,0.057382533834156,0.0392766388983953));
#9378=CARTESIAN_POINT('',(-0.032386743796403,0.0566172656834904,0.0392816742021956));
#9379=CARTESIAN_POINT('',(-0.0324112691043608,0.0558519995900911,0.0392870013263827));
#9380=CARTESIAN_POINT('',(-0.0324357943431684,0.0550867356543899,0.0392926345170833));
#9381=CARTESIAN_POINT('',(-0.0323610667781114,0.0574184687310568,0.0392746969705065));
#9382=CARTESIAN_POINT('',(-0.0323610667781114,0.0574184687310568,0.0396002935465214));
#9383=CARTESIAN_POINT('',(-0.0323861245302113,0.0566365887199279,0.0392746969705065));
#9384=CARTESIAN_POINT('',(-0.0323861245302113,0.0566365887199279,0.0396002935465214));
#9385=CARTESIAN_POINT('',(-0.0324111822823113,0.0558547087087991,0.0392746969705065));
#9386=CARTESIAN_POINT('',(-0.0324111822823113,0.0558547087087991,0.0396002935465214));
#9387=CARTESIAN_POINT('',(-0.0324362400344112,0.0550728286976702,0.0392746969705065));
#9388=CARTESIAN_POINT('',(-0.0324362400344112,0.0550728286976702,0.0396002935465214));
#9389=CARTESIAN_POINT('',(-0.0323615124693543,0.057404561774337,0.0396002935465214));
#9390=CARTESIAN_POINT('',(-0.0323845924471429,0.0566843944896467,0.0396002935465214));
#9391=CARTESIAN_POINT('',(-0.0324076724249316,0.0559642272049563,0.0396002935465214));
#9392=CARTESIAN_POINT('',(-0.0324307524027203,0.055244059920266,0.0396002935465214));
#9393=CARTESIAN_POINT('',(-0.0326265163807046,0.0466999999997526,0.039342882348486));
#9394=CARTESIAN_POINT('',(-0.0326265163807046,0.0473235091414929,0.039342882348486));
#9395=CARTESIAN_POINT('',(-0.032636963060631,0.0466999999997526,0.0402056460784481));
#9396=CARTESIAN_POINT('',(-0.032636963060631,0.0473235091414929,0.0402056460784481));
#9397=CARTESIAN_POINT('',(-0.0327432562765154,0.0466999999997526,0.0410473846820682));
#9398=CARTESIAN_POINT('',(-0.0327432562765154,0.0473235091414929,0.0410473846820682));
#9399=CARTESIAN_POINT('',(-0.0329413199439217,0.0466999999997526,0.0418547831888366));
#9400=CARTESIAN_POINT('',(-0.0329413199439217,0.0473235091414929,0.0418547831888366));
#9401=CARTESIAN_POINT('',(-0.0417363733873324,0.0428476210806557,0.0409036469886482));
#9402=CARTESIAN_POINT('',(-0.0277781980285581,0.0432289222264947,0.0398438471588335));
#9403=CARTESIAN_POINT('',(-0.0258360444208041,0.043067935842227,0.0402912975389627));
#9404=CARTESIAN_POINT('',(-0.0238368193549121,0.0429928476177395,0.0405));
#9405=CARTESIAN_POINT('',(-0.0218372240639029,0.0429928476177395,0.0405));
#9406=CARTESIAN_POINT('',(-0.0218372240639029,0.0429928476177395,0.0405));
#9407=CARTESIAN_POINT('',(0.014353281747604,0.0429928476177395,0.0405));
#9408=CARTESIAN_POINT('',(-0.0417363733873324,0.0416436501026326,0.04425));
#9409=CARTESIAN_POINT('',(-0.0417363733873324,0.0570623618079529,0.04425));
#9410=CARTESIAN_POINT('',(-0.0082543608336541,0.0570623618079529,0.04425));
#9411=CARTESIAN_POINT('',(-0.0082543608336541,0.0557,0.04425));
#9412=CARTESIAN_POINT('',(-0.0137543608336541,0.0557,0.04425));
#9413=CARTESIAN_POINT('',(-0.0277781980285581,0.0412,0.0398438471588335));
#9414=CARTESIAN_POINT('',(-0.0277781980285581,0.0432410957598537,0.0398438471588335));
#9415=CARTESIAN_POINT('',(-0.0258862198429904,0.0412,0.0402797376851794));
#9416=CARTESIAN_POINT('',(-0.0258862198429904,0.0432410957598537,0.0402797376851794));
#9417=CARTESIAN_POINT('',(-0.0238662356727498,0.0412,0.0405));
#9418=CARTESIAN_POINT('',(-0.0238662356727498,0.0432410957598537,0.0405));
#9419=CARTESIAN_POINT('',(-0.021837224063903,0.0412,0.0405));
#9420=CARTESIAN_POINT('',(-0.021837224063903,0.0432410957598537,0.0405));
#9421=CARTESIAN_POINT('',(-0.0271433761674741,0.0412,0.039980970622711));
#9422=CARTESIAN_POINT('',(-0.0254001380226511,0.0412,0.040332938990601));
#9423=CARTESIAN_POINT('',(-0.0236179844056873,0.0412,0.0405));
#9424=CARTESIAN_POINT('',(-0.021837224063903,0.0412,0.0405));
#9425=CARTESIAN_POINT('',(-0.0218372240639029,0.0412,0.0405));
#9426=CARTESIAN_POINT('',(-0.0218372240639029,0.075200025,0.0405));
#9427=CARTESIAN_POINT('',(-0.0337839447396617,0.075200025,0.0396002935465214));
#9428=CARTESIAN_POINT('',(-0.0326324741377219,0.0547195313908909,0.0396002935465217));
#9429=CARTESIAN_POINT('',(0.014353281747604,0.075200025,0.0405));
#9430=CARTESIAN_POINT('',(-0.0759603241143077,0.0412,0.0405));
#9431=CARTESIAN_POINT('',(-0.0082543608336541,0.0387,0.063));
#9432=CARTESIAN_POINT('',(-0.0082543608336541,0.0557,0.063));
#9433=CARTESIAN_POINT('',(-0.0082543608336541,0.0557,0.0473248468795767));
#9434=CARTESIAN_POINT('',(-0.0082543608336541,0.0387,0.0473248468795767));
#9435=CARTESIAN_POINT('',(-0.0759603241143077,0.0412,0.0587869564681942));
#9436=CARTESIAN_POINT('',(-0.0440391527083362,0.0412,0.0590799455939885));
#9437=CARTESIAN_POINT('',(-0.0376142985842232,0.0412,0.0728580897264133));
#9438=CARTESIAN_POINT('',(-0.0571905467842148,0.0412,0.0819866441800124));
#9439=CARTESIAN_POINT('',(-0.0643505454063416,0.0412,0.0909653156995773));
#9440=CARTESIAN_POINT('',(-0.0110392328351736,0.0412,0.0598366223275662));
#9441=CARTESIAN_POINT('',(-0.0759603241143077,0.0412,0.0499248468795767));
#9442=CARTESIAN_POINT('',(-0.00794488581434297,0.0412,0.0488248468795767));
#9443=CARTESIAN_POINT('',(-0.0425330735743046,0.0412,0.0540855750441551));
#9444=CARTESIAN_POINT('',(-0.0137543608336541,0.0557,0.063));
#9445=CARTESIAN_POINT('',(-0.0137543608336541,0.0557,0.0473248468795767));
#9446=CARTESIAN_POINT('',(-0.00834603392045812,0.0567,0.0473248468795767));
#9447=CARTESIAN_POINT('',(-0.00914458860500766,0.0587,0.0453248468795767));
#9448=CARTESIAN_POINT('',(-0.00914458860500766,0.0587,0.0458728887124691));
#9449=CARTESIAN_POINT('',(-0.0088210410396434,0.0582408931640063,0.0468975381121174));
#9450=CARTESIAN_POINT('',(-0.00844555821377794,0.0572382599140784,0.0473248468795767));
#9451=CARTESIAN_POINT('',(-0.00834603392045812,0.0567,0.0473248468795767));
#9452=CARTESIAN_POINT('',(-0.0326324741371077,0.0552101156313877,0.039600293528586));
#9453=CARTESIAN_POINT('',(-0.0326324741371077,0.0557,0.039600293528586));
#9454=CARTESIAN_POINT('',(-0.0326589176645798,0.0552101156313877,0.0403725852815138));
#9455=CARTESIAN_POINT('',(-0.0326589176645798,0.0557,0.0403725852815138));
#9456=CARTESIAN_POINT('',(-0.0327628646997125,0.0552101156313877,0.0411268814323896));
#9457=CARTESIAN_POINT('',(-0.0327628646997125,0.0557,0.0411268814323896));
#9458=CARTESIAN_POINT('',(-0.0329409645862344,0.0552101156313877,0.0418533341530331));
#9459=CARTESIAN_POINT('',(-0.0329409645862344,0.0557,0.0418533341530331));
#9460=CARTESIAN_POINT('',(-0.0571905467842148,0.038698,0.0819866441800124));
#9461=CARTESIAN_POINT('',(-0.0376142985842232,0.038698,0.0728580897264133));
#9462=CARTESIAN_POINT('',(-0.0376142985842232,0.0432,0.0728580897264133));
#9463=CARTESIAN_POINT('',(-0.0571905467842148,0.0432,0.0819866441800124));
#9464=CARTESIAN_POINT('',(-0.0767667949842065,0.0432,0.0911151986336115));
#9465=CARTESIAN_POINT('',(-0.0767667949842065,0.038698,0.0911151986336115));
#9466=CARTESIAN_POINT('',(-0.0805175320571552,0.038698,0.0830717170236612));
#9467=CARTESIAN_POINT('',(-0.0805175320571552,0.0432,0.0830717170236612));
#9468=CARTESIAN_POINT('',(-0.0842682691301039,0.0432,0.0750282354137109));
#9469=CARTESIAN_POINT('',(-0.0842682691301039,0.038698,0.0750282354137109));
#9470=CARTESIAN_POINT('',(-0.0463116093687859,0.0432,0.0655480846281609));
#9471=CARTESIAN_POINT('',(-0.0440391527083362,0.0432,0.0590799455939885));
#9472=CARTESIAN_POINT('',(-0.0451157727301206,0.0432,0.0567711265065127));
#9473=CARTESIAN_POINT('',(-0.0646920209301123,0.0432,0.0658996809601118));
#9474=CARTESIAN_POINT('',(-0.0440391527083362,0.038698,0.0590799455939885));
#9475=CARTESIAN_POINT('',(-0.0451157727301206,0.038698,0.0567711265065127));
#9476=CARTESIAN_POINT('',(-0.0451157727301206,0.0415961103693239,0.0567711265065127));
#9477=CARTESIAN_POINT('',(-0.0451157727301206,0.0415961103693239,0.0567711265065127));
#9478=CARTESIAN_POINT('',(-0.0449926678241914,0.0414436459002776,0.0570351258292265));
#9479=CARTESIAN_POINT('',(-0.0448639698522103,0.0413291542647769,0.0573111195207955));
#9480=CARTESIAN_POINT('',(-0.0447263855560804,0.041274994280039,0.0576061699959997));
#9481=CARTESIAN_POINT('',(-0.0646920209301123,0.038698,0.0658996809601118));
#9482=CARTESIAN_POINT('',(-0.0454842016957204,0.0414997974942697,0.0569429277546872));
#9483=CARTESIAN_POINT('',(-0.0453562128987089,0.0415038675341473,0.0568832455984827));
#9484=CARTESIAN_POINT('',(-0.0452314983794222,0.0415353824124049,0.056825090263027));
#9485=CARTESIAN_POINT('',(-0.0451157727301206,0.0415961103693239,0.0567711265065127));
#9486=CARTESIAN_POINT('',(0.0042456391663459,0.0466950328961607,0.0473248468795767));
#9487=CARTESIAN_POINT('',(0.0042456391663459,0.0567,0.0473248468795767));
#9488=CARTESIAN_POINT('',(-0.0137543608336541,0.0427,0.0473248468795767));
#9489=CARTESIAN_POINT('',(0.0042456391663459,0.0466950328961607,0.0514248468795767));
#9490=CARTESIAN_POINT('',(-0.00914458860500766,0.0567,0.0514248468795767));
#9491=CARTESIAN_POINT('',(0.0042456391663459,0.0427,0.0514248468795767));
#9492=CARTESIAN_POINT('',(-0.0500331321226001,0.0567,0.0453248468795767));
#9493=CARTESIAN_POINT('',(0.0042456391663459,0.0567,0.0534248468795767));
#9494=CARTESIAN_POINT('',(0.0042456391663459,0.0427,0.0499248468795767));
#9495=CARTESIAN_POINT('',(-0.0759603241143077,0.0427,0.0488248468795767));
#9496=CARTESIAN_POINT('',(-0.0643505454063416,0.038698,0.0909653156995773));
#9497=CARTESIAN_POINT('',(-0.0611018725727557,0.038698,0.0908724457888358));
#9498=CARTESIAN_POINT('',(-0.0611018727111037,0.0467,0.0908724409492988));
#9499=CARTESIAN_POINT('',(-0.0611018725727521,0.0557000000012744,0.0908724457888357));
#9500=CARTESIAN_POINT('',(-0.0633488910924048,0.0422,0.0878735219426505));
#9501=CARTESIAN_POINT('',(-0.0628090950657936,0.0422,0.0880484006898145));
#9502=CARTESIAN_POINT('',(-0.0620656773245091,0.0422855095588486,0.0885492363304937));
#9503=CARTESIAN_POINT('',(-0.0614975018245609,0.042886865848737,0.0893627342214579));
#9504=CARTESIAN_POINT('',(-0.0611896943912232,0.0437097663480046,0.0900791914173946));
#9505=CARTESIAN_POINT('',(-0.0611005366192807,0.0450051377536993,0.0907060148961119));
#9506=CARTESIAN_POINT('',(-0.0611018727111072,0.0461311696760494,0.0908724409492996));
#9507=CARTESIAN_POINT('',(-0.0611018727111072,0.0467,0.0908724409492996));
#9508=CARTESIAN_POINT('',(-0.0633488910924049,0.0422,0.0878735219426504));
#9509=CARTESIAN_POINT('',(-0.0643505454063416,0.0422,0.0909653156995773));
#9510=CARTESIAN_POINT('',(-0.0664285329103956,0.0422,0.0884664223579168));
#9511=CARTESIAN_POINT('',(-0.067398477113933,0.0467,0.0920934168944435));
#9512=CARTESIAN_POINT('',(-0.067398477113933,0.0461303958870795,0.0920934168944435));
#9513=CARTESIAN_POINT('',(-0.0674616481454645,0.0449992461047521,0.0919353738509655));
#9514=CARTESIAN_POINT('',(-0.0676467923318879,0.0434422335820012,0.0912094515546669));
#9515=CARTESIAN_POINT('',(-0.0675376941798689,0.0423126968075864,0.0898270393702356));
#9516=CARTESIAN_POINT('',(-0.0668638885568498,0.0422,0.088828448050678));
#9517=CARTESIAN_POINT('',(-0.0664285329103956,0.0422,0.0884664223579167));
#9518=CARTESIAN_POINT('',(-0.0673984783840693,0.0467,0.092093413462758));
#9519=CARTESIAN_POINT('',(-0.0673984783840674,0.038698,0.0920934134627573));
#9520=CARTESIAN_POINT('',(-0.0673984783840693,0.0557000000012744,0.092093413462758));
#9521=CARTESIAN_POINT('',(-0.0675893152769141,0.0587,0.0912352596298133));
#9522=CARTESIAN_POINT('',(-0.067539303100665,0.0578209847100635,0.0918353024959582));
#9523=CARTESIAN_POINT('',(-0.0673984771140149,0.0567632067983335,0.0920934168942225));
#9524=CARTESIAN_POINT('',(-0.0673984771139331,0.0557000000012744,0.0920934168944436));
#9525=CARTESIAN_POINT('',(-0.0611018727111073,0.0557000000012744,0.0908724409492997));
#9526=CARTESIAN_POINT('',(-0.0611018727111141,0.0567632547629707,0.0908724409490637));
#9527=CARTESIAN_POINT('',(-0.0610678396746573,0.0578208675771901,0.0905796875230826));
#9528=CARTESIAN_POINT('',(-0.0612457808011423,0.0587,0.090004619729823));
#9529=CARTESIAN_POINT('',(-0.0110392328351736,0.038698,0.0598366223275662));
#9530=CARTESIAN_POINT('',(-0.00967433071636457,0.038698,0.0568871236911755));
#9531=CARTESIAN_POINT('',(-0.00967433071636457,0.0467,0.0568871236911755));
#9532=CARTESIAN_POINT('',(-0.00967433071636457,0.0557,0.0568871236911755));
#9533=CARTESIAN_POINT('',(-0.0131155071869528,0.0422,0.057336305384428));
#9534=CARTESIAN_POINT('',(-0.0126965283353933,0.0422,0.0569883834756403));
#9535=CARTESIAN_POINT('',(-0.0116731616024588,0.0424465410807628,0.0565404025879195));
#9536=CARTESIAN_POINT('',(-0.0104839949985743,0.0436194724459784,0.0565923506777548));
#9537=CARTESIAN_POINT('',(-0.00982214745771556,0.0450906557988056,0.0568125978000435));
#9538=CARTESIAN_POINT('',(-0.00967433071636461,0.0461598291362944,0.0568871236911754));
#9539=CARTESIAN_POINT('',(-0.00967433071636461,0.0467,0.0568871236911754));
#9540=CARTESIAN_POINT('',(-0.0131155071869528,0.0422,0.057336305384428));
#9541=CARTESIAN_POINT('',(-0.0110392328351736,0.0422,0.0598366223275662));
#9542=CARTESIAN_POINT('',(-0.0142052335459078,0.0422,0.0591024973384596));
#9543=CARTESIAN_POINT('',(-0.0130471012169068,0.0467,0.0623921975195016));
#9544=CARTESIAN_POINT('',(-0.0130471012169068,0.046157578619878,0.0623921975195016));
#9545=CARTESIAN_POINT('',(-0.0131799385365053,0.0450817421234904,0.0622940516760138));
#9546=CARTESIAN_POINT('',(-0.0136774279793863,0.0436034295438302,0.0618080037116768));
#9547=CARTESIAN_POINT('',(-0.01427256847583,0.042426704038585,0.0607447271067964));
#9548=CARTESIAN_POINT('',(-0.0143283407529317,0.0422000001281407,0.0596334117068815));
#9549=CARTESIAN_POINT('',(-0.0142052335459078,0.0422,0.0591024973384596));
#9550=CARTESIAN_POINT('',(-0.0130471012798948,0.0467,0.0623921974700131));
#9551=CARTESIAN_POINT('',(-0.0130471012798948,0.038698,0.0623921974700131));
#9552=CARTESIAN_POINT('',(-0.0130471012798948,0.0557000000012744,0.0623921974700131));
#9553=CARTESIAN_POINT('',(-0.0136749208170613,0.0587,0.0617381082891585));
#9554=CARTESIAN_POINT('',(-0.0133206808926809,0.0578209998984535,0.0622291273817277));
#9555=CARTESIAN_POINT('',(-0.0130471012171041,0.0567661276190971,0.0623921975193467));
#9556=CARTESIAN_POINT('',(-0.0130471012169069,0.0557000000012744,0.0623921975195016));
#9557=CARTESIAN_POINT('',(-0.00967433071636457,0.0557,0.0568871236911755));
#9558=CARTESIAN_POINT('',(-0.00967433071636457,0.05676709951738,0.0568871236911755));
#9559=CARTESIAN_POINT('',(-0.00994981341338866,0.0578216149980064,0.0567149297783665));
#9560=CARTESIAN_POINT('',(-0.0105506056833501,0.0587,0.056623564048216));
#9561=CARTESIAN_POINT('',(-0.0425330735743046,0.038698,0.0540855750441551));
#9562=CARTESIAN_POINT('',(-0.0457656673921589,0.0557,0.0544214875458128));
#9563=CARTESIAN_POINT('',(-0.0457656673921589,0.056763401775116,0.0544214875458128));
#9564=CARTESIAN_POINT('',(-0.0457772842335438,0.0578206459676253,0.0547177827508194));
#9565=CARTESIAN_POINT('',(-0.0455565828854346,0.0587,0.0552775865564779));
#9566=CARTESIAN_POINT('',(-0.0457656708424377,0.0557,0.0544214543410142));
#9567=CARTESIAN_POINT('',(-0.0457656708424377,0.038698,0.0544214543410142));
#9568=CARTESIAN_POINT('',(-0.0457656673930845,0.0466999999997526,0.0544214875369058));
#9569=CARTESIAN_POINT('',(-0.0434141961076805,0.0422,0.0572138530179255));
#9570=CARTESIAN_POINT('',(-0.0439501816894624,0.0422,0.0570628853041762));
#9571=CARTESIAN_POINT('',(-0.044697897145508,0.0423137726521338,0.0566038916265421));
#9572=CARTESIAN_POINT('',(-0.0452871368929475,0.0429360861894145,0.0558495396619786));
#9573=CARTESIAN_POINT('',(-0.0456247256196466,0.0437564390514312,0.0551818626514806));
#9574=CARTESIAN_POINT('',(-0.0457548216483314,0.0450346353380971,0.0545826201568291));
#9575=CARTESIAN_POINT('',(-0.045765667393082,0.0461408917279972,0.0544214875369299));
#9576=CARTESIAN_POINT('',(-0.0457656673930845,0.0466999999997526,0.0544214875369058));
#9577=CARTESIAN_POINT('',(-0.0434141961076805,0.0422,0.0572138530179256));
#9578=CARTESIAN_POINT('',(-0.0425330735743046,0.0422,0.0540855750441551));
#9579=CARTESIAN_POINT('',(-0.0395966521347173,0.0422000000000724,0.0554783884304823));
#9580=CARTESIAN_POINT('',(-0.0401736634952802,0.0466999999997526,0.0518504723442777));
#9581=CARTESIAN_POINT('',(-0.0401736634952636,0.0461385963841982,0.0518504723442952));
#9582=CARTESIAN_POINT('',(-0.0400568687275537,0.0450232006191367,0.0519675138536269));
#9583=CARTESIAN_POINT('',(-0.039613484563823,0.0434858254858574,0.0525440618671186));
#9584=CARTESIAN_POINT('',(-0.0391672742611202,0.0423482298213923,0.0538089075300716));
#9585=CARTESIAN_POINT('',(-0.0393567881857427,0.0422000024817452,0.0549726913649117));
#9586=CARTESIAN_POINT('',(-0.0395966521347173,0.0422000000000724,0.0554783884304823));
#9587=CARTESIAN_POINT('',(-0.0401736634952802,0.0466999999997526,0.0518504723442777));
#9588=CARTESIAN_POINT('',(-0.0401736627651573,0.038698,0.0518504731150076));
#9589=CARTESIAN_POINT('',(-0.0401736627651572,0.0557,0.0518504731150075));
#9590=CARTESIAN_POINT('',(-0.0396610369010041,0.0587,0.0525644224064435));
#9591=CARTESIAN_POINT('',(-0.0399429139097827,0.0578210580387293,0.0520322199919703));
#9592=CARTESIAN_POINT('',(-0.0401736634913992,0.0567631928015967,0.0518504723483748));
#9593=CARTESIAN_POINT('',(-0.0401736634913992,0.0557,0.0518504723483748));
#9594=CARTESIAN_POINT('',(-0.0874460339546204,0.038698,0.0699694231152535));
#9595=CARTESIAN_POINT('',(-0.0896834539036943,0.0557,0.0723266358700734));
#9596=CARTESIAN_POINT('',(-0.0896834539036943,0.0567987927188048,0.0723266358700734));
#9597=CARTESIAN_POINT('',(-0.0893689103016969,0.057852170013961,0.0726807244190016));
#9598=CARTESIAN_POINT('',(-0.0887282511198849,0.0587,0.0729557953527853));
#9599=CARTESIAN_POINT('',(-0.0896834218278553,0.0557,0.0723266663154136));
#9600=CARTESIAN_POINT('',(-0.0896834218278553,0.038698,0.0723266663154136));
#9601=CARTESIAN_POINT('',(-0.0896834538334336,0.0466999999997526,0.0723266359367635));
#9602=CARTESIAN_POINT('',(-0.0860984320034278,0.0422000000000042,0.0729268660954548));
#9603=CARTESIAN_POINT('',(-0.0865959978706175,0.0422000009727831,0.0731535892268763));
#9604=CARTESIAN_POINT('',(-0.0876650386241609,0.0425635366361152,0.0733142285397607));
#9605=CARTESIAN_POINT('',(-0.0888319356262698,0.0436881334045012,0.0729666073373659));
#9606=CARTESIAN_POINT('',(-0.0895266475922513,0.045084302465921,0.0724889987847983));
#9607=CARTESIAN_POINT('',(-0.0896834538334097,0.0461566220618529,0.0723266359367862));
#9608=CARTESIAN_POINT('',(-0.0896834538334336,0.0466999999997526,0.0723266359367635));
#9609=CARTESIAN_POINT('',(-0.0860984320034278,0.0422000000000042,0.0729268660954548));
#9610=CARTESIAN_POINT('',(-0.0874460339546204,0.0422,0.0699694231152535));
#9611=CARTESIAN_POINT('',(-0.0842001589196633,0.0422,0.0701331156851598));
#9612=CARTESIAN_POINT('',(-0.0858732360516416,0.0466999999997526,0.06712534035338));
#9613=CARTESIAN_POINT('',(-0.0858732360516186,0.0461645098310062,0.0671253403533927));
#9614=CARTESIAN_POINT('',(-0.0857178421254299,0.0451016342606649,0.0672045515100372));
#9615=CARTESIAN_POINT('',(-0.0851418103524897,0.0436579963268475,0.0676183937530982));
#9616=CARTESIAN_POINT('',(-0.0844154848940082,0.042478987698384,0.0685394556647044));
#9617=CARTESIAN_POINT('',(-0.0841730473171072,0.0422000010802003,0.0695955172227193));
#9618=CARTESIAN_POINT('',(-0.0842001589196633,0.0422000000000076,0.0701331156851598));
#9619=CARTESIAN_POINT('',(-0.0858732360516416,0.0466999999997526,0.06712534035338));
#9620=CARTESIAN_POINT('',(-0.0858732359653845,0.038698,0.0671253404010808));
#9621=CARTESIAN_POINT('',(-0.0858732359653845,0.0557,0.0671253404010808));
#9622=CARTESIAN_POINT('',(-0.0851157228632501,0.0587,0.067703998162306));
#9623=CARTESIAN_POINT('',(-0.0855480723404184,0.0578255496483102,0.0672592653625359));
#9624=CARTESIAN_POINT('',(-0.0858732360505364,0.0567717585931461,0.067125340353991));
#9625=CARTESIAN_POINT('',(-0.0858732360505364,0.0557,0.067125340353991));
#9626=CARTESIAN_POINT('',(-0.0913707896386641,0.0557,0.0730988483286693));
#9627=CARTESIAN_POINT('',(-0.0914874844477243,0.0557,0.0706142855870118));
#9628=CARTESIAN_POINT('',(-0.0896834539036942,0.0557,0.0723266358700732));
#9629=CARTESIAN_POINT('',(-0.0913707896384174,0.0560578270429335,0.0730988483339212));
#9630=CARTESIAN_POINT('',(-0.0914874844388246,0.0562265491780139,0.0706142856009211));
#9631=CARTESIAN_POINT('',(-0.0896834539002743,0.0559927671286304,0.0723266358733193));
#9632=CARTESIAN_POINT('',(-0.0912994320294614,0.0567539170857721,0.0731652011931413));
#9633=CARTESIAN_POINT('',(-0.0913725912581013,0.0572060149022559,0.0707914361933159));
#9634=CARTESIAN_POINT('',(-0.0896387283754299,0.0565622947620347,0.072370308692402));
#9635=CARTESIAN_POINT('',(-0.0909888080489085,0.0577464210305923,0.0734161538125191));
#9636=CARTESIAN_POINT('',(-0.090934327083388,0.0583777917812244,0.0713919795158803));
#9637=CARTESIAN_POINT('',(-0.0894435493136134,0.0573743442617889,0.0725397857030589));
#9638=CARTESIAN_POINT('',(-0.0905011256743128,0.0586287955381241,0.0737311985992818));
#9639=CARTESIAN_POINT('',(-0.0903695640165039,0.0592185866003046,0.0720193342077881));
#9640=CARTESIAN_POINT('',(-0.0891363536570428,0.0580962880763354,0.0727557676983324));
#9641=CARTESIAN_POINT('',(-0.0900748624421576,0.059144327871621,0.0739292551339815));
#9642=CARTESIAN_POINT('',(-0.0899205874769143,0.0596564253901438,0.0723898114824451));
#9643=CARTESIAN_POINT('',(-0.0888669109232588,0.0585180847345298,0.072896868289434));
#9644=CARTESIAN_POINT('',(-0.0898388330793499,0.059383841244436,0.0740166013631957));
#9645=CARTESIAN_POINT('',(-0.089683702807921,0.0598507086594201,0.0725496191399091));
#9646=CARTESIAN_POINT('',(-0.0887175902600184,0.0587140495174383,0.072960350155856));
#9647=CARTESIAN_POINT('',(-0.0913707451646442,0.0557,0.0730989419495579));
#9648=CARTESIAN_POINT('',(-0.09138935392321,0.0557,0.0727031955887966));
#9649=CARTESIAN_POINT('',(-0.0908959793263071,0.0557,0.0719068139971247));
#9650=CARTESIAN_POINT('',(-0.089970776032675,0.0557,0.0720539227931742));
#9651=CARTESIAN_POINT('',(-0.0896834218278553,0.0557,0.0723266663154136));
#9652=CARTESIAN_POINT('',(-0.0903718488657737,0.0557,0.0730519719154629));
#9653=CARTESIAN_POINT('',(-0.08968345383431,0.0466999999997526,0.072326635937687));
#9654=CARTESIAN_POINT('',(-0.0899708028866941,0.0466999999997655,0.0720539214081202));
#9655=CARTESIAN_POINT('',(-0.0908959345251964,0.0466999999997913,0.0719068302963798));
#9656=CARTESIAN_POINT('',(-0.0913893186104806,0.046699999999817,0.0727031194951633));
#9657=CARTESIAN_POINT('',(-0.0913707497652056,0.0466999999998299,0.0730988440085915));
#9658=CARTESIAN_POINT('',(-0.0896834538334335,0.0466999999998609,0.0723266359367635));
#9659=CARTESIAN_POINT('',(-0.0914874777367477,0.0466999999997498,0.0706142920591565));
#9660=CARTESIAN_POINT('',(-0.0913707896658454,0.04669999999983,0.073098845880875));
#9661=CARTESIAN_POINT('',(-0.0896834538297298,0.046388797456455,0.0723266359402789));
#9662=CARTESIAN_POINT('',(-0.0914874777280866,0.0461402958478129,0.0706142920735838));
#9663=CARTESIAN_POINT('',(-0.091370789665547,0.0463196407498137,0.0730988458869778));
#9664=CARTESIAN_POINT('',(-0.0896328072341189,0.0457835667439744,0.0723762300182869));
#9665=CARTESIAN_POINT('',(-0.0913575180883992,0.0451059202961481,0.0708149366131213));
#9666=CARTESIAN_POINT('',(-0.0912899934357094,0.0455799138498835,0.0731740965467544));
#9667=CARTESIAN_POINT('',(-0.0894134053404968,0.0449284511132305,0.0725645755216979));
#9668=CARTESIAN_POINT('',(-0.0908749534638747,0.043899986698484,0.0714692841392785));
#9669=CARTESIAN_POINT('',(-0.0909408326338676,0.0445347733351649,0.0734529686453163));
#9670=CARTESIAN_POINT('',(-0.0890685995768593,0.0441745946307205,0.0727978658192013));
#9671=CARTESIAN_POINT('',(-0.090256174787181,0.0430475866030669,0.072129624341217));
#9672=CARTESIAN_POINT('',(-0.0903938039190657,0.0436133944419329,0.0737913708719558));
#9673=CARTESIAN_POINT('',(-0.0884686782084133,0.0433076034128927,0.073089463857044));
#9674=CARTESIAN_POINT('',(-0.0893546336891485,0.0422320684781375,0.0728223664630997));
#9675=CARTESIAN_POINT('',(-0.0894448780432454,0.0425537329176993,0.0741983792209794));
#9676=CARTESIAN_POINT('',(-0.0874663369988953,0.0424667330957146,0.0733099132462183));
#9677=CARTESIAN_POINT('',(-0.0879743469843379,0.041481068558048,0.0733650273551031));
#9678=CARTESIAN_POINT('',(-0.0878656438347953,0.0415260086966374,0.0744612849844564));
#9679=CARTESIAN_POINT('',(-0.0865315190900751,0.0422000000018548,0.073124209299489));
#9680=CARTESIAN_POINT('',(-0.0866498715443864,0.0412185316826475,0.073178138522824));
#9681=CARTESIAN_POINT('',(-0.0863813956962169,0.0412,0.0741341707780843));
#9682=CARTESIAN_POINT('',(-0.0860984276623067,0.0422,0.072926864117356));
#9683=CARTESIAN_POINT('',(-0.0860984276623067,0.0412,0.0729268641173559));
#9684=CARTESIAN_POINT('',(-0.085683779572364,0.0412,0.0738368459641567));
#9685=CARTESIAN_POINT('',(-0.085683779572364,0.0422,0.0738368459641566));
#9686=CARTESIAN_POINT('',(-0.0874460339546204,0.0422,0.0699694231152535));
#9687=CARTESIAN_POINT('',(-0.0832014280623853,0.0422,0.070183481097126));
#9688=CARTESIAN_POINT('',(-0.0842001589196634,0.0422000000000076,0.0701331156851598));
#9689=CARTESIAN_POINT('',(-0.084200158842372,0.0412000010036873,0.0701331141525413));
#9690=CARTESIAN_POINT('',(-0.0832014290647903,0.0412000000000092,0.0701834810465741));
#9691=CARTESIAN_POINT('',(-0.084176701491725,0.0422000009225394,0.0696679761875461));
#9692=CARTESIAN_POINT('',(-0.0841727761203509,0.0412601354454843,0.0695901355541116));
#9693=CARTESIAN_POINT('',(-0.0832278987007077,0.0412000011422998,0.0694774283059066));
#9694=CARTESIAN_POINT('',(-0.0843417363359154,0.0423901912023794,0.0687396877702795));
#9695=CARTESIAN_POINT('',(-0.0844253726640222,0.0415256403208693,0.0683750178509459));
#9696=CARTESIAN_POINT('',(-0.0835640007227507,0.041432455904999,0.0680325077869937));
#9697=CARTESIAN_POINT('',(-0.0850103496265579,0.0434138965034762,0.0677372482915633));
#9698=CARTESIAN_POINT('',(-0.0855801837663564,0.0426300410901761,0.0670509743442054));
#9699=CARTESIAN_POINT('',(-0.0846050825587474,0.0426836513753074,0.0664157385788412));
#9700=CARTESIAN_POINT('',(-0.0856694592112824,0.0448982867816768,0.0672282438036357));
#9701=CARTESIAN_POINT('',(-0.086907954173207,0.0442811794287419,0.066402401220747));
#9702=CARTESIAN_POINT('',(-0.0855891525902807,0.0444979058696978,0.0655635750084819));
#9703=CARTESIAN_POINT('',(-0.0858732360476026,0.0460910952148711,0.0671253403556128));
#9704=CARTESIAN_POINT('',(-0.0874200327190337,0.0458120631873509,0.0662699508432478));
#9705=CARTESIAN_POINT('',(-0.0858901329515733,0.0459557830391204,0.0653846950216531));
#9706=CARTESIAN_POINT('',(-0.0858732360516411,0.0466999999998609,0.0671253403533795));
#9707=CARTESIAN_POINT('',(-0.0874200327299029,0.0466999999997971,0.0662699508392212));
#9708=CARTESIAN_POINT('',(-0.0858901329539004,0.04669999999983,0.0653846950229731));
#9709=CARTESIAN_POINT('',(-0.0858901270516013,0.0466999999997526,0.0653846917353603));
#9710=CARTESIAN_POINT('',(-0.0861947831088571,0.0466999999997526,0.0655609741228815));
#9711=CARTESIAN_POINT('',(-0.0865904827395469,0.0466999999997526,0.0662618942067789));
#9712=CARTESIAN_POINT('',(-0.086181255584044,0.0466999999997526,0.0669550033590326));
#9713=CARTESIAN_POINT('',(-0.0858732359653846,0.0466999999997526,0.0671253404010808));
#9714=CARTESIAN_POINT('',(-0.0853892981225428,0.0466999999997526,0.0662502380274892));
#9715=CARTESIAN_POINT('',(-0.0858732360505367,0.0557,0.0671253403539911));
#9716=CARTESIAN_POINT('',(-0.086181254658592,0.0557,0.0669550038316763));
#9717=CARTESIAN_POINT('',(-0.0865904813143403,0.0557,0.0662618981697165));
#9718=CARTESIAN_POINT('',(-0.0861947867562114,0.0557,0.0655609789653265));
#9719=CARTESIAN_POINT('',(-0.0858901328664158,0.0557,0.0653846950999982));
#9720=CARTESIAN_POINT('',(-0.0858732360505368,0.0557,0.0671253403539912));
#9721=CARTESIAN_POINT('',(-0.0874200327932624,0.0557,0.0662699508033994));
#9722=CARTESIAN_POINT('',(-0.0858901329210414,0.0557,0.065384695005595));
#9723=CARTESIAN_POINT('',(-0.0858732360459914,0.0562635013993144,0.0671253403565049));
#9724=CARTESIAN_POINT('',(-0.0874200327804353,0.0565217272362182,0.0662699508073092));
#9725=CARTESIAN_POINT('',(-0.0858901329179805,0.0563887239336686,0.0653846950038239));
#9726=CARTESIAN_POINT('',(-0.0857016728056023,0.0573637028733251,0.0672118821620071));
#9727=CARTESIAN_POINT('',(-0.0869820242498606,0.0579599573836853,0.0663820144958686));
#9728=CARTESIAN_POINT('',(-0.0856367538378274,0.0577334147923815,0.0655351501700159));
#9729=CARTESIAN_POINT('',(-0.0853098419868465,0.0583092260906074,0.0675030189984882));
#9730=CARTESIAN_POINT('',(-0.0861214598625563,0.0590906271674569,0.0667831044413225));
#9731=CARTESIAN_POINT('',(-0.0850524210113313,0.0588890541175217,0.0660239653325393));
#9732=CARTESIAN_POINT('',(-0.0851085208432128,0.0587145328443139,0.0677114301006502));
#9733=CARTESIAN_POINT('',(-0.0857265321583668,0.0595461607868613,0.0670716541833519));
#9734=CARTESIAN_POINT('',(-0.0847472349204626,0.0593844290127096,0.066366192633796));
#9735=CARTESIAN_POINT('',(-0.0471002529203195,0.0557,0.0535843985742617));
#9736=CARTESIAN_POINT('',(-0.0458978182881663,0.0557,0.0531497570584114));
#9737=CARTESIAN_POINT('',(-0.0457656673921589,0.0557,0.0544214875458128));
#9738=CARTESIAN_POINT('',(-0.0471002529213342,0.0563799341913389,0.0535843985746285));
#9739=CARTESIAN_POINT('',(-0.045897818288788,0.0564191703758191,0.0531497570657319));
#9740=CARTESIAN_POINT('',(-0.0457656673917622,0.0562563093242166,0.0544214875496306));
#9741=CARTESIAN_POINT('',(-0.0470696103586955,0.0577155259032905,0.0538390523297184));
#9742=CARTESIAN_POINT('',(-0.0459411196790292,0.0577514361365874,0.0534464113708113));
#9743=CARTESIAN_POINT('',(-0.0457547393862312,0.0573490652115357,0.0545837972300731));
#9744=CARTESIAN_POINT('',(-0.0468970434627065,0.0588853100553026,0.0545381107954965));
#9745=CARTESIAN_POINT('',(-0.0459155760651732,0.0588962643765872,0.0542000509916212));
#9746=CARTESIAN_POINT('',(-0.0456571275315328,0.0583061610471874,0.0550248975889842));
#9747=CARTESIAN_POINT('',(-0.0467331404079103,0.059384576028839,0.0549579247758677));
#9748=CARTESIAN_POINT('',(-0.0458204823035658,0.0593682629855995,0.0546142855331007));
#9749=CARTESIAN_POINT('',(-0.0455528747079626,0.0587146515370831,0.0552869497205813));
#9750=CARTESIAN_POINT('',(-0.0471002383007385,0.0557,0.0535843482374047));
#9751=CARTESIAN_POINT('',(-0.0468158924584261,0.0557,0.053481572884374));
#9752=CARTESIAN_POINT('',(-0.0461514905345314,0.0557,0.0535541735318582));
#9753=CARTESIAN_POINT('',(-0.0457969179191039,0.0557,0.0541207236451571));
#9754=CARTESIAN_POINT('',(-0.0457656708424377,0.0557,0.0544214543410143));
#9755=CARTESIAN_POINT('',(-0.0467603161557094,0.0557,0.0545248018169709));
#9756=CARTESIAN_POINT('',(-0.0457656673938089,0.0466999999997526,0.0544214875369811));
#9757=CARTESIAN_POINT('',(-0.0457969055401234,0.0466999999997655,0.0541207451462986));
#9758=CARTESIAN_POINT('',(-0.046151483539759,0.0466999999997913,0.0535541650677104));
#9759=CARTESIAN_POINT('',(-0.0468159146038099,0.0466999999998171,0.0534815709604931));
#9760=CARTESIAN_POINT('',(-0.0471002673436957,0.0466999999998299,0.0535843587353404));
#9761=CARTESIAN_POINT('',(-0.0457656673930845,0.0466999999998609,0.0544214875369058));
#9762=CARTESIAN_POINT('',(-0.0458978182892168,0.0466999999998201,0.0531497570142168));
#9763=CARTESIAN_POINT('',(-0.0471002529440038,0.04669999999983,0.0535843985707376));
#9764=CARTESIAN_POINT('',(-0.045765667392624,0.0460594132805404,0.0544214875413373));
#9765=CARTESIAN_POINT('',(-0.045897818290122,0.0458718797889882,0.0531497570227794));
#9766=CARTESIAN_POINT('',(-0.0471002529453112,0.0459170600169948,0.0535843985712359));
#9767=CARTESIAN_POINT('',(-0.0457523913034659,0.0448019704453228,0.054638398260479));
#9768=CARTESIAN_POINT('',(-0.0459570799709246,0.0443683243831372,0.0535376976647228));
#9769=CARTESIAN_POINT('',(-0.0470610318162349,0.0443801840324786,0.0539245688130424));
#9770=CARTESIAN_POINT('',(-0.0455333389131735,0.0432275036502785,0.055493794849664));
#9771=CARTESIAN_POINT('',(-0.045858489627658,0.0425655960795264,0.0549117672255263));
#9772=CARTESIAN_POINT('',(-0.0466872702954919,0.0424558357369969,0.0552833048392367));
#9773=CARTESIAN_POINT('',(-0.0447696232425292,0.0423011317091131,0.0565892706584523));
#9774=CARTESIAN_POINT('',(-0.0449621174495366,0.0414799100221255,0.0564878018034086));
#9775=CARTESIAN_POINT('',(-0.0455656877286863,0.0413236056291082,0.0570695928924042));
#9776=CARTESIAN_POINT('',(-0.0438819054863911,0.0421999999852582,0.0570821162361854));
#9777=CARTESIAN_POINT('',(-0.0439143046728383,0.0412656824100997,0.0570729905741536));
#9778=CARTESIAN_POINT('',(-0.0443278996025309,0.0412,0.0579248508263288));
#9779=CARTESIAN_POINT('',(-0.0434141961076804,0.0422,0.0572138530179255));
#9780=CARTESIAN_POINT('',(-0.0434141961076804,0.0412,0.0572138530179255));
#9781=CARTESIAN_POINT('',(-0.0436853107333345,0.0412,0.058176400086778));
#9782=CARTESIAN_POINT('',(-0.0436853107333346,0.0422,0.058176400086778));
#9783=CARTESIAN_POINT('',(-0.0425330735743046,0.0422,0.0540855750441551));
#9784=CARTESIAN_POINT('',(-0.0386931405299185,0.0422000000001142,0.055906941369537));
#9785=CARTESIAN_POINT('',(-0.0395966521347173,0.042200000000073,0.0554783884304823));
#9786=CARTESIAN_POINT('',(-0.039593234311246,0.0421341566649123,0.0554800093370218));
#9787=CARTESIAN_POINT('',(-0.0395863986643033,0.0420024699945908,0.0554832511501006));
#9788=CARTESIAN_POINT('',(-0.039514198661165,0.0417493615362821,0.0555174963508567));
#9789=CARTESIAN_POINT('',(-0.0393460852175893,0.0414704728298703,0.0555972354435589));
#9790=CARTESIAN_POINT('',(-0.0390925301183115,0.0412870466553208,0.0557175018707129));
#9791=CARTESIAN_POINT('',(-0.0388631718847224,0.0412095284575073,0.0558262915558306));
#9792=CARTESIAN_POINT('',(-0.0387441318916079,0.041203205825178,0.0558827549857763));
#9793=CARTESIAN_POINT('',(-0.0386846118950506,0.0412000445090133,0.0559109867007492));
#9794=CARTESIAN_POINT('',(-0.0395477637048266,0.0422017970686026,0.0553657757852339));
#9795=CARTESIAN_POINT('',(-0.0395440224119245,0.0421366745774299,0.0553663825588317));
#9796=CARTESIAN_POINT('',(-0.0395365398261203,0.0420064295950846,0.0553675961060271));
#9797=CARTESIAN_POINT('',(-0.039463398108078,0.0417558787403549,0.0553951670312804));
#9798=CARTESIAN_POINT('',(-0.0392945973597934,0.0414789967455908,0.0554634170941897));
#9799=CARTESIAN_POINT('',(-0.0390405852313859,0.0412947247438185,0.0555696522436262));
#9800=CARTESIAN_POINT('',(-0.0388105845395545,0.0412146490169772,0.0556671437282352));
#9801=CARTESIAN_POINT('',(-0.0386909645696925,0.0412062715425387,0.055718339207135));
#9802=CARTESIAN_POINT('',(-0.0386311545847615,0.0412020828053194,0.0557439369465849));
#9803=CARTESIAN_POINT('',(-0.0394499868450452,0.0422053912056617,0.0551405504947372));
#9804=CARTESIAN_POINT('',(-0.0394455986132815,0.0421417104024652,0.0551391290024515));
#9805=CARTESIAN_POINT('',(-0.0394368221497542,0.0420143487960722,0.0551362860178801));
#9806=CARTESIAN_POINT('',(-0.039361797001904,0.0417689131485005,0.0551505083921278));
#9807=CARTESIAN_POINT('',(-0.0391916216442017,0.041496044577032,0.0551957803954513));
#9808=CARTESIAN_POINT('',(-0.0389366954575347,0.041310080920814,0.0552739529894528));
#9809=CARTESIAN_POINT('',(-0.0387054098492188,0.041224890135917,0.0553488480730443));
#9810=CARTESIAN_POINT('',(-0.0385846299258618,0.0412124029772601,0.0553895076498524));
#9811=CARTESIAN_POINT('',(-0.0385242399641832,0.0412061593979316,0.0554098374382564));
#9812=CARTESIAN_POINT('',(-0.0393222640768408,0.0422520896866304,0.0546761099985076));
#9813=CARTESIAN_POINT('',(-0.0393173051259981,0.0421912985923739,0.0546691354376355));
#9814=CARTESIAN_POINT('',(-0.0393073872243127,0.0420697164038608,0.0546551863158912));
#9815=CARTESIAN_POINT('',(-0.0392324271458449,0.0418347250593078,0.0546382405144571));
#9816=CARTESIAN_POINT('',(-0.0390653358994987,0.0415708394907194,0.0546341756015157));
#9817=CARTESIAN_POINT('',(-0.038815379591033,0.0413839497921469,0.0546552706427217));
#9818=CARTESIAN_POINT('',(-0.0385872194323756,0.0412913210481982,0.054684851429767));
#9819=CARTESIAN_POINT('',(-0.0384669978077277,0.0412722555661572,0.0547044145677371));
#9820=CARTESIAN_POINT('',(-0.0384068869954038,0.0412627228251367,0.0547141961367222));
#9821=CARTESIAN_POINT('',(-0.0392568013428508,0.0423926359386877,0.0540718182350065));
#9822=CARTESIAN_POINT('',(-0.0392530232075498,0.0423355546377176,0.0540558768709627));
#9823=CARTESIAN_POINT('',(-0.0392454669369477,0.0422213920357775,0.0540239941428752));
#9824=CARTESIAN_POINT('',(-0.0391781541661174,0.0420001755203628,0.0539618091564312));
#9825=CARTESIAN_POINT('',(-0.0390239342976086,0.0417496196429776,0.0538908574689421));
#9826=CARTESIAN_POINT('',(-0.0387883009607698,0.0415664147673421,0.0538383588340267));
#9827=CARTESIAN_POINT('',(-0.0385701218422753,0.0414700153520741,0.053810374835907));
#9828=CARTESIAN_POINT('',(-0.0384535253536799,0.0414460772105928,0.0538032181955975));
#9829=CARTESIAN_POINT('',(-0.0383952271093821,0.0414341081398522,0.0537996398754428));
#9830=CARTESIAN_POINT('',(-0.0393359154126345,0.0427430168981467,0.0533917588626147));
#9831=CARTESIAN_POINT('',(-0.0393380244178932,0.0426905999302318,0.0533638090627191));
#9832=CARTESIAN_POINT('',(-0.0393422424284106,0.0425857659944022,0.0533079094629279));
#9833=CARTESIAN_POINT('',(-0.0392992098751128,0.0423826193885079,0.0531886201659089));
#9834=CARTESIAN_POINT('',(-0.0391747047209272,0.0421525052967221,0.0530371896008392));
#9835=CARTESIAN_POINT('',(-0.0389643342469543,0.0419841791497646,0.0529005556551463));
#9836=CARTESIAN_POINT('',(-0.0387621600390135,0.0418955419656116,0.0528086864978677));
#9837=CARTESIAN_POINT('',(-0.038651326110401,0.0418734839669733,0.0527726059388384));
#9838=CARTESIAN_POINT('',(-0.0385959091460948,0.0418624549676541,0.0527545656593237));
#9839=CARTESIAN_POINT('',(-0.0395261034230118,0.0432888768263365,0.0528109057863661));
#9840=CARTESIAN_POINT('',(-0.0395382342940697,0.0432419647508937,0.0527719161210091));
#9841=CARTESIAN_POINT('',(-0.0395624960361856,0.043148140600008,0.052693936790295));
#9842=CARTESIAN_POINT('',(-0.0395566740805679,0.0429668906741753,0.0525212871530617));
#9843=CARTESIAN_POINT('',(-0.0394719184997309,0.0427636997844507,0.0522947817280191));
#9844=CARTESIAN_POINT('',(-0.039288057370355,0.0426207297218556,0.0520824532637063));
#9845=CARTESIAN_POINT('',(-0.0390990191698567,0.0425507831240987,0.0519360078725863));
#9846=CARTESIAN_POINT('',(-0.0389913769218303,0.0425370583865227,0.0518768883784367));
#9847=CARTESIAN_POINT('',(-0.0389375557978171,0.0425301960177347,0.0518473286313618));
#9848=CARTESIAN_POINT('',(-0.0397619174879741,0.0439978472199551,0.0523689424217984));
#9849=CARTESIAN_POINT('',(-0.0397862835207694,0.043958118825873,0.0523213675976836));
#9850=CARTESIAN_POINT('',(-0.0398350155863599,0.043878662037709,0.0522262179494541));
#9851=CARTESIAN_POINT('',(-0.0398728980790745,0.0437259954391046,0.0520091591974168));
#9852=CARTESIAN_POINT('',(-0.0398312113482489,0.0435579821264306,0.0517185572541912));
#9853=CARTESIAN_POINT('',(-0.0396693754662036,0.0434480572255407,0.0514438961611672));
#9854=CARTESIAN_POINT('',(-0.0394861680282168,0.0434022281592575,0.0512561692640241));
#9855=CARTESIAN_POINT('',(-0.0393769457580707,0.0433990377388439,0.0511819737132056));
#9856=CARTESIAN_POINT('',(-0.0393223346229977,0.0433974425286371,0.0511448759377963));
#9857=CARTESIAN_POINT('',(-0.0399818551359023,0.0448291313599541,0.0520647485362377));
#9858=CARTESIAN_POINT('',(-0.0400182964568369,0.044799367223403,0.0520112578145382));
#9859=CARTESIAN_POINT('',(-0.0400911790987061,0.0447398389503008,0.0519042763711391));
#9860=CARTESIAN_POINT('',(-0.0401716390124746,0.0446261719126148,0.0516535244944306));
#9861=CARTESIAN_POINT('',(-0.0401696728576167,0.0445037762090334,0.0513125985994372));
#9862=CARTESIAN_POINT('',(-0.0400226292690538,0.0444307765482106,0.0509910877423536));
#9863=CARTESIAN_POINT('',(-0.0398375971129434,0.0444074334335076,0.0507758674263383));
#9864=CARTESIAN_POINT('',(-0.0397225230907284,0.044411767570069,0.0506940430914519));
#9865=CARTESIAN_POINT('',(-0.0396649860796209,0.0444139346383498,0.0506531309240087));
#9866=CARTESIAN_POINT('',(-0.0401094771661359,0.0455878522132457,0.0519193108111254));
#9867=CARTESIAN_POINT('',(-0.0401534665818769,0.0455692908203292,0.0518629675046398));
#9868=CARTESIAN_POINT('',(-0.0402414454133588,0.0455321680344961,0.0517502808916688));
#9869=CARTESIAN_POINT('',(-0.0403484399408663,0.0454615452900286,0.051481782407556));
#9870=CARTESIAN_POINT('',(-0.0403703113482311,0.0453865009863941,0.0511136584932941));
#9871=CARTESIAN_POINT('',(-0.0402294690734057,0.0453443630211288,0.0507680132804133));
#9872=CARTESIAN_POINT('',(-0.0400398371199282,0.0453336958425492,0.0505404942115266));
#9873=CARTESIAN_POINT('',(-0.0399191421306794,0.0453387133995864,0.0504566371669908));
#9874=CARTESIAN_POINT('',(-0.0398587946360551,0.045341222178105,0.050414708644723));
#9875=CARTESIAN_POINT('',(-0.0401656285890275,0.046219857342647,0.051858889534046));
#9876=CARTESIAN_POINT('',(-0.0402130542889572,0.0462116840451306,0.0518013498469968));
#9877=CARTESIAN_POINT('',(-0.0403079056888166,0.0461953374500979,0.0516862704728983));
#9878=CARTESIAN_POINT('',(-0.0404269785205038,0.046164285949545,0.0514101063739942));
#9879=CARTESIAN_POINT('',(-0.0404595611158953,0.0461314685811327,0.0510301536127475));
#9880=CARTESIAN_POINT('',(-0.0403210646759637,0.046113510831922,0.0506742298173393));
#9881=CARTESIAN_POINT('',(-0.0401287933615009,0.0461094959300288,0.050441795721828));
#9882=CARTESIAN_POINT('',(-0.0400052347051348,0.0461121085009171,0.0503573933060361));
#9883=CARTESIAN_POINT('',(-0.0399434553769517,0.0461134147863612,0.0503151920981402));
#9884=CARTESIAN_POINT('',(-0.0401709851931961,0.0465399524474563,0.0518532780742005));
#9885=CARTESIAN_POINT('',(-0.0402187429455512,0.0465372280149492,0.0517956268531739));
#9886=CARTESIAN_POINT('',(-0.0403142584502615,0.0465317791499352,0.0516803244111207));
#9887=CARTESIAN_POINT('',(-0.040434498254121,0.0465214286497449,0.051403435959772));
#9888=CARTESIAN_POINT('',(-0.0404681104670352,0.0465104895269344,0.0510223618967186));
#9889=CARTESIAN_POINT('',(-0.0403298228567604,0.0465045036105274,0.0506654722896259));
#9890=CARTESIAN_POINT('',(-0.0401372761614615,0.0465031653098956,0.0504325895454583));
#9891=CARTESIAN_POINT('',(-0.0400134293957419,0.0465040361668588,0.0503481490364714));
#9892=CARTESIAN_POINT('',(-0.0399515060128821,0.0465044715953404,0.050305928781978));
#9893=CARTESIAN_POINT('',(-0.0401736634952804,0.0466999999998609,0.0518504723442778));
#9894=CARTESIAN_POINT('',(-0.0402215872738482,0.0466999999998585,0.0517927653562625));
#9895=CARTESIAN_POINT('',(-0.0403174348309839,0.0466999999998538,0.0516773513802318));
#9896=CARTESIAN_POINT('',(-0.0404382581209296,0.0466999999998448,0.0514001007526609));
#9897=CARTESIAN_POINT('',(-0.0404723851426051,0.0466999999998353,0.0510184660387042));
#9898=CARTESIAN_POINT('',(-0.0403342019471587,0.0466999999998301,0.0506610935257692));
#9899=CARTESIAN_POINT('',(-0.0401415175614419,0.0466999999998289,0.0504279864572735));
#9900=CARTESIAN_POINT('',(-0.0400175267410455,0.0466999999998297,0.0503435269016891));
#9901=CARTESIAN_POINT('',(-0.0399555313308473,0.0466999999998301,0.0503012971238969));
#9902=CARTESIAN_POINT('',(-0.0399647313499248,0.0466999999997526,0.0503067888974715));
#9903=CARTESIAN_POINT('',(-0.0402194872621966,0.0466999999997526,0.0504606736625155));
#9904=CARTESIAN_POINT('',(-0.0405783926290198,0.0466999999997526,0.0510097134451408));
#9905=CARTESIAN_POINT('',(-0.0403783470484212,0.0466999999997526,0.0516344049777573));
#9906=CARTESIAN_POINT('',(-0.0401736627651573,0.0466999999997526,0.0518504731150076));
#9907=CARTESIAN_POINT('',(-0.0394476902084966,0.0466999999997526,0.0511627494445007));
#9908=CARTESIAN_POINT('',(-0.0401736634913987,0.0557,0.0518504723483743));
#9909=CARTESIAN_POINT('',(-0.0403783455116751,0.0557,0.0516344061429678));
#9910=CARTESIAN_POINT('',(-0.040578390900286,0.0557,0.0510097226835281));
#9911=CARTESIAN_POINT('',(-0.0402194964518293,0.0557,0.0504606850191835));
#9912=CARTESIAN_POINT('',(-0.0399647456415218,0.0557,0.0503067975304429));
#9913=CARTESIAN_POINT('',(-0.0401736634913991,0.0557,0.0518504723483747));
#9914=CARTESIAN_POINT('',(-0.041027725737108,0.0557,0.0509489106090601));
#9915=CARTESIAN_POINT('',(-0.0399647463391106,0.0557,0.0503067963756295));
#9916=CARTESIAN_POINT('',(-0.0401736634887861,0.0562561215604643,0.0518504723511331));
#9917=CARTESIAN_POINT('',(-0.0410277257312655,0.0564132095919708,0.0509489106131742));
#9918=CARTESIAN_POINT('',(-0.0399647463382634,0.0563797041510221,0.0503067963751177));
#9919=CARTESIAN_POINT('',(-0.0400585637413934,0.0573489307991792,0.0519634702425928));
#9920=CARTESIAN_POINT('',(-0.0407809348016888,0.0577384925501011,0.0511056955924838));
#9921=CARTESIAN_POINT('',(-0.0397925260977351,0.0577153599571557,0.0504944936853973));
#9922=CARTESIAN_POINT('',(-0.0397876587203955,0.0583064194901491,0.0523235155701723));
#9923=CARTESIAN_POINT('',(-0.0402350995931454,0.0588825403426959,0.0516083060221234));
#9924=CARTESIAN_POINT('',(-0.0393718888676171,0.0588856239815311,0.051077472431997));
#9925=CARTESIAN_POINT('',(-0.0396563337586907,0.0587146423602902,0.0525733356341209));
#9926=CARTESIAN_POINT('',(-0.0399858064022119,0.0593548199877085,0.0519465783459005));
#9927=CARTESIAN_POINT('',(-0.0391570878100462,0.0593845630193443,0.0514737727168296));
#9928=CARTESIAN_POINT('',(-0.0130471012169068,0.0557000000012744,0.0623921975195016));
#9929=CARTESIAN_POINT('',(-0.011860281811817,0.0557000000017385,0.063324659677464));
#9930=CARTESIAN_POINT('',(-0.0131816687456618,0.0557000000015576,0.0640540173040053));
#9931=CARTESIAN_POINT('',(-0.013047101220517,0.0562586882385547,0.0623921975166651));
#9932=CARTESIAN_POINT('',(-0.0118602818211433,0.0564621764980545,0.0633246596731732));
#9933=CARTESIAN_POINT('',(-0.0131816687479685,0.0563828411788444,0.0640540173050576));
#9934=CARTESIAN_POINT('',(-0.013187991402548,0.0573531024860555,0.0622896737590859));
#9935=CARTESIAN_POINT('',(-0.0121937872460867,0.0578364120685083,0.063177870985246));
#9936=CARTESIAN_POINT('',(-0.0133874612030884,0.0577204585895737,0.06387945812402));
#9937=CARTESIAN_POINT('',(-0.0135156766617096,0.0583065012725843,0.061960322375779));
#9938=CARTESIAN_POINT('',(-0.0128907288147179,0.0589802558654238,0.0627064349860647));
#9939=CARTESIAN_POINT('',(-0.0138780323591758,0.0588857237687926,0.0633346866917028));
#9940=CARTESIAN_POINT('',(-0.01368083149162,0.0587146365160463,0.0617298884309601));
#9941=CARTESIAN_POINT('',(-0.0132110372433055,0.0594471975983473,0.0623853736017605));
#9942=CARTESIAN_POINT('',(-0.0141335124179732,0.0593845557351863,0.0629616797125143));
#9943=CARTESIAN_POINT('',(-0.0130471012798948,0.0557000000012744,0.0623921974700131));
#9944=CARTESIAN_POINT('',(-0.0127887530311252,0.0557000000014396,0.062595176943337));
#9945=CARTESIAN_POINT('',(-0.0124949484638519,0.05570000000177,0.0632732670696644));
#9946=CARTESIAN_POINT('',(-0.0128940280063596,0.0557000000021004,0.0638952500774107));
#9947=CARTESIAN_POINT('',(-0.0131816691348066,0.0557000000022656,0.0640540174086187));
#9948=CARTESIAN_POINT('',(-0.0136649069551936,0.0467,0.0631785282830737));
#9949=CARTESIAN_POINT('',(-0.0131816687922757,0.0467,0.0640540172195542));
#9950=CARTESIAN_POINT('',(-0.0128940277947225,0.0467,0.0638952498137703));
#9951=CARTESIAN_POINT('',(-0.0124949485370355,0.0467,0.0632732668805334));
#9952=CARTESIAN_POINT('',(-0.0127887530461693,0.0467,0.0625951769649864));
#9953=CARTESIAN_POINT('',(-0.0130471012169068,0.0467,0.0623921975195016));
#9954=CARTESIAN_POINT('',(-0.01420523350037,0.0422,0.0591024971420726));
#9955=CARTESIAN_POINT('',(-0.0142052335335993,0.0412000001309233,0.0591024972853778));
#9956=CARTESIAN_POINT('',(-0.0151793874568895,0.0412,0.0588766126424918));
#9957=CARTESIAN_POINT('',(-0.014311941177398,0.0422000000784797,0.0595626864709878));
#9958=CARTESIAN_POINT('',(-0.0143251567589817,0.0412659284178067,0.0596196802644751));
#9959=CARTESIAN_POINT('',(-0.0152698182147559,0.0412000001110706,0.0595684217562703));
#9960=CARTESIAN_POINT('',(-0.014312355231389,0.0423502870516356,0.0605239882642986));
#9961=CARTESIAN_POINT('',(-0.0143047515756424,0.0415138302614406,0.060824155653527));
#9962=CARTESIAN_POINT('',(-0.0151516176498411,0.0413836841680862,0.0610392064373326));
#9963=CARTESIAN_POINT('',(-0.0137963741407381,0.0433437409126851,0.0616619625933269));
#9964=CARTESIAN_POINT('',(-0.0134016858649126,0.0426356325184744,0.0623387632972323));
#9965=CARTESIAN_POINT('',(-0.0143004010516435,0.0425979055694116,0.0628432383063131));
#9966=CARTESIAN_POINT('',(-0.0132216063663835,0.0448710868961301,0.0622654635667568));
#9967=CARTESIAN_POINT('',(-0.0122657855256814,0.0443646706174258,0.0631459611670613));
#9968=CARTESIAN_POINT('',(-0.0134365210223936,0.0444646617675627,0.0638381936995066));
#9969=CARTESIAN_POINT('',(-0.0130471012205012,0.0460824779775148,0.0623921975166775));
#9970=CARTESIAN_POINT('',(-0.0118602818210239,0.0458575609792718,0.0633246596730644));
#9971=CARTESIAN_POINT('',(-0.0131816687477416,0.0459452508631952,0.0640540173051533));
#9972=CARTESIAN_POINT('',(-0.0130471012169068,0.0467,0.0623921975195016));
#9973=CARTESIAN_POINT('',(-0.0118602818118169,0.0467,0.063324659677464));
#9974=CARTESIAN_POINT('',(-0.0131816687456617,0.0467,0.0640540173040053));
#9975=CARTESIAN_POINT('',(-0.015179387610749,0.0422,0.0588766127264268));
#9976=CARTESIAN_POINT('',(-0.0110392328351736,0.0422,0.0598366223275662));
#9977=CARTESIAN_POINT('',(-0.0137543608336541,0.0422,0.0565669770942316));
#9978=CARTESIAN_POINT('',(-0.00967433071636457,0.0467,0.0568871236911755));
#9979=CARTESIAN_POINT('',(-0.0082543608336541,0.0467,0.0575442251651833));
#9980=CARTESIAN_POINT('',(-0.0082543608336541,0.0467,0.0559795856492091));
#9981=CARTESIAN_POINT('',(-0.0096743307209127,0.0460848172592307,0.0568871236890708));
#9982=CARTESIAN_POINT('',(-0.00825436084284707,0.0458491273235466,0.057544225158281));
#9983=CARTESIAN_POINT('',(-0.0082543608336541,0.0459481099835049,0.0559795856464729));
#9984=CARTESIAN_POINT('',(-0.00986783707163195,0.0448807938220637,0.0567883281133227));
#9985=CARTESIAN_POINT('',(-0.00861040436778535,0.0443536694311532,0.05725350112971));
#9986=CARTESIAN_POINT('',(-0.00856364022545335,0.0444765257819089,0.0558503914319201));
#9987=CARTESIAN_POINT('',(-0.0106630201782659,0.0433647249033598,0.0565534317389536));
#9988=CARTESIAN_POINT('',(-0.00985637044625725,0.0426430305629066,0.0566019794260627));
#9989=CARTESIAN_POINT('',(-0.00983457390401307,0.0426235526618078,0.0555432192504648));
#9990=CARTESIAN_POINT('',(-0.0118897255030571,0.0423636041617986,0.0566033382342159));
#9991=CARTESIAN_POINT('',(-0.0115997937695048,0.0415232399458903,0.0564703289958257));
#9992=CARTESIAN_POINT('',(-0.0117952054941683,0.0413999606342282,0.0556084815889448));
#9993=CARTESIAN_POINT('',(-0.0127528374533462,0.0421999999859547,0.0570351428185699));
#9994=CARTESIAN_POINT('',(-0.0127043030698565,0.0412651367246993,0.0569948396350074));
#9995=CARTESIAN_POINT('',(-0.0131747092056006,0.0412,0.0561731491259984));
#9996=CARTESIAN_POINT('',(-0.0131155071869528,0.0422,0.057336305384428));
#9997=CARTESIAN_POINT('',(-0.0131155071869528,0.0412,0.057336305384428));
#9998=CARTESIAN_POINT('',(-0.0137543608336541,0.0412,0.0565669770942316));
#9999=CARTESIAN_POINT('',(-0.0092543608336541,0.0467,0.0559795856492091));
#10000=CARTESIAN_POINT('',(-0.0092543608336541,0.038698,0.0559795856492091));
#10001=CARTESIAN_POINT('',(-0.0092543608336541,0.0557,0.0559795856492091));
#10002=CARTESIAN_POINT('',(-0.0082543608336541,0.0557,0.0559795856492091));
#10003=CARTESIAN_POINT('',(-0.0082543608336541,0.0557,0.0575442251651833));
#10004=CARTESIAN_POINT('',(-0.00967433071636457,0.0557,0.0568871236911755));
#10005=CARTESIAN_POINT('',(-0.0082543608336541,0.0563838661857582,0.0559795856467204));
#10006=CARTESIAN_POINT('',(-0.00825436084201357,0.0564738938397064,0.0575442251589054));
#10007=CARTESIAN_POINT('',(-0.00967433072050123,0.0562595268792572,0.0568871236892612));
#10008=CARTESIAN_POINT('',(-0.00850747819806085,0.0577225427046779,0.055874260904502));
#10009=CARTESIAN_POINT('',(-0.0085502630026665,0.0578598633954241,0.0573024154328374));
#10010=CARTESIAN_POINT('',(-0.00983269826431586,0.057354807666901,0.0568065812439787));
#10011=CARTESIAN_POINT('',(-0.0092213109513287,0.0588862148373467,0.0556877257151641));
#10012=CARTESIAN_POINT('',(-0.00930662814285179,0.0590018473534426,0.0568849667603349));
#10013=CARTESIAN_POINT('',(-0.0102793208946093,0.0583069030498633,0.0566639366735232));
#10014=CARTESIAN_POINT('',(-0.00967095682424136,0.0593845368360096,0.0556329542093239));
#10015=CARTESIAN_POINT('',(-0.00974515555835136,0.0594667679065195,0.0567434628032842));
#10016=CARTESIAN_POINT('',(-0.0105606501329352,0.0587146210476443,0.0566220525900868));
#10017=CARTESIAN_POINT('',(-0.067398477113933,0.0557000000012744,0.0920934168944436));
#10018=CARTESIAN_POINT('',(-0.0669671088795065,0.0557000000016347,0.0932588982584734));
#10019=CARTESIAN_POINT('',(-0.0681978974578564,0.0557000000015576,0.0934309006973415));
#10020=CARTESIAN_POINT('',(-0.0673984771153111,0.0562561345983283,0.0920934168907204));
#10021=CARTESIAN_POINT('',(-0.066967108883698,0.0564133616391267,0.0932588982522268));
#10022=CARTESIAN_POINT('',(-0.0681978974591781,0.056379720111608,0.0934309006973319));
#10023=CARTESIAN_POINT('',(-0.0674599421245596,0.0573489720415419,0.091944233206733));
#10024=CARTESIAN_POINT('',(-0.067131685406922,0.0577412209302262,0.0930200745622075));
#10025=CARTESIAN_POINT('',(-0.0682851674729529,0.057715410415816,0.0931909285747476));
#10026=CARTESIAN_POINT('',(-0.0675675705241543,0.0583063763194004,0.0915064967193552));
#10027=CARTESIAN_POINT('',(-0.0674366398075395,0.0588850610018981,0.0923440804830092));
#10028=CARTESIAN_POINT('',(-0.0684443346420461,0.0588855712138636,0.092489516946177));
#10029=CARTESIAN_POINT('',(-0.0675901366320173,0.0587146439067278,0.0912252170087762));
#10030=CARTESIAN_POINT('',(-0.06753330073163,0.0593570207139413,0.091933659320074));
#10031=CARTESIAN_POINT('',(-0.0684849197324871,0.0593845649216181,0.0920405769719696));
#10032=CARTESIAN_POINT('',(-0.0673984783840674,0.0557000000012744,0.0920934134627573));
#10033=CARTESIAN_POINT('',(-0.0672951311354321,0.0557000000014396,0.0923726405807906));
#10034=CARTESIAN_POINT('',(-0.0673568082544997,0.05570000000177,0.0930259722962735));
#10035=CARTESIAN_POINT('',(-0.0679030285144671,0.0557000000021004,0.0933896889786975));
#10036=CARTESIAN_POINT('',(-0.0681979019928491,0.0557000000022656,0.0934308966113952));
#10037=CARTESIAN_POINT('',(-0.0683363039156753,0.0467,0.0924405204668127));
#10038=CARTESIAN_POINT('',(-0.0681978981048044,0.0467,0.0934308960680455));
#10039=CARTESIAN_POINT('',(-0.0679030260402022,0.0467,0.0933896874526942));
#10040=CARTESIAN_POINT('',(-0.0673568092596275,0.0467,0.0930259715182679));
#10041=CARTESIAN_POINT('',(-0.0672951313258514,0.0467,0.0923726432050729));
#10042=CARTESIAN_POINT('',(-0.0673984771139413,0.0467,0.0920934168944466));
#10043=CARTESIAN_POINT('',(-0.0664285329103956,0.0422,0.0884664223579169));
#10044=CARTESIAN_POINT('',(-0.0664285329103955,0.0412,0.0884664223579169));
#10045=CARTESIAN_POINT('',(-0.0670679136808737,0.0412,0.0876975320989444));
#10046=CARTESIAN_POINT('',(-0.0668090922927581,0.0421999999836523,0.088782881499216));
#10047=CARTESIAN_POINT('',(-0.0668250543009166,0.041260936992421,0.0887961548924018));
#10048=CARTESIAN_POINT('',(-0.0675538049760499,0.0412,0.0881833251685686));
#10049=CARTESIAN_POINT('',(-0.0674264214153244,0.0422693941311941,0.089606021073652));
#10050=CARTESIAN_POINT('',(-0.0675442065284339,0.0414463490288924,0.0897423662915213));
#10051=CARTESIAN_POINT('',(-0.0683309462538441,0.0412848150639825,0.0894674767593643));
#10052=CARTESIAN_POINT('',(-0.0676717564261372,0.0431544464476996,0.0909769166588626));
#10053=CARTESIAN_POINT('',(-0.0677204440880838,0.0424933813844462,0.091609099133004));
#10054=CARTESIAN_POINT('',(-0.0686021941728133,0.0423665455092881,0.0916419230272402));
#10055=CARTESIAN_POINT('',(-0.0674858956005056,0.0447589949606875,0.0918867431485215));
#10056=CARTESIAN_POINT('',(-0.0671944100464165,0.0443307098303497,0.0929371837231551));
#10057=CARTESIAN_POINT('',(-0.0683218422517714,0.0443276603403876,0.0930983657786097));
#10058=CARTESIAN_POINT('',(-0.0673984771150141,0.0460462102792148,0.0920934168915226));
#10059=CARTESIAN_POINT('',(-0.0669671088826407,0.0458613747672467,0.0932588982535099));
#10060=CARTESIAN_POINT('',(-0.0681978974587568,0.0459009236193728,0.0934309006974673));
#10061=CARTESIAN_POINT('',(-0.067398477113933,0.0467,0.0920934168944435));
#10062=CARTESIAN_POINT('',(-0.0669671088795065,0.0467,0.0932588982584733));
#10063=CARTESIAN_POINT('',(-0.0681978974578564,0.0467,0.0934309006973414));
#10064=CARTESIAN_POINT('',(-0.0670679136808738,0.0422,0.0876975320989444));
#10065=CARTESIAN_POINT('',(-0.0643505454063416,0.0422,0.0909653156995773));
#10066=CARTESIAN_POINT('',(-0.0630406897650398,0.0422,0.0869222007866729));
#10067=CARTESIAN_POINT('',(-0.0611018727111074,0.0467,0.0908724409492997));
#10068=CARTESIAN_POINT('',(-0.0610660953127794,0.0467,0.0921239011869555));
#10069=CARTESIAN_POINT('',(-0.0598534894722528,0.0467,0.0918124211327218));
#10070=CARTESIAN_POINT('',(-0.0611018727112343,0.0460466014975137,0.090872440944864));
#10071=CARTESIAN_POINT('',(-0.061066095311347,0.0458602063611584,0.0921239011786853));
#10072=CARTESIAN_POINT('',(-0.0598534894710741,0.0459014018571065,0.091812421132419));
#10073=CARTESIAN_POINT('',(-0.0610985663232855,0.0447639510654984,0.090647521084279));
#10074=CARTESIAN_POINT('',(-0.060976010652799,0.0443323492753132,0.0917377082451894));
#10075=CARTESIAN_POINT('',(-0.0598635337348059,0.0443337180380336,0.0914568598641217));
#10076=CARTESIAN_POINT('',(-0.061262660469993,0.0431699875271985,0.0897460215593788));
#10077=CARTESIAN_POINT('',(-0.060980016879623,0.0425080128039354,0.0903238873702023));
#10078=CARTESIAN_POINT('',(-0.0601439666956382,0.0423855403799494,0.0900207729589698));
#10079=CARTESIAN_POINT('',(-0.0619936626089255,0.0422711779594889,0.0885659486268435));
#10080=CARTESIAN_POINT('',(-0.0618300435939242,0.0414493557982737,0.0886520427349993));
#10081=CARTESIAN_POINT('',(-0.0612011229439663,0.0412869952726435,0.0881056864305528));
#10082=CARTESIAN_POINT('',(-0.0628767186558997,0.0421999999848586,0.088026492546491));
#10083=CARTESIAN_POINT('',(-0.062856748185976,0.0412612394002312,0.0880329624034435));
#10084=CARTESIAN_POINT('',(-0.0624071880134692,0.0412,0.0871938439181348));
#10085=CARTESIAN_POINT('',(-0.0633488910924049,0.0422,0.0878735219426505));
#10086=CARTESIAN_POINT('',(-0.0633488910924049,0.0412,0.0878735219426505));
#10087=CARTESIAN_POINT('',(-0.0630406897650398,0.0412,0.086922200786673));
#10088=CARTESIAN_POINT('',(-0.0611018725727557,0.0467,0.0908724457888358));
#10089=CARTESIAN_POINT('',(-0.0610933301725367,0.0467,0.0911712666157731));
#10090=CARTESIAN_POINT('',(-0.0607894020907034,0.0467,0.0917564388546929));
#10091=CARTESIAN_POINT('',(-0.0601430243325862,0.0467,0.0918868022772494));
#10092=CARTESIAN_POINT('',(-0.0598534816678905,0.0467,0.0918124255030932));
#10093=CARTESIAN_POINT('',(-0.0601022809316524,0.0557000000022656,0.0908438704316845));
#10094=CARTESIAN_POINT('',(-0.0598534879360443,0.0557000000015576,0.0918124271132145));
#10095=CARTESIAN_POINT('',(-0.0601430308189279,0.0557000000015104,0.0918868019459562));
#10096=CARTESIAN_POINT('',(-0.0607894070887948,0.055700000001416,0.091756434750228));
#10097=CARTESIAN_POINT('',(-0.0610933317653803,0.0557000000013216,0.0911712615460128));
#10098=CARTESIAN_POINT('',(-0.061101872711092,0.0557000000012744,0.0908724409492992));
#10099=CARTESIAN_POINT('',(-0.0598534894722527,0.0557000000015576,0.0918124211327217));
#10100=CARTESIAN_POINT('',(-0.0610660953127792,0.0557000000016379,0.0921239011869554));
#10101=CARTESIAN_POINT('',(-0.0611018727111072,0.0557000000012744,0.0908724409492996));
#10102=CARTESIAN_POINT('',(-0.0598534894711686,0.0563797729120128,0.0918124211322444));
#10103=CARTESIAN_POINT('',(-0.0610660953114616,0.0564148388366845,0.0921239011797188));
#10104=CARTESIAN_POINT('',(-0.0611018727112178,0.0562561778557595,0.0908724409454303));
#10105=CARTESIAN_POINT('',(-0.0598622512316495,0.0577154434343783,0.0915567772707163));
#10106=CARTESIAN_POINT('',(-0.0610021646666176,0.0577445113099633,0.0918391755120625));
#10107=CARTESIAN_POINT('',(-0.0611006171927628,0.0573489992257945,0.0907107625853864));
#10108=CARTESIAN_POINT('',(-0.0599776358080233,0.0588854789139868,0.0908465457627807));
#10109=CARTESIAN_POINT('',(-0.0609715498018766,0.058888615897459,0.0910952961078746));
#10110=CARTESIAN_POINT('',(-0.0611645439786021,0.0583063009839353,0.0902642542996133));
#10111=CARTESIAN_POINT('',(-0.0601085006037121,0.0593845679972537,0.0904152281055603));
#10112=CARTESIAN_POINT('',(-0.0610353316855762,0.0593605433108701,0.0906773026460325));
#10113=CARTESIAN_POINT('',(-0.0612487735606216,0.0587146465921403,0.0899950005873076));
#10114=CARTESIAN_POINT('',(-0.0425330735743046,0.0607,0.0540855750441551));
#10115=CARTESIAN_POINT('',(-0.0425330735743046,0.0507,0.0540855750441551));
#10116=CARTESIAN_POINT('',(-0.0425330735743046,0.0507,0.0551105750441551));
#10117=CARTESIAN_POINT('',(-0.0425330735743046,0.0507,0.0540855750441551));
#10118=CARTESIAN_POINT('',(-0.0425330735743046,0.0500841178654968,0.0540855750441551));
#10119=CARTESIAN_POINT('',(-0.0110392328351736,0.0607,0.0598366223275662));
#10120=CARTESIAN_POINT('',(-0.0110392328351736,0.0507,0.0598366223275662));
#10121=CARTESIAN_POINT('',(-0.0110392328351736,0.0507,0.0608616223275662));
#10122=CARTESIAN_POINT('',(-0.0110392328351736,0.0507,0.0598366223275662));
#10123=CARTESIAN_POINT('',(-0.0110392328351736,0.0500841178654968,0.0598366223275662));
#10124=CARTESIAN_POINT('',(-0.0874460339546204,0.0607,0.0699694231152535));
#10125=CARTESIAN_POINT('',(-0.0874460339546204,0.0507,0.0699694231152535));
#10126=CARTESIAN_POINT('',(-0.0874460339546204,0.0507,0.0709944231152535));
#10127=CARTESIAN_POINT('',(-0.0874460339546204,0.0507,0.0699694231152535));
#10128=CARTESIAN_POINT('',(-0.0874460339546204,0.0500841178654968,0.0699694231152535));
#10129=CARTESIAN_POINT('',(-0.0643505454063416,0.0607,0.0909653156995773));
#10130=CARTESIAN_POINT('',(-0.0643505454063416,0.0507,0.0909653156995773));
#10131=CARTESIAN_POINT('',(-0.0643505454063416,0.0507,0.0919903156995773));
#10132=CARTESIAN_POINT('',(-0.0643505454063416,0.0507,0.0909653156995773));
#10133=CARTESIAN_POINT('',(-0.0643505454063416,0.0500841178654968,0.0909653156995773));
#10134=MECHANICAL_DESIGN_GEOMETRIC_PRESENTATION_REPRESENTATION('',(#2082),
#10135);
#10135=(
GEOMETRIC_REPRESENTATION_CONTEXT(3)
GLOBAL_UNCERTAINTY_ASSIGNED_CONTEXT((#10136))
GLOBAL_UNIT_ASSIGNED_CONTEXT((#10139,#10138,#10137))
REPRESENTATION_CONTEXT('Wrist_Roll_05m_Leader_02ba v1',
'TOP_LEVEL_ASSEMBLY_PART')
);
#10136=UNCERTAINTY_MEASURE_WITH_UNIT(LENGTH_MEASURE(2.01448336652821E-5),
#10139,'DISTANCE_ACCURACY_VALUE','Maximum Tolerance applied to model');
#10137=(
NAMED_UNIT(*)
SI_UNIT($,.STERADIAN.)
SOLID_ANGLE_UNIT()
);
#10138=(
NAMED_UNIT(*)
PLANE_ANGLE_UNIT()
SI_UNIT($,.RADIAN.)
);
#10139=(
LENGTH_UNIT()
NAMED_UNIT(*)
SI_UNIT($,.METRE.)
);
#10140=PRODUCT_DEFINITION_SHAPE('','',#10141);
#10141=PRODUCT_DEFINITION('','',#10143,#10142);
#10142=PRODUCT_DEFINITION_CONTEXT('',#10149,'design');
#10143=PRODUCT_DEFINITION_FORMATION_WITH_SPECIFIED_SOURCE('','',#10145,
 .NOT_KNOWN.);
#10144=PRODUCT_RELATED_PRODUCT_CATEGORY('','',(#10145));
#10145=PRODUCT('Wrist_Roll_05m_Leader_02ba v1',
'Wrist_Roll_05m_Leader_02ba v1','Wrist_Roll_05m_Leader_02ba v1',(#10147));
#10146=PRODUCT_CATEGORY('','');
#10147=PRODUCT_CONTEXT('',#10149,'mechanical');
#10148=APPLICATION_PROTOCOL_DEFINITION('international standard',
'ap242_managed_model_based_3d_engineering',2011,#10149);
#10149=APPLICATION_CONTEXT('managed model based 3d engineering');
ENDSEC;
END-ISO-10303-21;
