ISO-10303-21;
HEADER;
/* Generated by software containing ST-Developer
 * from STEP Tools, Inc. (www.steptools.com) 
 */
/* OPTION: using custom renumber hook */

FILE_DESCRIPTION(
/* description */ ('STEP AP242',
'CAx-IF Rec.Pracs.---Representation and Presentation of Product Manufa
cturing Information (PMI)---4.0---2014-10-13',
'CAx-IF Rec.Pracs.---3D Tessellated Geometry---0.4---2014-09-14','2;1'),

/* implementation_level */ '2;1');

FILE_NAME(
/* name */ '68415ac498072e6e0d9fcd2b',
/* time_stamp */ '2025-06-05T08:52:21Z',
/* author */ (''),
/* organization */ (''),
/* preprocessor_version */ 'ST-DEVELOPER v20',
/* originating_system */ 'ONSHAPE BY PTC INC, 1.198',
/* authorisation */ '  ');

FILE_SCHEMA (('AP242_MANAGED_MODEL_BASED_3D_ENGINEERING_MIM_LF { 1 0 10303 442 1 1 4 }'));
ENDSEC;

DATA;
#10=SHAPE_REPRESENTATION_RELATIONSHIP('','',#1896,#11);
#11=ADVANCED_BREP_SHAPE_REPRESENTATION('',(#1894),#9077);
#12=VERTEX_LOOP('',#1305);
#13=VERTEX_LOOP('',#1307);
#14=VERTEX_LOOP('',#1309);
#15=VERTEX_LOOP('',#1311);
#16=CONICAL_SURFACE('',#2018,0.00125,1.02974425867665);
#17=CONICAL_SURFACE('',#2021,0.00125,1.02974425867665);
#18=CONICAL_SURFACE('',#2024,0.00125,1.02974425867665);
#19=CONICAL_SURFACE('',#2027,0.00125,1.02974425867665);
#20=SPHERICAL_SURFACE('',#1984,0.002);
#21=SPHERICAL_SURFACE('',#1990,0.002);
#22=TOROIDAL_SURFACE('',#1930,0.007,0.001);
#23=TOROIDAL_SURFACE('',#1999,0.008,0.006);
#24=TOROIDAL_SURFACE('',#2047,0.00425,0.001);
#25=TOROIDAL_SURFACE('',#2050,0.00425,0.001);
#26=TOROIDAL_SURFACE('',#2053,0.00425,0.001);
#27=TOROIDAL_SURFACE('',#2056,0.00425,0.001);
#28=CYLINDRICAL_SURFACE('',#1921,0.008);
#29=CYLINDRICAL_SURFACE('',#1929,0.00117779248875566);
#30=CYLINDRICAL_SURFACE('',#1943,0.0055);
#31=CYLINDRICAL_SURFACE('',#1944,0.008);
#32=CYLINDRICAL_SURFACE('',#1948,0.00185);
#33=CYLINDRICAL_SURFACE('',#1957,0.002);
#34=CYLINDRICAL_SURFACE('',#1958,0.002);
#35=CYLINDRICAL_SURFACE('',#1959,0.00025);
#36=CYLINDRICAL_SURFACE('',#1960,0.00025);
#37=CYLINDRICAL_SURFACE('',#1961,0.00425);
#38=CYLINDRICAL_SURFACE('',#1962,0.00425);
#39=CYLINDRICAL_SURFACE('',#1963,0.001025);
#40=CYLINDRICAL_SURFACE('',#1964,0.001025);
#41=CYLINDRICAL_SURFACE('',#1979,0.002);
#42=CYLINDRICAL_SURFACE('',#1981,0.002);
#43=CYLINDRICAL_SURFACE('',#1986,0.002);
#44=CYLINDRICAL_SURFACE('',#1988,0.002);
#45=CYLINDRICAL_SURFACE('',#1992,0.002);
#46=CYLINDRICAL_SURFACE('',#1996,0.006);
#47=CYLINDRICAL_SURFACE('',#2001,0.006);
#48=CYLINDRICAL_SURFACE('',#2002,0.003);
#49=CYLINDRICAL_SURFACE('',#2006,0.003);
#50=CYLINDRICAL_SURFACE('',#2010,0.003);
#51=CYLINDRICAL_SURFACE('',#2014,0.003);
#52=CYLINDRICAL_SURFACE('',#2020,0.00125);
#53=CYLINDRICAL_SURFACE('',#2023,0.00125);
#54=CYLINDRICAL_SURFACE('',#2026,0.00125);
#55=CYLINDRICAL_SURFACE('',#2029,0.00125);
#56=CYLINDRICAL_SURFACE('',#2034,0.0005);
#57=CYLINDRICAL_SURFACE('',#2035,0.0005);
#58=CYLINDRICAL_SURFACE('',#2036,0.0005);
#59=CYLINDRICAL_SURFACE('',#2037,0.0005);
#60=CYLINDRICAL_SURFACE('',#2038,0.00325);
#61=CYLINDRICAL_SURFACE('',#2040,0.00325);
#62=CYLINDRICAL_SURFACE('',#2042,0.00325);
#63=CYLINDRICAL_SURFACE('',#2044,0.00325);
#64=CYLINDRICAL_SURFACE('',#2058,0.0025);
#65=CYLINDRICAL_SURFACE('',#2062,0.0025);
#66=CYLINDRICAL_SURFACE('',#2066,0.0025);
#67=CYLINDRICAL_SURFACE('',#2070,0.0025);
#68=CYLINDRICAL_SURFACE('',#2074,0.00135);
#69=CYLINDRICAL_SURFACE('',#2075,0.00135);
#70=CYLINDRICAL_SURFACE('',#2076,0.00135);
#71=CYLINDRICAL_SURFACE('',#2077,0.00135);
#72=(
BOUNDED_SURFACE()
B_SPLINE_SURFACE(3,2,((#6162,#6163,#6164,#6165,#6166),(#6167,#6168,#6169,
#6170,#6171),(#6172,#6173,#6174,#6175,#6176),(#6177,#6178,#6179,#6180,#6181),
(#6182,#6183,#6184,#6185,#6186),(#6187,#6188,#6189,#6190,#6191),(#6192,
#6193,#6194,#6195,#6196),(#6197,#6198,#6199,#6200,#6201),(#6202,#6203,#6204,
#6205,#6206),(#6207,#6208,#6209,#6210,#6211),(#6212,#6213,#6214,#6215,#6216),
(#6217,#6218,#6219,#6220,#6221),(#6222,#6223,#6224,#6225,#6226),(#6227,
#6228,#6229,#6230,#6231),(#6232,#6233,#6234,#6235,#6236),(#6237,#6238,#6239,
#6240,#6241),(#6242,#6243,#6244,#6245,#6246),(#6247,#6248,#6249,#6250,#6251),
(#6252,#6253,#6254,#6255,#6256),(#6257,#6258,#6259,#6260,#6261),(#6262,
#6263,#6264,#6265,#6266),(#6267,#6268,#6269,#6270,#6271),(#6272,#6273,#6274,
#6275,#6276),(#6277,#6278,#6279,#6280,#6281),(#6282,#6283,#6284,#6285,#6286),
(#6287,#6288,#6289,#6290,#6291),(#6292,#6293,#6294,#6295,#6296),(#6297,
#6298,#6299,#6300,#6301),(#6302,#6303,#6304,#6305,#6306),(#6307,#6308,#6309,
#6310,#6311),(#6312,#6313,#6314,#6315,#6316),(#6317,#6318,#6319,#6320,#6321),
(#6322,#6323,#6324,#6325,#6326),(#6327,#6328,#6329,#6330,#6331),(#6332,
#6333,#6334,#6335,#6336),(#6337,#6338,#6339,#6340,#6341),(#6342,#6343,#6344,
#6345,#6346),(#6347,#6348,#6349,#6350,#6351),(#6352,#6353,#6354,#6355,#6356),
(#6357,#6358,#6359,#6360,#6361),(#6362,#6363,#6364,#6365,#6366),(#6367,
#6368,#6369,#6370,#6371)),.UNSPECIFIED.,.F.,.F.,.F.)
B_SPLINE_SURFACE_WITH_KNOTS((4,1,1,1,1,1,1,1,1,1,1,1,1,1,1,1,1,1,1,1,1,
1,1,1,1,1,1,1,1,1,1,1,1,1,1,1,1,1,1,4),(3,2,3),(0.0278391327629221,0.0279111860922391,
0.0280632817668818,0.0283674731161672,0.0286716644654525,0.0292800471640232,
0.029888429862594,0.0311051952597354,0.0323219606568769,0.0347554914511597,
0.0371890222454426,0.0396225530397255,0.0420560838340084,0.0469231454225742,
0.05179020701114,0.0566572685997058,0.0615243301882716,0.0663913917768374,
0.0688249225711203,0.0712584533654032,0.0761255149539689,0.0809925765425347,
0.0834261073368176,0.0858596381311005,0.0882931689253834,0.0895099343225249,
0.0907266997196663,0.0931602305139492,0.0955937613082321,0.098027292102515,
0.100460822896798,0.101677588293939,0.102894353691081,0.103502736389652,
0.104111119088222,0.104415310437508,0.104719501786793,0.104871597461436,
0.105023693136078,0.105096970638343),(0.250205892148297,1.,1.00447394175539),
 .UNSPECIFIED.)
GEOMETRIC_REPRESENTATION_ITEM()
RATIONAL_B_SPLINE_SURFACE(((0.890104763363323,0.780390390303954,1.,1.,1.),
(0.890104763363323,0.780390390303954,1.,1.,1.),(0.890104763363323,0.780390390303954,
1.,1.,1.),(0.890104763363323,0.780390390303954,1.,1.,1.),(0.890104763363323,
0.780390390303954,1.,1.,1.),(0.890104763363323,0.780390390303954,1.,1.,
1.),(0.890104763363323,0.780390390303954,1.,1.,1.),(0.890104763363323,0.780390390303954,
1.,1.,1.),(0.890104763363323,0.780390390303954,1.,1.,1.),(0.890104763363323,
0.780390390303954,1.,1.,1.),(0.890104763363323,0.780390390303954,1.,1.,
1.),(0.890104763363323,0.780390390303954,1.,1.,1.),(0.890104763363323,0.780390390303954,
1.,1.,1.),(0.890104763363323,0.780390390303954,1.,1.,1.),(0.890104763363323,
0.780390390303954,1.,1.,1.),(0.890104763363323,0.780390390303954,1.,1.,
1.),(0.890104763363323,0.780390390303954,1.,1.,1.),(0.890104763363323,0.780390390303954,
1.,1.,1.),(0.890104763363323,0.780390390303954,1.,1.,1.),(0.890104763363323,
0.780390390303954,1.,1.,1.),(0.890104763363323,0.780390390303954,1.,1.,
1.),(0.890104763363323,0.780390390303954,1.,1.,1.),(0.890104763363323,0.780390390303954,
1.,1.,1.),(0.890104763363323,0.780390390303954,1.,1.,1.),(0.890104763363322,
0.780390390303953,1.,1.,1.),(0.890104763363323,0.780390390303954,1.,1.,
1.),(0.890104763363323,0.780390390303954,1.,1.,1.),(0.890104763363323,0.780390390303954,
1.,1.,1.),(0.890104763363323,0.780390390303954,1.,1.,1.),(0.890104763363323,
0.780390390303954,1.,1.,1.),(0.890104763363323,0.780390390303955,1.,1.,
1.),(0.890104763363323,0.780390390303954,1.,1.,1.),(0.890104763363323,0.780390390303955,
1.,1.,1.),(0.890104763363323,0.780390390303954,1.,1.,1.),(0.890104763363322,
0.780390390303953,1.,1.,1.),(0.890104763363323,0.780390390303954,1.,1.,
1.),(0.890104763363323,0.780390390303954,1.,1.,1.),(0.890104763363323,0.780390390303954,
1.,1.,1.),(0.890104763363323,0.780390390303954,1.,1.,1.),(0.890104763363323,
0.780390390303954,1.,1.,1.),(0.890104763363323,0.780390390303954,1.,1.,
1.),(0.890104763363323,0.780390390303954,1.,1.,1.)))
REPRESENTATION_ITEM('')
SURFACE()
);
#73=(
BOUNDED_SURFACE()
B_SPLINE_SURFACE(3,2,((#6472,#6473,#6474,#6475,#6476),(#6477,#6478,#6479,
#6480,#6481),(#6482,#6483,#6484,#6485,#6486),(#6487,#6488,#6489,#6490,#6491),
(#6492,#6493,#6494,#6495,#6496),(#6497,#6498,#6499,#6500,#6501),(#6502,
#6503,#6504,#6505,#6506),(#6507,#6508,#6509,#6510,#6511),(#6512,#6513,#6514,
#6515,#6516),(#6517,#6518,#6519,#6520,#6521),(#6522,#6523,#6524,#6525,#6526),
(#6527,#6528,#6529,#6530,#6531),(#6532,#6533,#6534,#6535,#6536),(#6537,
#6538,#6539,#6540,#6541),(#6542,#6543,#6544,#6545,#6546),(#6547,#6548,#6549,
#6550,#6551),(#6552,#6553,#6554,#6555,#6556),(#6557,#6558,#6559,#6560,#6561),
(#6562,#6563,#6564,#6565,#6566),(#6567,#6568,#6569,#6570,#6571),(#6572,
#6573,#6574,#6575,#6576),(#6577,#6578,#6579,#6580,#6581),(#6582,#6583,#6584,
#6585,#6586),(#6587,#6588,#6589,#6590,#6591),(#6592,#6593,#6594,#6595,#6596),
(#6597,#6598,#6599,#6600,#6601),(#6602,#6603,#6604,#6605,#6606),(#6607,
#6608,#6609,#6610,#6611),(#6612,#6613,#6614,#6615,#6616),(#6617,#6618,#6619,
#6620,#6621),(#6622,#6623,#6624,#6625,#6626),(#6627,#6628,#6629,#6630,#6631),
(#6632,#6633,#6634,#6635,#6636),(#6637,#6638,#6639,#6640,#6641),(#6642,
#6643,#6644,#6645,#6646),(#6647,#6648,#6649,#6650,#6651),(#6652,#6653,#6654,
#6655,#6656),(#6657,#6658,#6659,#6660,#6661),(#6662,#6663,#6664,#6665,#6666),
(#6667,#6668,#6669,#6670,#6671),(#6672,#6673,#6674,#6675,#6676),(#6677,
#6678,#6679,#6680,#6681),(#6682,#6683,#6684,#6685,#6686),(#6687,#6688,#6689,
#6690,#6691),(#6692,#6693,#6694,#6695,#6696),(#6697,#6698,#6699,#6700,#6701),
(#6702,#6703,#6704,#6705,#6706),(#6707,#6708,#6709,#6710,#6711),(#6712,
#6713,#6714,#6715,#6716),(#6717,#6718,#6719,#6720,#6721),(#6722,#6723,#6724,
#6725,#6726),(#6727,#6728,#6729,#6730,#6731),(#6732,#6733,#6734,#6735,#6736),
(#6737,#6738,#6739,#6740,#6741),(#6742,#6743,#6744,#6745,#6746),(#6747,
#6748,#6749,#6750,#6751),(#6752,#6753,#6754,#6755,#6756),(#6757,#6758,#6759,
#6760,#6761),(#6762,#6763,#6764,#6765,#6766),(#6767,#6768,#6769,#6770,#6771),
(#6772,#6773,#6774,#6775,#6776),(#6777,#6778,#6779,#6780,#6781),(#6782,
#6783,#6784,#6785,#6786),(#6787,#6788,#6789,#6790,#6791),(#6792,#6793,#6794,
#6795,#6796),(#6797,#6798,#6799,#6800,#6801),(#6802,#6803,#6804,#6805,#6806),
(#6807,#6808,#6809,#6810,#6811),(#6812,#6813,#6814,#6815,#6816),(#6817,
#6818,#6819,#6820,#6821),(#6822,#6823,#6824,#6825,#6826),(#6827,#6828,#6829,
#6830,#6831),(#6832,#6833,#6834,#6835,#6836),(#6837,#6838,#6839,#6840,#6841),
(#6842,#6843,#6844,#6845,#6846),(#6847,#6848,#6849,#6850,#6851),(#6852,
#6853,#6854,#6855,#6856),(#6857,#6858,#6859,#6860,#6861),(#6862,#6863,#6864,
#6865,#6866),(#6867,#6868,#6869,#6870,#6871),(#6872,#6873,#6874,#6875,#6876),
(#6877,#6878,#6879,#6880,#6881),(#6882,#6883,#6884,#6885,#6886),(#6887,
#6888,#6889,#6890,#6891),(#6892,#6893,#6894,#6895,#6896),(#6897,#6898,#6899,
#6900,#6901),(#6902,#6903,#6904,#6905,#6906),(#6907,#6908,#6909,#6910,#6911),
(#6912,#6913,#6914,#6915,#6916),(#6917,#6918,#6919,#6920,#6921),(#6922,
#6923,#6924,#6925,#6926),(#6927,#6928,#6929,#6930,#6931),(#6932,#6933,#6934,
#6935,#6936),(#6937,#6938,#6939,#6940,#6941),(#6942,#6943,#6944,#6945,#6946),
(#6947,#6948,#6949,#6950,#6951),(#6952,#6953,#6954,#6955,#6956),(#6957,
#6958,#6959,#6960,#6961),(#6962,#6963,#6964,#6965,#6966),(#6967,#6968,#6969,
#6970,#6971),(#6972,#6973,#6974,#6975,#6976),(#6977,#6978,#6979,#6980,#6981),
(#6982,#6983,#6984,#6985,#6986),(#6987,#6988,#6989,#6990,#6991),(#6992,
#6993,#6994,#6995,#6996),(#6997,#6998,#6999,#7000,#7001),(#7002,#7003,#7004,
#7005,#7006),(#7007,#7008,#7009,#7010,#7011),(#7012,#7013,#7014,#7015,#7016),
(#7017,#7018,#7019,#7020,#7021),(#7022,#7023,#7024,#7025,#7026),(#7027,
#7028,#7029,#7030,#7031),(#7032,#7033,#7034,#7035,#7036),(#7037,#7038,#7039,
#7040,#7041),(#7042,#7043,#7044,#7045,#7046),(#7047,#7048,#7049,#7050,#7051),
(#7052,#7053,#7054,#7055,#7056),(#7057,#7058,#7059,#7060,#7061),(#7062,
#7063,#7064,#7065,#7066),(#7067,#7068,#7069,#7070,#7071),(#7072,#7073,#7074,
#7075,#7076),(#7077,#7078,#7079,#7080,#7081),(#7082,#7083,#7084,#7085,#7086),
(#7087,#7088,#7089,#7090,#7091),(#7092,#7093,#7094,#7095,#7096),(#7097,
#7098,#7099,#7100,#7101),(#7102,#7103,#7104,#7105,#7106)),.UNSPECIFIED.,
 .F.,.F.,.F.)
B_SPLINE_SURFACE_WITH_KNOTS((4,1,1,1,1,1,1,1,1,1,1,1,1,1,1,1,1,1,1,1,1,
1,1,1,1,1,1,1,1,1,1,1,1,1,1,1,1,1,1,1,1,1,1,1,1,1,1,1,1,1,1,1,1,1,1,1,1,
1,1,1,1,1,1,1,1,1,1,1,1,1,1,1,1,1,1,1,1,1,1,1,1,1,1,1,1,1,1,1,1,1,1,1,1,
1,1,1,1,1,1,1,1,1,1,1,1,1,1,1,1,1,1,1,1,1,1,1,1,1,1,1,1,1,1,1,4),(3,2,3),
(0.114250318254952,0.11462596593162,0.115005679289311,0.115195535968157,
0.115385392647002,0.115575249325848,0.115670177665271,0.115717641834982,
0.115741373919838,0.115765106004693,0.115812570174405,0.115860034344116,
0.115954962683539,0.116049891022962,0.116144819362384,0.11633467604123,
0.116524532720075,0.117283959435457,0.118043386150839,0.118802812866221,
0.119562239581603,0.120321666296985,0.121081093012367,0.121840519727749,
0.122599946443131,0.123359373158512,0.124878226589276,0.12639708002004,
0.127156506735422,0.127915933450804,0.129434786881568,0.130953640312332,
0.132472493743095,0.133991347173859,0.135510200604623,0.137029054035387,
0.138547907466151,0.141585614327678,0.144623321189206,0.147661028050734,
0.150698734912261,0.153736441773789,0.156774148635317,0.159811855496844,
0.162849562358372,0.1658872692199,0.168924976081427,0.171962682942955,0.173481536373719,
0.175000389804483,0.176519243235246,0.17803809666601,0.179556950096774,
0.180316376812156,0.181075803527538,0.18183523024292,0.182594656958302,
0.183354083673684,0.183733797031375,0.184113510389066,0.184493223746757,
0.184872937104447,0.185252650462138,0.185632363819829,0.18601207717752,
0.186201933856366,0.186391790535211,0.186581647214057,0.186771503892902,
0.186961360571748,0.18705628891117,0.187151217250593,0.187246145590016,
0.187341073929439,0.18738853809915,0.187436002268861,0.187483466438573,
0.187530930608284,0.187578394777996,0.187602126862851,0.187625858947707,
0.187649591032563,0.187673323117418,0.18772078728713,0.187768251456841,
0.187815715626552,0.187863179796264,0.187910643965975,0.188005572305398,
0.188100500644821,0.188195428984243,0.188290357323666,0.188480214002512,
0.188670070681357,0.188859927360203,0.189049784039048,0.189239640717893,
0.189429497396739,0.18980921075443,0.190188924112121,0.190568637469812,
0.190948350827503,0.191328064185194,0.191707777542885,0.192467204258267,
0.193226630973649,0.19398605768903,0.194745484404412,0.195504911119794,
0.196264337835176,0.19778319126594,0.199302044696704,0.200820898127468,
0.202339751558231,0.203858604988995,0.205377458419759,0.206896311850523,
0.208415165281287,0.209174591996669,0.209934018712051,0.210313732069742,
0.210693445427433,0.210883302106278,0.211073158785123,0.211227525226266),
(-0.00450117779808169,0.,0.745321949341698),.UNSPECIFIED.)
GEOMETRIC_REPRESENTATION_ITEM()
RATIONAL_B_SPLINE_SURFACE(((1.,1.,1.,0.781700255204993,0.888807693072806),
(1.,1.,1.,0.781700255204994,0.888807693072806),(1.,1.,1.,0.781700255204993,
0.888807693072806),(1.,1.,1.,0.781700255204993,0.888807693072806),(1.,1.,
1.,0.781700255204993,0.888807693072806),(1.,1.,1.,0.781700255204993,0.888807693072806),
(1.,1.,1.,0.781700255204993,0.888807693072806),(1.,1.,1.,0.781700255204993,
0.888807693072806),(1.,1.,1.,0.781700255204993,0.888807693072806),(1.,1.,
1.,0.781700255204993,0.888807693072806),(1.,1.,1.,0.781700255204993,0.888807693072806),
(1.,1.,1.,0.781700255204993,0.888807693072806),(1.,1.,1.,0.781700255204993,
0.888807693072806),(1.,1.,1.,0.781700255204993,0.888807693072806),(1.,1.,
1.,0.781700255204993,0.888807693072806),(1.,1.,1.,0.781700255204993,0.888807693072806),
(1.,1.,1.,0.781700255204993,0.888807693072806),(1.,1.,1.,0.781700255204993,
0.888807693072806),(1.,1.,1.,0.781700255204993,0.888807693072806),(1.,1.,
1.,0.781700255204993,0.888807693072806),(1.,1.,1.,0.781700255204993,0.888807693072806),
(1.,1.,1.,0.781700255204993,0.888807693072806),(1.,1.,1.,0.781700255204993,
0.888807693072806),(1.,1.,1.,0.781700255204993,0.888807693072806),(1.,1.,
1.,0.781700255204993,0.888807693072806),(1.,1.,1.,0.781700255204993,0.888807693072806),
(1.,1.,1.,0.781700255204993,0.888807693072806),(1.,1.,1.,0.781700255204993,
0.888807693072806),(1.,1.,1.,0.781700255204993,0.888807693072806),(1.,1.,
1.,0.781700255204993,0.888807693072806),(1.,1.,1.,0.781700255204993,0.888807693072806),
(1.,1.,1.,0.781700255204993,0.888807693072806),(1.,1.,1.,0.781700255204993,
0.888807693072806),(1.,1.,1.,0.781700255204993,0.888807693072806),(1.,1.,
1.,0.781700255204993,0.888807693072806),(1.,1.,1.,0.781700255204993,0.888807693072806),
(1.,1.,1.,0.781700255204993,0.888807693072806),(1.,1.,1.,0.781700255204993,
0.888807693072806),(1.,1.,1.,0.781700255204993,0.888807693072806),(1.,1.,
1.,0.781700255204993,0.888807693072806),(1.,1.,1.,0.781700255204993,0.888807693072806),
(1.,1.,1.,0.781700255204993,0.888807693072806),(1.,1.,1.,0.781700255204993,
0.888807693072806),(1.,1.,1.,0.781700255204993,0.888807693072806),(1.,1.,
1.,0.781700255204993,0.888807693072806),(1.,1.,1.,0.781700255204993,0.888807693072806),
(1.,1.,1.,0.781700255204993,0.888807693072806),(1.,1.,1.,0.781700255204993,
0.888807693072806),(1.,1.,1.,0.781700255204993,0.888807693072806),(1.,1.,
1.,0.781700255204993,0.888807693072806),(1.,1.,1.,0.781700255204993,0.888807693072806),
(1.,1.,1.,0.781700255204993,0.888807693072806),(1.,1.,1.,0.781700255204993,
0.888807693072806),(1.,1.,1.,0.781700255204993,0.888807693072806),(1.,1.,
1.,0.781700255204993,0.888807693072806),(1.,1.,1.,0.781700255204993,0.888807693072806),
(1.,1.,1.,0.781700255204993,0.888807693072806),(1.,1.,1.,0.781700255204993,
0.888807693072806),(1.,1.,1.,0.781700255204993,0.888807693072806),(1.,1.,
1.,0.781700255204993,0.888807693072806),(1.,1.,1.,0.781700255204993,0.888807693072806),
(1.,1.,1.,0.781700255204993,0.888807693072806),(1.,1.,1.,0.781700255204993,
0.888807693072806),(1.,1.,1.,0.781700255204993,0.888807693072806),(1.,1.,
1.,0.781700255204993,0.888807693072806),(1.,1.,1.,0.781700255204993,0.888807693072806),
(1.,1.,1.,0.781700255204993,0.888807693072806),(1.,1.,1.,0.781700255204993,
0.888807693072806),(1.,1.,1.,0.781700255204993,0.888807693072806),(1.,1.,
1.,0.781700255204993,0.888807693072806),(1.,1.,1.,0.781700255204993,0.888807693072806),
(1.,1.,1.,0.781700255204993,0.888807693072806),(1.,1.,1.,0.781700255204993,
0.888807693072806),(1.,1.,1.,0.781700255204993,0.888807693072806),(1.,1.,
1.,0.781700255204993,0.888807693072806),(1.,1.,1.,0.781700255204993,0.888807693072806),
(1.,1.,1.,0.781700255204993,0.888807693072806),(1.,1.,1.,0.781700255204993,
0.888807693072806),(1.,1.,1.,0.781700255204993,0.888807693072806),(1.,1.,
1.,0.781700255204993,0.888807693072806),(1.,1.,1.,0.781700255204993,0.888807693072806),
(1.,1.,1.,0.781700255204994,0.888807693072806),(1.,1.,1.,0.781700255204992,
0.888807693072805),(1.,1.,1.,0.781700255204994,0.888807693072806),(1.,1.,
1.,0.781700255204993,0.888807693072806),(1.,1.,1.,0.781700255204992,0.888807693072805),
(1.,1.,1.,0.781700255204993,0.888807693072806),(1.,1.,1.,0.781700255204993,
0.888807693072806),(1.,1.,1.,0.781700255204993,0.888807693072806),(1.,1.,
1.,0.781700255204993,0.888807693072806),(1.,1.,1.,0.781700255204994,0.888807693072806),
(1.,1.,1.,0.781700255204993,0.888807693072806),(1.,1.,1.,0.781700255204993,
0.888807693072806),(1.,1.,1.,0.781700255204993,0.888807693072806),(1.,1.,
1.,0.781700255204993,0.888807693072806),(1.,1.,1.,0.781700255204993,0.888807693072806),
(1.,1.,1.,0.781700255204992,0.888807693072805),(1.,1.,1.,0.781700255204993,
0.888807693072806),(1.,1.,1.,0.781700255204993,0.888807693072806),(1.,1.,
1.,0.781700255204993,0.888807693072806),(1.,1.,1.,0.781700255204993,0.888807693072806),
(1.,1.,1.,0.781700255204993,0.888807693072806),(1.,1.,1.,0.781700255204993,
0.888807693072806),(1.,1.,1.,0.781700255204993,0.888807693072806),(1.,1.,
1.,0.781700255204993,0.888807693072806),(1.,1.,1.,0.781700255204993,0.888807693072806),
(1.,1.,1.,0.781700255204993,0.888807693072806),(1.,1.,1.,0.781700255204993,
0.888807693072806),(1.,1.,1.,0.781700255204993,0.888807693072806),(1.,1.,
1.,0.781700255204993,0.888807693072806),(1.,1.,1.,0.781700255204993,0.888807693072806),
(1.,1.,1.,0.781700255204993,0.888807693072806),(1.,1.,1.,0.781700255204993,
0.888807693072806),(1.,1.,1.,0.781700255204993,0.888807693072806),(1.,1.,
1.,0.781700255204993,0.888807693072806),(1.,1.,1.,0.781700255204993,0.888807693072806),
(1.,1.,1.,0.781700255204993,0.888807693072806),(1.,1.,1.,0.781700255204993,
0.888807693072806),(1.,1.,1.,0.781700255204993,0.888807693072806),(1.,1.,
1.,0.781700255204993,0.888807693072806),(1.,1.,1.,0.781700255204993,0.888807693072806),
(1.,1.,1.,0.781700255204993,0.888807693072806),(1.,1.,1.,0.781700255204993,
0.888807693072806),(1.,1.,1.,0.781700255204993,0.888807693072806),(1.,1.,
1.,0.781700255204993,0.888807693072806),(1.,1.,1.,0.781700255204993,0.888807693072806),
(1.,1.,1.,0.781700255204993,0.888807693072806)))
REPRESENTATION_ITEM('')
SURFACE()
);
#74=(
BOUNDED_SURFACE()
B_SPLINE_SURFACE(3,2,((#8395,#8396,#8397),(#8398,#8399,#8400),(#8401,#8402,
#8403),(#8404,#8405,#8406)),.UNSPECIFIED.,.F.,.F.,.F.)
B_SPLINE_SURFACE_WITH_KNOTS((4,4),(3,3),(1.90440278230694,2.0556116396549),
(0.,1.),.PIECEWISE_BEZIER_KNOTS.)
GEOMETRIC_REPRESENTATION_ITEM()
RATIONAL_B_SPLINE_SURFACE(((1.,0.790836069410762,1.),(1.,0.802368860257818,
1.),(1.,0.813346398571444,1.),(1.,0.823714499831601,1.)))
REPRESENTATION_ITEM('')
SURFACE()
);
#75=(
BOUNDED_SURFACE()
B_SPLINE_SURFACE(3,2,((#8408,#8409,#8410),(#8411,#8412,#8413),(#8414,#8415,
#8416),(#8417,#8418,#8419),(#8420,#8421,#8422),(#8423,#8424,#8425),(#8426,
#8427,#8428),(#8429,#8430,#8431)),.UNSPECIFIED.,.F.,.F.,.F.)
B_SPLINE_SURFACE_WITH_KNOTS((4,1,1,1,1,4),(3,3),(0.0276565498246881,0.0308783499769079,
0.0324892500530178,0.0341001501291278,0.0373219502813476,0.0405437504335675),
(0.,1.),.UNSPECIFIED.)
GEOMETRIC_REPRESENTATION_ITEM()
RATIONAL_B_SPLINE_SURFACE(((1.,0.791926387042104,1.),(1.,0.815747893608907,
1.),(1.,0.850971142752116,1.),(1.,0.882277530696522,1.),(1.,0.899573772221706,
1.),(1.,0.886509205111643,1.),(1.,0.846440201227757,1.),(1.,0.823714499831597,
1.)))
REPRESENTATION_ITEM('')
SURFACE()
);
#76=(
BOUNDED_SURFACE()
B_SPLINE_SURFACE(3,2,((#8433,#8434,#8435),(#8436,#8437,#8438),(#8439,#8440,
#8441),(#8442,#8443,#8444)),.UNSPECIFIED.,.F.,.F.,.F.)
B_SPLINE_SURFACE_WITH_KNOTS((4,4),(3,3),(4.71238898038469,5.11912362975751),
(0.,1.),.PIECEWISE_BEZIER_KNOTS.)
GEOMETRIC_REPRESENTATION_ITEM()
RATIONAL_B_SPLINE_SURFACE(((1.,0.707106781186547,1.),(1.,0.737918251271483,
1.),(1.,0.766659439836643,1.),(1.,0.791926387042103,1.)))
REPRESENTATION_ITEM('')
SURFACE()
);
#77=(
BOUNDED_SURFACE()
B_SPLINE_SURFACE(3,2,((#8452,#8453,#8454),(#8455,#8456,#8457),(#8458,#8459,
#8460),(#8461,#8462,#8463),(#8464,#8465,#8466),(#8467,#8468,#8469),(#8470,
#8471,#8472),(#8473,#8474,#8475),(#8476,#8477,#8478)),.UNSPECIFIED.,.F.,
 .F.,.F.)
B_SPLINE_SURFACE_WITH_KNOTS((4,1,1,1,1,1,4),(3,3),(-3.12250225675825E-17,
0.00239904906122642,0.00479809812245288,0.00719714718367933,0.00839667171429256,
0.00899643397959917,0.00959619624490579),(0.,1.),.UNSPECIFIED.)
GEOMETRIC_REPRESENTATION_ITEM()
RATIONAL_B_SPLINE_SURFACE(((1.,0.740375453049468,1.),(1.,0.738231492188157,
1.),(1.,0.733644546691548,1.),(1.,0.725731037952795,1.),(1.,0.718500278364502,
1.),(1.,0.712612587170466,1.),(1.,0.709715057386431,1.),(1.,0.707106781186548,
1.),(1.,0.707106781186548,1.)))
REPRESENTATION_ITEM('')
SURFACE()
);
#78=(
BOUNDED_SURFACE()
B_SPLINE_SURFACE(3,2,((#8480,#8481,#8482),(#8483,#8484,#8485),(#8486,#8487,
#8488),(#8489,#8490,#8491),(#8492,#8493,#8494)),.UNSPECIFIED.,.F.,.F.,.F.)
B_SPLINE_SURFACE_WITH_KNOTS((4,1,4),(3,3),(0.0258672417440681,0.0286306075933299,
0.0313939734425918),(0.,1.),.UNSPECIFIED.)
GEOMETRIC_REPRESENTATION_ITEM()
RATIONAL_B_SPLINE_SURFACE(((1.,0.70710682997453,1.),(1.,0.718204687678093,
1.),(1.,0.739125140931439,1.),(1.,0.743294490209278,1.),(1.,0.740375453049465,
1.)))
REPRESENTATION_ITEM('')
SURFACE()
);
#79=(
BOUNDED_SURFACE()
B_SPLINE_SURFACE(3,2,((#8616,#8617,#8618),(#8619,#8620,#8621),(#8622,#8623,
#8624),(#8625,#8626,#8627),(#8628,#8629,#8630),(#8631,#8632,#8633),(#8634,
#8635,#8636)),.UNSPECIFIED.,.F.,.F.,.F.)
B_SPLINE_SURFACE_WITH_KNOTS((4,1,1,1,4),(3,3),(0.0157567349543604,0.0170077409538764,
0.0182587469533924,0.0195097529529084,0.0207607589524244),(0.,1.),
 .UNSPECIFIED.)
GEOMETRIC_REPRESENTATION_ITEM()
RATIONAL_B_SPLINE_SURFACE(((1.,0.707106829176941,1.),(1.,0.722912027684561,
1.),(1.,0.752885368625773,1.),(1.,0.766786708936805,1.),(1.,0.73913874244795,
1.),(1.,0.703080450686235,1.),(1.,0.685316540205833,1.)))
REPRESENTATION_ITEM('')
SURFACE()
);
#80=(
BOUNDED_SURFACE()
B_SPLINE_SURFACE(3,2,((#8640,#8641,#8642),(#8643,#8644,#8645),(#8646,#8647,
#8648),(#8649,#8650,#8651),(#8652,#8653,#8654),(#8655,#8656,#8657),(#8658,
#8659,#8660)),.UNSPECIFIED.,.F.,.F.,.F.)
B_SPLINE_SURFACE_WITH_KNOTS((4,1,1,1,4),(3,3),(0.00479681286452682,0.00605848809416678,
0.00732016332380674,0.0085818385534467,0.00984351378308666),(0.,1.),
 .UNSPECIFIED.)
GEOMETRIC_REPRESENTATION_ITEM()
RATIONAL_B_SPLINE_SURFACE(((1.,0.694317766321169,1.),(1.,0.711521417973385,
1.),(1.,0.745637822161704,1.),(1.,0.769869152145441,1.),(1.,0.753328513217049,
1.),(1.,0.723031650353224,1.),(1.,0.70710840118034,1.)))
REPRESENTATION_ITEM('')
SURFACE()
);
#81=(
BOUNDED_SURFACE()
B_SPLINE_SURFACE(3,2,((#8661,#8662,#8663),(#8664,#8665,#8666),(#8667,#8668,
#8669),(#8670,#8671,#8672),(#8673,#8674,#8675),(#8676,#8677,#8678)),
 .UNSPECIFIED.,.F.,.F.,.F.)
B_SPLINE_SURFACE_WITH_KNOTS((4,1,1,4),(3,3),(-5.3776427755281E-17,0.00118965146809869,
0.00237930293619743,0.00475860587239491),(0.,1.),.UNSPECIFIED.)
GEOMETRIC_REPRESENTATION_ITEM()
RATIONAL_B_SPLINE_SURFACE(((1.,0.707106827474912,1.),(1.,0.722779544886567,
1.),(1.,0.746587530699905,1.),(1.,0.742457086598059,1.),(1.,0.679067149533874,
1.),(1.,0.637472337818957,1.)))
REPRESENTATION_ITEM('')
SURFACE()
);
#82=(
BOUNDED_SURFACE()
B_SPLINE_SURFACE(3,2,((#8682,#8683,#8684),(#8685,#8686,#8687),(#8688,#8689,
#8690),(#8691,#8692,#8693),(#8694,#8695,#8696),(#8697,#8698,#8699)),
 .UNSPECIFIED.,.F.,.F.,.F.)
B_SPLINE_SURFACE_WITH_KNOTS((4,1,1,4),(3,3),(-4.55364912443912E-18,0.00118133053808101,
0.00236266107616203,0.00472532215232407),(0.,1.),.UNSPECIFIED.)
GEOMETRIC_REPRESENTATION_ITEM()
RATIONAL_B_SPLINE_SURFACE(((1.,0.707106781186546,1.),(1.,0.722511061842169,
1.),(1.,0.744863213195923,1.),(1.,0.735708050263894,1.),(1.,0.669698112856261,
1.),(1.,0.626821029700292,1.)))
REPRESENTATION_ITEM('')
SURFACE()
);
#83=(
BOUNDED_SURFACE()
B_SPLINE_SURFACE(3,2,((#8700,#8701,#8702),(#8703,#8704,#8705),(#8706,#8707,
#8708),(#8709,#8710,#8711),(#8712,#8713,#8714),(#8715,#8716,#8717),(#8718,
#8719,#8720)),.UNSPECIFIED.,.F.,.F.,.F.)
B_SPLINE_SURFACE_WITH_KNOTS((4,1,1,1,4),(3,3),(0.00191253030214188,0.00320541546231321,
0.00449830062248454,0.00579118578265587,0.0070840709428272),(0.,1.),
 .UNSPECIFIED.)
GEOMETRIC_REPRESENTATION_ITEM()
RATIONAL_B_SPLINE_SURFACE(((1.,0.690401567963221,1.),(1.,0.708079815827745,
1.),(1.,0.744255454243327,1.),(1.,0.771233268745825,1.),(1.,0.753519475002222,
1.),(1.,0.722009785736399,1.),(1.,0.707106781186548,1.)))
REPRESENTATION_ITEM('')
SURFACE()
);
#84=(
BOUNDED_SURFACE()
B_SPLINE_SURFACE(3,2,((#8724,#8725,#8726),(#8727,#8728,#8729),(#8730,#8731,
#8732),(#8733,#8734,#8735),(#8736,#8737,#8738),(#8739,#8740,#8741),(#8742,
#8743,#8744)),.UNSPECIFIED.,.F.,.F.,.F.)
B_SPLINE_SURFACE_WITH_KNOTS((4,1,1,1,4),(3,3),(0.0113364231484068,0.0126316507808612,
0.0139268784133157,0.0152221060457701,0.0165173336782245),(0.,1.),
 .UNSPECIFIED.)
GEOMETRIC_REPRESENTATION_ITEM()
RATIONAL_B_SPLINE_SURFACE(((1.,0.707106781186544,1.),(1.,0.721969819165394,
1.),(1.,0.753359955272798,1.),(1.,0.7720385637991,1.),(1.,0.746354157289657,
1.),(1.,0.710422830652887,1.),(1.,0.69275720174511,1.)))
REPRESENTATION_ITEM('')
SURFACE()
);
#85=(
BOUNDED_SURFACE()
B_SPLINE_SURFACE(3,2,((#8745,#8746,#8747),(#8748,#8749,#8750),(#8751,#8752,
#8753),(#8754,#8755,#8756),(#8757,#8758,#8759),(#8760,#8761,#8762)),
 .UNSPECIFIED.,.F.,.F.,.F.)
B_SPLINE_SURFACE_WITH_KNOTS((4,1,1,4),(3,3),(2.12503625807159E-17,0.00239447442774643,
0.00359171164161964,0.00478894885549285),(0.,1.),.UNSPECIFIED.)
GEOMETRIC_REPRESENTATION_ITEM()
RATIONAL_B_SPLINE_SURFACE(((1.,0.707106835416717,1.),(1.,0.715727109143595,
1.),(1.,0.669682153245213,1.),(1.,0.563986101686911,1.),(1.,0.508065297199504,
1.),(1.,0.481085492937715,1.)))
REPRESENTATION_ITEM('')
SURFACE()
);
#86=(
BOUNDED_SURFACE()
B_SPLINE_SURFACE(3,2,((#8766,#8767,#8768),(#8769,#8770,#8771),(#8772,#8773,
#8774),(#8775,#8776,#8777),(#8778,#8779,#8780),(#8781,#8782,#8783)),
 .UNSPECIFIED.,.F.,.F.,.F.)
B_SPLINE_SURFACE_WITH_KNOTS((4,1,1,4),(3,3),(-7.50267903359969E-17,0.00116283001789122,
0.00232566003578252,0.00465132007156511),(0.,1.),.UNSPECIFIED.)
GEOMETRIC_REPRESENTATION_ITEM()
RATIONAL_B_SPLINE_SURFACE(((1.,0.707107136057099,1.),(1.,0.721248543876163,
1.),(1.,0.7372298544066,1.),(1.,0.708776323819129,1.),(1.,0.634680900831958,
1.),(1.,0.588338973837614,1.)))
REPRESENTATION_ITEM('')
SURFACE()
);
#87=(
BOUNDED_SURFACE()
B_SPLINE_SURFACE(3,2,((#8874,#8875,#8876),(#8877,#8878,#8879),(#8880,#8881,
#8882),(#8883,#8884,#8885),(#8886,#8887,#8888),(#8889,#8890,#8891),(#8892,
#8893,#8894),(#8895,#8896,#8897),(#8898,#8899,#8900),(#8901,#8902,#8903),
(#8904,#8905,#8906),(#8907,#8908,#8909)),.UNSPECIFIED.,.F.,.F.,.F.)
B_SPLINE_SURFACE_WITH_KNOTS((4,1,1,1,1,1,1,1,1,4),(3,3),(0.00935174355026057,
0.0105382824534978,0.0117248213567351,0.0129113602599724,0.0140978991632097,
0.015284438066447,0.0164709769696842,0.0170642464213029,0.0176575158729215,
0.0188440547761588),(0.,1.),.UNSPECIFIED.)
GEOMETRIC_REPRESENTATION_ITEM()
RATIONAL_B_SPLINE_SURFACE(((1.,0.721877280998777,1.),(1.,0.728191568995408,
1.),(1.,0.742354112084031,1.),(1.,0.737094098498177,1.),(1.,0.687193768045248,
1.),(1.,0.598134997633904,1.),(1.,0.486022868851299,1.),(1.,0.39423442250324,
1.),(1.,0.371268402385818,1.),(1.,0.397572619854983,1.),(1.,0.453545335244406,
1.),(1.,0.490348101650023,1.)))
REPRESENTATION_ITEM('')
SURFACE()
);
#88=(
BOUNDED_SURFACE()
B_SPLINE_SURFACE(3,2,((#8920,#8921,#8922),(#8923,#8924,#8925),(#8926,#8927,
#8928),(#8929,#8930,#8931),(#8932,#8933,#8934),(#8935,#8936,#8937),(#8938,
#8939,#8940),(#8941,#8942,#8943),(#8944,#8945,#8946),(#8947,#8948,#8949),
(#8950,#8951,#8952)),.UNSPECIFIED.,.F.,.F.,.F.)
B_SPLINE_SURFACE_WITH_KNOTS((4,1,1,1,1,1,1,1,4),(3,3),(0.00937395992893454,
0.010513245940338,0.0116525319517415,0.0127918179631449,0.0139311039745484,
0.0150703899859519,0.0162096759973553,0.0173489620087588,0.0184882480201623),
(0.,1.),.UNSPECIFIED.)
GEOMETRIC_REPRESENTATION_ITEM()
RATIONAL_B_SPLINE_SURFACE(((1.,0.722241236274682,1.),(1.,0.728712360894225,
1.),(1.,0.741358255670482,1.),(1.,0.731885897335004,1.),(1.,0.680875392863462,
1.),(1.,0.594909632226315,1.),(1.,0.490106071414026,1.),(1.,0.385584255465935,
1.),(1.,0.377000823792429,1.),(1.,0.44487472746284,1.),(1.,0.478685236860477,
1.)))
REPRESENTATION_ITEM('')
SURFACE()
);
#89=(
BOUNDED_SURFACE()
B_SPLINE_SURFACE(3,2,((#8953,#8954,#8955),(#8956,#8957,#8958),(#8959,#8960,
#8961),(#8962,#8963,#8964),(#8965,#8966,#8967),(#8968,#8969,#8970),(#8971,
#8972,#8973),(#8974,#8975,#8976),(#8977,#8978,#8979),(#8980,#8981,#8982),
(#8983,#8984,#8985),(#8986,#8987,#8988),(#8989,#8990,#8991),(#8992,#8993,
#8994),(#8995,#8996,#8997),(#8998,#8999,#9000),(#9001,#9002,#9003),(#9004,
#9005,#9006),(#9007,#9008,#9009)),.UNSPECIFIED.,.T.,.F.,.F.)
B_SPLINE_SURFACE_WITH_KNOTS((1,3,1,1,1,1,1,1,1,1,1,1,1,1,1,1,1,3,1),(3,
3),(-0.00112329688297577,0.,0.00112329688297577,0.00224659376595155,0.00336989064892732,
0.00449318753190309,0.00561648441487887,0.00673978129785464,0.00786307818083041,
0.00898637506380619,0.010109671946782,0.0112329688297577,0.0123562657127335,
0.0134795625957093,0.0146028594786851,0.0157261563616608,0.0168494532446366,
0.0179727501276124,0.0190960470105881),(0.,1.),.UNSPECIFIED.)
GEOMETRIC_REPRESENTATION_ITEM()
RATIONAL_B_SPLINE_SURFACE(((1.,0.696156946595616,1.),(1.,0.709156312519054,
1.),(1.,0.727273724145166,1.),(1.,0.705646267202794,1.),(1.,0.710346909809883,
1.),(1.,0.734829899432544,1.),(1.,0.733381863808598,1.),(1.,0.692186550965839,
1.),(1.,0.618629397493753,1.),(1.,0.527913943146746,1.),(1.,0.435692015913585,
1.),(1.,0.372542659540507,1.),(1.,0.383741927084432,1.),(1.,0.446157376581064,
1.),(1.,0.517690399795274,1.),(1.,0.586379554635917,1.),(1.,0.649277528604542,
1.),(1.,0.683157580672179,1.),(1.,0.696156946595616,1.)))
REPRESENTATION_ITEM('')
SURFACE()
);
#90=(
BOUNDED_SURFACE()
B_SPLINE_SURFACE(3,2,((#9010,#9011,#9012),(#9013,#9014,#9015),(#9016,#9017,
#9018),(#9019,#9020,#9021),(#9022,#9023,#9024),(#9025,#9026,#9027),(#9028,
#9029,#9030),(#9031,#9032,#9033),(#9034,#9035,#9036),(#9037,#9038,#9039),
(#9040,#9041,#9042),(#9043,#9044,#9045),(#9046,#9047,#9048),(#9049,#9050,
#9051),(#9052,#9053,#9054),(#9055,#9056,#9057),(#9058,#9059,#9060),(#9061,
#9062,#9063),(#9064,#9065,#9066),(#9067,#9068,#9069),(#9070,#9071,#9072),
(#9073,#9074,#9075)),.UNSPECIFIED.,.T.,.F.,.F.)
B_SPLINE_SURFACE_WITH_KNOTS((1,3,1,1,1,1,1,1,1,1,1,1,1,1,1,1,1,1,1,1,3,
1),(3,3),(-0.00116119806021062,0.,0.00116119806021062,0.00232239612042124,
0.00348359418063187,0.00464479224084249,0.00580599030105311,0.00696718836126373,
0.00812838642147436,0.00928958448168498,0.00987018351179029,0.0104507825418956,
0.0110313815720009,0.0116119806021062,0.0121925796322115,0.0127731786623168,
0.0139343767225275,0.0150955747827381,0.0162567728429487,0.0174179709031593,
0.01857916896337,0.0197403670235806),(0.,1.),.UNSPECIFIED.)
GEOMETRIC_REPRESENTATION_ITEM()
RATIONAL_B_SPLINE_SURFACE(((1.,0.741992951722308,1.),(1.,0.737609605715604,
1.),(1.,0.730103716724142,1.),(1.,0.737052562691267,1.),(1.,0.753523346896304,
1.),(1.,0.755081219760618,1.),(1.,0.719867716847061,1.),(1.,0.644245267141881,
1.),(1.,0.537633260183331,1.),(1.,0.431297583023673,1.),(1.,0.355605560255807,
1.),(1.,0.322299549299301,1.),(1.,0.334234095044278,1.),(1.,0.381806837760281,
1.),(1.,0.441418323129986,1.),(1.,0.522353284720614,1.),(1.,0.615906527513863,
1.),(1.,0.700737314461251,1.),(1.,0.748461535871116,1.),(1.,0.756403792764367,
1.),(1.,0.746376297729012,1.),(1.,0.741992951722308,1.)))
REPRESENTATION_ITEM('')
SURFACE()
);
#91=ELLIPSE('',#1917,0.00456154953516343,0.00117779248875566);
#92=ELLIPSE('',#1922,0.0142127156252492,0.008);
#93=ELLIPSE('',#1923,0.0185033569546285,0.008);
#94=ELLIPSE('',#1924,0.0104432583146582,0.008);
#95=ELLIPSE('',#1967,0.0217801335760457,0.014);
#96=ELLIPSE('',#1970,0.0182757020506519,0.014);
#97=CIRCLE('',#1899,0.0005);
#98=CIRCLE('',#1900,0.0005);
#99=CIRCLE('',#1901,0.001025);
#100=CIRCLE('',#1902,0.008);
#101=CIRCLE('',#1903,0.00425);
#102=CIRCLE('',#1904,0.00425);
#103=CIRCLE('',#1905,0.001025);
#104=CIRCLE('',#1908,0.00135);
#105=CIRCLE('',#1909,0.00135);
#106=CIRCLE('',#1910,0.00135);
#107=CIRCLE('',#1911,0.00135);
#108=CIRCLE('',#1912,0.00325);
#109=CIRCLE('',#1913,0.00325);
#110=CIRCLE('',#1914,0.00325);
#111=CIRCLE('',#1915,0.00325);
#112=CIRCLE('',#1916,0.0005);
#113=CIRCLE('',#1920,0.008);
#114=CIRCLE('',#1925,0.008);
#115=CIRCLE('',#1926,0.008);
#116=CIRCLE('',#1927,0.008);
#117=CIRCLE('',#1932,0.00425);
#118=CIRCLE('',#1933,0.00425);
#119=CIRCLE('',#1934,0.00425);
#120=CIRCLE('',#1935,0.00425);
#121=CIRCLE('',#1936,0.0005);
#122=CIRCLE('',#1937,0.001025);
#123=CIRCLE('',#1938,0.001025);
#124=CIRCLE('',#1939,0.00425);
#125=CIRCLE('',#1940,0.00425);
#126=CIRCLE('',#1942,0.0055);
#127=CIRCLE('',#1945,0.008);
#128=CIRCLE('',#1946,0.008);
#129=CIRCLE('',#1949,0.00185);
#130=CIRCLE('',#1953,0.00025);
#131=CIRCLE('',#1954,0.00025);
#132=CIRCLE('',#1955,0.002);
#133=CIRCLE('',#1956,0.002);
#134=CIRCLE('',#1972,0.003);
#135=CIRCLE('',#1973,0.003);
#136=CIRCLE('',#1974,0.003);
#137=CIRCLE('',#1975,0.003);
#138=CIRCLE('',#1976,0.002);
#139=CIRCLE('',#1977,0.002);
#140=CIRCLE('',#1978,0.006);
#141=CIRCLE('',#1980,0.002);
#142=CIRCLE('',#1982,0.002);
#143=CIRCLE('',#1983,0.002);
#144=CIRCLE('',#1985,0.002);
#145=CIRCLE('',#1987,0.002);
#146=CIRCLE('',#1989,0.002);
#147=CIRCLE('',#1991,0.002);
#148=CIRCLE('',#1993,0.006);
#149=CIRCLE('',#1994,0.006);
#150=CIRCLE('',#1995,0.006);
#151=CIRCLE('',#1997,0.006);
#152=CIRCLE('',#1998,0.006);
#153=CIRCLE('',#2000,0.006);
#154=CIRCLE('',#2003,0.003);
#155=CIRCLE('',#2005,0.00125);
#156=CIRCLE('',#2007,0.003);
#157=CIRCLE('',#2009,0.00125);
#158=CIRCLE('',#2011,0.003);
#159=CIRCLE('',#2013,0.00125);
#160=CIRCLE('',#2015,0.003);
#161=CIRCLE('',#2017,0.00125);
#162=CIRCLE('',#2019,0.00125);
#163=CIRCLE('',#2022,0.00125);
#164=CIRCLE('',#2025,0.00125);
#165=CIRCLE('',#2028,0.00125);
#166=CIRCLE('',#2039,0.00325);
#167=CIRCLE('',#2041,0.00325);
#168=CIRCLE('',#2043,0.00325);
#169=CIRCLE('',#2045,0.00325);
#170=CIRCLE('',#2046,0.001);
#171=CIRCLE('',#2048,0.001);
#172=CIRCLE('',#2049,0.001);
#173=CIRCLE('',#2051,0.001);
#174=CIRCLE('',#2052,0.001);
#175=CIRCLE('',#2054,0.001);
#176=CIRCLE('',#2055,0.001);
#177=CIRCLE('',#2057,0.001);
#178=CIRCLE('',#2059,0.0025);
#179=CIRCLE('',#2061,0.00135);
#180=CIRCLE('',#2063,0.0025);
#181=CIRCLE('',#2065,0.00135);
#182=CIRCLE('',#2067,0.0025);
#183=CIRCLE('',#2069,0.00135);
#184=CIRCLE('',#2071,0.0025);
#185=CIRCLE('',#2073,0.00135);
#186=LINE('',#5120,#257);
#187=LINE('',#5124,#258);
#188=LINE('',#5128,#259);
#189=LINE('',#5656,#260);
#190=LINE('',#5658,#261);
#191=LINE('',#5660,#262);
#192=LINE('',#5664,#263);
#193=LINE('',#5805,#264);
#194=LINE('',#5819,#265);
#195=LINE('',#5826,#266);
#196=LINE('',#5836,#267);
#197=LINE('',#5920,#268);
#198=LINE('',#5924,#269);
#199=LINE('',#5931,#270);
#200=LINE('',#5933,#271);
#201=LINE('',#5935,#272);
#202=LINE('',#5937,#273);
#203=LINE('',#5946,#274);
#204=LINE('',#5948,#275);
#205=LINE('',#5977,#276);
#206=LINE('',#5979,#277);
#207=LINE('',#6023,#278);
#208=LINE('',#6025,#279);
#209=LINE('',#6159,#280);
#210=LINE('',#6161,#281);
#211=LINE('',#7184,#282);
#212=LINE('',#7194,#283);
#213=LINE('',#7233,#284);
#214=LINE('',#7256,#285);
#215=LINE('',#7939,#286);
#216=LINE('',#7941,#287);
#217=LINE('',#7948,#288);
#218=LINE('',#7952,#289);
#219=LINE('',#8212,#290);
#220=LINE('',#8222,#291);
#221=LINE('',#8229,#292);
#222=LINE('',#8256,#293);
#223=LINE('',#8266,#294);
#224=LINE('',#8267,#295);
#225=LINE('',#8272,#296);
#226=LINE('',#8273,#297);
#227=LINE('',#8275,#298);
#228=LINE('',#8278,#299);
#229=LINE('',#8279,#300);
#230=LINE('',#8281,#301);
#231=LINE('',#8283,#302);
#232=LINE('',#8285,#303);
#233=LINE('',#8299,#304);
#234=LINE('',#8307,#305);
#235=LINE('',#8310,#306);
#236=LINE('',#8312,#307);
#237=LINE('',#8314,#308);
#238=LINE('',#8316,#309);
#239=LINE('',#8321,#310);
#240=LINE('',#8323,#311);
#241=LINE('',#8325,#312);
#242=LINE('',#8328,#313);
#243=LINE('',#8330,#314);
#244=LINE('',#8332,#315);
#245=LINE('',#8334,#316);
#246=LINE('',#8342,#317);
#247=LINE('',#8344,#318);
#248=LINE('',#8346,#319);
#249=LINE('',#8544,#320);
#250=LINE('',#8545,#321);
#251=LINE('',#8547,#322);
#252=LINE('',#8548,#323);
#253=LINE('',#8550,#324);
#254=LINE('',#8551,#325);
#255=LINE('',#8553,#326);
#256=LINE('',#8554,#327);
#257=VECTOR('',#2082,1.);
#258=VECTOR('',#2085,1.);
#259=VECTOR('',#2088,1.);
#260=VECTOR('',#2089,1.);
#261=VECTOR('',#2090,1.);
#262=VECTOR('',#2091,1.);
#263=VECTOR('',#2094,1.);
#264=VECTOR('',#2105,1.);
#265=VECTOR('',#2106,1.);
#266=VECTOR('',#2107,1.);
#267=VECTOR('',#2118,1.);
#268=VECTOR('',#2127,1.);
#269=VECTOR('',#2130,1.);
#270=VECTOR('',#2131,1.);
#271=VECTOR('',#2132,1.);
#272=VECTOR('',#2133,1.);
#273=VECTOR('',#2134,1.);
#274=VECTOR('',#2137,1.);
#275=VECTOR('',#2138,1.);
#276=VECTOR('',#2139,1.);
#277=VECTOR('',#2140,1.);
#278=VECTOR('',#2141,1.);
#279=VECTOR('',#2142,1.);
#280=VECTOR('',#2145,1.);
#281=VECTOR('',#2146,1.);
#282=VECTOR('',#2149,1.);
#283=VECTOR('',#2152,1.);
#284=VECTOR('',#2165,1.);
#285=VECTOR('',#2168,1.);
#286=VECTOR('',#2185,1.);
#287=VECTOR('',#2186,1.);
#288=VECTOR('',#2187,1.);
#289=VECTOR('',#2190,1.);
#290=VECTOR('',#2201,1.);
#291=VECTOR('',#2204,1.);
#292=VECTOR('',#2207,1.);
#293=VECTOR('',#2212,1.);
#294=VECTOR('',#2217,1.);
#295=VECTOR('',#2218,1.);
#296=VECTOR('',#2223,1.);
#297=VECTOR('',#2224,1.);
#298=VECTOR('',#2227,1.);
#299=VECTOR('',#2228,1.);
#300=VECTOR('',#2229,1.);
#301=VECTOR('',#2232,1.);
#302=VECTOR('',#2233,1.);
#303=VECTOR('',#2234,1.);
#304=VECTOR('',#2261,1.);
#305=VECTOR('',#2264,1.);
#306=VECTOR('',#2265,1.);
#307=VECTOR('',#2266,1.);
#308=VECTOR('',#2267,1.);
#309=VECTOR('',#2270,1.);
#310=VECTOR('',#2273,1.);
#311=VECTOR('',#2274,1.);
#312=VECTOR('',#2277,1.);
#313=VECTOR('',#2278,1.);
#314=VECTOR('',#2279,1.);
#315=VECTOR('',#2280,1.);
#316=VECTOR('',#2283,1.);
#317=VECTOR('',#2284,1.);
#318=VECTOR('',#2285,1.);
#319=VECTOR('',#2286,1.);
#320=VECTOR('',#2409,1.);
#321=VECTOR('',#2410,1.);
#322=VECTOR('',#2413,1.);
#323=VECTOR('',#2414,1.);
#324=VECTOR('',#2417,1.);
#325=VECTOR('',#2418,1.);
#326=VECTOR('',#2421,1.);
#327=VECTOR('',#2422,1.);
#328=PLANE('',#1898);
#329=PLANE('',#1906);
#330=PLANE('',#1907);
#331=PLANE('',#1918);
#332=PLANE('',#1919);
#333=PLANE('',#1928);
#334=PLANE('',#1931);
#335=PLANE('',#1941);
#336=PLANE('',#1947);
#337=PLANE('',#1950);
#338=PLANE('',#1951);
#339=PLANE('',#1952);
#340=PLANE('',#1965);
#341=PLANE('',#1966);
#342=PLANE('',#1968);
#343=PLANE('',#1969);
#344=PLANE('',#1971);
#345=PLANE('',#2004);
#346=PLANE('',#2008);
#347=PLANE('',#2012);
#348=PLANE('',#2016);
#349=PLANE('',#2030);
#350=PLANE('',#2031);
#351=PLANE('',#2032);
#352=PLANE('',#2033);
#353=PLANE('',#2060);
#354=PLANE('',#2064);
#355=PLANE('',#2068);
#356=PLANE('',#2072);
#357=ORIENTED_EDGE('',*,*,#885,.F.);
#358=ORIENTED_EDGE('',*,*,#886,.T.);
#359=ORIENTED_EDGE('',*,*,#887,.T.);
#360=ORIENTED_EDGE('',*,*,#888,.F.);
#361=ORIENTED_EDGE('',*,*,#889,.F.);
#362=ORIENTED_EDGE('',*,*,#890,.T.);
#363=ORIENTED_EDGE('',*,*,#891,.T.);
#364=ORIENTED_EDGE('',*,*,#892,.T.);
#365=ORIENTED_EDGE('',*,*,#893,.T.);
#366=ORIENTED_EDGE('',*,*,#894,.F.);
#367=ORIENTED_EDGE('',*,*,#895,.T.);
#368=ORIENTED_EDGE('',*,*,#896,.F.);
#369=ORIENTED_EDGE('',*,*,#897,.T.);
#370=ORIENTED_EDGE('',*,*,#898,.F.);
#371=ORIENTED_EDGE('',*,*,#899,.F.);
#372=ORIENTED_EDGE('',*,*,#900,.T.);
#373=ORIENTED_EDGE('',*,*,#901,.T.);
#374=ORIENTED_EDGE('',*,*,#902,.F.);
#375=ORIENTED_EDGE('',*,*,#888,.T.);
#376=ORIENTED_EDGE('',*,*,#903,.T.);
#377=ORIENTED_EDGE('',*,*,#904,.T.);
#378=ORIENTED_EDGE('',*,*,#905,.T.);
#379=ORIENTED_EDGE('',*,*,#906,.T.);
#380=ORIENTED_EDGE('',*,*,#907,.T.);
#381=ORIENTED_EDGE('',*,*,#908,.F.);
#382=ORIENTED_EDGE('',*,*,#909,.T.);
#383=ORIENTED_EDGE('',*,*,#910,.T.);
#384=ORIENTED_EDGE('',*,*,#911,.F.);
#385=ORIENTED_EDGE('',*,*,#912,.F.);
#386=ORIENTED_EDGE('',*,*,#913,.T.);
#387=ORIENTED_EDGE('',*,*,#914,.F.);
#388=ORIENTED_EDGE('',*,*,#915,.T.);
#389=ORIENTED_EDGE('',*,*,#916,.T.);
#390=ORIENTED_EDGE('',*,*,#917,.T.);
#391=ORIENTED_EDGE('',*,*,#918,.T.);
#392=ORIENTED_EDGE('',*,*,#919,.T.);
#393=ORIENTED_EDGE('',*,*,#920,.F.);
#394=ORIENTED_EDGE('',*,*,#897,.F.);
#395=ORIENTED_EDGE('',*,*,#921,.T.);
#396=ORIENTED_EDGE('',*,*,#922,.F.);
#397=ORIENTED_EDGE('',*,*,#923,.F.);
#398=ORIENTED_EDGE('',*,*,#924,.F.);
#399=ORIENTED_EDGE('',*,*,#925,.F.);
#400=ORIENTED_EDGE('',*,*,#898,.T.);
#401=ORIENTED_EDGE('',*,*,#922,.T.);
#402=ORIENTED_EDGE('',*,*,#926,.T.);
#403=ORIENTED_EDGE('',*,*,#927,.T.);
#404=ORIENTED_EDGE('',*,*,#928,.T.);
#405=ORIENTED_EDGE('',*,*,#929,.T.);
#406=ORIENTED_EDGE('',*,*,#930,.T.);
#407=ORIENTED_EDGE('',*,*,#931,.T.);
#408=ORIENTED_EDGE('',*,*,#932,.T.);
#409=ORIENTED_EDGE('',*,*,#933,.T.);
#410=ORIENTED_EDGE('',*,*,#934,.T.);
#411=ORIENTED_EDGE('',*,*,#935,.T.);
#412=ORIENTED_EDGE('',*,*,#936,.T.);
#413=ORIENTED_EDGE('',*,*,#937,.T.);
#414=ORIENTED_EDGE('',*,*,#885,.T.);
#415=ORIENTED_EDGE('',*,*,#902,.T.);
#416=ORIENTED_EDGE('',*,*,#938,.T.);
#417=ORIENTED_EDGE('',*,*,#939,.T.);
#418=ORIENTED_EDGE('',*,*,#940,.T.);
#419=ORIENTED_EDGE('',*,*,#941,.T.);
#420=ORIENTED_EDGE('',*,*,#942,.T.);
#421=ORIENTED_EDGE('',*,*,#943,.T.);
#422=ORIENTED_EDGE('',*,*,#944,.T.);
#423=ORIENTED_EDGE('',*,*,#889,.T.);
#424=ORIENTED_EDGE('',*,*,#945,.T.);
#425=ORIENTED_EDGE('',*,*,#924,.T.);
#426=ORIENTED_EDGE('',*,*,#946,.T.);
#427=ORIENTED_EDGE('',*,*,#947,.T.);
#428=ORIENTED_EDGE('',*,*,#948,.F.);
#429=ORIENTED_EDGE('',*,*,#949,.T.);
#430=ORIENTED_EDGE('',*,*,#950,.T.);
#431=ORIENTED_EDGE('',*,*,#951,.T.);
#432=ORIENTED_EDGE('',*,*,#952,.T.);
#433=ORIENTED_EDGE('',*,*,#953,.F.);
#434=ORIENTED_EDGE('',*,*,#954,.F.);
#435=ORIENTED_EDGE('',*,*,#955,.F.);
#436=ORIENTED_EDGE('',*,*,#956,.F.);
#437=ORIENTED_EDGE('',*,*,#957,.F.);
#438=ORIENTED_EDGE('',*,*,#958,.F.);
#439=ORIENTED_EDGE('',*,*,#959,.F.);
#440=ORIENTED_EDGE('',*,*,#960,.F.);
#441=ORIENTED_EDGE('',*,*,#961,.T.);
#442=ORIENTED_EDGE('',*,*,#962,.F.);
#443=ORIENTED_EDGE('',*,*,#963,.F.);
#444=ORIENTED_EDGE('',*,*,#964,.F.);
#445=ORIENTED_EDGE('',*,*,#965,.T.);
#446=ORIENTED_EDGE('',*,*,#966,.T.);
#447=ORIENTED_EDGE('',*,*,#967,.T.);
#448=ORIENTED_EDGE('',*,*,#968,.F.);
#449=ORIENTED_EDGE('',*,*,#969,.T.);
#450=ORIENTED_EDGE('',*,*,#970,.T.);
#451=ORIENTED_EDGE('',*,*,#971,.F.);
#452=ORIENTED_EDGE('',*,*,#963,.T.);
#453=ORIENTED_EDGE('',*,*,#972,.T.);
#454=ORIENTED_EDGE('',*,*,#917,.F.);
#455=ORIENTED_EDGE('',*,*,#973,.T.);
#456=ORIENTED_EDGE('',*,*,#974,.T.);
#457=ORIENTED_EDGE('',*,*,#966,.F.);
#458=ORIENTED_EDGE('',*,*,#975,.F.);
#459=ORIENTED_EDGE('',*,*,#976,.F.);
#460=ORIENTED_EDGE('',*,*,#977,.T.);
#461=ORIENTED_EDGE('',*,*,#978,.T.);
#462=ORIENTED_EDGE('',*,*,#979,.F.);
#463=ORIENTED_EDGE('',*,*,#903,.F.);
#464=ORIENTED_EDGE('',*,*,#972,.F.);
#465=ORIENTED_EDGE('',*,*,#962,.T.);
#466=ORIENTED_EDGE('',*,*,#980,.F.);
#467=ORIENTED_EDGE('',*,*,#981,.T.);
#468=ORIENTED_EDGE('',*,*,#909,.F.);
#469=ORIENTED_EDGE('',*,*,#982,.T.);
#470=ORIENTED_EDGE('',*,*,#983,.T.);
#471=ORIENTED_EDGE('',*,*,#984,.T.);
#472=ORIENTED_EDGE('',*,*,#985,.T.);
#473=ORIENTED_EDGE('',*,*,#986,.T.);
#474=ORIENTED_EDGE('',*,*,#957,.T.);
#475=ORIENTED_EDGE('',*,*,#987,.F.);
#476=ORIENTED_EDGE('',*,*,#911,.T.);
#477=ORIENTED_EDGE('',*,*,#988,.T.);
#478=ORIENTED_EDGE('',*,*,#958,.T.);
#479=ORIENTED_EDGE('',*,*,#986,.F.);
#480=ORIENTED_EDGE('',*,*,#910,.F.);
#481=ORIENTED_EDGE('',*,*,#971,.T.);
#482=ORIENTED_EDGE('',*,*,#989,.T.);
#483=ORIENTED_EDGE('',*,*,#975,.T.);
#484=ORIENTED_EDGE('',*,*,#968,.T.);
#485=ORIENTED_EDGE('',*,*,#990,.T.);
#486=ORIENTED_EDGE('',*,*,#991,.T.);
#487=ORIENTED_EDGE('',*,*,#992,.T.);
#488=ORIENTED_EDGE('',*,*,#993,.T.);
#489=ORIENTED_EDGE('',*,*,#912,.T.);
#490=ORIENTED_EDGE('',*,*,#987,.T.);
#491=ORIENTED_EDGE('',*,*,#956,.T.);
#492=ORIENTED_EDGE('',*,*,#994,.F.);
#493=ORIENTED_EDGE('',*,*,#995,.T.);
#494=ORIENTED_EDGE('',*,*,#953,.T.);
#495=ORIENTED_EDGE('',*,*,#996,.T.);
#496=ORIENTED_EDGE('',*,*,#997,.T.);
#497=ORIENTED_EDGE('',*,*,#998,.F.);
#498=ORIENTED_EDGE('',*,*,#999,.F.);
#499=ORIENTED_EDGE('',*,*,#1000,.T.);
#500=ORIENTED_EDGE('',*,*,#964,.T.);
#501=ORIENTED_EDGE('',*,*,#1001,.T.);
#502=ORIENTED_EDGE('',*,*,#959,.T.);
#503=ORIENTED_EDGE('',*,*,#988,.F.);
#504=ORIENTED_EDGE('',*,*,#981,.F.);
#505=ORIENTED_EDGE('',*,*,#1002,.T.);
#506=ORIENTED_EDGE('',*,*,#960,.T.);
#507=ORIENTED_EDGE('',*,*,#1001,.F.);
#508=ORIENTED_EDGE('',*,*,#961,.F.);
#509=ORIENTED_EDGE('',*,*,#1002,.F.);
#510=ORIENTED_EDGE('',*,*,#980,.T.);
#511=ORIENTED_EDGE('',*,*,#994,.T.);
#512=ORIENTED_EDGE('',*,*,#955,.T.);
#513=ORIENTED_EDGE('',*,*,#1003,.T.);
#514=ORIENTED_EDGE('',*,*,#1003,.F.);
#515=ORIENTED_EDGE('',*,*,#954,.T.);
#516=ORIENTED_EDGE('',*,*,#995,.F.);
#517=ORIENTED_EDGE('',*,*,#891,.F.);
#518=ORIENTED_EDGE('',*,*,#1004,.T.);
#519=ORIENTED_EDGE('',*,*,#1005,.F.);
#520=ORIENTED_EDGE('',*,*,#1006,.T.);
#521=ORIENTED_EDGE('',*,*,#900,.F.);
#522=ORIENTED_EDGE('',*,*,#887,.F.);
#523=ORIENTED_EDGE('',*,*,#1007,.T.);
#524=ORIENTED_EDGE('',*,*,#1008,.F.);
#525=ORIENTED_EDGE('',*,*,#1009,.T.);
#526=ORIENTED_EDGE('',*,*,#1010,.T.);
#527=ORIENTED_EDGE('',*,*,#1011,.T.);
#528=ORIENTED_EDGE('',*,*,#1012,.F.);
#529=ORIENTED_EDGE('',*,*,#1013,.F.);
#530=ORIENTED_EDGE('',*,*,#1014,.T.);
#531=ORIENTED_EDGE('',*,*,#1015,.F.);
#532=ORIENTED_EDGE('',*,*,#1016,.T.);
#533=ORIENTED_EDGE('',*,*,#1017,.T.);
#534=ORIENTED_EDGE('',*,*,#1018,.F.);
#535=ORIENTED_EDGE('',*,*,#1019,.F.);
#536=ORIENTED_EDGE('',*,*,#934,.F.);
#537=ORIENTED_EDGE('',*,*,#1020,.T.);
#538=ORIENTED_EDGE('',*,*,#1008,.T.);
#539=ORIENTED_EDGE('',*,*,#1021,.T.);
#540=ORIENTED_EDGE('',*,*,#1005,.T.);
#541=ORIENTED_EDGE('',*,*,#1022,.T.);
#542=ORIENTED_EDGE('',*,*,#941,.F.);
#543=ORIENTED_EDGE('',*,*,#1023,.T.);
#544=ORIENTED_EDGE('',*,*,#1024,.F.);
#545=ORIENTED_EDGE('',*,*,#1011,.F.);
#546=ORIENTED_EDGE('',*,*,#1025,.T.);
#547=ORIENTED_EDGE('',*,*,#950,.F.);
#548=ORIENTED_EDGE('',*,*,#949,.F.);
#549=ORIENTED_EDGE('',*,*,#1026,.T.);
#550=ORIENTED_EDGE('',*,*,#1012,.T.);
#551=ORIENTED_EDGE('',*,*,#1024,.T.);
#552=ORIENTED_EDGE('',*,*,#1010,.F.);
#553=ORIENTED_EDGE('',*,*,#1027,.T.);
#554=ORIENTED_EDGE('',*,*,#930,.F.);
#555=ORIENTED_EDGE('',*,*,#1028,.F.);
#556=ORIENTED_EDGE('',*,*,#951,.F.);
#557=ORIENTED_EDGE('',*,*,#1025,.F.);
#558=ORIENTED_EDGE('',*,*,#899,.T.);
#559=ORIENTED_EDGE('',*,*,#925,.T.);
#560=ORIENTED_EDGE('',*,*,#945,.F.);
#561=ORIENTED_EDGE('',*,*,#1029,.F.);
#562=ORIENTED_EDGE('',*,*,#1030,.T.);
#563=ORIENTED_EDGE('',*,*,#1031,.F.);
#564=ORIENTED_EDGE('',*,*,#1032,.T.);
#565=ORIENTED_EDGE('',*,*,#1033,.T.);
#566=ORIENTED_EDGE('',*,*,#1034,.T.);
#567=ORIENTED_EDGE('',*,*,#1035,.F.);
#568=ORIENTED_EDGE('',*,*,#1032,.F.);
#569=ORIENTED_EDGE('',*,*,#1036,.T.);
#570=ORIENTED_EDGE('',*,*,#998,.T.);
#571=ORIENTED_EDGE('',*,*,#1037,.T.);
#572=ORIENTED_EDGE('',*,*,#1038,.T.);
#573=ORIENTED_EDGE('',*,*,#1029,.T.);
#574=ORIENTED_EDGE('',*,*,#1039,.T.);
#575=ORIENTED_EDGE('',*,*,#1040,.F.);
#576=ORIENTED_EDGE('',*,*,#1041,.T.);
#577=ORIENTED_EDGE('',*,*,#1033,.F.);
#578=ORIENTED_EDGE('',*,*,#1035,.T.);
#579=ORIENTED_EDGE('',*,*,#997,.F.);
#580=ORIENTED_EDGE('',*,*,#1042,.T.);
#581=ORIENTED_EDGE('',*,*,#1031,.T.);
#582=ORIENTED_EDGE('',*,*,#1043,.T.);
#583=ORIENTED_EDGE('',*,*,#1044,.T.);
#584=ORIENTED_EDGE('',*,*,#1045,.T.);
#585=ORIENTED_EDGE('',*,*,#999,.T.);
#586=ORIENTED_EDGE('',*,*,#1036,.F.);
#587=ORIENTED_EDGE('',*,*,#1044,.F.);
#588=ORIENTED_EDGE('',*,*,#1046,.T.);
#589=ORIENTED_EDGE('',*,*,#1037,.F.);
#590=ORIENTED_EDGE('',*,*,#1047,.T.);
#591=ORIENTED_EDGE('',*,*,#1040,.T.);
#592=ORIENTED_EDGE('',*,*,#1048,.T.);
#593=ORIENTED_EDGE('',*,*,#1028,.T.);
#594=ORIENTED_EDGE('',*,*,#1049,.T.);
#595=ORIENTED_EDGE('',*,*,#1049,.F.);
#596=ORIENTED_EDGE('',*,*,#965,.F.);
#597=ORIENTED_EDGE('',*,*,#1000,.F.);
#598=ORIENTED_EDGE('',*,*,#1045,.F.);
#599=ORIENTED_EDGE('',*,*,#1048,.F.);
#600=ORIENTED_EDGE('',*,*,#1042,.F.);
#601=ORIENTED_EDGE('',*,*,#996,.F.);
#602=ORIENTED_EDGE('',*,*,#952,.F.);
#603=ORIENTED_EDGE('',*,*,#1046,.F.);
#604=ORIENTED_EDGE('',*,*,#1043,.F.);
#605=ORIENTED_EDGE('',*,*,#1030,.F.);
#606=ORIENTED_EDGE('',*,*,#1038,.F.);
#607=ORIENTED_EDGE('',*,*,#1047,.F.);
#608=ORIENTED_EDGE('',*,*,#1039,.F.);
#609=ORIENTED_EDGE('',*,*,#1034,.F.);
#610=ORIENTED_EDGE('',*,*,#1041,.F.);
#611=ORIENTED_EDGE('',*,*,#1019,.T.);
#612=ORIENTED_EDGE('',*,*,#918,.F.);
#613=ORIENTED_EDGE('',*,*,#1018,.T.);
#614=ORIENTED_EDGE('',*,*,#919,.F.);
#615=ORIENTED_EDGE('',*,*,#1017,.F.);
#616=ORIENTED_EDGE('',*,*,#920,.T.);
#617=ORIENTED_EDGE('',*,*,#1016,.F.);
#618=ORIENTED_EDGE('',*,*,#914,.T.);
#619=ORIENTED_EDGE('',*,*,#1050,.T.);
#620=ORIENTED_EDGE('',*,*,#1051,.T.);
#621=ORIENTED_EDGE('',*,*,#1052,.F.);
#622=ORIENTED_EDGE('',*,*,#1053,.T.);
#623=ORIENTED_EDGE('',*,*,#1054,.T.);
#624=ORIENTED_EDGE('',*,*,#1055,.T.);
#625=ORIENTED_EDGE('',*,*,#1056,.T.);
#626=ORIENTED_EDGE('',*,*,#1057,.T.);
#627=ORIENTED_EDGE('',*,*,#1058,.T.);
#628=ORIENTED_EDGE('',*,*,#1059,.T.);
#629=ORIENTED_EDGE('',*,*,#1060,.T.);
#630=ORIENTED_EDGE('',*,*,#1061,.T.);
#631=ORIENTED_EDGE('',*,*,#1062,.F.);
#632=ORIENTED_EDGE('',*,*,#1063,.T.);
#633=ORIENTED_EDGE('',*,*,#1064,.T.);
#634=ORIENTED_EDGE('',*,*,#1065,.T.);
#635=ORIENTED_EDGE('',*,*,#1066,.T.);
#636=ORIENTED_EDGE('',*,*,#1067,.T.);
#637=ORIENTED_EDGE('',*,*,#1068,.T.);
#638=ORIENTED_EDGE('',*,*,#1069,.T.);
#639=ORIENTED_EDGE('',*,*,#1070,.F.);
#640=ORIENTED_EDGE('',*,*,#1071,.F.);
#641=ORIENTED_EDGE('',*,*,#1072,.F.);
#642=ORIENTED_EDGE('',*,*,#1073,.F.);
#643=ORIENTED_EDGE('',*,*,#1056,.F.);
#644=ORIENTED_EDGE('',*,*,#1074,.T.);
#645=ORIENTED_EDGE('',*,*,#1052,.T.);
#646=ORIENTED_EDGE('',*,*,#1075,.T.);
#647=ORIENTED_EDGE('',*,*,#1062,.T.);
#648=ORIENTED_EDGE('',*,*,#1076,.T.);
#649=ORIENTED_EDGE('',*,*,#1050,.F.);
#650=ORIENTED_EDGE('',*,*,#913,.F.);
#651=ORIENTED_EDGE('',*,*,#993,.F.);
#652=ORIENTED_EDGE('',*,*,#1077,.T.);
#653=ORIENTED_EDGE('',*,*,#1075,.F.);
#654=ORIENTED_EDGE('',*,*,#1055,.F.);
#655=ORIENTED_EDGE('',*,*,#1078,.F.);
#656=ORIENTED_EDGE('',*,*,#1063,.F.);
#657=ORIENTED_EDGE('',*,*,#1066,.F.);
#658=ORIENTED_EDGE('',*,*,#1079,.T.);
#659=ORIENTED_EDGE('',*,*,#1080,.T.);
#660=ORIENTED_EDGE('',*,*,#1060,.F.);
#661=ORIENTED_EDGE('',*,*,#1081,.F.);
#662=ORIENTED_EDGE('',*,*,#1081,.T.);
#663=ORIENTED_EDGE('',*,*,#1078,.T.);
#664=ORIENTED_EDGE('',*,*,#1082,.F.);
#665=ORIENTED_EDGE('',*,*,#1082,.T.);
#666=ORIENTED_EDGE('',*,*,#1054,.F.);
#667=ORIENTED_EDGE('',*,*,#1083,.F.);
#668=ORIENTED_EDGE('',*,*,#1067,.F.);
#669=ORIENTED_EDGE('',*,*,#1058,.F.);
#670=ORIENTED_EDGE('',*,*,#1084,.T.);
#671=ORIENTED_EDGE('',*,*,#1068,.F.);
#672=ORIENTED_EDGE('',*,*,#1085,.F.);
#673=ORIENTED_EDGE('',*,*,#1085,.T.);
#674=ORIENTED_EDGE('',*,*,#1083,.T.);
#675=ORIENTED_EDGE('',*,*,#1086,.F.);
#676=ORIENTED_EDGE('',*,*,#1086,.T.);
#677=ORIENTED_EDGE('',*,*,#1053,.F.);
#678=ORIENTED_EDGE('',*,*,#1074,.F.);
#679=ORIENTED_EDGE('',*,*,#1059,.F.);
#680=ORIENTED_EDGE('',*,*,#1077,.F.);
#681=ORIENTED_EDGE('',*,*,#992,.F.);
#682=ORIENTED_EDGE('',*,*,#1087,.F.);
#683=ORIENTED_EDGE('',*,*,#1057,.F.);
#684=ORIENTED_EDGE('',*,*,#1087,.T.);
#685=ORIENTED_EDGE('',*,*,#991,.F.);
#686=ORIENTED_EDGE('',*,*,#1088,.F.);
#687=ORIENTED_EDGE('',*,*,#1084,.F.);
#688=ORIENTED_EDGE('',*,*,#1088,.T.);
#689=ORIENTED_EDGE('',*,*,#990,.F.);
#690=ORIENTED_EDGE('',*,*,#1089,.F.);
#691=ORIENTED_EDGE('',*,*,#1069,.F.);
#692=ORIENTED_EDGE('',*,*,#967,.F.);
#693=ORIENTED_EDGE('',*,*,#1090,.F.);
#694=ORIENTED_EDGE('',*,*,#1064,.F.);
#695=ORIENTED_EDGE('',*,*,#1089,.T.);
#696=ORIENTED_EDGE('',*,*,#1090,.T.);
#697=ORIENTED_EDGE('',*,*,#974,.F.);
#698=ORIENTED_EDGE('',*,*,#1091,.F.);
#699=ORIENTED_EDGE('',*,*,#1065,.F.);
#700=ORIENTED_EDGE('',*,*,#1091,.T.);
#701=ORIENTED_EDGE('',*,*,#973,.F.);
#702=ORIENTED_EDGE('',*,*,#1092,.F.);
#703=ORIENTED_EDGE('',*,*,#1079,.F.);
#704=ORIENTED_EDGE('',*,*,#1092,.T.);
#705=ORIENTED_EDGE('',*,*,#916,.F.);
#706=ORIENTED_EDGE('',*,*,#1093,.F.);
#707=ORIENTED_EDGE('',*,*,#1080,.F.);
#708=ORIENTED_EDGE('',*,*,#915,.F.);
#709=ORIENTED_EDGE('',*,*,#1051,.F.);
#710=ORIENTED_EDGE('',*,*,#1076,.F.);
#711=ORIENTED_EDGE('',*,*,#1061,.F.);
#712=ORIENTED_EDGE('',*,*,#1093,.T.);
#713=ORIENTED_EDGE('',*,*,#1094,.F.);
#714=ORIENTED_EDGE('',*,*,#1073,.T.);
#715=ORIENTED_EDGE('',*,*,#1095,.T.);
#716=ORIENTED_EDGE('',*,*,#1094,.T.);
#717=ORIENTED_EDGE('',*,*,#1096,.F.);
#718=ORIENTED_EDGE('',*,*,#1072,.T.);
#719=ORIENTED_EDGE('',*,*,#1097,.T.);
#720=ORIENTED_EDGE('',*,*,#1096,.T.);
#721=ORIENTED_EDGE('',*,*,#1098,.F.);
#722=ORIENTED_EDGE('',*,*,#1071,.T.);
#723=ORIENTED_EDGE('',*,*,#1099,.T.);
#724=ORIENTED_EDGE('',*,*,#1098,.T.);
#725=ORIENTED_EDGE('',*,*,#1100,.F.);
#726=ORIENTED_EDGE('',*,*,#1070,.T.);
#727=ORIENTED_EDGE('',*,*,#1101,.T.);
#728=ORIENTED_EDGE('',*,*,#1100,.T.);
#729=ORIENTED_EDGE('',*,*,#1102,.F.);
#730=ORIENTED_EDGE('',*,*,#1102,.T.);
#731=ORIENTED_EDGE('',*,*,#1101,.F.);
#732=ORIENTED_EDGE('',*,*,#1103,.F.);
#733=ORIENTED_EDGE('',*,*,#1103,.T.);
#734=ORIENTED_EDGE('',*,*,#1099,.F.);
#735=ORIENTED_EDGE('',*,*,#1104,.F.);
#736=ORIENTED_EDGE('',*,*,#1104,.T.);
#737=ORIENTED_EDGE('',*,*,#1097,.F.);
#738=ORIENTED_EDGE('',*,*,#1105,.F.);
#739=ORIENTED_EDGE('',*,*,#1105,.T.);
#740=ORIENTED_EDGE('',*,*,#1095,.F.);
#741=ORIENTED_EDGE('',*,*,#984,.F.);
#742=ORIENTED_EDGE('',*,*,#1106,.T.);
#743=ORIENTED_EDGE('',*,*,#894,.T.);
#744=ORIENTED_EDGE('',*,*,#1107,.T.);
#745=ORIENTED_EDGE('',*,*,#896,.T.);
#746=ORIENTED_EDGE('',*,*,#1108,.T.);
#747=ORIENTED_EDGE('',*,*,#982,.F.);
#748=ORIENTED_EDGE('',*,*,#908,.T.);
#749=ORIENTED_EDGE('',*,*,#1109,.T.);
#750=ORIENTED_EDGE('',*,*,#946,.F.);
#751=ORIENTED_EDGE('',*,*,#923,.T.);
#752=ORIENTED_EDGE('',*,*,#921,.F.);
#753=ORIENTED_EDGE('',*,*,#979,.T.);
#754=ORIENTED_EDGE('',*,*,#1110,.T.);
#755=ORIENTED_EDGE('',*,*,#892,.F.);
#756=ORIENTED_EDGE('',*,*,#1015,.T.);
#757=ORIENTED_EDGE('',*,*,#1111,.T.);
#758=ORIENTED_EDGE('',*,*,#904,.F.);
#759=ORIENTED_EDGE('',*,*,#948,.T.);
#760=ORIENTED_EDGE('',*,*,#1112,.T.);
#761=ORIENTED_EDGE('',*,*,#906,.F.);
#762=ORIENTED_EDGE('',*,*,#1113,.T.);
#763=ORIENTED_EDGE('',*,*,#1013,.T.);
#764=ORIENTED_EDGE('',*,*,#1026,.F.);
#765=ORIENTED_EDGE('',*,*,#983,.F.);
#766=ORIENTED_EDGE('',*,*,#1108,.F.);
#767=ORIENTED_EDGE('',*,*,#895,.F.);
#768=ORIENTED_EDGE('',*,*,#1106,.F.);
#769=ORIENTED_EDGE('',*,*,#985,.F.);
#770=ORIENTED_EDGE('',*,*,#1107,.F.);
#771=ORIENTED_EDGE('',*,*,#893,.F.);
#772=ORIENTED_EDGE('',*,*,#1110,.F.);
#773=ORIENTED_EDGE('',*,*,#907,.F.);
#774=ORIENTED_EDGE('',*,*,#1112,.F.);
#775=ORIENTED_EDGE('',*,*,#947,.F.);
#776=ORIENTED_EDGE('',*,*,#1109,.F.);
#777=ORIENTED_EDGE('',*,*,#905,.F.);
#778=ORIENTED_EDGE('',*,*,#1111,.F.);
#779=ORIENTED_EDGE('',*,*,#1014,.F.);
#780=ORIENTED_EDGE('',*,*,#1113,.F.);
#781=ORIENTED_EDGE('',*,*,#932,.F.);
#782=ORIENTED_EDGE('',*,*,#1114,.T.);
#783=ORIENTED_EDGE('',*,*,#1115,.T.);
#784=ORIENTED_EDGE('',*,*,#1116,.T.);
#785=ORIENTED_EDGE('',*,*,#943,.F.);
#786=ORIENTED_EDGE('',*,*,#1117,.T.);
#787=ORIENTED_EDGE('',*,*,#1118,.T.);
#788=ORIENTED_EDGE('',*,*,#1119,.T.);
#789=ORIENTED_EDGE('',*,*,#1120,.T.);
#790=ORIENTED_EDGE('',*,*,#1121,.T.);
#791=ORIENTED_EDGE('',*,*,#939,.F.);
#792=ORIENTED_EDGE('',*,*,#1122,.T.);
#793=ORIENTED_EDGE('',*,*,#936,.F.);
#794=ORIENTED_EDGE('',*,*,#1123,.T.);
#795=ORIENTED_EDGE('',*,*,#1124,.T.);
#796=ORIENTED_EDGE('',*,*,#1125,.T.);
#797=ORIENTED_EDGE('',*,*,#942,.F.);
#798=ORIENTED_EDGE('',*,*,#1022,.F.);
#799=ORIENTED_EDGE('',*,*,#1126,.F.);
#800=ORIENTED_EDGE('',*,*,#1117,.F.);
#801=ORIENTED_EDGE('',*,*,#1126,.T.);
#802=ORIENTED_EDGE('',*,*,#1004,.F.);
#803=ORIENTED_EDGE('',*,*,#1127,.F.);
#804=ORIENTED_EDGE('',*,*,#1118,.F.);
#805=ORIENTED_EDGE('',*,*,#944,.F.);
#806=ORIENTED_EDGE('',*,*,#1119,.F.);
#807=ORIENTED_EDGE('',*,*,#1127,.T.);
#808=ORIENTED_EDGE('',*,*,#890,.F.);
#809=ORIENTED_EDGE('',*,*,#933,.F.);
#810=ORIENTED_EDGE('',*,*,#1116,.F.);
#811=ORIENTED_EDGE('',*,*,#1128,.F.);
#812=ORIENTED_EDGE('',*,*,#1020,.F.);
#813=ORIENTED_EDGE('',*,*,#1128,.T.);
#814=ORIENTED_EDGE('',*,*,#1115,.F.);
#815=ORIENTED_EDGE('',*,*,#1129,.F.);
#816=ORIENTED_EDGE('',*,*,#1009,.F.);
#817=ORIENTED_EDGE('',*,*,#1129,.T.);
#818=ORIENTED_EDGE('',*,*,#1114,.F.);
#819=ORIENTED_EDGE('',*,*,#931,.F.);
#820=ORIENTED_EDGE('',*,*,#1027,.F.);
#821=ORIENTED_EDGE('',*,*,#935,.F.);
#822=ORIENTED_EDGE('',*,*,#1021,.F.);
#823=ORIENTED_EDGE('',*,*,#1130,.F.);
#824=ORIENTED_EDGE('',*,*,#1123,.F.);
#825=ORIENTED_EDGE('',*,*,#1130,.T.);
#826=ORIENTED_EDGE('',*,*,#1007,.F.);
#827=ORIENTED_EDGE('',*,*,#1131,.F.);
#828=ORIENTED_EDGE('',*,*,#1124,.F.);
#829=ORIENTED_EDGE('',*,*,#937,.F.);
#830=ORIENTED_EDGE('',*,*,#1125,.F.);
#831=ORIENTED_EDGE('',*,*,#1131,.T.);
#832=ORIENTED_EDGE('',*,*,#886,.F.);
#833=ORIENTED_EDGE('',*,*,#938,.F.);
#834=ORIENTED_EDGE('',*,*,#901,.F.);
#835=ORIENTED_EDGE('',*,*,#1132,.F.);
#836=ORIENTED_EDGE('',*,*,#1122,.F.);
#837=ORIENTED_EDGE('',*,*,#1132,.T.);
#838=ORIENTED_EDGE('',*,*,#1006,.F.);
#839=ORIENTED_EDGE('',*,*,#1133,.F.);
#840=ORIENTED_EDGE('',*,*,#1120,.F.);
#841=ORIENTED_EDGE('',*,*,#940,.F.);
#842=ORIENTED_EDGE('',*,*,#1121,.F.);
#843=ORIENTED_EDGE('',*,*,#1133,.T.);
#844=ORIENTED_EDGE('',*,*,#1023,.F.);
#845=ORIENTED_EDGE('',*,*,#1134,.T.);
#846=ORIENTED_EDGE('',*,*,#1135,.T.);
#847=ORIENTED_EDGE('',*,*,#1136,.T.);
#848=ORIENTED_EDGE('',*,*,#1137,.T.);
#849=ORIENTED_EDGE('',*,*,#1136,.F.);
#850=ORIENTED_EDGE('',*,*,#1138,.T.);
#851=ORIENTED_EDGE('',*,*,#1139,.T.);
#852=ORIENTED_EDGE('',*,*,#1140,.T.);
#853=ORIENTED_EDGE('',*,*,#1139,.F.);
#854=ORIENTED_EDGE('',*,*,#1141,.T.);
#855=ORIENTED_EDGE('',*,*,#1142,.T.);
#856=ORIENTED_EDGE('',*,*,#1143,.T.);
#857=ORIENTED_EDGE('',*,*,#1141,.F.);
#858=ORIENTED_EDGE('',*,*,#1144,.T.);
#859=ORIENTED_EDGE('',*,*,#976,.T.);
#860=ORIENTED_EDGE('',*,*,#1145,.T.);
#861=ORIENTED_EDGE('',*,*,#1146,.T.);
#862=ORIENTED_EDGE('',*,*,#1145,.F.);
#863=ORIENTED_EDGE('',*,*,#926,.F.);
#864=ORIENTED_EDGE('',*,*,#1146,.F.);
#865=ORIENTED_EDGE('',*,*,#929,.F.);
#866=ORIENTED_EDGE('',*,*,#1140,.F.);
#867=ORIENTED_EDGE('',*,*,#928,.F.);
#868=ORIENTED_EDGE('',*,*,#1143,.F.);
#869=ORIENTED_EDGE('',*,*,#927,.F.);
#870=ORIENTED_EDGE('',*,*,#1137,.F.);
#871=ORIENTED_EDGE('',*,*,#1147,.F.);
#872=ORIENTED_EDGE('',*,*,#969,.F.);
#873=ORIENTED_EDGE('',*,*,#1148,.F.);
#874=ORIENTED_EDGE('',*,*,#1134,.F.);
#875=ORIENTED_EDGE('',*,*,#1148,.T.);
#876=ORIENTED_EDGE('',*,*,#989,.F.);
#877=ORIENTED_EDGE('',*,*,#970,.F.);
#878=ORIENTED_EDGE('',*,*,#1147,.T.);
#879=ORIENTED_EDGE('',*,*,#1135,.F.);
#880=ORIENTED_EDGE('',*,*,#977,.F.);
#881=ORIENTED_EDGE('',*,*,#1138,.F.);
#882=ORIENTED_EDGE('',*,*,#978,.F.);
#883=ORIENTED_EDGE('',*,*,#1144,.F.);
#884=ORIENTED_EDGE('',*,*,#1142,.F.);
#885=EDGE_CURVE('',#1149,#1150,#1333,.T.);
#886=EDGE_CURVE('',#1149,#1151,#1334,.T.);
#887=EDGE_CURVE('',#1151,#1152,#1335,.T.);
#888=EDGE_CURVE('',#1150,#1152,#1336,.T.);
#889=EDGE_CURVE('',#1153,#1154,#1337,.T.);
#890=EDGE_CURVE('',#1153,#1155,#1338,.T.);
#891=EDGE_CURVE('',#1155,#1156,#1339,.T.);
#892=EDGE_CURVE('',#1156,#1157,#1340,.T.);
#893=EDGE_CURVE('',#1157,#1158,#1341,.T.);
#894=EDGE_CURVE('',#1159,#1158,#1342,.T.);
#895=EDGE_CURVE('',#1159,#1160,#1343,.T.);
#896=EDGE_CURVE('',#1161,#1160,#1344,.T.);
#897=EDGE_CURVE('',#1161,#1162,#1345,.T.);
#898=EDGE_CURVE('',#1163,#1162,#1346,.T.);
#899=EDGE_CURVE('',#1154,#1163,#1347,.F.);
#900=EDGE_CURVE('',#1152,#1164,#1348,.T.);
#901=EDGE_CURVE('',#1164,#1165,#1349,.T.);
#902=EDGE_CURVE('',#1150,#1165,#1350,.T.);
#903=EDGE_CURVE('',#1166,#1167,#1351,.T.);
#904=EDGE_CURVE('',#1167,#1168,#186,.T.);
#905=EDGE_CURVE('',#1168,#1169,#97,.T.);
#906=EDGE_CURVE('',#1169,#1170,#187,.T.);
#907=EDGE_CURVE('',#1170,#1171,#98,.T.);
#908=EDGE_CURVE('',#1172,#1171,#188,.T.);
#909=EDGE_CURVE('',#1172,#1173,#1352,.T.);
#910=EDGE_CURVE('',#1173,#1174,#1353,.T.);
#911=EDGE_CURVE('',#1175,#1174,#189,.T.);
#912=EDGE_CURVE('',#1176,#1175,#190,.T.);
#913=EDGE_CURVE('',#1176,#1177,#191,.T.);
#914=EDGE_CURVE('',#1178,#1177,#99,.F.);
#915=EDGE_CURVE('',#1178,#1179,#192,.F.);
#916=EDGE_CURVE('',#1179,#1180,#100,.T.);
#917=EDGE_CURVE('',#1180,#1166,#1354,.T.);
#918=EDGE_CURVE('',#1181,#1181,#101,.T.);
#919=EDGE_CURVE('',#1182,#1182,#102,.T.);
#920=EDGE_CURVE('',#1183,#1183,#103,.F.);
#921=EDGE_CURVE('',#1161,#1184,#193,.T.);
#922=EDGE_CURVE('',#1162,#1184,#1355,.T.);
#923=EDGE_CURVE('',#1185,#1184,#194,.T.);
#924=EDGE_CURVE('',#1186,#1185,#1356,.T.);
#925=EDGE_CURVE('',#1163,#1186,#195,.F.);
#926=EDGE_CURVE('',#1187,#1187,#104,.F.);
#927=EDGE_CURVE('',#1188,#1188,#105,.F.);
#928=EDGE_CURVE('',#1189,#1189,#106,.F.);
#929=EDGE_CURVE('',#1190,#1190,#107,.F.);
#930=EDGE_CURVE('',#1191,#1192,#196,.F.);
#931=EDGE_CURVE('',#1192,#1193,#1357,.T.);
#932=EDGE_CURVE('',#1193,#1194,#108,.T.);
#933=EDGE_CURVE('',#1194,#1195,#1358,.T.);
#934=EDGE_CURVE('',#1195,#1196,#1359,.T.);
#935=EDGE_CURVE('',#1196,#1197,#1360,.T.);
#936=EDGE_CURVE('',#1197,#1198,#109,.T.);
#937=EDGE_CURVE('',#1198,#1149,#1361,.T.);
#938=EDGE_CURVE('',#1165,#1199,#1362,.T.);
#939=EDGE_CURVE('',#1199,#1200,#110,.T.);
#940=EDGE_CURVE('',#1200,#1201,#1363,.T.);
#941=EDGE_CURVE('',#1201,#1202,#1364,.T.);
#942=EDGE_CURVE('',#1202,#1203,#1365,.T.);
#943=EDGE_CURVE('',#1203,#1204,#111,.T.);
#944=EDGE_CURVE('',#1204,#1153,#1366,.T.);
#945=EDGE_CURVE('',#1154,#1186,#1367,.T.);
#946=EDGE_CURVE('',#1185,#1205,#197,.T.);
#947=EDGE_CURVE('',#1205,#1206,#112,.F.);
#948=EDGE_CURVE('',#1207,#1206,#198,.T.);
#949=EDGE_CURVE('',#1207,#1208,#1368,.T.);
#950=EDGE_CURVE('',#1208,#1209,#199,.T.);
#951=EDGE_CURVE('',#1209,#1210,#200,.F.);
#952=EDGE_CURVE('',#1210,#1211,#201,.T.);
#953=EDGE_CURVE('',#1212,#1211,#202,.F.);
#954=EDGE_CURVE('',#1213,#1212,#1369,.T.);
#955=EDGE_CURVE('',#1214,#1213,#91,.F.);
#956=EDGE_CURVE('',#1215,#1214,#203,.F.);
#957=EDGE_CURVE('',#1216,#1215,#204,.T.);
#958=EDGE_CURVE('',#1217,#1216,#1370,.T.);
#959=EDGE_CURVE('',#1218,#1217,#1371,.F.);
#960=EDGE_CURVE('',#1219,#1218,#205,.T.);
#961=EDGE_CURVE('',#1219,#1220,#206,.T.);
#962=EDGE_CURVE('',#1221,#1220,#1372,.T.);
#963=EDGE_CURVE('',#1222,#1221,#1373,.T.);
#964=EDGE_CURVE('',#1223,#1222,#207,.F.);
#965=EDGE_CURVE('',#1223,#1191,#208,.F.);
#966=EDGE_CURVE('',#1224,#1225,#1374,.T.);
#967=EDGE_CURVE('',#1225,#1226,#209,.F.);
#968=EDGE_CURVE('',#1224,#1226,#210,.T.);
#969=EDGE_CURVE('',#1227,#1228,#1375,.T.);
#970=EDGE_CURVE('',#1228,#1229,#1376,.T.);
#971=EDGE_CURVE('',#1222,#1229,#1377,.T.);
#972=EDGE_CURVE('',#1221,#1166,#1378,.T.);
#973=EDGE_CURVE('',#1180,#1230,#1379,.T.);
#974=EDGE_CURVE('',#1230,#1225,#1380,.T.);
#975=EDGE_CURVE('',#1227,#1224,#1381,.T.);
#976=EDGE_CURVE('',#1231,#1231,#1382,.F.);
#977=EDGE_CURVE('',#1232,#1232,#1383,.T.);
#978=EDGE_CURVE('',#1233,#1233,#1384,.T.);
#979=EDGE_CURVE('',#1167,#1234,#1385,.T.);
#980=EDGE_CURVE('',#1235,#1220,#1386,.T.);
#981=EDGE_CURVE('',#1235,#1173,#1387,.T.);
#982=EDGE_CURVE('',#1172,#1236,#1388,.T.);
#983=EDGE_CURVE('',#1236,#1237,#1389,.T.);
#984=EDGE_CURVE('',#1237,#1238,#1390,.T.);
#985=EDGE_CURVE('',#1238,#1234,#1391,.T.);
#986=EDGE_CURVE('',#1174,#1216,#211,.T.);
#987=EDGE_CURVE('',#1175,#1215,#113,.T.);
#988=EDGE_CURVE('',#1173,#1217,#212,.T.);
#989=EDGE_CURVE('',#1229,#1227,#1392,.T.);
#990=EDGE_CURVE('',#1226,#1239,#92,.F.);
#991=EDGE_CURVE('',#1239,#1240,#1393,.T.);
#992=EDGE_CURVE('',#1240,#1241,#93,.T.);
#993=EDGE_CURVE('',#1241,#1176,#94,.F.);
#994=EDGE_CURVE('',#1242,#1214,#1394,.F.);
#995=EDGE_CURVE('',#1242,#1212,#114,.T.);
#996=EDGE_CURVE('',#1211,#1243,#1395,.T.);
#997=EDGE_CURVE('',#1243,#1244,#115,.T.);
#998=EDGE_CURVE('',#1245,#1244,#213,.T.);
#999=EDGE_CURVE('',#1246,#1245,#116,.T.);
#1000=EDGE_CURVE('',#1246,#1223,#1396,.T.);
#1001=EDGE_CURVE('',#1235,#1218,#214,.T.);
#1002=EDGE_CURVE('',#1235,#1219,#1397,.T.);
#1003=EDGE_CURVE('',#1213,#1242,#1398,.T.);
#1004=EDGE_CURVE('',#1155,#1247,#117,.F.);
#1005=EDGE_CURVE('',#1248,#1247,#1399,.T.);
#1006=EDGE_CURVE('',#1248,#1164,#118,.F.);
#1007=EDGE_CURVE('',#1151,#1249,#119,.F.);
#1008=EDGE_CURVE('',#1250,#1249,#1400,.T.);
#1009=EDGE_CURVE('',#1250,#1251,#120,.F.);
#1010=EDGE_CURVE('',#1251,#1252,#215,.T.);
#1011=EDGE_CURVE('',#1252,#1253,#216,.T.);
#1012=EDGE_CURVE('',#1254,#1253,#1401,.T.);
#1013=EDGE_CURVE('',#1255,#1254,#217,.T.);
#1014=EDGE_CURVE('',#1255,#1256,#121,.F.);
#1015=EDGE_CURVE('',#1156,#1256,#218,.T.);
#1016=EDGE_CURVE('',#1257,#1257,#122,.T.);
#1017=EDGE_CURVE('',#1258,#1258,#123,.T.);
#1018=EDGE_CURVE('',#1259,#1259,#124,.T.);
#1019=EDGE_CURVE('',#1260,#1260,#125,.T.);
#1020=EDGE_CURVE('',#1195,#1250,#1402,.T.);
#1021=EDGE_CURVE('',#1249,#1196,#1403,.T.);
#1022=EDGE_CURVE('',#1247,#1202,#1404,.T.);
#1023=EDGE_CURVE('',#1201,#1248,#1405,.T.);
#1024=EDGE_CURVE('',#1253,#1208,#219,.T.);
#1025=EDGE_CURVE('',#1252,#1209,#126,.F.);
#1026=EDGE_CURVE('',#1207,#1254,#220,.T.);
#1027=EDGE_CURVE('',#1251,#1192,#1406,.T.);
#1028=EDGE_CURVE('',#1210,#1191,#221,.T.);
#1029=EDGE_CURVE('',#1261,#1262,#1407,.T.);
#1030=EDGE_CURVE('',#1261,#1263,#1408,.T.);
#1031=EDGE_CURVE('',#1264,#1263,#127,.T.);
#1032=EDGE_CURVE('',#1264,#1265,#222,.T.);
#1033=EDGE_CURVE('',#1265,#1266,#128,.T.);
#1034=EDGE_CURVE('',#1266,#1262,#1409,.T.);
#1035=EDGE_CURVE('',#1265,#1244,#223,.T.);
#1036=EDGE_CURVE('',#1264,#1245,#224,.T.);
#1037=EDGE_CURVE('',#1267,#1268,#129,.T.);
#1038=EDGE_CURVE('',#1268,#1261,#225,.T.);
#1039=EDGE_CURVE('',#1262,#1267,#226,.F.);
#1040=EDGE_CURVE('',#1269,#1270,#227,.T.);
#1041=EDGE_CURVE('',#1269,#1266,#228,.F.);
#1042=EDGE_CURVE('',#1243,#1270,#229,.F.);
#1043=EDGE_CURVE('',#1263,#1271,#230,.F.);
#1044=EDGE_CURVE('',#1271,#1272,#231,.T.);
#1045=EDGE_CURVE('',#1272,#1246,#232,.T.);
#1046=EDGE_CURVE('',#1271,#1268,#130,.T.);
#1047=EDGE_CURVE('',#1267,#1269,#131,.T.);
#1048=EDGE_CURVE('',#1270,#1210,#132,.F.);
#1049=EDGE_CURVE('',#1191,#1272,#133,.F.);
#1050=EDGE_CURVE('',#1177,#1273,#233,.T.);
#1051=EDGE_CURVE('',#1273,#1178,#1410,.F.);
#1052=EDGE_CURVE('',#1274,#1275,#234,.T.);
#1053=EDGE_CURVE('',#1274,#1276,#235,.F.);
#1054=EDGE_CURVE('',#1276,#1277,#236,.T.);
#1055=EDGE_CURVE('',#1277,#1275,#237,.T.);
#1056=EDGE_CURVE('',#1278,#1279,#238,.T.);
#1057=EDGE_CURVE('',#1279,#1280,#95,.T.);
#1058=EDGE_CURVE('',#1280,#1281,#239,.F.);
#1059=EDGE_CURVE('',#1281,#1278,#240,.T.);
#1060=EDGE_CURVE('',#1282,#1283,#241,.T.);
#1061=EDGE_CURVE('',#1283,#1284,#242,.T.);
#1062=EDGE_CURVE('',#1285,#1284,#243,.T.);
#1063=EDGE_CURVE('',#1285,#1282,#244,.F.);
#1064=EDGE_CURVE('',#1286,#1287,#245,.T.);
#1065=EDGE_CURVE('',#1287,#1288,#1411,.T.);
#1066=EDGE_CURVE('',#1288,#1289,#246,.F.);
#1067=EDGE_CURVE('',#1289,#1290,#247,.F.);
#1068=EDGE_CURVE('',#1290,#1291,#248,.T.);
#1069=EDGE_CURVE('',#1291,#1286,#96,.F.);
#1070=EDGE_CURVE('',#1292,#1292,#134,.F.);
#1071=EDGE_CURVE('',#1293,#1293,#135,.F.);
#1072=EDGE_CURVE('',#1294,#1294,#136,.F.);
#1073=EDGE_CURVE('',#1295,#1295,#137,.F.);
#1074=EDGE_CURVE('',#1278,#1274,#138,.F.);
#1075=EDGE_CURVE('',#1275,#1285,#139,.F.);
#1076=EDGE_CURVE('',#1284,#1273,#140,.T.);
#1077=EDGE_CURVE('',#1241,#1279,#1412,.T.);
#1078=EDGE_CURVE('',#1282,#1277,#141,.T.);
#1079=EDGE_CURVE('',#1288,#1296,#1413,.T.);
#1080=EDGE_CURVE('',#1296,#1283,#142,.F.);
#1081=EDGE_CURVE('',#1289,#1282,#143,.T.);
#1082=EDGE_CURVE('',#1289,#1277,#144,.F.);
#1083=EDGE_CURVE('',#1290,#1276,#145,.T.);
#1084=EDGE_CURVE('',#1280,#1291,#1414,.T.);
#1085=EDGE_CURVE('',#1281,#1290,#146,.T.);
#1086=EDGE_CURVE('',#1281,#1276,#147,.F.);
#1087=EDGE_CURVE('',#1280,#1240,#148,.T.);
#1088=EDGE_CURVE('',#1291,#1239,#149,.T.);
#1089=EDGE_CURVE('',#1286,#1226,#150,.T.);
#1090=EDGE_CURVE('',#1287,#1225,#1415,.F.);
#1091=EDGE_CURVE('',#1288,#1230,#151,.T.);
#1092=EDGE_CURVE('',#1296,#1180,#152,.T.);
#1093=EDGE_CURVE('',#1283,#1179,#153,.T.);
#1094=EDGE_CURVE('',#1297,#1297,#154,.T.);
#1095=EDGE_CURVE('',#1298,#1298,#155,.T.);
#1096=EDGE_CURVE('',#1299,#1299,#156,.T.);
#1097=EDGE_CURVE('',#1300,#1300,#157,.T.);
#1098=EDGE_CURVE('',#1301,#1301,#158,.T.);
#1099=EDGE_CURVE('',#1302,#1302,#159,.T.);
#1100=EDGE_CURVE('',#1303,#1303,#160,.T.);
#1101=EDGE_CURVE('',#1304,#1304,#161,.T.);
#1102=EDGE_CURVE('',#1306,#1306,#162,.T.);
#1103=EDGE_CURVE('',#1308,#1308,#163,.T.);
#1104=EDGE_CURVE('',#1310,#1310,#164,.T.);
#1105=EDGE_CURVE('',#1312,#1312,#165,.T.);
#1106=EDGE_CURVE('',#1237,#1159,#249,.T.);
#1107=EDGE_CURVE('',#1158,#1238,#250,.F.);
#1108=EDGE_CURVE('',#1160,#1236,#251,.F.);
#1109=EDGE_CURVE('',#1171,#1205,#252,.T.);
#1110=EDGE_CURVE('',#1234,#1157,#253,.T.);
#1111=EDGE_CURVE('',#1256,#1168,#254,.F.);
#1112=EDGE_CURVE('',#1206,#1170,#255,.F.);
#1113=EDGE_CURVE('',#1169,#1255,#256,.T.);
#1114=EDGE_CURVE('',#1193,#1313,#1416,.T.);
#1115=EDGE_CURVE('',#1313,#1314,#166,.T.);
#1116=EDGE_CURVE('',#1314,#1194,#1417,.T.);
#1117=EDGE_CURVE('',#1203,#1315,#1418,.T.);
#1118=EDGE_CURVE('',#1315,#1316,#167,.T.);
#1119=EDGE_CURVE('',#1316,#1204,#1419,.T.);
#1120=EDGE_CURVE('',#1317,#1318,#168,.T.);
#1121=EDGE_CURVE('',#1318,#1200,#1420,.T.);
#1122=EDGE_CURVE('',#1199,#1317,#1421,.T.);
#1123=EDGE_CURVE('',#1197,#1319,#1422,.T.);
#1124=EDGE_CURVE('',#1319,#1320,#169,.T.);
#1125=EDGE_CURVE('',#1320,#1198,#1423,.T.);
#1126=EDGE_CURVE('',#1315,#1247,#170,.T.);
#1127=EDGE_CURVE('',#1316,#1155,#171,.T.);
#1128=EDGE_CURVE('',#1250,#1314,#172,.T.);
#1129=EDGE_CURVE('',#1251,#1313,#173,.T.);
#1130=EDGE_CURVE('',#1319,#1249,#174,.T.);
#1131=EDGE_CURVE('',#1320,#1151,#175,.T.);
#1132=EDGE_CURVE('',#1317,#1164,#176,.T.);
#1133=EDGE_CURVE('',#1318,#1248,#177,.T.);
#1134=EDGE_CURVE('',#1321,#1322,#1424,.T.);
#1135=EDGE_CURVE('',#1322,#1321,#1425,.T.);
#1136=EDGE_CURVE('',#1323,#1323,#178,.T.);
#1137=EDGE_CURVE('',#1324,#1324,#179,.T.);
#1138=EDGE_CURVE('',#1325,#1325,#1426,.T.);
#1139=EDGE_CURVE('',#1326,#1326,#180,.T.);
#1140=EDGE_CURVE('',#1327,#1327,#181,.T.);
#1141=EDGE_CURVE('',#1328,#1329,#182,.T.);
#1142=EDGE_CURVE('',#1329,#1328,#1427,.T.);
#1143=EDGE_CURVE('',#1330,#1330,#183,.T.);
#1144=EDGE_CURVE('',#1328,#1329,#1428,.T.);
#1145=EDGE_CURVE('',#1331,#1331,#184,.T.);
#1146=EDGE_CURVE('',#1332,#1332,#185,.T.);
#1147=EDGE_CURVE('',#1228,#1321,#1429,.T.);
#1148=EDGE_CURVE('',#1322,#1227,#1430,.F.);
#1149=VERTEX_POINT('',#2556);
#1150=VERTEX_POINT('',#2557);
#1151=VERTEX_POINT('',#2563);
#1152=VERTEX_POINT('',#2694);
#1153=VERTEX_POINT('',#2825);
#1154=VERTEX_POINT('',#2826);
#1155=VERTEX_POINT('',#2832);
#1156=VERTEX_POINT('',#3353);
#1157=VERTEX_POINT('',#3358);
#1158=VERTEX_POINT('',#3363);
#1159=VERTEX_POINT('',#3368);
#1160=VERTEX_POINT('',#3374);
#1161=VERTEX_POINT('',#3380);
#1162=VERTEX_POINT('',#3901);
#1163=VERTEX_POINT('',#3906);
#1164=VERTEX_POINT('',#4582);
#1165=VERTEX_POINT('',#4588);
#1166=VERTEX_POINT('',#5118);
#1167=VERTEX_POINT('',#5119);
#1168=VERTEX_POINT('',#5121);
#1169=VERTEX_POINT('',#5123);
#1170=VERTEX_POINT('',#5125);
#1171=VERTEX_POINT('',#5127);
#1172=VERTEX_POINT('',#5129);
#1173=VERTEX_POINT('',#5650);
#1174=VERTEX_POINT('',#5655);
#1175=VERTEX_POINT('',#5657);
#1176=VERTEX_POINT('',#5659);
#1177=VERTEX_POINT('',#5661);
#1178=VERTEX_POINT('',#5663);
#1179=VERTEX_POINT('',#5665);
#1180=VERTEX_POINT('',#5667);
#1181=VERTEX_POINT('',#5799);
#1182=VERTEX_POINT('',#5801);
#1183=VERTEX_POINT('',#5803);
#1184=VERTEX_POINT('',#5806);
#1185=VERTEX_POINT('',#5820);
#1186=VERTEX_POINT('',#5825);
#1187=VERTEX_POINT('',#5829);
#1188=VERTEX_POINT('',#5831);
#1189=VERTEX_POINT('',#5833);
#1190=VERTEX_POINT('',#5835);
#1191=VERTEX_POINT('',#5837);
#1192=VERTEX_POINT('',#5838);
#1193=VERTEX_POINT('',#5844);
#1194=VERTEX_POINT('',#5846);
#1195=VERTEX_POINT('',#5852);
#1196=VERTEX_POINT('',#5862);
#1197=VERTEX_POINT('',#5868);
#1198=VERTEX_POINT('',#5870);
#1199=VERTEX_POINT('',#5883);
#1200=VERTEX_POINT('',#5885);
#1201=VERTEX_POINT('',#5892);
#1202=VERTEX_POINT('',#5901);
#1203=VERTEX_POINT('',#5907);
#1204=VERTEX_POINT('',#5909);
#1205=VERTEX_POINT('',#5921);
#1206=VERTEX_POINT('',#5923);
#1207=VERTEX_POINT('',#5925);
#1208=VERTEX_POINT('',#5930);
#1209=VERTEX_POINT('',#5932);
#1210=VERTEX_POINT('',#5934);
#1211=VERTEX_POINT('',#5936);
#1212=VERTEX_POINT('',#5938);
#1213=VERTEX_POINT('',#5943);
#1214=VERTEX_POINT('',#5945);
#1215=VERTEX_POINT('',#5947);
#1216=VERTEX_POINT('',#5949);
#1217=VERTEX_POINT('',#5956);
#1218=VERTEX_POINT('',#5976);
#1219=VERTEX_POINT('',#5978);
#1220=VERTEX_POINT('',#5980);
#1221=VERTEX_POINT('',#6009);
#1222=VERTEX_POINT('',#6022);
#1223=VERTEX_POINT('',#6024);
#1224=VERTEX_POINT('',#6157);
#1225=VERTEX_POINT('',#6158);
#1226=VERTEX_POINT('',#6160);
#1227=VERTEX_POINT('',#6383);
#1228=VERTEX_POINT('',#6384);
#1229=VERTEX_POINT('',#6389);
#1230=VERTEX_POINT('',#6439);
#1231=VERTEX_POINT('',#6471);
#1232=VERTEX_POINT('',#7124);
#1233=VERTEX_POINT('',#7144);
#1234=VERTEX_POINT('',#7149);
#1235=VERTEX_POINT('',#7154);
#1236=VERTEX_POINT('',#7168);
#1237=VERTEX_POINT('',#7173);
#1238=VERTEX_POINT('',#7178);
#1239=VERTEX_POINT('',#7207);
#1240=VERTEX_POINT('',#7215);
#1241=VERTEX_POINT('',#7217);
#1242=VERTEX_POINT('',#7223);
#1243=VERTEX_POINT('',#7230);
#1244=VERTEX_POINT('',#7232);
#1245=VERTEX_POINT('',#7234);
#1246=VERTEX_POINT('',#7236);
#1247=VERTEX_POINT('',#7281);
#1248=VERTEX_POINT('',#7802);
#1249=VERTEX_POINT('',#7805);
#1250=VERTEX_POINT('',#7936);
#1251=VERTEX_POINT('',#7938);
#1252=VERTEX_POINT('',#7940);
#1253=VERTEX_POINT('',#7942);
#1254=VERTEX_POINT('',#7947);
#1255=VERTEX_POINT('',#7949);
#1256=VERTEX_POINT('',#7951);
#1257=VERTEX_POINT('',#7954);
#1258=VERTEX_POINT('',#7956);
#1259=VERTEX_POINT('',#7958);
#1260=VERTEX_POINT('',#7960);
#1261=VERTEX_POINT('',#8246);
#1262=VERTEX_POINT('',#8247);
#1263=VERTEX_POINT('',#8253);
#1264=VERTEX_POINT('',#8255);
#1265=VERTEX_POINT('',#8257);
#1266=VERTEX_POINT('',#8259);
#1267=VERTEX_POINT('',#8270);
#1268=VERTEX_POINT('',#8271);
#1269=VERTEX_POINT('',#8276);
#1270=VERTEX_POINT('',#8277);
#1271=VERTEX_POINT('',#8282);
#1272=VERTEX_POINT('',#8284);
#1273=VERTEX_POINT('',#8300);
#1274=VERTEX_POINT('',#8308);
#1275=VERTEX_POINT('',#8309);
#1276=VERTEX_POINT('',#8311);
#1277=VERTEX_POINT('',#8313);
#1278=VERTEX_POINT('',#8317);
#1279=VERTEX_POINT('',#8318);
#1280=VERTEX_POINT('',#8320);
#1281=VERTEX_POINT('',#8322);
#1282=VERTEX_POINT('',#8326);
#1283=VERTEX_POINT('',#8327);
#1284=VERTEX_POINT('',#8329);
#1285=VERTEX_POINT('',#8331);
#1286=VERTEX_POINT('',#8335);
#1287=VERTEX_POINT('',#8336);
#1288=VERTEX_POINT('',#8341);
#1289=VERTEX_POINT('',#8343);
#1290=VERTEX_POINT('',#8345);
#1291=VERTEX_POINT('',#8347);
#1292=VERTEX_POINT('',#8351);
#1293=VERTEX_POINT('',#8353);
#1294=VERTEX_POINT('',#8355);
#1295=VERTEX_POINT('',#8357);
#1296=VERTEX_POINT('',#8373);
#1297=VERTEX_POINT('',#8501);
#1298=VERTEX_POINT('',#8504);
#1299=VERTEX_POINT('',#8507);
#1300=VERTEX_POINT('',#8510);
#1301=VERTEX_POINT('',#8513);
#1302=VERTEX_POINT('',#8516);
#1303=VERTEX_POINT('',#8519);
#1304=VERTEX_POINT('',#8522);
#1305=VERTEX_POINT('',#8524);
#1306=VERTEX_POINT('',#8526);
#1307=VERTEX_POINT('',#8529);
#1308=VERTEX_POINT('',#8531);
#1309=VERTEX_POINT('',#8534);
#1310=VERTEX_POINT('',#8536);
#1311=VERTEX_POINT('',#8539);
#1312=VERTEX_POINT('',#8541);
#1313=VERTEX_POINT('',#8565);
#1314=VERTEX_POINT('',#8567);
#1315=VERTEX_POINT('',#8579);
#1316=VERTEX_POINT('',#8581);
#1317=VERTEX_POINT('',#8589);
#1318=VERTEX_POINT('',#8590);
#1319=VERTEX_POINT('',#8607);
#1320=VERTEX_POINT('',#8609);
#1321=VERTEX_POINT('',#8796);
#1322=VERTEX_POINT('',#8797);
#1323=VERTEX_POINT('',#8810);
#1324=VERTEX_POINT('',#8813);
#1325=VERTEX_POINT('',#8832);
#1326=VERTEX_POINT('',#8834);
#1327=VERTEX_POINT('',#8837);
#1328=VERTEX_POINT('',#8840);
#1329=VERTEX_POINT('',#8841);
#1330=VERTEX_POINT('',#8858);
#1331=VERTEX_POINT('',#8866);
#1332=VERTEX_POINT('',#8869);
#1333=B_SPLINE_CURVE_WITH_KNOTS('',3,(#2552,#2553,#2554,#2555),
 .UNSPECIFIED.,.F.,.F.,(4,4),(0.0680247445680456,0.0750714332493636),
 .UNSPECIFIED.);
#1334=B_SPLINE_CURVE_WITH_KNOTS('',3,(#2558,#2559,#2560,#2561,#2562),
 .UNSPECIFIED.,.F.,.F.,(4,1,4),(3.37090294607909E-16,0.00304500806744769,
0.00609001613489504),.UNSPECIFIED.);
#1335=B_SPLINE_CURVE_WITH_KNOTS('',3,(#2564,#2565,#2566,#2567,#2568,#2569,
#2570,#2571,#2572,#2573,#2574,#2575,#2576,#2577,#2578,#2579,#2580,#2581,
#2582,#2583,#2584,#2585,#2586,#2587,#2588,#2589,#2590,#2591,#2592,#2593,
#2594,#2595,#2596,#2597,#2598,#2599,#2600,#2601,#2602,#2603,#2604,#2605,
#2606,#2607,#2608,#2609,#2610,#2611,#2612,#2613,#2614,#2615,#2616,#2617,
#2618,#2619,#2620,#2621,#2622,#2623,#2624,#2625,#2626,#2627,#2628,#2629,
#2630,#2631,#2632,#2633,#2634,#2635,#2636,#2637,#2638,#2639,#2640,#2641,
#2642,#2643,#2644,#2645,#2646,#2647,#2648,#2649,#2650,#2651,#2652,#2653,
#2654,#2655,#2656,#2657,#2658,#2659,#2660,#2661,#2662,#2663,#2664,#2665,
#2666,#2667,#2668,#2669,#2670,#2671,#2672,#2673,#2674,#2675,#2676,#2677,
#2678,#2679,#2680,#2681,#2682,#2683,#2684,#2685,#2686,#2687,#2688,#2689,
#2690,#2691,#2692,#2693),.UNSPECIFIED.,.F.,.F.,(4,3,3,3,3,3,3,3,3,3,3,3,
3,3,3,3,3,3,3,3,3,3,3,3,3,3,3,3,3,3,3,3,3,3,3,3,3,3,3,3,3,3,3,4),(2.40010729272916E-10,
0.00181736621764716,0.00424549831078464,0.00667389013896321,0.00855664887376742,
0.00910242141407979,0.0139606861735401,0.0171132977475348,0.0188208015936648,
0.0213916221844185,0.0236804149901476,0.0254791536224643,0.0279586399531959,
0.0285402879302517,0.029948271058186,0.0334005450748346,0.0342265954950697,
0.0358297660687833,0.0382601410352535,0.0385049199319534,0.0414719326760284,
0.0427832443688371,0.0431200701556205,0.045531642143844,0.0470615688057208,
0.0479799529142254,0.0504098677802026,0.0513398932426045,0.0528399938010227,
0.0534790554610464,0.0550298433893747,0.0552695878183148,0.0556182176794882,
0.0564849368537232,0.057698115160467,0.0577573798979301,0.0596376120313195,
0.0598965421163719,0.0601214247455032,0.0625403669644902,0.0641748665532556,
0.0649552444217931,0.0673668670120335,0.0684531909901394),.UNSPECIFIED.);
#1336=B_SPLINE_CURVE_WITH_KNOTS('',3,(#2695,#2696,#2697,#2698,#2699,#2700,
#2701,#2702,#2703,#2704,#2705,#2706,#2707),.UNSPECIFIED.,.F.,.F.,(4,1,1,
1,1,1,1,1,1,1,4),(0.178038251651318,0.383528688738488,0.589019125825659,
0.691764344369244,0.794509562912829,0.845882172184622,0.897254781456415,
0.948627390728207,0.974313695364104,0.987156847682052,1.),.UNSPECIFIED.);
#1337=B_SPLINE_CURVE_WITH_KNOTS('',3,(#2818,#2819,#2820,#2821,#2822,#2823,
#2824),.UNSPECIFIED.,.F.,.F.,(4,1,1,1,4),(0.0833475340538006,0.0870355702086287,
0.0907236063634569,0.094411642518285,0.0980996786731131),.UNSPECIFIED.);
#1338=B_SPLINE_CURVE_WITH_KNOTS('',3,(#2827,#2828,#2829,#2830,#2831),
 .UNSPECIFIED.,.F.,.F.,(4,1,4),(1.49478415232535E-17,0.00296889234598029,
0.00593778469196057),.UNSPECIFIED.);
#1339=B_SPLINE_CURVE_WITH_KNOTS('',3,(#2833,#2834,#2835,#2836,#2837,#2838,
#2839,#2840,#2841,#2842,#2843,#2844,#2845,#2846,#2847,#2848,#2849,#2850,
#2851,#2852,#2853,#2854,#2855,#2856,#2857,#2858,#2859,#2860,#2861,#2862,
#2863,#2864,#2865,#2866,#2867,#2868,#2869,#2870,#2871,#2872,#2873,#2874,
#2875,#2876,#2877,#2878,#2879,#2880,#2881,#2882,#2883,#2884,#2885,#2886,
#2887,#2888,#2889,#2890,#2891,#2892,#2893,#2894,#2895,#2896,#2897,#2898,
#2899,#2900,#2901,#2902,#2903,#2904,#2905,#2906,#2907,#2908,#2909,#2910,
#2911,#2912,#2913,#2914,#2915,#2916,#2917,#2918,#2919,#2920,#2921,#2922,
#2923,#2924,#2925,#2926,#2927,#2928,#2929,#2930,#2931,#2932,#2933,#2934,
#2935,#2936,#2937,#2938,#2939,#2940,#2941,#2942,#2943,#2944,#2945,#2946,
#2947,#2948,#2949,#2950,#2951,#2952,#2953,#2954,#2955,#2956,#2957,#2958,
#2959,#2960,#2961,#2962,#2963,#2964,#2965,#2966,#2967,#2968,#2969,#2970,
#2971,#2972,#2973,#2974,#2975,#2976,#2977,#2978,#2979,#2980,#2981,#2982,
#2983,#2984,#2985,#2986,#2987,#2988,#2989,#2990,#2991,#2992,#2993,#2994,
#2995,#2996,#2997,#2998,#2999,#3000,#3001,#3002,#3003,#3004,#3005,#3006,
#3007,#3008,#3009,#3010,#3011,#3012,#3013,#3014,#3015,#3016,#3017,#3018,
#3019,#3020,#3021,#3022,#3023,#3024,#3025,#3026,#3027,#3028,#3029,#3030,
#3031,#3032,#3033,#3034,#3035,#3036,#3037,#3038,#3039,#3040,#3041,#3042,
#3043,#3044,#3045,#3046,#3047,#3048,#3049,#3050,#3051,#3052,#3053,#3054,
#3055,#3056,#3057,#3058,#3059,#3060,#3061,#3062,#3063,#3064,#3065,#3066,
#3067,#3068,#3069,#3070,#3071,#3072,#3073,#3074,#3075,#3076,#3077,#3078,
#3079,#3080,#3081,#3082,#3083,#3084,#3085,#3086,#3087,#3088,#3089,#3090,
#3091,#3092,#3093,#3094,#3095,#3096,#3097,#3098,#3099,#3100,#3101,#3102,
#3103,#3104,#3105,#3106,#3107,#3108,#3109,#3110,#3111,#3112,#3113,#3114,
#3115,#3116,#3117,#3118,#3119,#3120,#3121,#3122,#3123,#3124,#3125,#3126,
#3127,#3128,#3129,#3130,#3131,#3132,#3133,#3134,#3135,#3136,#3137,#3138,
#3139,#3140,#3141,#3142,#3143,#3144,#3145,#3146,#3147,#3148,#3149,#3150,
#3151,#3152,#3153,#3154,#3155,#3156,#3157,#3158,#3159,#3160,#3161,#3162,
#3163,#3164,#3165,#3166,#3167,#3168,#3169,#3170,#3171,#3172,#3173,#3174,
#3175,#3176,#3177,#3178,#3179,#3180,#3181,#3182,#3183,#3184,#3185,#3186,
#3187,#3188,#3189,#3190,#3191,#3192,#3193,#3194,#3195,#3196,#3197,#3198,
#3199,#3200,#3201,#3202,#3203,#3204,#3205,#3206,#3207,#3208,#3209,#3210,
#3211,#3212,#3213,#3214,#3215,#3216,#3217,#3218,#3219,#3220,#3221,#3222,
#3223,#3224,#3225,#3226,#3227,#3228,#3229,#3230,#3231,#3232,#3233,#3234,
#3235,#3236,#3237,#3238,#3239,#3240,#3241,#3242,#3243,#3244,#3245,#3246,
#3247,#3248,#3249,#3250,#3251,#3252,#3253,#3254,#3255,#3256,#3257,#3258,
#3259,#3260,#3261,#3262,#3263,#3264,#3265,#3266,#3267,#3268,#3269,#3270,
#3271,#3272,#3273,#3274,#3275,#3276,#3277,#3278,#3279,#3280,#3281,#3282,
#3283,#3284,#3285,#3286,#3287,#3288,#3289,#3290,#3291,#3292,#3293,#3294,
#3295,#3296,#3297,#3298,#3299,#3300,#3301,#3302,#3303,#3304,#3305,#3306,
#3307,#3308,#3309,#3310,#3311,#3312,#3313,#3314,#3315,#3316,#3317,#3318,
#3319,#3320,#3321,#3322,#3323,#3324,#3325,#3326,#3327,#3328,#3329,#3330,
#3331,#3332,#3333,#3334,#3335,#3336,#3337,#3338,#3339,#3340,#3341,#3342,
#3343,#3344,#3345,#3346,#3347,#3348,#3349,#3350,#3351,#3352),
 .UNSPECIFIED.,.F.,.F.,(4,3,3,3,3,3,3,3,3,3,3,3,3,3,3,3,3,3,3,3,3,3,3,3,
3,3,3,3,3,3,3,3,3,3,3,3,3,3,3,3,3,3,3,3,3,3,3,3,3,3,3,3,3,3,3,3,3,3,3,3,
3,3,3,3,3,3,3,3,3,3,3,3,3,3,3,3,3,3,3,3,3,3,3,3,3,3,3,3,3,3,3,3,3,3,3,3,
3,3,3,3,3,3,3,3,3,3,3,3,3,3,3,3,3,3,3,3,3,3,3,3,3,3,3,3,3,3,3,3,3,3,3,3,
3,3,3,3,3,3,3,3,3,3,3,3,3,3,3,3,3,3,3,3,3,3,3,3,3,3,3,3,3,3,3,3,3,3,3,3,
3,3,3,3,3,4),(5.083721920159E-10,0.000741802127726925,0.00228129412894232,
0.0029121637768105,0.0038218594349988,0.0053636022030203,0.00582432755362099,
0.00690664798746493,0.008451278594493,0.00873649133043149,0.00999777619413865,
0.0101925732188367,0.011546194071652,0.011648655107242,0.0123212217039382,
0.0130960541323216,0.0131047369956472,0.0138708814490851,0.0145608188840525,
0.0146458327741066,0.0154207438595057,0.0160169007724577,0.0161955826860712,
0.0165830167788458,0.0167449417166604,0.0169705600342201,0.0173580066503005,
0.017472982660863,0.017745236775957,0.0181327995750304,0.0182010236050656,
0.0185203154188788,0.0187140186050253,0.0189077097038412,0.0189290645492682,
0.0191014069484106,0.0192930850213695,0.019295150645982,0.0194889292996818,
0.0196571054934708,0.0196825676146742,0.019779374326414,0.0198762299626417,
0.0199731347000344,0.0200211259655722,0.0200701069729919,0.0201186032136108,
0.0201670152850645,0.0202031362016228,0.0202152805936728,0.0202636414298391,
0.0203121246670534,0.0203363774351228,0.0203606189742263,0.020384835348581,
0.0203851464376735,0.0204090281301449,0.0204573993940667,0.020505800928108,
0.0205542923178684,0.0205671566737241,0.0206028536073733,0.0206513225521395,
0.0207480657704839,0.0207491669097748,0.0208447887370215,0.0209416125167778,
0.0210385196412909,0.0211131873818761,0.0212324137520519,0.0214261063826601,
0.0214772078539774,0.0216197856398257,0.0218135292665763,0.0218412283260787,
0.0220072743244335,0.022394725269219,0.0225692692702813,0.0227821562794789,
0.0231696416912231,0.023297310214484,0.0235569896030671,0.0239444622351909,
0.0240253511586866,0.0243319390589719,0.0247193633139207,0.0247533921028892,
0.025494181590413,0.0262094739912945,0.0262691484577489,0.0270441525657492,
0.0276655558796997,0.0278188632969017,0.0285937290940248,0.029121637768105,
0.0301435827365853,0.0305777196565102,0.031693352695744,0.0320338015449155,
0.033243091056768,0.0347928941031904,0.034945965321726,0.0363426770587059,
0.0378581290985364,0.0394422158192467,0.0407702928753469,0.0425417661791972,
0.0436824566521574,0.0456413149085415,0.0465946204289679,0.0487408633459259,
0.0495067842057784,0.0518404133477885,0.0524189479825889,0.0549399338252136,
0.0580395100185854,0.0582432755362099,0.0611390589089294,0.0611554393130204,
0.0631453968175906,0.0640676030898309,0.0642386117102537,0.0655236849782362,
0.0667343827073009,0.0669797668666414,0.0673380382139854,0.0691846295818967,
0.0698919306434519,0.0704377332696644,0.071987501449923,0.0728040944202624,
0.0735372711473532,0.0742601763086676,0.0750870038368091,0.0757162581970729,
0.0766373295795788,0.0771723400854781,0.0781309438694419,0.0781864069734533,
0.0786284219738834,0.0797364475648368,0.0800845038622886,0.0811585407541117,
0.0812859867984329,0.0815405857506939,0.0820611898846027,0.0822686266948965,
0.0828358505281376,0.0829966676390991,0.0843107755135588,0.0843856846502072,
0.0844527495275044,0.0857984000766789,0.0859088314159096,0.0859354569931169,
0.0866368723601123,0.0867102764601104,0.0872435537379301,0.0873649133043149,
0.0874852672860038,0.0880929542485175,0.0882563581017348,0.0888209951927201,
0.0890229250161103,0.0897847381716871,0.0902770770811254,0.0905420413832025,
0.0912950494787404,0.0917331589695306,0.0920438637179156,0.0927885824377149,
0.0929741359954254,0.0931594427306908,0.0931892408579359),.UNSPECIFIED.);
#1340=B_SPLINE_CURVE_WITH_KNOTS('',3,(#3354,#3355,#3356,#3357),
 .UNSPECIFIED.,.F.,.F.,(4,4),(0.000198128164570917,0.00385093873506763),
 .UNSPECIFIED.);
#1341=B_SPLINE_CURVE_WITH_KNOTS('',3,(#3359,#3360,#3361,#3362),
 .UNSPECIFIED.,.F.,.F.,(4,4),(0.,0.000784789419072285),.UNSPECIFIED.);
#1342=B_SPLINE_CURVE_WITH_KNOTS('',3,(#3364,#3365,#3366,#3367),
 .UNSPECIFIED.,.F.,.F.,(4,4),(0.000772714163132165,0.0042042877310161),
 .UNSPECIFIED.);
#1343=B_SPLINE_CURVE_WITH_KNOTS('',3,(#3369,#3370,#3371,#3372,#3373),
 .UNSPECIFIED.,.F.,.F.,(4,1,4),(1.56558193039731E-16,0.000496928988969504,
0.000993857977938851),.UNSPECIFIED.);
#1344=B_SPLINE_CURVE_WITH_KNOTS('',3,(#3375,#3376,#3377,#3378,#3379),
 .UNSPECIFIED.,.F.,.F.,(4,1,4),(6.32031938566099E-5,0.00591379131878572,
0.0117643794437148),.UNSPECIFIED.);
#1345=B_SPLINE_CURVE_WITH_KNOTS('',3,(#3381,#3382,#3383,#3384,#3385,#3386,
#3387,#3388,#3389,#3390,#3391,#3392,#3393,#3394,#3395,#3396,#3397,#3398,
#3399,#3400,#3401,#3402,#3403,#3404,#3405,#3406,#3407,#3408,#3409,#3410,
#3411,#3412,#3413,#3414,#3415,#3416,#3417,#3418,#3419,#3420,#3421,#3422,
#3423,#3424,#3425,#3426,#3427,#3428,#3429,#3430,#3431,#3432,#3433,#3434,
#3435,#3436,#3437,#3438,#3439,#3440,#3441,#3442,#3443,#3444,#3445,#3446,
#3447,#3448,#3449,#3450,#3451,#3452,#3453,#3454,#3455,#3456,#3457,#3458,
#3459,#3460,#3461,#3462,#3463,#3464,#3465,#3466,#3467,#3468,#3469,#3470,
#3471,#3472,#3473,#3474,#3475,#3476,#3477,#3478,#3479,#3480,#3481,#3482,
#3483,#3484,#3485,#3486,#3487,#3488,#3489,#3490,#3491,#3492,#3493,#3494,
#3495,#3496,#3497,#3498,#3499,#3500,#3501,#3502,#3503,#3504,#3505,#3506,
#3507,#3508,#3509,#3510,#3511,#3512,#3513,#3514,#3515,#3516,#3517,#3518,
#3519,#3520,#3521,#3522,#3523,#3524,#3525,#3526,#3527,#3528,#3529,#3530,
#3531,#3532,#3533,#3534,#3535,#3536,#3537,#3538,#3539,#3540,#3541,#3542,
#3543,#3544,#3545,#3546,#3547,#3548,#3549,#3550,#3551,#3552,#3553,#3554,
#3555,#3556,#3557,#3558,#3559,#3560,#3561,#3562,#3563,#3564,#3565,#3566,
#3567,#3568,#3569,#3570,#3571,#3572,#3573,#3574,#3575,#3576,#3577,#3578,
#3579,#3580,#3581,#3582,#3583,#3584,#3585,#3586,#3587,#3588,#3589,#3590,
#3591,#3592,#3593,#3594,#3595,#3596,#3597,#3598,#3599,#3600,#3601,#3602,
#3603,#3604,#3605,#3606,#3607,#3608,#3609,#3610,#3611,#3612,#3613,#3614,
#3615,#3616,#3617,#3618,#3619,#3620,#3621,#3622,#3623,#3624,#3625,#3626,
#3627,#3628,#3629,#3630,#3631,#3632,#3633,#3634,#3635,#3636,#3637,#3638,
#3639,#3640,#3641,#3642,#3643,#3644,#3645,#3646,#3647,#3648,#3649,#3650,
#3651,#3652,#3653,#3654,#3655,#3656,#3657,#3658,#3659,#3660,#3661,#3662,
#3663,#3664,#3665,#3666,#3667,#3668,#3669,#3670,#3671,#3672,#3673,#3674,
#3675,#3676,#3677,#3678,#3679,#3680,#3681,#3682,#3683,#3684,#3685,#3686,
#3687,#3688,#3689,#3690,#3691,#3692,#3693,#3694,#3695,#3696,#3697,#3698,
#3699,#3700,#3701,#3702,#3703,#3704,#3705,#3706,#3707,#3708,#3709,#3710,
#3711,#3712,#3713,#3714,#3715,#3716,#3717,#3718,#3719,#3720,#3721,#3722,
#3723,#3724,#3725,#3726,#3727,#3728,#3729,#3730,#3731,#3732,#3733,#3734,
#3735,#3736,#3737,#3738,#3739,#3740,#3741,#3742,#3743,#3744,#3745,#3746,
#3747,#3748,#3749,#3750,#3751,#3752,#3753,#3754,#3755,#3756,#3757,#3758,
#3759,#3760,#3761,#3762,#3763,#3764,#3765,#3766,#3767,#3768,#3769,#3770,
#3771,#3772,#3773,#3774,#3775,#3776,#3777,#3778,#3779,#3780,#3781,#3782,
#3783,#3784,#3785,#3786,#3787,#3788,#3789,#3790,#3791,#3792,#3793,#3794,
#3795,#3796,#3797,#3798,#3799,#3800,#3801,#3802,#3803,#3804,#3805,#3806,
#3807,#3808,#3809,#3810,#3811,#3812,#3813,#3814,#3815,#3816,#3817,#3818,
#3819,#3820,#3821,#3822,#3823,#3824,#3825,#3826,#3827,#3828,#3829,#3830,
#3831,#3832,#3833,#3834,#3835,#3836,#3837,#3838,#3839,#3840,#3841,#3842,
#3843,#3844,#3845,#3846,#3847,#3848,#3849,#3850,#3851,#3852,#3853,#3854,
#3855,#3856,#3857,#3858,#3859,#3860,#3861,#3862,#3863,#3864,#3865,#3866,
#3867,#3868,#3869,#3870,#3871,#3872,#3873,#3874,#3875,#3876,#3877,#3878,
#3879,#3880,#3881,#3882,#3883,#3884,#3885,#3886,#3887,#3888,#3889,#3890,
#3891,#3892,#3893,#3894,#3895,#3896,#3897,#3898,#3899,#3900),
 .UNSPECIFIED.,.F.,.F.,(4,3,3,3,3,3,3,3,3,3,3,3,3,3,3,3,3,3,3,3,3,3,3,3,
3,3,3,3,3,3,3,3,3,3,3,3,3,3,3,3,3,3,3,3,3,3,3,3,3,3,3,3,3,3,3,3,3,3,3,3,
3,3,3,3,3,3,3,3,3,3,3,3,3,3,3,3,3,3,3,3,3,3,3,3,3,3,3,3,3,3,3,3,3,3,3,3,
3,3,3,3,3,3,3,3,3,3,3,3,3,3,3,3,3,3,3,3,3,3,3,3,3,3,3,3,3,3,3,3,3,3,3,3,
3,3,3,3,3,3,3,3,3,3,3,3,3,3,3,3,3,3,3,3,3,3,3,3,3,3,3,3,3,3,3,3,3,3,3,3,
3,3,3,3,3,4),(5.083721920159E-10,0.000741802127726925,0.00228129412894232,
0.0029121637768105,0.0038218594349988,0.0053636022030203,0.00582432755362099,
0.00690664798746493,0.008451278594493,0.00873649133043149,0.00999777619413865,
0.0101925732188367,0.011546194071652,0.011648655107242,0.0123212217039382,
0.0130960541323216,0.0131047369956472,0.0138708814490851,0.0145608188840525,
0.0146458327741066,0.0154207438595057,0.0160169007724577,0.0161955826860712,
0.0165830167788458,0.0167449417166604,0.0169705600342201,0.0173580066503005,
0.017472982660863,0.017745236775957,0.0181327995750304,0.0182010236050656,
0.0185203154188788,0.0187140186050253,0.0189077097038412,0.0189290645492682,
0.0191014069484106,0.0192930850213695,0.019295150645982,0.0194889292996818,
0.0196571054934708,0.0196825676146742,0.019779374326414,0.0198762299626417,
0.0199731347000344,0.0200211259655722,0.0200701069729919,0.0201186032136108,
0.0201670152850645,0.0202031362016228,0.0202152805936728,0.0202636414298391,
0.0203121246670534,0.0203363774351228,0.0203606189742263,0.020384835348581,
0.0203851464376735,0.0204090281301449,0.0204573993940667,0.020505800928108,
0.0205542923178684,0.0205671566737241,0.0206028536073733,0.0206513225521395,
0.0207480657704839,0.0207491669097748,0.0208447887370215,0.0209416125167778,
0.0210385196412909,0.0211131873818761,0.0212324137520519,0.0214261063826601,
0.0214772078539774,0.0216197856398257,0.0218135292665763,0.0218412283260787,
0.0220072743244335,0.022394725269219,0.0225692692702813,0.0227821562794789,
0.0231696416912231,0.023297310214484,0.0235569896030671,0.0239444622351909,
0.0240253511586866,0.0243319390589719,0.0247193633139207,0.0247533921028892,
0.025494181590413,0.0262094739912945,0.0262691484577489,0.0270441525657492,
0.0276655558796997,0.0278188632969017,0.0285937290940248,0.029121637768105,
0.0301435827365853,0.0305777196565102,0.031693352695744,0.0320338015449155,
0.033243091056768,0.0347928941031904,0.034945965321726,0.0363426770587059,
0.0378581290985364,0.0394422158192467,0.0407702928753469,0.0425417661791972,
0.0436824566521574,0.0456413149085415,0.0465946204289679,0.0487408633459259,
0.0495067842057784,0.0518404133477885,0.0524189479825889,0.0549399338252136,
0.0580395100185854,0.0582432755362099,0.0611390589089294,0.0611554393130204,
0.0631453968175906,0.0640676030898309,0.0642386117102537,0.0655236849782362,
0.0667343827073009,0.0669797668666414,0.0673380382139854,0.0691846295818967,
0.0698919306434519,0.0704377332696644,0.071987501449923,0.0728040944202624,
0.0735372711473532,0.0742601763086676,0.0750870038368091,0.0757162581970729,
0.0766373295795788,0.0771723400854781,0.0781309438694419,0.0781864069734533,
0.0786284219738834,0.0797364475648368,0.0800845038622886,0.0811585407541117,
0.0812859867984329,0.0815405857506939,0.0820611898846027,0.0822686266948965,
0.0828358505281376,0.0829966676390991,0.0843107755135588,0.0843856846502072,
0.0844527495275044,0.0857984000766789,0.0859088314159096,0.0859354569931169,
0.0866368723601123,0.0867102764601104,0.0872435537379301,0.0873649133043149,
0.0874852672860038,0.0880929542485175,0.0882563581017348,0.0888209951927201,
0.0890229250161103,0.0897847381716871,0.0902770770811254,0.0905420413832025,
0.0912950494787404,0.0917331589695306,0.0920438637179156,0.0927885824377149,
0.0929741359954254,0.0931594427306908,0.0931892408579359),.UNSPECIFIED.);
#1346=B_SPLINE_CURVE_WITH_KNOTS('',3,(#3902,#3903,#3904,#3905),
 .UNSPECIFIED.,.F.,.F.,(4,4),(0.,0.000650536775986178),.UNSPECIFIED.);
#1347=B_SPLINE_CURVE_WITH_KNOTS('',3,(#3907,#3908,#3909,#3910,#3911),
 .UNSPECIFIED.,.F.,.F.,(4,1,4),(0.00442263288574644,0.00683757486564254,
0.00925251684553863),.UNSPECIFIED.);
#1348=B_SPLINE_CURVE_WITH_KNOTS('',3,(#4062,#4063,#4064,#4065,#4066,#4067,
#4068,#4069,#4070,#4071,#4072,#4073,#4074,#4075,#4076,#4077,#4078,#4079,
#4080,#4081,#4082,#4083,#4084,#4085,#4086,#4087,#4088,#4089,#4090,#4091,
#4092,#4093,#4094,#4095,#4096,#4097,#4098,#4099,#4100,#4101,#4102,#4103,
#4104,#4105,#4106,#4107,#4108,#4109,#4110,#4111,#4112,#4113,#4114,#4115,
#4116,#4117,#4118,#4119,#4120,#4121,#4122,#4123,#4124,#4125,#4126,#4127,
#4128,#4129,#4130,#4131,#4132,#4133,#4134,#4135,#4136,#4137,#4138,#4139,
#4140,#4141,#4142,#4143,#4144,#4145,#4146,#4147,#4148,#4149,#4150,#4151,
#4152,#4153,#4154,#4155,#4156,#4157,#4158,#4159,#4160,#4161,#4162,#4163,
#4164,#4165,#4166,#4167,#4168,#4169,#4170,#4171,#4172,#4173,#4174,#4175,
#4176,#4177,#4178,#4179,#4180,#4181,#4182,#4183,#4184,#4185,#4186,#4187,
#4188,#4189,#4190,#4191,#4192,#4193,#4194,#4195,#4196,#4197,#4198,#4199,
#4200,#4201,#4202,#4203,#4204,#4205,#4206,#4207,#4208,#4209,#4210,#4211,
#4212,#4213,#4214,#4215,#4216,#4217,#4218,#4219,#4220,#4221,#4222,#4223,
#4224,#4225,#4226,#4227,#4228,#4229,#4230,#4231,#4232,#4233,#4234,#4235,
#4236,#4237,#4238,#4239,#4240,#4241,#4242,#4243,#4244,#4245,#4246,#4247,
#4248,#4249,#4250,#4251,#4252,#4253,#4254,#4255,#4256,#4257,#4258,#4259,
#4260,#4261,#4262,#4263,#4264,#4265,#4266,#4267,#4268,#4269,#4270,#4271,
#4272,#4273,#4274,#4275,#4276,#4277,#4278,#4279,#4280,#4281,#4282,#4283,
#4284,#4285,#4286,#4287,#4288,#4289,#4290,#4291,#4292,#4293,#4294,#4295,
#4296,#4297,#4298,#4299,#4300,#4301,#4302,#4303,#4304,#4305,#4306,#4307,
#4308,#4309,#4310,#4311,#4312,#4313,#4314,#4315,#4316,#4317,#4318,#4319,
#4320,#4321,#4322,#4323,#4324,#4325,#4326,#4327,#4328,#4329,#4330,#4331,
#4332,#4333,#4334,#4335,#4336,#4337,#4338,#4339,#4340,#4341,#4342,#4343,
#4344,#4345,#4346,#4347,#4348,#4349,#4350,#4351,#4352,#4353,#4354,#4355,
#4356,#4357,#4358,#4359,#4360,#4361,#4362,#4363,#4364,#4365,#4366,#4367,
#4368,#4369,#4370,#4371,#4372,#4373,#4374,#4375,#4376,#4377,#4378,#4379,
#4380,#4381,#4382,#4383,#4384,#4385,#4386,#4387,#4388,#4389,#4390,#4391,
#4392,#4393,#4394,#4395,#4396,#4397,#4398,#4399,#4400,#4401,#4402,#4403,
#4404,#4405,#4406,#4407,#4408,#4409,#4410,#4411,#4412,#4413,#4414,#4415,
#4416,#4417,#4418,#4419,#4420,#4421,#4422,#4423,#4424,#4425,#4426,#4427,
#4428,#4429,#4430,#4431,#4432,#4433,#4434,#4435,#4436,#4437,#4438,#4439,
#4440,#4441,#4442,#4443,#4444,#4445,#4446,#4447,#4448,#4449,#4450,#4451,
#4452,#4453,#4454,#4455,#4456,#4457,#4458,#4459,#4460,#4461,#4462,#4463,
#4464,#4465,#4466,#4467,#4468,#4469,#4470,#4471,#4472,#4473,#4474,#4475,
#4476,#4477,#4478,#4479,#4480,#4481,#4482,#4483,#4484,#4485,#4486,#4487,
#4488,#4489,#4490,#4491,#4492,#4493,#4494,#4495,#4496,#4497,#4498,#4499,
#4500,#4501,#4502,#4503,#4504,#4505,#4506,#4507,#4508,#4509,#4510,#4511,
#4512,#4513,#4514,#4515,#4516,#4517,#4518,#4519,#4520,#4521,#4522,#4523,
#4524,#4525,#4526,#4527,#4528,#4529,#4530,#4531,#4532,#4533,#4534,#4535,
#4536,#4537,#4538,#4539,#4540,#4541,#4542,#4543,#4544,#4545,#4546,#4547,
#4548,#4549,#4550,#4551,#4552,#4553,#4554,#4555,#4556,#4557,#4558,#4559,
#4560,#4561,#4562,#4563,#4564,#4565,#4566,#4567,#4568,#4569,#4570,#4571,
#4572,#4573,#4574,#4575,#4576,#4577,#4578,#4579,#4580,#4581),
 .UNSPECIFIED.,.F.,.F.,(4,3,3,3,3,3,3,3,3,3,3,3,3,3,3,3,3,3,3,3,3,3,3,3,
3,3,3,3,3,3,3,3,3,3,3,3,3,3,3,3,3,3,3,3,3,3,3,3,3,3,3,3,3,3,3,3,3,3,3,3,
3,3,3,3,3,3,3,3,3,3,3,3,3,3,3,3,3,3,3,3,3,3,3,3,3,3,3,3,3,3,3,3,3,3,3,3,
3,3,3,3,3,3,3,3,3,3,3,3,3,3,3,3,3,3,3,3,3,3,3,3,3,3,3,3,3,3,3,3,3,3,3,3,
3,3,3,3,3,3,3,3,3,3,3,3,3,3,3,3,3,3,3,3,3,3,3,3,3,3,3,3,3,3,3,3,3,3,3,3,
3,3,3,3,3,4),(5.083721920159E-10,0.000741802127726925,0.00228129412894232,
0.0029121637768105,0.0038218594349988,0.0053636022030203,0.00582432755362099,
0.00690664798746493,0.008451278594493,0.00873649133043149,0.00999777619413865,
0.0101925732188367,0.011546194071652,0.011648655107242,0.0123212217039382,
0.0130960541323216,0.0131047369956472,0.0138708814490851,0.0145608188840525,
0.0146458327741066,0.0154207438595057,0.0160169007724577,0.0161955826860712,
0.0165830167788458,0.0167449417166604,0.0169705600342201,0.0173580066503005,
0.017472982660863,0.017745236775957,0.0181327995750304,0.0182010236050656,
0.0185203154188788,0.0187140186050253,0.0189077097038412,0.0189290645492682,
0.0191014069484106,0.0192930850213695,0.019295150645982,0.0194889292996818,
0.0196571054934708,0.0196825676146742,0.019779374326414,0.0198762299626417,
0.0199731347000344,0.0200211259655722,0.0200701069729919,0.0201186032136108,
0.0201670152850645,0.0202031362016228,0.0202152805936728,0.0202636414298391,
0.0203121246670534,0.0203363774351228,0.0203606189742263,0.020384835348581,
0.0203851464376735,0.0204090281301449,0.0204573993940667,0.020505800928108,
0.0205542923178684,0.0205671566737241,0.0206028536073733,0.0206513225521395,
0.0207480657704839,0.0207491669097748,0.0208447887370215,0.0209416125167778,
0.0210385196412909,0.0211131873818761,0.0212324137520519,0.0214261063826601,
0.0214772078539774,0.0216197856398257,0.0218135292665763,0.0218412283260787,
0.0220072743244335,0.022394725269219,0.0225692692702813,0.0227821562794789,
0.0231696416912231,0.023297310214484,0.0235569896030671,0.0239444622351909,
0.0240253511586866,0.0243319390589719,0.0247193633139207,0.0247533921028892,
0.025494181590413,0.0262094739912945,0.0262691484577489,0.0270441525657492,
0.0276655558796997,0.0278188632969017,0.0285937290940248,0.029121637768105,
0.0301435827365853,0.0305777196565102,0.031693352695744,0.0320338015449155,
0.033243091056768,0.0347928941031904,0.034945965321726,0.0363426770587059,
0.0378581290985364,0.0394422158192467,0.0407702928753469,0.0425417661791972,
0.0436824566521574,0.0456413149085415,0.0465946204289679,0.0487408633459259,
0.0495067842057784,0.0518404133477885,0.0524189479825889,0.0549399338252136,
0.0580395100185854,0.0582432755362099,0.0611390589089294,0.0611554393130204,
0.0631453968175906,0.0640676030898309,0.0642386117102537,0.0655236849782362,
0.0667343827073009,0.0669797668666414,0.0673380382139854,0.0691846295818967,
0.0698919306434519,0.0704377332696644,0.071987501449923,0.0728040944202624,
0.0735372711473532,0.0742601763086676,0.0750870038368091,0.0757162581970729,
0.0766373295795788,0.0771723400854781,0.0781309438694419,0.0781864069734533,
0.0786284219738834,0.0797364475648368,0.0800845038622886,0.0811585407541117,
0.0812859867984329,0.0815405857506939,0.0820611898846027,0.0822686266948965,
0.0828358505281376,0.0829966676390991,0.0843107755135588,0.0843856846502072,
0.0844527495275044,0.0857984000766789,0.0859088314159096,0.0859354569931169,
0.0866368723601123,0.0867102764601104,0.0872435537379301,0.0873649133043149,
0.0874852672860038,0.0880929542485175,0.0882563581017348,0.0888209951927201,
0.0890229250161103,0.0897847381716871,0.0902770770811254,0.0905420413832025,
0.0912950494787404,0.0917331589695306,0.0920438637179156,0.0927885824377149,
0.0929741359954254,0.0931594427306908,0.0931892408579359),.UNSPECIFIED.);
#1349=B_SPLINE_CURVE_WITH_KNOTS('',3,(#4583,#4584,#4585,#4586,#4587),
 .UNSPECIFIED.,.F.,.F.,(4,1,4),(-6.00000000467961E-8,0.00282269455113624,
0.00564544910227252),.UNSPECIFIED.);
#1350=B_SPLINE_CURVE_WITH_KNOTS('',3,(#4589,#4590,#4591,#4592,#4593,#4594,
#4595,#4596),.UNSPECIFIED.,.F.,.F.,(4,1,1,1,1,4),(0.,0.00624111290761885,
0.0124822258152377,0.0187233387228566,0.021843895176666,0.0249644516304754),
 .UNSPECIFIED.);
#1351=B_SPLINE_CURVE_WITH_KNOTS('',3,(#4598,#4599,#4600,#4601,#4602,#4603,
#4604,#4605,#4606,#4607,#4608,#4609,#4610,#4611,#4612,#4613,#4614,#4615,
#4616,#4617,#4618,#4619,#4620,#4621,#4622,#4623,#4624,#4625,#4626,#4627,
#4628,#4629,#4630,#4631,#4632,#4633,#4634,#4635,#4636,#4637,#4638,#4639,
#4640,#4641,#4642,#4643,#4644,#4645,#4646,#4647,#4648,#4649,#4650,#4651,
#4652,#4653,#4654,#4655,#4656,#4657,#4658,#4659,#4660,#4661,#4662,#4663,
#4664,#4665,#4666,#4667,#4668,#4669,#4670,#4671,#4672,#4673,#4674,#4675,
#4676,#4677,#4678,#4679,#4680,#4681,#4682,#4683,#4684,#4685,#4686,#4687,
#4688,#4689,#4690,#4691,#4692,#4693,#4694,#4695,#4696,#4697,#4698,#4699,
#4700,#4701,#4702,#4703,#4704,#4705,#4706,#4707,#4708,#4709,#4710,#4711,
#4712,#4713,#4714,#4715,#4716,#4717,#4718,#4719,#4720,#4721,#4722,#4723,
#4724,#4725,#4726,#4727,#4728,#4729,#4730,#4731,#4732,#4733,#4734,#4735,
#4736,#4737,#4738,#4739,#4740,#4741,#4742,#4743,#4744,#4745,#4746,#4747,
#4748,#4749,#4750,#4751,#4752,#4753,#4754,#4755,#4756,#4757,#4758,#4759,
#4760,#4761,#4762,#4763,#4764,#4765,#4766,#4767,#4768,#4769,#4770,#4771,
#4772,#4773,#4774,#4775,#4776,#4777,#4778,#4779,#4780,#4781,#4782,#4783,
#4784,#4785,#4786,#4787,#4788,#4789,#4790,#4791,#4792,#4793,#4794,#4795,
#4796,#4797,#4798,#4799,#4800,#4801,#4802,#4803,#4804,#4805,#4806,#4807,
#4808,#4809,#4810,#4811,#4812,#4813,#4814,#4815,#4816,#4817,#4818,#4819,
#4820,#4821,#4822,#4823,#4824,#4825,#4826,#4827,#4828,#4829,#4830,#4831,
#4832,#4833,#4834,#4835,#4836,#4837,#4838,#4839,#4840,#4841,#4842,#4843,
#4844,#4845,#4846,#4847,#4848,#4849,#4850,#4851,#4852,#4853,#4854,#4855,
#4856,#4857,#4858,#4859,#4860,#4861,#4862,#4863,#4864,#4865,#4866,#4867,
#4868,#4869,#4870,#4871,#4872,#4873,#4874,#4875,#4876,#4877,#4878,#4879,
#4880,#4881,#4882,#4883,#4884,#4885,#4886,#4887,#4888,#4889,#4890,#4891,
#4892,#4893,#4894,#4895,#4896,#4897,#4898,#4899,#4900,#4901,#4902,#4903,
#4904,#4905,#4906,#4907,#4908,#4909,#4910,#4911,#4912,#4913,#4914,#4915,
#4916,#4917,#4918,#4919,#4920,#4921,#4922,#4923,#4924,#4925,#4926,#4927,
#4928,#4929,#4930,#4931,#4932,#4933,#4934,#4935,#4936,#4937,#4938,#4939,
#4940,#4941,#4942,#4943,#4944,#4945,#4946,#4947,#4948,#4949,#4950,#4951,
#4952,#4953,#4954,#4955,#4956,#4957,#4958,#4959,#4960,#4961,#4962,#4963,
#4964,#4965,#4966,#4967,#4968,#4969,#4970,#4971,#4972,#4973,#4974,#4975,
#4976,#4977,#4978,#4979,#4980,#4981,#4982,#4983,#4984,#4985,#4986,#4987,
#4988,#4989,#4990,#4991,#4992,#4993,#4994,#4995,#4996,#4997,#4998,#4999,
#5000,#5001,#5002,#5003,#5004,#5005,#5006,#5007,#5008,#5009,#5010,#5011,
#5012,#5013,#5014,#5015,#5016,#5017,#5018,#5019,#5020,#5021,#5022,#5023,
#5024,#5025,#5026,#5027,#5028,#5029,#5030,#5031,#5032,#5033,#5034,#5035,
#5036,#5037,#5038,#5039,#5040,#5041,#5042,#5043,#5044,#5045,#5046,#5047,
#5048,#5049,#5050,#5051,#5052,#5053,#5054,#5055,#5056,#5057,#5058,#5059,
#5060,#5061,#5062,#5063,#5064,#5065,#5066,#5067,#5068,#5069,#5070,#5071,
#5072,#5073,#5074,#5075,#5076,#5077,#5078,#5079,#5080,#5081,#5082,#5083,
#5084,#5085,#5086,#5087,#5088,#5089,#5090,#5091,#5092,#5093,#5094,#5095,
#5096,#5097,#5098,#5099,#5100,#5101,#5102,#5103,#5104,#5105,#5106,#5107,
#5108,#5109,#5110,#5111,#5112,#5113,#5114,#5115,#5116,#5117),
 .UNSPECIFIED.,.F.,.F.,(4,3,3,3,3,3,3,3,3,3,3,3,3,3,3,3,3,3,3,3,3,3,3,3,
3,3,3,3,3,3,3,3,3,3,3,3,3,3,3,3,3,3,3,3,3,3,3,3,3,3,3,3,3,3,3,3,3,3,3,3,
3,3,3,3,3,3,3,3,3,3,3,3,3,3,3,3,3,3,3,3,3,3,3,3,3,3,3,3,3,3,3,3,3,3,3,3,
3,3,3,3,3,3,3,3,3,3,3,3,3,3,3,3,3,3,3,3,3,3,3,3,3,3,3,3,3,3,3,3,3,3,3,3,
3,3,3,3,3,3,3,3,3,3,3,3,3,3,3,3,3,3,3,3,3,3,3,3,3,3,3,3,3,3,3,3,3,3,3,3,
3,3,3,3,3,4),(5.083721920159E-10,0.000741802127726925,0.00228129412894232,
0.0029121637768105,0.0038218594349988,0.0053636022030203,0.00582432755362099,
0.00690664798746493,0.008451278594493,0.00873649133043149,0.00999777619413865,
0.0101925732188367,0.011546194071652,0.011648655107242,0.0123212217039382,
0.0130960541323216,0.0131047369956472,0.0138708814490851,0.0145608188840525,
0.0146458327741066,0.0154207438595057,0.0160169007724577,0.0161955826860712,
0.0165830167788458,0.0167449417166604,0.0169705600342201,0.0173580066503005,
0.017472982660863,0.017745236775957,0.0181327995750304,0.0182010236050656,
0.0185203154188788,0.0187140186050253,0.0189077097038412,0.0189290645492682,
0.0191014069484106,0.0192930850213695,0.019295150645982,0.0194889292996818,
0.0196571054934708,0.0196825676146742,0.019779374326414,0.0198762299626417,
0.0199731347000344,0.0200211259655722,0.0200701069729919,0.0201186032136108,
0.0201670152850645,0.0202031362016228,0.0202152805936728,0.0202636414298391,
0.0203121246670534,0.0203363774351228,0.0203606189742263,0.020384835348581,
0.0203851464376735,0.0204090281301449,0.0204573993940667,0.020505800928108,
0.0205542923178684,0.0205671566737241,0.0206028536073733,0.0206513225521395,
0.0207480657704839,0.0207491669097748,0.0208447887370215,0.0209416125167778,
0.0210385196412909,0.0211131873818761,0.0212324137520519,0.0214261063826601,
0.0214772078539774,0.0216197856398257,0.0218135292665763,0.0218412283260787,
0.0220072743244335,0.022394725269219,0.0225692692702813,0.0227821562794789,
0.0231696416912231,0.023297310214484,0.0235569896030671,0.0239444622351909,
0.0240253511586866,0.0243319390589719,0.0247193633139207,0.0247533921028892,
0.025494181590413,0.0262094739912945,0.0262691484577489,0.0270441525657492,
0.0276655558796997,0.0278188632969017,0.0285937290940248,0.029121637768105,
0.0301435827365853,0.0305777196565102,0.031693352695744,0.0320338015449155,
0.033243091056768,0.0347928941031904,0.034945965321726,0.0363426770587059,
0.0378581290985364,0.0394422158192467,0.0407702928753469,0.0425417661791972,
0.0436824566521574,0.0456413149085415,0.0465946204289679,0.0487408633459259,
0.0495067842057784,0.0518404133477885,0.0524189479825889,0.0549399338252136,
0.0580395100185854,0.0582432755362099,0.0611390589089294,0.0611554393130204,
0.0631453968175906,0.0640676030898309,0.0642386117102537,0.0655236849782362,
0.0667343827073009,0.0669797668666414,0.0673380382139854,0.0691846295818967,
0.0698919306434519,0.0704377332696644,0.071987501449923,0.0728040944202624,
0.0735372711473532,0.0742601763086676,0.0750870038368091,0.0757162581970729,
0.0766373295795788,0.0771723400854781,0.0781309438694419,0.0781864069734533,
0.0786284219738834,0.0797364475648368,0.0800845038622886,0.0811585407541117,
0.0812859867984329,0.0815405857506939,0.0820611898846027,0.0822686266948965,
0.0828358505281376,0.0829966676390991,0.0843107755135588,0.0843856846502072,
0.0844527495275044,0.0857984000766789,0.0859088314159096,0.0859354569931169,
0.0866368723601123,0.0867102764601104,0.0872435537379301,0.0873649133043149,
0.0874852672860038,0.0880929542485175,0.0882563581017348,0.0888209951927201,
0.0890229250161103,0.0897847381716871,0.0902770770811254,0.0905420413832025,
0.0912950494787404,0.0917331589695306,0.0920438637179156,0.0927885824377149,
0.0929741359954254,0.0931594427306908,0.0931892408579359),.UNSPECIFIED.);
#1352=B_SPLINE_CURVE_WITH_KNOTS('',3,(#5130,#5131,#5132,#5133,#5134,#5135,
#5136,#5137,#5138,#5139,#5140,#5141,#5142,#5143,#5144,#5145,#5146,#5147,
#5148,#5149,#5150,#5151,#5152,#5153,#5154,#5155,#5156,#5157,#5158,#5159,
#5160,#5161,#5162,#5163,#5164,#5165,#5166,#5167,#5168,#5169,#5170,#5171,
#5172,#5173,#5174,#5175,#5176,#5177,#5178,#5179,#5180,#5181,#5182,#5183,
#5184,#5185,#5186,#5187,#5188,#5189,#5190,#5191,#5192,#5193,#5194,#5195,
#5196,#5197,#5198,#5199,#5200,#5201,#5202,#5203,#5204,#5205,#5206,#5207,
#5208,#5209,#5210,#5211,#5212,#5213,#5214,#5215,#5216,#5217,#5218,#5219,
#5220,#5221,#5222,#5223,#5224,#5225,#5226,#5227,#5228,#5229,#5230,#5231,
#5232,#5233,#5234,#5235,#5236,#5237,#5238,#5239,#5240,#5241,#5242,#5243,
#5244,#5245,#5246,#5247,#5248,#5249,#5250,#5251,#5252,#5253,#5254,#5255,
#5256,#5257,#5258,#5259,#5260,#5261,#5262,#5263,#5264,#5265,#5266,#5267,
#5268,#5269,#5270,#5271,#5272,#5273,#5274,#5275,#5276,#5277,#5278,#5279,
#5280,#5281,#5282,#5283,#5284,#5285,#5286,#5287,#5288,#5289,#5290,#5291,
#5292,#5293,#5294,#5295,#5296,#5297,#5298,#5299,#5300,#5301,#5302,#5303,
#5304,#5305,#5306,#5307,#5308,#5309,#5310,#5311,#5312,#5313,#5314,#5315,
#5316,#5317,#5318,#5319,#5320,#5321,#5322,#5323,#5324,#5325,#5326,#5327,
#5328,#5329,#5330,#5331,#5332,#5333,#5334,#5335,#5336,#5337,#5338,#5339,
#5340,#5341,#5342,#5343,#5344,#5345,#5346,#5347,#5348,#5349,#5350,#5351,
#5352,#5353,#5354,#5355,#5356,#5357,#5358,#5359,#5360,#5361,#5362,#5363,
#5364,#5365,#5366,#5367,#5368,#5369,#5370,#5371,#5372,#5373,#5374,#5375,
#5376,#5377,#5378,#5379,#5380,#5381,#5382,#5383,#5384,#5385,#5386,#5387,
#5388,#5389,#5390,#5391,#5392,#5393,#5394,#5395,#5396,#5397,#5398,#5399,
#5400,#5401,#5402,#5403,#5404,#5405,#5406,#5407,#5408,#5409,#5410,#5411,
#5412,#5413,#5414,#5415,#5416,#5417,#5418,#5419,#5420,#5421,#5422,#5423,
#5424,#5425,#5426,#5427,#5428,#5429,#5430,#5431,#5432,#5433,#5434,#5435,
#5436,#5437,#5438,#5439,#5440,#5441,#5442,#5443,#5444,#5445,#5446,#5447,
#5448,#5449,#5450,#5451,#5452,#5453,#5454,#5455,#5456,#5457,#5458,#5459,
#5460,#5461,#5462,#5463,#5464,#5465,#5466,#5467,#5468,#5469,#5470,#5471,
#5472,#5473,#5474,#5475,#5476,#5477,#5478,#5479,#5480,#5481,#5482,#5483,
#5484,#5485,#5486,#5487,#5488,#5489,#5490,#5491,#5492,#5493,#5494,#5495,
#5496,#5497,#5498,#5499,#5500,#5501,#5502,#5503,#5504,#5505,#5506,#5507,
#5508,#5509,#5510,#5511,#5512,#5513,#5514,#5515,#5516,#5517,#5518,#5519,
#5520,#5521,#5522,#5523,#5524,#5525,#5526,#5527,#5528,#5529,#5530,#5531,
#5532,#5533,#5534,#5535,#5536,#5537,#5538,#5539,#5540,#5541,#5542,#5543,
#5544,#5545,#5546,#5547,#5548,#5549,#5550,#5551,#5552,#5553,#5554,#5555,
#5556,#5557,#5558,#5559,#5560,#5561,#5562,#5563,#5564,#5565,#5566,#5567,
#5568,#5569,#5570,#5571,#5572,#5573,#5574,#5575,#5576,#5577,#5578,#5579,
#5580,#5581,#5582,#5583,#5584,#5585,#5586,#5587,#5588,#5589,#5590,#5591,
#5592,#5593,#5594,#5595,#5596,#5597,#5598,#5599,#5600,#5601,#5602,#5603,
#5604,#5605,#5606,#5607,#5608,#5609,#5610,#5611,#5612,#5613,#5614,#5615,
#5616,#5617,#5618,#5619,#5620,#5621,#5622,#5623,#5624,#5625,#5626,#5627,
#5628,#5629,#5630,#5631,#5632,#5633,#5634,#5635,#5636,#5637,#5638,#5639,
#5640,#5641,#5642,#5643,#5644,#5645,#5646,#5647,#5648,#5649),
 .UNSPECIFIED.,.F.,.F.,(4,3,3,3,3,3,3,3,3,3,3,3,3,3,3,3,3,3,3,3,3,3,3,3,
3,3,3,3,3,3,3,3,3,3,3,3,3,3,3,3,3,3,3,3,3,3,3,3,3,3,3,3,3,3,3,3,3,3,3,3,
3,3,3,3,3,3,3,3,3,3,3,3,3,3,3,3,3,3,3,3,3,3,3,3,3,3,3,3,3,3,3,3,3,3,3,3,
3,3,3,3,3,3,3,3,3,3,3,3,3,3,3,3,3,3,3,3,3,3,3,3,3,3,3,3,3,3,3,3,3,3,3,3,
3,3,3,3,3,3,3,3,3,3,3,3,3,3,3,3,3,3,3,3,3,3,3,3,3,3,3,3,3,3,3,3,3,3,3,3,
3,3,3,3,3,4),(5.083721920159E-10,0.000741802127726925,0.00228129412894232,
0.0029121637768105,0.0038218594349988,0.0053636022030203,0.00582432755362099,
0.00690664798746493,0.008451278594493,0.00873649133043149,0.00999777619413865,
0.0101925732188367,0.011546194071652,0.011648655107242,0.0123212217039382,
0.0130960541323216,0.0131047369956472,0.0138708814490851,0.0145608188840525,
0.0146458327741066,0.0154207438595057,0.0160169007724577,0.0161955826860712,
0.0165830167788458,0.0167449417166604,0.0169705600342201,0.0173580066503005,
0.017472982660863,0.017745236775957,0.0181327995750304,0.0182010236050656,
0.0185203154188788,0.0187140186050253,0.0189077097038412,0.0189290645492682,
0.0191014069484106,0.0192930850213695,0.019295150645982,0.0194889292996818,
0.0196571054934708,0.0196825676146742,0.019779374326414,0.0198762299626417,
0.0199731347000344,0.0200211259655722,0.0200701069729919,0.0201186032136108,
0.0201670152850645,0.0202031362016228,0.0202152805936728,0.0202636414298391,
0.0203121246670534,0.0203363774351228,0.0203606189742263,0.020384835348581,
0.0203851464376735,0.0204090281301449,0.0204573993940667,0.020505800928108,
0.0205542923178684,0.0205671566737241,0.0206028536073733,0.0206513225521395,
0.0207480657704839,0.0207491669097748,0.0208447887370215,0.0209416125167778,
0.0210385196412909,0.0211131873818761,0.0212324137520519,0.0214261063826601,
0.0214772078539774,0.0216197856398257,0.0218135292665763,0.0218412283260787,
0.0220072743244335,0.022394725269219,0.0225692692702813,0.0227821562794789,
0.0231696416912231,0.023297310214484,0.0235569896030671,0.0239444622351909,
0.0240253511586866,0.0243319390589719,0.0247193633139207,0.0247533921028892,
0.025494181590413,0.0262094739912945,0.0262691484577489,0.0270441525657492,
0.0276655558796997,0.0278188632969017,0.0285937290940248,0.029121637768105,
0.0301435827365853,0.0305777196565102,0.031693352695744,0.0320338015449155,
0.033243091056768,0.0347928941031904,0.034945965321726,0.0363426770587059,
0.0378581290985364,0.0394422158192467,0.0407702928753469,0.0425417661791972,
0.0436824566521574,0.0456413149085415,0.0465946204289679,0.0487408633459259,
0.0495067842057784,0.0518404133477885,0.0524189479825889,0.0549399338252136,
0.0580395100185854,0.0582432755362099,0.0611390589089294,0.0611554393130204,
0.0631453968175906,0.0640676030898309,0.0642386117102537,0.0655236849782362,
0.0667343827073009,0.0669797668666414,0.0673380382139854,0.0691846295818967,
0.0698919306434519,0.0704377332696644,0.071987501449923,0.0728040944202624,
0.0735372711473532,0.0742601763086676,0.0750870038368091,0.0757162581970729,
0.0766373295795788,0.0771723400854781,0.0781309438694419,0.0781864069734533,
0.0786284219738834,0.0797364475648368,0.0800845038622886,0.0811585407541117,
0.0812859867984329,0.0815405857506939,0.0820611898846027,0.0822686266948965,
0.0828358505281376,0.0829966676390991,0.0843107755135588,0.0843856846502072,
0.0844527495275044,0.0857984000766789,0.0859088314159096,0.0859354569931169,
0.0866368723601123,0.0867102764601104,0.0872435537379301,0.0873649133043149,
0.0874852672860038,0.0880929542485175,0.0882563581017348,0.0888209951927201,
0.0890229250161103,0.0897847381716871,0.0902770770811254,0.0905420413832025,
0.0912950494787404,0.0917331589695306,0.0920438637179156,0.0927885824377149,
0.0929741359954254,0.0931594427306908,0.0931892408579359),.UNSPECIFIED.);
#1353=B_SPLINE_CURVE_WITH_KNOTS('',3,(#5651,#5652,#5653,#5654),
 .UNSPECIFIED.,.F.,.F.,(4,4),(0.,0.540497035541198),.UNSPECIFIED.);
#1354=B_SPLINE_CURVE_WITH_KNOTS('',3,(#5668,#5669,#5670,#5671,#5672,#5673,
#5674,#5675,#5676,#5677,#5678,#5679,#5680,#5681,#5682,#5683,#5684,#5685,
#5686,#5687,#5688,#5689,#5690,#5691,#5692,#5693,#5694,#5695,#5696,#5697,
#5698,#5699,#5700,#5701,#5702,#5703,#5704,#5705,#5706,#5707,#5708,#5709,
#5710,#5711,#5712,#5713,#5714,#5715,#5716,#5717,#5718,#5719,#5720,#5721,
#5722,#5723,#5724,#5725,#5726,#5727,#5728,#5729,#5730,#5731,#5732,#5733,
#5734,#5735,#5736,#5737,#5738,#5739,#5740,#5741,#5742,#5743,#5744,#5745,
#5746,#5747,#5748,#5749,#5750,#5751,#5752,#5753,#5754,#5755,#5756,#5757,
#5758,#5759,#5760,#5761,#5762,#5763,#5764,#5765,#5766,#5767,#5768,#5769,
#5770,#5771,#5772,#5773,#5774,#5775,#5776,#5777,#5778,#5779,#5780,#5781,
#5782,#5783,#5784,#5785,#5786,#5787,#5788,#5789,#5790,#5791,#5792,#5793,
#5794,#5795,#5796,#5797),.UNSPECIFIED.,.F.,.F.,(4,3,3,3,3,3,3,3,3,3,3,3,
3,3,3,3,3,3,3,3,3,3,3,3,3,3,3,3,3,3,3,3,3,3,3,3,3,3,3,3,3,3,3,4),(2.40010729272916E-10,
0.00181736621764716,0.00424549831078464,0.00667389013896321,0.00855664887376742,
0.00910242141407979,0.0139606861735401,0.0171132977475348,0.0188208015936648,
0.0213916221844185,0.0236804149901476,0.0254791536224643,0.0279586399531959,
0.0285402879302517,0.029948271058186,0.0334005450748346,0.0342265954950697,
0.0358297660687833,0.0382601410352535,0.0385049199319534,0.0414719326760284,
0.0427832443688371,0.0431200701556205,0.045531642143844,0.0470615688057208,
0.0479799529142254,0.0504098677802026,0.0513398932426045,0.0528399938010227,
0.0534790554610464,0.0550298433893747,0.0552695878183148,0.0556182176794882,
0.0564849368537232,0.057698115160467,0.0577573798979301,0.0596376120313195,
0.0598965421163719,0.0601214247455032,0.0625403669644902,0.0641748665532556,
0.0649552444217931,0.0673668670120335,0.0684531909901394),.UNSPECIFIED.);
#1355=B_SPLINE_CURVE_WITH_KNOTS('',3,(#5807,#5808,#5809,#5810),
 .UNSPECIFIED.,.F.,.F.,(4,4),(0.0259172410163689,0.0272180374254285),
 .UNSPECIFIED.);
#1356=B_SPLINE_CURVE_WITH_KNOTS('',3,(#5821,#5822,#5823,#5824),
 .UNSPECIFIED.,.F.,.F.,(4,4),(0.,0.00194696342513449),.UNSPECIFIED.);
#1357=B_SPLINE_CURVE_WITH_KNOTS('',3,(#5839,#5840,#5841,#5842,#5843),
 .UNSPECIFIED.,.F.,.F.,(4,1,4),(0.,0.000949067743856145,0.00189813548771229),
 .UNSPECIFIED.);
#1358=B_SPLINE_CURVE_WITH_KNOTS('',3,(#5847,#5848,#5849,#5850,#5851),
 .UNSPECIFIED.,.F.,.F.,(4,1,4),(0.,0.000934163890406782,0.00186832778081356),
 .UNSPECIFIED.);
#1359=B_SPLINE_CURVE_WITH_KNOTS('',3,(#5853,#5854,#5855,#5856,#5857,#5858,
#5859,#5860,#5861),.UNSPECIFIED.,.F.,.F.,(4,1,1,1,1,1,4),(0.00528746875654159,
0.0188221526704457,0.0255894946273978,0.0323568365843498,0.045891520498254,
0.052658862455206,0.0594262044121581),.UNSPECIFIED.);
#1360=B_SPLINE_CURVE_WITH_KNOTS('',3,(#5863,#5864,#5865,#5866,#5867),
 .UNSPECIFIED.,.F.,.F.,(4,1,4),(0.,0.000862931976548794,0.00172586395309759),
 .UNSPECIFIED.);
#1361=B_SPLINE_CURVE_WITH_KNOTS('',3,(#5871,#5872,#5873,#5874,#5875),
 .UNSPECIFIED.,.F.,.F.,(4,1,4),(0.,0.000858748352702248,0.0017174967054045),
 .UNSPECIFIED.);
#1362=B_SPLINE_CURVE_WITH_KNOTS('',3,(#5876,#5877,#5878,#5879,#5880,#5881,
#5882),.UNSPECIFIED.,.F.,.F.,(4,1,1,1,4),(6.10780345318845E-16,0.000579025923709005,
0.0011580518474174,0.00173707777112579,0.00231610369483419),
 .UNSPECIFIED.);
#1363=B_SPLINE_CURVE_WITH_KNOTS('',3,(#5886,#5887,#5888,#5889,#5890,#5891),
 .UNSPECIFIED.,.F.,.F.,(4,1,1,4),(0.,0.00100034686036152,0.00150052029054229,
0.00200069372072305),.UNSPECIFIED.);
#1364=B_SPLINE_CURVE_WITH_KNOTS('',3,(#5893,#5894,#5895,#5896,#5897,#5898,
#5899,#5900),.UNSPECIFIED.,.F.,.F.,(4,1,1,1,1,4),(0.0350538388350844,0.0400574343039795,
0.0450610297728746,0.0550682207106648,0.065075411648455,0.0750826025862452),
 .UNSPECIFIED.);
#1365=B_SPLINE_CURVE_WITH_KNOTS('',3,(#5902,#5903,#5904,#5905,#5906),
 .UNSPECIFIED.,.F.,.F.,(4,1,4),(9.81307786677359E-17,0.000870026951843699,
0.0017400539036873),.UNSPECIFIED.);
#1366=B_SPLINE_CURVE_WITH_KNOTS('',3,(#5910,#5911,#5912,#5913,#5914),
 .UNSPECIFIED.,.F.,.F.,(4,1,4),(0.,0.000856663738982738,0.00171332747796548),
 .UNSPECIFIED.);
#1367=B_SPLINE_CURVE_WITH_KNOTS('',3,(#5915,#5916,#5917,#5918,#5919),
 .UNSPECIFIED.,.F.,.F.,(4,1,4),(0.00162509682831367,0.00362754290989439,
0.00562998899147511),.UNSPECIFIED.);
#1368=B_SPLINE_CURVE_WITH_KNOTS('',3,(#5926,#5927,#5928,#5929),
 .UNSPECIFIED.,.F.,.F.,(4,4),(0.00574919722140682,0.00598854884783257),
 .UNSPECIFIED.);
#1369=B_SPLINE_CURVE_WITH_KNOTS('',3,(#5939,#5940,#5941,#5942),
 .UNSPECIFIED.,.F.,.F.,(4,4),(0.00116816389460785,0.00125829197147821),
 .UNSPECIFIED.);
#1370=B_SPLINE_CURVE_WITH_KNOTS('',3,(#5950,#5951,#5952,#5953,#5954,#5955),
 .UNSPECIFIED.,.F.,.F.,(4,1,1,4),(1.52936199552975,1.5707963267949,1.9851396394464,
2.02657397071155),.UNSPECIFIED.);
#1371=B_SPLINE_CURVE_WITH_KNOTS('',3,(#5957,#5958,#5959,#5960,#5961,#5962,
#5963,#5964,#5965,#5966,#5967,#5968,#5969,#5970,#5971,#5972,#5973,#5974,
#5975),.UNSPECIFIED.,.F.,.F.,(4,1,1,1,1,1,1,1,1,1,3,3,4),(-0.0616062557394034,
0.,0.152490732028226,0.190613415035283,0.228736098042339,0.304981464056453,
0.381226830070566,0.419349513077622,0.457472196084679,0.533717562098792,
0.609962928112905,0.616062557394034,0.677668813133437),.UNSPECIFIED.);
#1372=B_SPLINE_CURVE_WITH_KNOTS('',3,(#5981,#5982,#5983,#5984,#5985,#5986,
#5987,#5988,#5989,#5990,#5991,#5992,#5993,#5994,#5995,#5996,#5997,#5998,
#5999,#6000,#6001,#6002,#6003,#6004,#6005,#6006,#6007,#6008),
 .UNSPECIFIED.,.F.,.F.,(4,1,1,1,1,1,1,1,1,1,1,1,1,1,1,1,1,1,1,1,1,1,1,1,
1,4),(0.,0.00644564132980584,0.0128912826596117,0.0193369239894175,0.0225597446543204,
0.0257825653192233,0.0290053859841263,0.0322282066490292,0.0354510273139321,
0.038673847978835,0.0418966686437379,0.0451194893086408,0.0515651306384467,
0.0580107719682525,0.0644564132980583,0.0709020546278642,0.07734769595767,
0.0837933372874759,0.0870161579523788,0.0902389786172817,0.0934617992821846,
0.0966846199470875,0.098296030279539,0.0999074406119904,0.101518850944442,
0.103130261276893),.UNSPECIFIED.);
#1373=B_SPLINE_CURVE_WITH_KNOTS('',3,(#6010,#6011,#6012,#6013,#6014,#6015,
#6016,#6017,#6018,#6019,#6020,#6021),.UNSPECIFIED.,.F.,.F.,(4,1,1,1,1,1,
1,1,1,4),(8.56401661530231E-9,0.00990511786495063,0.0198102271658846,0.0297153364668187,
0.0396204457677527,0.0445730004182197,0.0495255550686867,0.0594306643696207,
0.0693357736705547,0.0792408829714887),.UNSPECIFIED.);
#1374=B_SPLINE_CURVE_WITH_KNOTS('',3,(#6027,#6028,#6029,#6030,#6031,#6032,
#6033,#6034,#6035,#6036,#6037,#6038,#6039,#6040,#6041,#6042,#6043,#6044,
#6045,#6046,#6047,#6048,#6049,#6050,#6051,#6052,#6053,#6054,#6055,#6056,
#6057,#6058,#6059,#6060,#6061,#6062,#6063,#6064,#6065,#6066,#6067,#6068,
#6069,#6070,#6071,#6072,#6073,#6074,#6075,#6076,#6077,#6078,#6079,#6080,
#6081,#6082,#6083,#6084,#6085,#6086,#6087,#6088,#6089,#6090,#6091,#6092,
#6093,#6094,#6095,#6096,#6097,#6098,#6099,#6100,#6101,#6102,#6103,#6104,
#6105,#6106,#6107,#6108,#6109,#6110,#6111,#6112,#6113,#6114,#6115,#6116,
#6117,#6118,#6119,#6120,#6121,#6122,#6123,#6124,#6125,#6126,#6127,#6128,
#6129,#6130,#6131,#6132,#6133,#6134,#6135,#6136,#6137,#6138,#6139,#6140,
#6141,#6142,#6143,#6144,#6145,#6146,#6147,#6148,#6149,#6150,#6151,#6152,
#6153,#6154,#6155,#6156),.UNSPECIFIED.,.F.,.F.,(4,3,3,3,3,3,3,3,3,3,3,3,
3,3,3,3,3,3,3,3,3,3,3,3,3,3,3,3,3,3,3,3,3,3,3,3,3,3,3,3,3,3,3,4),(2.40010729272916E-10,
0.00181736621764716,0.00424549831078464,0.00667389013896321,0.00855664887376742,
0.00910242141407979,0.0139606861735401,0.0171132977475348,0.0188208015936648,
0.0213916221844185,0.0236804149901476,0.0254791536224643,0.0279586399531959,
0.0285402879302517,0.029948271058186,0.0334005450748346,0.0342265954950697,
0.0358297660687833,0.0382601410352535,0.0385049199319534,0.0414719326760284,
0.0427832443688371,0.0431200701556205,0.045531642143844,0.0470615688057208,
0.0479799529142254,0.0504098677802026,0.0513398932426045,0.0528399938010227,
0.0534790554610464,0.0550298433893747,0.0552695878183148,0.0556182176794882,
0.0564849368537232,0.057698115160467,0.0577573798979301,0.0596376120313195,
0.0598965421163719,0.0601214247455032,0.0625403669644902,0.0641748665532556,
0.0649552444217931,0.0673668670120335,0.0684531909901394),.UNSPECIFIED.);
#1375=B_SPLINE_CURVE_WITH_KNOTS('',3,(#6372,#6373,#6374,#6375,#6376,#6377,
#6378,#6379,#6380,#6381,#6382),.UNSPECIFIED.,.F.,.F.,(4,1,1,1,1,1,1,1,4),
(0.,0.0011900654933689,0.0023801309867378,0.0035701964801067,0.00476026197347559,
0.00595032746684449,0.00714039296021339,0.00833045845358229,0.00952052394695119),
 .UNSPECIFIED.);
#1376=B_SPLINE_CURVE_WITH_KNOTS('',3,(#6385,#6386,#6387,#6388),
 .UNSPECIFIED.,.F.,.F.,(4,4),(0.,6.36396489792855E-6),.UNSPECIFIED.);
#1377=B_SPLINE_CURVE_WITH_KNOTS('',3,(#6390,#6391,#6392,#6393,#6394,#6395,
#6396,#6397),.UNSPECIFIED.,.F.,.F.,(4,1,1,1,1,4),(0.228322627611253,0.302740564192909,
0.377158500774565,0.451576437356221,0.48878540564705,0.525994373937878),
 .UNSPECIFIED.);
#1378=B_SPLINE_CURVE_WITH_KNOTS('',3,(#6398,#6399,#6400,#6401,#6402,#6403,
#6404,#6405,#6406,#6407,#6408,#6409,#6410,#6411,#6412,#6413,#6414,#6415,
#6416,#6417,#6418,#6419,#6420,#6421,#6422,#6423,#6424,#6425,#6426,#6427),
 .UNSPECIFIED.,.F.,.F.,(4,1,1,1,1,1,1,1,1,1,1,1,1,1,1,1,1,1,1,1,1,1,1,1,
1,1,1,4),(0.,0.125,0.1875,0.25,0.3125,0.375,0.4375,0.5,0.5625,0.59375,0.625,
0.65625,0.6875,0.71875,0.734375,0.75,0.765625,0.78125,0.8125,0.84375,0.859375,
0.8671875,0.875,0.8828125,0.890625,0.90625,0.9375,1.),.UNSPECIFIED.);
#1379=B_SPLINE_CURVE_WITH_KNOTS('',3,(#6428,#6429,#6430,#6431,#6432,#6433,
#6434,#6435,#6436,#6437,#6438),.UNSPECIFIED.,.F.,.F.,(4,1,1,1,1,1,1,1,4),
(-5.52075216317187E-8,0.000167548263352349,0.00033515173422633,0.000670358675974292,
0.00134077255947021,0.00201118644296614,0.00268160032646206,0.00402242809345391,
0.00536325586044575),.UNSPECIFIED.);
#1380=B_SPLINE_CURVE_WITH_KNOTS('',3,(#6440,#6441,#6442,#6443,#6444,#6445,
#6446,#6447,#6448),.UNSPECIFIED.,.F.,.F.,(4,1,1,1,1,1,4),(0.,0.00237301083432472,
0.00474602166864945,0.00711903250297417,0.00830553792013654,0.00889879062871772,
0.0094920433372989),.UNSPECIFIED.);
#1381=B_SPLINE_CURVE_WITH_KNOTS('',3,(#6449,#6450,#6451,#6452),
 .UNSPECIFIED.,.F.,.F.,(4,4),(0.975694592488507,1.),.UNSPECIFIED.);
#1382=B_SPLINE_CURVE_WITH_KNOTS('',3,(#6453,#6454,#6455,#6456,#6457,#6458,
#6459,#6460,#6461,#6462,#6463,#6464,#6465,#6466,#6467,#6468,#6469,#6470),
 .UNSPECIFIED.,.T.,.F.,(1,1,1,1,1,1,1,1,1,1,1,1,1,1,1,1,1,1,1,1,1,1),(-0.00318672622960585,
-0.00212448415307057,-0.00106224207653528,0.,0.00106224207653528,0.00212448415307057,
0.00318672622960585,0.00424896830614113,0.00531121038267641,0.0063734524592117,
0.00743569453574698,0.00849793661228226,0.0106224207653528,0.0116846628418881,
0.0127469049184234,0.0138091469949587,0.014871389071494,0.0159336311480292,
0.0169958732245645,0.0180581153010998,0.0191203573776351,0.0201825994541704),
 .UNSPECIFIED.);
#1383=B_SPLINE_CURVE_WITH_KNOTS('',3,(#7107,#7108,#7109,#7110,#7111,#7112,
#7113,#7114,#7115,#7116,#7117,#7118,#7119,#7120,#7121,#7122,#7123),
 .UNSPECIFIED.,.T.,.F.,(1,1,1,1,1,1,1,1,1,1,1,1,1,1,1,1,1,1,1,1,1),(-0.00465474950743379,
-0.00232737475371689,-0.00116368737685845,0.,0.00116368737685845,0.00232737475371689,
0.00465474950743379,0.00581843688429223,0.00698212426115068,0.00814581163800913,
0.00930949901486757,0.010473186391726,0.0116368737685845,0.0128005611454429,
0.0139642485223014,0.0162916232760183,0.0174553106528767,0.0186189980297351,
0.0197826854065936,0.020946372783452,0.0232737475371689),.UNSPECIFIED.);
#1384=B_SPLINE_CURVE_WITH_KNOTS('',3,(#7125,#7126,#7127,#7128,#7129,#7130,
#7131,#7132,#7133,#7134,#7135,#7136,#7137,#7138,#7139,#7140,#7141,#7142,
#7143),.UNSPECIFIED.,.T.,.F.,(1,1,1,1,1,1,1,1,1,1,1,1,1,1,1,1,1,1,1,1,1,
1,1),(-0.00355830751893286,-0.00237220501262191,-0.00118610250631096,0.,
0.00118610250631095,0.00237220501262191,0.00355830751893286,0.00474441002524381,
0.00593051253155477,0.00711661503786572,0.00830271754417667,0.00948882005048763,
0.0106749225567986,0.0118610250631095,0.0130471275694205,0.0142332300757314,
0.0154193325820424,0.0166054350883533,0.0177915375946643,0.0189776401009753,
0.0201637426072862,0.0213498451135972,0.0225359476199081),.UNSPECIFIED.);
#1385=B_SPLINE_CURVE_WITH_KNOTS('',3,(#7145,#7146,#7147,#7148),
 .UNSPECIFIED.,.F.,.F.,(4,4),(6.66458996056251E-17,0.00365278413415171),
 .UNSPECIFIED.);
#1386=B_SPLINE_CURVE_WITH_KNOTS('',3,(#7150,#7151,#7152,#7153),
 .UNSPECIFIED.,.F.,.F.,(4,4),(0.,0.00195396336170879),.UNSPECIFIED.);
#1387=B_SPLINE_CURVE_WITH_KNOTS('',3,(#7155,#7156,#7157,#7158,#7159,#7160,
#7161),.UNSPECIFIED.,.F.,.F.,(4,1,1,1,4),(0.,0.00192938124479862,0.00385876248959723,
0.00578814373439585,0.00771752497919447),.UNSPECIFIED.);
#1388=B_SPLINE_CURVE_WITH_KNOTS('',3,(#7162,#7163,#7164,#7165,#7166,#7167),
 .UNSPECIFIED.,.F.,.F.,(4,1,1,4),(4.21005629646906E-17,0.00576772906666828,
0.00865159360000239,0.0115354581333365),.UNSPECIFIED.);
#1389=B_SPLINE_CURVE_WITH_KNOTS('',3,(#7169,#7170,#7171,#7172),
 .UNSPECIFIED.,.F.,.F.,(4,4),(9.81307786677359E-18,0.000848133580895545),
 .UNSPECIFIED.);
#1390=B_SPLINE_CURVE_WITH_KNOTS('',3,(#7174,#7175,#7176,#7177),
 .UNSPECIFIED.,.F.,.F.,(4,4),(0.,0.00315768881333969),.UNSPECIFIED.);
#1391=B_SPLINE_CURVE_WITH_KNOTS('',3,(#7179,#7180,#7181,#7182),
 .UNSPECIFIED.,.F.,.F.,(4,4),(9.81307786677359E-18,0.000782825727949623),
 .UNSPECIFIED.);
#1392=B_SPLINE_CURVE_WITH_KNOTS('',3,(#7196,#7197,#7198,#7199,#7200,#7201,
#7202,#7203,#7204,#7205),.UNSPECIFIED.,.F.,.F.,(4,1,1,1,1,1,1,4),(0.,0.00116552856263896,
0.00233105712527792,0.00349658568791688,0.00466211425055585,0.00582764281319481,
0.00699317137583377,0.00932422850111169),.UNSPECIFIED.);
#1393=B_SPLINE_CURVE_WITH_KNOTS('',3,(#7208,#7209,#7210,#7211,#7212,#7213,
#7214),.UNSPECIFIED.,.F.,.F.,(4,1,1,1,4),(0.,0.00295593813466566,0.00591187626933132,
0.00886781440399698,0.0118237525386626),.UNSPECIFIED.);
#1394=B_SPLINE_CURVE_WITH_KNOTS('',3,(#7219,#7220,#7221,#7222),
 .UNSPECIFIED.,.F.,.F.,(4,4),(0.913334501420339,0.999999721518481),
 .UNSPECIFIED.);
#1395=B_SPLINE_CURVE_WITH_KNOTS('',3,(#7225,#7226,#7227,#7228,#7229),
 .UNSPECIFIED.,.F.,.F.,(4,1,4),(0.,0.00158624678474597,0.00317249356949193),
 .UNSPECIFIED.);
#1396=B_SPLINE_CURVE_WITH_KNOTS('',3,(#7237,#7238,#7239,#7240,#7241),
 .UNSPECIFIED.,.F.,.F.,(4,1,4),(0.,0.00158625245483117,0.00317250490966235),
 .UNSPECIFIED.);
#1397=B_SPLINE_CURVE_WITH_KNOTS('',3,(#7258,#7259,#7260,#7261,#7262,#7263,
#7264),.UNSPECIFIED.,.F.,.F.,(4,1,1,1,4),(-0.999983565382654,-0.754506173796618,
-0.503004115864412,-0.251502057932206,0.),.UNSPECIFIED.);
#1398=B_SPLINE_CURVE_WITH_KNOTS('',3,(#7274,#7275,#7276,#7277),
 .UNSPECIFIED.,.F.,.F.,(4,4),(0.,0.999993682141803),.UNSPECIFIED.);
#1399=B_SPLINE_CURVE_WITH_KNOTS('',3,(#7282,#7283,#7284,#7285,#7286,#7287,
#7288,#7289,#7290,#7291,#7292,#7293,#7294,#7295,#7296,#7297,#7298,#7299,
#7300,#7301,#7302,#7303,#7304,#7305,#7306,#7307,#7308,#7309,#7310,#7311,
#7312,#7313,#7314,#7315,#7316,#7317,#7318,#7319,#7320,#7321,#7322,#7323,
#7324,#7325,#7326,#7327,#7328,#7329,#7330,#7331,#7332,#7333,#7334,#7335,
#7336,#7337,#7338,#7339,#7340,#7341,#7342,#7343,#7344,#7345,#7346,#7347,
#7348,#7349,#7350,#7351,#7352,#7353,#7354,#7355,#7356,#7357,#7358,#7359,
#7360,#7361,#7362,#7363,#7364,#7365,#7366,#7367,#7368,#7369,#7370,#7371,
#7372,#7373,#7374,#7375,#7376,#7377,#7378,#7379,#7380,#7381,#7382,#7383,
#7384,#7385,#7386,#7387,#7388,#7389,#7390,#7391,#7392,#7393,#7394,#7395,
#7396,#7397,#7398,#7399,#7400,#7401,#7402,#7403,#7404,#7405,#7406,#7407,
#7408,#7409,#7410,#7411,#7412,#7413,#7414,#7415,#7416,#7417,#7418,#7419,
#7420,#7421,#7422,#7423,#7424,#7425,#7426,#7427,#7428,#7429,#7430,#7431,
#7432,#7433,#7434,#7435,#7436,#7437,#7438,#7439,#7440,#7441,#7442,#7443,
#7444,#7445,#7446,#7447,#7448,#7449,#7450,#7451,#7452,#7453,#7454,#7455,
#7456,#7457,#7458,#7459,#7460,#7461,#7462,#7463,#7464,#7465,#7466,#7467,
#7468,#7469,#7470,#7471,#7472,#7473,#7474,#7475,#7476,#7477,#7478,#7479,
#7480,#7481,#7482,#7483,#7484,#7485,#7486,#7487,#7488,#7489,#7490,#7491,
#7492,#7493,#7494,#7495,#7496,#7497,#7498,#7499,#7500,#7501,#7502,#7503,
#7504,#7505,#7506,#7507,#7508,#7509,#7510,#7511,#7512,#7513,#7514,#7515,
#7516,#7517,#7518,#7519,#7520,#7521,#7522,#7523,#7524,#7525,#7526,#7527,
#7528,#7529,#7530,#7531,#7532,#7533,#7534,#7535,#7536,#7537,#7538,#7539,
#7540,#7541,#7542,#7543,#7544,#7545,#7546,#7547,#7548,#7549,#7550,#7551,
#7552,#7553,#7554,#7555,#7556,#7557,#7558,#7559,#7560,#7561,#7562,#7563,
#7564,#7565,#7566,#7567,#7568,#7569,#7570,#7571,#7572,#7573,#7574,#7575,
#7576,#7577,#7578,#7579,#7580,#7581,#7582,#7583,#7584,#7585,#7586,#7587,
#7588,#7589,#7590,#7591,#7592,#7593,#7594,#7595,#7596,#7597,#7598,#7599,
#7600,#7601,#7602,#7603,#7604,#7605,#7606,#7607,#7608,#7609,#7610,#7611,
#7612,#7613,#7614,#7615,#7616,#7617,#7618,#7619,#7620,#7621,#7622,#7623,
#7624,#7625,#7626,#7627,#7628,#7629,#7630,#7631,#7632,#7633,#7634,#7635,
#7636,#7637,#7638,#7639,#7640,#7641,#7642,#7643,#7644,#7645,#7646,#7647,
#7648,#7649,#7650,#7651,#7652,#7653,#7654,#7655,#7656,#7657,#7658,#7659,
#7660,#7661,#7662,#7663,#7664,#7665,#7666,#7667,#7668,#7669,#7670,#7671,
#7672,#7673,#7674,#7675,#7676,#7677,#7678,#7679,#7680,#7681,#7682,#7683,
#7684,#7685,#7686,#7687,#7688,#7689,#7690,#7691,#7692,#7693,#7694,#7695,
#7696,#7697,#7698,#7699,#7700,#7701,#7702,#7703,#7704,#7705,#7706,#7707,
#7708,#7709,#7710,#7711,#7712,#7713,#7714,#7715,#7716,#7717,#7718,#7719,
#7720,#7721,#7722,#7723,#7724,#7725,#7726,#7727,#7728,#7729,#7730,#7731,
#7732,#7733,#7734,#7735,#7736,#7737,#7738,#7739,#7740,#7741,#7742,#7743,
#7744,#7745,#7746,#7747,#7748,#7749,#7750,#7751,#7752,#7753,#7754,#7755,
#7756,#7757,#7758,#7759,#7760,#7761,#7762,#7763,#7764,#7765,#7766,#7767,
#7768,#7769,#7770,#7771,#7772,#7773,#7774,#7775,#7776,#7777,#7778,#7779,
#7780,#7781,#7782,#7783,#7784,#7785,#7786,#7787,#7788,#7789,#7790,#7791,
#7792,#7793,#7794,#7795,#7796,#7797,#7798,#7799,#7800,#7801),
 .UNSPECIFIED.,.F.,.F.,(4,3,3,3,3,3,3,3,3,3,3,3,3,3,3,3,3,3,3,3,3,3,3,3,
3,3,3,3,3,3,3,3,3,3,3,3,3,3,3,3,3,3,3,3,3,3,3,3,3,3,3,3,3,3,3,3,3,3,3,3,
3,3,3,3,3,3,3,3,3,3,3,3,3,3,3,3,3,3,3,3,3,3,3,3,3,3,3,3,3,3,3,3,3,3,3,3,
3,3,3,3,3,3,3,3,3,3,3,3,3,3,3,3,3,3,3,3,3,3,3,3,3,3,3,3,3,3,3,3,3,3,3,3,
3,3,3,3,3,3,3,3,3,3,3,3,3,3,3,3,3,3,3,3,3,3,3,3,3,3,3,3,3,3,3,3,3,3,3,3,
3,3,3,3,3,4),(5.083721920159E-10,0.000741802127726925,0.00228129412894232,
0.0029121637768105,0.0038218594349988,0.0053636022030203,0.00582432755362099,
0.00690664798746493,0.008451278594493,0.00873649133043149,0.00999777619413865,
0.0101925732188367,0.011546194071652,0.011648655107242,0.0123212217039382,
0.0130960541323216,0.0131047369956472,0.0138708814490851,0.0145608188840525,
0.0146458327741066,0.0154207438595057,0.0160169007724577,0.0161955826860712,
0.0165830167788458,0.0167449417166604,0.0169705600342201,0.0173580066503005,
0.017472982660863,0.017745236775957,0.0181327995750304,0.0182010236050656,
0.0185203154188788,0.0187140186050253,0.0189077097038412,0.0189290645492682,
0.0191014069484106,0.0192930850213695,0.019295150645982,0.0194889292996818,
0.0196571054934708,0.0196825676146742,0.019779374326414,0.0198762299626417,
0.0199731347000344,0.0200211259655722,0.0200701069729919,0.0201186032136108,
0.0201670152850645,0.0202031362016228,0.0202152805936728,0.0202636414298391,
0.0203121246670534,0.0203363774351228,0.0203606189742263,0.020384835348581,
0.0203851464376735,0.0204090281301449,0.0204573993940667,0.020505800928108,
0.0205542923178684,0.0205671566737241,0.0206028536073733,0.0206513225521395,
0.0207480657704839,0.0207491669097748,0.0208447887370215,0.0209416125167778,
0.0210385196412909,0.0211131873818761,0.0212324137520519,0.0214261063826601,
0.0214772078539774,0.0216197856398257,0.0218135292665763,0.0218412283260787,
0.0220072743244335,0.022394725269219,0.0225692692702813,0.0227821562794789,
0.0231696416912231,0.023297310214484,0.0235569896030671,0.0239444622351909,
0.0240253511586866,0.0243319390589719,0.0247193633139207,0.0247533921028892,
0.025494181590413,0.0262094739912945,0.0262691484577489,0.0270441525657492,
0.0276655558796997,0.0278188632969017,0.0285937290940248,0.029121637768105,
0.0301435827365853,0.0305777196565102,0.031693352695744,0.0320338015449155,
0.033243091056768,0.0347928941031904,0.034945965321726,0.0363426770587059,
0.0378581290985364,0.0394422158192467,0.0407702928753469,0.0425417661791972,
0.0436824566521574,0.0456413149085415,0.0465946204289679,0.0487408633459259,
0.0495067842057784,0.0518404133477885,0.0524189479825889,0.0549399338252136,
0.0580395100185854,0.0582432755362099,0.0611390589089294,0.0611554393130204,
0.0631453968175906,0.0640676030898309,0.0642386117102537,0.0655236849782362,
0.0667343827073009,0.0669797668666414,0.0673380382139854,0.0691846295818967,
0.0698919306434519,0.0704377332696644,0.071987501449923,0.0728040944202624,
0.0735372711473532,0.0742601763086676,0.0750870038368091,0.0757162581970729,
0.0766373295795788,0.0771723400854781,0.0781309438694419,0.0781864069734533,
0.0786284219738834,0.0797364475648368,0.0800845038622886,0.0811585407541117,
0.0812859867984329,0.0815405857506939,0.0820611898846027,0.0822686266948965,
0.0828358505281376,0.0829966676390991,0.0843107755135588,0.0843856846502072,
0.0844527495275044,0.0857984000766789,0.0859088314159096,0.0859354569931169,
0.0866368723601123,0.0867102764601104,0.0872435537379301,0.0873649133043149,
0.0874852672860038,0.0880929542485175,0.0882563581017348,0.0888209951927201,
0.0890229250161103,0.0897847381716871,0.0902770770811254,0.0905420413832025,
0.0912950494787404,0.0917331589695306,0.0920438637179156,0.0927885824377149,
0.0929741359954254,0.0931594427306908,0.0931892408579359),.UNSPECIFIED.);
#1400=B_SPLINE_CURVE_WITH_KNOTS('',3,(#7806,#7807,#7808,#7809,#7810,#7811,
#7812,#7813,#7814,#7815,#7816,#7817,#7818,#7819,#7820,#7821,#7822,#7823,
#7824,#7825,#7826,#7827,#7828,#7829,#7830,#7831,#7832,#7833,#7834,#7835,
#7836,#7837,#7838,#7839,#7840,#7841,#7842,#7843,#7844,#7845,#7846,#7847,
#7848,#7849,#7850,#7851,#7852,#7853,#7854,#7855,#7856,#7857,#7858,#7859,
#7860,#7861,#7862,#7863,#7864,#7865,#7866,#7867,#7868,#7869,#7870,#7871,
#7872,#7873,#7874,#7875,#7876,#7877,#7878,#7879,#7880,#7881,#7882,#7883,
#7884,#7885,#7886,#7887,#7888,#7889,#7890,#7891,#7892,#7893,#7894,#7895,
#7896,#7897,#7898,#7899,#7900,#7901,#7902,#7903,#7904,#7905,#7906,#7907,
#7908,#7909,#7910,#7911,#7912,#7913,#7914,#7915,#7916,#7917,#7918,#7919,
#7920,#7921,#7922,#7923,#7924,#7925,#7926,#7927,#7928,#7929,#7930,#7931,
#7932,#7933,#7934,#7935),.UNSPECIFIED.,.F.,.F.,(4,3,3,3,3,3,3,3,3,3,3,3,
3,3,3,3,3,3,3,3,3,3,3,3,3,3,3,3,3,3,3,3,3,3,3,3,3,3,3,3,3,3,3,4),(2.40010729272916E-10,
0.00181736621764716,0.00424549831078464,0.00667389013896321,0.00855664887376742,
0.00910242141407979,0.0139606861735401,0.0171132977475348,0.0188208015936648,
0.0213916221844185,0.0236804149901476,0.0254791536224643,0.0279586399531959,
0.0285402879302517,0.029948271058186,0.0334005450748346,0.0342265954950697,
0.0358297660687833,0.0382601410352535,0.0385049199319534,0.0414719326760284,
0.0427832443688371,0.0431200701556205,0.045531642143844,0.0470615688057208,
0.0479799529142254,0.0504098677802026,0.0513398932426045,0.0528399938010227,
0.0534790554610464,0.0550298433893747,0.0552695878183148,0.0556182176794882,
0.0564849368537232,0.057698115160467,0.0577573798979301,0.0596376120313195,
0.0598965421163719,0.0601214247455032,0.0625403669644902,0.0641748665532556,
0.0649552444217931,0.0673668670120335,0.0684531909901394),.UNSPECIFIED.);
#1401=B_SPLINE_CURVE_WITH_KNOTS('',3,(#7943,#7944,#7945,#7946),
 .UNSPECIFIED.,.F.,.F.,(4,4),(0.0310234660993729,0.0312631009774081),
 .UNSPECIFIED.);
#1402=B_SPLINE_CURVE_WITH_KNOTS('',3,(#8071,#8072,#8073,#8074,#8075),
 .UNSPECIFIED.,.F.,.F.,(4,1,4),(2.32737576866932E-17,0.00286305873746278,
0.00572611747492554),.UNSPECIFIED.);
#1403=B_SPLINE_CURVE_WITH_KNOTS('',3,(#8076,#8077,#8078,#8079,#8080),
 .UNSPECIFIED.,.F.,.F.,(4,1,4),(-5.97473918282332E-8,0.00304996538968273,
0.00609999052675729),.UNSPECIFIED.);
#1404=B_SPLINE_CURVE_WITH_KNOTS('',3,(#8201,#8202,#8203,#8204,#8205),
 .UNSPECIFIED.,.F.,.F.,(4,1,4),(-5.99999999608685E-8,0.00296675278436991,
0.00593356556873979),.UNSPECIFIED.);
#1405=B_SPLINE_CURVE_WITH_KNOTS('',3,(#8206,#8207,#8208,#8209,#8210),
 .UNSPECIFIED.,.F.,.F.,(4,1,4),(3.83605376413492E-17,0.00281183233408105,
0.00562366466816206),.UNSPECIFIED.);
#1406=B_SPLINE_CURVE_WITH_KNOTS('',3,(#8224,#8225,#8226,#8227,#8228),
 .UNSPECIFIED.,.F.,.F.,(4,1,4),(0.,0.00281884535875764,0.00563769071751529),
 .UNSPECIFIED.);
#1407=B_SPLINE_CURVE_WITH_KNOTS('',3,(#8241,#8242,#8243,#8244,#8245),
 .UNSPECIFIED.,.F.,.F.,(4,1,4),(0.00138226223245665,0.00298783823427329,
0.00459341423608993),.UNSPECIFIED.);
#1408=B_SPLINE_CURVE_WITH_KNOTS('',3,(#8248,#8249,#8250,#8251,#8252),
 .UNSPECIFIED.,.F.,.F.,(4,1,4),(0.,0.000308260860172556,0.000616521720345112),
 .UNSPECIFIED.);
#1409=B_SPLINE_CURVE_WITH_KNOTS('',3,(#8260,#8261,#8262,#8263,#8264),
 .UNSPECIFIED.,.F.,.F.,(4,1,4),(0.,0.000308183515759836,0.000616367031519673),
 .UNSPECIFIED.);
#1410=B_SPLINE_CURVE_WITH_KNOTS('',3,(#8301,#8302,#8303,#8304,#8305),
 .UNSPECIFIED.,.F.,.F.,(4,1,4),(0.,0.000769637675967702,0.0015392753519354),
 .UNSPECIFIED.);
#1411=B_SPLINE_CURVE_WITH_KNOTS('',3,(#8337,#8338,#8339,#8340),
 .UNSPECIFIED.,.F.,.F.,(4,4),(2.07011855262006E-7,0.00953905919409953),
 .UNSPECIFIED.);
#1412=B_SPLINE_CURVE_WITH_KNOTS('',3,(#8361,#8362,#8363,#8364,#8365),
 .UNSPECIFIED.,.F.,.F.,(4,1,4),(0.,0.00382818849670984,0.00765637699341968),
 .UNSPECIFIED.);
#1413=B_SPLINE_CURVE_WITH_KNOTS('',3,(#8369,#8370,#8371,#8372),
 .UNSPECIFIED.,.F.,.F.,(4,4),(0.,0.00140515864785009),.UNSPECIFIED.);
#1414=B_SPLINE_CURVE_WITH_KNOTS('',3,(#8381,#8382,#8383,#8384,#8385,#8386,
#8387,#8388,#8389,#8390),.UNSPECIFIED.,.F.,.F.,(4,1,1,1,1,1,1,4),(0.,0.000542014253672874,
0.00108402850734575,0.00162604276101862,0.0021680570146915,0.00271007126836437,
0.00325208552203724,0.00433611402938299),.UNSPECIFIED.);
#1415=B_SPLINE_CURVE_WITH_KNOTS('',3,(#8447,#8448,#8449,#8450,#8451),
 .UNSPECIFIED.,.F.,.F.,(4,1,4),(0.,0.5,1.),.UNSPECIFIED.);
#1416=B_SPLINE_CURVE_WITH_KNOTS('',3,(#8560,#8561,#8562,#8563,#8564),
 .UNSPECIFIED.,.F.,.F.,(4,1,4),(0.,0.00163944062135712,0.00327888124271423),
 .UNSPECIFIED.);
#1417=B_SPLINE_CURVE_WITH_KNOTS('',3,(#8568,#8569,#8570,#8571,#8572),
 .UNSPECIFIED.,.F.,.F.,(4,1,4),(0.,0.00163655528584685,0.00327311057169369),
 .UNSPECIFIED.);
#1418=B_SPLINE_CURVE_WITH_KNOTS('',3,(#8574,#8575,#8576,#8577,#8578),
 .UNSPECIFIED.,.F.,.F.,(4,1,4),(0.,0.0017661349681187,0.0035322699362374),
 .UNSPECIFIED.);
#1419=B_SPLINE_CURVE_WITH_KNOTS('',3,(#8582,#8583,#8584,#8585,#8586),
 .UNSPECIFIED.,.F.,.F.,(4,1,4),(0.00813037104780768,0.00991142613033937,
0.0116924812128711),.UNSPECIFIED.);
#1420=B_SPLINE_CURVE_WITH_KNOTS('',3,(#8591,#8592,#8593,#8594,#8595),
 .UNSPECIFIED.,.F.,.F.,(4,1,4),(9.97585159529498E-16,0.0015847432572898,
0.0031694865145786),.UNSPECIFIED.);
#1421=B_SPLINE_CURVE_WITH_KNOTS('',3,(#8596,#8597,#8598,#8599,#8600),
 .UNSPECIFIED.,.F.,.F.,(4,1,4),(0.,0.00160360398290074,0.00320720796580149),
 .UNSPECIFIED.);
#1422=B_SPLINE_CURVE_WITH_KNOTS('',3,(#8602,#8603,#8604,#8605,#8606),
 .UNSPECIFIED.,.F.,.F.,(4,1,4),(0.,0.0018214083572776,0.0036428167145552),
 .UNSPECIFIED.);
#1423=B_SPLINE_CURVE_WITH_KNOTS('',3,(#8610,#8611,#8612,#8613,#8614,#8615),
 .UNSPECIFIED.,.F.,.F.,(4,1,1,4),(0.0069368488269538,0.0078493524024266,
0.0087618559778994,0.010586863128845),.UNSPECIFIED.);
#1424=B_SPLINE_CURVE_WITH_KNOTS('',3,(#8785,#8786,#8787,#8788,#8789,#8790,
#8791,#8792,#8793,#8794,#8795),.UNSPECIFIED.,.F.,.F.,(4,1,1,1,1,1,1,1,4),
(0.,0.00107418732730765,0.0021483746546153,0.00322256198192295,0.0042967493092306,
0.00537093663653825,0.0064451239638459,0.00751931129115355,0.0085934986184612),
 .UNSPECIFIED.);
#1425=B_SPLINE_CURVE_WITH_KNOTS('',3,(#8798,#8799,#8800,#8801,#8802,#8803,
#8804,#8805,#8806,#8807,#8808),.UNSPECIFIED.,.F.,.F.,(4,1,1,1,1,1,1,1,4),
(0.,0.00102819322754931,0.00205638645509862,0.00308457968264793,0.00411277291019724,
0.00514096613774656,0.00616915936529587,0.00719735259284518,0.00822554582039449),
 .UNSPECIFIED.);
#1426=B_SPLINE_CURVE_WITH_KNOTS('',3,(#8815,#8816,#8817,#8818,#8819,#8820,
#8821,#8822,#8823,#8824,#8825,#8826,#8827,#8828,#8829,#8830,#8831),
 .UNSPECIFIED.,.T.,.F.,(1,1,1,1,1,1,1,1,1,1,1,1,1,1,1,1,1,1,1,1,1),(-0.00418526433327801,
-0.002092632166639,-0.0010463160833195,0.,0.0010463160833195,0.002092632166639,
0.00418526433327801,0.00523158041659751,0.00627789649991701,0.00732421258323651,
0.00837052866655602,0.00941684474987552,0.010463160833195,0.0115094769165145,
0.012555792999834,0.014648425166473,0.0156947412497925,0.016741057333112,
0.0177873734164315,0.018833689499751,0.02092632166639),.UNSPECIFIED.);
#1427=B_SPLINE_CURVE_WITH_KNOTS('',3,(#8842,#8843,#8844,#8845,#8846,#8847,
#8848,#8849,#8850,#8851,#8852,#8853,#8854,#8855),.UNSPECIFIED.,.F.,.F.,
(4,1,1,1,1,1,1,1,1,1,1,4),(0.0084805631501019,0.00945821937744846,0.010435875604795,
0.0123911880594881,0.0133688442868347,0.0143465005141812,0.0163018129688743,
0.0182571254235675,0.019234781650914,0.0202124378782606,0.0221677503329537,
0.0241230627876468),.UNSPECIFIED.);
#1428=B_SPLINE_CURVE_WITH_KNOTS('',3,(#8859,#8860,#8861,#8862,#8863),
 .UNSPECIFIED.,.F.,.F.,(4,1,4),(0.,0.000841806177576379,0.00168361235515276),
 .UNSPECIFIED.);
#1429=B_SPLINE_CURVE_WITH_KNOTS('',3,(#8910,#8911,#8912,#8913,#8914),
 .UNSPECIFIED.,.F.,.F.,(4,1,4),(6.92009840363205E-9,0.000277784048689324,
0.000555561177280244),.UNSPECIFIED.);
#1430=B_SPLINE_CURVE_WITH_KNOTS('',3,(#8915,#8916,#8917,#8918,#8919),
 .UNSPECIFIED.,.F.,.F.,(4,1,4),(0.,0.5,1.),.UNSPECIFIED.);
#1431=EDGE_LOOP('',(#357,#358,#359,#360));
#1432=EDGE_LOOP('',(#361,#362,#363,#364,#365,#366,#367,#368,#369,#370,#371));
#1433=EDGE_LOOP('',(#372,#373,#374,#375));
#1434=EDGE_LOOP('',(#376,#377,#378,#379,#380,#381,#382,#383,#384,#385,#386,
#387,#388,#389,#390));
#1435=EDGE_LOOP('',(#391));
#1436=EDGE_LOOP('',(#392));
#1437=EDGE_LOOP('',(#393));
#1438=EDGE_LOOP('',(#394,#395,#396));
#1439=EDGE_LOOP('',(#397,#398,#399,#400,#401));
#1440=EDGE_LOOP('',(#402));
#1441=EDGE_LOOP('',(#403));
#1442=EDGE_LOOP('',(#404));
#1443=EDGE_LOOP('',(#405));
#1444=EDGE_LOOP('',(#406,#407,#408,#409,#410,#411,#412,#413,#414,#415,#416,
#417,#418,#419,#420,#421,#422,#423,#424,#425,#426,#427,#428,#429,#430,#431,
#432,#433,#434,#435,#436,#437,#438,#439,#440,#441,#442,#443,#444,#445));
#1445=EDGE_LOOP('',(#446,#447,#448));
#1446=EDGE_LOOP('',(#449,#450,#451,#452,#453,#454,#455,#456,#457,#458));
#1447=EDGE_LOOP('',(#459));
#1448=EDGE_LOOP('',(#460));
#1449=EDGE_LOOP('',(#461));
#1450=EDGE_LOOP('',(#462,#463,#464,#465,#466,#467,#468,#469,#470,#471,#472));
#1451=EDGE_LOOP('',(#473,#474,#475,#476));
#1452=EDGE_LOOP('',(#477,#478,#479,#480));
#1453=EDGE_LOOP('',(#481,#482,#483,#484,#485,#486,#487,#488,#489,#490,#491,
#492,#493,#494,#495,#496,#497,#498,#499,#500));
#1454=EDGE_LOOP('',(#501,#502,#503,#504));
#1455=EDGE_LOOP('',(#505,#506,#507));
#1456=EDGE_LOOP('',(#508,#509,#510));
#1457=EDGE_LOOP('',(#511,#512,#513));
#1458=EDGE_LOOP('',(#514,#515,#516));
#1459=EDGE_LOOP('',(#517,#518,#519,#520,#521,#522,#523,#524,#525,#526,#527,
#528,#529,#530,#531));
#1460=EDGE_LOOP('',(#532));
#1461=EDGE_LOOP('',(#533));
#1462=EDGE_LOOP('',(#534));
#1463=EDGE_LOOP('',(#535));
#1464=EDGE_LOOP('',(#536,#537,#538,#539));
#1465=EDGE_LOOP('',(#540,#541,#542,#543));
#1466=EDGE_LOOP('',(#544,#545,#546,#547));
#1467=EDGE_LOOP('',(#548,#549,#550,#551));
#1468=EDGE_LOOP('',(#552,#553,#554,#555,#556,#557));
#1469=EDGE_LOOP('',(#558,#559,#560));
#1470=EDGE_LOOP('',(#561,#562,#563,#564,#565,#566));
#1471=EDGE_LOOP('',(#567,#568,#569,#570));
#1472=EDGE_LOOP('',(#571,#572,#573,#574));
#1473=EDGE_LOOP('',(#575,#576,#577,#578,#579,#580));
#1474=EDGE_LOOP('',(#581,#582,#583,#584,#585,#586));
#1475=EDGE_LOOP('',(#587,#588,#589,#590,#591,#592,#593,#594));
#1476=EDGE_LOOP('',(#595,#596,#597,#598));
#1477=EDGE_LOOP('',(#599,#600,#601,#602));
#1478=EDGE_LOOP('',(#603,#604,#605,#606));
#1479=EDGE_LOOP('',(#607,#608,#609,#610));
#1480=EDGE_LOOP('',(#611));
#1481=EDGE_LOOP('',(#612));
#1482=EDGE_LOOP('',(#613));
#1483=EDGE_LOOP('',(#614));
#1484=EDGE_LOOP('',(#615));
#1485=EDGE_LOOP('',(#616));
#1486=EDGE_LOOP('',(#617));
#1487=EDGE_LOOP('',(#618,#619,#620));
#1488=EDGE_LOOP('',(#621,#622,#623,#624));
#1489=EDGE_LOOP('',(#625,#626,#627,#628));
#1490=EDGE_LOOP('',(#629,#630,#631,#632));
#1491=EDGE_LOOP('',(#633,#634,#635,#636,#637,#638));
#1492=EDGE_LOOP('',(#639));
#1493=EDGE_LOOP('',(#640));
#1494=EDGE_LOOP('',(#641));
#1495=EDGE_LOOP('',(#642));
#1496=EDGE_LOOP('',(#643,#644,#645,#646,#647,#648,#649,#650,#651,#652));
#1497=EDGE_LOOP('',(#653,#654,#655,#656));
#1498=EDGE_LOOP('',(#657,#658,#659,#660,#661));
#1499=EDGE_LOOP('',(#662,#663,#664));
#1500=EDGE_LOOP('',(#665,#666,#667,#668));
#1501=EDGE_LOOP('',(#669,#670,#671,#672));
#1502=EDGE_LOOP('',(#673,#674,#675));
#1503=EDGE_LOOP('',(#676,#677,#678,#679));
#1504=EDGE_LOOP('',(#680,#681,#682,#683));
#1505=EDGE_LOOP('',(#684,#685,#686,#687));
#1506=EDGE_LOOP('',(#688,#689,#690,#691));
#1507=EDGE_LOOP('',(#692,#693,#694,#695));
#1508=EDGE_LOOP('',(#696,#697,#698,#699));
#1509=EDGE_LOOP('',(#700,#701,#702,#703));
#1510=EDGE_LOOP('',(#704,#705,#706,#707));
#1511=EDGE_LOOP('',(#708,#709,#710,#711,#712));
#1512=EDGE_LOOP('',(#713));
#1513=EDGE_LOOP('',(#714));
#1514=EDGE_LOOP('',(#715));
#1515=EDGE_LOOP('',(#716));
#1516=EDGE_LOOP('',(#717));
#1517=EDGE_LOOP('',(#718));
#1518=EDGE_LOOP('',(#719));
#1519=EDGE_LOOP('',(#720));
#1520=EDGE_LOOP('',(#721));
#1521=EDGE_LOOP('',(#722));
#1522=EDGE_LOOP('',(#723));
#1523=EDGE_LOOP('',(#724));
#1524=EDGE_LOOP('',(#725));
#1525=EDGE_LOOP('',(#726));
#1526=EDGE_LOOP('',(#727));
#1527=EDGE_LOOP('',(#728));
#1528=EDGE_LOOP('',(#729));
#1529=EDGE_LOOP('',(#730));
#1530=EDGE_LOOP('',(#731));
#1531=EDGE_LOOP('',(#732));
#1532=EDGE_LOOP('',(#733));
#1533=EDGE_LOOP('',(#734));
#1534=EDGE_LOOP('',(#735));
#1535=EDGE_LOOP('',(#736));
#1536=EDGE_LOOP('',(#737));
#1537=EDGE_LOOP('',(#738));
#1538=EDGE_LOOP('',(#739));
#1539=EDGE_LOOP('',(#740));
#1540=EDGE_LOOP('',(#741,#742,#743,#744));
#1541=EDGE_LOOP('',(#745,#746,#747,#748,#749,#750,#751,#752));
#1542=EDGE_LOOP('',(#753,#754,#755,#756,#757,#758));
#1543=EDGE_LOOP('',(#759,#760,#761,#762,#763,#764));
#1544=EDGE_LOOP('',(#765,#766,#767,#768));
#1545=EDGE_LOOP('',(#769,#770,#771,#772));
#1546=EDGE_LOOP('',(#773,#774,#775,#776));
#1547=EDGE_LOOP('',(#777,#778,#779,#780));
#1548=EDGE_LOOP('',(#781,#782,#783,#784));
#1549=EDGE_LOOP('',(#785,#786,#787,#788));
#1550=EDGE_LOOP('',(#789,#790,#791,#792));
#1551=EDGE_LOOP('',(#793,#794,#795,#796));
#1552=EDGE_LOOP('',(#797,#798,#799,#800));
#1553=EDGE_LOOP('',(#801,#802,#803,#804));
#1554=EDGE_LOOP('',(#805,#806,#807,#808));
#1555=EDGE_LOOP('',(#809,#810,#811,#812));
#1556=EDGE_LOOP('',(#813,#814,#815,#816));
#1557=EDGE_LOOP('',(#817,#818,#819,#820));
#1558=EDGE_LOOP('',(#821,#822,#823,#824));
#1559=EDGE_LOOP('',(#825,#826,#827,#828));
#1560=EDGE_LOOP('',(#829,#830,#831,#832));
#1561=EDGE_LOOP('',(#833,#834,#835,#836));
#1562=EDGE_LOOP('',(#837,#838,#839,#840));
#1563=EDGE_LOOP('',(#841,#842,#843,#844));
#1564=EDGE_LOOP('',(#845,#846));
#1565=EDGE_LOOP('',(#847));
#1566=EDGE_LOOP('',(#848));
#1567=EDGE_LOOP('',(#849));
#1568=EDGE_LOOP('',(#850));
#1569=EDGE_LOOP('',(#851));
#1570=EDGE_LOOP('',(#852));
#1571=EDGE_LOOP('',(#853));
#1572=EDGE_LOOP('',(#854,#855));
#1573=EDGE_LOOP('',(#856));
#1574=EDGE_LOOP('',(#857,#858));
#1575=EDGE_LOOP('',(#859));
#1576=EDGE_LOOP('',(#860));
#1577=EDGE_LOOP('',(#861));
#1578=EDGE_LOOP('',(#862));
#1579=EDGE_LOOP('',(#863));
#1580=EDGE_LOOP('',(#864));
#1581=EDGE_LOOP('',(#865));
#1582=EDGE_LOOP('',(#866));
#1583=EDGE_LOOP('',(#867));
#1584=EDGE_LOOP('',(#868));
#1585=EDGE_LOOP('',(#869));
#1586=EDGE_LOOP('',(#870));
#1587=EDGE_LOOP('',(#871,#872,#873,#874));
#1588=EDGE_LOOP('',(#875,#876,#877,#878,#879));
#1589=EDGE_LOOP('',(#880));
#1590=EDGE_LOOP('',(#881));
#1591=EDGE_LOOP('',(#882));
#1592=EDGE_LOOP('',(#883,#884));
#1593=FACE_BOUND('',#1431,.T.);
#1594=FACE_BOUND('',#1432,.T.);
#1595=FACE_BOUND('',#1433,.T.);
#1596=FACE_BOUND('',#1434,.T.);
#1597=FACE_BOUND('',#1435,.T.);
#1598=FACE_BOUND('',#1436,.T.);
#1599=FACE_BOUND('',#1437,.T.);
#1600=FACE_BOUND('',#1438,.T.);
#1601=FACE_BOUND('',#1439,.T.);
#1602=FACE_BOUND('',#1440,.T.);
#1603=FACE_BOUND('',#1441,.T.);
#1604=FACE_BOUND('',#1442,.T.);
#1605=FACE_BOUND('',#1443,.T.);
#1606=FACE_BOUND('',#1444,.T.);
#1607=FACE_BOUND('',#1445,.T.);
#1608=FACE_BOUND('',#1446,.T.);
#1609=FACE_BOUND('',#1447,.T.);
#1610=FACE_BOUND('',#1448,.T.);
#1611=FACE_BOUND('',#1449,.T.);
#1612=FACE_BOUND('',#1450,.T.);
#1613=FACE_BOUND('',#1451,.T.);
#1614=FACE_BOUND('',#1452,.T.);
#1615=FACE_BOUND('',#1453,.T.);
#1616=FACE_BOUND('',#1454,.T.);
#1617=FACE_BOUND('',#1455,.T.);
#1618=FACE_BOUND('',#1456,.T.);
#1619=FACE_BOUND('',#1457,.T.);
#1620=FACE_BOUND('',#1458,.T.);
#1621=FACE_BOUND('',#1459,.T.);
#1622=FACE_BOUND('',#1460,.T.);
#1623=FACE_BOUND('',#1461,.T.);
#1624=FACE_BOUND('',#1462,.T.);
#1625=FACE_BOUND('',#1463,.T.);
#1626=FACE_BOUND('',#1464,.T.);
#1627=FACE_BOUND('',#1465,.T.);
#1628=FACE_BOUND('',#1466,.T.);
#1629=FACE_BOUND('',#1467,.T.);
#1630=FACE_BOUND('',#1468,.T.);
#1631=FACE_BOUND('',#1469,.T.);
#1632=FACE_BOUND('',#1470,.T.);
#1633=FACE_BOUND('',#1471,.T.);
#1634=FACE_BOUND('',#1472,.T.);
#1635=FACE_BOUND('',#1473,.T.);
#1636=FACE_BOUND('',#1474,.T.);
#1637=FACE_BOUND('',#1475,.T.);
#1638=FACE_BOUND('',#1476,.T.);
#1639=FACE_BOUND('',#1477,.T.);
#1640=FACE_BOUND('',#1478,.T.);
#1641=FACE_BOUND('',#1479,.T.);
#1642=FACE_BOUND('',#1480,.T.);
#1643=FACE_BOUND('',#1481,.T.);
#1644=FACE_BOUND('',#1482,.T.);
#1645=FACE_BOUND('',#1483,.T.);
#1646=FACE_BOUND('',#1484,.T.);
#1647=FACE_BOUND('',#1485,.T.);
#1648=FACE_BOUND('',#1486,.T.);
#1649=FACE_BOUND('',#1487,.T.);
#1650=FACE_BOUND('',#1488,.T.);
#1651=FACE_BOUND('',#1489,.T.);
#1652=FACE_BOUND('',#1490,.T.);
#1653=FACE_BOUND('',#1491,.T.);
#1654=FACE_BOUND('',#1492,.T.);
#1655=FACE_BOUND('',#1493,.T.);
#1656=FACE_BOUND('',#1494,.T.);
#1657=FACE_BOUND('',#1495,.T.);
#1658=FACE_BOUND('',#1496,.T.);
#1659=FACE_BOUND('',#1497,.T.);
#1660=FACE_BOUND('',#1498,.T.);
#1661=FACE_BOUND('',#1499,.T.);
#1662=FACE_BOUND('',#1500,.T.);
#1663=FACE_BOUND('',#1501,.T.);
#1664=FACE_BOUND('',#1502,.T.);
#1665=FACE_BOUND('',#1503,.T.);
#1666=FACE_BOUND('',#1504,.T.);
#1667=FACE_BOUND('',#1505,.T.);
#1668=FACE_BOUND('',#1506,.T.);
#1669=FACE_BOUND('',#1507,.T.);
#1670=FACE_BOUND('',#1508,.T.);
#1671=FACE_BOUND('',#1509,.T.);
#1672=FACE_BOUND('',#1510,.T.);
#1673=FACE_BOUND('',#1511,.T.);
#1674=FACE_BOUND('',#1512,.T.);
#1675=FACE_BOUND('',#1513,.T.);
#1676=FACE_BOUND('',#1514,.T.);
#1677=FACE_BOUND('',#1515,.T.);
#1678=FACE_BOUND('',#1516,.T.);
#1679=FACE_BOUND('',#1517,.T.);
#1680=FACE_BOUND('',#1518,.T.);
#1681=FACE_BOUND('',#1519,.T.);
#1682=FACE_BOUND('',#1520,.T.);
#1683=FACE_BOUND('',#1521,.T.);
#1684=FACE_BOUND('',#1522,.T.);
#1685=FACE_BOUND('',#1523,.T.);
#1686=FACE_BOUND('',#1524,.T.);
#1687=FACE_BOUND('',#1525,.T.);
#1688=FACE_BOUND('',#1526,.T.);
#1689=FACE_BOUND('',#1527,.T.);
#1690=FACE_BOUND('',#12,.T.);
#1691=FACE_BOUND('',#1528,.T.);
#1692=FACE_BOUND('',#1529,.T.);
#1693=FACE_BOUND('',#1530,.T.);
#1694=FACE_BOUND('',#13,.T.);
#1695=FACE_BOUND('',#1531,.T.);
#1696=FACE_BOUND('',#1532,.T.);
#1697=FACE_BOUND('',#1533,.T.);
#1698=FACE_BOUND('',#14,.T.);
#1699=FACE_BOUND('',#1534,.T.);
#1700=FACE_BOUND('',#1535,.T.);
#1701=FACE_BOUND('',#1536,.T.);
#1702=FACE_BOUND('',#15,.T.);
#1703=FACE_BOUND('',#1537,.T.);
#1704=FACE_BOUND('',#1538,.T.);
#1705=FACE_BOUND('',#1539,.T.);
#1706=FACE_BOUND('',#1540,.T.);
#1707=FACE_BOUND('',#1541,.T.);
#1708=FACE_BOUND('',#1542,.T.);
#1709=FACE_BOUND('',#1543,.T.);
#1710=FACE_BOUND('',#1544,.T.);
#1711=FACE_BOUND('',#1545,.T.);
#1712=FACE_BOUND('',#1546,.T.);
#1713=FACE_BOUND('',#1547,.T.);
#1714=FACE_BOUND('',#1548,.T.);
#1715=FACE_BOUND('',#1549,.T.);
#1716=FACE_BOUND('',#1550,.T.);
#1717=FACE_BOUND('',#1551,.T.);
#1718=FACE_BOUND('',#1552,.T.);
#1719=FACE_BOUND('',#1553,.T.);
#1720=FACE_BOUND('',#1554,.T.);
#1721=FACE_BOUND('',#1555,.T.);
#1722=FACE_BOUND('',#1556,.T.);
#1723=FACE_BOUND('',#1557,.T.);
#1724=FACE_BOUND('',#1558,.T.);
#1725=FACE_BOUND('',#1559,.T.);
#1726=FACE_BOUND('',#1560,.T.);
#1727=FACE_BOUND('',#1561,.T.);
#1728=FACE_BOUND('',#1562,.T.);
#1729=FACE_BOUND('',#1563,.T.);
#1730=FACE_BOUND('',#1564,.T.);
#1731=FACE_BOUND('',#1565,.T.);
#1732=FACE_BOUND('',#1566,.T.);
#1733=FACE_BOUND('',#1567,.T.);
#1734=FACE_BOUND('',#1568,.T.);
#1735=FACE_BOUND('',#1569,.T.);
#1736=FACE_BOUND('',#1570,.T.);
#1737=FACE_BOUND('',#1571,.T.);
#1738=FACE_BOUND('',#1572,.T.);
#1739=FACE_BOUND('',#1573,.T.);
#1740=FACE_BOUND('',#1574,.T.);
#1741=FACE_BOUND('',#1575,.T.);
#1742=FACE_BOUND('',#1576,.T.);
#1743=FACE_BOUND('',#1577,.T.);
#1744=FACE_BOUND('',#1578,.T.);
#1745=FACE_BOUND('',#1579,.T.);
#1746=FACE_BOUND('',#1580,.T.);
#1747=FACE_BOUND('',#1581,.T.);
#1748=FACE_BOUND('',#1582,.T.);
#1749=FACE_BOUND('',#1583,.T.);
#1750=FACE_BOUND('',#1584,.T.);
#1751=FACE_BOUND('',#1585,.T.);
#1752=FACE_BOUND('',#1586,.T.);
#1753=FACE_BOUND('',#1587,.T.);
#1754=FACE_BOUND('',#1588,.T.);
#1755=FACE_BOUND('',#1589,.T.);
#1756=FACE_BOUND('',#1590,.T.);
#1757=FACE_BOUND('',#1591,.T.);
#1758=FACE_BOUND('',#1592,.T.);
#1759=B_SPLINE_SURFACE_WITH_KNOTS('',3,3,((#2512,#2513,#2514,#2515,#2516,
#2517,#2518,#2519,#2520,#2521),(#2522,#2523,#2524,#2525,#2526,#2527,#2528,
#2529,#2530,#2531),(#2532,#2533,#2534,#2535,#2536,#2537,#2538,#2539,#2540,
#2541),(#2542,#2543,#2544,#2545,#2546,#2547,#2548,#2549,#2550,#2551)),
 .UNSPECIFIED.,.F.,.F.,.F.,(4,4),(4,1,1,1,1,1,1,4),(0.0946389829166892,
0.103569405745153),(0.369962810948875,0.686860245842397,0.818900843714698,
0.911329262225308,0.957543471480614,0.980650576108266,0.992204128422093,
1.00375768073592),.UNSPECIFIED.);
#1760=B_SPLINE_SURFACE_WITH_KNOTS('',3,3,((#2708,#2709,#2710,#2711,#2712,
#2713,#2714,#2715,#2716,#2717),(#2718,#2719,#2720,#2721,#2722,#2723,#2724,
#2725,#2726,#2727),(#2728,#2729,#2730,#2731,#2732,#2733,#2734,#2735,#2736,
#2737),(#2738,#2739,#2740,#2741,#2742,#2743,#2744,#2745,#2746,#2747),(#2748,
#2749,#2750,#2751,#2752,#2753,#2754,#2755,#2756,#2757),(#2758,#2759,#2760,
#2761,#2762,#2763,#2764,#2765,#2766,#2767),(#2768,#2769,#2770,#2771,#2772,
#2773,#2774,#2775,#2776,#2777),(#2778,#2779,#2780,#2781,#2782,#2783,#2784,
#2785,#2786,#2787),(#2788,#2789,#2790,#2791,#2792,#2793,#2794,#2795,#2796,
#2797),(#2798,#2799,#2800,#2801,#2802,#2803,#2804,#2805,#2806,#2807),(#2808,
#2809,#2810,#2811,#2812,#2813,#2814,#2815,#2816,#2817)),.UNSPECIFIED.,.F.,
 .F.,.F.,(4,1,1,1,1,1,1,1,4),(4,1,1,1,1,1,1,4),(0.117781589967324,0.120409938042544,
0.121724112080154,0.1234763441303,0.125666634192984,0.128294982268204,0.130923330343423,
0.133551678418643,0.138808374569083),(-0.00376190263936363,0.00779172633219108,
0.0193453553037458,0.0424526132468552,0.088667129133074,0.181096160905512,
0.313137634866137,0.630037172371638),.UNSPECIFIED.);
#1761=B_SPLINE_SURFACE_WITH_KNOTS('',3,3,((#3912,#3913,#3914,#3915,#3916,
#3917,#3918,#3919,#3920,#3921),(#3922,#3923,#3924,#3925,#3926,#3927,#3928,
#3929,#3930,#3931),(#3932,#3933,#3934,#3935,#3936,#3937,#3938,#3939,#3940,
#3941),(#3942,#3943,#3944,#3945,#3946,#3947,#3948,#3949,#3950,#3951),(#3952,
#3953,#3954,#3955,#3956,#3957,#3958,#3959,#3960,#3961),(#3962,#3963,#3964,
#3965,#3966,#3967,#3968,#3969,#3970,#3971),(#3972,#3973,#3974,#3975,#3976,
#3977,#3978,#3979,#3980,#3981),(#3982,#3983,#3984,#3985,#3986,#3987,#3988,
#3989,#3990,#3991),(#3992,#3993,#3994,#3995,#3996,#3997,#3998,#3999,#4000,
#4001),(#4002,#4003,#4004,#4005,#4006,#4007,#4008,#4009,#4010,#4011),(#4012,
#4013,#4014,#4015,#4016,#4017,#4018,#4019,#4020,#4021),(#4022,#4023,#4024,
#4025,#4026,#4027,#4028,#4029,#4030,#4031),(#4032,#4033,#4034,#4035,#4036,
#4037,#4038,#4039,#4040,#4041),(#4042,#4043,#4044,#4045,#4046,#4047,#4048,
#4049,#4050,#4051),(#4052,#4053,#4054,#4055,#4056,#4057,#4058,#4059,#4060,
#4061)),.UNSPECIFIED.,.F.,.F.,.F.,(4,1,1,1,1,1,1,1,1,1,1,1,4),(4,1,1,1,
1,1,1,4),(0.188086434446734,0.188873582082776,0.189435830394235,0.190110528367985,
0.191010125666319,0.192134622289237,0.193484018236737,0.194833414184238,
0.196632608780906,0.198881602026741,0.201580393921743,0.204279185816745,
0.209676769606749),(-0.00375895851271334,0.00779461698094531,0.019348192474604,
0.0424553434619213,0.0886696454365559,0.181098249385825,0.313139112170495,
0.630037182853704),.UNSPECIFIED.);
#1762=B_SPLINE_SURFACE_WITH_KNOTS('',3,1,((#5811,#5812),(#5813,#5814),(#5815,
#5816),(#5817,#5818)),.SURF_OF_LINEAR_EXTRUSION.,.F.,.F.,.F.,(4,4),(2,2),
(1.57079632679481,1.70772305259525),(0.,1.),.PIECEWISE_BEZIER_KNOTS.);
#1763=B_SPLINE_SURFACE_WITH_KNOTS('',3,1,((#7186,#7187),(#7188,#7189),(#7190,
#7191),(#7192,#7193)),.SURF_OF_LINEAR_EXTRUSION.,.F.,.F.,.F.,(4,4),(2,2),
(1.57079633343508,1.98513963944614),(0.,1.),.PIECEWISE_BEZIER_KNOTS.);
#1764=B_SPLINE_SURFACE_WITH_KNOTS('',3,1,((#7242,#7243),(#7244,#7245),(#7246,
#7247),(#7248,#7249),(#7250,#7251),(#7252,#7253),(#7254,#7255)),
 .SURF_OF_LINEAR_EXTRUSION.,.F.,.F.,.F.,(4,1,1,1,4),(2,2),(-6.64011977456461E-9,
0.153406681832724,0.306813370305568,0.460220058778412,0.613626747251255),
(0.,1.),.UNSPECIFIED.);
#1765=B_SPLINE_SURFACE_WITH_KNOTS('',3,1,((#7265,#7266),(#7267,#7268),(#7269,
#7270),(#7271,#7272)),.SURF_OF_LINEAR_EXTRUSION.,.F.,.F.,.F.,(4,4),(2,2),
(0.00360107481129083,0.40078613040671),(0.,1.),.PIECEWISE_BEZIER_KNOTS.);
#1766=B_SPLINE_SURFACE_WITH_KNOTS('',3,3,((#7961,#7962,#7963,#7964,#7965,
#7966,#7967,#7968,#7969,#7970),(#7971,#7972,#7973,#7974,#7975,#7976,#7977,
#7978,#7979,#7980),(#7981,#7982,#7983,#7984,#7985,#7986,#7987,#7988,#7989,
#7990),(#7991,#7992,#7993,#7994,#7995,#7996,#7997,#7998,#7999,#8000),(#8001,
#8002,#8003,#8004,#8005,#8006,#8007,#8008,#8009,#8010),(#8011,#8012,#8013,
#8014,#8015,#8016,#8017,#8018,#8019,#8020),(#8021,#8022,#8023,#8024,#8025,
#8026,#8027,#8028,#8029,#8030),(#8031,#8032,#8033,#8034,#8035,#8036,#8037,
#8038,#8039,#8040),(#8041,#8042,#8043,#8044,#8045,#8046,#8047,#8048,#8049,
#8050),(#8051,#8052,#8053,#8054,#8055,#8056,#8057,#8058,#8059,#8060),(#8061,
#8062,#8063,#8064,#8065,#8066,#8067,#8068,#8069,#8070)),.UNSPECIFIED.,.F.,
 .F.,.F.,(4,1,1,1,1,1,1,1,4),(4,1,1,1,1,1,1,4),(0.0342180453947869,0.0483919334159717,
0.0554788774265641,0.0625658214371565,0.0696527654477489,0.0755585521232426,
0.0802831814636375,0.0838266534689337,0.0909135974795261),(0.369953073309282,
0.686855831927794,0.81889864801884,0.911328619282573,0.957543604914439,
0.980651097730373,0.992204844138339,1.00375859054631),.UNSPECIFIED.);
#1767=B_SPLINE_SURFACE_WITH_KNOTS('',3,3,((#8081,#8082,#8083,#8084,#8085,
#8086,#8087,#8088,#8089,#8090),(#8091,#8092,#8093,#8094,#8095,#8096,#8097,
#8098,#8099,#8100),(#8101,#8102,#8103,#8104,#8105,#8106,#8107,#8108,#8109,
#8110),(#8111,#8112,#8113,#8114,#8115,#8116,#8117,#8118,#8119,#8120),(#8121,
#8122,#8123,#8124,#8125,#8126,#8127,#8128,#8129,#8130),(#8131,#8132,#8133,
#8134,#8135,#8136,#8137,#8138,#8139,#8140),(#8141,#8142,#8143,#8144,#8145,
#8146,#8147,#8148,#8149,#8150),(#8151,#8152,#8153,#8154,#8155,#8156,#8157,
#8158,#8159,#8160),(#8161,#8162,#8163,#8164,#8165,#8166,#8167,#8168,#8169,
#8170),(#8171,#8172,#8173,#8174,#8175,#8176,#8177,#8178,#8179,#8180),(#8181,
#8182,#8183,#8184,#8185,#8186,#8187,#8188,#8189,#8190),(#8191,#8192,#8193,
#8194,#8195,#8196,#8197,#8198,#8199,#8200)),.UNSPECIFIED.,.F.,.F.,.F.,(4,
1,1,1,1,1,1,1,1,4),(4,1,1,1,1,1,1,4),(0.143752459428503,0.153916271767173,
0.158998177936508,0.164080084105843,0.169161990275178,0.173396912082957,
0.17678484952918,0.179325802613848,0.181443263517737,0.184407708783183),
(-0.00377340230572501,0.00778042323221349,0.019334248770152,0.042441899846029,
0.088657201997783,0.181087806301291,0.313131526734874,0.630036455775473),
 .UNSPECIFIED.);
#1768=B_SPLINE_SURFACE_WITH_KNOTS('',3,1,((#8214,#8215),(#8216,#8217),(#8218,
#8219),(#8220,#8221)),.SURF_OF_LINEAR_EXTRUSION.,.F.,.F.,.F.,(4,4),(2,2),
(1.96883616495019,1.9851396394464),(0.,1.),.PIECEWISE_BEZIER_KNOTS.);
#1769=B_SPLINE_SURFACE_WITH_KNOTS('',3,1,((#8230,#8231),(#8232,#8233),(#8234,
#8235),(#8236,#8237),(#8238,#8239)),.SURF_OF_LINEAR_EXTRUSION.,.F.,.F.,
 .F.,(4,1,4),(2,2),(-3.51320720267214E-9,0.196343114421392,0.392686232355992),
(0.,1.),.UNSPECIFIED.);
#1770=ADVANCED_FACE('',(#1593),#1759,.F.);
#1771=ADVANCED_FACE('',(#1594),#1760,.F.);
#1772=ADVANCED_FACE('',(#1595),#1761,.F.);
#1773=ADVANCED_FACE('',(#1596,#1597,#1598,#1599),#328,.F.);
#1774=ADVANCED_FACE('',(#1600),#329,.T.);
#1775=ADVANCED_FACE('',(#1601),#1762,.F.);
#1776=ADVANCED_FACE('',(#1602,#1603,#1604,#1605,#1606),#330,.T.);
#1777=ADVANCED_FACE('',(#1607),#331,.F.);
#1778=ADVANCED_FACE('',(#1608,#1609),#72,.T.);
#1779=ADVANCED_FACE('',(#1610,#1611,#1612),#73,.T.);
#1780=ADVANCED_FACE('',(#1613),#332,.T.);
#1781=ADVANCED_FACE('',(#1614),#1763,.T.);
#1782=ADVANCED_FACE('',(#1615),#28,.T.);
#1783=ADVANCED_FACE('',(#1616),#1764,.T.);
#1784=ADVANCED_FACE('',(#1617),#333,.T.);
#1785=ADVANCED_FACE('',(#1618),#1765,.F.);
#1786=ADVANCED_FACE('',(#1619),#29,.T.);
#1787=ADVANCED_FACE('',(#1620),#22,.T.);
#1788=ADVANCED_FACE('',(#1621,#1622,#1623,#1624,#1625),#334,.T.);
#1789=ADVANCED_FACE('',(#1626),#1766,.F.);
#1790=ADVANCED_FACE('',(#1627),#1767,.F.);
#1791=ADVANCED_FACE('',(#1628),#335,.F.);
#1792=ADVANCED_FACE('',(#1629),#1768,.F.);
#1793=ADVANCED_FACE('',(#1630),#30,.F.);
#1794=ADVANCED_FACE('',(#1631),#1769,.F.);
#1795=ADVANCED_FACE('',(#1632),#31,.T.);
#1796=ADVANCED_FACE('',(#1633),#336,.F.);
#1797=ADVANCED_FACE('',(#1634),#32,.F.);
#1798=ADVANCED_FACE('',(#1635),#337,.F.);
#1799=ADVANCED_FACE('',(#1636),#338,.T.);
#1800=ADVANCED_FACE('',(#1637),#339,.T.);
#1801=ADVANCED_FACE('',(#1638),#33,.F.);
#1802=ADVANCED_FACE('',(#1639),#34,.F.);
#1803=ADVANCED_FACE('',(#1640),#35,.T.);
#1804=ADVANCED_FACE('',(#1641),#36,.T.);
#1805=ADVANCED_FACE('',(#1642,#1643),#37,.F.);
#1806=ADVANCED_FACE('',(#1644,#1645),#38,.F.);
#1807=ADVANCED_FACE('',(#1646,#1647),#39,.F.);
#1808=ADVANCED_FACE('',(#1648,#1649),#40,.F.);
#1809=ADVANCED_FACE('',(#1650),#340,.T.);
#1810=ADVANCED_FACE('',(#1651),#341,.F.);
#1811=ADVANCED_FACE('',(#1652),#342,.T.);
#1812=ADVANCED_FACE('',(#1653),#343,.T.);
#1813=ADVANCED_FACE('',(#1654,#1655,#1656,#1657,#1658),#344,.F.);
#1814=ADVANCED_FACE('',(#1659),#41,.T.);
#1815=ADVANCED_FACE('',(#1660),#42,.T.);
#1816=ADVANCED_FACE('',(#1661),#20,.T.);
#1817=ADVANCED_FACE('',(#1662),#43,.T.);
#1818=ADVANCED_FACE('',(#1663),#44,.T.);
#1819=ADVANCED_FACE('',(#1664),#21,.T.);
#1820=ADVANCED_FACE('',(#1665),#45,.T.);
#1821=ADVANCED_FACE('',(#1666),#74,.F.);
#1822=ADVANCED_FACE('',(#1667),#75,.F.);
#1823=ADVANCED_FACE('',(#1668),#76,.F.);
#1824=ADVANCED_FACE('',(#1669),#46,.F.);
#1825=ADVANCED_FACE('',(#1670),#77,.F.);
#1826=ADVANCED_FACE('',(#1671),#78,.F.);
#1827=ADVANCED_FACE('',(#1672),#23,.F.);
#1828=ADVANCED_FACE('',(#1673),#47,.F.);
#1829=ADVANCED_FACE('',(#1674,#1675),#48,.T.);
#1830=ADVANCED_FACE('',(#1676,#1677),#345,.T.);
#1831=ADVANCED_FACE('',(#1678,#1679),#49,.T.);
#1832=ADVANCED_FACE('',(#1680,#1681),#346,.T.);
#1833=ADVANCED_FACE('',(#1682,#1683),#50,.T.);
#1834=ADVANCED_FACE('',(#1684,#1685),#347,.T.);
#1835=ADVANCED_FACE('',(#1686,#1687),#51,.T.);
#1836=ADVANCED_FACE('',(#1688,#1689),#348,.T.);
#1837=ADVANCED_FACE('',(#1690,#1691),#16,.F.);
#1838=ADVANCED_FACE('',(#1692,#1693),#52,.F.);
#1839=ADVANCED_FACE('',(#1694,#1695),#17,.F.);
#1840=ADVANCED_FACE('',(#1696,#1697),#53,.F.);
#1841=ADVANCED_FACE('',(#1698,#1699),#18,.F.);
#1842=ADVANCED_FACE('',(#1700,#1701),#54,.F.);
#1843=ADVANCED_FACE('',(#1702,#1703),#19,.F.);
#1844=ADVANCED_FACE('',(#1704,#1705),#55,.F.);
#1845=ADVANCED_FACE('',(#1706),#349,.T.);
#1846=ADVANCED_FACE('',(#1707),#350,.T.);
#1847=ADVANCED_FACE('',(#1708),#351,.F.);
#1848=ADVANCED_FACE('',(#1709),#352,.F.);
#1849=ADVANCED_FACE('',(#1710),#56,.F.);
#1850=ADVANCED_FACE('',(#1711),#57,.F.);
#1851=ADVANCED_FACE('',(#1712),#58,.F.);
#1852=ADVANCED_FACE('',(#1713),#59,.F.);
#1853=ADVANCED_FACE('',(#1714),#60,.T.);
#1854=ADVANCED_FACE('',(#1715),#61,.T.);
#1855=ADVANCED_FACE('',(#1716),#62,.T.);
#1856=ADVANCED_FACE('',(#1717),#63,.T.);
#1857=ADVANCED_FACE('',(#1718),#79,.F.);
#1858=ADVANCED_FACE('',(#1719),#24,.F.);
#1859=ADVANCED_FACE('',(#1720),#80,.F.);
#1860=ADVANCED_FACE('',(#1721),#81,.F.);
#1861=ADVANCED_FACE('',(#1722),#25,.F.);
#1862=ADVANCED_FACE('',(#1723),#82,.F.);
#1863=ADVANCED_FACE('',(#1724),#83,.F.);
#1864=ADVANCED_FACE('',(#1725),#26,.F.);
#1865=ADVANCED_FACE('',(#1726),#84,.F.);
#1866=ADVANCED_FACE('',(#1727),#85,.F.);
#1867=ADVANCED_FACE('',(#1728),#27,.F.);
#1868=ADVANCED_FACE('',(#1729),#86,.F.);
#1869=ADVANCED_FACE('',(#1730,#1731),#64,.F.);
#1870=ADVANCED_FACE('',(#1732,#1733),#353,.F.);
#1871=ADVANCED_FACE('',(#1734,#1735),#65,.F.);
#1872=ADVANCED_FACE('',(#1736,#1737),#354,.F.);
#1873=ADVANCED_FACE('',(#1738),#66,.F.);
#1874=ADVANCED_FACE('',(#1739,#1740),#355,.F.);
#1875=ADVANCED_FACE('',(#1741,#1742),#67,.F.);
#1876=ADVANCED_FACE('',(#1743,#1744),#356,.F.);
#1877=ADVANCED_FACE('',(#1745,#1746),#68,.F.);
#1878=ADVANCED_FACE('',(#1747,#1748),#69,.F.);
#1879=ADVANCED_FACE('',(#1749,#1750),#70,.F.);
#1880=ADVANCED_FACE('',(#1751,#1752),#71,.F.);
#1881=ADVANCED_FACE('',(#1753),#87,.T.);
#1882=ADVANCED_FACE('',(#1754),#88,.T.);
#1883=ADVANCED_FACE('',(#1755,#1756),#89,.T.);
#1884=ADVANCED_FACE('',(#1757,#1758),#90,.T.);
#1885=CLOSED_SHELL('',(#1770,#1771,#1772,#1773,#1774,#1775,#1776,#1777,
#1778,#1779,#1780,#1781,#1782,#1783,#1784,#1785,#1786,#1787,#1788,#1789,
#1790,#1791,#1792,#1793,#1794,#1795,#1796,#1797,#1798,#1799,#1800,#1801,
#1802,#1803,#1804,#1805,#1806,#1807,#1808,#1809,#1810,#1811,#1812,#1813,
#1814,#1815,#1816,#1817,#1818,#1819,#1820,#1821,#1822,#1823,#1824,#1825,
#1826,#1827,#1828,#1829,#1830,#1831,#1832,#1833,#1834,#1835,#1836,#1837,
#1838,#1839,#1840,#1841,#1842,#1843,#1844,#1845,#1846,#1847,#1848,#1849,
#1850,#1851,#1852,#1853,#1854,#1855,#1856,#1857,#1858,#1859,#1860,#1861,
#1862,#1863,#1864,#1865,#1866,#1867,#1868,#1869,#1870,#1871,#1872,#1873,
#1874,#1875,#1876,#1877,#1878,#1879,#1880,#1881,#1882,#1883,#1884));
#1886=STYLED_ITEM('',(#1887),#1894);
#1887=PRESENTATION_STYLE_ASSIGNMENT((#1888));
#1888=SURFACE_STYLE_USAGE(.BOTH.,#1889);
#1889=SURFACE_SIDE_STYLE('',(#1890));
#1890=SURFACE_STYLE_FILL_AREA(#1891);
#1891=FILL_AREA_STYLE('',(#1892));
#1892=FILL_AREA_STYLE_COLOUR('',#1893);
#1893=COLOUR_RGB('',0.627450980392157,0.627450980392157,0.627450980392157);
#1894=MANIFOLD_SOLID_BREP('Wrist_Roll_05m_Leader_02ba v1',#1885);
#1895=SHAPE_DEFINITION_REPRESENTATION(#9082,#1896);
#1896=SHAPE_REPRESENTATION('Wrist_Roll_05m_Leader_02ba v1',(#1897),#9077);
#1897=AXIS2_PLACEMENT_3D('',#2511,#2078,#2079);
#1898=AXIS2_PLACEMENT_3D('',#4597,#2080,#2081);
#1899=AXIS2_PLACEMENT_3D('',#5122,#2083,#2084);
#1900=AXIS2_PLACEMENT_3D('',#5126,#2086,#2087);
#1901=AXIS2_PLACEMENT_3D('',#5662,#2092,#2093);
#1902=AXIS2_PLACEMENT_3D('',#5666,#2095,#2096);
#1903=AXIS2_PLACEMENT_3D('',#5798,#2097,#2098);
#1904=AXIS2_PLACEMENT_3D('',#5800,#2099,#2100);
#1905=AXIS2_PLACEMENT_3D('',#5802,#2101,#2102);
#1906=AXIS2_PLACEMENT_3D('',#5804,#2103,#2104);
#1907=AXIS2_PLACEMENT_3D('',#5827,#2108,#2109);
#1908=AXIS2_PLACEMENT_3D('',#5828,#2110,#2111);
#1909=AXIS2_PLACEMENT_3D('',#5830,#2112,#2113);
#1910=AXIS2_PLACEMENT_3D('',#5832,#2114,#2115);
#1911=AXIS2_PLACEMENT_3D('',#5834,#2116,#2117);
#1912=AXIS2_PLACEMENT_3D('',#5845,#2119,#2120);
#1913=AXIS2_PLACEMENT_3D('',#5869,#2121,#2122);
#1914=AXIS2_PLACEMENT_3D('',#5884,#2123,#2124);
#1915=AXIS2_PLACEMENT_3D('',#5908,#2125,#2126);
#1916=AXIS2_PLACEMENT_3D('',#5922,#2128,#2129);
#1917=AXIS2_PLACEMENT_3D('',#5944,#2135,#2136);
#1918=AXIS2_PLACEMENT_3D('',#6026,#2143,#2144);
#1919=AXIS2_PLACEMENT_3D('',#7183,#2147,#2148);
#1920=AXIS2_PLACEMENT_3D('',#7185,#2150,#2151);
#1921=AXIS2_PLACEMENT_3D('',#7195,#2153,#2154);
#1922=AXIS2_PLACEMENT_3D('',#7206,#2155,#2156);
#1923=AXIS2_PLACEMENT_3D('',#7216,#2157,#2158);
#1924=AXIS2_PLACEMENT_3D('',#7218,#2159,#2160);
#1925=AXIS2_PLACEMENT_3D('',#7224,#2161,#2162);
#1926=AXIS2_PLACEMENT_3D('',#7231,#2163,#2164);
#1927=AXIS2_PLACEMENT_3D('',#7235,#2166,#2167);
#1928=AXIS2_PLACEMENT_3D('',#7257,#2169,#2170);
#1929=AXIS2_PLACEMENT_3D('',#7273,#2171,#2172);
#1930=AXIS2_PLACEMENT_3D('',#7278,#2173,#2174);
#1931=AXIS2_PLACEMENT_3D('',#7279,#2175,#2176);
#1932=AXIS2_PLACEMENT_3D('',#7280,#2177,#2178);
#1933=AXIS2_PLACEMENT_3D('',#7803,#2179,#2180);
#1934=AXIS2_PLACEMENT_3D('',#7804,#2181,#2182);
#1935=AXIS2_PLACEMENT_3D('',#7937,#2183,#2184);
#1936=AXIS2_PLACEMENT_3D('',#7950,#2188,#2189);
#1937=AXIS2_PLACEMENT_3D('',#7953,#2191,#2192);
#1938=AXIS2_PLACEMENT_3D('',#7955,#2193,#2194);
#1939=AXIS2_PLACEMENT_3D('',#7957,#2195,#2196);
#1940=AXIS2_PLACEMENT_3D('',#7959,#2197,#2198);
#1941=AXIS2_PLACEMENT_3D('',#8211,#2199,#2200);
#1942=AXIS2_PLACEMENT_3D('',#8213,#2202,#2203);
#1943=AXIS2_PLACEMENT_3D('',#8223,#2205,#2206);
#1944=AXIS2_PLACEMENT_3D('',#8240,#2208,#2209);
#1945=AXIS2_PLACEMENT_3D('',#8254,#2210,#2211);
#1946=AXIS2_PLACEMENT_3D('',#8258,#2213,#2214);
#1947=AXIS2_PLACEMENT_3D('',#8265,#2215,#2216);
#1948=AXIS2_PLACEMENT_3D('',#8268,#2219,#2220);
#1949=AXIS2_PLACEMENT_3D('',#8269,#2221,#2222);
#1950=AXIS2_PLACEMENT_3D('',#8274,#2225,#2226);
#1951=AXIS2_PLACEMENT_3D('',#8280,#2230,#2231);
#1952=AXIS2_PLACEMENT_3D('',#8286,#2235,#2236);
#1953=AXIS2_PLACEMENT_3D('',#8287,#2237,#2238);
#1954=AXIS2_PLACEMENT_3D('',#8288,#2239,#2240);
#1955=AXIS2_PLACEMENT_3D('',#8289,#2241,#2242);
#1956=AXIS2_PLACEMENT_3D('',#8290,#2243,#2244);
#1957=AXIS2_PLACEMENT_3D('',#8291,#2245,#2246);
#1958=AXIS2_PLACEMENT_3D('',#8292,#2247,#2248);
#1959=AXIS2_PLACEMENT_3D('',#8293,#2249,#2250);
#1960=AXIS2_PLACEMENT_3D('',#8294,#2251,#2252);
#1961=AXIS2_PLACEMENT_3D('',#8295,#2253,#2254);
#1962=AXIS2_PLACEMENT_3D('',#8296,#2255,#2256);
#1963=AXIS2_PLACEMENT_3D('',#8297,#2257,#2258);
#1964=AXIS2_PLACEMENT_3D('',#8298,#2259,#2260);
#1965=AXIS2_PLACEMENT_3D('',#8306,#2262,#2263);
#1966=AXIS2_PLACEMENT_3D('',#8315,#2268,#2269);
#1967=AXIS2_PLACEMENT_3D('',#8319,#2271,#2272);
#1968=AXIS2_PLACEMENT_3D('',#8324,#2275,#2276);
#1969=AXIS2_PLACEMENT_3D('',#8333,#2281,#2282);
#1970=AXIS2_PLACEMENT_3D('',#8348,#2287,#2288);
#1971=AXIS2_PLACEMENT_3D('',#8349,#2289,#2290);
#1972=AXIS2_PLACEMENT_3D('',#8350,#2291,#2292);
#1973=AXIS2_PLACEMENT_3D('',#8352,#2293,#2294);
#1974=AXIS2_PLACEMENT_3D('',#8354,#2295,#2296);
#1975=AXIS2_PLACEMENT_3D('',#8356,#2297,#2298);
#1976=AXIS2_PLACEMENT_3D('',#8358,#2299,#2300);
#1977=AXIS2_PLACEMENT_3D('',#8359,#2301,#2302);
#1978=AXIS2_PLACEMENT_3D('',#8360,#2303,#2304);
#1979=AXIS2_PLACEMENT_3D('',#8366,#2305,#2306);
#1980=AXIS2_PLACEMENT_3D('',#8367,#2307,#2308);
#1981=AXIS2_PLACEMENT_3D('',#8368,#2309,#2310);
#1982=AXIS2_PLACEMENT_3D('',#8374,#2311,#2312);
#1983=AXIS2_PLACEMENT_3D('',#8375,#2313,#2314);
#1984=AXIS2_PLACEMENT_3D('',#8376,#2315,#2316);
#1985=AXIS2_PLACEMENT_3D('',#8377,#2317,#2318);
#1986=AXIS2_PLACEMENT_3D('',#8378,#2319,#2320);
#1987=AXIS2_PLACEMENT_3D('',#8379,#2321,#2322);
#1988=AXIS2_PLACEMENT_3D('',#8380,#2323,#2324);
#1989=AXIS2_PLACEMENT_3D('',#8391,#2325,#2326);
#1990=AXIS2_PLACEMENT_3D('',#8392,#2327,#2328);
#1991=AXIS2_PLACEMENT_3D('',#8393,#2329,#2330);
#1992=AXIS2_PLACEMENT_3D('',#8394,#2331,#2332);
#1993=AXIS2_PLACEMENT_3D('',#8407,#2333,#2334);
#1994=AXIS2_PLACEMENT_3D('',#8432,#2335,#2336);
#1995=AXIS2_PLACEMENT_3D('',#8445,#2337,#2338);
#1996=AXIS2_PLACEMENT_3D('',#8446,#2339,#2340);
#1997=AXIS2_PLACEMENT_3D('',#8479,#2341,#2342);
#1998=AXIS2_PLACEMENT_3D('',#8495,#2343,#2344);
#1999=AXIS2_PLACEMENT_3D('',#8496,#2345,#2346);
#2000=AXIS2_PLACEMENT_3D('',#8497,#2347,#2348);
#2001=AXIS2_PLACEMENT_3D('',#8498,#2349,#2350);
#2002=AXIS2_PLACEMENT_3D('',#8499,#2351,#2352);
#2003=AXIS2_PLACEMENT_3D('',#8500,#2353,#2354);
#2004=AXIS2_PLACEMENT_3D('',#8502,#2355,#2356);
#2005=AXIS2_PLACEMENT_3D('',#8503,#2357,#2358);
#2006=AXIS2_PLACEMENT_3D('',#8505,#2359,#2360);
#2007=AXIS2_PLACEMENT_3D('',#8506,#2361,#2362);
#2008=AXIS2_PLACEMENT_3D('',#8508,#2363,#2364);
#2009=AXIS2_PLACEMENT_3D('',#8509,#2365,#2366);
#2010=AXIS2_PLACEMENT_3D('',#8511,#2367,#2368);
#2011=AXIS2_PLACEMENT_3D('',#8512,#2369,#2370);
#2012=AXIS2_PLACEMENT_3D('',#8514,#2371,#2372);
#2013=AXIS2_PLACEMENT_3D('',#8515,#2373,#2374);
#2014=AXIS2_PLACEMENT_3D('',#8517,#2375,#2376);
#2015=AXIS2_PLACEMENT_3D('',#8518,#2377,#2378);
#2016=AXIS2_PLACEMENT_3D('',#8520,#2379,#2380);
#2017=AXIS2_PLACEMENT_3D('',#8521,#2381,#2382);
#2018=AXIS2_PLACEMENT_3D('',#8523,#2383,#2384);
#2019=AXIS2_PLACEMENT_3D('',#8525,#2385,#2386);
#2020=AXIS2_PLACEMENT_3D('',#8527,#2387,#2388);
#2021=AXIS2_PLACEMENT_3D('',#8528,#2389,#2390);
#2022=AXIS2_PLACEMENT_3D('',#8530,#2391,#2392);
#2023=AXIS2_PLACEMENT_3D('',#8532,#2393,#2394);
#2024=AXIS2_PLACEMENT_3D('',#8533,#2395,#2396);
#2025=AXIS2_PLACEMENT_3D('',#8535,#2397,#2398);
#2026=AXIS2_PLACEMENT_3D('',#8537,#2399,#2400);
#2027=AXIS2_PLACEMENT_3D('',#8538,#2401,#2402);
#2028=AXIS2_PLACEMENT_3D('',#8540,#2403,#2404);
#2029=AXIS2_PLACEMENT_3D('',#8542,#2405,#2406);
#2030=AXIS2_PLACEMENT_3D('',#8543,#2407,#2408);
#2031=AXIS2_PLACEMENT_3D('',#8546,#2411,#2412);
#2032=AXIS2_PLACEMENT_3D('',#8549,#2415,#2416);
#2033=AXIS2_PLACEMENT_3D('',#8552,#2419,#2420);
#2034=AXIS2_PLACEMENT_3D('',#8555,#2423,#2424);
#2035=AXIS2_PLACEMENT_3D('',#8556,#2425,#2426);
#2036=AXIS2_PLACEMENT_3D('',#8557,#2427,#2428);
#2037=AXIS2_PLACEMENT_3D('',#8558,#2429,#2430);
#2038=AXIS2_PLACEMENT_3D('',#8559,#2431,#2432);
#2039=AXIS2_PLACEMENT_3D('',#8566,#2433,#2434);
#2040=AXIS2_PLACEMENT_3D('',#8573,#2435,#2436);
#2041=AXIS2_PLACEMENT_3D('',#8580,#2437,#2438);
#2042=AXIS2_PLACEMENT_3D('',#8587,#2439,#2440);
#2043=AXIS2_PLACEMENT_3D('',#8588,#2441,#2442);
#2044=AXIS2_PLACEMENT_3D('',#8601,#2443,#2444);
#2045=AXIS2_PLACEMENT_3D('',#8608,#2445,#2446);
#2046=AXIS2_PLACEMENT_3D('',#8637,#2447,#2448);
#2047=AXIS2_PLACEMENT_3D('',#8638,#2449,#2450);
#2048=AXIS2_PLACEMENT_3D('',#8639,#2451,#2452);
#2049=AXIS2_PLACEMENT_3D('',#8679,#2453,#2454);
#2050=AXIS2_PLACEMENT_3D('',#8680,#2455,#2456);
#2051=AXIS2_PLACEMENT_3D('',#8681,#2457,#2458);
#2052=AXIS2_PLACEMENT_3D('',#8721,#2459,#2460);
#2053=AXIS2_PLACEMENT_3D('',#8722,#2461,#2462);
#2054=AXIS2_PLACEMENT_3D('',#8723,#2463,#2464);
#2055=AXIS2_PLACEMENT_3D('',#8763,#2465,#2466);
#2056=AXIS2_PLACEMENT_3D('',#8764,#2467,#2468);
#2057=AXIS2_PLACEMENT_3D('',#8765,#2469,#2470);
#2058=AXIS2_PLACEMENT_3D('',#8784,#2471,#2472);
#2059=AXIS2_PLACEMENT_3D('',#8809,#2473,#2474);
#2060=AXIS2_PLACEMENT_3D('',#8811,#2475,#2476);
#2061=AXIS2_PLACEMENT_3D('',#8812,#2477,#2478);
#2062=AXIS2_PLACEMENT_3D('',#8814,#2479,#2480);
#2063=AXIS2_PLACEMENT_3D('',#8833,#2481,#2482);
#2064=AXIS2_PLACEMENT_3D('',#8835,#2483,#2484);
#2065=AXIS2_PLACEMENT_3D('',#8836,#2485,#2486);
#2066=AXIS2_PLACEMENT_3D('',#8838,#2487,#2488);
#2067=AXIS2_PLACEMENT_3D('',#8839,#2489,#2490);
#2068=AXIS2_PLACEMENT_3D('',#8856,#2491,#2492);
#2069=AXIS2_PLACEMENT_3D('',#8857,#2493,#2494);
#2070=AXIS2_PLACEMENT_3D('',#8864,#2495,#2496);
#2071=AXIS2_PLACEMENT_3D('',#8865,#2497,#2498);
#2072=AXIS2_PLACEMENT_3D('',#8867,#2499,#2500);
#2073=AXIS2_PLACEMENT_3D('',#8868,#2501,#2502);
#2074=AXIS2_PLACEMENT_3D('',#8870,#2503,#2504);
#2075=AXIS2_PLACEMENT_3D('',#8871,#2505,#2506);
#2076=AXIS2_PLACEMENT_3D('',#8872,#2507,#2508);
#2077=AXIS2_PLACEMENT_3D('',#8873,#2509,#2510);
#2078=DIRECTION('',(0.,0.,1.));
#2079=DIRECTION('',(1.,0.,0.));
#2080=DIRECTION('',(0.,1.,0.));
#2081=DIRECTION('',(0.,0.,1.));
#2082=DIRECTION('',(0.766044443118978,0.,-0.64278760968654));
#2083=DIRECTION('',(0.,1.,0.));
#2084=DIRECTION('',(0.,0.,1.));
#2085=DIRECTION('',(-0.64278760968654,0.,-0.766044443118978));
#2086=DIRECTION('',(0.,1.,0.));
#2087=DIRECTION('',(0.,0.,1.));
#2088=DIRECTION('',(0.766044443118978,0.,-0.64278760968654));
#2089=DIRECTION('',(-1.,0.,0.));
#2090=DIRECTION('',(0.,0.,-1.));
#2091=DIRECTION('',(-0.766044443118978,-6.79815536723446E-33,0.64278760968654));
#2092=DIRECTION('',(0.,1.,0.));
#2093=DIRECTION('',(0.,0.,1.));
#2094=DIRECTION('',(-0.64278760968654,0.,-0.766044443118978));
#2095=DIRECTION('',(0.,1.,0.));
#2096=DIRECTION('',(0.,0.,1.));
#2097=DIRECTION('',(0.,1.,0.));
#2098=DIRECTION('',(0.,0.,1.));
#2099=DIRECTION('',(0.,1.,0.));
#2100=DIRECTION('',(0.,0.,1.));
#2101=DIRECTION('',(0.,1.,0.));
#2102=DIRECTION('',(0.,0.,1.));
#2103=DIRECTION('',(0.,1.,0.));
#2104=DIRECTION('',(0.,0.,1.));
#2105=DIRECTION('',(0.766044443118978,0.,-0.64278760968654));
#2106=DIRECTION('',(0.,-1.,0.));
#2107=DIRECTION('',(0.,-1.,0.));
#2108=DIRECTION('',(0.,1.,0.));
#2109=DIRECTION('',(-1.,0.,0.));
#2110=DIRECTION('',(0.,1.,0.));
#2111=DIRECTION('',(0.,0.,1.));
#2112=DIRECTION('',(0.,1.,0.));
#2113=DIRECTION('',(0.,0.,1.));
#2114=DIRECTION('',(0.,1.,0.));
#2115=DIRECTION('',(0.,0.,1.));
#2116=DIRECTION('',(0.,1.,0.));
#2117=DIRECTION('',(0.,0.,1.));
#2118=DIRECTION('',(0.,0.,-1.));
#2119=DIRECTION('',(0.,1.,0.));
#2120=DIRECTION('',(0.,0.,1.));
#2121=DIRECTION('',(0.,1.,0.));
#2122=DIRECTION('',(0.,0.,1.));
#2123=DIRECTION('',(0.,1.,0.));
#2124=DIRECTION('',(0.,0.,1.));
#2125=DIRECTION('',(0.,1.,0.));
#2126=DIRECTION('',(0.,0.,1.));
#2127=DIRECTION('',(0.766044443118978,0.,-0.64278760968654));
#2128=DIRECTION('',(0.,1.,0.));
#2129=DIRECTION('',(0.,0.,1.));
#2130=DIRECTION('',(-0.64278760968654,0.,-0.766044443118978));
#2131=DIRECTION('',(1.,0.,0.));
#2132=DIRECTION('',(0.,0.,-1.));
#2133=DIRECTION('',(1.,0.,0.));
#2134=DIRECTION('',(0.,0.,-1.));
#2135=DIRECTION('',(0.,1.,0.));
#2136=DIRECTION('',(0.113698631934061,0.,-0.993515284782435));
#2137=DIRECTION('',(0.,0.,-1.));
#2138=DIRECTION('',(1.,0.,0.));
#2139=DIRECTION('',(1.,0.,-1.8589045983928E-15));
#2140=DIRECTION('',(0.,0.,1.));
#2141=DIRECTION('',(0.,0.,-1.));
#2142=DIRECTION('',(1.,0.,0.));
#2143=DIRECTION('',(0.,1.,0.));
#2144=DIRECTION('',(0.,0.,1.));
#2145=DIRECTION('',(-0.766044443118978,0.,0.64278760968654));
#2146=DIRECTION('',(0.,0.,-1.));
#2147=DIRECTION('',(0.,0.,-1.));
#2148=DIRECTION('',(-1.,0.,0.));
#2149=DIRECTION('',(0.,1.,0.));
#2150=DIRECTION('',(0.,0.,1.));
#2151=DIRECTION('',(1.,0.,0.));
#2152=DIRECTION('',(0.,1.,0.));
#2153=DIRECTION('',(0.,0.,-1.));
#2154=DIRECTION('',(-1.,0.,0.));
#2155=DIRECTION('',(-0.826541186514169,7.87368178208701E-17,-0.562876244831624));
#2156=DIRECTION('',(0.562876244831624,-6.10271647486929E-17,-0.826541186514169));
#2157=DIRECTION('',(0.901703963082519,0.,-0.432353978773505));
#2158=DIRECTION('',(-0.432353978773505,0.,-0.901703963082519));
#2159=DIRECTION('',(0.64278760968654,-6.12323399573677E-17,0.766044443118978));
#2160=DIRECTION('',(0.766044443118978,-7.29738611271429E-17,-0.64278760968654));
#2161=DIRECTION('',(0.,0.,1.));
#2162=DIRECTION('',(1.,0.,0.));
#2163=DIRECTION('',(0.,0.,1.));
#2164=DIRECTION('',(1.,0.,0.));
#2165=DIRECTION('',(0.,0.,-1.));
#2166=DIRECTION('',(0.,0.,1.));
#2167=DIRECTION('',(1.,0.,0.));
#2168=DIRECTION('',(0.,1.,0.));
#2169=DIRECTION('',(-1.8589045983928E-15,0.,-1.));
#2170=DIRECTION('',(-1.,0.,1.8589045983928E-15));
#2171=DIRECTION('',(0.109843277664755,0.258200087421271,-0.959826634975041));
#2172=DIRECTION('',(0.,0.965669981880333,0.259771988665518));
#2173=DIRECTION('',(0.,0.,1.));
#2174=DIRECTION('',(1.,0.,0.));
#2175=DIRECTION('',(0.,1.,0.));
#2176=DIRECTION('',(0.,0.,1.));
#2177=DIRECTION('',(0.,1.,0.));
#2178=DIRECTION('',(0.,0.,1.));
#2179=DIRECTION('',(0.,1.,0.));
#2180=DIRECTION('',(0.,0.,1.));
#2181=DIRECTION('',(0.,1.,0.));
#2182=DIRECTION('',(0.,0.,1.));
#2183=DIRECTION('',(0.,1.,0.));
#2184=DIRECTION('',(0.,0.,1.));
#2185=DIRECTION('',(0.,0.,-1.));
#2186=DIRECTION('',(-1.,0.,0.));
#2187=DIRECTION('',(-0.64278760968654,0.,-0.766044443118978));
#2188=DIRECTION('',(0.,1.,0.));
#2189=DIRECTION('',(0.,0.,1.));
#2190=DIRECTION('',(0.766044443118978,0.,-0.64278760968654));
#2191=DIRECTION('',(0.,-1.,0.));
#2192=DIRECTION('',(0.,0.,-1.));
#2193=DIRECTION('',(0.,-1.,0.));
#2194=DIRECTION('',(0.,0.,-1.));
#2195=DIRECTION('',(0.,1.,0.));
#2196=DIRECTION('',(0.,0.,1.));
#2197=DIRECTION('',(0.,1.,0.));
#2198=DIRECTION('',(0.,0.,1.));
#2199=DIRECTION('',(0.,0.,-1.));
#2200=DIRECTION('',(-1.,0.,0.));
#2201=DIRECTION('',(0.,1.,0.));
#2202=DIRECTION('',(0.,0.,-1.));
#2203=DIRECTION('',(-1.,0.,0.));
#2204=DIRECTION('',(0.,-1.,0.));
#2205=DIRECTION('',(0.,0.,-1.));
#2206=DIRECTION('',(-1.,0.,0.));
#2207=DIRECTION('',(0.,4.68844182696433E-16,1.));
#2208=DIRECTION('',(0.,0.,1.));
#2209=DIRECTION('',(1.,0.,0.));
#2210=DIRECTION('',(0.,0.,1.));
#2211=DIRECTION('',(1.,0.,0.));
#2212=DIRECTION('',(0.,0.,-1.));
#2213=DIRECTION('',(0.,0.,1.));
#2214=DIRECTION('',(1.,0.,0.));
#2215=DIRECTION('',(-1.,0.,0.));
#2216=DIRECTION('',(0.,0.,1.));
#2217=DIRECTION('',(0.,-1.,0.));
#2218=DIRECTION('',(0.,-1.,0.));
#2219=DIRECTION('',(1.,0.,0.));
#2220=DIRECTION('',(0.,0.,-1.));
#2221=DIRECTION('',(-1.,0.,0.));
#2222=DIRECTION('',(0.,0.,1.));
#2223=DIRECTION('',(1.,0.,0.));
#2224=DIRECTION('',(1.,0.,0.));
#2225=DIRECTION('',(0.,0.,1.));
#2226=DIRECTION('',(1.,0.,0.));
#2227=DIRECTION('',(0.,-1.,0.));
#2228=DIRECTION('',(-1.,0.,0.));
#2229=DIRECTION('',(1.,0.,0.));
#2230=DIRECTION('',(0.,0.,1.));
#2231=DIRECTION('',(1.,0.,0.));
#2232=DIRECTION('',(1.,0.,0.));
#2233=DIRECTION('',(0.,-1.,0.));
#2234=DIRECTION('',(1.,0.,0.));
#2235=DIRECTION('',(-1.,0.,0.));
#2236=DIRECTION('',(0.,-1.,0.));
#2237=DIRECTION('',(-1.,0.,0.));
#2238=DIRECTION('',(0.,0.,1.));
#2239=DIRECTION('',(-1.,0.,0.));
#2240=DIRECTION('',(0.,0.,1.));
#2241=DIRECTION('',(-1.,0.,0.));
#2242=DIRECTION('',(0.,0.,1.));
#2243=DIRECTION('',(-1.,0.,0.));
#2244=DIRECTION('',(0.,0.,1.));
#2245=DIRECTION('',(-1.,0.,0.));
#2246=DIRECTION('',(0.,0.,1.));
#2247=DIRECTION('',(1.,0.,0.));
#2248=DIRECTION('',(0.,0.,-1.));
#2249=DIRECTION('',(1.,0.,0.));
#2250=DIRECTION('',(0.,0.,-1.));
#2251=DIRECTION('',(1.,0.,0.));
#2252=DIRECTION('',(0.,0.,-1.));
#2253=DIRECTION('',(0.,1.,0.));
#2254=DIRECTION('',(0.,0.,1.));
#2255=DIRECTION('',(0.,1.,0.));
#2256=DIRECTION('',(0.,0.,1.));
#2257=DIRECTION('',(0.,-1.,0.));
#2258=DIRECTION('',(0.,0.,-1.));
#2259=DIRECTION('',(0.,-1.,0.));
#2260=DIRECTION('',(0.,0.,-1.));
#2261=DIRECTION('',(0.,-1.,0.));
#2262=DIRECTION('',(-3.93593894367099E-17,-1.,-4.69066937635137E-17));
#2263=DIRECTION('',(0.,4.69066937635137E-17,-1.));
#2264=DIRECTION('',(-0.766044443118978,0.,0.64278760968654));
#2265=DIRECTION('',(-0.64278760968654,6.12323399573677E-17,-0.766044443118978));
#2266=DIRECTION('',(-0.766044443118978,0.,0.64278760968654));
#2267=DIRECTION('',(-0.64278760968654,6.12323399573677E-17,-0.766044443118978));
#2268=DIRECTION('',(-0.766044443118978,0.,0.642787609686539));
#2269=DIRECTION('',(0.64278760968654,0.,0.766044443118978));
#2270=DIRECTION('',(3.93593894367099E-17,1.,4.69066937635137E-17));
#2271=DIRECTION('',(-0.766044443118978,0.,0.642787609686539));
#2272=DIRECTION('',(-0.64278760968654,0.,-0.766044443118978));
#2273=DIRECTION('',(3.93593894367099E-17,1.,4.69066937635136E-17));
#2274=DIRECTION('',(-0.64278760968654,6.12323399573677E-17,-0.766044443118978));
#2275=DIRECTION('',(-0.766044443118978,0.,0.642787609686539));
#2276=DIRECTION('',(0.64278760968654,0.,0.766044443118978));
#2277=DIRECTION('',(3.93593894367099E-17,1.,4.69066937635136E-17));
#2278=DIRECTION('',(-0.64278760968654,0.,-0.766044443118978));
#2279=DIRECTION('',(3.93593894367099E-17,1.,4.69066937635137E-17));
#2280=DIRECTION('',(-0.64278760968654,6.12323399573677E-17,-0.766044443118978));
#2281=DIRECTION('',(0.64278760968654,-6.12323399573677E-17,0.766044443118978));
#2282=DIRECTION('',(0.766044443118978,5.13800338743491E-17,-0.64278760968654));
#2283=DIRECTION('',(-0.766044443118978,6.16297582203916E-33,0.64278760968654));
#2284=DIRECTION('',(3.93593894367099E-17,1.,4.69066937635137E-17));
#2285=DIRECTION('',(-0.766044443118978,6.16297582203916E-33,0.64278760968654));
#2286=DIRECTION('',(3.93593894367099E-17,1.,4.69066937635137E-17));
#2287=DIRECTION('',(0.64278760968654,-6.12323399573677E-17,0.766044443118978));
#2288=DIRECTION('',(0.766044443118978,-7.29738611271429E-17,-0.64278760968654));
#2289=DIRECTION('',(0.64278760968654,-6.12323399573677E-17,0.766044443118978));
#2290=DIRECTION('',(0.766044443118978,5.13800338743491E-17,-0.64278760968654));
#2291=DIRECTION('',(0.64278760968654,-6.12323399573677E-17,0.766044443118978));
#2292=DIRECTION('',(0.766044443118978,0.,-0.64278760968654));
#2293=DIRECTION('',(0.64278760968654,-6.12323399573677E-17,0.766044443118978));
#2294=DIRECTION('',(0.766044443118978,0.,-0.64278760968654));
#2295=DIRECTION('',(0.64278760968654,-6.12323399573677E-17,0.766044443118978));
#2296=DIRECTION('',(0.766044443118978,0.,-0.64278760968654));
#2297=DIRECTION('',(0.64278760968654,-6.12323399573677E-17,0.766044443118978));
#2298=DIRECTION('',(0.766044443118978,0.,-0.64278760968654));
#2299=DIRECTION('',(0.64278760968654,-6.12323399573677E-17,0.766044443118978));
#2300=DIRECTION('',(0.766044443118978,0.,-0.64278760968654));
#2301=DIRECTION('',(0.64278760968654,-6.12323399573677E-17,0.766044443118978));
#2302=DIRECTION('',(0.766044443118978,0.,-0.64278760968654));
#2303=DIRECTION('',(0.64278760968654,-6.12323399573677E-17,0.766044443118978));
#2304=DIRECTION('',(0.766044443118978,0.,-0.64278760968654));
#2305=DIRECTION('',(-0.64278760968654,6.12323399573677E-17,-0.766044443118978));
#2306=DIRECTION('',(-0.766044443118978,0.,0.64278760968654));
#2307=DIRECTION('',(0.64278760968654,1.11505875659026E-15,0.766044443118978));
#2308=DIRECTION('',(0.766044443118978,0.,-0.64278760968654));
#2309=DIRECTION('',(3.93593894367099E-17,1.,4.69066937635136E-17));
#2310=DIRECTION('',(0.,-4.69066937635136E-17,1.));
#2311=DIRECTION('',(0.,1.,0.));
#2312=DIRECTION('',(0.,0.,1.));
#2313=DIRECTION('',(0.,-1.,0.));
#2314=DIRECTION('',(0.,0.,-1.));
#2315=DIRECTION('',(-0.766044443118979,0.,0.642787609686539));
#2316=DIRECTION('',(0.642787609686539,0.,0.766044443118979));
#2317=DIRECTION('',(-0.766044443118978,0.,0.642787609686539));
#2318=DIRECTION('',(0.642787609686539,0.,0.766044443118979));
#2319=DIRECTION('',(-0.766044443118978,0.,0.64278760968654));
#2320=DIRECTION('',(0.64278760968654,0.,0.766044443118978));
#2321=DIRECTION('',(0.766044443118978,-1.99331291868011E-15,-0.642787609686539));
#2322=DIRECTION('',(-0.642787609686539,0.,-0.766044443118979));
#2323=DIRECTION('',(-3.93593894367099E-17,-1.,-4.69066937635136E-17));
#2324=DIRECTION('',(0.,4.69066937635136E-17,-1.));
#2325=DIRECTION('',(0.,-1.,0.));
#2326=DIRECTION('',(0.,0.,-1.));
#2327=DIRECTION('',(0.64278760968654,0.,0.766044443118978));
#2328=DIRECTION('',(0.766044443118978,0.,-0.64278760968654));
#2329=DIRECTION('',(0.642787609686539,0.,0.766044443118978));
#2330=DIRECTION('',(0.766044443118978,0.,-0.642787609686539));
#2331=DIRECTION('',(0.64278760968654,-6.12323399573677E-17,0.766044443118978));
#2332=DIRECTION('',(0.766044443118978,0.,-0.64278760968654));
#2333=DIRECTION('',(-0.608835626177356,-0.320702161774095,-0.72558204479621));
#2334=DIRECTION('',(-0.766044443118978,0.,0.64278760968654));
#2335=DIRECTION('',(0.727462708446689,0.31335783770193,-0.610413690352845));
#2336=DIRECTION('',(-0.642787609686542,0.,-0.766044443118976));
#2337=DIRECTION('',(0.766044443118978,-2.21479213186679E-16,-0.642787609686539));
#2338=DIRECTION('',(-0.642787609686539,0.,-0.766044443118978));
#2339=DIRECTION('',(-0.766044443118978,0.,0.64278760968654));
#2340=DIRECTION('',(0.64278760968654,0.,0.766044443118978));
#2341=DIRECTION('',(0.765999803490152,-0.0107954804429644,-0.642750152590456));
#2342=DIRECTION('',(-0.64278760968654,0.,-0.766044443118978));
#2343=DIRECTION('',(0.999991908778154,-5.78236479981441E-16,-0.00402273268105928));
#2344=DIRECTION('',(-0.00402273268105928,0.,-0.999991908778155));
#2345=DIRECTION('',(0.,1.,0.));
#2346=DIRECTION('',(0.,0.,1.));
#2347=DIRECTION('',(0.642787609686539,0.,0.766044443118979));
#2348=DIRECTION('',(0.766044443118979,0.,-0.642787609686539));
#2349=DIRECTION('',(-0.64278760968654,0.,-0.766044443118978));
#2350=DIRECTION('',(-0.766044443118978,0.,0.64278760968654));
#2351=DIRECTION('',(0.64278760968654,-6.12323399573677E-17,0.766044443118978));
#2352=DIRECTION('',(0.766044443118978,0.,-0.64278760968654));
#2353=DIRECTION('',(-0.64278760968654,6.12323399573677E-17,-0.766044443118978));
#2354=DIRECTION('',(-0.766044443118978,0.,0.64278760968654));
#2355=DIRECTION('',(-0.64278760968654,6.12323399573677E-17,-0.766044443118978));
#2356=DIRECTION('',(0.766044443118978,5.13800338743491E-17,-0.64278760968654));
#2357=DIRECTION('',(0.64278760968654,-6.12323399573677E-17,0.766044443118978));
#2358=DIRECTION('',(0.766044443118978,0.,-0.64278760968654));
#2359=DIRECTION('',(0.64278760968654,-6.12323399573677E-17,0.766044443118978));
#2360=DIRECTION('',(0.766044443118978,0.,-0.64278760968654));
#2361=DIRECTION('',(-0.64278760968654,6.12323399573677E-17,-0.766044443118978));
#2362=DIRECTION('',(-0.766044443118978,0.,0.64278760968654));
#2363=DIRECTION('',(-0.64278760968654,6.12323399573677E-17,-0.766044443118978));
#2364=DIRECTION('',(0.766044443118978,5.13800338743491E-17,-0.64278760968654));
#2365=DIRECTION('',(0.64278760968654,-6.12323399573677E-17,0.766044443118978));
#2366=DIRECTION('',(0.766044443118978,0.,-0.64278760968654));
#2367=DIRECTION('',(0.64278760968654,-6.12323399573677E-17,0.766044443118978));
#2368=DIRECTION('',(0.766044443118978,0.,-0.64278760968654));
#2369=DIRECTION('',(-0.64278760968654,6.12323399573677E-17,-0.766044443118978));
#2370=DIRECTION('',(-0.766044443118978,0.,0.64278760968654));
#2371=DIRECTION('',(-0.64278760968654,6.12323399573677E-17,-0.766044443118978));
#2372=DIRECTION('',(0.766044443118978,5.13800338743491E-17,-0.64278760968654));
#2373=DIRECTION('',(0.64278760968654,-6.12323399573677E-17,0.766044443118978));
#2374=DIRECTION('',(0.766044443118978,0.,-0.64278760968654));
#2375=DIRECTION('',(0.64278760968654,-6.12323399573677E-17,0.766044443118978));
#2376=DIRECTION('',(0.766044443118978,0.,-0.64278760968654));
#2377=DIRECTION('',(-0.64278760968654,6.12323399573677E-17,-0.766044443118978));
#2378=DIRECTION('',(-0.766044443118978,0.,0.64278760968654));
#2379=DIRECTION('',(-0.64278760968654,6.12323399573677E-17,-0.766044443118978));
#2380=DIRECTION('',(0.766044443118978,5.13800338743491E-17,-0.64278760968654));
#2381=DIRECTION('',(0.64278760968654,-6.12323399573677E-17,0.766044443118978));
#2382=DIRECTION('',(0.766044443118978,0.,-0.64278760968654));
#2383=DIRECTION('',(-0.64278760968654,6.12323399573677E-17,-0.766044443118978));
#2384=DIRECTION('',(-0.766044443118978,0.,0.64278760968654));
#2385=DIRECTION('',(0.64278760968654,-6.12323399573677E-17,0.766044443118978));
#2386=DIRECTION('',(0.766044443118978,0.,-0.64278760968654));
#2387=DIRECTION('',(0.64278760968654,-6.12323399573677E-17,0.766044443118978));
#2388=DIRECTION('',(0.766044443118978,0.,-0.64278760968654));
#2389=DIRECTION('',(-0.64278760968654,6.12323399573677E-17,-0.766044443118978));
#2390=DIRECTION('',(-0.766044443118978,0.,0.64278760968654));
#2391=DIRECTION('',(0.64278760968654,-6.12323399573677E-17,0.766044443118978));
#2392=DIRECTION('',(0.766044443118978,0.,-0.64278760968654));
#2393=DIRECTION('',(0.64278760968654,-6.12323399573677E-17,0.766044443118978));
#2394=DIRECTION('',(0.766044443118978,0.,-0.64278760968654));
#2395=DIRECTION('',(-0.64278760968654,6.12323399573677E-17,-0.766044443118978));
#2396=DIRECTION('',(-0.766044443118978,0.,0.64278760968654));
#2397=DIRECTION('',(0.64278760968654,-6.12323399573677E-17,0.766044443118978));
#2398=DIRECTION('',(0.766044443118978,0.,-0.64278760968654));
#2399=DIRECTION('',(0.64278760968654,-6.12323399573677E-17,0.766044443118978));
#2400=DIRECTION('',(0.766044443118978,0.,-0.64278760968654));
#2401=DIRECTION('',(-0.64278760968654,6.12323399573677E-17,-0.766044443118978));
#2402=DIRECTION('',(-0.766044443118978,0.,0.64278760968654));
#2403=DIRECTION('',(0.64278760968654,-6.12323399573677E-17,0.766044443118978));
#2404=DIRECTION('',(0.766044443118978,0.,-0.64278760968654));
#2405=DIRECTION('',(0.64278760968654,-6.12323399573677E-17,0.766044443118978));
#2406=DIRECTION('',(0.766044443118978,0.,-0.64278760968654));
#2407=DIRECTION('',(0.766044443118977,0.,-0.642787609686541));
#2408=DIRECTION('',(-0.642787609686541,0.,-0.766044443118977));
#2409=DIRECTION('',(0.,1.,0.));
#2410=DIRECTION('',(0.,1.,0.));
#2411=DIRECTION('',(0.64278760968654,0.,0.766044443118978));
#2412=DIRECTION('',(0.766044443118978,0.,-0.64278760968654));
#2413=DIRECTION('',(0.,1.,0.));
#2414=DIRECTION('',(0.,1.,0.));
#2415=DIRECTION('',(0.64278760968654,0.,0.766044443118978));
#2416=DIRECTION('',(0.766044443118978,0.,-0.64278760968654));
#2417=DIRECTION('',(0.,1.,0.));
#2418=DIRECTION('',(0.,1.,0.));
#2419=DIRECTION('',(0.766044443118978,0.,-0.64278760968654));
#2420=DIRECTION('',(-0.64278760968654,0.,-0.766044443118978));
#2421=DIRECTION('',(0.,1.,0.));
#2422=DIRECTION('',(0.,1.,0.));
#2423=DIRECTION('',(0.,-1.,0.));
#2424=DIRECTION('',(0.,0.,-1.));
#2425=DIRECTION('',(0.,1.,0.));
#2426=DIRECTION('',(0.,0.,1.));
#2427=DIRECTION('',(0.,1.,0.));
#2428=DIRECTION('',(0.,0.,1.));
#2429=DIRECTION('',(0.,-1.,0.));
#2430=DIRECTION('',(0.,0.,-1.));
#2431=DIRECTION('',(0.,1.,0.));
#2432=DIRECTION('',(0.,0.,1.));
#2433=DIRECTION('',(0.,1.,0.));
#2434=DIRECTION('',(0.,0.,1.));
#2435=DIRECTION('',(0.,1.,0.));
#2436=DIRECTION('',(0.,0.,1.));
#2437=DIRECTION('',(0.,1.,0.));
#2438=DIRECTION('',(0.,0.,1.));
#2439=DIRECTION('',(0.,1.,0.));
#2440=DIRECTION('',(0.,0.,1.));
#2441=DIRECTION('',(0.,1.,0.));
#2442=DIRECTION('',(0.,0.,1.));
#2443=DIRECTION('',(0.,1.,0.));
#2444=DIRECTION('',(0.,0.,1.));
#2445=DIRECTION('',(0.,1.,0.));
#2446=DIRECTION('',(0.,0.,1.));
#2447=DIRECTION('',(-0.962546988380932,-1.27001136110984E-6,-0.271114911351597));
#2448=DIRECTION('',(-0.271114911351816,0.,0.962546988381709));
#2449=DIRECTION('',(0.,1.,0.));
#2450=DIRECTION('',(0.,0.,1.));
#2451=DIRECTION('',(-0.428557968005177,-3.39274335364424E-6,0.903514287683246));
#2452=DIRECTION('',(0.903514287688446,0.,0.428557968007644));
#2453=DIRECTION('',(-0.225884779859448,1.58434808079079E-7,0.974154025925995));
#2454=DIRECTION('',(0.974154025926007,0.,0.225884779859451));
#2455=DIRECTION('',(0.,1.,0.));
#2456=DIRECTION('',(0.,0.,1.));
#2457=DIRECTION('',(-0.769328290196365,0.,0.63885364670129));
#2458=DIRECTION('',(0.63885364670129,0.,0.769328290196365));
#2459=DIRECTION('',(0.951321155977507,-4.27715262325987E-15,0.308201327365118));
#2460=DIRECTION('',(0.308201327365118,0.,-0.951321155977507));
#2461=DIRECTION('',(0.,1.,0.));
#2462=DIRECTION('',(0.,0.,1.));
#2463=DIRECTION('',(0.768890258972485,1.24678010619387E-14,-0.639380770478144));
#2464=DIRECTION('',(-0.639380770478144,0.,-0.768890258972485));
#2465=DIRECTION('',(-0.909982455407478,-6.23785908041481E-6,0.414646754251937));
#2466=DIRECTION('',(0.414646754260004,0.,0.909982455425182));
#2467=DIRECTION('',(0.,1.,0.));
#2468=DIRECTION('',(0.,0.,1.));
#2469=DIRECTION('',(-0.0503669444171482,-1.53463942144861E-6,0.998730779994151));
#2470=DIRECTION('',(0.998730779995327,0.,0.0503669444172075));
#2471=DIRECTION('',(0.,1.,0.));
#2472=DIRECTION('',(0.,0.,1.));
#2473=DIRECTION('',(0.,1.,0.));
#2474=DIRECTION('',(0.,0.,1.));
#2475=DIRECTION('',(0.,1.,0.));
#2476=DIRECTION('',(-1.,0.,0.));
#2477=DIRECTION('',(0.,1.,0.));
#2478=DIRECTION('',(0.,0.,1.));
#2479=DIRECTION('',(0.,1.,0.));
#2480=DIRECTION('',(0.,0.,1.));
#2481=DIRECTION('',(0.,1.,0.));
#2482=DIRECTION('',(0.,0.,1.));
#2483=DIRECTION('',(0.,1.,0.));
#2484=DIRECTION('',(-1.,0.,0.));
#2485=DIRECTION('',(0.,1.,0.));
#2486=DIRECTION('',(0.,0.,1.));
#2487=DIRECTION('',(0.,1.,0.));
#2488=DIRECTION('',(0.,0.,1.));
#2489=DIRECTION('',(0.,1.,0.));
#2490=DIRECTION('',(0.,0.,1.));
#2491=DIRECTION('',(0.,1.,0.));
#2492=DIRECTION('',(-1.,0.,0.));
#2493=DIRECTION('',(0.,1.,0.));
#2494=DIRECTION('',(0.,0.,1.));
#2495=DIRECTION('',(0.,1.,0.));
#2496=DIRECTION('',(0.,0.,1.));
#2497=DIRECTION('',(0.,1.,0.));
#2498=DIRECTION('',(0.,0.,1.));
#2499=DIRECTION('',(0.,1.,0.));
#2500=DIRECTION('',(-1.,0.,0.));
#2501=DIRECTION('',(0.,1.,0.));
#2502=DIRECTION('',(0.,0.,1.));
#2503=DIRECTION('',(0.,1.,0.));
#2504=DIRECTION('',(0.,0.,1.));
#2505=DIRECTION('',(0.,1.,0.));
#2506=DIRECTION('',(0.,0.,1.));
#2507=DIRECTION('',(0.,1.,0.));
#2508=DIRECTION('',(0.,0.,1.));
#2509=DIRECTION('',(0.,1.,0.));
#2510=DIRECTION('',(0.,0.,1.));
#2511=CARTESIAN_POINT('',(0.,0.,0.));
#2512=CARTESIAN_POINT('',(-0.0662662004480153,-0.00747155526391036,0.0922560488498284));
#2513=CARTESIAN_POINT('',(-0.0663492188252699,-0.0082795464225623,0.0917503400184847));
#2514=CARTESIAN_POINT('',(-0.0665204930752878,-0.00922882927924967,0.0907070179926245));
#2515=CARTESIAN_POINT('',(-0.0667630448772039,-0.00980054626947508,0.089229502531867));
#2516=CARTESIAN_POINT('',(-0.0668804599446192,-0.00994738312157429,0.088514263218414));
#2517=CARTESIAN_POINT('',(-0.0669529663243139,-0.00998824945127328,0.0880725862251786));
#2518=CARTESIAN_POINT('',(-0.0669858362670436,-0.00999756459956104,0.0878723574113247));
#2519=CARTESIAN_POINT('',(-0.0670067953051073,-0.00999993708411787,0.0877446839699361));
#2520=CARTESIAN_POINT('',(-0.0670149195778211,-0.0100000487814912,0.08769519477491));
#2521=CARTESIAN_POINT('',(-0.0670228204826883,-0.01,0.0876470654003179));
#2522=CARTESIAN_POINT('',(-0.0693614739265691,-0.007471555534186,0.0927632070165389));
#2523=CARTESIAN_POINT('',(-0.0694253510976726,-0.00827954671123688,0.0922543796771494));
#2524=CARTESIAN_POINT('',(-0.0695571353277517,-0.00922882945382405,0.0912046240143053));
#2525=CARTESIAN_POINT('',(-0.0697437620441514,-0.00980054631915398,0.0897179975452804));
#2526=CARTESIAN_POINT('',(-0.0698341047520841,-0.00994738313499582,0.0889983477891382));
#2527=CARTESIAN_POINT('',(-0.0698898931446621,-0.0099882494542873,0.088553947210802));
#2528=CARTESIAN_POINT('',(-0.0699151842663548,-0.00999756460018646,0.0883524837133231));
#2529=CARTESIAN_POINT('',(-0.0699313106838844,-0.00999993708413404,0.088224022971475));
#2530=CARTESIAN_POINT('',(-0.0699375617840796,-0.0100000487814787,0.0881742286169049));
#2531=CARTESIAN_POINT('',(-0.0699436408464377,-0.00999999999999998,0.0881258024319275));
#2532=CARTESIAN_POINT('',(-0.0724346867845913,-0.00747155564497529,0.0930915647531688));
#2533=CARTESIAN_POINT('',(-0.0724837985234135,-0.00827954682957311,0.0925813191028345));
#2534=CARTESIAN_POINT('',(-0.0725851201032031,-0.00922882952539475,0.091528637381772));
#2535=CARTESIAN_POINT('',(-0.0727286067840163,-0.00980054633952221,0.0900378673464122));
#2536=CARTESIAN_POINT('',(-0.0727980658770096,-0.00994738314049898,0.0893162117694694));
#2537=CARTESIAN_POINT('',(-0.0728409583683775,-0.00998824945552311,0.0888705725866751));
#2538=CARTESIAN_POINT('',(-0.0728604031259871,-0.00999756460044303,0.088668547567771));
#2539=CARTESIAN_POINT('',(-0.0728728018281266,-0.00999993708414072,0.0885397287952293));
#2540=CARTESIAN_POINT('',(-0.0728776078508089,-0.0100000487814736,0.0884897956461472));
#2541=CARTESIAN_POINT('',(-0.0728822818186013,-0.01,0.0884412345098437));
#2542=CARTESIAN_POINT('',(-0.0754956210398258,-0.0074715555273822,0.0933134003068643));
#2543=CARTESIAN_POINT('',(-0.0755325262061182,-0.00827954670397178,0.092802253208335));
#2544=CARTESIAN_POINT('',(-0.0756086650846405,-0.00922882944943359,0.0917477117012878));
#2545=CARTESIAN_POINT('',(-0.0757164915944445,-0.00980054631790513,0.0902543079910157));
#2546=CARTESIAN_POINT('',(-0.0757686888087177,-0.00994738313465856,0.0895313775197479));
#2547=CARTESIAN_POINT('',(-0.0758009219410846,-0.00998824945421151,0.0890849510787869));
#2548=CARTESIAN_POINT('',(-0.0758155344545167,-0.00999756460017075,0.0888825691653846));
#2549=CARTESIAN_POINT('',(-0.0758248519567842,-0.00999993708413359,0.0887535228277931));
#2550=CARTESIAN_POINT('',(-0.0758284636367147,-0.010000048781479,0.0887035014667018));
#2551=CARTESIAN_POINT('',(-0.0758319760845484,-0.00999999999999995,0.0886548545482265));
#2552=CARTESIAN_POINT('',(-0.0684156448096711,-0.00750000000000001,0.0925624014649504));
#2553=CARTESIAN_POINT('',(-0.0707434448150449,-0.00750000000000001,0.0928852369958719));
#2554=CARTESIAN_POINT('',(-0.073087203890089,-0.0075,0.0931200486889253));
#2555=CARTESIAN_POINT('',(-0.0754425194168479,-0.0075,0.0932911196218297));
#2556=CARTESIAN_POINT('',(-0.068415644809671,-0.0075,0.0925624014649504));
#2557=CARTESIAN_POINT('',(-0.075442519416848,-0.0075,0.0932911196218297));
#2558=CARTESIAN_POINT('',(-0.0684156448096711,-0.00750000000000026,0.0925624014649502));
#2559=CARTESIAN_POINT('',(-0.0685120149161556,-0.00835556369356186,0.0920136438885069));
#2560=CARTESIAN_POINT('',(-0.0686449781265002,-0.00974685605940686,0.0903851615090112));
#2561=CARTESIAN_POINT('',(-0.0677856963524316,-0.01,0.088415179989901));
#2562=CARTESIAN_POINT('',(-0.0670679136808736,-0.01,0.0876975320989443));
#2563=CARTESIAN_POINT('',(-0.0670679125631276,-0.00999999999999669,0.0876975389368435));
#2564=CARTESIAN_POINT('',(-0.0137543608328767,-0.01,0.0581089312098297));
#2565=CARTESIAN_POINT('',(-0.0142900456089542,-0.01,0.058393903307893));
#2566=CARTESIAN_POINT('',(-0.014823874797889,-0.01,0.0586819102867576));
#2567=CARTESIAN_POINT('',(-0.0153558167287036,-0.01,0.0589730109641437));
#2568=CARTESIAN_POINT('',(-0.0160665295349245,-0.0099999999999995,0.0593619424758994));
#2569=CARTESIAN_POINT('',(-0.0167738734528575,-0.0100000000000035,0.0597563964753113));
#2570=CARTESIAN_POINT('',(-0.0174778036483757,-0.0099999999999759,0.0601564939451904));
#2571=CARTESIAN_POINT('',(-0.018181809142655,-0.0099999999999483,0.0605566342131252));
#2572=CARTESIAN_POINT('',(-0.0188824001872707,-0.009999999999901,0.0609624191540821));
#2573=CARTESIAN_POINT('',(-0.0195795642161723,-0.0099999999996363,0.0613739286573031));
#2574=CARTESIAN_POINT('',(-0.0201200831101065,-0.0099999999994311,0.0616929764743208));
#2575=CARTESIAN_POINT('',(-0.0206585419821814,-0.0099999999990954,0.0620154653863692));
#2576=CARTESIAN_POINT('',(-0.0211949270414814,-0.0099999999983845,0.0623414053062245));
#2577=CARTESIAN_POINT('',(-0.0213504138975443,-0.0099999999981784,0.0624358884998277));
#2578=CARTESIAN_POINT('',(-0.0215057244731552,-0.0099999999979798,0.0625306581384557));
#2579=CARTESIAN_POINT('',(-0.021660858148162,-0.0099999999977993,0.0626257143203447));
#2580=CARTESIAN_POINT('',(-0.0230418005932696,-0.0099999999961922,0.0634718692008672));
#2581=CARTESIAN_POINT('',(-0.0244087261465288,-0.0099999999969592,0.0643407303334525));
#2582=CARTESIAN_POINT('',(-0.0257624394700884,-0.0099999999981433,0.0652316928906419));
#2583=CARTESIAN_POINT('',(-0.0266408873322422,-0.0099999999989117,0.0658098538202868));
#2584=CARTESIAN_POINT('',(-0.0275137714325349,-0.0099999999995846,0.0663973211365335));
#2585=CARTESIAN_POINT('',(-0.0283810570080034,-0.0099999999998321,0.0669928783275777));
#2586=CARTESIAN_POINT('',(-0.0288507924705073,-0.0099999999999661,0.0673154414376946));
#2587=CARTESIAN_POINT('',(-0.0293189949986353,-0.0099999999999816,0.067640460020699));
#2588=CARTESIAN_POINT('',(-0.0297856280949212,-0.0099999999999921,0.0679677156961872));
#2589=CARTESIAN_POINT('',(-0.0304881916498893,-0.0100000000000079,0.0684604323778468));
#2590=CARTESIAN_POINT('',(-0.0311871973065905,-0.01,0.0689582204272332));
#2591=CARTESIAN_POINT('',(-0.0318832129378086,-0.01,0.0694600445687709));
#2592=CARTESIAN_POINT('',(-0.0325028732809443,-0.01,0.0699068168908162));
#2593=CARTESIAN_POINT('',(-0.0331201254167101,-0.01,0.0703567598020745));
#2594=CARTESIAN_POINT('',(-0.0337355063449535,-0.01,0.0708092479793806));
#2595=CARTESIAN_POINT('',(-0.0342191278621356,-0.01,0.0711648537656054));
#2596=CARTESIAN_POINT('',(-0.0347015936192774,-0.01,0.0715220316482917));
#2597=CARTESIAN_POINT('',(-0.0351833460929077,-0.01,0.0718802343609419));
#2598=CARTESIAN_POINT('',(-0.0358474218244796,-0.01,0.0723740018898591));
#2599=CARTESIAN_POINT('',(-0.0365101496600698,-0.01,0.0728697226010559));
#2600=CARTESIAN_POINT('',(-0.037172538267186,-0.01,0.0733658506806578));
#2601=CARTESIAN_POINT('',(-0.0373279240777785,-0.01,0.0734822344212271));
#2602=CARTESIAN_POINT('',(-0.037483291203251,-0.01,0.0735986405590393));
#2603=CARTESIAN_POINT('',(-0.0376386526517588,-0.01,0.0737150491252573));
#2604=CARTESIAN_POINT('',(-0.0380147328701373,-0.01,0.0739968369138293));
#2605=CARTESIAN_POINT('',(-0.0383907798439409,-0.01,0.0742786389033786));
#2606=CARTESIAN_POINT('',(-0.0387670928884034,-0.01,0.0745600068530999));
#2607=CARTESIAN_POINT('',(-0.0396897855824769,-0.01,0.0752499009595483));
#2608=CARTESIAN_POINT('',(-0.0406140672253152,-0.0099999999997666,0.0759372591553833));
#2609=CARTESIAN_POINT('',(-0.0415453104989079,-0.0099999999997745,0.0766160208699169));
#2610=CARTESIAN_POINT('',(-0.0417681357711148,-0.0099999999997764,0.0767784330645532));
#2611=CARTESIAN_POINT('',(-0.0419913597650963,-0.0099999999998091,0.0769403528242263));
#2612=CARTESIAN_POINT('',(-0.0422150810049111,-0.0099999999998623,0.0771016748191576));
#2613=CARTESIAN_POINT('',(-0.0426492715816603,-0.0099999999999655,0.0774147630627215));
#2614=CARTESIAN_POINT('',(-0.0430850438392688,-0.0099999999999808,0.0777254220479952));
#2615=CARTESIAN_POINT('',(-0.0435230871798932,-0.0099999999999895,0.0780328852918911));
#2616=CARTESIAN_POINT('',(-0.0441871522436727,-0.0100000000000027,0.0784989935047829));
#2617=CARTESIAN_POINT('',(-0.044856435768412,-0.0100000000000071,0.0789577578967423));
#2618=CARTESIAN_POINT('',(-0.0455310225442246,-0.0099999999999639,0.0794047173001922));
#2619=CARTESIAN_POINT('',(-0.0455989645733311,-0.0099999999999595,0.079449733493642));
#2620=CARTESIAN_POINT('',(-0.0456669604071113,-0.0099999999999545,0.0794946299290651));
#2621=CARTESIAN_POINT('',(-0.0457350116484159,-0.0099999999999486,0.0795394038730302));
#2622=CARTESIAN_POINT('',(-0.0465598740157317,-0.0099999999998773,0.0800821175797179));
#2623=CARTESIAN_POINT('',(-0.0473932113950349,-0.0099999999998508,0.0806070114329827));
#2624=CARTESIAN_POINT('',(-0.0482373021401154,-0.0099999999998966,0.0811088212880793));
#2625=CARTESIAN_POINT('',(-0.0486103595413774,-0.0099999999999169,0.0813306029881644));
#2626=CARTESIAN_POINT('',(-0.0489855171959437,-0.0099999999999443,0.081547876160651));
#2627=CARTESIAN_POINT('',(-0.0493629703899605,-0.0099999999999654,0.0817601895592455));
#2628=CARTESIAN_POINT('',(-0.0494599236694484,-0.0099999999999709,0.0818147247455925));
#2629=CARTESIAN_POINT('',(-0.0495570264499399,-0.0099999999999672,0.0818689357712912));
#2630=CARTESIAN_POINT('',(-0.0496542829608686,-0.0099999999999513,0.0819228147414435));
#2631=CARTESIAN_POINT('',(-0.0503506105184105,-0.0099999999998377,0.0823085720684411));
#2632=CARTESIAN_POINT('',(-0.0510548215466195,-0.0099999999967729,0.0826773104401062));
#2633=CARTESIAN_POINT('',(-0.0517674782729303,-0.0099999999937508,0.0830279326884682));
#2634=CARTESIAN_POINT('',(-0.0522195952039915,-0.0099999999918336,0.0832503711346916));
#2635=CARTESIAN_POINT('',(-0.0526751105975514,-0.0099999999919579,0.0834655175888652));
#2636=CARTESIAN_POINT('',(-0.0531341592790258,-0.0099999999953113,0.0836730851731126));
#2637=CARTESIAN_POINT('',(-0.0534097169411028,-0.0099999999973243,0.0837976838062129));
#2638=CARTESIAN_POINT('',(-0.0536865290932725,-0.0099999999982963,0.0839195983758333));
#2639=CARTESIAN_POINT('',(-0.0539646148181513,-0.0099999999988913,0.0840387748379455));
#2640=CARTESIAN_POINT('',(-0.0547003904382231,-0.0100000000004655,0.0843540989537259));
#2641=CARTESIAN_POINT('',(-0.0554450828916688,-0.0099999999999893,0.0846502538878634));
#2642=CARTESIAN_POINT('',(-0.0561983244721944,-0.0099999999999503,0.0849278979848614));
#2643=CARTESIAN_POINT('',(-0.0564866201071721,-0.0099999999999353,0.0850341634690186));
#2644=CARTESIAN_POINT('',(-0.0567761679425894,-0.0099999999999008,0.085137717429611));
#2645=CARTESIAN_POINT('',(-0.0570669356158232,-0.0099999999998246,0.085238612699022));
#2646=CARTESIAN_POINT('',(-0.0575359343331932,-0.0099999999997015,0.0854013534583923));
#2647=CARTESIAN_POINT('',(-0.0580081388907569,-0.009999999999899,0.0855571351904133));
#2648=CARTESIAN_POINT('',(-0.0584835507249444,-0.0099999999999612,0.0857062822041864));
#2649=CARTESIAN_POINT('',(-0.0586860821314197,-0.0099999999999877,0.0857698207034386));
#2650=CARTESIAN_POINT('',(-0.0588891957796894,-0.0099999999999951,0.0858321549231426));
#2651=CARTESIAN_POINT('',(-0.0590928924520739,-0.0099999999999969,0.0858933165880371));
#2652=CARTESIAN_POINT('',(-0.0595871958351978,-0.0100000000000014,0.0860417353988155));
#2653=CARTESIAN_POINT('',(-0.0600848352137521,-0.0100000000000003,0.086183187068338));
#2654=CARTESIAN_POINT('',(-0.0605852262470994,-0.0099999999999995,0.0863179208646655));
#2655=CARTESIAN_POINT('',(-0.0606625843180163,-0.0099999999999993,0.0863387500679817));
#2656=CARTESIAN_POINT('',(-0.0607400081093397,-0.0099999999999992,0.0863594188076931));
#2657=CARTESIAN_POINT('',(-0.060817495415384,-0.0099999999999989,0.0863799281029064));
#2658=CARTESIAN_POINT('',(-0.0609301753590572,-0.0099999999999984,0.086409752165032));
#2659=CARTESIAN_POINT('',(-0.0610429896059874,-0.0099999999999978,0.0864392390562901));
#2660=CARTESIAN_POINT('',(-0.0611558941036538,-0.0099999999999968,0.0864683839564333));
#2661=CARTESIAN_POINT('',(-0.0614365828910556,-0.0099999999999941,0.0865408402965191));
#2662=CARTESIAN_POINT('',(-0.0617182266270326,-0.0099999999999945,0.0866112803970945));
#2663=CARTESIAN_POINT('',(-0.0620001989961452,-0.009999999999996,0.0866796292693231));
#2664=CARTESIAN_POINT('',(-0.0623948859622095,-0.009999999999998,0.0867752996681594));
#2665=CARTESIAN_POINT('',(-0.0627902157510132,-0.01,0.0868668721319588));
#2666=CARTESIAN_POINT('',(-0.0631862894368105,-0.0099999999999986,0.0869546525281141));
#2667=CARTESIAN_POINT('',(-0.0632056379553871,-0.0099999999999986,0.0869589406711707));
#2668=CARTESIAN_POINT('',(-0.0632249882495582,-0.0099999999999985,0.0869632197669026));
#2669=CARTESIAN_POINT('',(-0.0632443403038565,-0.0099999999999984,0.0869674898401897));
#2670=CARTESIAN_POINT('',(-0.0638583032757076,-0.0099999999999956,0.0871029621184797));
#2671=CARTESIAN_POINT('',(-0.064473306070484,-0.01,0.0872291687712117));
#2672=CARTESIAN_POINT('',(-0.065089665358363,-0.0099999999999991,0.0873471161704972));
#2673=CARTESIAN_POINT('',(-0.065174545283559,-0.009999999999999,0.0873633589149894));
#2674=CARTESIAN_POINT('',(-0.0652594509456923,-0.0099999999999988,0.0873794449471598));
#2675=CARTESIAN_POINT('',(-0.0653443831822328,-0.0099999999999984,0.0873953768223135));
#2676=CARTESIAN_POINT('',(-0.0654181474365772,-0.0099999999999981,0.0874092137697306));
#2677=CARTESIAN_POINT('',(-0.0654919318248549,-0.0099999999999977,0.0874229342101317));
#2678=CARTESIAN_POINT('',(-0.0655657358810171,-0.0099999999999974,0.0874365395936694));
#2679=CARTESIAN_POINT('',(-0.0663596066573993,-0.009999999999994,0.087582885430926));
#2680=CARTESIAN_POINT('',(-0.0671557533177089,-0.009999999999997,0.0877159151070387));
#2681=CARTESIAN_POINT('',(-0.0679538381890402,-0.0099999999999988,0.087837238641319));
#2682=CARTESIAN_POINT('',(-0.0684931108445636,-0.01,0.0879192179731658));
#2683=CARTESIAN_POINT('',(-0.0690332683829106,-0.01,0.0879958535785737));
#2684=CARTESIAN_POINT('',(-0.0695741961755003,-0.01,0.0880675705127581));
#2685=CARTESIAN_POINT('',(-0.0698324575300551,-0.01,0.0881018111504563));
#2686=CARTESIAN_POINT('',(-0.0700908962535748,-0.01,0.088134930484196));
#2687=CARTESIAN_POINT('',(-0.0703495057837651,-0.01,0.0881669757365933));
#2688=CARTESIAN_POINT('',(-0.0711486937287373,-0.01,0.088266006036794));
#2689=CARTESIAN_POINT('',(-0.0719495129978455,-0.01,0.088354777807594));
#2690=CARTESIAN_POINT('',(-0.0727518087566961,-0.01,0.088434472387661));
#2691=CARTESIAN_POINT('',(-0.0731132057364305,-0.01,0.0884703710948643));
#2692=CARTESIAN_POINT('',(-0.0734749022894802,-0.01,0.0885044281376829));
#2693=CARTESIAN_POINT('',(-0.0738368851573847,-0.01,0.0885367378642849));
#2694=CARTESIAN_POINT('',(-0.0738368860946947,-0.01,0.0885367381357654));
#2695=CARTESIAN_POINT('',(-0.0754424798658984,-0.00749999241442091,0.0932911216987896));
#2696=CARTESIAN_POINT('',(-0.0753530042601025,-0.00789429120493503,0.0930273416011827));
#2697=CARTESIAN_POINT('',(-0.0751367978657131,-0.00862683849549849,0.0923864832449276));
#2698=CARTESIAN_POINT('',(-0.0747945416437032,-0.00930459187382827,0.0913740412812519));
#2699=CARTESIAN_POINT('',(-0.0745006767958484,-0.00967520512557386,0.0905037363306845));
#2700=CARTESIAN_POINT('',(-0.0743135156911719,-0.0098355540708241,0.0899494595492919));
#2701=CARTESIAN_POINT('',(-0.0741643557568353,-0.00992256686922451,0.0895072942349335));
#2702=CARTESIAN_POINT('',(-0.0740534413332983,-0.00996797174210888,0.0891794478750653));
#2703=CARTESIAN_POINT('',(-0.07396261424414,-0.00998997814262003,0.0889062225657166));
#2704=CARTESIAN_POINT('',(-0.0738992186636211,-0.00999751819498767,0.0887245605775175));
#2705=CARTESIAN_POINT('',(-0.0738641525214947,-0.00999964887915625,0.0886105037970781));
#2706=CARTESIAN_POINT('',(-0.0738447948257555,-0.01,0.0885744943137429));
#2707=CARTESIAN_POINT('',(-0.0738368868706062,-0.01,0.0885367379098342));
#2708=CARTESIAN_POINT('',(-0.0270835908857173,-0.01,0.039068669079041));
#2709=CARTESIAN_POINT('',(-0.0271345822448435,-0.0100000360597835,0.0390690548118968));
#2710=CARTESIAN_POINT('',(-0.0271834911112416,-0.0099999311161138,0.0390694248401165));
#2711=CARTESIAN_POINT('',(-0.0273085093689322,-0.00999758886342968,0.0390703706381368));
#2712=CARTESIAN_POINT('',(-0.0275204471643507,-0.00998819825813429,0.0390719740255167));
#2713=CARTESIAN_POINT('',(-0.0279543651323609,-0.00994755457022352,0.0390752567913563));
#2714=CARTESIAN_POINT('',(-0.0286950788234919,-0.00980000378142343,0.0390808606845592));
#2715=CARTESIAN_POINT('',(-0.0301787689423662,-0.00923179165506569,0.0390920859192283));
#2716=CARTESIAN_POINT('',(-0.0312436264084594,-0.00827622518298855,0.0391001431819889));
#2717=CARTESIAN_POINT('',(-0.0317541771708228,-0.00747155570582564,0.0391040065742286));
#2718=CARTESIAN_POINT('',(-0.0270772322497728,-0.01,0.0399468679348675));
#2719=CARTESIAN_POINT('',(-0.0271282430895342,-0.0100000360597853,0.0399446853146067));
#2720=CARTESIAN_POINT('',(-0.0271771707877601,-0.00999993111611051,0.0399425924808096));
#2721=CARTESIAN_POINT('',(-0.0273022370303655,-0.00999758886331019,0.0399372422171927));
#2722=CARTESIAN_POINT('',(-0.0275142562141736,-0.00998819825755596,0.0399281723379477));
#2723=CARTESIAN_POINT('',(-0.0279483408073854,-0.0099475545676358,0.0399096027660551));
#2724=CARTESIAN_POINT('',(-0.0286893389656776,-0.00980000377194298,0.0398779039191832));
#2725=CARTESIAN_POINT('',(-0.0301735989821665,-0.00923179162121772,0.0398144096208215));
#2726=CARTESIAN_POINT('',(-0.0312388657077433,-0.00827622512791473,0.0397688398344717));
#2727=CARTESIAN_POINT('',(-0.0317496127883895,-0.00747155565390359,0.0397469914608307));
#2728=CARTESIAN_POINT('',(-0.0271655618149529,-0.01,0.0412662769000664));
#2729=CARTESIAN_POINT('',(-0.0272163115877196,-0.0100000360597834,0.0412600870745588));
#2730=CARTESIAN_POINT('',(-0.0272649884528185,-0.00999993111611403,0.0412541485725149));
#2731=CARTESIAN_POINT('',(-0.0273894139722401,-0.00999758886343801,0.0412389704079084));
#2732=CARTESIAN_POINT('',(-0.0276003468447838,-0.00998819825817454,0.0412132391296566));
#2733=CARTESIAN_POINT('',(-0.0280322073635058,-0.00994755457040366,0.0411605573940191));
#2734=CARTESIAN_POINT('',(-0.028769408842368,-0.00980000378208351,0.0410706273526663));
#2735=CARTESIAN_POINT('',(-0.0302460635827496,-0.00923179165742248,0.0408904912478609));
#2736=CARTESIAN_POINT('',(-0.0313058711149628,-0.00827622518682538,0.0407612026082316));
#2737=CARTESIAN_POINT('',(-0.03181400043413,-0.00747155570944428,0.0406992132475828));
#2738=CARTESIAN_POINT('',(-0.0275355297452367,-0.01,0.0431933512865608));
#2739=CARTESIAN_POINT('',(-0.0275851271959603,-0.0100000360597886,0.043181151504591));
#2740=CARTESIAN_POINT('',(-0.0276326994340352,-0.00999993111610436,0.0431694515593859));
#2741=CARTESIAN_POINT('',(-0.0277543007072795,-0.00999758886308639,0.0431395431230995));
#2742=CARTESIAN_POINT('',(-0.0279604459424158,-0.00998819825647255,0.0430888411533843));
#2743=CARTESIAN_POINT('',(-0.0283825042924118,-0.00994755456278839,0.0429850346656634));
#2744=CARTESIAN_POINT('',(-0.0291029732376819,-0.00980000375418486,0.0428078335086782));
#2745=CARTESIAN_POINT('',(-0.0305461121559027,-0.00923179155782107,0.0424528906909828));
#2746=CARTESIAN_POINT('',(-0.0315818660037659,-0.00827622502478997,0.0421981472304332));
#2747=CARTESIAN_POINT('',(-0.032078463042328,-0.00747155555669367,0.0420760101606421));
#2748=CARTESIAN_POINT('',(-0.0280605406273589,-0.01,0.0449620232774928));
#2749=CARTESIAN_POINT('',(-0.0281084891502162,-0.0100000360598467,0.0449442679474685));
#2750=CARTESIAN_POINT('',(-0.0281544799242263,-0.00999993111599559,0.0449272383116674));
#2751=CARTESIAN_POINT('',(-0.0282720386163125,-0.00999758885913765,0.0448837074719662));
#2752=CARTESIAN_POINT('',(-0.0284713306787801,-0.00998819823735688,0.0448099117684278));
#2753=CARTESIAN_POINT('',(-0.0288793579383407,-0.00994755447725897,0.0446588236197966));
#2754=CARTESIAN_POINT('',(-0.0295758752586468,-0.00980000344083889,0.0444009107980359));
#2755=CARTESIAN_POINT('',(-0.0309710374873661,-0.00923179043910282,0.0438842976898309));
#2756=CARTESIAN_POINT('',(-0.0319723571639873,-0.00827622320465944,0.043513521068218));
#2757=CARTESIAN_POINT('',(-0.0324524443055951,-0.00747155384079833,0.0433357509695009));
#2758=CARTESIAN_POINT('',(-0.0289667024115268,-0.01,0.0470215976743549));
#2759=CARTESIAN_POINT('',(-0.0290118353216698,-0.0100000360597011,0.0469974617428902));
#2760=CARTESIAN_POINT('',(-0.0290551253642493,-0.00999993111626812,0.0469743124746984));
#2761=CARTESIAN_POINT('',(-0.0291657807025269,-0.00999758886903318,0.046915138552244));
#2762=CARTESIAN_POINT('',(-0.0293533697936954,-0.0099881982852603,0.0468148239370892));
#2763=CARTESIAN_POINT('',(-0.0297374366030446,-0.00994755469159356,0.0466094413396021));
#2764=CARTESIAN_POINT('',(-0.0303930526747492,-0.00980000422607212,0.0462588457940095));
#2765=CARTESIAN_POINT('',(-0.0317062880922681,-0.00923179324255042,0.0455565834776965));
#2766=CARTESIAN_POINT('',(-0.0326488101948575,-0.00827622776572241,0.0450525628749741));
#2767=CARTESIAN_POINT('',(-0.033100707161421,-0.00747155814062252,0.0448109075929664));
#2768=CARTESIAN_POINT('',(-0.0303584995027394,-0.01,0.0492304279456557));
#2769=CARTESIAN_POINT('',(-0.0303995190740278,-0.0100000360598634,0.0491998073109386));
#2770=CARTESIAN_POINT('',(-0.030438861583667,-0.00999993111596429,0.049170434404066));
#2771=CARTESIAN_POINT('',(-0.0305394287028673,-0.00999758885800084,0.0490953558504251));
#2772=CARTESIAN_POINT('',(-0.0307099150570227,-0.00998819823185408,0.0489680777603555));
#2773=CARTESIAN_POINT('',(-0.0310589660583201,-0.00994755445263835,0.0487074907887256));
#2774=CARTESIAN_POINT('',(-0.0316548080581926,-0.00980000335065351,0.0482626585799403));
#2775=CARTESIAN_POINT('',(-0.0328483098092611,-0.00923179011718824,0.0473716328004742));
#2776=CARTESIAN_POINT('',(-0.033704890373698,-0.00827622268123752,0.0467321299246144));
#2777=CARTESIAN_POINT('',(-0.03411557971454,-0.00747155334749089,0.0464255153124476));
#2778=CARTESIAN_POINT('',(-0.0321411861057074,-0.01,0.0512889471162828));
#2779=CARTESIAN_POINT('',(-0.0321774569086794,-0.0100000360597851,0.0512528944682888));
#2780=CARTESIAN_POINT('',(-0.0322122464782613,-0.0099999311161109,0.0512183142077131));
#2781=CARTESIAN_POINT('',(-0.0323011736698197,-0.00999758886332409,0.0511299219886412));
#2782=CARTESIAN_POINT('',(-0.0324519279500271,-0.00998819825762296,0.0509800746758105));
#2783=CARTESIAN_POINT('',(-0.0327605798525506,-0.00994755456793523,0.0506732798178334));
#2784=CARTESIAN_POINT('',(-0.0332874601125649,-0.00980000377303163,0.0501495701844706));
#2785=CARTESIAN_POINT('',(-0.0343428311520395,-0.00923179162506471,0.0491005521853111));
#2786=CARTESIAN_POINT('',(-0.0351002825508756,-0.00827622513399231,0.0483476652878912));
#2787=CARTESIAN_POINT('',(-0.0354634468176879,-0.0074715556595588,0.0479866910742539));
#2788=CARTESIAN_POINT('',(-0.0348837786237425,-0.01,0.0537211423441859));
#2789=CARTESIAN_POINT('',(-0.0349137657426797,-0.010000036059664,0.0536795755029993));
#2790=CARTESIAN_POINT('',(-0.0349425223791437,-0.00999993111633757,0.0536397021421175));
#2791=CARTESIAN_POINT('',(-0.0350160345896285,-0.00999758887155526,0.0535377842259744));
#2792=CARTESIAN_POINT('',(-0.035140654878218,-0.00998819829747005,0.0533650062231138));
#2793=CARTESIAN_POINT('',(-0.0353958007885754,-0.00994755474622545,0.0530112635855248));
#2794=CARTESIAN_POINT('',(-0.0358313431331346,-0.00980000442625316,0.0524074111115135));
#2795=CARTESIAN_POINT('',(-0.0367037557015106,-0.00923179395739623,0.0511978583596924));
#2796=CARTESIAN_POINT('',(-0.0373298883897013,-0.00827622892944048,0.0503297441608545));
#2797=CARTESIAN_POINT('',(-0.0376300889777852,-0.00747155923796929,0.0499135205848648));
#2798=CARTESIAN_POINT('',(-0.0371954109537728,-0.01,0.0551606341241676));
#2799=CARTESIAN_POINT('',(-0.0372214340261773,-0.0100000360598654,0.055116728262075));
#2800=CARTESIAN_POINT('',(-0.0372463979569725,-0.00999993111596061,0.0550746180160546));
#2801=CARTESIAN_POINT('',(-0.0373102056527496,-0.00999758885786783,0.0549669754458341));
#2802=CARTESIAN_POINT('',(-0.0374183769608702,-0.0099881982312097,0.0547844945732096));
#2803=CARTESIAN_POINT('',(-0.0376398448170284,-0.00994755444975582,0.0544108860789218));
#2804=CARTESIAN_POINT('',(-0.0380178988133099,-0.00980000334007166,0.0537731233798074));
#2805=CARTESIAN_POINT('',(-0.0387751624299272,-0.0092317900793381,0.0524956514839321));
#2806=CARTESIAN_POINT('',(-0.0393186591227412,-0.00827622261903579,0.0515788030852798));
#2807=CARTESIAN_POINT('',(-0.0395792418185834,-0.00747155328855184,0.0511392173557386));
#2808=CARTESIAN_POINT('',(-0.0387864945665875,-0.01,0.0560048356852548));
#2809=CARTESIAN_POINT('',(-0.0388103601360161,-0.0100000360598452,0.0559597722953119));
#2810=CARTESIAN_POINT('',(-0.0388332487880847,-0.00999993111599835,0.0559165479138084));
#2811=CARTESIAN_POINT('',(-0.0388917579849825,-0.00999758885923623,0.0558060615297747));
#2812=CARTESIAN_POINT('',(-0.0389909456132234,-0.00998819823783348,0.0556187587159381));
#2813=CARTESIAN_POINT('',(-0.0391940219475443,-0.00994755447938132,0.0552352786720207));
#2814=CARTESIAN_POINT('',(-0.0395406842738772,-0.00980000344856074,0.0545806663431165));
#2815=CARTESIAN_POINT('',(-0.0402350808048239,-0.00923179046627614,0.0532694491498006));
#2816=CARTESIAN_POINT('',(-0.0407334793650268,-0.00827622324838663,0.0523283909058606));
#2817=CARTESIAN_POINT('',(-0.0409724442146569,-0.00747155388201813,0.0518771994689766));
#2818=CARTESIAN_POINT('',(-0.0394264436075305,-0.0075,0.0510214881951756));
#2819=CARTESIAN_POINT('',(-0.0383799792430646,-0.0075,0.0503845160175437));
#2820=CARTESIAN_POINT('',(-0.0363493806912632,-0.00749999999999999,0.0489541601241507));
#2821=CARTESIAN_POINT('',(-0.0337989053254381,-0.00749999999999999,0.0462257823517128));
#2822=CARTESIAN_POINT('',(-0.0321099109965906,-0.0075,0.0429186656913722));
#2823=CARTESIAN_POINT('',(-0.0317357796242206,-0.0075,0.0404358183933462));
#2824=CARTESIAN_POINT('',(-0.031735426544763,-0.0075,0.0392039140296255));
#2825=CARTESIAN_POINT('',(-0.0394264436075406,-0.0075,0.0510214881951818));
#2826=CARTESIAN_POINT('',(-0.031735426544763,-0.0075,0.0392039140296409));
#2827=CARTESIAN_POINT('',(-0.0394264436075407,-0.0075,0.0510214881951818));
#2828=CARTESIAN_POINT('',(-0.0391287666432317,-0.00833757933194516,0.0514784234255225));
#2829=CARTESIAN_POINT('',(-0.0383783283403222,-0.00970158976068352,0.0528718805876362));
#2830=CARTESIAN_POINT('',(-0.0383547367718353,-0.00999999508085929,0.0549643626668949));
#2831=CARTESIAN_POINT('',(-0.0386931360545179,-0.00999999999985265,0.0559069288922101));
#2832=CARTESIAN_POINT('',(-0.0386931337457885,-0.00999999999993863,0.0559069377519583));
#2833=CARTESIAN_POINT('',(-0.0738368863346965,-0.01,0.0885367383988059));
#2834=CARTESIAN_POINT('',(-0.0740199243547311,-0.01,0.088369731908966));
#2835=CARTESIAN_POINT('',(-0.0742024204180655,-0.01,0.0882022021996723));
#2836=CARTESIAN_POINT('',(-0.0743843494090711,-0.01,0.0880341259373591));
#2837=CARTESIAN_POINT('',(-0.0747619142716094,-0.01,0.087685310223462));
#2838=CARTESIAN_POINT('',(-0.075137036611039,-0.01,0.0873341403577711));
#2839=CARTESIAN_POINT('',(-0.0755094507301564,-0.01,0.0869803647800838));
#2840=CARTESIAN_POINT('',(-0.0756620626073232,-0.01,0.0868353908055885));
#2841=CARTESIAN_POINT('',(-0.0758142197172652,-0.01,0.0866899792789871));
#2842=CARTESIAN_POINT('',(-0.0759659003580915,-0.01,0.0865441091140697));
#2843=CARTESIAN_POINT('',(-0.0761846194244742,-0.01,0.0863337685847179));
#2844=CARTESIAN_POINT('',(-0.0764023474182673,-0.01,0.086122474471036));
#2845=CARTESIAN_POINT('',(-0.0766190207158112,-0.01,0.0859101630820515));
#2846=CARTESIAN_POINT('',(-0.0769862363736026,-0.01,0.0855503399416537));
#2847=CARTESIAN_POINT('',(-0.0773504224640009,-0.0100000000000004,0.0851875947246816));
#2848=CARTESIAN_POINT('',(-0.0777111974020165,-0.009999999999998,0.0848215496545003));
#2849=CARTESIAN_POINT('',(-0.0778190092648336,-0.0099999999999972,0.0847121628963504));
#2850=CARTESIAN_POINT('',(-0.0779265165225628,-0.0099999999999962,0.0846024814715634));
#2851=CARTESIAN_POINT('',(-0.0780337068815446,-0.0099999999999944,0.0844924922155404));
#2852=CARTESIAN_POINT('',(-0.0782855148527922,-0.0099999999999902,0.0842341091698892));
#2853=CARTESIAN_POINT('',(-0.0785355662868371,-0.0099999999999815,0.0839740344164213));
#2854=CARTESIAN_POINT('',(-0.0787836940394744,-0.0099999999999736,0.0837121030426247));
#2855=CARTESIAN_POINT('',(-0.0791378088738543,-0.0099999999999623,0.0833382884085701));
#2856=CARTESIAN_POINT('',(-0.0794880053163561,-0.0099999999999612,0.082960691951981));
#2857=CARTESIAN_POINT('',(-0.0798336141998055,-0.0099999999999803,0.0825787593621634));
#2858=CARTESIAN_POINT('',(-0.0798974301405001,-0.0099999999999839,0.0825082363268238));
#2859=CARTESIAN_POINT('',(-0.0799610896868178,-0.0099999999999877,0.0824375654715792));
#2860=CARTESIAN_POINT('',(-0.0800245886465104,-0.0099999999999912,0.08236674055718));
#2861=CARTESIAN_POINT('',(-0.0803053975537909,-0.0100000000000065,0.0820535343736934));
#2862=CARTESIAN_POINT('',(-0.0805830565208958,-0.0099999999999992,0.0817373559272532));
#2863=CARTESIAN_POINT('',(-0.0808572524047439,-0.0099999999999995,0.08141759715907));
#2864=CARTESIAN_POINT('',(-0.0808996001280022,-0.0099999999999995,0.0813682125525822));
#2865=CARTESIAN_POINT('',(-0.0809418652422241,-0.0099999999999996,0.0813187425461066));
#2866=CARTESIAN_POINT('',(-0.0809840444925769,-0.0099999999999997,0.0812691859677493));
#2867=CARTESIAN_POINT('',(-0.0812771429776393,-0.0100000000000003,0.08092482332688));
#2868=CARTESIAN_POINT('',(-0.0815661423316326,-0.0100000000000007,0.0805762306680572));
#2869=CARTESIAN_POINT('',(-0.0818496792562549,-0.0099999999999992,0.0802233946974935));
#2870=CARTESIAN_POINT('',(-0.0818711413125349,-0.0099999999999991,0.080196687116222));
#2871=CARTESIAN_POINT('',(-0.0818925720919292,-0.009999999999999,0.0801699552388233));
#2872=CARTESIAN_POINT('',(-0.0819139703418264,-0.0099999999999988,0.0801431997600371));
#2873=CARTESIAN_POINT('',(-0.0820544310352568,-0.0099999999999978,0.0799675735699778));
#2874=CARTESIAN_POINT('',(-0.0821935802909251,-0.0099999999999982,0.0797908119418197));
#2875=CARTESIAN_POINT('',(-0.0823310986496489,-0.0099999999999988,0.0796130599448572));
#2876=CARTESIAN_POINT('',(-0.0824895271002451,-0.0099999999999996,0.0794082802068609));
#2877=CARTESIAN_POINT('',(-0.0826457910029391,-0.01,0.0792021861130837));
#2878=CARTESIAN_POINT('',(-0.0827997448856061,-0.0099999999999997,0.0789945090551549));
#2879=CARTESIAN_POINT('',(-0.0828014701109228,-0.0099999999999997,0.0789921818016175));
#2880=CARTESIAN_POINT('',(-0.0828031950461367,-0.0099999999999997,0.0789898543492778));
#2881=CARTESIAN_POINT('',(-0.0828049196908168,-0.0099999999999997,0.07898752669788));
#2882=CARTESIAN_POINT('',(-0.0829570960992455,-0.0099999999999994,0.078782143157787));
#2883=CARTESIAN_POINT('',(-0.0831069377313169,-0.0099999999999997,0.0785753003413049));
#2884=CARTESIAN_POINT('',(-0.0832541664694895,-0.0099999999999989,0.0783668092846065));
#2885=CARTESIAN_POINT('',(-0.0833867506284068,-0.0099999999999981,0.0781790564604144));
#2886=CARTESIAN_POINT('',(-0.083517215849768,-0.0099999999999991,0.0779899669843259));
#2887=CARTESIAN_POINT('',(-0.0836453200123349,-0.0099999999999826,0.0777993412565966));
#2888=CARTESIAN_POINT('',(-0.0836611049699847,-0.0099999999999806,0.0777758524098733));
#2889=CARTESIAN_POINT('',(-0.0836768538607923,-0.0099999999999785,0.0777523402653443));
#2890=CARTESIAN_POINT('',(-0.0836925662016357,-0.0099999999999766,0.0777288044892717));
#2891=CARTESIAN_POINT('',(-0.0838357859400728,-0.009999999999959,0.0775142732665437));
#2892=CARTESIAN_POINT('',(-0.0839759689701738,-0.0099999999999564,0.0772977786678311));
#2893=CARTESIAN_POINT('',(-0.0841126285846336,-0.0099999999999677,0.0770790043048769));
#2894=CARTESIAN_POINT('',(-0.0842177639677979,-0.0099999999999764,0.0769106961579046));
#2895=CARTESIAN_POINT('',(-0.0843208139835081,-0.0099999999999899,0.076741038707269));
#2896=CARTESIAN_POINT('',(-0.0844214695498487,-0.0099999999999962,0.0765698289179035));
#2897=CARTESIAN_POINT('',(-0.0844516383339705,-0.0099999999999981,0.0765185134133298));
#2898=CARTESIAN_POINT('',(-0.0844815924456696,-0.0099999999999988,0.0764670588087655));
#2899=CARTESIAN_POINT('',(-0.0845113226938815,-0.0099999999999992,0.0764154610879519));
#2900=CARTESIAN_POINT('',(-0.0845757864748597,-0.0100000000000002,0.0763035822987201));
#2901=CARTESIAN_POINT('',(-0.0846391976811592,-0.0100000000000002,0.0761910305990132));
#2902=CARTESIAN_POINT('',(-0.0847014335158606,-0.0099999999999991,0.0760777486050912));
#2903=CARTESIAN_POINT('',(-0.0847274444783748,-0.0099999999999986,0.0760304033142058));
#2904=CARTESIAN_POINT('',(-0.0847532501475877,-0.0099999999999978,0.0759829304681859));
#2905=CARTESIAN_POINT('',(-0.0847788402780463,-0.0099999999999961,0.0759353243298308));
#2906=CARTESIAN_POINT('',(-0.0848144963187904,-0.0099999999999937,0.0758689922565494));
#2907=CARTESIAN_POINT('',(-0.0848497324076868,-0.0099999999999899,0.075802402778125));
#2908=CARTESIAN_POINT('',(-0.0848845292533855,-0.0099999999999865,0.0757355228862772));
#2909=CARTESIAN_POINT('',(-0.0849442846857549,-0.0099999999999806,0.0756206723366385));
#2910=CARTESIAN_POINT('',(-0.0850027452628954,-0.0099999999999771,0.0755049656234092));
#2911=CARTESIAN_POINT('',(-0.0850597597957644,-0.0099999999999837,0.0753882389714479));
#2912=CARTESIAN_POINT('',(-0.0850766790389874,-0.0099999999999857,0.0753535999677456));
#2913=CARTESIAN_POINT('',(-0.0850934708849797,-0.0099999999999883,0.0753188711156321));
#2914=CARTESIAN_POINT('',(-0.0851101309362786,-0.0099999999999911,0.0752840441915562));
#2915=CARTESIAN_POINT('',(-0.0851495806223619,-0.0099999999999978,0.0752015767851004));
#2916=CARTESIAN_POINT('',(-0.0851882436652447,-0.0099999999999987,0.0751186696426329));
#2917=CARTESIAN_POINT('',(-0.0852260674715303,-0.009999999999999,0.0750352181215901));
#2918=CARTESIAN_POINT('',(-0.085279910919335,-0.0099999999999995,0.0749164221023966));
#2919=CARTESIAN_POINT('',(-0.0853320540521444,-0.0100000000000024,0.0747965233304014));
#2920=CARTESIAN_POINT('',(-0.0853819547256675,-0.0099999999999854,0.0746759585369784));
#2921=CARTESIAN_POINT('',(-0.0853907389151133,-0.0099999999999824,0.074654735096268));
#2922=CARTESIAN_POINT('',(-0.0853994535941206,-0.0099999999999786,0.074633491003365));
#2923=CARTESIAN_POINT('',(-0.0854080968452485,-0.0099999999999737,0.0746122249567346));
#2924=CARTESIAN_POINT('',(-0.0854485476853477,-0.0099999999999506,0.0745126988132666));
#2925=CARTESIAN_POINT('',(-0.085487430701313,-0.0099999999999243,0.0744126793270598));
#2926=CARTESIAN_POINT('',(-0.0855245246757563,-0.0099999999999212,0.0743120870975581));
#2927=CARTESIAN_POINT('',(-0.0855470282938438,-0.0099999999999193,0.074251061307002));
#2928=CARTESIAN_POINT('',(-0.0855688734902684,-0.0099999999999254,0.0741898247307373));
#2929=CARTESIAN_POINT('',(-0.0855899877514356,-0.0099999999999377,0.0741283624333334));
#2930=CARTESIAN_POINT('',(-0.0856111006950454,-0.00999999999995,0.0740669039712567));
#2931=CARTESIAN_POINT('',(-0.0856314827900459,-0.0099999999999686,0.0740052198139718));
#2932=CARTESIAN_POINT('',(-0.08565105024746,-0.0099999999999831,0.0739432865186879));
#2933=CARTESIAN_POINT('',(-0.0856532076002296,-0.0099999999999847,0.0739364582444117));
#2934=CARTESIAN_POINT('',(-0.0856553550509466,-0.0099999999999862,0.0739296269418838));
#2935=CARTESIAN_POINT('',(-0.0856574924536309,-0.0099999999999876,0.073922792572002));
#2936=CARTESIAN_POINT('',(-0.0856747421737378,-0.0099999999999993,0.0738676363918235));
#2937=CARTESIAN_POINT('',(-0.0856913424632846,-0.0099999999999991,0.073812280261464));
#2938=CARTESIAN_POINT('',(-0.0857072153106548,-0.0099999999999994,0.0737567075145556));
#2939=CARTESIAN_POINT('',(-0.0857248689861951,-0.0099999999999997,0.0736948998741292));
#2940=CARTESIAN_POINT('',(-0.0857416227916243,-0.0100000000000003,0.0736328242719241));
#2941=CARTESIAN_POINT('',(-0.0857573350857006,-0.0099999999999936,0.0735704446129985));
#2942=CARTESIAN_POINT('',(-0.085757504409718,-0.0099999999999936,0.0735697723766973));
#2943=CARTESIAN_POINT('',(-0.0857576736117528,-0.0099999999999935,0.0735691001039006));
#2944=CARTESIAN_POINT('',(-0.085757842691651,-0.0099999999999934,0.0735684277945171));
#2945=CARTESIAN_POINT('',(-0.0857737042740649,-0.0099999999999867,0.0735053576672537));
#2946=CARTESIAN_POINT('',(-0.0857884913680677,-0.0099999999999914,0.073441965768256));
#2947=CARTESIAN_POINT('',(-0.0858020159304293,-0.0099999999999949,0.0733781664332153));
#2948=CARTESIAN_POINT('',(-0.0858137535980062,-0.009999999999998,0.0733227964059777));
#2949=CARTESIAN_POINT('',(-0.0858245403517317,-0.0099999999999998,0.0732671195208167));
#2950=CARTESIAN_POINT('',(-0.0858341751785951,-0.009999999999997,0.0732110334321967));
#2951=CARTESIAN_POINT('',(-0.0858356339054449,-0.0099999999999966,0.0732025419165185));
#2952=CARTESIAN_POINT('',(-0.0858370657340243,-0.0099999999999962,0.0731940424496302));
#2953=CARTESIAN_POINT('',(-0.0858384699766528,-0.0099999999999959,0.0731855347605352));
#2954=CARTESIAN_POINT('',(-0.0858438088920664,-0.0099999999999947,0.073153188617839));
#2955=CARTESIAN_POINT('',(-0.0858487490313183,-0.0099999999999946,0.0731207236351959));
#2956=CARTESIAN_POINT('',(-0.0858532257262881,-0.0099999999999944,0.0730881527101667));
#2957=CARTESIAN_POINT('',(-0.0858577046837044,-0.0099999999999942,0.0730555653243385));
#2958=CARTESIAN_POINT('',(-0.085861719722683,-0.009999999999994,0.0730228719223352));
#2959=CARTESIAN_POINT('',(-0.0858651832591662,-0.0099999999999914,0.072990202309929));
#2960=CARTESIAN_POINT('',(-0.0858686485514964,-0.0099999999999889,0.0729575161355952));
#2961=CARTESIAN_POINT('',(-0.0858715617814702,-0.0099999999999849,0.0729248537406862));
#2962=CARTESIAN_POINT('',(-0.0858738300959899,-0.0099999999999682,0.0728921821571369));
#2963=CARTESIAN_POINT('',(-0.0858749534598973,-0.00999999999996,0.0728760018270123));
#2964=CARTESIAN_POINT('',(-0.0858759186526849,-0.0099999999999485,0.0728598192414484));
#2965=CARTESIAN_POINT('',(-0.0858767063622046,-0.00999999999993,0.072843635077125));
#2966=CARTESIAN_POINT('',(-0.0858775103169534,-0.0099999999999112,0.0728271171407063));
#2967=CARTESIAN_POINT('',(-0.0858781293116082,-0.0099999999998824,0.0728106083060577));
#2968=CARTESIAN_POINT('',(-0.0858785416955359,-0.0099999999998513,0.0727940954718343));
#2969=CARTESIAN_POINT('',(-0.085878949998085,-0.0099999999998204,0.072777746065728));
#2970=CARTESIAN_POINT('',(-0.0858791557851248,-0.0099999999997877,0.0727613927354433));
#2971=CARTESIAN_POINT('',(-0.085879126169794,-0.0099999999997712,0.0727450214784749));
#2972=CARTESIAN_POINT('',(-0.0858790966058631,-0.0099999999997547,0.0727286786351529));
#2973=CARTESIAN_POINT('',(-0.0858788325027981,-0.0099999999997564,0.0727123179240516));
#2974=CARTESIAN_POINT('',(-0.0858782886048188,-0.0099999999997867,0.0726959235297154));
#2975=CARTESIAN_POINT('',(-0.0858778827950086,-0.0099999999998093,0.0726836914451948));
#2976=CARTESIAN_POINT('',(-0.0858773212026932,-0.009999999999848,0.0726714406051929));
#2977=CARTESIAN_POINT('',(-0.0858765765387773,-0.0099999999998912,0.0726591689082484));
#2978=CARTESIAN_POINT('',(-0.0858763261716382,-0.0099999999999057,0.0726550429803093));
#2979=CARTESIAN_POINT('',(-0.0858760559275246,-0.0099999999999178,0.072650919804818));
#2980=CARTESIAN_POINT('',(-0.0858757649512727,-0.0099999999999279,0.0726467991993391));
#2981=CARTESIAN_POINT('',(-0.085874606239104,-0.0099999999999681,0.072630390314839));
#2982=CARTESIAN_POINT('',(-0.0858731188570153,-0.0099999999999787,0.0726140221720858));
#2983=CARTESIAN_POINT('',(-0.0858712065564449,-0.0099999999999799,0.0725976415535923));
#2984=CARTESIAN_POINT('',(-0.0858692894158508,-0.009999999999981,0.0725812194758306));
#2985=CARTESIAN_POINT('',(-0.085866945356283,-0.0099999999999784,0.0725647850273196));
#2986=CARTESIAN_POINT('',(-0.0858640363458155,-0.0099999999999231,0.0725484366697806));
#2987=CARTESIAN_POINT('',(-0.0858625811716103,-0.0099999999998954,0.0725402587314561));
#2988=CARTESIAN_POINT('',(-0.0858609845742469,-0.009999999999853,0.0725321022953626));
#2989=CARTESIAN_POINT('',(-0.0858592349510429,-0.0099999999997752,0.0725240120273209));
#2990=CARTESIAN_POINT('',(-0.0858574861379097,-0.0099999999996975,0.0725159255050515));
#2991=CARTESIAN_POINT('',(-0.0858555844459271,-0.0099999999995848,0.0725079050893544));
#2992=CARTESIAN_POINT('',(-0.0858535147240749,-0.0099999999994022,0.072499942297665));
#2993=CARTESIAN_POINT('',(-0.0858514471507675,-0.0099999999992198,0.0724919877720206));
#2994=CARTESIAN_POINT('',(-0.0858492118878948,-0.0099999999989679,0.0724840907377497));
#2995=CARTESIAN_POINT('',(-0.0858468085747252,-0.0099999999985928,0.0724762516588262));
#2996=CARTESIAN_POINT('',(-0.0858467777012137,-0.009999999998588,0.0724761509562226));
#2997=CARTESIAN_POINT('',(-0.0858467467999643,-0.0099999999985832,0.072476050263187));
#2998=CARTESIAN_POINT('',(-0.0858467158710038,-0.0099999999985783,0.0724759495797014));
#2999=CARTESIAN_POINT('',(-0.085844341516066,-0.0099999999982052,0.072468220308255));
#3000=CARTESIAN_POINT('',(-0.0858417982143779,-0.009999999997849,0.0724605533204584));
#3001=CARTESIAN_POINT('',(-0.0858391003737868,-0.0099999999975692,0.0724529442516804));
#3002=CARTESIAN_POINT('',(-0.0858336360224055,-0.0099999999970025,0.0724375324346787));
#3003=CARTESIAN_POINT('',(-0.0858275375800985,-0.0099999999967751,0.0724223585104536));
#3004=CARTESIAN_POINT('',(-0.0858209656375814,-0.0099999999968793,0.0724073764129479));
#3005=CARTESIAN_POINT('',(-0.0858143895824266,-0.0099999999969836,0.0723923849398367));
#3006=CARTESIAN_POINT('',(-0.0858073395204361,-0.0099999999973915,0.0723775853975881));
#3007=CARTESIAN_POINT('',(-0.0857999307279265,-0.0099999999978522,0.0723629387415763));
#3008=CARTESIAN_POINT('',(-0.0857925081812582,-0.0099999999983137,0.0723482648945708));
#3009=CARTESIAN_POINT('',(-0.0857847256045518,-0.0099999999988139,0.0723337444644521));
#3010=CARTESIAN_POINT('',(-0.0857766704151334,-0.0099999999991788,0.072319373777086));
#3011=CARTESIAN_POINT('',(-0.0857745334414629,-0.0099999999992757,0.0723155613551884));
#3012=CARTESIAN_POINT('',(-0.0857723772814149,-0.009999999999364,0.0723117594658001));
#3013=CARTESIAN_POINT('',(-0.0857702037275482,-0.0099999999994427,0.0723079689499039));
#3014=CARTESIAN_POINT('',(-0.0857641723950017,-0.0099999999996613,0.0722974507556034));
#3015=CARTESIAN_POINT('',(-0.0857579964296614,-0.0099999999997757,0.0722869955716502));
#3016=CARTESIAN_POINT('',(-0.0857517091560041,-0.0099999999998475,0.0722766214924115));
#3017=CARTESIAN_POINT('',(-0.0857431723577845,-0.0099999999999449,0.0722625356698429));
#3018=CARTESIAN_POINT('',(-0.0857344303652473,-0.0099999999999657,0.0722485994407332));
#3019=CARTESIAN_POINT('',(-0.0857255070911954,-0.0099999999999768,0.0722347787231529));
#3020=CARTESIAN_POINT('',(-0.0857076963826247,-0.009999999999999,0.0722071927976703));
#3021=CARTESIAN_POINT('',(-0.0856891629484429,-0.0100000000000091,0.0721800671785344));
#3022=CARTESIAN_POINT('',(-0.0856700801599635,-0.0099999999998692,0.0721533321028071));
#3023=CARTESIAN_POINT('',(-0.085669862958091,-0.0099999999998676,0.0721530278019699));
#3024=CARTESIAN_POINT('',(-0.0856696456851394,-0.009999999999866,0.0721527235516939));
#3025=CARTESIAN_POINT('',(-0.0856694283412703,-0.0099999999998644,0.0721524193519289));
#3026=CARTESIAN_POINT('',(-0.0856505544185306,-0.0099999999997219,0.0721260029506466));
#3027=CARTESIAN_POINT('',(-0.0856311456891129,-0.0099999999995457,0.0721000064726608));
#3028=CARTESIAN_POINT('',(-0.0856112973028862,-0.009999999999461,0.0720743597797076));
#3029=CARTESIAN_POINT('',(-0.0855911994253212,-0.0099999999993753,0.0720483907115411));
#3030=CARTESIAN_POINT('',(-0.0855706507292894,-0.0099999999993733,0.0720227802653816));
#3031=CARTESIAN_POINT('',(-0.0855497042812059,-0.009999999999428,0.0719974614035409));
#3032=CARTESIAN_POINT('',(-0.0855287398026692,-0.0099999999994826,0.0719721207475253));
#3033=CARTESIAN_POINT('',(-0.085507376893654,-0.0099999999995875,0.0719470722060924));
#3034=CARTESIAN_POINT('',(-0.0854857171754369,-0.0099999999996839,0.0719223333513642));
#3035=CARTESIAN_POINT('',(-0.085469028183486,-0.0099999999997582,0.0719032718592757));
#3036=CARTESIAN_POINT('',(-0.0854521629517119,-0.0099999999998271,0.0718843942130089));
#3037=CARTESIAN_POINT('',(-0.0854351428694064,-0.0099999999998774,0.0718656908719679));
#3038=CARTESIAN_POINT('',(-0.0854079659035913,-0.0099999999999577,0.0718358261479921));
#3039=CARTESIAN_POINT('',(-0.0853803709201733,-0.0099999999999775,0.0718063745953388));
#3040=CARTESIAN_POINT('',(-0.0853524478410837,-0.0099999999999884,0.071777314878544));
#3041=CARTESIAN_POINT('',(-0.085307084599415,-0.0100000000000062,0.0717301050793829));
#3042=CARTESIAN_POINT('',(-0.0852608552808693,-0.01,0.0716839296802548));
#3043=CARTESIAN_POINT('',(-0.0852138917013327,-0.0099999999999996,0.071638608350653));
#3044=CARTESIAN_POINT('',(-0.0852015014105658,-0.0099999999999995,0.0716266513308251));
#3045=CARTESIAN_POINT('',(-0.085189060038427,-0.0099999999999994,0.0716147537339497));
#3046=CARTESIAN_POINT('',(-0.0851765701166048,-0.0099999999999991,0.0716029140693827));
#3047=CARTESIAN_POINT('',(-0.0851417220906493,-0.0099999999999985,0.0715698803207326));
#3048=CARTESIAN_POINT('',(-0.0851064997693202,-0.0099999999999985,0.0715373040453107));
#3049=CARTESIAN_POINT('',(-0.085070945878626,-0.0099999999999988,0.0715051351674424));
#3050=CARTESIAN_POINT('',(-0.0850226330247883,-0.0099999999999991,0.0714614220810762));
#3051=CARTESIAN_POINT('',(-0.0849737079590523,-0.01,0.0714184612299181));
#3052=CARTESIAN_POINT('',(-0.084924236199822,-0.0099999999999983,0.071376147343843));
#3053=CARTESIAN_POINT('',(-0.0849171633416043,-0.009999999999998,0.0713700978295037));
#3054=CARTESIAN_POINT('',(-0.0849100793069711,-0.0099999999999977,0.0713640615405416));
#3055=CARTESIAN_POINT('',(-0.0849029842544635,-0.0099999999999973,0.0713580382347899));
#3056=CARTESIAN_POINT('',(-0.0848604519411591,-0.0099999999999949,0.071321930661648));
#3057=CARTESIAN_POINT('',(-0.0848175234190186,-0.00999999999999,0.0712862924970112));
#3058=CARTESIAN_POINT('',(-0.0847742372112051,-0.0099999999999829,0.071251079227038));
#3059=CARTESIAN_POINT('',(-0.0846732333792569,-0.0099999999999663,0.0711689127499456));
#3060=CARTESIAN_POINT('',(-0.0845702819891369,-0.0099999999999362,0.071089059658507));
#3061=CARTESIAN_POINT('',(-0.0844657079182953,-0.0099999999999425,0.0710111087106697));
#3062=CARTESIAN_POINT('',(-0.0844185980145056,-0.0099999999999453,0.0709759923417326));
#3063=CARTESIAN_POINT('',(-0.0843711588089353,-0.0099999999999562,0.0709412620116771));
#3064=CARTESIAN_POINT('',(-0.0843234137921854,-0.0099999999999704,0.0709068952723447));
#3065=CARTESIAN_POINT('',(-0.0842651803739177,-0.0099999999999877,0.0708649790087792));
#3066=CARTESIAN_POINT('',(-0.0842065123592431,-0.0099999999999932,0.0708236110565422));
#3067=CARTESIAN_POINT('',(-0.0841474443495468,-0.0099999999999962,0.0707827428094927));
#3068=CARTESIAN_POINT('',(-0.0840399319553226,-0.0100000000000016,0.0707083566381854));
#3069=CARTESIAN_POINT('',(-0.0839310945738032,-0.01,0.0706356255578339));
#3070=CARTESIAN_POINT('',(-0.0838214112426435,-0.0099999999999994,0.0705645232874411));
#3071=CARTESIAN_POINT('',(-0.0837852728268707,-0.0099999999999993,0.0705410965426233));
#3072=CARTESIAN_POINT('',(-0.0837490425550197,-0.0099999999999989,0.0705178466766256));
#3073=CARTESIAN_POINT('',(-0.0837127193273085,-0.0099999999999984,0.0704947632822882));
#3074=CARTESIAN_POINT('',(-0.0836388374234337,-0.0099999999999972,0.0704478113666956));
#3075=CARTESIAN_POINT('',(-0.0835646158879485,-0.0099999999999955,0.0704015776032561));
#3076=CARTESIAN_POINT('',(-0.0834900577987213,-0.0099999999999941,0.0703559792596669));
#3077=CARTESIAN_POINT('',(-0.0833788082334916,-0.0099999999999921,0.0702879410903405));
#3078=CARTESIAN_POINT('',(-0.0832668094141637,-0.0099999999999918,0.0702213175528667));
#3079=CARTESIAN_POINT('',(-0.083154145908034,-0.0099999999999947,0.070155950261028));
#3080=CARTESIAN_POINT('',(-0.0831306262347138,-0.0099999999999954,0.0701423041621031));
#3081=CARTESIAN_POINT('',(-0.0831070775897856,-0.0099999999999961,0.0701287128194219));
#3082=CARTESIAN_POINT('',(-0.083083500342494,-0.0099999999999968,0.0701151749239699));
#3083=CARTESIAN_POINT('',(-0.0829941370721072,-0.0099999999999995,0.0700638631403344));
#3084=CARTESIAN_POINT('',(-0.0829043582874721,-0.0099999999999996,0.0700133127622147));
#3085=CARTESIAN_POINT('',(-0.0828141986304737,-0.0099999999999997,0.0699634601776072));
#3086=CARTESIAN_POINT('',(-0.0827002670698789,-0.01,0.0699004632347048));
#3087=CARTESIAN_POINT('',(-0.0825857273072227,-0.0100000000000004,0.0698385805734764));
#3088=CARTESIAN_POINT('',(-0.0824706456743864,-0.0099999999999963,0.0697777067765419));
#3089=CARTESIAN_POINT('',(-0.0824605376634709,-0.009999999999996,0.0697723600240784));
#3090=CARTESIAN_POINT('',(-0.0824504254723771,-0.0099999999999956,0.069767021054359));
#3091=CARTESIAN_POINT('',(-0.0824403091366002,-0.0099999999999951,0.0697616898131627));
#3092=CARTESIAN_POINT('',(-0.0822200816344482,-0.0099999999999851,0.0696456313945888));
#3093=CARTESIAN_POINT('',(-0.0819978731019122,-0.0099999999999665,0.0695332416944569));
#3094=CARTESIAN_POINT('',(-0.0817740353563295,-0.0099999999999632,0.0694239547785017));
#3095=CARTESIAN_POINT('',(-0.0815579018377762,-0.00999999999996,0.0693184293872602));
#3096=CARTESIAN_POINT('',(-0.0813402493729311,-0.009999999999972,0.0692157967705589));
#3097=CARTESIAN_POINT('',(-0.0811212973168581,-0.0099999999999859,0.069115677918459));
#3098=CARTESIAN_POINT('',(-0.0811030308748979,-0.009999999999987,0.069107325335552));
#3099=CARTESIAN_POINT('',(-0.0810847549838677,-0.0099999999999881,0.0690989900001908));
#3100=CARTESIAN_POINT('',(-0.0810664697370142,-0.009999999999989,0.0690906716793933));
#3101=CARTESIAN_POINT('',(-0.0808289956166871,-0.0100000000000012,0.0689826400006408));
#3102=CARTESIAN_POINT('',(-0.0805899434942123,-0.0099999999999996,0.0688774778831937));
#3103=CARTESIAN_POINT('',(-0.0803499608238942,-0.0099999999999997,0.0687749804467304));
#3104=CARTESIAN_POINT('',(-0.0801575411643246,-0.0099999999999998,0.0686927973382382));
#3105=CARTESIAN_POINT('',(-0.0799645232906985,-0.0099999999999997,0.0686123274246364));
#3106=CARTESIAN_POINT('',(-0.0797709157680858,-0.0099999999999977,0.0685333697980818));
#3107=CARTESIAN_POINT('',(-0.0797231505428668,-0.0099999999999972,0.0685138900342574));
#3108=CARTESIAN_POINT('',(-0.0796753559930998,-0.0099999999999967,0.0684945052563327));
#3109=CARTESIAN_POINT('',(-0.0796275320372648,-0.0099999999999964,0.0684752122432615));
#3110=CARTESIAN_POINT('',(-0.0793858141325733,-0.0099999999999948,0.0683776990490196));
#3111=CARTESIAN_POINT('',(-0.0791433451972473,-0.009999999999997,0.0682825296688977));
#3112=CARTESIAN_POINT('',(-0.0789001821663672,-0.0099999999999984,0.068189389544754));
#3113=CARTESIAN_POINT('',(-0.0787345175136057,-0.0099999999999993,0.0681259340668855));
#3114=CARTESIAN_POINT('',(-0.0785685306391733,-0.0099999999999998,0.0680634206054223));
#3115=CARTESIAN_POINT('',(-0.0784022246424993,-0.01,0.0680017713264336));
#3116=CARTESIAN_POINT('',(-0.0780802833960797,-0.01,0.06788242839163));
#3117=CARTESIAN_POINT('',(-0.0777571535529217,-0.0099999999999993,0.0677663270785344));
#3118=CARTESIAN_POINT('',(-0.0774330465499354,-0.0099999999999989,0.0676529889677529));
#3119=CARTESIAN_POINT('',(-0.0772953612338545,-0.0099999999999988,0.0676048413082973));
#3120=CARTESIAN_POINT('',(-0.0771574995936014,-0.0099999999999989,0.0675571922742729));
#3121=CARTESIAN_POINT('',(-0.0770194747386462,-0.0099999999999993,0.0675100158963724));
#3122=CARTESIAN_POINT('',(-0.0766647822871262,-0.0100000000000004,0.0673887833463597));
#3123=CARTESIAN_POINT('',(-0.0763090118826326,-0.0100000000000003,0.067270663383551));
#3124=CARTESIAN_POINT('',(-0.0759522955357936,-0.0099999999999996,0.0671551755768479));
#3125=CARTESIAN_POINT('',(-0.0758434392492808,-0.0099999999999994,0.067119933082674));
#3126=CARTESIAN_POINT('',(-0.0757344948669864,-0.0099999999999991,0.0670849357216768));
#3127=CARTESIAN_POINT('',(-0.0756254647142941,-0.0099999999999983,0.0670501726775542));
#3128=CARTESIAN_POINT('',(-0.0752381847441978,-0.0099999999999954,0.0669266927928087));
#3129=CARTESIAN_POINT('',(-0.0748498698611571,-0.0099999999999896,0.0668061892246796));
#3130=CARTESIAN_POINT('',(-0.0744606661440273,-0.0099999999999866,0.066688190564759));
#3131=CARTESIAN_POINT('',(-0.0739618698668953,-0.0099999999999826,0.0665369656671425));
#3132=CARTESIAN_POINT('',(-0.0734616137299542,-0.0099999999999848,0.0663898549488712));
#3133=CARTESIAN_POINT('',(-0.0729604294521169,-0.0099999999999915,0.0662461451993514));
#3134=CARTESIAN_POINT('',(-0.0729109283956461,-0.0099999999999922,0.0662319512496587));
#3135=CARTESIAN_POINT('',(-0.072861418284791,-0.0099999999999929,0.066217790477614));
#3136=CARTESIAN_POINT('',(-0.0728118992654124,-0.0099999999999935,0.0662036622046521));
#3137=CARTESIAN_POINT('',(-0.0723600586370342,-0.0099999999999997,0.0660747475408903));
#3138=CARTESIAN_POINT('',(-0.0719074664471565,-0.0099999999999996,0.0659485299748443));
#3139=CARTESIAN_POINT('',(-0.0714542528808471,-0.01,0.0658244998480304));
#3140=CARTESIAN_POINT('',(-0.0709625097348865,-0.01,0.0656899254017048));
#3141=CARTESIAN_POINT('',(-0.0704700350737871,-0.01,0.0655579261199354));
#3142=CARTESIAN_POINT('',(-0.0699769862185184,-0.01,0.0654280014450878));
#3143=CARTESIAN_POINT('',(-0.0694616072267954,-0.01,0.0652921924938909));
#3144=CARTESIAN_POINT('',(-0.0689455929500212,-0.01,0.0651586465149634));
#3145=CARTESIAN_POINT('',(-0.0684291061047089,-0.0099999999999996,0.0650267879662384));
#3146=CARTESIAN_POINT('',(-0.0679960904622766,-0.0099999999999993,0.0649162395278715));
#3147=CARTESIAN_POINT('',(-0.0675627426568804,-0.0099999999999991,0.0648068771739173));
#3148=CARTESIAN_POINT('',(-0.067129136607718,-0.0099999999999995,0.0646984311606742));
#3149=CARTESIAN_POINT('',(-0.0665507653927716,-0.01,0.0645537789987482));
#3150=CARTESIAN_POINT('',(-0.0659719378982776,-0.01,0.0644107534805648));
#3151=CARTESIAN_POINT('',(-0.0653928334579642,-0.01,0.064268713349726));
#3152=CARTESIAN_POINT('',(-0.0650199354207888,-0.01,0.0641772505974091));
#3153=CARTESIAN_POINT('',(-0.0646469225529178,-0.01,0.0640861964214708));
#3154=CARTESIAN_POINT('',(-0.0642738377838226,-0.01,0.0639953986617576));
#3155=CARTESIAN_POINT('',(-0.063633155497438,-0.01,0.0638394756085792));
#3156=CARTESIAN_POINT('',(-0.0629922623590463,-0.0099999999999993,0.0636843047164644));
#3157=CARTESIAN_POINT('',(-0.0623513732208033,-0.0099999999999987,0.063529119309089));
#3158=CARTESIAN_POINT('',(-0.0620394756388945,-0.0099999999999984,0.0634535961797056));
#3159=CARTESIAN_POINT('',(-0.061727579005045,-0.0099999999999985,0.0633780696128169));
#3160=CARTESIAN_POINT('',(-0.0614157070775422,-0.0099999999999991,0.0633024548764692));
#3161=CARTESIAN_POINT('',(-0.0607135681503476,-0.0100000000000004,0.0631322181697405));
#3162=CARTESIAN_POINT('',(-0.0600115565473482,-0.0100000000000009,0.0629615266648458));
#3163=CARTESIAN_POINT('',(-0.0593099472159727,-0.009999999999999,0.0627894039460337));
#3164=CARTESIAN_POINT('',(-0.0590595667869347,-0.0099999999999983,0.0627279792211104));
#3165=CARTESIAN_POINT('',(-0.0588092375892431,-0.0099999999999971,0.0626663722266113));
#3166=CARTESIAN_POINT('',(-0.0585589724493032,-0.0099999999999939,0.062604536881407));
#3167=CARTESIAN_POINT('',(-0.0577964576068359,-0.0099999999999842,0.0624161352185997));
#3168=CARTESIAN_POINT('',(-0.0570345412187475,-0.0099999999998818,0.0622256028210856));
#3169=CARTESIAN_POINT('',(-0.0562735746976131,-0.0099999999998814,0.0620316815777141));
#3170=CARTESIAN_POINT('',(-0.0560849219762039,-0.0099999999998813,0.0619836061771741));
#3171=CARTESIAN_POINT('',(-0.0558963276271367,-0.0099999999998905,0.061935322495468));
#3172=CARTESIAN_POINT('',(-0.0557077978211599,-0.0099999999999087,0.0618868093088656));
#3173=CARTESIAN_POINT('',(-0.0548862722923657,-0.0099999999999877,0.0616754113229052));
#3174=CARTESIAN_POINT('',(-0.0540659611336833,-0.0099999999999908,0.0614596011932399));
#3175=CARTESIAN_POINT('',(-0.0532474165436537,-0.0099999999999936,0.0612375765777916));
#3176=CARTESIAN_POINT('',(-0.0522410081451727,-0.0099999999999969,0.0609645951906096));
#3177=CARTESIAN_POINT('',(-0.0512372703227719,-0.0100000000000078,0.060682219079153));
#3178=CARTESIAN_POINT('',(-0.0502372679746989,-0.0099999999999233,0.0603864345696701));
#3179=CARTESIAN_POINT('',(-0.0501715280207928,-0.0099999999999177,0.0603669897553084));
#3180=CARTESIAN_POINT('',(-0.0501058042101239,-0.0099999999999116,0.0603474869960222));
#3181=CARTESIAN_POINT('',(-0.050040097059715,-0.009999999999905,0.0603279249477805));
#3182=CARTESIAN_POINT('',(-0.0491063096562277,-0.0099999999998105,0.0600499218062528));
#3183=CARTESIAN_POINT('',(-0.0481758601132969,-0.0100000000000012,0.0597600309150697));
#3184=CARTESIAN_POINT('',(-0.0472499006925785,-0.0099999999999984,0.0594541291131617));
#3185=CARTESIAN_POINT('',(-0.0472446628734702,-0.0099999999999983,0.0594523987367894));
#3186=CARTESIAN_POINT('',(-0.0472394251981185,-0.0099999999999983,0.0594506678479913));
#3187=CARTESIAN_POINT('',(-0.04723418766653,-0.0099999999999983,0.0594489364456604));
#3188=CARTESIAN_POINT('',(-0.0465979112210903,-0.009999999999996,0.0592385987126892));
#3189=CARTESIAN_POINT('',(-0.0459637589699152,-0.0099999999999196,0.0590206854076555));
#3190=CARTESIAN_POINT('',(-0.04533221739325,-0.0099999999999061,0.0587934897735324));
#3191=CARTESIAN_POINT('',(-0.0450395419959897,-0.0099999999998999,0.058688200470453));
#3192=CARTESIAN_POINT('',(-0.0447474270579445,-0.0099999999999309,0.0585809182229179));
#3193=CARTESIAN_POINT('',(-0.044455919706952,-0.0099999999999695,0.0584714769162292));
#3194=CARTESIAN_POINT('',(-0.0444018642624849,-0.0099999999999767,0.0584511827505556));
#3195=CARTESIAN_POINT('',(-0.0443478312924589,-0.0099999999999818,0.0584308142543508));
#3196=CARTESIAN_POINT('',(-0.0442938193469131,-0.0099999999999856,0.0584103697308902));
#3197=CARTESIAN_POINT('',(-0.0438879374258671,-0.0100000000000144,0.0582567358935375));
#3198=CARTESIAN_POINT('',(-0.0434832413519199,-0.01,0.0580988134583322));
#3199=CARTESIAN_POINT('',(-0.043079900106319,-0.01,0.0579360381436412));
#3200=CARTESIAN_POINT('',(-0.0426999028390396,-0.01,0.0577826836939346));
#3201=CARTESIAN_POINT('',(-0.0423211020106822,-0.01,0.0576250099214305));
#3202=CARTESIAN_POINT('',(-0.0419447079900168,-0.01,0.0574629584771379));
#3203=CARTESIAN_POINT('',(-0.0418684204674383,-0.01,0.057430113897956));
#3204=CARTESIAN_POINT('',(-0.0417922317477108,-0.01,0.0573970896441088));
#3205=CARTESIAN_POINT('',(-0.0417161517891708,-0.01,0.0573638854752925));
#3206=CARTESIAN_POINT('',(-0.0416050718020794,-0.01,0.0573154059714352));
#3207=CARTESIAN_POINT('',(-0.0414942162756745,-0.0100000000000003,0.0572665381108811));
#3208=CARTESIAN_POINT('',(-0.0413836002973005,-0.009999999999999,0.057217274639413));
#3209=CARTESIAN_POINT('',(-0.0408134667593197,-0.0099999999999925,0.0569633623412602));
#3210=CARTESIAN_POINT('',(-0.0402496958412692,-0.0099999999997952,0.0566989439668096));
#3211=CARTESIAN_POINT('',(-0.0396930548621667,-0.0099999999997556,0.0564221323607407));
#3212=CARTESIAN_POINT('',(-0.0394798443152824,-0.0099999999997404,0.0563161050358947));
#3213=CARTESIAN_POINT('',(-0.0392676799638655,-0.0099999999997746,0.0562082589917703));
#3214=CARTESIAN_POINT('',(-0.0390566055541509,-0.0099999999998483,0.0560984861389723));
#3215=CARTESIAN_POINT('',(-0.038893725878988,-0.0099999999999052,0.0560137777812438));
#3216=CARTESIAN_POINT('',(-0.0387315034126903,-0.0099999999999362,0.0559279184214259));
#3217=CARTESIAN_POINT('',(-0.0385699684085405,-0.0099999999999563,0.0558408621882574));
#3218=CARTESIAN_POINT('',(-0.0381113011222239,-0.0100000000000135,0.0555936721353368));
#3219=CARTESIAN_POINT('',(-0.0376581768515317,-0.0099999999999995,0.055336831834363));
#3220=CARTESIAN_POINT('',(-0.0372113737774803,-0.01,0.0550689532047604));
#3221=CARTESIAN_POINT('',(-0.0369759474382097,-0.01,0.0549278044777287));
#3222=CARTESIAN_POINT('',(-0.0367422760022356,-0.01,0.0547835912381837));
#3223=CARTESIAN_POINT('',(-0.0365105248843673,-0.01,0.0546361280006984));
#3224=CARTESIAN_POINT('',(-0.0363024475039953,-0.01,0.0545037283625032));
#3225=CARTESIAN_POINT('',(-0.0360958741927094,-0.0099999999999991,0.0543686709586571));
#3226=CARTESIAN_POINT('',(-0.0358909266554237,-0.0099999999999776,0.0542308271545652));
#3227=CARTESIAN_POINT('',(-0.0356888503659996,-0.0099999999999563,0.0540949144970145));
#3228=CARTESIAN_POINT('',(-0.0354883546342959,-0.0099999999999133,0.0539562929789899));
#3229=CARTESIAN_POINT('',(-0.0352894676193063,-0.0099999999999025,0.0538147125736853));
#3230=CARTESIAN_POINT('',(-0.0350619892891138,-0.00999999999989,0.0536527790548563));
#3231=CARTESIAN_POINT('',(-0.0348368244038151,-0.0099999999999563,0.0534871326119767));
#3232=CARTESIAN_POINT('',(-0.0346139096771699,-0.0099999999999816,0.0533173123633055));
#3233=CARTESIAN_POINT('',(-0.0344442611604789,-0.0100000000000008,0.0531880712237688));
#3234=CARTESIAN_POINT('',(-0.0342759161423759,-0.01,0.0530564125354163));
#3235=CARTESIAN_POINT('',(-0.0341092330301305,-0.01,0.0529224546742615));
#3236=CARTESIAN_POINT('',(-0.0338652505417582,-0.01,0.052726373788434));
#3237=CARTESIAN_POINT('',(-0.0336244362206841,-0.0099999999999625,0.0525250325373249));
#3238=CARTESIAN_POINT('',(-0.0333883133473658,-0.0099999999999085,0.052319152179761));
#3239=CARTESIAN_POINT('',(-0.0332511597886864,-0.0099999999998771,0.0521995651897111));
#3240=CARTESIAN_POINT('',(-0.0331155887005932,-0.0099999999998768,0.0520784476036498));
#3241=CARTESIAN_POINT('',(-0.0329816903050324,-0.009999999999929,0.0519558142939057));
#3242=CARTESIAN_POINT('',(-0.0327417781776333,-0.0100000000000225,0.0517360863568569));
#3243=CARTESIAN_POINT('',(-0.0325074998656038,-0.0099999999999994,0.051511663128235));
#3244=CARTESIAN_POINT('',(-0.0322788615237552,-0.01,0.0512821568371223));
#3245=CARTESIAN_POINT('',(-0.0322656329173726,-0.01,0.0512688780127443));
#3246=CARTESIAN_POINT('',(-0.0322524232016048,-0.01,0.0512555821621859));
#3247=CARTESIAN_POINT('',(-0.0322392323815318,-0.01,0.0512422692065126));
#3248=CARTESIAN_POINT('',(-0.0321341077145267,-0.01,0.051136171175893));
#3249=CARTESIAN_POINT('',(-0.0320301830283946,-0.01,0.0510289868872419));
#3250=CARTESIAN_POINT('',(-0.0319274666031427,-0.01,0.0509206726581196));
#3251=CARTESIAN_POINT('',(-0.0316699811610657,-0.01,0.0506491548643454));
#3252=CARTESIAN_POINT('',(-0.0314200767352727,-0.010000000000005,0.0503705243460862));
#3253=CARTESIAN_POINT('',(-0.0311782141569838,-0.0099999999999949,0.0500843647270389));
#3254=CARTESIAN_POINT('',(-0.0311022395638167,-0.0099999999999918,0.0499944754155473));
#3255=CARTESIAN_POINT('',(-0.0310270585592277,-0.0099999999999865,0.0499038431415155));
#3256=CARTESIAN_POINT('',(-0.0309526844277447,-0.0099999999999741,0.0498124459212579));
#3257=CARTESIAN_POINT('',(-0.0307231797137232,-0.0099999999999358,0.0495304111266414));
#3258=CARTESIAN_POINT('',(-0.0305014835158343,-0.0099999999999886,0.0492413101190716));
#3259=CARTESIAN_POINT('',(-0.030288103470457,-0.0099999999999973,0.0489446934383844));
#3260=CARTESIAN_POINT('',(-0.0302627836300237,-0.0099999999999983,0.0489094966747341));
#3261=CARTESIAN_POINT('',(-0.0302375808493873,-0.009999999999999,0.0488741941372629));
#3262=CARTESIAN_POINT('',(-0.0302124959480276,-0.0099999999999994,0.0488387851162198));
#3263=CARTESIAN_POINT('',(-0.030162383842644,-0.01,0.0487680485177935));
#3264=CARTESIAN_POINT('',(-0.030112742186286,-0.01,0.048696886969662));
#3265=CARTESIAN_POINT('',(-0.0300636197686556,-0.01,0.0486253630178362));
#3266=CARTESIAN_POINT('',(-0.0299631742112058,-0.01,0.0484791107859893));
#3267=CARTESIAN_POINT('',(-0.0298647405280714,-0.0099999999999963,0.0483311047662945));
#3268=CARTESIAN_POINT('',(-0.0297687948833445,-0.0099999999999943,0.0481819676719844));
#3269=CARTESIAN_POINT('',(-0.0297305649554445,-0.0099999999999935,0.0481225433971369));
#3270=CARTESIAN_POINT('',(-0.0296927299301761,-0.0099999999999942,0.0480629396729778));
#3271=CARTESIAN_POINT('',(-0.0296552916136848,-0.0099999999999963,0.0480031607950144));
#3272=CARTESIAN_POINT('',(-0.0295529187254774,-0.0100000000000021,0.0478396989472487));
#3273=CARTESIAN_POINT('',(-0.0294536195175731,-0.01,0.0476750668363966));
#3274=CARTESIAN_POINT('',(-0.029357281757205,-0.01,0.0475091095113749));
#3275=CARTESIAN_POINT('',(-0.0293299684473774,-0.0099999999999998,0.047462057931401));
#3276=CARTESIAN_POINT('',(-0.0293028932749598,-0.0099999999999997,0.0474148997881231));
#3277=CARTESIAN_POINT('',(-0.0292760552990566,-0.0099999999999995,0.0473676325106732));
#3278=CARTESIAN_POINT('',(-0.0290567503055886,-0.0099999999999976,0.0469813906416968));
#3279=CARTESIAN_POINT('',(-0.0288532412332877,-0.0099999999999974,0.0465878092358844));
#3280=CARTESIAN_POINT('',(-0.0286658805843228,-0.0099999999999989,0.0461869062026537));
#3281=CARTESIAN_POINT('',(-0.0286552003161891,-0.009999999999999,0.0461640532080992));
#3282=CARTESIAN_POINT('',(-0.0286445725085976,-0.009999999999999,0.0461411764286286));
#3283=CARTESIAN_POINT('',(-0.0286339972222206,-0.0099999999999991,0.0461182758698283));
#3284=CARTESIAN_POINT('',(-0.0286245293480068,-0.0099999999999992,0.0460977733886265));
#3285=CARTESIAN_POINT('',(-0.0286151035712031,-0.0099999999999993,0.0460772518475426));
#3286=CARTESIAN_POINT('',(-0.028605719959721,-0.0099999999999993,0.0460567112824012));
#3287=CARTESIAN_POINT('',(-0.0284174386647575,-0.0100000000000006,0.0456445667459955));
#3288=CARTESIAN_POINT('',(-0.0282461269420789,-0.0100000000000004,0.0452247504372764));
#3289=CARTESIAN_POINT('',(-0.0280922156430623,-0.0099999999999996,0.0447972400487961));
#3290=CARTESIAN_POINT('',(-0.0280795848520419,-0.0099999999999996,0.0447621562413664));
#3291=CARTESIAN_POINT('',(-0.0280670712748668,-0.0099999999999995,0.0447270206047542));
#3292=CARTESIAN_POINT('',(-0.0280546751641221,-0.0099999999999994,0.0446918331204155));
#3293=CARTESIAN_POINT('',(-0.0280516863965676,-0.0099999999999994,0.0446833492327119));
#3294=CARTESIAN_POINT('',(-0.0280487044569145,-0.0099999999999993,0.0446748623022048));
#3295=CARTESIAN_POINT('',(-0.0280457293511532,-0.0099999999999993,0.0446663723386536));
#3296=CARTESIAN_POINT('',(-0.0279673541526303,-0.0099999999999985,0.0444427155572918));
#3297=CARTESIAN_POINT('',(-0.0278937238877744,-0.0099999999999914,0.0442169530708916));
#3298=CARTESIAN_POINT('',(-0.0278248431421005,-0.0099999999999971,0.0439887271336194));
#3299=CARTESIAN_POINT('',(-0.0278176346756463,-0.0099999999999977,0.043964842969813));
#3300=CARTESIAN_POINT('',(-0.0278104791792099,-0.0099999999999981,0.0439409342850167));
#3301=CARTESIAN_POINT('',(-0.027803376291815,-0.0099999999999984,0.0439169995359785));
#3302=CARTESIAN_POINT('',(-0.0277517741544042,-0.010000000000001,0.043743114728281));
#3303=CARTESIAN_POINT('',(-0.0277029447250945,-0.0100000000000002,0.0435678558460955));
#3304=CARTESIAN_POINT('',(-0.0276570582674253,-0.0099999999999997,0.0433918316920572));
#3305=CARTESIAN_POINT('',(-0.0276466157437377,-0.0099999999999996,0.0433517733286206));
#3306=CARTESIAN_POINT('',(-0.0276363258421202,-0.0099999999999994,0.0433116752823777));
#3307=CARTESIAN_POINT('',(-0.0276261909519111,-0.009999999999999,0.0432715447001618));
#3308=CARTESIAN_POINT('',(-0.0276161400393461,-0.0099999999999987,0.0432317466397282));
#3309=CARTESIAN_POINT('',(-0.0276062396011095,-0.0099999999999984,0.043191909497705));
#3310=CARTESIAN_POINT('',(-0.0275964936245936,-0.0099999999999981,0.0431520458888272));
#3311=CARTESIAN_POINT('',(-0.0275472845931798,-0.0099999999999964,0.0429507679996051));
#3312=CARTESIAN_POINT('',(-0.0275020157433439,-0.0099999999999971,0.0427488147123103));
#3313=CARTESIAN_POINT('',(-0.027460704023328,-0.0099999999999989,0.0425466960406124));
#3314=CARTESIAN_POINT('',(-0.0274495955173865,-0.0099999999999994,0.0424923473844786));
#3315=CARTESIAN_POINT('',(-0.0274387728069009,-0.0099999999999996,0.0424379837904581));
#3316=CARTESIAN_POINT('',(-0.0274282350090777,-0.0099999999999998,0.0423836101815661));
#3317=CARTESIAN_POINT('',(-0.0273918219662322,-0.0100000000000002,0.042195723814466));
#3318=CARTESIAN_POINT('',(-0.0273588102134815,-0.01,0.042007718057483));
#3319=CARTESIAN_POINT('',(-0.027329114139397,-0.01,0.0418194341399979));
#3320=CARTESIAN_POINT('',(-0.0273184940028686,-0.01,0.0417520986092437));
#3321=CARTESIAN_POINT('',(-0.0273082987685799,-0.0099999999999998,0.041684732670788));
#3322=CARTESIAN_POINT('',(-0.0272985251838345,-0.0099999999999998,0.0416173329846941));
#3323=CARTESIAN_POINT('',(-0.0272616527431461,-0.0099999999999996,0.0413630566886716));
#3324=CARTESIAN_POINT('',(-0.0272307824667415,-0.0099999999999994,0.041108299914858));
#3325=CARTESIAN_POINT('',(-0.027205812793158,-0.0099999999999994,0.0408531282406521));
#3326=CARTESIAN_POINT('',(-0.0271896755792347,-0.0099999999999995,0.0406882177991897));
#3327=CARTESIAN_POINT('',(-0.0271760026281432,-0.0099999999999996,0.040523134125669));
#3328=CARTESIAN_POINT('',(-0.0271647681879068,-0.0099999999999998,0.0403578774470118));
#3329=CARTESIAN_POINT('',(-0.0271587220973798,-0.01,0.0402689404979212));
#3330=CARTESIAN_POINT('',(-0.0271533825164454,-0.01,0.0401799552091916));
#3331=CARTESIAN_POINT('',(-0.0271487451086085,-0.01,0.0400909207832442));
#3332=CARTESIAN_POINT('',(-0.027135565953469,-0.01,0.0398378918167217));
#3333=CARTESIAN_POINT('',(-0.0271280583041891,-0.01,0.0395844659995534));
#3334=CARTESIAN_POINT('',(-0.0271261454646931,-0.01,0.0393306437867476));
#3335=CARTESIAN_POINT('',(-0.0271250325508446,-0.01,0.0391829668612768));
#3336=CARTESIAN_POINT('',(-0.0271258134052957,-0.01,0.0390351557512768));
#3337=CARTESIAN_POINT('',(-0.0271284756988469,-0.01,0.0388872097585416));
#3338=CARTESIAN_POINT('',(-0.0271303637822263,-0.0099999999999998,0.0387822873055619));
#3339=CARTESIAN_POINT('',(-0.0271331978861831,-0.0099999999999998,0.0386772971358491));
#3340=CARTESIAN_POINT('',(-0.0271369734769903,-0.0099999999999998,0.0385722395611327));
#3341=CARTESIAN_POINT('',(-0.0271460230752569,-0.0099999999999998,0.0383204302696601));
#3342=CARTESIAN_POINT('',(-0.0271604818733593,-0.01,0.0380682337468288));
#3343=CARTESIAN_POINT('',(-0.0271802989131471,-0.01,0.0378156561380666));
#3344=CARTESIAN_POINT('',(-0.0271852365119185,-0.01,0.0377527240904923));
#3345=CARTESIAN_POINT('',(-0.0271905067251179,-0.01,0.0376897683842499));
#3346=CARTESIAN_POINT('',(-0.027196108901692,-0.01,0.0376267891228005));
#3347=CARTESIAN_POINT('',(-0.027201703626278,-0.01,0.0375638936360601));
#3348=CARTESIAN_POINT('',(-0.0272076294316929,-0.01,0.0375009746567393));
#3349=CARTESIAN_POINT('',(-0.027213885614275,-0.01,0.0374380322843631));
#3350=CARTESIAN_POINT('',(-0.0272148916355855,-0.01,0.0374279108777208));
#3351=CARTESIAN_POINT('',(-0.0272159061997585,-0.01,0.037417788866179));
#3352=CARTESIAN_POINT('',(-0.0272169293046863,-0.01,0.0374076662501974));
#3353=CARTESIAN_POINT('',(-0.0306742016053305,-0.00999999999994019,0.0494617357984232));
#3354=CARTESIAN_POINT('',(-0.0306742016053305,-0.00999999999994019,0.0494617357984232));
#3355=CARTESIAN_POINT('',(-0.031606940756573,-0.00999999879615587,0.0502443968762153));
#3356=CARTESIAN_POINT('',(-0.0325396461878803,-0.00998560112339086,0.0510270296596223));
#3357=CARTESIAN_POINT('',(-0.0334723815478185,-0.00998256218897973,0.0518096875561325));
#3358=CARTESIAN_POINT('',(-0.0334723815478185,-0.00998256218897972,0.0518096875561325));
#3359=CARTESIAN_POINT('',(-0.0334723815478185,-0.00998256218897973,0.0518096875561325));
#3360=CARTESIAN_POINT('',(-0.0336756608366724,-0.00998189988705305,0.0519802591324358));
#3361=CARTESIAN_POINT('',(-0.0340088121572697,-0.00996346650324361,0.0519482563635717));
#3362=CARTESIAN_POINT('',(-0.0341767975742212,-0.00991776030366361,0.0517480591394163));
#3363=CARTESIAN_POINT('',(-0.0341767975742212,-0.00991776030366361,0.0517480591394163));
#3364=CARTESIAN_POINT('',(-0.036105160403281,-0.00832985892221666,0.0494499258100592));
#3365=CARTESIAN_POINT('',(-0.0355929664860364,-0.00915110922021243,0.0500603347510404));
#3366=CARTESIAN_POINT('',(-0.0349083298586925,-0.00971872183234854,0.050876252911299));
#3367=CARTESIAN_POINT('',(-0.0341767975742212,-0.0099177603036636,0.0517480591394163));
#3368=CARTESIAN_POINT('',(-0.036105160403281,-0.00832985892221666,0.0494499258100592));
#3369=CARTESIAN_POINT('',(-0.0361051604032809,-0.00832985892221666,0.0494499258100594));
#3370=CARTESIAN_POINT('',(-0.0361803806058619,-0.00820925105924688,0.0493602818633978));
#3371=CARTESIAN_POINT('',(-0.0362673923620756,-0.00796590658819059,0.049152213238856));
#3372=CARTESIAN_POINT('',(-0.0361733810303528,-0.00774365014828072,0.048854466068408));
#3373=CARTESIAN_POINT('',(-0.0360435319865646,-0.00775251323563477,0.0487455097836566));
#3374=CARTESIAN_POINT('',(-0.0360435319865646,-0.00775251323563475,0.0487455097836566));
#3375=CARTESIAN_POINT('',(-0.0272658930911994,-0.00999999999999931,0.0413801962239484));
#3376=CARTESIAN_POINT('',(-0.0287656852476804,-0.0099999993375438,0.0426386712692942));
#3377=CARTESIAN_POINT('',(-0.0316876664307394,-0.00903291406134057,0.0450905046023058));
#3378=CARTESIAN_POINT('',(-0.0345458819485884,-0.00785473811712107,0.0474888321891581));
#3379=CARTESIAN_POINT('',(-0.0360435319865646,-0.00775251323563478,0.0487455097836566));
#3380=CARTESIAN_POINT('',(-0.0272658930911995,-0.01,0.0413801962239483));
#3381=CARTESIAN_POINT('',(-0.0738368863346965,-0.01,0.0885367383988059));
#3382=CARTESIAN_POINT('',(-0.0740199243547311,-0.01,0.088369731908966));
#3383=CARTESIAN_POINT('',(-0.0742024204180655,-0.01,0.0882022021996723));
#3384=CARTESIAN_POINT('',(-0.0743843494090711,-0.01,0.0880341259373591));
#3385=CARTESIAN_POINT('',(-0.0747619142716094,-0.01,0.087685310223462));
#3386=CARTESIAN_POINT('',(-0.075137036611039,-0.01,0.0873341403577711));
#3387=CARTESIAN_POINT('',(-0.0755094507301564,-0.01,0.0869803647800838));
#3388=CARTESIAN_POINT('',(-0.0756620626073232,-0.01,0.0868353908055885));
#3389=CARTESIAN_POINT('',(-0.0758142197172652,-0.01,0.0866899792789871));
#3390=CARTESIAN_POINT('',(-0.0759659003580915,-0.01,0.0865441091140697));
#3391=CARTESIAN_POINT('',(-0.0761846194244742,-0.01,0.0863337685847179));
#3392=CARTESIAN_POINT('',(-0.0764023474182673,-0.01,0.086122474471036));
#3393=CARTESIAN_POINT('',(-0.0766190207158112,-0.01,0.0859101630820515));
#3394=CARTESIAN_POINT('',(-0.0769862363736026,-0.01,0.0855503399416537));
#3395=CARTESIAN_POINT('',(-0.0773504224640009,-0.0100000000000004,0.0851875947246816));
#3396=CARTESIAN_POINT('',(-0.0777111974020165,-0.009999999999998,0.0848215496545003));
#3397=CARTESIAN_POINT('',(-0.0778190092648336,-0.0099999999999972,0.0847121628963504));
#3398=CARTESIAN_POINT('',(-0.0779265165225628,-0.0099999999999962,0.0846024814715634));
#3399=CARTESIAN_POINT('',(-0.0780337068815446,-0.0099999999999944,0.0844924922155404));
#3400=CARTESIAN_POINT('',(-0.0782855148527922,-0.0099999999999902,0.0842341091698892));
#3401=CARTESIAN_POINT('',(-0.0785355662868371,-0.0099999999999815,0.0839740344164213));
#3402=CARTESIAN_POINT('',(-0.0787836940394744,-0.0099999999999736,0.0837121030426247));
#3403=CARTESIAN_POINT('',(-0.0791378088738543,-0.0099999999999623,0.0833382884085701));
#3404=CARTESIAN_POINT('',(-0.0794880053163561,-0.0099999999999612,0.082960691951981));
#3405=CARTESIAN_POINT('',(-0.0798336141998055,-0.0099999999999803,0.0825787593621634));
#3406=CARTESIAN_POINT('',(-0.0798974301405001,-0.0099999999999839,0.0825082363268238));
#3407=CARTESIAN_POINT('',(-0.0799610896868178,-0.0099999999999877,0.0824375654715792));
#3408=CARTESIAN_POINT('',(-0.0800245886465104,-0.0099999999999912,0.08236674055718));
#3409=CARTESIAN_POINT('',(-0.0803053975537909,-0.0100000000000065,0.0820535343736934));
#3410=CARTESIAN_POINT('',(-0.0805830565208958,-0.0099999999999992,0.0817373559272532));
#3411=CARTESIAN_POINT('',(-0.0808572524047439,-0.0099999999999995,0.08141759715907));
#3412=CARTESIAN_POINT('',(-0.0808996001280022,-0.0099999999999995,0.0813682125525822));
#3413=CARTESIAN_POINT('',(-0.0809418652422241,-0.0099999999999996,0.0813187425461066));
#3414=CARTESIAN_POINT('',(-0.0809840444925769,-0.0099999999999997,0.0812691859677493));
#3415=CARTESIAN_POINT('',(-0.0812771429776393,-0.0100000000000003,0.08092482332688));
#3416=CARTESIAN_POINT('',(-0.0815661423316326,-0.0100000000000007,0.0805762306680572));
#3417=CARTESIAN_POINT('',(-0.0818496792562549,-0.0099999999999992,0.0802233946974935));
#3418=CARTESIAN_POINT('',(-0.0818711413125349,-0.0099999999999991,0.080196687116222));
#3419=CARTESIAN_POINT('',(-0.0818925720919292,-0.009999999999999,0.0801699552388233));
#3420=CARTESIAN_POINT('',(-0.0819139703418264,-0.0099999999999988,0.0801431997600371));
#3421=CARTESIAN_POINT('',(-0.0820544310352568,-0.0099999999999978,0.0799675735699778));
#3422=CARTESIAN_POINT('',(-0.0821935802909251,-0.0099999999999982,0.0797908119418197));
#3423=CARTESIAN_POINT('',(-0.0823310986496489,-0.0099999999999988,0.0796130599448572));
#3424=CARTESIAN_POINT('',(-0.0824895271002451,-0.0099999999999996,0.0794082802068609));
#3425=CARTESIAN_POINT('',(-0.0826457910029391,-0.01,0.0792021861130837));
#3426=CARTESIAN_POINT('',(-0.0827997448856061,-0.0099999999999997,0.0789945090551549));
#3427=CARTESIAN_POINT('',(-0.0828014701109228,-0.0099999999999997,0.0789921818016175));
#3428=CARTESIAN_POINT('',(-0.0828031950461367,-0.0099999999999997,0.0789898543492778));
#3429=CARTESIAN_POINT('',(-0.0828049196908168,-0.0099999999999997,0.07898752669788));
#3430=CARTESIAN_POINT('',(-0.0829570960992455,-0.0099999999999994,0.078782143157787));
#3431=CARTESIAN_POINT('',(-0.0831069377313169,-0.0099999999999997,0.0785753003413049));
#3432=CARTESIAN_POINT('',(-0.0832541664694895,-0.0099999999999989,0.0783668092846065));
#3433=CARTESIAN_POINT('',(-0.0833867506284068,-0.0099999999999981,0.0781790564604144));
#3434=CARTESIAN_POINT('',(-0.083517215849768,-0.0099999999999991,0.0779899669843259));
#3435=CARTESIAN_POINT('',(-0.0836453200123349,-0.0099999999999826,0.0777993412565966));
#3436=CARTESIAN_POINT('',(-0.0836611049699847,-0.0099999999999806,0.0777758524098733));
#3437=CARTESIAN_POINT('',(-0.0836768538607923,-0.0099999999999785,0.0777523402653443));
#3438=CARTESIAN_POINT('',(-0.0836925662016357,-0.0099999999999766,0.0777288044892717));
#3439=CARTESIAN_POINT('',(-0.0838357859400728,-0.009999999999959,0.0775142732665437));
#3440=CARTESIAN_POINT('',(-0.0839759689701738,-0.0099999999999564,0.0772977786678311));
#3441=CARTESIAN_POINT('',(-0.0841126285846336,-0.0099999999999677,0.0770790043048769));
#3442=CARTESIAN_POINT('',(-0.0842177639677979,-0.0099999999999764,0.0769106961579046));
#3443=CARTESIAN_POINT('',(-0.0843208139835081,-0.0099999999999899,0.076741038707269));
#3444=CARTESIAN_POINT('',(-0.0844214695498487,-0.0099999999999962,0.0765698289179035));
#3445=CARTESIAN_POINT('',(-0.0844516383339705,-0.0099999999999981,0.0765185134133298));
#3446=CARTESIAN_POINT('',(-0.0844815924456696,-0.0099999999999988,0.0764670588087655));
#3447=CARTESIAN_POINT('',(-0.0845113226938815,-0.0099999999999992,0.0764154610879519));
#3448=CARTESIAN_POINT('',(-0.0845757864748597,-0.0100000000000002,0.0763035822987201));
#3449=CARTESIAN_POINT('',(-0.0846391976811592,-0.0100000000000002,0.0761910305990132));
#3450=CARTESIAN_POINT('',(-0.0847014335158606,-0.0099999999999991,0.0760777486050912));
#3451=CARTESIAN_POINT('',(-0.0847274444783748,-0.0099999999999986,0.0760304033142058));
#3452=CARTESIAN_POINT('',(-0.0847532501475877,-0.0099999999999978,0.0759829304681859));
#3453=CARTESIAN_POINT('',(-0.0847788402780463,-0.0099999999999961,0.0759353243298308));
#3454=CARTESIAN_POINT('',(-0.0848144963187904,-0.0099999999999937,0.0758689922565494));
#3455=CARTESIAN_POINT('',(-0.0848497324076868,-0.0099999999999899,0.075802402778125));
#3456=CARTESIAN_POINT('',(-0.0848845292533855,-0.0099999999999865,0.0757355228862772));
#3457=CARTESIAN_POINT('',(-0.0849442846857549,-0.0099999999999806,0.0756206723366385));
#3458=CARTESIAN_POINT('',(-0.0850027452628954,-0.0099999999999771,0.0755049656234092));
#3459=CARTESIAN_POINT('',(-0.0850597597957644,-0.0099999999999837,0.0753882389714479));
#3460=CARTESIAN_POINT('',(-0.0850766790389874,-0.0099999999999857,0.0753535999677456));
#3461=CARTESIAN_POINT('',(-0.0850934708849797,-0.0099999999999883,0.0753188711156321));
#3462=CARTESIAN_POINT('',(-0.0851101309362786,-0.0099999999999911,0.0752840441915562));
#3463=CARTESIAN_POINT('',(-0.0851495806223619,-0.0099999999999978,0.0752015767851004));
#3464=CARTESIAN_POINT('',(-0.0851882436652447,-0.0099999999999987,0.0751186696426329));
#3465=CARTESIAN_POINT('',(-0.0852260674715303,-0.009999999999999,0.0750352181215901));
#3466=CARTESIAN_POINT('',(-0.085279910919335,-0.0099999999999995,0.0749164221023966));
#3467=CARTESIAN_POINT('',(-0.0853320540521444,-0.0100000000000024,0.0747965233304014));
#3468=CARTESIAN_POINT('',(-0.0853819547256675,-0.0099999999999854,0.0746759585369784));
#3469=CARTESIAN_POINT('',(-0.0853907389151133,-0.0099999999999824,0.074654735096268));
#3470=CARTESIAN_POINT('',(-0.0853994535941206,-0.0099999999999786,0.074633491003365));
#3471=CARTESIAN_POINT('',(-0.0854080968452485,-0.0099999999999737,0.0746122249567346));
#3472=CARTESIAN_POINT('',(-0.0854485476853477,-0.0099999999999506,0.0745126988132666));
#3473=CARTESIAN_POINT('',(-0.085487430701313,-0.0099999999999243,0.0744126793270598));
#3474=CARTESIAN_POINT('',(-0.0855245246757563,-0.0099999999999212,0.0743120870975581));
#3475=CARTESIAN_POINT('',(-0.0855470282938438,-0.0099999999999193,0.074251061307002));
#3476=CARTESIAN_POINT('',(-0.0855688734902684,-0.0099999999999254,0.0741898247307373));
#3477=CARTESIAN_POINT('',(-0.0855899877514356,-0.0099999999999377,0.0741283624333334));
#3478=CARTESIAN_POINT('',(-0.0856111006950454,-0.00999999999995,0.0740669039712567));
#3479=CARTESIAN_POINT('',(-0.0856314827900459,-0.0099999999999686,0.0740052198139718));
#3480=CARTESIAN_POINT('',(-0.08565105024746,-0.0099999999999831,0.0739432865186879));
#3481=CARTESIAN_POINT('',(-0.0856532076002296,-0.0099999999999847,0.0739364582444117));
#3482=CARTESIAN_POINT('',(-0.0856553550509466,-0.0099999999999862,0.0739296269418838));
#3483=CARTESIAN_POINT('',(-0.0856574924536309,-0.0099999999999876,0.073922792572002));
#3484=CARTESIAN_POINT('',(-0.0856747421737378,-0.0099999999999993,0.0738676363918235));
#3485=CARTESIAN_POINT('',(-0.0856913424632846,-0.0099999999999991,0.073812280261464));
#3486=CARTESIAN_POINT('',(-0.0857072153106548,-0.0099999999999994,0.0737567075145556));
#3487=CARTESIAN_POINT('',(-0.0857248689861951,-0.0099999999999997,0.0736948998741292));
#3488=CARTESIAN_POINT('',(-0.0857416227916243,-0.0100000000000003,0.0736328242719241));
#3489=CARTESIAN_POINT('',(-0.0857573350857006,-0.0099999999999936,0.0735704446129985));
#3490=CARTESIAN_POINT('',(-0.085757504409718,-0.0099999999999936,0.0735697723766973));
#3491=CARTESIAN_POINT('',(-0.0857576736117528,-0.0099999999999935,0.0735691001039006));
#3492=CARTESIAN_POINT('',(-0.085757842691651,-0.0099999999999934,0.0735684277945171));
#3493=CARTESIAN_POINT('',(-0.0857737042740649,-0.0099999999999867,0.0735053576672537));
#3494=CARTESIAN_POINT('',(-0.0857884913680677,-0.0099999999999914,0.073441965768256));
#3495=CARTESIAN_POINT('',(-0.0858020159304293,-0.0099999999999949,0.0733781664332153));
#3496=CARTESIAN_POINT('',(-0.0858137535980062,-0.009999999999998,0.0733227964059777));
#3497=CARTESIAN_POINT('',(-0.0858245403517317,-0.0099999999999998,0.0732671195208167));
#3498=CARTESIAN_POINT('',(-0.0858341751785951,-0.009999999999997,0.0732110334321967));
#3499=CARTESIAN_POINT('',(-0.0858356339054449,-0.0099999999999966,0.0732025419165185));
#3500=CARTESIAN_POINT('',(-0.0858370657340243,-0.0099999999999962,0.0731940424496302));
#3501=CARTESIAN_POINT('',(-0.0858384699766528,-0.0099999999999959,0.0731855347605352));
#3502=CARTESIAN_POINT('',(-0.0858438088920664,-0.0099999999999947,0.073153188617839));
#3503=CARTESIAN_POINT('',(-0.0858487490313183,-0.0099999999999946,0.0731207236351959));
#3504=CARTESIAN_POINT('',(-0.0858532257262881,-0.0099999999999944,0.0730881527101667));
#3505=CARTESIAN_POINT('',(-0.0858577046837044,-0.0099999999999942,0.0730555653243385));
#3506=CARTESIAN_POINT('',(-0.085861719722683,-0.009999999999994,0.0730228719223352));
#3507=CARTESIAN_POINT('',(-0.0858651832591662,-0.0099999999999914,0.072990202309929));
#3508=CARTESIAN_POINT('',(-0.0858686485514964,-0.0099999999999889,0.0729575161355952));
#3509=CARTESIAN_POINT('',(-0.0858715617814702,-0.0099999999999849,0.0729248537406862));
#3510=CARTESIAN_POINT('',(-0.0858738300959899,-0.0099999999999682,0.0728921821571369));
#3511=CARTESIAN_POINT('',(-0.0858749534598973,-0.00999999999996,0.0728760018270123));
#3512=CARTESIAN_POINT('',(-0.0858759186526849,-0.0099999999999485,0.0728598192414484));
#3513=CARTESIAN_POINT('',(-0.0858767063622046,-0.00999999999993,0.072843635077125));
#3514=CARTESIAN_POINT('',(-0.0858775103169534,-0.0099999999999112,0.0728271171407063));
#3515=CARTESIAN_POINT('',(-0.0858781293116082,-0.0099999999998824,0.0728106083060577));
#3516=CARTESIAN_POINT('',(-0.0858785416955359,-0.0099999999998513,0.0727940954718343));
#3517=CARTESIAN_POINT('',(-0.085878949998085,-0.0099999999998204,0.072777746065728));
#3518=CARTESIAN_POINT('',(-0.0858791557851248,-0.0099999999997877,0.0727613927354433));
#3519=CARTESIAN_POINT('',(-0.085879126169794,-0.0099999999997712,0.0727450214784749));
#3520=CARTESIAN_POINT('',(-0.0858790966058631,-0.0099999999997547,0.0727286786351529));
#3521=CARTESIAN_POINT('',(-0.0858788325027981,-0.0099999999997564,0.0727123179240516));
#3522=CARTESIAN_POINT('',(-0.0858782886048188,-0.0099999999997867,0.0726959235297154));
#3523=CARTESIAN_POINT('',(-0.0858778827950086,-0.0099999999998093,0.0726836914451948));
#3524=CARTESIAN_POINT('',(-0.0858773212026932,-0.009999999999848,0.0726714406051929));
#3525=CARTESIAN_POINT('',(-0.0858765765387773,-0.0099999999998912,0.0726591689082484));
#3526=CARTESIAN_POINT('',(-0.0858763261716382,-0.0099999999999057,0.0726550429803093));
#3527=CARTESIAN_POINT('',(-0.0858760559275246,-0.0099999999999178,0.072650919804818));
#3528=CARTESIAN_POINT('',(-0.0858757649512727,-0.0099999999999279,0.0726467991993391));
#3529=CARTESIAN_POINT('',(-0.085874606239104,-0.0099999999999681,0.072630390314839));
#3530=CARTESIAN_POINT('',(-0.0858731188570153,-0.0099999999999787,0.0726140221720858));
#3531=CARTESIAN_POINT('',(-0.0858712065564449,-0.0099999999999799,0.0725976415535923));
#3532=CARTESIAN_POINT('',(-0.0858692894158508,-0.009999999999981,0.0725812194758306));
#3533=CARTESIAN_POINT('',(-0.085866945356283,-0.0099999999999784,0.0725647850273196));
#3534=CARTESIAN_POINT('',(-0.0858640363458155,-0.0099999999999231,0.0725484366697806));
#3535=CARTESIAN_POINT('',(-0.0858625811716103,-0.0099999999998954,0.0725402587314561));
#3536=CARTESIAN_POINT('',(-0.0858609845742469,-0.009999999999853,0.0725321022953626));
#3537=CARTESIAN_POINT('',(-0.0858592349510429,-0.0099999999997752,0.0725240120273209));
#3538=CARTESIAN_POINT('',(-0.0858574861379097,-0.0099999999996975,0.0725159255050515));
#3539=CARTESIAN_POINT('',(-0.0858555844459271,-0.0099999999995848,0.0725079050893544));
#3540=CARTESIAN_POINT('',(-0.0858535147240749,-0.0099999999994022,0.072499942297665));
#3541=CARTESIAN_POINT('',(-0.0858514471507675,-0.0099999999992198,0.0724919877720206));
#3542=CARTESIAN_POINT('',(-0.0858492118878948,-0.0099999999989679,0.0724840907377497));
#3543=CARTESIAN_POINT('',(-0.0858468085747252,-0.0099999999985928,0.0724762516588262));
#3544=CARTESIAN_POINT('',(-0.0858467777012137,-0.009999999998588,0.0724761509562226));
#3545=CARTESIAN_POINT('',(-0.0858467467999643,-0.0099999999985832,0.072476050263187));
#3546=CARTESIAN_POINT('',(-0.0858467158710038,-0.0099999999985783,0.0724759495797014));
#3547=CARTESIAN_POINT('',(-0.085844341516066,-0.0099999999982052,0.072468220308255));
#3548=CARTESIAN_POINT('',(-0.0858417982143779,-0.009999999997849,0.0724605533204584));
#3549=CARTESIAN_POINT('',(-0.0858391003737868,-0.0099999999975692,0.0724529442516804));
#3550=CARTESIAN_POINT('',(-0.0858336360224055,-0.0099999999970025,0.0724375324346787));
#3551=CARTESIAN_POINT('',(-0.0858275375800985,-0.0099999999967751,0.0724223585104536));
#3552=CARTESIAN_POINT('',(-0.0858209656375814,-0.0099999999968793,0.0724073764129479));
#3553=CARTESIAN_POINT('',(-0.0858143895824266,-0.0099999999969836,0.0723923849398367));
#3554=CARTESIAN_POINT('',(-0.0858073395204361,-0.0099999999973915,0.0723775853975881));
#3555=CARTESIAN_POINT('',(-0.0857999307279265,-0.0099999999978522,0.0723629387415763));
#3556=CARTESIAN_POINT('',(-0.0857925081812582,-0.0099999999983137,0.0723482648945708));
#3557=CARTESIAN_POINT('',(-0.0857847256045518,-0.0099999999988139,0.0723337444644521));
#3558=CARTESIAN_POINT('',(-0.0857766704151334,-0.0099999999991788,0.072319373777086));
#3559=CARTESIAN_POINT('',(-0.0857745334414629,-0.0099999999992757,0.0723155613551884));
#3560=CARTESIAN_POINT('',(-0.0857723772814149,-0.009999999999364,0.0723117594658001));
#3561=CARTESIAN_POINT('',(-0.0857702037275482,-0.0099999999994427,0.0723079689499039));
#3562=CARTESIAN_POINT('',(-0.0857641723950017,-0.0099999999996613,0.0722974507556034));
#3563=CARTESIAN_POINT('',(-0.0857579964296614,-0.0099999999997757,0.0722869955716502));
#3564=CARTESIAN_POINT('',(-0.0857517091560041,-0.0099999999998475,0.0722766214924115));
#3565=CARTESIAN_POINT('',(-0.0857431723577845,-0.0099999999999449,0.0722625356698429));
#3566=CARTESIAN_POINT('',(-0.0857344303652473,-0.0099999999999657,0.0722485994407332));
#3567=CARTESIAN_POINT('',(-0.0857255070911954,-0.0099999999999768,0.0722347787231529));
#3568=CARTESIAN_POINT('',(-0.0857076963826247,-0.009999999999999,0.0722071927976703));
#3569=CARTESIAN_POINT('',(-0.0856891629484429,-0.0100000000000091,0.0721800671785344));
#3570=CARTESIAN_POINT('',(-0.0856700801599635,-0.0099999999998692,0.0721533321028071));
#3571=CARTESIAN_POINT('',(-0.085669862958091,-0.0099999999998676,0.0721530278019699));
#3572=CARTESIAN_POINT('',(-0.0856696456851394,-0.009999999999866,0.0721527235516939));
#3573=CARTESIAN_POINT('',(-0.0856694283412703,-0.0099999999998644,0.0721524193519289));
#3574=CARTESIAN_POINT('',(-0.0856505544185306,-0.0099999999997219,0.0721260029506466));
#3575=CARTESIAN_POINT('',(-0.0856311456891129,-0.0099999999995457,0.0721000064726608));
#3576=CARTESIAN_POINT('',(-0.0856112973028862,-0.009999999999461,0.0720743597797076));
#3577=CARTESIAN_POINT('',(-0.0855911994253212,-0.0099999999993753,0.0720483907115411));
#3578=CARTESIAN_POINT('',(-0.0855706507292894,-0.0099999999993733,0.0720227802653816));
#3579=CARTESIAN_POINT('',(-0.0855497042812059,-0.009999999999428,0.0719974614035409));
#3580=CARTESIAN_POINT('',(-0.0855287398026692,-0.0099999999994826,0.0719721207475253));
#3581=CARTESIAN_POINT('',(-0.085507376893654,-0.0099999999995875,0.0719470722060924));
#3582=CARTESIAN_POINT('',(-0.0854857171754369,-0.0099999999996839,0.0719223333513642));
#3583=CARTESIAN_POINT('',(-0.085469028183486,-0.0099999999997582,0.0719032718592757));
#3584=CARTESIAN_POINT('',(-0.0854521629517119,-0.0099999999998271,0.0718843942130089));
#3585=CARTESIAN_POINT('',(-0.0854351428694064,-0.0099999999998774,0.0718656908719679));
#3586=CARTESIAN_POINT('',(-0.0854079659035913,-0.0099999999999577,0.0718358261479921));
#3587=CARTESIAN_POINT('',(-0.0853803709201733,-0.0099999999999775,0.0718063745953388));
#3588=CARTESIAN_POINT('',(-0.0853524478410837,-0.0099999999999884,0.071777314878544));
#3589=CARTESIAN_POINT('',(-0.085307084599415,-0.0100000000000062,0.0717301050793829));
#3590=CARTESIAN_POINT('',(-0.0852608552808693,-0.01,0.0716839296802548));
#3591=CARTESIAN_POINT('',(-0.0852138917013327,-0.0099999999999996,0.071638608350653));
#3592=CARTESIAN_POINT('',(-0.0852015014105658,-0.0099999999999995,0.0716266513308251));
#3593=CARTESIAN_POINT('',(-0.085189060038427,-0.0099999999999994,0.0716147537339497));
#3594=CARTESIAN_POINT('',(-0.0851765701166048,-0.0099999999999991,0.0716029140693827));
#3595=CARTESIAN_POINT('',(-0.0851417220906493,-0.0099999999999985,0.0715698803207326));
#3596=CARTESIAN_POINT('',(-0.0851064997693202,-0.0099999999999985,0.0715373040453107));
#3597=CARTESIAN_POINT('',(-0.085070945878626,-0.0099999999999988,0.0715051351674424));
#3598=CARTESIAN_POINT('',(-0.0850226330247883,-0.0099999999999991,0.0714614220810762));
#3599=CARTESIAN_POINT('',(-0.0849737079590523,-0.01,0.0714184612299181));
#3600=CARTESIAN_POINT('',(-0.084924236199822,-0.0099999999999983,0.071376147343843));
#3601=CARTESIAN_POINT('',(-0.0849171633416043,-0.009999999999998,0.0713700978295037));
#3602=CARTESIAN_POINT('',(-0.0849100793069711,-0.0099999999999977,0.0713640615405416));
#3603=CARTESIAN_POINT('',(-0.0849029842544635,-0.0099999999999973,0.0713580382347899));
#3604=CARTESIAN_POINT('',(-0.0848604519411591,-0.0099999999999949,0.071321930661648));
#3605=CARTESIAN_POINT('',(-0.0848175234190186,-0.00999999999999,0.0712862924970112));
#3606=CARTESIAN_POINT('',(-0.0847742372112051,-0.0099999999999829,0.071251079227038));
#3607=CARTESIAN_POINT('',(-0.0846732333792569,-0.0099999999999663,0.0711689127499456));
#3608=CARTESIAN_POINT('',(-0.0845702819891369,-0.0099999999999362,0.071089059658507));
#3609=CARTESIAN_POINT('',(-0.0844657079182953,-0.0099999999999425,0.0710111087106697));
#3610=CARTESIAN_POINT('',(-0.0844185980145056,-0.0099999999999453,0.0709759923417326));
#3611=CARTESIAN_POINT('',(-0.0843711588089353,-0.0099999999999562,0.0709412620116771));
#3612=CARTESIAN_POINT('',(-0.0843234137921854,-0.0099999999999704,0.0709068952723447));
#3613=CARTESIAN_POINT('',(-0.0842651803739177,-0.0099999999999877,0.0708649790087792));
#3614=CARTESIAN_POINT('',(-0.0842065123592431,-0.0099999999999932,0.0708236110565422));
#3615=CARTESIAN_POINT('',(-0.0841474443495468,-0.0099999999999962,0.0707827428094927));
#3616=CARTESIAN_POINT('',(-0.0840399319553226,-0.0100000000000016,0.0707083566381854));
#3617=CARTESIAN_POINT('',(-0.0839310945738032,-0.01,0.0706356255578339));
#3618=CARTESIAN_POINT('',(-0.0838214112426435,-0.0099999999999994,0.0705645232874411));
#3619=CARTESIAN_POINT('',(-0.0837852728268707,-0.0099999999999993,0.0705410965426233));
#3620=CARTESIAN_POINT('',(-0.0837490425550197,-0.0099999999999989,0.0705178466766256));
#3621=CARTESIAN_POINT('',(-0.0837127193273085,-0.0099999999999984,0.0704947632822882));
#3622=CARTESIAN_POINT('',(-0.0836388374234337,-0.0099999999999972,0.0704478113666956));
#3623=CARTESIAN_POINT('',(-0.0835646158879485,-0.0099999999999955,0.0704015776032561));
#3624=CARTESIAN_POINT('',(-0.0834900577987213,-0.0099999999999941,0.0703559792596669));
#3625=CARTESIAN_POINT('',(-0.0833788082334916,-0.0099999999999921,0.0702879410903405));
#3626=CARTESIAN_POINT('',(-0.0832668094141637,-0.0099999999999918,0.0702213175528667));
#3627=CARTESIAN_POINT('',(-0.083154145908034,-0.0099999999999947,0.070155950261028));
#3628=CARTESIAN_POINT('',(-0.0831306262347138,-0.0099999999999954,0.0701423041621031));
#3629=CARTESIAN_POINT('',(-0.0831070775897856,-0.0099999999999961,0.0701287128194219));
#3630=CARTESIAN_POINT('',(-0.083083500342494,-0.0099999999999968,0.0701151749239699));
#3631=CARTESIAN_POINT('',(-0.0829941370721072,-0.0099999999999995,0.0700638631403344));
#3632=CARTESIAN_POINT('',(-0.0829043582874721,-0.0099999999999996,0.0700133127622147));
#3633=CARTESIAN_POINT('',(-0.0828141986304737,-0.0099999999999997,0.0699634601776072));
#3634=CARTESIAN_POINT('',(-0.0827002670698789,-0.01,0.0699004632347048));
#3635=CARTESIAN_POINT('',(-0.0825857273072227,-0.0100000000000004,0.0698385805734764));
#3636=CARTESIAN_POINT('',(-0.0824706456743864,-0.0099999999999963,0.0697777067765419));
#3637=CARTESIAN_POINT('',(-0.0824605376634709,-0.009999999999996,0.0697723600240784));
#3638=CARTESIAN_POINT('',(-0.0824504254723771,-0.0099999999999956,0.069767021054359));
#3639=CARTESIAN_POINT('',(-0.0824403091366002,-0.0099999999999951,0.0697616898131627));
#3640=CARTESIAN_POINT('',(-0.0822200816344482,-0.0099999999999851,0.0696456313945888));
#3641=CARTESIAN_POINT('',(-0.0819978731019122,-0.0099999999999665,0.0695332416944569));
#3642=CARTESIAN_POINT('',(-0.0817740353563295,-0.0099999999999632,0.0694239547785017));
#3643=CARTESIAN_POINT('',(-0.0815579018377762,-0.00999999999996,0.0693184293872602));
#3644=CARTESIAN_POINT('',(-0.0813402493729311,-0.009999999999972,0.0692157967705589));
#3645=CARTESIAN_POINT('',(-0.0811212973168581,-0.0099999999999859,0.069115677918459));
#3646=CARTESIAN_POINT('',(-0.0811030308748979,-0.009999999999987,0.069107325335552));
#3647=CARTESIAN_POINT('',(-0.0810847549838677,-0.0099999999999881,0.0690989900001908));
#3648=CARTESIAN_POINT('',(-0.0810664697370142,-0.009999999999989,0.0690906716793933));
#3649=CARTESIAN_POINT('',(-0.0808289956166871,-0.0100000000000012,0.0689826400006408));
#3650=CARTESIAN_POINT('',(-0.0805899434942123,-0.0099999999999996,0.0688774778831937));
#3651=CARTESIAN_POINT('',(-0.0803499608238942,-0.0099999999999997,0.0687749804467304));
#3652=CARTESIAN_POINT('',(-0.0801575411643246,-0.0099999999999998,0.0686927973382382));
#3653=CARTESIAN_POINT('',(-0.0799645232906985,-0.0099999999999997,0.0686123274246364));
#3654=CARTESIAN_POINT('',(-0.0797709157680858,-0.0099999999999977,0.0685333697980818));
#3655=CARTESIAN_POINT('',(-0.0797231505428668,-0.0099999999999972,0.0685138900342574));
#3656=CARTESIAN_POINT('',(-0.0796753559930998,-0.0099999999999967,0.0684945052563327));
#3657=CARTESIAN_POINT('',(-0.0796275320372648,-0.0099999999999964,0.0684752122432615));
#3658=CARTESIAN_POINT('',(-0.0793858141325733,-0.0099999999999948,0.0683776990490196));
#3659=CARTESIAN_POINT('',(-0.0791433451972473,-0.009999999999997,0.0682825296688977));
#3660=CARTESIAN_POINT('',(-0.0789001821663672,-0.0099999999999984,0.068189389544754));
#3661=CARTESIAN_POINT('',(-0.0787345175136057,-0.0099999999999993,0.0681259340668855));
#3662=CARTESIAN_POINT('',(-0.0785685306391733,-0.0099999999999998,0.0680634206054223));
#3663=CARTESIAN_POINT('',(-0.0784022246424993,-0.01,0.0680017713264336));
#3664=CARTESIAN_POINT('',(-0.0780802833960797,-0.01,0.06788242839163));
#3665=CARTESIAN_POINT('',(-0.0777571535529217,-0.0099999999999993,0.0677663270785344));
#3666=CARTESIAN_POINT('',(-0.0774330465499354,-0.0099999999999989,0.0676529889677529));
#3667=CARTESIAN_POINT('',(-0.0772953612338545,-0.0099999999999988,0.0676048413082973));
#3668=CARTESIAN_POINT('',(-0.0771574995936014,-0.0099999999999989,0.0675571922742729));
#3669=CARTESIAN_POINT('',(-0.0770194747386462,-0.0099999999999993,0.0675100158963724));
#3670=CARTESIAN_POINT('',(-0.0766647822871262,-0.0100000000000004,0.0673887833463597));
#3671=CARTESIAN_POINT('',(-0.0763090118826326,-0.0100000000000003,0.067270663383551));
#3672=CARTESIAN_POINT('',(-0.0759522955357936,-0.0099999999999996,0.0671551755768479));
#3673=CARTESIAN_POINT('',(-0.0758434392492808,-0.0099999999999994,0.067119933082674));
#3674=CARTESIAN_POINT('',(-0.0757344948669864,-0.0099999999999991,0.0670849357216768));
#3675=CARTESIAN_POINT('',(-0.0756254647142941,-0.0099999999999983,0.0670501726775542));
#3676=CARTESIAN_POINT('',(-0.0752381847441978,-0.0099999999999954,0.0669266927928087));
#3677=CARTESIAN_POINT('',(-0.0748498698611571,-0.0099999999999896,0.0668061892246796));
#3678=CARTESIAN_POINT('',(-0.0744606661440273,-0.0099999999999866,0.066688190564759));
#3679=CARTESIAN_POINT('',(-0.0739618698668953,-0.0099999999999826,0.0665369656671425));
#3680=CARTESIAN_POINT('',(-0.0734616137299542,-0.0099999999999848,0.0663898549488712));
#3681=CARTESIAN_POINT('',(-0.0729604294521169,-0.0099999999999915,0.0662461451993514));
#3682=CARTESIAN_POINT('',(-0.0729109283956461,-0.0099999999999922,0.0662319512496587));
#3683=CARTESIAN_POINT('',(-0.072861418284791,-0.0099999999999929,0.066217790477614));
#3684=CARTESIAN_POINT('',(-0.0728118992654124,-0.0099999999999935,0.0662036622046521));
#3685=CARTESIAN_POINT('',(-0.0723600586370342,-0.0099999999999997,0.0660747475408903));
#3686=CARTESIAN_POINT('',(-0.0719074664471565,-0.0099999999999996,0.0659485299748443));
#3687=CARTESIAN_POINT('',(-0.0714542528808471,-0.01,0.0658244998480304));
#3688=CARTESIAN_POINT('',(-0.0709625097348865,-0.01,0.0656899254017048));
#3689=CARTESIAN_POINT('',(-0.0704700350737871,-0.01,0.0655579261199354));
#3690=CARTESIAN_POINT('',(-0.0699769862185184,-0.01,0.0654280014450878));
#3691=CARTESIAN_POINT('',(-0.0694616072267954,-0.01,0.0652921924938909));
#3692=CARTESIAN_POINT('',(-0.0689455929500212,-0.01,0.0651586465149634));
#3693=CARTESIAN_POINT('',(-0.0684291061047089,-0.0099999999999996,0.0650267879662384));
#3694=CARTESIAN_POINT('',(-0.0679960904622766,-0.0099999999999993,0.0649162395278715));
#3695=CARTESIAN_POINT('',(-0.0675627426568804,-0.0099999999999991,0.0648068771739173));
#3696=CARTESIAN_POINT('',(-0.067129136607718,-0.0099999999999995,0.0646984311606742));
#3697=CARTESIAN_POINT('',(-0.0665507653927716,-0.01,0.0645537789987482));
#3698=CARTESIAN_POINT('',(-0.0659719378982776,-0.01,0.0644107534805648));
#3699=CARTESIAN_POINT('',(-0.0653928334579642,-0.01,0.064268713349726));
#3700=CARTESIAN_POINT('',(-0.0650199354207888,-0.01,0.0641772505974091));
#3701=CARTESIAN_POINT('',(-0.0646469225529178,-0.01,0.0640861964214708));
#3702=CARTESIAN_POINT('',(-0.0642738377838226,-0.01,0.0639953986617576));
#3703=CARTESIAN_POINT('',(-0.063633155497438,-0.01,0.0638394756085792));
#3704=CARTESIAN_POINT('',(-0.0629922623590463,-0.0099999999999993,0.0636843047164644));
#3705=CARTESIAN_POINT('',(-0.0623513732208033,-0.0099999999999987,0.063529119309089));
#3706=CARTESIAN_POINT('',(-0.0620394756388945,-0.0099999999999984,0.0634535961797056));
#3707=CARTESIAN_POINT('',(-0.061727579005045,-0.0099999999999985,0.0633780696128169));
#3708=CARTESIAN_POINT('',(-0.0614157070775422,-0.0099999999999991,0.0633024548764692));
#3709=CARTESIAN_POINT('',(-0.0607135681503476,-0.0100000000000004,0.0631322181697405));
#3710=CARTESIAN_POINT('',(-0.0600115565473482,-0.0100000000000009,0.0629615266648458));
#3711=CARTESIAN_POINT('',(-0.0593099472159727,-0.009999999999999,0.0627894039460337));
#3712=CARTESIAN_POINT('',(-0.0590595667869347,-0.0099999999999983,0.0627279792211104));
#3713=CARTESIAN_POINT('',(-0.0588092375892431,-0.0099999999999971,0.0626663722266113));
#3714=CARTESIAN_POINT('',(-0.0585589724493032,-0.0099999999999939,0.062604536881407));
#3715=CARTESIAN_POINT('',(-0.0577964576068359,-0.0099999999999842,0.0624161352185997));
#3716=CARTESIAN_POINT('',(-0.0570345412187475,-0.0099999999998818,0.0622256028210856));
#3717=CARTESIAN_POINT('',(-0.0562735746976131,-0.0099999999998814,0.0620316815777141));
#3718=CARTESIAN_POINT('',(-0.0560849219762039,-0.0099999999998813,0.0619836061771741));
#3719=CARTESIAN_POINT('',(-0.0558963276271367,-0.0099999999998905,0.061935322495468));
#3720=CARTESIAN_POINT('',(-0.0557077978211599,-0.0099999999999087,0.0618868093088656));
#3721=CARTESIAN_POINT('',(-0.0548862722923657,-0.0099999999999877,0.0616754113229052));
#3722=CARTESIAN_POINT('',(-0.0540659611336833,-0.0099999999999908,0.0614596011932399));
#3723=CARTESIAN_POINT('',(-0.0532474165436537,-0.0099999999999936,0.0612375765777916));
#3724=CARTESIAN_POINT('',(-0.0522410081451727,-0.0099999999999969,0.0609645951906096));
#3725=CARTESIAN_POINT('',(-0.0512372703227719,-0.0100000000000078,0.060682219079153));
#3726=CARTESIAN_POINT('',(-0.0502372679746989,-0.0099999999999233,0.0603864345696701));
#3727=CARTESIAN_POINT('',(-0.0501715280207928,-0.0099999999999177,0.0603669897553084));
#3728=CARTESIAN_POINT('',(-0.0501058042101239,-0.0099999999999116,0.0603474869960222));
#3729=CARTESIAN_POINT('',(-0.050040097059715,-0.009999999999905,0.0603279249477805));
#3730=CARTESIAN_POINT('',(-0.0491063096562277,-0.0099999999998105,0.0600499218062528));
#3731=CARTESIAN_POINT('',(-0.0481758601132969,-0.0100000000000012,0.0597600309150697));
#3732=CARTESIAN_POINT('',(-0.0472499006925785,-0.0099999999999984,0.0594541291131617));
#3733=CARTESIAN_POINT('',(-0.0472446628734702,-0.0099999999999983,0.0594523987367894));
#3734=CARTESIAN_POINT('',(-0.0472394251981185,-0.0099999999999983,0.0594506678479913));
#3735=CARTESIAN_POINT('',(-0.04723418766653,-0.0099999999999983,0.0594489364456604));
#3736=CARTESIAN_POINT('',(-0.0465979112210903,-0.009999999999996,0.0592385987126892));
#3737=CARTESIAN_POINT('',(-0.0459637589699152,-0.0099999999999196,0.0590206854076555));
#3738=CARTESIAN_POINT('',(-0.04533221739325,-0.0099999999999061,0.0587934897735324));
#3739=CARTESIAN_POINT('',(-0.0450395419959897,-0.0099999999998999,0.058688200470453));
#3740=CARTESIAN_POINT('',(-0.0447474270579445,-0.0099999999999309,0.0585809182229179));
#3741=CARTESIAN_POINT('',(-0.044455919706952,-0.0099999999999695,0.0584714769162292));
#3742=CARTESIAN_POINT('',(-0.0444018642624849,-0.0099999999999767,0.0584511827505556));
#3743=CARTESIAN_POINT('',(-0.0443478312924589,-0.0099999999999818,0.0584308142543508));
#3744=CARTESIAN_POINT('',(-0.0442938193469131,-0.0099999999999856,0.0584103697308902));
#3745=CARTESIAN_POINT('',(-0.0438879374258671,-0.0100000000000144,0.0582567358935375));
#3746=CARTESIAN_POINT('',(-0.0434832413519199,-0.01,0.0580988134583322));
#3747=CARTESIAN_POINT('',(-0.043079900106319,-0.01,0.0579360381436412));
#3748=CARTESIAN_POINT('',(-0.0426999028390396,-0.01,0.0577826836939346));
#3749=CARTESIAN_POINT('',(-0.0423211020106822,-0.01,0.0576250099214305));
#3750=CARTESIAN_POINT('',(-0.0419447079900168,-0.01,0.0574629584771379));
#3751=CARTESIAN_POINT('',(-0.0418684204674383,-0.01,0.057430113897956));
#3752=CARTESIAN_POINT('',(-0.0417922317477108,-0.01,0.0573970896441088));
#3753=CARTESIAN_POINT('',(-0.0417161517891708,-0.01,0.0573638854752925));
#3754=CARTESIAN_POINT('',(-0.0416050718020794,-0.01,0.0573154059714352));
#3755=CARTESIAN_POINT('',(-0.0414942162756745,-0.0100000000000003,0.0572665381108811));
#3756=CARTESIAN_POINT('',(-0.0413836002973005,-0.009999999999999,0.057217274639413));
#3757=CARTESIAN_POINT('',(-0.0408134667593197,-0.0099999999999925,0.0569633623412602));
#3758=CARTESIAN_POINT('',(-0.0402496958412692,-0.0099999999997952,0.0566989439668096));
#3759=CARTESIAN_POINT('',(-0.0396930548621667,-0.0099999999997556,0.0564221323607407));
#3760=CARTESIAN_POINT('',(-0.0394798443152824,-0.0099999999997404,0.0563161050358947));
#3761=CARTESIAN_POINT('',(-0.0392676799638655,-0.0099999999997746,0.0562082589917703));
#3762=CARTESIAN_POINT('',(-0.0390566055541509,-0.0099999999998483,0.0560984861389723));
#3763=CARTESIAN_POINT('',(-0.038893725878988,-0.0099999999999052,0.0560137777812438));
#3764=CARTESIAN_POINT('',(-0.0387315034126903,-0.0099999999999362,0.0559279184214259));
#3765=CARTESIAN_POINT('',(-0.0385699684085405,-0.0099999999999563,0.0558408621882574));
#3766=CARTESIAN_POINT('',(-0.0381113011222239,-0.0100000000000135,0.0555936721353368));
#3767=CARTESIAN_POINT('',(-0.0376581768515317,-0.0099999999999995,0.055336831834363));
#3768=CARTESIAN_POINT('',(-0.0372113737774803,-0.01,0.0550689532047604));
#3769=CARTESIAN_POINT('',(-0.0369759474382097,-0.01,0.0549278044777287));
#3770=CARTESIAN_POINT('',(-0.0367422760022356,-0.01,0.0547835912381837));
#3771=CARTESIAN_POINT('',(-0.0365105248843673,-0.01,0.0546361280006984));
#3772=CARTESIAN_POINT('',(-0.0363024475039953,-0.01,0.0545037283625032));
#3773=CARTESIAN_POINT('',(-0.0360958741927094,-0.0099999999999991,0.0543686709586571));
#3774=CARTESIAN_POINT('',(-0.0358909266554237,-0.0099999999999776,0.0542308271545652));
#3775=CARTESIAN_POINT('',(-0.0356888503659996,-0.0099999999999563,0.0540949144970145));
#3776=CARTESIAN_POINT('',(-0.0354883546342959,-0.0099999999999133,0.0539562929789899));
#3777=CARTESIAN_POINT('',(-0.0352894676193063,-0.0099999999999025,0.0538147125736853));
#3778=CARTESIAN_POINT('',(-0.0350619892891138,-0.00999999999989,0.0536527790548563));
#3779=CARTESIAN_POINT('',(-0.0348368244038151,-0.0099999999999563,0.0534871326119767));
#3780=CARTESIAN_POINT('',(-0.0346139096771699,-0.0099999999999816,0.0533173123633055));
#3781=CARTESIAN_POINT('',(-0.0344442611604789,-0.0100000000000008,0.0531880712237688));
#3782=CARTESIAN_POINT('',(-0.0342759161423759,-0.01,0.0530564125354163));
#3783=CARTESIAN_POINT('',(-0.0341092330301305,-0.01,0.0529224546742615));
#3784=CARTESIAN_POINT('',(-0.0338652505417582,-0.01,0.052726373788434));
#3785=CARTESIAN_POINT('',(-0.0336244362206841,-0.0099999999999625,0.0525250325373249));
#3786=CARTESIAN_POINT('',(-0.0333883133473658,-0.0099999999999085,0.052319152179761));
#3787=CARTESIAN_POINT('',(-0.0332511597886864,-0.0099999999998771,0.0521995651897111));
#3788=CARTESIAN_POINT('',(-0.0331155887005932,-0.0099999999998768,0.0520784476036498));
#3789=CARTESIAN_POINT('',(-0.0329816903050324,-0.009999999999929,0.0519558142939057));
#3790=CARTESIAN_POINT('',(-0.0327417781776333,-0.0100000000000225,0.0517360863568569));
#3791=CARTESIAN_POINT('',(-0.0325074998656038,-0.0099999999999994,0.051511663128235));
#3792=CARTESIAN_POINT('',(-0.0322788615237552,-0.01,0.0512821568371223));
#3793=CARTESIAN_POINT('',(-0.0322656329173726,-0.01,0.0512688780127443));
#3794=CARTESIAN_POINT('',(-0.0322524232016048,-0.01,0.0512555821621859));
#3795=CARTESIAN_POINT('',(-0.0322392323815318,-0.01,0.0512422692065126));
#3796=CARTESIAN_POINT('',(-0.0321341077145267,-0.01,0.051136171175893));
#3797=CARTESIAN_POINT('',(-0.0320301830283946,-0.01,0.0510289868872419));
#3798=CARTESIAN_POINT('',(-0.0319274666031427,-0.01,0.0509206726581196));
#3799=CARTESIAN_POINT('',(-0.0316699811610657,-0.01,0.0506491548643454));
#3800=CARTESIAN_POINT('',(-0.0314200767352727,-0.010000000000005,0.0503705243460862));
#3801=CARTESIAN_POINT('',(-0.0311782141569838,-0.0099999999999949,0.0500843647270389));
#3802=CARTESIAN_POINT('',(-0.0311022395638167,-0.0099999999999918,0.0499944754155473));
#3803=CARTESIAN_POINT('',(-0.0310270585592277,-0.0099999999999865,0.0499038431415155));
#3804=CARTESIAN_POINT('',(-0.0309526844277447,-0.0099999999999741,0.0498124459212579));
#3805=CARTESIAN_POINT('',(-0.0307231797137232,-0.0099999999999358,0.0495304111266414));
#3806=CARTESIAN_POINT('',(-0.0305014835158343,-0.0099999999999886,0.0492413101190716));
#3807=CARTESIAN_POINT('',(-0.030288103470457,-0.0099999999999973,0.0489446934383844));
#3808=CARTESIAN_POINT('',(-0.0302627836300237,-0.0099999999999983,0.0489094966747341));
#3809=CARTESIAN_POINT('',(-0.0302375808493873,-0.009999999999999,0.0488741941372629));
#3810=CARTESIAN_POINT('',(-0.0302124959480276,-0.0099999999999994,0.0488387851162198));
#3811=CARTESIAN_POINT('',(-0.030162383842644,-0.01,0.0487680485177935));
#3812=CARTESIAN_POINT('',(-0.030112742186286,-0.01,0.048696886969662));
#3813=CARTESIAN_POINT('',(-0.0300636197686556,-0.01,0.0486253630178362));
#3814=CARTESIAN_POINT('',(-0.0299631742112058,-0.01,0.0484791107859893));
#3815=CARTESIAN_POINT('',(-0.0298647405280714,-0.0099999999999963,0.0483311047662945));
#3816=CARTESIAN_POINT('',(-0.0297687948833445,-0.0099999999999943,0.0481819676719844));
#3817=CARTESIAN_POINT('',(-0.0297305649554445,-0.0099999999999935,0.0481225433971369));
#3818=CARTESIAN_POINT('',(-0.0296927299301761,-0.0099999999999942,0.0480629396729778));
#3819=CARTESIAN_POINT('',(-0.0296552916136848,-0.0099999999999963,0.0480031607950144));
#3820=CARTESIAN_POINT('',(-0.0295529187254774,-0.0100000000000021,0.0478396989472487));
#3821=CARTESIAN_POINT('',(-0.0294536195175731,-0.01,0.0476750668363966));
#3822=CARTESIAN_POINT('',(-0.029357281757205,-0.01,0.0475091095113749));
#3823=CARTESIAN_POINT('',(-0.0293299684473774,-0.0099999999999998,0.047462057931401));
#3824=CARTESIAN_POINT('',(-0.0293028932749598,-0.0099999999999997,0.0474148997881231));
#3825=CARTESIAN_POINT('',(-0.0292760552990566,-0.0099999999999995,0.0473676325106732));
#3826=CARTESIAN_POINT('',(-0.0290567503055886,-0.0099999999999976,0.0469813906416968));
#3827=CARTESIAN_POINT('',(-0.0288532412332877,-0.0099999999999974,0.0465878092358844));
#3828=CARTESIAN_POINT('',(-0.0286658805843228,-0.0099999999999989,0.0461869062026537));
#3829=CARTESIAN_POINT('',(-0.0286552003161891,-0.009999999999999,0.0461640532080992));
#3830=CARTESIAN_POINT('',(-0.0286445725085976,-0.009999999999999,0.0461411764286286));
#3831=CARTESIAN_POINT('',(-0.0286339972222206,-0.0099999999999991,0.0461182758698283));
#3832=CARTESIAN_POINT('',(-0.0286245293480068,-0.0099999999999992,0.0460977733886265));
#3833=CARTESIAN_POINT('',(-0.0286151035712031,-0.0099999999999993,0.0460772518475426));
#3834=CARTESIAN_POINT('',(-0.028605719959721,-0.0099999999999993,0.0460567112824012));
#3835=CARTESIAN_POINT('',(-0.0284174386647575,-0.0100000000000006,0.0456445667459955));
#3836=CARTESIAN_POINT('',(-0.0282461269420789,-0.0100000000000004,0.0452247504372764));
#3837=CARTESIAN_POINT('',(-0.0280922156430623,-0.0099999999999996,0.0447972400487961));
#3838=CARTESIAN_POINT('',(-0.0280795848520419,-0.0099999999999996,0.0447621562413664));
#3839=CARTESIAN_POINT('',(-0.0280670712748668,-0.0099999999999995,0.0447270206047542));
#3840=CARTESIAN_POINT('',(-0.0280546751641221,-0.0099999999999994,0.0446918331204155));
#3841=CARTESIAN_POINT('',(-0.0280516863965676,-0.0099999999999994,0.0446833492327119));
#3842=CARTESIAN_POINT('',(-0.0280487044569145,-0.0099999999999993,0.0446748623022048));
#3843=CARTESIAN_POINT('',(-0.0280457293511532,-0.0099999999999993,0.0446663723386536));
#3844=CARTESIAN_POINT('',(-0.0279673541526303,-0.0099999999999985,0.0444427155572918));
#3845=CARTESIAN_POINT('',(-0.0278937238877744,-0.0099999999999914,0.0442169530708916));
#3846=CARTESIAN_POINT('',(-0.0278248431421005,-0.0099999999999971,0.0439887271336194));
#3847=CARTESIAN_POINT('',(-0.0278176346756463,-0.0099999999999977,0.043964842969813));
#3848=CARTESIAN_POINT('',(-0.0278104791792099,-0.0099999999999981,0.0439409342850167));
#3849=CARTESIAN_POINT('',(-0.027803376291815,-0.0099999999999984,0.0439169995359785));
#3850=CARTESIAN_POINT('',(-0.0277517741544042,-0.010000000000001,0.043743114728281));
#3851=CARTESIAN_POINT('',(-0.0277029447250945,-0.0100000000000002,0.0435678558460955));
#3852=CARTESIAN_POINT('',(-0.0276570582674253,-0.0099999999999997,0.0433918316920572));
#3853=CARTESIAN_POINT('',(-0.0276466157437377,-0.0099999999999996,0.0433517733286206));
#3854=CARTESIAN_POINT('',(-0.0276363258421202,-0.0099999999999994,0.0433116752823777));
#3855=CARTESIAN_POINT('',(-0.0276261909519111,-0.009999999999999,0.0432715447001618));
#3856=CARTESIAN_POINT('',(-0.0276161400393461,-0.0099999999999987,0.0432317466397282));
#3857=CARTESIAN_POINT('',(-0.0276062396011095,-0.0099999999999984,0.043191909497705));
#3858=CARTESIAN_POINT('',(-0.0275964936245936,-0.0099999999999981,0.0431520458888272));
#3859=CARTESIAN_POINT('',(-0.0275472845931798,-0.0099999999999964,0.0429507679996051));
#3860=CARTESIAN_POINT('',(-0.0275020157433439,-0.0099999999999971,0.0427488147123103));
#3861=CARTESIAN_POINT('',(-0.027460704023328,-0.0099999999999989,0.0425466960406124));
#3862=CARTESIAN_POINT('',(-0.0274495955173865,-0.0099999999999994,0.0424923473844786));
#3863=CARTESIAN_POINT('',(-0.0274387728069009,-0.0099999999999996,0.0424379837904581));
#3864=CARTESIAN_POINT('',(-0.0274282350090777,-0.0099999999999998,0.0423836101815661));
#3865=CARTESIAN_POINT('',(-0.0273918219662322,-0.0100000000000002,0.042195723814466));
#3866=CARTESIAN_POINT('',(-0.0273588102134815,-0.01,0.042007718057483));
#3867=CARTESIAN_POINT('',(-0.027329114139397,-0.01,0.0418194341399979));
#3868=CARTESIAN_POINT('',(-0.0273184940028686,-0.01,0.0417520986092437));
#3869=CARTESIAN_POINT('',(-0.0273082987685799,-0.0099999999999998,0.041684732670788));
#3870=CARTESIAN_POINT('',(-0.0272985251838345,-0.0099999999999998,0.0416173329846941));
#3871=CARTESIAN_POINT('',(-0.0272616527431461,-0.0099999999999996,0.0413630566886716));
#3872=CARTESIAN_POINT('',(-0.0272307824667415,-0.0099999999999994,0.041108299914858));
#3873=CARTESIAN_POINT('',(-0.027205812793158,-0.0099999999999994,0.0408531282406521));
#3874=CARTESIAN_POINT('',(-0.0271896755792347,-0.0099999999999995,0.0406882177991897));
#3875=CARTESIAN_POINT('',(-0.0271760026281432,-0.0099999999999996,0.040523134125669));
#3876=CARTESIAN_POINT('',(-0.0271647681879068,-0.0099999999999998,0.0403578774470118));
#3877=CARTESIAN_POINT('',(-0.0271587220973798,-0.01,0.0402689404979212));
#3878=CARTESIAN_POINT('',(-0.0271533825164454,-0.01,0.0401799552091916));
#3879=CARTESIAN_POINT('',(-0.0271487451086085,-0.01,0.0400909207832442));
#3880=CARTESIAN_POINT('',(-0.027135565953469,-0.01,0.0398378918167217));
#3881=CARTESIAN_POINT('',(-0.0271280583041891,-0.01,0.0395844659995534));
#3882=CARTESIAN_POINT('',(-0.0271261454646931,-0.01,0.0393306437867476));
#3883=CARTESIAN_POINT('',(-0.0271250325508446,-0.01,0.0391829668612768));
#3884=CARTESIAN_POINT('',(-0.0271258134052957,-0.01,0.0390351557512768));
#3885=CARTESIAN_POINT('',(-0.0271284756988469,-0.01,0.0388872097585416));
#3886=CARTESIAN_POINT('',(-0.0271303637822263,-0.0099999999999998,0.0387822873055619));
#3887=CARTESIAN_POINT('',(-0.0271331978861831,-0.0099999999999998,0.0386772971358491));
#3888=CARTESIAN_POINT('',(-0.0271369734769903,-0.0099999999999998,0.0385722395611327));
#3889=CARTESIAN_POINT('',(-0.0271460230752569,-0.0099999999999998,0.0383204302696601));
#3890=CARTESIAN_POINT('',(-0.0271604818733593,-0.01,0.0380682337468288));
#3891=CARTESIAN_POINT('',(-0.0271802989131471,-0.01,0.0378156561380666));
#3892=CARTESIAN_POINT('',(-0.0271852365119185,-0.01,0.0377527240904923));
#3893=CARTESIAN_POINT('',(-0.0271905067251179,-0.01,0.0376897683842499));
#3894=CARTESIAN_POINT('',(-0.027196108901692,-0.01,0.0376267891228005));
#3895=CARTESIAN_POINT('',(-0.027201703626278,-0.01,0.0375638936360601));
#3896=CARTESIAN_POINT('',(-0.0272076294316929,-0.01,0.0375009746567393));
#3897=CARTESIAN_POINT('',(-0.027213885614275,-0.01,0.0374380322843631));
#3898=CARTESIAN_POINT('',(-0.0272148916355855,-0.01,0.0374279108777208));
#3899=CARTESIAN_POINT('',(-0.0272159061997585,-0.01,0.037417788866179));
#3900=CARTESIAN_POINT('',(-0.0272169293046863,-0.01,0.0374076662501974));
#3901=CARTESIAN_POINT('',(-0.0271433761656503,-0.01,0.0399809706230793));
#3902=CARTESIAN_POINT('',(-0.0277781980267226,-0.00996263079764811,0.0398438471592564));
#3903=CARTESIAN_POINT('',(-0.0275679115955777,-0.00998747215193393,0.0398922947913806));
#3904=CARTESIAN_POINT('',(-0.0273563035285872,-0.00999999996713189,0.0399379795397295));
#3905=CARTESIAN_POINT('',(-0.0271433761656503,-0.01,0.0399809706230792));
#3906=CARTESIAN_POINT('',(-0.0277781980267226,-0.00996263079764811,0.0398438471592564));
#3907=CARTESIAN_POINT('',(-0.0277781980267225,-0.00996263079764811,0.0398438471592564));
#3908=CARTESIAN_POINT('',(-0.0285538751446155,-0.00987099925493715,0.0396651398624984));
#3909=CARTESIAN_POINT('',(-0.0301049777749163,-0.00933689856453049,0.0392923365895901));
#3910=CARTESIAN_POINT('',(-0.0312938778685025,-0.00817847207158562,0.0391868183403761));
#3911=CARTESIAN_POINT('',(-0.0317354265447631,-0.00749999999999999,0.0392039140296409));
#3912=CARTESIAN_POINT('',(-0.0858243611678466,-0.01,0.072971407098671));
#3913=CARTESIAN_POINT('',(-0.0858750799117027,-0.0100000361272839,0.0729765237629375));
#3914=CARTESIAN_POINT('',(-0.0859237517687623,-0.00999993083549749,0.0729814328948384));
#3915=CARTESIAN_POINT('',(-0.0860481387374323,-0.00999758813509435,0.0729939797310266));
#3916=CARTESIAN_POINT('',(-0.0862590129996684,-0.00998819669051429,0.0730152499225049));
#3917=CARTESIAN_POINT('',(-0.0866907509912583,-0.00994755145788403,0.0730587971258721));
#3918=CARTESIAN_POINT('',(-0.0874277438173733,-0.00979999856875492,0.0731331318805114));
#3919=CARTESIAN_POINT('',(-0.0889039794210115,-0.00923178433825929,0.0732820253259391));
#3920=CARTESIAN_POINT('',(-0.0899634857646344,-0.00827622111698592,0.0733888855779606));
#3921=CARTESIAN_POINT('',(-0.0904714716991365,-0.00747155543234334,0.0734401203331312));
#3922=CARTESIAN_POINT('',(-0.0857958840909972,-0.01,0.0732398047951188));
#3923=CARTESIAN_POINT('',(-0.0858460743630093,-0.0100000361275118,0.0732494957946319));
#3924=CARTESIAN_POINT('',(-0.0858942403725747,-0.00999993083506964,0.0732587920814948));
#3925=CARTESIAN_POINT('',(-0.0860173335276517,-0.00999758811962541,0.0732825521357245));
#3926=CARTESIAN_POINT('',(-0.0862260153609137,-0.00998819661565289,0.0733228284778021));
#3927=CARTESIAN_POINT('',(-0.0866532666750141,-0.00994755112306375,0.0734052781305223));
#3928=CARTESIAN_POINT('',(-0.0873826059481375,-0.00979999734294596,0.0735459939753601));
#3929=CARTESIAN_POINT('',(-0.0888435207653907,-0.00923177996716018,0.073827799161332));
#3930=CARTESIAN_POINT('',(-0.0898920353779827,-0.00827621401380848,0.0740300119909208));
#3931=CARTESIAN_POINT('',(-0.0903947500759164,-0.00747154873775681,0.0741269637936652));
#3932=CARTESIAN_POINT('',(-0.0856942006608393,-0.01,0.0736880780342109));
#3933=CARTESIAN_POINT('',(-0.0857433131175798,-0.0100000361271942,0.0737019377089296));
#3934=CARTESIAN_POINT('',(-0.0857904427661734,-0.00999993083566579,0.0737152400504845));
#3935=CARTESIAN_POINT('',(-0.0859108890291123,-0.00999758814117697,0.0737492345834894));
#3936=CARTESIAN_POINT('',(-0.0861150819940024,-0.00998819671994832,0.0738068681714946));
#3937=CARTESIAN_POINT('',(-0.0865331396650408,-0.00994755158950332,0.0739248716244455));
#3938=CARTESIAN_POINT('',(-0.0872467765323838,-0.00979999905044654,0.0741263237291831));
#3939=CARTESIAN_POINT('',(-0.0886762234089002,-0.0092317860548069,0.0745298733320976));
#3940=CARTESIAN_POINT('',(-0.0897021465383182,-0.00827622390467086,0.0748195257838682));
#3941=CARTESIAN_POINT('',(-0.0901940313404489,-0.00747155805929395,0.0749584011581726));
#3942=CARTESIAN_POINT('',(-0.0854761447776158,-0.01,0.0743411351130499));
#3943=CARTESIAN_POINT('',(-0.0855238650614883,-0.0100000361273044,0.0743591958176361));
#3944=CARTESIAN_POINT('',(-0.0855696590680683,-0.00999993083545902,0.0743765283420677));
#3945=CARTESIAN_POINT('',(-0.0856866917191244,-0.00999758813370418,0.0744208229535619));
#3946=CARTESIAN_POINT('',(-0.0858850979629926,-0.00998819668378744,0.0744959160357521));
#3947=CARTESIAN_POINT('',(-0.0862913090373697,-0.0099475514278082,0.0746496590718975));
#3948=CARTESIAN_POINT('',(-0.0869847254861889,-0.00979999845872537,0.0749121039824255));
#3949=CARTESIAN_POINT('',(-0.0883736724788819,-0.00923178394646473,0.0754377970900729));
#3950=CARTESIAN_POINT('',(-0.0893705277583138,-0.00827622048135713,0.0758150955517594));
#3951=CARTESIAN_POINT('',(-0.089848475022285,-0.00747155483352197,0.0759959937639373));
#3952=CARTESIAN_POINT('',(-0.0851965459234703,-0.01,0.0750186400217743));
#3953=CARTESIAN_POINT('',(-0.0852429441127616,-0.0100000361272689,0.0750398301082717));
#3954=CARTESIAN_POINT('',(-0.0852874693238322,-0.00999993083552553,0.0750601657228511));
#3955=CARTESIAN_POINT('',(-0.085401259524989,-0.0099975881361073,0.0751121351283259));
#3956=CARTESIAN_POINT('',(-0.08559416893481,-0.00998819669541548,0.0752002393770308));
#3957=CARTESIAN_POINT('',(-0.0859891265017366,-0.00994755147979691,0.075380620973781));
#3958=CARTESIAN_POINT('',(-0.0866633346999484,-0.00979999864893146,0.0756885373253315));
#3959=CARTESIAN_POINT('',(-0.0880138122733526,-0.00923178462389691,0.0763053043760734));
#3960=CARTESIAN_POINT('',(-0.0889830644870304,-0.00827622158075945,0.0767479564055507));
#3961=CARTESIAN_POINT('',(-0.0894477778870584,-0.00747155586935334,0.0769601877978435));
#3962=CARTESIAN_POINT('',(-0.0847907271744794,-0.01,0.0758453578553738));
#3963=CARTESIAN_POINT('',(-0.084835706037418,-0.0100000361272857,0.0758694188050178));
#3964=CARTESIAN_POINT('',(-0.0848788697426328,-0.00999993083549401,0.0758925082343331));
#3965=CARTESIAN_POINT('',(-0.084989179822869,-0.00999758813496826,0.0759515166533766));
#3966=CARTESIAN_POINT('',(-0.0851761893533661,-0.0099881966899042,0.0760515540449831));
#3967=CARTESIAN_POINT('',(-0.0855590670346536,-0.00994755145515855,0.0762563680928939));
#3968=CARTESIAN_POINT('',(-0.0862126525176293,-0.00979999855880492,0.0766059944260385));
#3969=CARTESIAN_POINT('',(-0.0875218162507909,-0.00923178430299181,0.0773063183709707));
#3970=CARTESIAN_POINT('',(-0.088461411059866,-0.00827622106007774,0.077808951409567));
#3971=CARTESIAN_POINT('',(-0.0889119046042199,-0.00747155537880061,0.0780499418611534));
#3972=CARTESIAN_POINT('',(-0.0842242485335899,-0.01,0.0768396543666115));
#3973=CARTESIAN_POINT('',(-0.0842677412350172,-0.010000036127358,0.0768662926624449));
#3974=CARTESIAN_POINT('',(-0.0843094789369866,-0.00999993083535848,0.0768918557312569));
#3975=CARTESIAN_POINT('',(-0.0844161445624495,-0.00999758813006575,0.0769571854436204));
#3976=CARTESIAN_POINT('',(-0.0845969758108198,-0.00998819666617462,0.0770679392662604));
#3977=CARTESIAN_POINT('',(-0.084967204792984,-0.00994755134898254,0.077294692989507));
#3978=CARTESIAN_POINT('',(-0.0855992002617161,-0.00979999816975562,0.0776817682519781));
#3979=CARTESIAN_POINT('',(-0.0868651229942131,-0.00923178291354601,0.0784570951554801));
#3980=CARTESIAN_POINT('',(-0.0877736884168069,-0.0082762187987105,0.0790135467966951));
#3981=CARTESIAN_POINT('',(-0.0882093048943121,-0.00747155324676077,0.0792803397518537));
#3982=CARTESIAN_POINT('',(-0.0835198013567045,-0.01,0.0779281860890407));
#3983=CARTESIAN_POINT('',(-0.0835618951091497,-0.0100000361272697,0.0779569711157548));
#3984=CARTESIAN_POINT('',(-0.0836022896481651,-0.00999993083552404,0.0779845947904734));
#3985=CARTESIAN_POINT('',(-0.0837055232970526,-0.00999758813605454,0.0780551901868797));
#3986=CARTESIAN_POINT('',(-0.0838805359726904,-0.00998819669516125,0.0781748713050089));
#3987=CARTESIAN_POINT('',(-0.0842388517305577,-0.00994755147867157,0.0784199032614551));
#3988=CARTESIAN_POINT('',(-0.0848505092324084,-0.00979999864489548,0.078838182880756));
#3989=CARTESIAN_POINT('',(-0.086075689370551,-0.00923178461003797,0.0796760220573798));
#3990=CARTESIAN_POINT('',(-0.0869550087201574,-0.00827622155912758,0.0802773500083553));
#3991=CARTESIAN_POINT('',(-0.0873766028758226,-0.00747155584916287,0.0805656602984334));
#3992=CARTESIAN_POINT('',(-0.082630691312963,-0.01,0.0791697733671011));
#3993=CARTESIAN_POINT('',(-0.0826713987996637,-0.0100000361272844,0.0792004844079273));
#3994=CARTESIAN_POINT('',(-0.0827104632501121,-0.00999993083549656,0.0792299560929833));
#3995=CARTESIAN_POINT('',(-0.0828102974796802,-0.00999758813505973,0.0793052745543284));
#3996=CARTESIAN_POINT('',(-0.0829795472178748,-0.00998819669034621,0.0794329625533517));
#3997=CARTESIAN_POINT('',(-0.0833260643248802,-0.00994755145712797,0.0796943872204265));
#3998=CARTESIAN_POINT('',(-0.0839175818990377,-0.0097999985659615,0.0801406485286306));
#3999=CARTESIAN_POINT('',(-0.0851024230109735,-0.00923178432817179,0.0810345326942355));
#4000=CARTESIAN_POINT('',(-0.0859527934306761,-0.00827622110043378,0.0816760797671081));
#4001=CARTESIAN_POINT('',(-0.0863605080718958,-0.00747155541671159,0.081983672850487));
#4002=CARTESIAN_POINT('',(-0.0814935718268001,-0.01,0.0806180893729082));
#4003=CARTESIAN_POINT('',(-0.0815328867831297,-0.0100000361272673,0.0806505633457845));
#4004=CARTESIAN_POINT('',(-0.0815706144471661,-0.00999993083552867,0.0806817272877679));
#4005=CARTESIAN_POINT('',(-0.0816670328088893,-0.00999758813622177,0.0807613700545046));
#4006=CARTESIAN_POINT('',(-0.0818304914321341,-0.00998819669597061,0.0808963892713215));
#4007=CARTESIAN_POINT('',(-0.0821651518561968,-0.0099475514822921,0.0811728238499813));
#4008=CARTESIAN_POINT('',(-0.0827364290766973,-0.00979999865815558,0.0816447084424087));
#4009=CARTESIAN_POINT('',(-0.0838807260965453,-0.00923178465735533,0.082589919834608));
#4010=CARTESIAN_POINT('',(-0.0847019957527128,-0.00827622163607628,0.083268308139009));
#4011=CARTESIAN_POINT('',(-0.0850957577228529,-0.00747155592169792,0.0835935653217002));
#4012=CARTESIAN_POINT('',(-0.0799980256670055,-0.01,0.0823587457035439));
#4013=CARTESIAN_POINT('',(-0.0800359238664443,-0.0100000361272936,0.0823928598095509));
#4014=CARTESIAN_POINT('',(-0.080072293190377,-0.00999993083547928,0.0824255963390732));
#4015=CARTESIAN_POINT('',(-0.0801652388822325,-0.00999758813443544,0.0825092594232708));
#4016=CARTESIAN_POINT('',(-0.0803228106584324,-0.00998819668732459,0.0826510938710024));
#4017=CARTESIAN_POINT('',(-0.0806454186337656,-0.0099475514436096,0.0829414815890818));
#4018=CARTESIAN_POINT('',(-0.0811961227072894,-0.00979999851643909,0.0834371836192378));
#4019=CARTESIAN_POINT('',(-0.0822992129943513,-0.0092317841513811,0.0844300993553219));
#4020=CARTESIAN_POINT('',(-0.0830909112662097,-0.0082762208128223,0.085142720907262));
#4021=CARTESIAN_POINT('',(-0.0834704953614405,-0.00747155514557521,0.0854843908235281));
#4022=CARTESIAN_POINT('',(-0.0782305128199727,-0.01,0.0842515229334479));
#4023=CARTESIAN_POINT('',(-0.0782671188106335,-0.0100000361272816,0.084287013686758));
#4024=CARTESIAN_POINT('',(-0.0783022471877088,-0.0099999308355018,0.0843210722762483));
#4025=CARTESIAN_POINT('',(-0.0783920223943087,-0.00999758813524993,0.0844081130578007));
#4026=CARTESIAN_POINT('',(-0.0785442189416256,-0.00998819669126682,0.084555674052859));
#4027=CARTESIAN_POINT('',(-0.0788558217696063,-0.00994755146124704,0.0848577862203946));
#4028=CARTESIAN_POINT('',(-0.0793877391287452,-0.00979999858105398,0.0853735029600744));
#4029=CARTESIAN_POINT('',(-0.0804531971343779,-0.00923178438206895,0.0864065111190263));
#4030=CARTESIAN_POINT('',(-0.0812178844039873,-0.0082762211881468,0.0871479100458611));
#4031=CARTESIAN_POINT('',(-0.0815845177164256,-0.00747155549940696,0.0875033777807524));
#4032=CARTESIAN_POINT('',(-0.0756466010572102,-0.01,0.0868322098956067));
#4033=CARTESIAN_POINT('',(-0.0756817115522782,-0.0100000361272792,0.0868691893991838));
#4034=CARTESIAN_POINT('',(-0.0757154049826176,-0.00999993083550626,0.0869046764008489));
#4035=CARTESIAN_POINT('',(-0.075801512807233,-0.00999758813541175,0.0869953679271689));
#4036=CARTESIAN_POINT('',(-0.0759474920745726,-0.00998819669204995,0.0871491179773128));
#4037=CARTESIAN_POINT('',(-0.0762463658398779,-0.00994755146475088,0.087463901415236));
#4038=CARTESIAN_POINT('',(-0.0767565543523667,-0.00979999859389028,0.0880012483080511));
#4039=CARTESIAN_POINT('',(-0.0777784887226118,-0.00923178442789736,0.0890775823032125));
#4040=CARTESIAN_POINT('',(-0.0785119392587322,-0.00827622126271235,0.089850075882526));
#4041=CARTESIAN_POINT('',(-0.0788635960174159,-0.00747155556970354,0.0902204520475744));
#4042=CARTESIAN_POINT('',(-0.073629657222746,-0.01,0.0886841610290012));
#4043=CARTESIAN_POINT('',(-0.0736639153512275,-0.010000036127277,0.088721914032649));
#4044=CARTESIAN_POINT('',(-0.0736967906797627,-0.00999993083551036,0.0887581434598985));
#4045=CARTESIAN_POINT('',(-0.0737808078815545,-0.00999758813555967,0.088850732201943));
#4046=CARTESIAN_POINT('',(-0.0739232428566257,-0.00998819669276592,0.0890076986631873));
#4047=CARTESIAN_POINT('',(-0.0742148601306151,-0.00994755146795401,0.0893290673029899));
#4048=CARTESIAN_POINT('',(-0.0747126614653383,-0.00979999860562477,0.08987765547979));
#4049=CARTESIAN_POINT('',(-0.0757097834393537,-0.00923178446979064,0.0909765066599102));
#4050=CARTESIAN_POINT('',(-0.0764254256184741,-0.00827622133086796,0.091765161432432));
#4051=CARTESIAN_POINT('',(-0.0767685440352513,-0.00747155563395561,0.0921432862224308));
#4052=CARTESIAN_POINT('',(-0.0722612432492288,-0.01,0.0898939361237432));
#4053=CARTESIAN_POINT('',(-0.0722949986158767,-0.0100000361272819,0.0899321348963536));
#4054=CARTESIAN_POINT('',(-0.0723273920634286,-0.00999993083550121,0.0899687915881097));
#4055=CARTESIAN_POINT('',(-0.0724101771479561,-0.00999758813522845,0.0900624727889704));
#4056=CARTESIAN_POINT('',(-0.0725505234733805,-0.00998819669116286,0.0902212911565748));
#4057=CARTESIAN_POINT('',(-0.0728378644774762,-0.00994755146078197,0.0905464513570691));
#4058=CARTESIAN_POINT('',(-0.0733283661837889,-0.0097999985793503,0.0911015117435595));
#4059=CARTESIAN_POINT('',(-0.0743108669339626,-0.00923178437598732,0.0922133267548768));
#4060=CARTESIAN_POINT('',(-0.0750160157841622,-0.00827622117825487,0.0930112852312665));
#4061=CARTESIAN_POINT('',(-0.0753541031686536,-0.00747155549008233,0.0933938706474852));
#4062=CARTESIAN_POINT('',(-0.0738368863346965,-0.01,0.0885367383988059));
#4063=CARTESIAN_POINT('',(-0.0740199243547311,-0.01,0.088369731908966));
#4064=CARTESIAN_POINT('',(-0.0742024204180655,-0.01,0.0882022021996723));
#4065=CARTESIAN_POINT('',(-0.0743843494090711,-0.01,0.0880341259373591));
#4066=CARTESIAN_POINT('',(-0.0747619142716094,-0.01,0.087685310223462));
#4067=CARTESIAN_POINT('',(-0.075137036611039,-0.01,0.0873341403577711));
#4068=CARTESIAN_POINT('',(-0.0755094507301564,-0.01,0.0869803647800838));
#4069=CARTESIAN_POINT('',(-0.0756620626073232,-0.01,0.0868353908055885));
#4070=CARTESIAN_POINT('',(-0.0758142197172652,-0.01,0.0866899792789871));
#4071=CARTESIAN_POINT('',(-0.0759659003580915,-0.01,0.0865441091140697));
#4072=CARTESIAN_POINT('',(-0.0761846194244742,-0.01,0.0863337685847179));
#4073=CARTESIAN_POINT('',(-0.0764023474182673,-0.01,0.086122474471036));
#4074=CARTESIAN_POINT('',(-0.0766190207158112,-0.01,0.0859101630820515));
#4075=CARTESIAN_POINT('',(-0.0769862363736026,-0.01,0.0855503399416537));
#4076=CARTESIAN_POINT('',(-0.0773504224640009,-0.0100000000000004,0.0851875947246816));
#4077=CARTESIAN_POINT('',(-0.0777111974020165,-0.009999999999998,0.0848215496545003));
#4078=CARTESIAN_POINT('',(-0.0778190092648336,-0.0099999999999972,0.0847121628963504));
#4079=CARTESIAN_POINT('',(-0.0779265165225628,-0.0099999999999962,0.0846024814715634));
#4080=CARTESIAN_POINT('',(-0.0780337068815446,-0.0099999999999944,0.0844924922155404));
#4081=CARTESIAN_POINT('',(-0.0782855148527922,-0.0099999999999902,0.0842341091698892));
#4082=CARTESIAN_POINT('',(-0.0785355662868371,-0.0099999999999815,0.0839740344164213));
#4083=CARTESIAN_POINT('',(-0.0787836940394744,-0.0099999999999736,0.0837121030426247));
#4084=CARTESIAN_POINT('',(-0.0791378088738543,-0.0099999999999623,0.0833382884085701));
#4085=CARTESIAN_POINT('',(-0.0794880053163561,-0.0099999999999612,0.082960691951981));
#4086=CARTESIAN_POINT('',(-0.0798336141998055,-0.0099999999999803,0.0825787593621634));
#4087=CARTESIAN_POINT('',(-0.0798974301405001,-0.0099999999999839,0.0825082363268238));
#4088=CARTESIAN_POINT('',(-0.0799610896868178,-0.0099999999999877,0.0824375654715792));
#4089=CARTESIAN_POINT('',(-0.0800245886465104,-0.0099999999999912,0.08236674055718));
#4090=CARTESIAN_POINT('',(-0.0803053975537909,-0.0100000000000065,0.0820535343736934));
#4091=CARTESIAN_POINT('',(-0.0805830565208958,-0.0099999999999992,0.0817373559272532));
#4092=CARTESIAN_POINT('',(-0.0808572524047439,-0.0099999999999995,0.08141759715907));
#4093=CARTESIAN_POINT('',(-0.0808996001280022,-0.0099999999999995,0.0813682125525822));
#4094=CARTESIAN_POINT('',(-0.0809418652422241,-0.0099999999999996,0.0813187425461066));
#4095=CARTESIAN_POINT('',(-0.0809840444925769,-0.0099999999999997,0.0812691859677493));
#4096=CARTESIAN_POINT('',(-0.0812771429776393,-0.0100000000000003,0.08092482332688));
#4097=CARTESIAN_POINT('',(-0.0815661423316326,-0.0100000000000007,0.0805762306680572));
#4098=CARTESIAN_POINT('',(-0.0818496792562549,-0.0099999999999992,0.0802233946974935));
#4099=CARTESIAN_POINT('',(-0.0818711413125349,-0.0099999999999991,0.080196687116222));
#4100=CARTESIAN_POINT('',(-0.0818925720919292,-0.009999999999999,0.0801699552388233));
#4101=CARTESIAN_POINT('',(-0.0819139703418264,-0.0099999999999988,0.0801431997600371));
#4102=CARTESIAN_POINT('',(-0.0820544310352568,-0.0099999999999978,0.0799675735699778));
#4103=CARTESIAN_POINT('',(-0.0821935802909251,-0.0099999999999982,0.0797908119418197));
#4104=CARTESIAN_POINT('',(-0.0823310986496489,-0.0099999999999988,0.0796130599448572));
#4105=CARTESIAN_POINT('',(-0.0824895271002451,-0.0099999999999996,0.0794082802068609));
#4106=CARTESIAN_POINT('',(-0.0826457910029391,-0.01,0.0792021861130837));
#4107=CARTESIAN_POINT('',(-0.0827997448856061,-0.0099999999999997,0.0789945090551549));
#4108=CARTESIAN_POINT('',(-0.0828014701109228,-0.0099999999999997,0.0789921818016175));
#4109=CARTESIAN_POINT('',(-0.0828031950461367,-0.0099999999999997,0.0789898543492778));
#4110=CARTESIAN_POINT('',(-0.0828049196908168,-0.0099999999999997,0.07898752669788));
#4111=CARTESIAN_POINT('',(-0.0829570960992455,-0.0099999999999994,0.078782143157787));
#4112=CARTESIAN_POINT('',(-0.0831069377313169,-0.0099999999999997,0.0785753003413049));
#4113=CARTESIAN_POINT('',(-0.0832541664694895,-0.0099999999999989,0.0783668092846065));
#4114=CARTESIAN_POINT('',(-0.0833867506284068,-0.0099999999999981,0.0781790564604144));
#4115=CARTESIAN_POINT('',(-0.083517215849768,-0.0099999999999991,0.0779899669843259));
#4116=CARTESIAN_POINT('',(-0.0836453200123349,-0.0099999999999826,0.0777993412565966));
#4117=CARTESIAN_POINT('',(-0.0836611049699847,-0.0099999999999806,0.0777758524098733));
#4118=CARTESIAN_POINT('',(-0.0836768538607923,-0.0099999999999785,0.0777523402653443));
#4119=CARTESIAN_POINT('',(-0.0836925662016357,-0.0099999999999766,0.0777288044892717));
#4120=CARTESIAN_POINT('',(-0.0838357859400728,-0.009999999999959,0.0775142732665437));
#4121=CARTESIAN_POINT('',(-0.0839759689701738,-0.0099999999999564,0.0772977786678311));
#4122=CARTESIAN_POINT('',(-0.0841126285846336,-0.0099999999999677,0.0770790043048769));
#4123=CARTESIAN_POINT('',(-0.0842177639677979,-0.0099999999999764,0.0769106961579046));
#4124=CARTESIAN_POINT('',(-0.0843208139835081,-0.0099999999999899,0.076741038707269));
#4125=CARTESIAN_POINT('',(-0.0844214695498487,-0.0099999999999962,0.0765698289179035));
#4126=CARTESIAN_POINT('',(-0.0844516383339705,-0.0099999999999981,0.0765185134133298));
#4127=CARTESIAN_POINT('',(-0.0844815924456696,-0.0099999999999988,0.0764670588087655));
#4128=CARTESIAN_POINT('',(-0.0845113226938815,-0.0099999999999992,0.0764154610879519));
#4129=CARTESIAN_POINT('',(-0.0845757864748597,-0.0100000000000002,0.0763035822987201));
#4130=CARTESIAN_POINT('',(-0.0846391976811592,-0.0100000000000002,0.0761910305990132));
#4131=CARTESIAN_POINT('',(-0.0847014335158606,-0.0099999999999991,0.0760777486050912));
#4132=CARTESIAN_POINT('',(-0.0847274444783748,-0.0099999999999986,0.0760304033142058));
#4133=CARTESIAN_POINT('',(-0.0847532501475877,-0.0099999999999978,0.0759829304681859));
#4134=CARTESIAN_POINT('',(-0.0847788402780463,-0.0099999999999961,0.0759353243298308));
#4135=CARTESIAN_POINT('',(-0.0848144963187904,-0.0099999999999937,0.0758689922565494));
#4136=CARTESIAN_POINT('',(-0.0848497324076868,-0.0099999999999899,0.075802402778125));
#4137=CARTESIAN_POINT('',(-0.0848845292533855,-0.0099999999999865,0.0757355228862772));
#4138=CARTESIAN_POINT('',(-0.0849442846857549,-0.0099999999999806,0.0756206723366385));
#4139=CARTESIAN_POINT('',(-0.0850027452628954,-0.0099999999999771,0.0755049656234092));
#4140=CARTESIAN_POINT('',(-0.0850597597957644,-0.0099999999999837,0.0753882389714479));
#4141=CARTESIAN_POINT('',(-0.0850766790389874,-0.0099999999999857,0.0753535999677456));
#4142=CARTESIAN_POINT('',(-0.0850934708849797,-0.0099999999999883,0.0753188711156321));
#4143=CARTESIAN_POINT('',(-0.0851101309362786,-0.0099999999999911,0.0752840441915562));
#4144=CARTESIAN_POINT('',(-0.0851495806223619,-0.0099999999999978,0.0752015767851004));
#4145=CARTESIAN_POINT('',(-0.0851882436652447,-0.0099999999999987,0.0751186696426329));
#4146=CARTESIAN_POINT('',(-0.0852260674715303,-0.009999999999999,0.0750352181215901));
#4147=CARTESIAN_POINT('',(-0.085279910919335,-0.0099999999999995,0.0749164221023966));
#4148=CARTESIAN_POINT('',(-0.0853320540521444,-0.0100000000000024,0.0747965233304014));
#4149=CARTESIAN_POINT('',(-0.0853819547256675,-0.0099999999999854,0.0746759585369784));
#4150=CARTESIAN_POINT('',(-0.0853907389151133,-0.0099999999999824,0.074654735096268));
#4151=CARTESIAN_POINT('',(-0.0853994535941206,-0.0099999999999786,0.074633491003365));
#4152=CARTESIAN_POINT('',(-0.0854080968452485,-0.0099999999999737,0.0746122249567346));
#4153=CARTESIAN_POINT('',(-0.0854485476853477,-0.0099999999999506,0.0745126988132666));
#4154=CARTESIAN_POINT('',(-0.085487430701313,-0.0099999999999243,0.0744126793270598));
#4155=CARTESIAN_POINT('',(-0.0855245246757563,-0.0099999999999212,0.0743120870975581));
#4156=CARTESIAN_POINT('',(-0.0855470282938438,-0.0099999999999193,0.074251061307002));
#4157=CARTESIAN_POINT('',(-0.0855688734902684,-0.0099999999999254,0.0741898247307373));
#4158=CARTESIAN_POINT('',(-0.0855899877514356,-0.0099999999999377,0.0741283624333334));
#4159=CARTESIAN_POINT('',(-0.0856111006950454,-0.00999999999995,0.0740669039712567));
#4160=CARTESIAN_POINT('',(-0.0856314827900459,-0.0099999999999686,0.0740052198139718));
#4161=CARTESIAN_POINT('',(-0.08565105024746,-0.0099999999999831,0.0739432865186879));
#4162=CARTESIAN_POINT('',(-0.0856532076002296,-0.0099999999999847,0.0739364582444117));
#4163=CARTESIAN_POINT('',(-0.0856553550509466,-0.0099999999999862,0.0739296269418838));
#4164=CARTESIAN_POINT('',(-0.0856574924536309,-0.0099999999999876,0.073922792572002));
#4165=CARTESIAN_POINT('',(-0.0856747421737378,-0.0099999999999993,0.0738676363918235));
#4166=CARTESIAN_POINT('',(-0.0856913424632846,-0.0099999999999991,0.073812280261464));
#4167=CARTESIAN_POINT('',(-0.0857072153106548,-0.0099999999999994,0.0737567075145556));
#4168=CARTESIAN_POINT('',(-0.0857248689861951,-0.0099999999999997,0.0736948998741292));
#4169=CARTESIAN_POINT('',(-0.0857416227916243,-0.0100000000000003,0.0736328242719241));
#4170=CARTESIAN_POINT('',(-0.0857573350857006,-0.0099999999999936,0.0735704446129985));
#4171=CARTESIAN_POINT('',(-0.085757504409718,-0.0099999999999936,0.0735697723766973));
#4172=CARTESIAN_POINT('',(-0.0857576736117528,-0.0099999999999935,0.0735691001039006));
#4173=CARTESIAN_POINT('',(-0.085757842691651,-0.0099999999999934,0.0735684277945171));
#4174=CARTESIAN_POINT('',(-0.0857737042740649,-0.0099999999999867,0.0735053576672537));
#4175=CARTESIAN_POINT('',(-0.0857884913680677,-0.0099999999999914,0.073441965768256));
#4176=CARTESIAN_POINT('',(-0.0858020159304293,-0.0099999999999949,0.0733781664332153));
#4177=CARTESIAN_POINT('',(-0.0858137535980062,-0.009999999999998,0.0733227964059777));
#4178=CARTESIAN_POINT('',(-0.0858245403517317,-0.0099999999999998,0.0732671195208167));
#4179=CARTESIAN_POINT('',(-0.0858341751785951,-0.009999999999997,0.0732110334321967));
#4180=CARTESIAN_POINT('',(-0.0858356339054449,-0.0099999999999966,0.0732025419165185));
#4181=CARTESIAN_POINT('',(-0.0858370657340243,-0.0099999999999962,0.0731940424496302));
#4182=CARTESIAN_POINT('',(-0.0858384699766528,-0.0099999999999959,0.0731855347605352));
#4183=CARTESIAN_POINT('',(-0.0858438088920664,-0.0099999999999947,0.073153188617839));
#4184=CARTESIAN_POINT('',(-0.0858487490313183,-0.0099999999999946,0.0731207236351959));
#4185=CARTESIAN_POINT('',(-0.0858532257262881,-0.0099999999999944,0.0730881527101667));
#4186=CARTESIAN_POINT('',(-0.0858577046837044,-0.0099999999999942,0.0730555653243385));
#4187=CARTESIAN_POINT('',(-0.085861719722683,-0.009999999999994,0.0730228719223352));
#4188=CARTESIAN_POINT('',(-0.0858651832591662,-0.0099999999999914,0.072990202309929));
#4189=CARTESIAN_POINT('',(-0.0858686485514964,-0.0099999999999889,0.0729575161355952));
#4190=CARTESIAN_POINT('',(-0.0858715617814702,-0.0099999999999849,0.0729248537406862));
#4191=CARTESIAN_POINT('',(-0.0858738300959899,-0.0099999999999682,0.0728921821571369));
#4192=CARTESIAN_POINT('',(-0.0858749534598973,-0.00999999999996,0.0728760018270123));
#4193=CARTESIAN_POINT('',(-0.0858759186526849,-0.0099999999999485,0.0728598192414484));
#4194=CARTESIAN_POINT('',(-0.0858767063622046,-0.00999999999993,0.072843635077125));
#4195=CARTESIAN_POINT('',(-0.0858775103169534,-0.0099999999999112,0.0728271171407063));
#4196=CARTESIAN_POINT('',(-0.0858781293116082,-0.0099999999998824,0.0728106083060577));
#4197=CARTESIAN_POINT('',(-0.0858785416955359,-0.0099999999998513,0.0727940954718343));
#4198=CARTESIAN_POINT('',(-0.085878949998085,-0.0099999999998204,0.072777746065728));
#4199=CARTESIAN_POINT('',(-0.0858791557851248,-0.0099999999997877,0.0727613927354433));
#4200=CARTESIAN_POINT('',(-0.085879126169794,-0.0099999999997712,0.0727450214784749));
#4201=CARTESIAN_POINT('',(-0.0858790966058631,-0.0099999999997547,0.0727286786351529));
#4202=CARTESIAN_POINT('',(-0.0858788325027981,-0.0099999999997564,0.0727123179240516));
#4203=CARTESIAN_POINT('',(-0.0858782886048188,-0.0099999999997867,0.0726959235297154));
#4204=CARTESIAN_POINT('',(-0.0858778827950086,-0.0099999999998093,0.0726836914451948));
#4205=CARTESIAN_POINT('',(-0.0858773212026932,-0.009999999999848,0.0726714406051929));
#4206=CARTESIAN_POINT('',(-0.0858765765387773,-0.0099999999998912,0.0726591689082484));
#4207=CARTESIAN_POINT('',(-0.0858763261716382,-0.0099999999999057,0.0726550429803093));
#4208=CARTESIAN_POINT('',(-0.0858760559275246,-0.0099999999999178,0.072650919804818));
#4209=CARTESIAN_POINT('',(-0.0858757649512727,-0.0099999999999279,0.0726467991993391));
#4210=CARTESIAN_POINT('',(-0.085874606239104,-0.0099999999999681,0.072630390314839));
#4211=CARTESIAN_POINT('',(-0.0858731188570153,-0.0099999999999787,0.0726140221720858));
#4212=CARTESIAN_POINT('',(-0.0858712065564449,-0.0099999999999799,0.0725976415535923));
#4213=CARTESIAN_POINT('',(-0.0858692894158508,-0.009999999999981,0.0725812194758306));
#4214=CARTESIAN_POINT('',(-0.085866945356283,-0.0099999999999784,0.0725647850273196));
#4215=CARTESIAN_POINT('',(-0.0858640363458155,-0.0099999999999231,0.0725484366697806));
#4216=CARTESIAN_POINT('',(-0.0858625811716103,-0.0099999999998954,0.0725402587314561));
#4217=CARTESIAN_POINT('',(-0.0858609845742469,-0.009999999999853,0.0725321022953626));
#4218=CARTESIAN_POINT('',(-0.0858592349510429,-0.0099999999997752,0.0725240120273209));
#4219=CARTESIAN_POINT('',(-0.0858574861379097,-0.0099999999996975,0.0725159255050515));
#4220=CARTESIAN_POINT('',(-0.0858555844459271,-0.0099999999995848,0.0725079050893544));
#4221=CARTESIAN_POINT('',(-0.0858535147240749,-0.0099999999994022,0.072499942297665));
#4222=CARTESIAN_POINT('',(-0.0858514471507675,-0.0099999999992198,0.0724919877720206));
#4223=CARTESIAN_POINT('',(-0.0858492118878948,-0.0099999999989679,0.0724840907377497));
#4224=CARTESIAN_POINT('',(-0.0858468085747252,-0.0099999999985928,0.0724762516588262));
#4225=CARTESIAN_POINT('',(-0.0858467777012137,-0.009999999998588,0.0724761509562226));
#4226=CARTESIAN_POINT('',(-0.0858467467999643,-0.0099999999985832,0.072476050263187));
#4227=CARTESIAN_POINT('',(-0.0858467158710038,-0.0099999999985783,0.0724759495797014));
#4228=CARTESIAN_POINT('',(-0.085844341516066,-0.0099999999982052,0.072468220308255));
#4229=CARTESIAN_POINT('',(-0.0858417982143779,-0.009999999997849,0.0724605533204584));
#4230=CARTESIAN_POINT('',(-0.0858391003737868,-0.0099999999975692,0.0724529442516804));
#4231=CARTESIAN_POINT('',(-0.0858336360224055,-0.0099999999970025,0.0724375324346787));
#4232=CARTESIAN_POINT('',(-0.0858275375800985,-0.0099999999967751,0.0724223585104536));
#4233=CARTESIAN_POINT('',(-0.0858209656375814,-0.0099999999968793,0.0724073764129479));
#4234=CARTESIAN_POINT('',(-0.0858143895824266,-0.0099999999969836,0.0723923849398367));
#4235=CARTESIAN_POINT('',(-0.0858073395204361,-0.0099999999973915,0.0723775853975881));
#4236=CARTESIAN_POINT('',(-0.0857999307279265,-0.0099999999978522,0.0723629387415763));
#4237=CARTESIAN_POINT('',(-0.0857925081812582,-0.0099999999983137,0.0723482648945708));
#4238=CARTESIAN_POINT('',(-0.0857847256045518,-0.0099999999988139,0.0723337444644521));
#4239=CARTESIAN_POINT('',(-0.0857766704151334,-0.0099999999991788,0.072319373777086));
#4240=CARTESIAN_POINT('',(-0.0857745334414629,-0.0099999999992757,0.0723155613551884));
#4241=CARTESIAN_POINT('',(-0.0857723772814149,-0.009999999999364,0.0723117594658001));
#4242=CARTESIAN_POINT('',(-0.0857702037275482,-0.0099999999994427,0.0723079689499039));
#4243=CARTESIAN_POINT('',(-0.0857641723950017,-0.0099999999996613,0.0722974507556034));
#4244=CARTESIAN_POINT('',(-0.0857579964296614,-0.0099999999997757,0.0722869955716502));
#4245=CARTESIAN_POINT('',(-0.0857517091560041,-0.0099999999998475,0.0722766214924115));
#4246=CARTESIAN_POINT('',(-0.0857431723577845,-0.0099999999999449,0.0722625356698429));
#4247=CARTESIAN_POINT('',(-0.0857344303652473,-0.0099999999999657,0.0722485994407332));
#4248=CARTESIAN_POINT('',(-0.0857255070911954,-0.0099999999999768,0.0722347787231529));
#4249=CARTESIAN_POINT('',(-0.0857076963826247,-0.009999999999999,0.0722071927976703));
#4250=CARTESIAN_POINT('',(-0.0856891629484429,-0.0100000000000091,0.0721800671785344));
#4251=CARTESIAN_POINT('',(-0.0856700801599635,-0.0099999999998692,0.0721533321028071));
#4252=CARTESIAN_POINT('',(-0.085669862958091,-0.0099999999998676,0.0721530278019699));
#4253=CARTESIAN_POINT('',(-0.0856696456851394,-0.009999999999866,0.0721527235516939));
#4254=CARTESIAN_POINT('',(-0.0856694283412703,-0.0099999999998644,0.0721524193519289));
#4255=CARTESIAN_POINT('',(-0.0856505544185306,-0.0099999999997219,0.0721260029506466));
#4256=CARTESIAN_POINT('',(-0.0856311456891129,-0.0099999999995457,0.0721000064726608));
#4257=CARTESIAN_POINT('',(-0.0856112973028862,-0.009999999999461,0.0720743597797076));
#4258=CARTESIAN_POINT('',(-0.0855911994253212,-0.0099999999993753,0.0720483907115411));
#4259=CARTESIAN_POINT('',(-0.0855706507292894,-0.0099999999993733,0.0720227802653816));
#4260=CARTESIAN_POINT('',(-0.0855497042812059,-0.009999999999428,0.0719974614035409));
#4261=CARTESIAN_POINT('',(-0.0855287398026692,-0.0099999999994826,0.0719721207475253));
#4262=CARTESIAN_POINT('',(-0.085507376893654,-0.0099999999995875,0.0719470722060924));
#4263=CARTESIAN_POINT('',(-0.0854857171754369,-0.0099999999996839,0.0719223333513642));
#4264=CARTESIAN_POINT('',(-0.085469028183486,-0.0099999999997582,0.0719032718592757));
#4265=CARTESIAN_POINT('',(-0.0854521629517119,-0.0099999999998271,0.0718843942130089));
#4266=CARTESIAN_POINT('',(-0.0854351428694064,-0.0099999999998774,0.0718656908719679));
#4267=CARTESIAN_POINT('',(-0.0854079659035913,-0.0099999999999577,0.0718358261479921));
#4268=CARTESIAN_POINT('',(-0.0853803709201733,-0.0099999999999775,0.0718063745953388));
#4269=CARTESIAN_POINT('',(-0.0853524478410837,-0.0099999999999884,0.071777314878544));
#4270=CARTESIAN_POINT('',(-0.085307084599415,-0.0100000000000062,0.0717301050793829));
#4271=CARTESIAN_POINT('',(-0.0852608552808693,-0.01,0.0716839296802548));
#4272=CARTESIAN_POINT('',(-0.0852138917013327,-0.0099999999999996,0.071638608350653));
#4273=CARTESIAN_POINT('',(-0.0852015014105658,-0.0099999999999995,0.0716266513308251));
#4274=CARTESIAN_POINT('',(-0.085189060038427,-0.0099999999999994,0.0716147537339497));
#4275=CARTESIAN_POINT('',(-0.0851765701166048,-0.0099999999999991,0.0716029140693827));
#4276=CARTESIAN_POINT('',(-0.0851417220906493,-0.0099999999999985,0.0715698803207326));
#4277=CARTESIAN_POINT('',(-0.0851064997693202,-0.0099999999999985,0.0715373040453107));
#4278=CARTESIAN_POINT('',(-0.085070945878626,-0.0099999999999988,0.0715051351674424));
#4279=CARTESIAN_POINT('',(-0.0850226330247883,-0.0099999999999991,0.0714614220810762));
#4280=CARTESIAN_POINT('',(-0.0849737079590523,-0.01,0.0714184612299181));
#4281=CARTESIAN_POINT('',(-0.084924236199822,-0.0099999999999983,0.071376147343843));
#4282=CARTESIAN_POINT('',(-0.0849171633416043,-0.009999999999998,0.0713700978295037));
#4283=CARTESIAN_POINT('',(-0.0849100793069711,-0.0099999999999977,0.0713640615405416));
#4284=CARTESIAN_POINT('',(-0.0849029842544635,-0.0099999999999973,0.0713580382347899));
#4285=CARTESIAN_POINT('',(-0.0848604519411591,-0.0099999999999949,0.071321930661648));
#4286=CARTESIAN_POINT('',(-0.0848175234190186,-0.00999999999999,0.0712862924970112));
#4287=CARTESIAN_POINT('',(-0.0847742372112051,-0.0099999999999829,0.071251079227038));
#4288=CARTESIAN_POINT('',(-0.0846732333792569,-0.0099999999999663,0.0711689127499456));
#4289=CARTESIAN_POINT('',(-0.0845702819891369,-0.0099999999999362,0.071089059658507));
#4290=CARTESIAN_POINT('',(-0.0844657079182953,-0.0099999999999425,0.0710111087106697));
#4291=CARTESIAN_POINT('',(-0.0844185980145056,-0.0099999999999453,0.0709759923417326));
#4292=CARTESIAN_POINT('',(-0.0843711588089353,-0.0099999999999562,0.0709412620116771));
#4293=CARTESIAN_POINT('',(-0.0843234137921854,-0.0099999999999704,0.0709068952723447));
#4294=CARTESIAN_POINT('',(-0.0842651803739177,-0.0099999999999877,0.0708649790087792));
#4295=CARTESIAN_POINT('',(-0.0842065123592431,-0.0099999999999932,0.0708236110565422));
#4296=CARTESIAN_POINT('',(-0.0841474443495468,-0.0099999999999962,0.0707827428094927));
#4297=CARTESIAN_POINT('',(-0.0840399319553226,-0.0100000000000016,0.0707083566381854));
#4298=CARTESIAN_POINT('',(-0.0839310945738032,-0.01,0.0706356255578339));
#4299=CARTESIAN_POINT('',(-0.0838214112426435,-0.0099999999999994,0.0705645232874411));
#4300=CARTESIAN_POINT('',(-0.0837852728268707,-0.0099999999999993,0.0705410965426233));
#4301=CARTESIAN_POINT('',(-0.0837490425550197,-0.0099999999999989,0.0705178466766256));
#4302=CARTESIAN_POINT('',(-0.0837127193273085,-0.0099999999999984,0.0704947632822882));
#4303=CARTESIAN_POINT('',(-0.0836388374234337,-0.0099999999999972,0.0704478113666956));
#4304=CARTESIAN_POINT('',(-0.0835646158879485,-0.0099999999999955,0.0704015776032561));
#4305=CARTESIAN_POINT('',(-0.0834900577987213,-0.0099999999999941,0.0703559792596669));
#4306=CARTESIAN_POINT('',(-0.0833788082334916,-0.0099999999999921,0.0702879410903405));
#4307=CARTESIAN_POINT('',(-0.0832668094141637,-0.0099999999999918,0.0702213175528667));
#4308=CARTESIAN_POINT('',(-0.083154145908034,-0.0099999999999947,0.070155950261028));
#4309=CARTESIAN_POINT('',(-0.0831306262347138,-0.0099999999999954,0.0701423041621031));
#4310=CARTESIAN_POINT('',(-0.0831070775897856,-0.0099999999999961,0.0701287128194219));
#4311=CARTESIAN_POINT('',(-0.083083500342494,-0.0099999999999968,0.0701151749239699));
#4312=CARTESIAN_POINT('',(-0.0829941370721072,-0.0099999999999995,0.0700638631403344));
#4313=CARTESIAN_POINT('',(-0.0829043582874721,-0.0099999999999996,0.0700133127622147));
#4314=CARTESIAN_POINT('',(-0.0828141986304737,-0.0099999999999997,0.0699634601776072));
#4315=CARTESIAN_POINT('',(-0.0827002670698789,-0.01,0.0699004632347048));
#4316=CARTESIAN_POINT('',(-0.0825857273072227,-0.0100000000000004,0.0698385805734764));
#4317=CARTESIAN_POINT('',(-0.0824706456743864,-0.0099999999999963,0.0697777067765419));
#4318=CARTESIAN_POINT('',(-0.0824605376634709,-0.009999999999996,0.0697723600240784));
#4319=CARTESIAN_POINT('',(-0.0824504254723771,-0.0099999999999956,0.069767021054359));
#4320=CARTESIAN_POINT('',(-0.0824403091366002,-0.0099999999999951,0.0697616898131627));
#4321=CARTESIAN_POINT('',(-0.0822200816344482,-0.0099999999999851,0.0696456313945888));
#4322=CARTESIAN_POINT('',(-0.0819978731019122,-0.0099999999999665,0.0695332416944569));
#4323=CARTESIAN_POINT('',(-0.0817740353563295,-0.0099999999999632,0.0694239547785017));
#4324=CARTESIAN_POINT('',(-0.0815579018377762,-0.00999999999996,0.0693184293872602));
#4325=CARTESIAN_POINT('',(-0.0813402493729311,-0.009999999999972,0.0692157967705589));
#4326=CARTESIAN_POINT('',(-0.0811212973168581,-0.0099999999999859,0.069115677918459));
#4327=CARTESIAN_POINT('',(-0.0811030308748979,-0.009999999999987,0.069107325335552));
#4328=CARTESIAN_POINT('',(-0.0810847549838677,-0.0099999999999881,0.0690989900001908));
#4329=CARTESIAN_POINT('',(-0.0810664697370142,-0.009999999999989,0.0690906716793933));
#4330=CARTESIAN_POINT('',(-0.0808289956166871,-0.0100000000000012,0.0689826400006408));
#4331=CARTESIAN_POINT('',(-0.0805899434942123,-0.0099999999999996,0.0688774778831937));
#4332=CARTESIAN_POINT('',(-0.0803499608238942,-0.0099999999999997,0.0687749804467304));
#4333=CARTESIAN_POINT('',(-0.0801575411643246,-0.0099999999999998,0.0686927973382382));
#4334=CARTESIAN_POINT('',(-0.0799645232906985,-0.0099999999999997,0.0686123274246364));
#4335=CARTESIAN_POINT('',(-0.0797709157680858,-0.0099999999999977,0.0685333697980818));
#4336=CARTESIAN_POINT('',(-0.0797231505428668,-0.0099999999999972,0.0685138900342574));
#4337=CARTESIAN_POINT('',(-0.0796753559930998,-0.0099999999999967,0.0684945052563327));
#4338=CARTESIAN_POINT('',(-0.0796275320372648,-0.0099999999999964,0.0684752122432615));
#4339=CARTESIAN_POINT('',(-0.0793858141325733,-0.0099999999999948,0.0683776990490196));
#4340=CARTESIAN_POINT('',(-0.0791433451972473,-0.009999999999997,0.0682825296688977));
#4341=CARTESIAN_POINT('',(-0.0789001821663672,-0.0099999999999984,0.068189389544754));
#4342=CARTESIAN_POINT('',(-0.0787345175136057,-0.0099999999999993,0.0681259340668855));
#4343=CARTESIAN_POINT('',(-0.0785685306391733,-0.0099999999999998,0.0680634206054223));
#4344=CARTESIAN_POINT('',(-0.0784022246424993,-0.01,0.0680017713264336));
#4345=CARTESIAN_POINT('',(-0.0780802833960797,-0.01,0.06788242839163));
#4346=CARTESIAN_POINT('',(-0.0777571535529217,-0.0099999999999993,0.0677663270785344));
#4347=CARTESIAN_POINT('',(-0.0774330465499354,-0.0099999999999989,0.0676529889677529));
#4348=CARTESIAN_POINT('',(-0.0772953612338545,-0.0099999999999988,0.0676048413082973));
#4349=CARTESIAN_POINT('',(-0.0771574995936014,-0.0099999999999989,0.0675571922742729));
#4350=CARTESIAN_POINT('',(-0.0770194747386462,-0.0099999999999993,0.0675100158963724));
#4351=CARTESIAN_POINT('',(-0.0766647822871262,-0.0100000000000004,0.0673887833463597));
#4352=CARTESIAN_POINT('',(-0.0763090118826326,-0.0100000000000003,0.067270663383551));
#4353=CARTESIAN_POINT('',(-0.0759522955357936,-0.0099999999999996,0.0671551755768479));
#4354=CARTESIAN_POINT('',(-0.0758434392492808,-0.0099999999999994,0.067119933082674));
#4355=CARTESIAN_POINT('',(-0.0757344948669864,-0.0099999999999991,0.0670849357216768));
#4356=CARTESIAN_POINT('',(-0.0756254647142941,-0.0099999999999983,0.0670501726775542));
#4357=CARTESIAN_POINT('',(-0.0752381847441978,-0.0099999999999954,0.0669266927928087));
#4358=CARTESIAN_POINT('',(-0.0748498698611571,-0.0099999999999896,0.0668061892246796));
#4359=CARTESIAN_POINT('',(-0.0744606661440273,-0.0099999999999866,0.066688190564759));
#4360=CARTESIAN_POINT('',(-0.0739618698668953,-0.0099999999999826,0.0665369656671425));
#4361=CARTESIAN_POINT('',(-0.0734616137299542,-0.0099999999999848,0.0663898549488712));
#4362=CARTESIAN_POINT('',(-0.0729604294521169,-0.0099999999999915,0.0662461451993514));
#4363=CARTESIAN_POINT('',(-0.0729109283956461,-0.0099999999999922,0.0662319512496587));
#4364=CARTESIAN_POINT('',(-0.072861418284791,-0.0099999999999929,0.066217790477614));
#4365=CARTESIAN_POINT('',(-0.0728118992654124,-0.0099999999999935,0.0662036622046521));
#4366=CARTESIAN_POINT('',(-0.0723600586370342,-0.0099999999999997,0.0660747475408903));
#4367=CARTESIAN_POINT('',(-0.0719074664471565,-0.0099999999999996,0.0659485299748443));
#4368=CARTESIAN_POINT('',(-0.0714542528808471,-0.01,0.0658244998480304));
#4369=CARTESIAN_POINT('',(-0.0709625097348865,-0.01,0.0656899254017048));
#4370=CARTESIAN_POINT('',(-0.0704700350737871,-0.01,0.0655579261199354));
#4371=CARTESIAN_POINT('',(-0.0699769862185184,-0.01,0.0654280014450878));
#4372=CARTESIAN_POINT('',(-0.0694616072267954,-0.01,0.0652921924938909));
#4373=CARTESIAN_POINT('',(-0.0689455929500212,-0.01,0.0651586465149634));
#4374=CARTESIAN_POINT('',(-0.0684291061047089,-0.0099999999999996,0.0650267879662384));
#4375=CARTESIAN_POINT('',(-0.0679960904622766,-0.0099999999999993,0.0649162395278715));
#4376=CARTESIAN_POINT('',(-0.0675627426568804,-0.0099999999999991,0.0648068771739173));
#4377=CARTESIAN_POINT('',(-0.067129136607718,-0.0099999999999995,0.0646984311606742));
#4378=CARTESIAN_POINT('',(-0.0665507653927716,-0.01,0.0645537789987482));
#4379=CARTESIAN_POINT('',(-0.0659719378982776,-0.01,0.0644107534805648));
#4380=CARTESIAN_POINT('',(-0.0653928334579642,-0.01,0.064268713349726));
#4381=CARTESIAN_POINT('',(-0.0650199354207888,-0.01,0.0641772505974091));
#4382=CARTESIAN_POINT('',(-0.0646469225529178,-0.01,0.0640861964214708));
#4383=CARTESIAN_POINT('',(-0.0642738377838226,-0.01,0.0639953986617576));
#4384=CARTESIAN_POINT('',(-0.063633155497438,-0.01,0.0638394756085792));
#4385=CARTESIAN_POINT('',(-0.0629922623590463,-0.0099999999999993,0.0636843047164644));
#4386=CARTESIAN_POINT('',(-0.0623513732208033,-0.0099999999999987,0.063529119309089));
#4387=CARTESIAN_POINT('',(-0.0620394756388945,-0.0099999999999984,0.0634535961797056));
#4388=CARTESIAN_POINT('',(-0.061727579005045,-0.0099999999999985,0.0633780696128169));
#4389=CARTESIAN_POINT('',(-0.0614157070775422,-0.0099999999999991,0.0633024548764692));
#4390=CARTESIAN_POINT('',(-0.0607135681503476,-0.0100000000000004,0.0631322181697405));
#4391=CARTESIAN_POINT('',(-0.0600115565473482,-0.0100000000000009,0.0629615266648458));
#4392=CARTESIAN_POINT('',(-0.0593099472159727,-0.009999999999999,0.0627894039460337));
#4393=CARTESIAN_POINT('',(-0.0590595667869347,-0.0099999999999983,0.0627279792211104));
#4394=CARTESIAN_POINT('',(-0.0588092375892431,-0.0099999999999971,0.0626663722266113));
#4395=CARTESIAN_POINT('',(-0.0585589724493032,-0.0099999999999939,0.062604536881407));
#4396=CARTESIAN_POINT('',(-0.0577964576068359,-0.0099999999999842,0.0624161352185997));
#4397=CARTESIAN_POINT('',(-0.0570345412187475,-0.0099999999998818,0.0622256028210856));
#4398=CARTESIAN_POINT('',(-0.0562735746976131,-0.0099999999998814,0.0620316815777141));
#4399=CARTESIAN_POINT('',(-0.0560849219762039,-0.0099999999998813,0.0619836061771741));
#4400=CARTESIAN_POINT('',(-0.0558963276271367,-0.0099999999998905,0.061935322495468));
#4401=CARTESIAN_POINT('',(-0.0557077978211599,-0.0099999999999087,0.0618868093088656));
#4402=CARTESIAN_POINT('',(-0.0548862722923657,-0.0099999999999877,0.0616754113229052));
#4403=CARTESIAN_POINT('',(-0.0540659611336833,-0.0099999999999908,0.0614596011932399));
#4404=CARTESIAN_POINT('',(-0.0532474165436537,-0.0099999999999936,0.0612375765777916));
#4405=CARTESIAN_POINT('',(-0.0522410081451727,-0.0099999999999969,0.0609645951906096));
#4406=CARTESIAN_POINT('',(-0.0512372703227719,-0.0100000000000078,0.060682219079153));
#4407=CARTESIAN_POINT('',(-0.0502372679746989,-0.0099999999999233,0.0603864345696701));
#4408=CARTESIAN_POINT('',(-0.0501715280207928,-0.0099999999999177,0.0603669897553084));
#4409=CARTESIAN_POINT('',(-0.0501058042101239,-0.0099999999999116,0.0603474869960222));
#4410=CARTESIAN_POINT('',(-0.050040097059715,-0.009999999999905,0.0603279249477805));
#4411=CARTESIAN_POINT('',(-0.0491063096562277,-0.0099999999998105,0.0600499218062528));
#4412=CARTESIAN_POINT('',(-0.0481758601132969,-0.0100000000000012,0.0597600309150697));
#4413=CARTESIAN_POINT('',(-0.0472499006925785,-0.0099999999999984,0.0594541291131617));
#4414=CARTESIAN_POINT('',(-0.0472446628734702,-0.0099999999999983,0.0594523987367894));
#4415=CARTESIAN_POINT('',(-0.0472394251981185,-0.0099999999999983,0.0594506678479913));
#4416=CARTESIAN_POINT('',(-0.04723418766653,-0.0099999999999983,0.0594489364456604));
#4417=CARTESIAN_POINT('',(-0.0465979112210903,-0.009999999999996,0.0592385987126892));
#4418=CARTESIAN_POINT('',(-0.0459637589699152,-0.0099999999999196,0.0590206854076555));
#4419=CARTESIAN_POINT('',(-0.04533221739325,-0.0099999999999061,0.0587934897735324));
#4420=CARTESIAN_POINT('',(-0.0450395419959897,-0.0099999999998999,0.058688200470453));
#4421=CARTESIAN_POINT('',(-0.0447474270579445,-0.0099999999999309,0.0585809182229179));
#4422=CARTESIAN_POINT('',(-0.044455919706952,-0.0099999999999695,0.0584714769162292));
#4423=CARTESIAN_POINT('',(-0.0444018642624849,-0.0099999999999767,0.0584511827505556));
#4424=CARTESIAN_POINT('',(-0.0443478312924589,-0.0099999999999818,0.0584308142543508));
#4425=CARTESIAN_POINT('',(-0.0442938193469131,-0.0099999999999856,0.0584103697308902));
#4426=CARTESIAN_POINT('',(-0.0438879374258671,-0.0100000000000144,0.0582567358935375));
#4427=CARTESIAN_POINT('',(-0.0434832413519199,-0.01,0.0580988134583322));
#4428=CARTESIAN_POINT('',(-0.043079900106319,-0.01,0.0579360381436412));
#4429=CARTESIAN_POINT('',(-0.0426999028390396,-0.01,0.0577826836939346));
#4430=CARTESIAN_POINT('',(-0.0423211020106822,-0.01,0.0576250099214305));
#4431=CARTESIAN_POINT('',(-0.0419447079900168,-0.01,0.0574629584771379));
#4432=CARTESIAN_POINT('',(-0.0418684204674383,-0.01,0.057430113897956));
#4433=CARTESIAN_POINT('',(-0.0417922317477108,-0.01,0.0573970896441088));
#4434=CARTESIAN_POINT('',(-0.0417161517891708,-0.01,0.0573638854752925));
#4435=CARTESIAN_POINT('',(-0.0416050718020794,-0.01,0.0573154059714352));
#4436=CARTESIAN_POINT('',(-0.0414942162756745,-0.0100000000000003,0.0572665381108811));
#4437=CARTESIAN_POINT('',(-0.0413836002973005,-0.009999999999999,0.057217274639413));
#4438=CARTESIAN_POINT('',(-0.0408134667593197,-0.0099999999999925,0.0569633623412602));
#4439=CARTESIAN_POINT('',(-0.0402496958412692,-0.0099999999997952,0.0566989439668096));
#4440=CARTESIAN_POINT('',(-0.0396930548621667,-0.0099999999997556,0.0564221323607407));
#4441=CARTESIAN_POINT('',(-0.0394798443152824,-0.0099999999997404,0.0563161050358947));
#4442=CARTESIAN_POINT('',(-0.0392676799638655,-0.0099999999997746,0.0562082589917703));
#4443=CARTESIAN_POINT('',(-0.0390566055541509,-0.0099999999998483,0.0560984861389723));
#4444=CARTESIAN_POINT('',(-0.038893725878988,-0.0099999999999052,0.0560137777812438));
#4445=CARTESIAN_POINT('',(-0.0387315034126903,-0.0099999999999362,0.0559279184214259));
#4446=CARTESIAN_POINT('',(-0.0385699684085405,-0.0099999999999563,0.0558408621882574));
#4447=CARTESIAN_POINT('',(-0.0381113011222239,-0.0100000000000135,0.0555936721353368));
#4448=CARTESIAN_POINT('',(-0.0376581768515317,-0.0099999999999995,0.055336831834363));
#4449=CARTESIAN_POINT('',(-0.0372113737774803,-0.01,0.0550689532047604));
#4450=CARTESIAN_POINT('',(-0.0369759474382097,-0.01,0.0549278044777287));
#4451=CARTESIAN_POINT('',(-0.0367422760022356,-0.01,0.0547835912381837));
#4452=CARTESIAN_POINT('',(-0.0365105248843673,-0.01,0.0546361280006984));
#4453=CARTESIAN_POINT('',(-0.0363024475039953,-0.01,0.0545037283625032));
#4454=CARTESIAN_POINT('',(-0.0360958741927094,-0.0099999999999991,0.0543686709586571));
#4455=CARTESIAN_POINT('',(-0.0358909266554237,-0.0099999999999776,0.0542308271545652));
#4456=CARTESIAN_POINT('',(-0.0356888503659996,-0.0099999999999563,0.0540949144970145));
#4457=CARTESIAN_POINT('',(-0.0354883546342959,-0.0099999999999133,0.0539562929789899));
#4458=CARTESIAN_POINT('',(-0.0352894676193063,-0.0099999999999025,0.0538147125736853));
#4459=CARTESIAN_POINT('',(-0.0350619892891138,-0.00999999999989,0.0536527790548563));
#4460=CARTESIAN_POINT('',(-0.0348368244038151,-0.0099999999999563,0.0534871326119767));
#4461=CARTESIAN_POINT('',(-0.0346139096771699,-0.0099999999999816,0.0533173123633055));
#4462=CARTESIAN_POINT('',(-0.0344442611604789,-0.0100000000000008,0.0531880712237688));
#4463=CARTESIAN_POINT('',(-0.0342759161423759,-0.01,0.0530564125354163));
#4464=CARTESIAN_POINT('',(-0.0341092330301305,-0.01,0.0529224546742615));
#4465=CARTESIAN_POINT('',(-0.0338652505417582,-0.01,0.052726373788434));
#4466=CARTESIAN_POINT('',(-0.0336244362206841,-0.0099999999999625,0.0525250325373249));
#4467=CARTESIAN_POINT('',(-0.0333883133473658,-0.0099999999999085,0.052319152179761));
#4468=CARTESIAN_POINT('',(-0.0332511597886864,-0.0099999999998771,0.0521995651897111));
#4469=CARTESIAN_POINT('',(-0.0331155887005932,-0.0099999999998768,0.0520784476036498));
#4470=CARTESIAN_POINT('',(-0.0329816903050324,-0.009999999999929,0.0519558142939057));
#4471=CARTESIAN_POINT('',(-0.0327417781776333,-0.0100000000000225,0.0517360863568569));
#4472=CARTESIAN_POINT('',(-0.0325074998656038,-0.0099999999999994,0.051511663128235));
#4473=CARTESIAN_POINT('',(-0.0322788615237552,-0.01,0.0512821568371223));
#4474=CARTESIAN_POINT('',(-0.0322656329173726,-0.01,0.0512688780127443));
#4475=CARTESIAN_POINT('',(-0.0322524232016048,-0.01,0.0512555821621859));
#4476=CARTESIAN_POINT('',(-0.0322392323815318,-0.01,0.0512422692065126));
#4477=CARTESIAN_POINT('',(-0.0321341077145267,-0.01,0.051136171175893));
#4478=CARTESIAN_POINT('',(-0.0320301830283946,-0.01,0.0510289868872419));
#4479=CARTESIAN_POINT('',(-0.0319274666031427,-0.01,0.0509206726581196));
#4480=CARTESIAN_POINT('',(-0.0316699811610657,-0.01,0.0506491548643454));
#4481=CARTESIAN_POINT('',(-0.0314200767352727,-0.010000000000005,0.0503705243460862));
#4482=CARTESIAN_POINT('',(-0.0311782141569838,-0.0099999999999949,0.0500843647270389));
#4483=CARTESIAN_POINT('',(-0.0311022395638167,-0.0099999999999918,0.0499944754155473));
#4484=CARTESIAN_POINT('',(-0.0310270585592277,-0.0099999999999865,0.0499038431415155));
#4485=CARTESIAN_POINT('',(-0.0309526844277447,-0.0099999999999741,0.0498124459212579));
#4486=CARTESIAN_POINT('',(-0.0307231797137232,-0.0099999999999358,0.0495304111266414));
#4487=CARTESIAN_POINT('',(-0.0305014835158343,-0.0099999999999886,0.0492413101190716));
#4488=CARTESIAN_POINT('',(-0.030288103470457,-0.0099999999999973,0.0489446934383844));
#4489=CARTESIAN_POINT('',(-0.0302627836300237,-0.0099999999999983,0.0489094966747341));
#4490=CARTESIAN_POINT('',(-0.0302375808493873,-0.009999999999999,0.0488741941372629));
#4491=CARTESIAN_POINT('',(-0.0302124959480276,-0.0099999999999994,0.0488387851162198));
#4492=CARTESIAN_POINT('',(-0.030162383842644,-0.01,0.0487680485177935));
#4493=CARTESIAN_POINT('',(-0.030112742186286,-0.01,0.048696886969662));
#4494=CARTESIAN_POINT('',(-0.0300636197686556,-0.01,0.0486253630178362));
#4495=CARTESIAN_POINT('',(-0.0299631742112058,-0.01,0.0484791107859893));
#4496=CARTESIAN_POINT('',(-0.0298647405280714,-0.0099999999999963,0.0483311047662945));
#4497=CARTESIAN_POINT('',(-0.0297687948833445,-0.0099999999999943,0.0481819676719844));
#4498=CARTESIAN_POINT('',(-0.0297305649554445,-0.0099999999999935,0.0481225433971369));
#4499=CARTESIAN_POINT('',(-0.0296927299301761,-0.0099999999999942,0.0480629396729778));
#4500=CARTESIAN_POINT('',(-0.0296552916136848,-0.0099999999999963,0.0480031607950144));
#4501=CARTESIAN_POINT('',(-0.0295529187254774,-0.0100000000000021,0.0478396989472487));
#4502=CARTESIAN_POINT('',(-0.0294536195175731,-0.01,0.0476750668363966));
#4503=CARTESIAN_POINT('',(-0.029357281757205,-0.01,0.0475091095113749));
#4504=CARTESIAN_POINT('',(-0.0293299684473774,-0.0099999999999998,0.047462057931401));
#4505=CARTESIAN_POINT('',(-0.0293028932749598,-0.0099999999999997,0.0474148997881231));
#4506=CARTESIAN_POINT('',(-0.0292760552990566,-0.0099999999999995,0.0473676325106732));
#4507=CARTESIAN_POINT('',(-0.0290567503055886,-0.0099999999999976,0.0469813906416968));
#4508=CARTESIAN_POINT('',(-0.0288532412332877,-0.0099999999999974,0.0465878092358844));
#4509=CARTESIAN_POINT('',(-0.0286658805843228,-0.0099999999999989,0.0461869062026537));
#4510=CARTESIAN_POINT('',(-0.0286552003161891,-0.009999999999999,0.0461640532080992));
#4511=CARTESIAN_POINT('',(-0.0286445725085976,-0.009999999999999,0.0461411764286286));
#4512=CARTESIAN_POINT('',(-0.0286339972222206,-0.0099999999999991,0.0461182758698283));
#4513=CARTESIAN_POINT('',(-0.0286245293480068,-0.0099999999999992,0.0460977733886265));
#4514=CARTESIAN_POINT('',(-0.0286151035712031,-0.0099999999999993,0.0460772518475426));
#4515=CARTESIAN_POINT('',(-0.028605719959721,-0.0099999999999993,0.0460567112824012));
#4516=CARTESIAN_POINT('',(-0.0284174386647575,-0.0100000000000006,0.0456445667459955));
#4517=CARTESIAN_POINT('',(-0.0282461269420789,-0.0100000000000004,0.0452247504372764));
#4518=CARTESIAN_POINT('',(-0.0280922156430623,-0.0099999999999996,0.0447972400487961));
#4519=CARTESIAN_POINT('',(-0.0280795848520419,-0.0099999999999996,0.0447621562413664));
#4520=CARTESIAN_POINT('',(-0.0280670712748668,-0.0099999999999995,0.0447270206047542));
#4521=CARTESIAN_POINT('',(-0.0280546751641221,-0.0099999999999994,0.0446918331204155));
#4522=CARTESIAN_POINT('',(-0.0280516863965676,-0.0099999999999994,0.0446833492327119));
#4523=CARTESIAN_POINT('',(-0.0280487044569145,-0.0099999999999993,0.0446748623022048));
#4524=CARTESIAN_POINT('',(-0.0280457293511532,-0.0099999999999993,0.0446663723386536));
#4525=CARTESIAN_POINT('',(-0.0279673541526303,-0.0099999999999985,0.0444427155572918));
#4526=CARTESIAN_POINT('',(-0.0278937238877744,-0.0099999999999914,0.0442169530708916));
#4527=CARTESIAN_POINT('',(-0.0278248431421005,-0.0099999999999971,0.0439887271336194));
#4528=CARTESIAN_POINT('',(-0.0278176346756463,-0.0099999999999977,0.043964842969813));
#4529=CARTESIAN_POINT('',(-0.0278104791792099,-0.0099999999999981,0.0439409342850167));
#4530=CARTESIAN_POINT('',(-0.027803376291815,-0.0099999999999984,0.0439169995359785));
#4531=CARTESIAN_POINT('',(-0.0277517741544042,-0.010000000000001,0.043743114728281));
#4532=CARTESIAN_POINT('',(-0.0277029447250945,-0.0100000000000002,0.0435678558460955));
#4533=CARTESIAN_POINT('',(-0.0276570582674253,-0.0099999999999997,0.0433918316920572));
#4534=CARTESIAN_POINT('',(-0.0276466157437377,-0.0099999999999996,0.0433517733286206));
#4535=CARTESIAN_POINT('',(-0.0276363258421202,-0.0099999999999994,0.0433116752823777));
#4536=CARTESIAN_POINT('',(-0.0276261909519111,-0.009999999999999,0.0432715447001618));
#4537=CARTESIAN_POINT('',(-0.0276161400393461,-0.0099999999999987,0.0432317466397282));
#4538=CARTESIAN_POINT('',(-0.0276062396011095,-0.0099999999999984,0.043191909497705));
#4539=CARTESIAN_POINT('',(-0.0275964936245936,-0.0099999999999981,0.0431520458888272));
#4540=CARTESIAN_POINT('',(-0.0275472845931798,-0.0099999999999964,0.0429507679996051));
#4541=CARTESIAN_POINT('',(-0.0275020157433439,-0.0099999999999971,0.0427488147123103));
#4542=CARTESIAN_POINT('',(-0.027460704023328,-0.0099999999999989,0.0425466960406124));
#4543=CARTESIAN_POINT('',(-0.0274495955173865,-0.0099999999999994,0.0424923473844786));
#4544=CARTESIAN_POINT('',(-0.0274387728069009,-0.0099999999999996,0.0424379837904581));
#4545=CARTESIAN_POINT('',(-0.0274282350090777,-0.0099999999999998,0.0423836101815661));
#4546=CARTESIAN_POINT('',(-0.0273918219662322,-0.0100000000000002,0.042195723814466));
#4547=CARTESIAN_POINT('',(-0.0273588102134815,-0.01,0.042007718057483));
#4548=CARTESIAN_POINT('',(-0.027329114139397,-0.01,0.0418194341399979));
#4549=CARTESIAN_POINT('',(-0.0273184940028686,-0.01,0.0417520986092437));
#4550=CARTESIAN_POINT('',(-0.0273082987685799,-0.0099999999999998,0.041684732670788));
#4551=CARTESIAN_POINT('',(-0.0272985251838345,-0.0099999999999998,0.0416173329846941));
#4552=CARTESIAN_POINT('',(-0.0272616527431461,-0.0099999999999996,0.0413630566886716));
#4553=CARTESIAN_POINT('',(-0.0272307824667415,-0.0099999999999994,0.041108299914858));
#4554=CARTESIAN_POINT('',(-0.027205812793158,-0.0099999999999994,0.0408531282406521));
#4555=CARTESIAN_POINT('',(-0.0271896755792347,-0.0099999999999995,0.0406882177991897));
#4556=CARTESIAN_POINT('',(-0.0271760026281432,-0.0099999999999996,0.040523134125669));
#4557=CARTESIAN_POINT('',(-0.0271647681879068,-0.0099999999999998,0.0403578774470118));
#4558=CARTESIAN_POINT('',(-0.0271587220973798,-0.01,0.0402689404979212));
#4559=CARTESIAN_POINT('',(-0.0271533825164454,-0.01,0.0401799552091916));
#4560=CARTESIAN_POINT('',(-0.0271487451086085,-0.01,0.0400909207832442));
#4561=CARTESIAN_POINT('',(-0.027135565953469,-0.01,0.0398378918167217));
#4562=CARTESIAN_POINT('',(-0.0271280583041891,-0.01,0.0395844659995534));
#4563=CARTESIAN_POINT('',(-0.0271261454646931,-0.01,0.0393306437867476));
#4564=CARTESIAN_POINT('',(-0.0271250325508446,-0.01,0.0391829668612768));
#4565=CARTESIAN_POINT('',(-0.0271258134052957,-0.01,0.0390351557512768));
#4566=CARTESIAN_POINT('',(-0.0271284756988469,-0.01,0.0388872097585416));
#4567=CARTESIAN_POINT('',(-0.0271303637822263,-0.0099999999999998,0.0387822873055619));
#4568=CARTESIAN_POINT('',(-0.0271331978861831,-0.0099999999999998,0.0386772971358491));
#4569=CARTESIAN_POINT('',(-0.0271369734769903,-0.0099999999999998,0.0385722395611327));
#4570=CARTESIAN_POINT('',(-0.0271460230752569,-0.0099999999999998,0.0383204302696601));
#4571=CARTESIAN_POINT('',(-0.0271604818733593,-0.01,0.0380682337468288));
#4572=CARTESIAN_POINT('',(-0.0271802989131471,-0.01,0.0378156561380666));
#4573=CARTESIAN_POINT('',(-0.0271852365119185,-0.01,0.0377527240904923));
#4574=CARTESIAN_POINT('',(-0.0271905067251179,-0.01,0.0376897683842499));
#4575=CARTESIAN_POINT('',(-0.027196108901692,-0.01,0.0376267891228005));
#4576=CARTESIAN_POINT('',(-0.027201703626278,-0.01,0.0375638936360601));
#4577=CARTESIAN_POINT('',(-0.0272076294316929,-0.01,0.0375009746567393));
#4578=CARTESIAN_POINT('',(-0.027213885614275,-0.01,0.0374380322843631));
#4579=CARTESIAN_POINT('',(-0.0272148916355855,-0.01,0.0374279108777208));
#4580=CARTESIAN_POINT('',(-0.0272159061997585,-0.01,0.037417788866179));
#4581=CARTESIAN_POINT('',(-0.0272169293046863,-0.01,0.0374076662501974));
#4582=CARTESIAN_POINT('',(-0.0856837854930855,-0.00999999999999793,0.0738368477345419));
#4583=CARTESIAN_POINT('',(-0.0856837795726749,-0.01,0.0738368459642983));
#4584=CARTESIAN_POINT('',(-0.0865493626381349,-0.01,0.074205753791885));
#4585=CARTESIAN_POINT('',(-0.088453912575323,-0.00947918171263733,0.074525371555713));
#4586=CARTESIAN_POINT('',(-0.0898862233437204,-0.00824201089533501,0.0740379158800965));
#4587=CARTESIAN_POINT('',(-0.0904136629076281,-0.0075,0.073761371752687));
#4588=CARTESIAN_POINT('',(-0.0904136629076282,-0.0075,0.0737613717526865));
#4589=CARTESIAN_POINT('',(-0.075442519416848,-0.0075,0.0932911196218298));
#4590=CARTESIAN_POINT('',(-0.0770020286017785,-0.0075,0.0919104329008996));
#4591=CARTESIAN_POINT('',(-0.0800580446522385,-0.00749999999999998,0.0890861099095858));
#4592=CARTESIAN_POINT('',(-0.0843705433042765,-0.00749999999999999,0.0845623851067075));
#4593=CARTESIAN_POINT('',(-0.0875794543861532,-0.00749999999999997,0.0804393219931869));
#4594=CARTESIAN_POINT('',(-0.0895983377776206,-0.00750000000000003,0.0767824735914587));
#4595=CARTESIAN_POINT('',(-0.0902674315114531,-0.00749999999999998,0.0747821647952834));
#4596=CARTESIAN_POINT('',(-0.0904136629076282,-0.00749999999999998,0.0737613717526864));
#4597=CARTESIAN_POINT('',(-0.0759603241143077,-0.0125,0.0587869564681942));
#4598=CARTESIAN_POINT('',(-0.0738368863346965,-0.0125,0.0885367383988059));
#4599=CARTESIAN_POINT('',(-0.0740199243547311,-0.0125,0.088369731908966));
#4600=CARTESIAN_POINT('',(-0.0742024204180655,-0.0125,0.0882022021996723));
#4601=CARTESIAN_POINT('',(-0.0743843494090711,-0.0125,0.0880341259373591));
#4602=CARTESIAN_POINT('',(-0.0747619142716094,-0.0125,0.087685310223462));
#4603=CARTESIAN_POINT('',(-0.075137036611039,-0.0125,0.0873341403577711));
#4604=CARTESIAN_POINT('',(-0.0755094507301564,-0.0125,0.0869803647800838));
#4605=CARTESIAN_POINT('',(-0.0756620626073232,-0.0125,0.0868353908055885));
#4606=CARTESIAN_POINT('',(-0.0758142197172652,-0.0125,0.0866899792789871));
#4607=CARTESIAN_POINT('',(-0.0759659003580915,-0.0125,0.0865441091140697));
#4608=CARTESIAN_POINT('',(-0.0761846194244742,-0.0125,0.0863337685847179));
#4609=CARTESIAN_POINT('',(-0.0764023474182673,-0.0125,0.086122474471036));
#4610=CARTESIAN_POINT('',(-0.0766190207158112,-0.0125,0.0859101630820515));
#4611=CARTESIAN_POINT('',(-0.0769862363736026,-0.0125,0.0855503399416537));
#4612=CARTESIAN_POINT('',(-0.0773504224640009,-0.0125000000000004,0.0851875947246816));
#4613=CARTESIAN_POINT('',(-0.0777111974020165,-0.012499999999998,0.0848215496545003));
#4614=CARTESIAN_POINT('',(-0.0778190092648336,-0.0124999999999972,0.0847121628963504));
#4615=CARTESIAN_POINT('',(-0.0779265165225628,-0.0124999999999962,0.0846024814715634));
#4616=CARTESIAN_POINT('',(-0.0780337068815446,-0.0124999999999944,0.0844924922155404));
#4617=CARTESIAN_POINT('',(-0.0782855148527922,-0.0124999999999902,0.0842341091698892));
#4618=CARTESIAN_POINT('',(-0.0785355662868371,-0.0124999999999815,0.0839740344164213));
#4619=CARTESIAN_POINT('',(-0.0787836940394744,-0.0124999999999736,0.0837121030426247));
#4620=CARTESIAN_POINT('',(-0.0791378088738543,-0.0124999999999623,0.0833382884085701));
#4621=CARTESIAN_POINT('',(-0.0794880053163561,-0.0124999999999612,0.082960691951981));
#4622=CARTESIAN_POINT('',(-0.0798336141998055,-0.0124999999999803,0.0825787593621634));
#4623=CARTESIAN_POINT('',(-0.0798974301405001,-0.0124999999999839,0.0825082363268238));
#4624=CARTESIAN_POINT('',(-0.0799610896868178,-0.0124999999999877,0.0824375654715792));
#4625=CARTESIAN_POINT('',(-0.0800245886465104,-0.0124999999999912,0.08236674055718));
#4626=CARTESIAN_POINT('',(-0.0803053975537909,-0.0125000000000065,0.0820535343736934));
#4627=CARTESIAN_POINT('',(-0.0805830565208958,-0.0124999999999992,0.0817373559272532));
#4628=CARTESIAN_POINT('',(-0.0808572524047439,-0.0124999999999995,0.08141759715907));
#4629=CARTESIAN_POINT('',(-0.0808996001280022,-0.0124999999999995,0.0813682125525822));
#4630=CARTESIAN_POINT('',(-0.0809418652422241,-0.0124999999999996,0.0813187425461066));
#4631=CARTESIAN_POINT('',(-0.0809840444925769,-0.0124999999999997,0.0812691859677493));
#4632=CARTESIAN_POINT('',(-0.0812771429776393,-0.0125000000000003,0.08092482332688));
#4633=CARTESIAN_POINT('',(-0.0815661423316326,-0.0125000000000007,0.0805762306680572));
#4634=CARTESIAN_POINT('',(-0.0818496792562549,-0.0124999999999992,0.0802233946974935));
#4635=CARTESIAN_POINT('',(-0.0818711413125349,-0.0124999999999991,0.080196687116222));
#4636=CARTESIAN_POINT('',(-0.0818925720919292,-0.012499999999999,0.0801699552388233));
#4637=CARTESIAN_POINT('',(-0.0819139703418264,-0.0124999999999988,0.0801431997600371));
#4638=CARTESIAN_POINT('',(-0.0820544310352568,-0.0124999999999978,0.0799675735699778));
#4639=CARTESIAN_POINT('',(-0.0821935802909251,-0.0124999999999982,0.0797908119418197));
#4640=CARTESIAN_POINT('',(-0.0823310986496489,-0.0124999999999988,0.0796130599448572));
#4641=CARTESIAN_POINT('',(-0.0824895271002451,-0.0124999999999996,0.0794082802068609));
#4642=CARTESIAN_POINT('',(-0.0826457910029391,-0.0125,0.0792021861130837));
#4643=CARTESIAN_POINT('',(-0.0827997448856061,-0.0124999999999997,0.0789945090551549));
#4644=CARTESIAN_POINT('',(-0.0828014701109228,-0.0124999999999997,0.0789921818016175));
#4645=CARTESIAN_POINT('',(-0.0828031950461367,-0.0124999999999997,0.0789898543492778));
#4646=CARTESIAN_POINT('',(-0.0828049196908168,-0.0124999999999997,0.07898752669788));
#4647=CARTESIAN_POINT('',(-0.0829570960992455,-0.0124999999999994,0.078782143157787));
#4648=CARTESIAN_POINT('',(-0.0831069377313169,-0.0124999999999997,0.0785753003413049));
#4649=CARTESIAN_POINT('',(-0.0832541664694895,-0.0124999999999989,0.0783668092846065));
#4650=CARTESIAN_POINT('',(-0.0833867506284068,-0.0124999999999981,0.0781790564604144));
#4651=CARTESIAN_POINT('',(-0.083517215849768,-0.0124999999999991,0.0779899669843259));
#4652=CARTESIAN_POINT('',(-0.0836453200123349,-0.0124999999999826,0.0777993412565966));
#4653=CARTESIAN_POINT('',(-0.0836611049699847,-0.0124999999999806,0.0777758524098733));
#4654=CARTESIAN_POINT('',(-0.0836768538607923,-0.0124999999999785,0.0777523402653443));
#4655=CARTESIAN_POINT('',(-0.0836925662016357,-0.0124999999999766,0.0777288044892717));
#4656=CARTESIAN_POINT('',(-0.0838357859400728,-0.012499999999959,0.0775142732665437));
#4657=CARTESIAN_POINT('',(-0.0839759689701738,-0.0124999999999564,0.0772977786678311));
#4658=CARTESIAN_POINT('',(-0.0841126285846336,-0.0124999999999677,0.0770790043048769));
#4659=CARTESIAN_POINT('',(-0.0842177639677979,-0.0124999999999764,0.0769106961579046));
#4660=CARTESIAN_POINT('',(-0.0843208139835081,-0.0124999999999899,0.076741038707269));
#4661=CARTESIAN_POINT('',(-0.0844214695498487,-0.0124999999999962,0.0765698289179035));
#4662=CARTESIAN_POINT('',(-0.0844516383339705,-0.0124999999999981,0.0765185134133298));
#4663=CARTESIAN_POINT('',(-0.0844815924456696,-0.0124999999999988,0.0764670588087655));
#4664=CARTESIAN_POINT('',(-0.0845113226938815,-0.0124999999999992,0.0764154610879519));
#4665=CARTESIAN_POINT('',(-0.0845757864748597,-0.0125000000000002,0.0763035822987201));
#4666=CARTESIAN_POINT('',(-0.0846391976811592,-0.0125000000000002,0.0761910305990132));
#4667=CARTESIAN_POINT('',(-0.0847014335158606,-0.0124999999999991,0.0760777486050912));
#4668=CARTESIAN_POINT('',(-0.0847274444783748,-0.0124999999999986,0.0760304033142058));
#4669=CARTESIAN_POINT('',(-0.0847532501475877,-0.0124999999999978,0.0759829304681859));
#4670=CARTESIAN_POINT('',(-0.0847788402780463,-0.0124999999999961,0.0759353243298308));
#4671=CARTESIAN_POINT('',(-0.0848144963187904,-0.0124999999999937,0.0758689922565494));
#4672=CARTESIAN_POINT('',(-0.0848497324076868,-0.0124999999999899,0.075802402778125));
#4673=CARTESIAN_POINT('',(-0.0848845292533855,-0.0124999999999865,0.0757355228862772));
#4674=CARTESIAN_POINT('',(-0.0849442846857549,-0.0124999999999806,0.0756206723366385));
#4675=CARTESIAN_POINT('',(-0.0850027452628954,-0.0124999999999771,0.0755049656234092));
#4676=CARTESIAN_POINT('',(-0.0850597597957644,-0.0124999999999837,0.0753882389714479));
#4677=CARTESIAN_POINT('',(-0.0850766790389874,-0.0124999999999857,0.0753535999677456));
#4678=CARTESIAN_POINT('',(-0.0850934708849797,-0.0124999999999883,0.0753188711156321));
#4679=CARTESIAN_POINT('',(-0.0851101309362786,-0.0124999999999911,0.0752840441915562));
#4680=CARTESIAN_POINT('',(-0.0851495806223619,-0.0124999999999978,0.0752015767851004));
#4681=CARTESIAN_POINT('',(-0.0851882436652447,-0.0124999999999987,0.0751186696426329));
#4682=CARTESIAN_POINT('',(-0.0852260674715303,-0.012499999999999,0.0750352181215901));
#4683=CARTESIAN_POINT('',(-0.085279910919335,-0.0124999999999995,0.0749164221023966));
#4684=CARTESIAN_POINT('',(-0.0853320540521444,-0.0125000000000024,0.0747965233304014));
#4685=CARTESIAN_POINT('',(-0.0853819547256675,-0.0124999999999854,0.0746759585369784));
#4686=CARTESIAN_POINT('',(-0.0853907389151133,-0.0124999999999824,0.074654735096268));
#4687=CARTESIAN_POINT('',(-0.0853994535941206,-0.0124999999999786,0.074633491003365));
#4688=CARTESIAN_POINT('',(-0.0854080968452485,-0.0124999999999737,0.0746122249567346));
#4689=CARTESIAN_POINT('',(-0.0854485476853477,-0.0124999999999506,0.0745126988132666));
#4690=CARTESIAN_POINT('',(-0.085487430701313,-0.0124999999999243,0.0744126793270598));
#4691=CARTESIAN_POINT('',(-0.0855245246757563,-0.0124999999999212,0.0743120870975581));
#4692=CARTESIAN_POINT('',(-0.0855470282938438,-0.0124999999999193,0.074251061307002));
#4693=CARTESIAN_POINT('',(-0.0855688734902684,-0.0124999999999254,0.0741898247307373));
#4694=CARTESIAN_POINT('',(-0.0855899877514356,-0.0124999999999377,0.0741283624333334));
#4695=CARTESIAN_POINT('',(-0.0856111006950454,-0.01249999999995,0.0740669039712567));
#4696=CARTESIAN_POINT('',(-0.0856314827900459,-0.0124999999999686,0.0740052198139718));
#4697=CARTESIAN_POINT('',(-0.08565105024746,-0.0124999999999831,0.0739432865186879));
#4698=CARTESIAN_POINT('',(-0.0856532076002296,-0.0124999999999847,0.0739364582444117));
#4699=CARTESIAN_POINT('',(-0.0856553550509466,-0.0124999999999862,0.0739296269418838));
#4700=CARTESIAN_POINT('',(-0.0856574924536309,-0.0124999999999876,0.073922792572002));
#4701=CARTESIAN_POINT('',(-0.0856747421737378,-0.0124999999999993,0.0738676363918235));
#4702=CARTESIAN_POINT('',(-0.0856913424632846,-0.0124999999999991,0.073812280261464));
#4703=CARTESIAN_POINT('',(-0.0857072153106548,-0.0124999999999994,0.0737567075145556));
#4704=CARTESIAN_POINT('',(-0.0857248689861951,-0.0124999999999997,0.0736948998741292));
#4705=CARTESIAN_POINT('',(-0.0857416227916243,-0.0125000000000003,0.0736328242719241));
#4706=CARTESIAN_POINT('',(-0.0857573350857006,-0.0124999999999936,0.0735704446129985));
#4707=CARTESIAN_POINT('',(-0.085757504409718,-0.0124999999999936,0.0735697723766973));
#4708=CARTESIAN_POINT('',(-0.0857576736117528,-0.0124999999999935,0.0735691001039006));
#4709=CARTESIAN_POINT('',(-0.085757842691651,-0.0124999999999934,0.0735684277945171));
#4710=CARTESIAN_POINT('',(-0.0857737042740649,-0.0124999999999867,0.0735053576672537));
#4711=CARTESIAN_POINT('',(-0.0857884913680677,-0.0124999999999914,0.073441965768256));
#4712=CARTESIAN_POINT('',(-0.0858020159304293,-0.0124999999999949,0.0733781664332153));
#4713=CARTESIAN_POINT('',(-0.0858137535980062,-0.012499999999998,0.0733227964059777));
#4714=CARTESIAN_POINT('',(-0.0858245403517317,-0.0124999999999998,0.0732671195208167));
#4715=CARTESIAN_POINT('',(-0.0858341751785951,-0.012499999999997,0.0732110334321967));
#4716=CARTESIAN_POINT('',(-0.0858356339054449,-0.0124999999999966,0.0732025419165185));
#4717=CARTESIAN_POINT('',(-0.0858370657340243,-0.0124999999999962,0.0731940424496302));
#4718=CARTESIAN_POINT('',(-0.0858384699766528,-0.0124999999999959,0.0731855347605352));
#4719=CARTESIAN_POINT('',(-0.0858438088920664,-0.0124999999999947,0.073153188617839));
#4720=CARTESIAN_POINT('',(-0.0858487490313183,-0.0124999999999946,0.0731207236351959));
#4721=CARTESIAN_POINT('',(-0.0858532257262881,-0.0124999999999944,0.0730881527101667));
#4722=CARTESIAN_POINT('',(-0.0858577046837044,-0.0124999999999942,0.0730555653243385));
#4723=CARTESIAN_POINT('',(-0.085861719722683,-0.012499999999994,0.0730228719223352));
#4724=CARTESIAN_POINT('',(-0.0858651832591662,-0.0124999999999914,0.072990202309929));
#4725=CARTESIAN_POINT('',(-0.0858686485514964,-0.0124999999999889,0.0729575161355952));
#4726=CARTESIAN_POINT('',(-0.0858715617814702,-0.0124999999999849,0.0729248537406862));
#4727=CARTESIAN_POINT('',(-0.0858738300959899,-0.0124999999999682,0.0728921821571369));
#4728=CARTESIAN_POINT('',(-0.0858749534598973,-0.01249999999996,0.0728760018270123));
#4729=CARTESIAN_POINT('',(-0.0858759186526849,-0.0124999999999485,0.0728598192414484));
#4730=CARTESIAN_POINT('',(-0.0858767063622046,-0.01249999999993,0.072843635077125));
#4731=CARTESIAN_POINT('',(-0.0858775103169534,-0.0124999999999112,0.0728271171407063));
#4732=CARTESIAN_POINT('',(-0.0858781293116082,-0.0124999999998824,0.0728106083060577));
#4733=CARTESIAN_POINT('',(-0.0858785416955359,-0.0124999999998513,0.0727940954718343));
#4734=CARTESIAN_POINT('',(-0.085878949998085,-0.0124999999998204,0.072777746065728));
#4735=CARTESIAN_POINT('',(-0.0858791557851248,-0.0124999999997877,0.0727613927354433));
#4736=CARTESIAN_POINT('',(-0.085879126169794,-0.0124999999997712,0.0727450214784749));
#4737=CARTESIAN_POINT('',(-0.0858790966058631,-0.0124999999997547,0.0727286786351529));
#4738=CARTESIAN_POINT('',(-0.0858788325027981,-0.0124999999997564,0.0727123179240516));
#4739=CARTESIAN_POINT('',(-0.0858782886048188,-0.0124999999997867,0.0726959235297154));
#4740=CARTESIAN_POINT('',(-0.0858778827950086,-0.0124999999998093,0.0726836914451948));
#4741=CARTESIAN_POINT('',(-0.0858773212026932,-0.012499999999848,0.0726714406051929));
#4742=CARTESIAN_POINT('',(-0.0858765765387773,-0.0124999999998912,0.0726591689082484));
#4743=CARTESIAN_POINT('',(-0.0858763261716382,-0.0124999999999057,0.0726550429803093));
#4744=CARTESIAN_POINT('',(-0.0858760559275246,-0.0124999999999178,0.072650919804818));
#4745=CARTESIAN_POINT('',(-0.0858757649512727,-0.0124999999999279,0.0726467991993391));
#4746=CARTESIAN_POINT('',(-0.085874606239104,-0.0124999999999681,0.072630390314839));
#4747=CARTESIAN_POINT('',(-0.0858731188570153,-0.0124999999999787,0.0726140221720858));
#4748=CARTESIAN_POINT('',(-0.0858712065564449,-0.0124999999999799,0.0725976415535923));
#4749=CARTESIAN_POINT('',(-0.0858692894158508,-0.012499999999981,0.0725812194758306));
#4750=CARTESIAN_POINT('',(-0.085866945356283,-0.0124999999999784,0.0725647850273196));
#4751=CARTESIAN_POINT('',(-0.0858640363458155,-0.0124999999999231,0.0725484366697806));
#4752=CARTESIAN_POINT('',(-0.0858625811716103,-0.0124999999998954,0.0725402587314561));
#4753=CARTESIAN_POINT('',(-0.0858609845742469,-0.012499999999853,0.0725321022953626));
#4754=CARTESIAN_POINT('',(-0.0858592349510429,-0.0124999999997752,0.0725240120273209));
#4755=CARTESIAN_POINT('',(-0.0858574861379097,-0.0124999999996975,0.0725159255050515));
#4756=CARTESIAN_POINT('',(-0.0858555844459271,-0.0124999999995848,0.0725079050893544));
#4757=CARTESIAN_POINT('',(-0.0858535147240749,-0.0124999999994022,0.072499942297665));
#4758=CARTESIAN_POINT('',(-0.0858514471507675,-0.0124999999992198,0.0724919877720206));
#4759=CARTESIAN_POINT('',(-0.0858492118878948,-0.0124999999989679,0.0724840907377497));
#4760=CARTESIAN_POINT('',(-0.0858468085747252,-0.0124999999985928,0.0724762516588262));
#4761=CARTESIAN_POINT('',(-0.0858467777012137,-0.012499999998588,0.0724761509562226));
#4762=CARTESIAN_POINT('',(-0.0858467467999643,-0.0124999999985832,0.072476050263187));
#4763=CARTESIAN_POINT('',(-0.0858467158710038,-0.0124999999985783,0.0724759495797014));
#4764=CARTESIAN_POINT('',(-0.085844341516066,-0.0124999999982052,0.072468220308255));
#4765=CARTESIAN_POINT('',(-0.0858417982143779,-0.012499999997849,0.0724605533204584));
#4766=CARTESIAN_POINT('',(-0.0858391003737868,-0.0124999999975692,0.0724529442516804));
#4767=CARTESIAN_POINT('',(-0.0858336360224055,-0.0124999999970025,0.0724375324346787));
#4768=CARTESIAN_POINT('',(-0.0858275375800985,-0.0124999999967751,0.0724223585104536));
#4769=CARTESIAN_POINT('',(-0.0858209656375814,-0.0124999999968793,0.0724073764129479));
#4770=CARTESIAN_POINT('',(-0.0858143895824266,-0.0124999999969836,0.0723923849398367));
#4771=CARTESIAN_POINT('',(-0.0858073395204361,-0.0124999999973915,0.0723775853975881));
#4772=CARTESIAN_POINT('',(-0.0857999307279265,-0.0124999999978522,0.0723629387415763));
#4773=CARTESIAN_POINT('',(-0.0857925081812582,-0.0124999999983137,0.0723482648945708));
#4774=CARTESIAN_POINT('',(-0.0857847256045518,-0.0124999999988139,0.0723337444644521));
#4775=CARTESIAN_POINT('',(-0.0857766704151334,-0.0124999999991788,0.072319373777086));
#4776=CARTESIAN_POINT('',(-0.0857745334414629,-0.0124999999992757,0.0723155613551884));
#4777=CARTESIAN_POINT('',(-0.0857723772814149,-0.012499999999364,0.0723117594658001));
#4778=CARTESIAN_POINT('',(-0.0857702037275482,-0.0124999999994427,0.0723079689499039));
#4779=CARTESIAN_POINT('',(-0.0857641723950017,-0.0124999999996613,0.0722974507556034));
#4780=CARTESIAN_POINT('',(-0.0857579964296614,-0.0124999999997757,0.0722869955716502));
#4781=CARTESIAN_POINT('',(-0.0857517091560041,-0.0124999999998475,0.0722766214924115));
#4782=CARTESIAN_POINT('',(-0.0857431723577845,-0.0124999999999449,0.0722625356698429));
#4783=CARTESIAN_POINT('',(-0.0857344303652473,-0.0124999999999657,0.0722485994407332));
#4784=CARTESIAN_POINT('',(-0.0857255070911954,-0.0124999999999768,0.0722347787231529));
#4785=CARTESIAN_POINT('',(-0.0857076963826247,-0.012499999999999,0.0722071927976703));
#4786=CARTESIAN_POINT('',(-0.0856891629484429,-0.0125000000000091,0.0721800671785344));
#4787=CARTESIAN_POINT('',(-0.0856700801599635,-0.0124999999998692,0.0721533321028071));
#4788=CARTESIAN_POINT('',(-0.085669862958091,-0.0124999999998676,0.0721530278019699));
#4789=CARTESIAN_POINT('',(-0.0856696456851394,-0.012499999999866,0.0721527235516939));
#4790=CARTESIAN_POINT('',(-0.0856694283412703,-0.0124999999998644,0.0721524193519289));
#4791=CARTESIAN_POINT('',(-0.0856505544185306,-0.0124999999997219,0.0721260029506466));
#4792=CARTESIAN_POINT('',(-0.0856311456891129,-0.0124999999995457,0.0721000064726608));
#4793=CARTESIAN_POINT('',(-0.0856112973028862,-0.012499999999461,0.0720743597797076));
#4794=CARTESIAN_POINT('',(-0.0855911994253212,-0.0124999999993753,0.0720483907115411));
#4795=CARTESIAN_POINT('',(-0.0855706507292894,-0.0124999999993733,0.0720227802653816));
#4796=CARTESIAN_POINT('',(-0.0855497042812059,-0.012499999999428,0.0719974614035409));
#4797=CARTESIAN_POINT('',(-0.0855287398026692,-0.0124999999994826,0.0719721207475253));
#4798=CARTESIAN_POINT('',(-0.085507376893654,-0.0124999999995875,0.0719470722060924));
#4799=CARTESIAN_POINT('',(-0.0854857171754369,-0.0124999999996839,0.0719223333513642));
#4800=CARTESIAN_POINT('',(-0.085469028183486,-0.0124999999997582,0.0719032718592757));
#4801=CARTESIAN_POINT('',(-0.0854521629517119,-0.0124999999998271,0.0718843942130089));
#4802=CARTESIAN_POINT('',(-0.0854351428694064,-0.0124999999998774,0.0718656908719679));
#4803=CARTESIAN_POINT('',(-0.0854079659035913,-0.0124999999999577,0.0718358261479921));
#4804=CARTESIAN_POINT('',(-0.0853803709201733,-0.0124999999999775,0.0718063745953388));
#4805=CARTESIAN_POINT('',(-0.0853524478410837,-0.0124999999999884,0.071777314878544));
#4806=CARTESIAN_POINT('',(-0.085307084599415,-0.0125000000000062,0.0717301050793829));
#4807=CARTESIAN_POINT('',(-0.0852608552808693,-0.0125,0.0716839296802548));
#4808=CARTESIAN_POINT('',(-0.0852138917013327,-0.0124999999999996,0.071638608350653));
#4809=CARTESIAN_POINT('',(-0.0852015014105658,-0.0124999999999995,0.0716266513308251));
#4810=CARTESIAN_POINT('',(-0.085189060038427,-0.0124999999999994,0.0716147537339497));
#4811=CARTESIAN_POINT('',(-0.0851765701166048,-0.0124999999999991,0.0716029140693827));
#4812=CARTESIAN_POINT('',(-0.0851417220906493,-0.0124999999999985,0.0715698803207326));
#4813=CARTESIAN_POINT('',(-0.0851064997693202,-0.0124999999999985,0.0715373040453107));
#4814=CARTESIAN_POINT('',(-0.085070945878626,-0.0124999999999988,0.0715051351674424));
#4815=CARTESIAN_POINT('',(-0.0850226330247883,-0.0124999999999991,0.0714614220810762));
#4816=CARTESIAN_POINT('',(-0.0849737079590523,-0.0125,0.0714184612299181));
#4817=CARTESIAN_POINT('',(-0.084924236199822,-0.0124999999999983,0.071376147343843));
#4818=CARTESIAN_POINT('',(-0.0849171633416043,-0.012499999999998,0.0713700978295037));
#4819=CARTESIAN_POINT('',(-0.0849100793069711,-0.0124999999999977,0.0713640615405416));
#4820=CARTESIAN_POINT('',(-0.0849029842544635,-0.0124999999999973,0.0713580382347899));
#4821=CARTESIAN_POINT('',(-0.0848604519411591,-0.0124999999999949,0.071321930661648));
#4822=CARTESIAN_POINT('',(-0.0848175234190186,-0.01249999999999,0.0712862924970112));
#4823=CARTESIAN_POINT('',(-0.0847742372112051,-0.0124999999999829,0.071251079227038));
#4824=CARTESIAN_POINT('',(-0.0846732333792569,-0.0124999999999663,0.0711689127499456));
#4825=CARTESIAN_POINT('',(-0.0845702819891369,-0.0124999999999362,0.071089059658507));
#4826=CARTESIAN_POINT('',(-0.0844657079182953,-0.0124999999999425,0.0710111087106697));
#4827=CARTESIAN_POINT('',(-0.0844185980145056,-0.0124999999999453,0.0709759923417326));
#4828=CARTESIAN_POINT('',(-0.0843711588089353,-0.0124999999999562,0.0709412620116771));
#4829=CARTESIAN_POINT('',(-0.0843234137921854,-0.0124999999999704,0.0709068952723447));
#4830=CARTESIAN_POINT('',(-0.0842651803739177,-0.0124999999999877,0.0708649790087792));
#4831=CARTESIAN_POINT('',(-0.0842065123592431,-0.0124999999999932,0.0708236110565422));
#4832=CARTESIAN_POINT('',(-0.0841474443495468,-0.0124999999999962,0.0707827428094927));
#4833=CARTESIAN_POINT('',(-0.0840399319553226,-0.0125000000000016,0.0707083566381854));
#4834=CARTESIAN_POINT('',(-0.0839310945738032,-0.0125,0.0706356255578339));
#4835=CARTESIAN_POINT('',(-0.0838214112426435,-0.0124999999999994,0.0705645232874411));
#4836=CARTESIAN_POINT('',(-0.0837852728268707,-0.0124999999999993,0.0705410965426233));
#4837=CARTESIAN_POINT('',(-0.0837490425550197,-0.0124999999999989,0.0705178466766256));
#4838=CARTESIAN_POINT('',(-0.0837127193273085,-0.0124999999999984,0.0704947632822882));
#4839=CARTESIAN_POINT('',(-0.0836388374234337,-0.0124999999999972,0.0704478113666956));
#4840=CARTESIAN_POINT('',(-0.0835646158879485,-0.0124999999999955,0.0704015776032561));
#4841=CARTESIAN_POINT('',(-0.0834900577987213,-0.0124999999999941,0.0703559792596669));
#4842=CARTESIAN_POINT('',(-0.0833788082334916,-0.0124999999999921,0.0702879410903405));
#4843=CARTESIAN_POINT('',(-0.0832668094141637,-0.0124999999999918,0.0702213175528667));
#4844=CARTESIAN_POINT('',(-0.083154145908034,-0.0124999999999947,0.070155950261028));
#4845=CARTESIAN_POINT('',(-0.0831306262347138,-0.0124999999999954,0.0701423041621031));
#4846=CARTESIAN_POINT('',(-0.0831070775897856,-0.0124999999999961,0.0701287128194219));
#4847=CARTESIAN_POINT('',(-0.083083500342494,-0.0124999999999968,0.0701151749239699));
#4848=CARTESIAN_POINT('',(-0.0829941370721072,-0.0124999999999995,0.0700638631403344));
#4849=CARTESIAN_POINT('',(-0.0829043582874721,-0.0124999999999996,0.0700133127622147));
#4850=CARTESIAN_POINT('',(-0.0828141986304737,-0.0124999999999997,0.0699634601776072));
#4851=CARTESIAN_POINT('',(-0.0827002670698789,-0.0125,0.0699004632347048));
#4852=CARTESIAN_POINT('',(-0.0825857273072227,-0.0125000000000004,0.0698385805734764));
#4853=CARTESIAN_POINT('',(-0.0824706456743864,-0.0124999999999963,0.0697777067765419));
#4854=CARTESIAN_POINT('',(-0.0824605376634709,-0.012499999999996,0.0697723600240784));
#4855=CARTESIAN_POINT('',(-0.0824504254723771,-0.0124999999999956,0.069767021054359));
#4856=CARTESIAN_POINT('',(-0.0824403091366002,-0.0124999999999951,0.0697616898131627));
#4857=CARTESIAN_POINT('',(-0.0822200816344482,-0.0124999999999851,0.0696456313945888));
#4858=CARTESIAN_POINT('',(-0.0819978731019122,-0.0124999999999665,0.0695332416944569));
#4859=CARTESIAN_POINT('',(-0.0817740353563295,-0.0124999999999632,0.0694239547785017));
#4860=CARTESIAN_POINT('',(-0.0815579018377762,-0.01249999999996,0.0693184293872602));
#4861=CARTESIAN_POINT('',(-0.0813402493729311,-0.012499999999972,0.0692157967705589));
#4862=CARTESIAN_POINT('',(-0.0811212973168581,-0.0124999999999859,0.069115677918459));
#4863=CARTESIAN_POINT('',(-0.0811030308748979,-0.012499999999987,0.069107325335552));
#4864=CARTESIAN_POINT('',(-0.0810847549838677,-0.0124999999999881,0.0690989900001908));
#4865=CARTESIAN_POINT('',(-0.0810664697370142,-0.012499999999989,0.0690906716793933));
#4866=CARTESIAN_POINT('',(-0.0808289956166871,-0.0125000000000012,0.0689826400006408));
#4867=CARTESIAN_POINT('',(-0.0805899434942123,-0.0124999999999996,0.0688774778831937));
#4868=CARTESIAN_POINT('',(-0.0803499608238942,-0.0124999999999997,0.0687749804467304));
#4869=CARTESIAN_POINT('',(-0.0801575411643246,-0.0124999999999998,0.0686927973382382));
#4870=CARTESIAN_POINT('',(-0.0799645232906985,-0.0124999999999997,0.0686123274246364));
#4871=CARTESIAN_POINT('',(-0.0797709157680858,-0.0124999999999977,0.0685333697980818));
#4872=CARTESIAN_POINT('',(-0.0797231505428668,-0.0124999999999972,0.0685138900342574));
#4873=CARTESIAN_POINT('',(-0.0796753559930998,-0.0124999999999967,0.0684945052563327));
#4874=CARTESIAN_POINT('',(-0.0796275320372648,-0.0124999999999964,0.0684752122432615));
#4875=CARTESIAN_POINT('',(-0.0793858141325733,-0.0124999999999948,0.0683776990490196));
#4876=CARTESIAN_POINT('',(-0.0791433451972473,-0.012499999999997,0.0682825296688977));
#4877=CARTESIAN_POINT('',(-0.0789001821663672,-0.0124999999999984,0.068189389544754));
#4878=CARTESIAN_POINT('',(-0.0787345175136057,-0.0124999999999993,0.0681259340668855));
#4879=CARTESIAN_POINT('',(-0.0785685306391733,-0.0124999999999998,0.0680634206054223));
#4880=CARTESIAN_POINT('',(-0.0784022246424993,-0.0125,0.0680017713264336));
#4881=CARTESIAN_POINT('',(-0.0780802833960797,-0.0125,0.06788242839163));
#4882=CARTESIAN_POINT('',(-0.0777571535529217,-0.0124999999999993,0.0677663270785344));
#4883=CARTESIAN_POINT('',(-0.0774330465499354,-0.0124999999999989,0.0676529889677529));
#4884=CARTESIAN_POINT('',(-0.0772953612338545,-0.0124999999999988,0.0676048413082973));
#4885=CARTESIAN_POINT('',(-0.0771574995936014,-0.0124999999999989,0.0675571922742729));
#4886=CARTESIAN_POINT('',(-0.0770194747386462,-0.0124999999999993,0.0675100158963724));
#4887=CARTESIAN_POINT('',(-0.0766647822871262,-0.0125000000000004,0.0673887833463597));
#4888=CARTESIAN_POINT('',(-0.0763090118826326,-0.0125000000000003,0.067270663383551));
#4889=CARTESIAN_POINT('',(-0.0759522955357936,-0.0124999999999996,0.0671551755768479));
#4890=CARTESIAN_POINT('',(-0.0758434392492808,-0.0124999999999994,0.067119933082674));
#4891=CARTESIAN_POINT('',(-0.0757344948669864,-0.0124999999999991,0.0670849357216768));
#4892=CARTESIAN_POINT('',(-0.0756254647142941,-0.0124999999999983,0.0670501726775542));
#4893=CARTESIAN_POINT('',(-0.0752381847441978,-0.0124999999999954,0.0669266927928087));
#4894=CARTESIAN_POINT('',(-0.0748498698611571,-0.0124999999999896,0.0668061892246796));
#4895=CARTESIAN_POINT('',(-0.0744606661440273,-0.0124999999999866,0.066688190564759));
#4896=CARTESIAN_POINT('',(-0.0739618698668953,-0.0124999999999826,0.0665369656671425));
#4897=CARTESIAN_POINT('',(-0.0734616137299542,-0.0124999999999848,0.0663898549488712));
#4898=CARTESIAN_POINT('',(-0.0729604294521169,-0.0124999999999915,0.0662461451993514));
#4899=CARTESIAN_POINT('',(-0.0729109283956461,-0.0124999999999922,0.0662319512496587));
#4900=CARTESIAN_POINT('',(-0.072861418284791,-0.0124999999999929,0.066217790477614));
#4901=CARTESIAN_POINT('',(-0.0728118992654124,-0.0124999999999935,0.0662036622046521));
#4902=CARTESIAN_POINT('',(-0.0723600586370342,-0.0124999999999997,0.0660747475408903));
#4903=CARTESIAN_POINT('',(-0.0719074664471565,-0.0124999999999996,0.0659485299748443));
#4904=CARTESIAN_POINT('',(-0.0714542528808471,-0.0125,0.0658244998480304));
#4905=CARTESIAN_POINT('',(-0.0709625097348865,-0.0125,0.0656899254017048));
#4906=CARTESIAN_POINT('',(-0.0704700350737871,-0.0125,0.0655579261199354));
#4907=CARTESIAN_POINT('',(-0.0699769862185184,-0.0125,0.0654280014450878));
#4908=CARTESIAN_POINT('',(-0.0694616072267954,-0.0125,0.0652921924938909));
#4909=CARTESIAN_POINT('',(-0.0689455929500212,-0.0125,0.0651586465149634));
#4910=CARTESIAN_POINT('',(-0.0684291061047089,-0.0124999999999996,0.0650267879662384));
#4911=CARTESIAN_POINT('',(-0.0679960904622766,-0.0124999999999993,0.0649162395278715));
#4912=CARTESIAN_POINT('',(-0.0675627426568804,-0.0124999999999991,0.0648068771739173));
#4913=CARTESIAN_POINT('',(-0.067129136607718,-0.0124999999999995,0.0646984311606742));
#4914=CARTESIAN_POINT('',(-0.0665507653927716,-0.0125,0.0645537789987482));
#4915=CARTESIAN_POINT('',(-0.0659719378982776,-0.0125,0.0644107534805648));
#4916=CARTESIAN_POINT('',(-0.0653928334579642,-0.0125,0.064268713349726));
#4917=CARTESIAN_POINT('',(-0.0650199354207888,-0.0125,0.0641772505974091));
#4918=CARTESIAN_POINT('',(-0.0646469225529178,-0.0125,0.0640861964214708));
#4919=CARTESIAN_POINT('',(-0.0642738377838226,-0.0125,0.0639953986617576));
#4920=CARTESIAN_POINT('',(-0.063633155497438,-0.0125,0.0638394756085792));
#4921=CARTESIAN_POINT('',(-0.0629922623590463,-0.0124999999999993,0.0636843047164644));
#4922=CARTESIAN_POINT('',(-0.0623513732208033,-0.0124999999999987,0.063529119309089));
#4923=CARTESIAN_POINT('',(-0.0620394756388945,-0.0124999999999984,0.0634535961797056));
#4924=CARTESIAN_POINT('',(-0.061727579005045,-0.0124999999999985,0.0633780696128169));
#4925=CARTESIAN_POINT('',(-0.0614157070775422,-0.0124999999999991,0.0633024548764692));
#4926=CARTESIAN_POINT('',(-0.0607135681503476,-0.0125000000000004,0.0631322181697405));
#4927=CARTESIAN_POINT('',(-0.0600115565473482,-0.0125000000000009,0.0629615266648458));
#4928=CARTESIAN_POINT('',(-0.0593099472159727,-0.012499999999999,0.0627894039460337));
#4929=CARTESIAN_POINT('',(-0.0590595667869347,-0.0124999999999983,0.0627279792211104));
#4930=CARTESIAN_POINT('',(-0.0588092375892431,-0.0124999999999971,0.0626663722266113));
#4931=CARTESIAN_POINT('',(-0.0585589724493032,-0.0124999999999939,0.062604536881407));
#4932=CARTESIAN_POINT('',(-0.0577964576068359,-0.0124999999999842,0.0624161352185997));
#4933=CARTESIAN_POINT('',(-0.0570345412187475,-0.0124999999998818,0.0622256028210856));
#4934=CARTESIAN_POINT('',(-0.0562735746976131,-0.0124999999998814,0.0620316815777141));
#4935=CARTESIAN_POINT('',(-0.0560849219762039,-0.0124999999998813,0.0619836061771741));
#4936=CARTESIAN_POINT('',(-0.0558963276271367,-0.0124999999998905,0.061935322495468));
#4937=CARTESIAN_POINT('',(-0.0557077978211599,-0.0124999999999087,0.0618868093088656));
#4938=CARTESIAN_POINT('',(-0.0548862722923657,-0.0124999999999877,0.0616754113229052));
#4939=CARTESIAN_POINT('',(-0.0540659611336833,-0.0124999999999908,0.0614596011932399));
#4940=CARTESIAN_POINT('',(-0.0532474165436537,-0.0124999999999936,0.0612375765777916));
#4941=CARTESIAN_POINT('',(-0.0522410081451727,-0.0124999999999969,0.0609645951906096));
#4942=CARTESIAN_POINT('',(-0.0512372703227719,-0.0125000000000078,0.060682219079153));
#4943=CARTESIAN_POINT('',(-0.0502372679746989,-0.0124999999999233,0.0603864345696701));
#4944=CARTESIAN_POINT('',(-0.0501715280207928,-0.0124999999999177,0.0603669897553084));
#4945=CARTESIAN_POINT('',(-0.0501058042101239,-0.0124999999999116,0.0603474869960222));
#4946=CARTESIAN_POINT('',(-0.050040097059715,-0.012499999999905,0.0603279249477805));
#4947=CARTESIAN_POINT('',(-0.0491063096562277,-0.0124999999998105,0.0600499218062528));
#4948=CARTESIAN_POINT('',(-0.0481758601132969,-0.0125000000000012,0.0597600309150697));
#4949=CARTESIAN_POINT('',(-0.0472499006925785,-0.0124999999999984,0.0594541291131617));
#4950=CARTESIAN_POINT('',(-0.0472446628734702,-0.0124999999999983,0.0594523987367894));
#4951=CARTESIAN_POINT('',(-0.0472394251981185,-0.0124999999999983,0.0594506678479913));
#4952=CARTESIAN_POINT('',(-0.04723418766653,-0.0124999999999983,0.0594489364456604));
#4953=CARTESIAN_POINT('',(-0.0465979112210903,-0.012499999999996,0.0592385987126892));
#4954=CARTESIAN_POINT('',(-0.0459637589699152,-0.0124999999999196,0.0590206854076555));
#4955=CARTESIAN_POINT('',(-0.04533221739325,-0.0124999999999061,0.0587934897735324));
#4956=CARTESIAN_POINT('',(-0.0450395419959897,-0.0124999999998999,0.058688200470453));
#4957=CARTESIAN_POINT('',(-0.0447474270579445,-0.0124999999999309,0.0585809182229179));
#4958=CARTESIAN_POINT('',(-0.044455919706952,-0.0124999999999695,0.0584714769162292));
#4959=CARTESIAN_POINT('',(-0.0444018642624849,-0.0124999999999767,0.0584511827505556));
#4960=CARTESIAN_POINT('',(-0.0443478312924589,-0.0124999999999818,0.0584308142543508));
#4961=CARTESIAN_POINT('',(-0.0442938193469131,-0.0124999999999856,0.0584103697308902));
#4962=CARTESIAN_POINT('',(-0.0438879374258671,-0.0125000000000144,0.0582567358935375));
#4963=CARTESIAN_POINT('',(-0.0434832413519199,-0.0125,0.0580988134583322));
#4964=CARTESIAN_POINT('',(-0.043079900106319,-0.0125,0.0579360381436412));
#4965=CARTESIAN_POINT('',(-0.0426999028390396,-0.0125,0.0577826836939346));
#4966=CARTESIAN_POINT('',(-0.0423211020106822,-0.0125,0.0576250099214305));
#4967=CARTESIAN_POINT('',(-0.0419447079900168,-0.0125,0.0574629584771379));
#4968=CARTESIAN_POINT('',(-0.0418684204674383,-0.0125,0.057430113897956));
#4969=CARTESIAN_POINT('',(-0.0417922317477108,-0.0125,0.0573970896441088));
#4970=CARTESIAN_POINT('',(-0.0417161517891708,-0.0125,0.0573638854752925));
#4971=CARTESIAN_POINT('',(-0.0416050718020794,-0.0125,0.0573154059714352));
#4972=CARTESIAN_POINT('',(-0.0414942162756745,-0.0125000000000003,0.0572665381108811));
#4973=CARTESIAN_POINT('',(-0.0413836002973005,-0.012499999999999,0.057217274639413));
#4974=CARTESIAN_POINT('',(-0.0408134667593197,-0.0124999999999925,0.0569633623412602));
#4975=CARTESIAN_POINT('',(-0.0402496958412692,-0.0124999999997952,0.0566989439668096));
#4976=CARTESIAN_POINT('',(-0.0396930548621667,-0.0124999999997556,0.0564221323607407));
#4977=CARTESIAN_POINT('',(-0.0394798443152824,-0.0124999999997404,0.0563161050358947));
#4978=CARTESIAN_POINT('',(-0.0392676799638655,-0.0124999999997746,0.0562082589917703));
#4979=CARTESIAN_POINT('',(-0.0390566055541509,-0.0124999999998483,0.0560984861389723));
#4980=CARTESIAN_POINT('',(-0.038893725878988,-0.0124999999999052,0.0560137777812438));
#4981=CARTESIAN_POINT('',(-0.0387315034126903,-0.0124999999999362,0.0559279184214259));
#4982=CARTESIAN_POINT('',(-0.0385699684085405,-0.0124999999999563,0.0558408621882574));
#4983=CARTESIAN_POINT('',(-0.0381113011222239,-0.0125000000000135,0.0555936721353368));
#4984=CARTESIAN_POINT('',(-0.0376581768515317,-0.0124999999999995,0.055336831834363));
#4985=CARTESIAN_POINT('',(-0.0372113737774803,-0.0125,0.0550689532047604));
#4986=CARTESIAN_POINT('',(-0.0369759474382097,-0.0125,0.0549278044777287));
#4987=CARTESIAN_POINT('',(-0.0367422760022356,-0.0125,0.0547835912381837));
#4988=CARTESIAN_POINT('',(-0.0365105248843673,-0.0125,0.0546361280006984));
#4989=CARTESIAN_POINT('',(-0.0363024475039953,-0.0125,0.0545037283625032));
#4990=CARTESIAN_POINT('',(-0.0360958741927094,-0.0124999999999991,0.0543686709586571));
#4991=CARTESIAN_POINT('',(-0.0358909266554237,-0.0124999999999776,0.0542308271545652));
#4992=CARTESIAN_POINT('',(-0.0356888503659996,-0.0124999999999563,0.0540949144970145));
#4993=CARTESIAN_POINT('',(-0.0354883546342959,-0.0124999999999133,0.0539562929789899));
#4994=CARTESIAN_POINT('',(-0.0352894676193063,-0.0124999999999025,0.0538147125736853));
#4995=CARTESIAN_POINT('',(-0.0350619892891138,-0.01249999999989,0.0536527790548563));
#4996=CARTESIAN_POINT('',(-0.0348368244038151,-0.0124999999999563,0.0534871326119767));
#4997=CARTESIAN_POINT('',(-0.0346139096771699,-0.0124999999999816,0.0533173123633055));
#4998=CARTESIAN_POINT('',(-0.0344442611604789,-0.0125000000000008,0.0531880712237688));
#4999=CARTESIAN_POINT('',(-0.0342759161423759,-0.0125,0.0530564125354163));
#5000=CARTESIAN_POINT('',(-0.0341092330301305,-0.0125,0.0529224546742615));
#5001=CARTESIAN_POINT('',(-0.0338652505417582,-0.0125,0.052726373788434));
#5002=CARTESIAN_POINT('',(-0.0336244362206841,-0.0124999999999625,0.0525250325373249));
#5003=CARTESIAN_POINT('',(-0.0333883133473658,-0.0124999999999085,0.052319152179761));
#5004=CARTESIAN_POINT('',(-0.0332511597886864,-0.0124999999998771,0.0521995651897111));
#5005=CARTESIAN_POINT('',(-0.0331155887005932,-0.0124999999998768,0.0520784476036498));
#5006=CARTESIAN_POINT('',(-0.0329816903050324,-0.012499999999929,0.0519558142939057));
#5007=CARTESIAN_POINT('',(-0.0327417781776333,-0.0125000000000225,0.0517360863568569));
#5008=CARTESIAN_POINT('',(-0.0325074998656038,-0.0124999999999994,0.051511663128235));
#5009=CARTESIAN_POINT('',(-0.0322788615237552,-0.0125,0.0512821568371223));
#5010=CARTESIAN_POINT('',(-0.0322656329173726,-0.0125,0.0512688780127443));
#5011=CARTESIAN_POINT('',(-0.0322524232016048,-0.0125,0.0512555821621859));
#5012=CARTESIAN_POINT('',(-0.0322392323815318,-0.0125,0.0512422692065126));
#5013=CARTESIAN_POINT('',(-0.0321341077145267,-0.0125,0.051136171175893));
#5014=CARTESIAN_POINT('',(-0.0320301830283946,-0.0125,0.0510289868872419));
#5015=CARTESIAN_POINT('',(-0.0319274666031427,-0.0125,0.0509206726581196));
#5016=CARTESIAN_POINT('',(-0.0316699811610657,-0.0125,0.0506491548643454));
#5017=CARTESIAN_POINT('',(-0.0314200767352727,-0.012500000000005,0.0503705243460862));
#5018=CARTESIAN_POINT('',(-0.0311782141569838,-0.0124999999999949,0.0500843647270389));
#5019=CARTESIAN_POINT('',(-0.0311022395638167,-0.0124999999999918,0.0499944754155473));
#5020=CARTESIAN_POINT('',(-0.0310270585592277,-0.0124999999999865,0.0499038431415155));
#5021=CARTESIAN_POINT('',(-0.0309526844277447,-0.0124999999999741,0.0498124459212579));
#5022=CARTESIAN_POINT('',(-0.0307231797137232,-0.0124999999999358,0.0495304111266414));
#5023=CARTESIAN_POINT('',(-0.0305014835158343,-0.0124999999999886,0.0492413101190716));
#5024=CARTESIAN_POINT('',(-0.030288103470457,-0.0124999999999973,0.0489446934383844));
#5025=CARTESIAN_POINT('',(-0.0302627836300237,-0.0124999999999983,0.0489094966747341));
#5026=CARTESIAN_POINT('',(-0.0302375808493873,-0.012499999999999,0.0488741941372629));
#5027=CARTESIAN_POINT('',(-0.0302124959480276,-0.0124999999999994,0.0488387851162198));
#5028=CARTESIAN_POINT('',(-0.030162383842644,-0.0125,0.0487680485177935));
#5029=CARTESIAN_POINT('',(-0.030112742186286,-0.0125,0.048696886969662));
#5030=CARTESIAN_POINT('',(-0.0300636197686556,-0.0125,0.0486253630178362));
#5031=CARTESIAN_POINT('',(-0.0299631742112058,-0.0125,0.0484791107859893));
#5032=CARTESIAN_POINT('',(-0.0298647405280714,-0.0124999999999963,0.0483311047662945));
#5033=CARTESIAN_POINT('',(-0.0297687948833445,-0.0124999999999943,0.0481819676719844));
#5034=CARTESIAN_POINT('',(-0.0297305649554445,-0.0124999999999935,0.0481225433971369));
#5035=CARTESIAN_POINT('',(-0.0296927299301761,-0.0124999999999942,0.0480629396729778));
#5036=CARTESIAN_POINT('',(-0.0296552916136848,-0.0124999999999963,0.0480031607950144));
#5037=CARTESIAN_POINT('',(-0.0295529187254774,-0.0125000000000021,0.0478396989472487));
#5038=CARTESIAN_POINT('',(-0.0294536195175731,-0.0125,0.0476750668363966));
#5039=CARTESIAN_POINT('',(-0.029357281757205,-0.0125,0.0475091095113749));
#5040=CARTESIAN_POINT('',(-0.0293299684473774,-0.0124999999999998,0.047462057931401));
#5041=CARTESIAN_POINT('',(-0.0293028932749598,-0.0124999999999997,0.0474148997881231));
#5042=CARTESIAN_POINT('',(-0.0292760552990566,-0.0124999999999995,0.0473676325106732));
#5043=CARTESIAN_POINT('',(-0.0290567503055886,-0.0124999999999976,0.0469813906416968));
#5044=CARTESIAN_POINT('',(-0.0288532412332877,-0.0124999999999974,0.0465878092358844));
#5045=CARTESIAN_POINT('',(-0.0286658805843228,-0.0124999999999989,0.0461869062026537));
#5046=CARTESIAN_POINT('',(-0.0286552003161891,-0.012499999999999,0.0461640532080992));
#5047=CARTESIAN_POINT('',(-0.0286445725085976,-0.012499999999999,0.0461411764286286));
#5048=CARTESIAN_POINT('',(-0.0286339972222206,-0.0124999999999991,0.0461182758698283));
#5049=CARTESIAN_POINT('',(-0.0286245293480068,-0.0124999999999992,0.0460977733886265));
#5050=CARTESIAN_POINT('',(-0.0286151035712031,-0.0124999999999993,0.0460772518475426));
#5051=CARTESIAN_POINT('',(-0.028605719959721,-0.0124999999999993,0.0460567112824012));
#5052=CARTESIAN_POINT('',(-0.0284174386647575,-0.0125000000000006,0.0456445667459955));
#5053=CARTESIAN_POINT('',(-0.0282461269420789,-0.0125000000000004,0.0452247504372764));
#5054=CARTESIAN_POINT('',(-0.0280922156430623,-0.0124999999999996,0.0447972400487961));
#5055=CARTESIAN_POINT('',(-0.0280795848520419,-0.0124999999999996,0.0447621562413664));
#5056=CARTESIAN_POINT('',(-0.0280670712748668,-0.0124999999999995,0.0447270206047542));
#5057=CARTESIAN_POINT('',(-0.0280546751641221,-0.0124999999999994,0.0446918331204155));
#5058=CARTESIAN_POINT('',(-0.0280516863965676,-0.0124999999999994,0.0446833492327119));
#5059=CARTESIAN_POINT('',(-0.0280487044569145,-0.0124999999999993,0.0446748623022048));
#5060=CARTESIAN_POINT('',(-0.0280457293511532,-0.0124999999999993,0.0446663723386536));
#5061=CARTESIAN_POINT('',(-0.0279673541526303,-0.0124999999999985,0.0444427155572918));
#5062=CARTESIAN_POINT('',(-0.0278937238877744,-0.0124999999999914,0.0442169530708916));
#5063=CARTESIAN_POINT('',(-0.0278248431421005,-0.0124999999999971,0.0439887271336194));
#5064=CARTESIAN_POINT('',(-0.0278176346756463,-0.0124999999999977,0.043964842969813));
#5065=CARTESIAN_POINT('',(-0.0278104791792099,-0.0124999999999981,0.0439409342850167));
#5066=CARTESIAN_POINT('',(-0.027803376291815,-0.0124999999999984,0.0439169995359785));
#5067=CARTESIAN_POINT('',(-0.0277517741544042,-0.012500000000001,0.043743114728281));
#5068=CARTESIAN_POINT('',(-0.0277029447250945,-0.0125000000000002,0.0435678558460955));
#5069=CARTESIAN_POINT('',(-0.0276570582674253,-0.0124999999999997,0.0433918316920572));
#5070=CARTESIAN_POINT('',(-0.0276466157437377,-0.0124999999999996,0.0433517733286206));
#5071=CARTESIAN_POINT('',(-0.0276363258421202,-0.0124999999999994,0.0433116752823777));
#5072=CARTESIAN_POINT('',(-0.0276261909519111,-0.012499999999999,0.0432715447001618));
#5073=CARTESIAN_POINT('',(-0.0276161400393461,-0.0124999999999987,0.0432317466397282));
#5074=CARTESIAN_POINT('',(-0.0276062396011095,-0.0124999999999984,0.043191909497705));
#5075=CARTESIAN_POINT('',(-0.0275964936245936,-0.0124999999999981,0.0431520458888272));
#5076=CARTESIAN_POINT('',(-0.0275472845931798,-0.0124999999999964,0.0429507679996051));
#5077=CARTESIAN_POINT('',(-0.0275020157433439,-0.0124999999999971,0.0427488147123103));
#5078=CARTESIAN_POINT('',(-0.027460704023328,-0.0124999999999989,0.0425466960406124));
#5079=CARTESIAN_POINT('',(-0.0274495955173865,-0.0124999999999994,0.0424923473844786));
#5080=CARTESIAN_POINT('',(-0.0274387728069009,-0.0124999999999996,0.0424379837904581));
#5081=CARTESIAN_POINT('',(-0.0274282350090777,-0.0124999999999998,0.0423836101815661));
#5082=CARTESIAN_POINT('',(-0.0273918219662322,-0.0125000000000002,0.042195723814466));
#5083=CARTESIAN_POINT('',(-0.0273588102134815,-0.0125,0.042007718057483));
#5084=CARTESIAN_POINT('',(-0.027329114139397,-0.0125,0.0418194341399979));
#5085=CARTESIAN_POINT('',(-0.0273184940028686,-0.0125,0.0417520986092437));
#5086=CARTESIAN_POINT('',(-0.0273082987685799,-0.0124999999999998,0.041684732670788));
#5087=CARTESIAN_POINT('',(-0.0272985251838345,-0.0124999999999998,0.0416173329846941));
#5088=CARTESIAN_POINT('',(-0.0272616527431461,-0.0124999999999996,0.0413630566886716));
#5089=CARTESIAN_POINT('',(-0.0272307824667415,-0.0124999999999994,0.041108299914858));
#5090=CARTESIAN_POINT('',(-0.027205812793158,-0.0124999999999994,0.0408531282406521));
#5091=CARTESIAN_POINT('',(-0.0271896755792347,-0.0124999999999995,0.0406882177991897));
#5092=CARTESIAN_POINT('',(-0.0271760026281432,-0.0124999999999996,0.040523134125669));
#5093=CARTESIAN_POINT('',(-0.0271647681879068,-0.0124999999999998,0.0403578774470118));
#5094=CARTESIAN_POINT('',(-0.0271587220973798,-0.0125,0.0402689404979212));
#5095=CARTESIAN_POINT('',(-0.0271533825164454,-0.0125,0.0401799552091916));
#5096=CARTESIAN_POINT('',(-0.0271487451086085,-0.0125,0.0400909207832442));
#5097=CARTESIAN_POINT('',(-0.027135565953469,-0.0125,0.0398378918167217));
#5098=CARTESIAN_POINT('',(-0.0271280583041891,-0.0125,0.0395844659995534));
#5099=CARTESIAN_POINT('',(-0.0271261454646931,-0.0125,0.0393306437867476));
#5100=CARTESIAN_POINT('',(-0.0271250325508446,-0.0125,0.0391829668612768));
#5101=CARTESIAN_POINT('',(-0.0271258134052957,-0.0125,0.0390351557512768));
#5102=CARTESIAN_POINT('',(-0.0271284756988469,-0.0125,0.0388872097585416));
#5103=CARTESIAN_POINT('',(-0.0271303637822263,-0.0124999999999998,0.0387822873055619));
#5104=CARTESIAN_POINT('',(-0.0271331978861831,-0.0124999999999998,0.0386772971358491));
#5105=CARTESIAN_POINT('',(-0.0271369734769903,-0.0124999999999998,0.0385722395611327));
#5106=CARTESIAN_POINT('',(-0.0271460230752569,-0.0124999999999998,0.0383204302696601));
#5107=CARTESIAN_POINT('',(-0.0271604818733593,-0.0125,0.0380682337468288));
#5108=CARTESIAN_POINT('',(-0.0271802989131471,-0.0125,0.0378156561380666));
#5109=CARTESIAN_POINT('',(-0.0271852365119185,-0.0125,0.0377527240904923));
#5110=CARTESIAN_POINT('',(-0.0271905067251179,-0.0125,0.0376897683842499));
#5111=CARTESIAN_POINT('',(-0.027196108901692,-0.0125,0.0376267891228005));
#5112=CARTESIAN_POINT('',(-0.027201703626278,-0.0125,0.0375638936360601));
#5113=CARTESIAN_POINT('',(-0.0272076294316929,-0.0125,0.0375009746567393));
#5114=CARTESIAN_POINT('',(-0.027213885614275,-0.0125,0.0374380322843631));
#5115=CARTESIAN_POINT('',(-0.0272148916355855,-0.0125,0.0374279108777208));
#5116=CARTESIAN_POINT('',(-0.0272159061997585,-0.0125,0.037417788866179));
#5117=CARTESIAN_POINT('',(-0.0272169293046863,-0.0125,0.0374076662501974));
#5118=CARTESIAN_POINT('',(-0.0738368860946947,-0.0125,0.0885367381357654));
#5119=CARTESIAN_POINT('',(-0.0306742016053305,-0.0125,0.0494617357984232));
#5120=CARTESIAN_POINT('',(-0.0275355371136464,-0.0125,0.0468280835810618));
#5121=CARTESIAN_POINT('',(-0.0215986926794744,-0.0125,0.0418464796059912));
#5122=CARTESIAN_POINT('',(-0.0219200864843176,-0.0125,0.0414634573844316));
#5123=CARTESIAN_POINT('',(-0.0215370642627581,-0.0125,0.0411420635795884));
#5124=CARTESIAN_POINT('',(-0.0225012456772879,-0.0125,0.0399929969149099));
#5125=CARTESIAN_POINT('',(-0.0234654270918178,-0.0125,0.0388439302502315));
#5126=CARTESIAN_POINT('',(-0.0238484493133772,-0.0125,0.0391653240550748));
#5127=CARTESIAN_POINT('',(-0.0241698431182205,-0.0125,0.0387823018335153));
#5128=CARTESIAN_POINT('',(-0.0301066875523925,-0.0125,0.043763905808586));
#5129=CARTESIAN_POINT('',(-0.0272658930911995,-0.0125,0.0413801962239483));
#5130=CARTESIAN_POINT('',(-0.0738368863346965,-0.0125,0.0885367383988059));
#5131=CARTESIAN_POINT('',(-0.0740199243547311,-0.0125,0.088369731908966));
#5132=CARTESIAN_POINT('',(-0.0742024204180655,-0.0125,0.0882022021996723));
#5133=CARTESIAN_POINT('',(-0.0743843494090711,-0.0125,0.0880341259373591));
#5134=CARTESIAN_POINT('',(-0.0747619142716094,-0.0125,0.087685310223462));
#5135=CARTESIAN_POINT('',(-0.075137036611039,-0.0125,0.0873341403577711));
#5136=CARTESIAN_POINT('',(-0.0755094507301564,-0.0125,0.0869803647800838));
#5137=CARTESIAN_POINT('',(-0.0756620626073232,-0.0125,0.0868353908055885));
#5138=CARTESIAN_POINT('',(-0.0758142197172652,-0.0125,0.0866899792789871));
#5139=CARTESIAN_POINT('',(-0.0759659003580915,-0.0125,0.0865441091140697));
#5140=CARTESIAN_POINT('',(-0.0761846194244742,-0.0125,0.0863337685847179));
#5141=CARTESIAN_POINT('',(-0.0764023474182673,-0.0125,0.086122474471036));
#5142=CARTESIAN_POINT('',(-0.0766190207158112,-0.0125,0.0859101630820515));
#5143=CARTESIAN_POINT('',(-0.0769862363736026,-0.0125,0.0855503399416537));
#5144=CARTESIAN_POINT('',(-0.0773504224640009,-0.0125000000000004,0.0851875947246816));
#5145=CARTESIAN_POINT('',(-0.0777111974020165,-0.012499999999998,0.0848215496545003));
#5146=CARTESIAN_POINT('',(-0.0778190092648336,-0.0124999999999972,0.0847121628963504));
#5147=CARTESIAN_POINT('',(-0.0779265165225628,-0.0124999999999962,0.0846024814715634));
#5148=CARTESIAN_POINT('',(-0.0780337068815446,-0.0124999999999944,0.0844924922155404));
#5149=CARTESIAN_POINT('',(-0.0782855148527922,-0.0124999999999902,0.0842341091698892));
#5150=CARTESIAN_POINT('',(-0.0785355662868371,-0.0124999999999815,0.0839740344164213));
#5151=CARTESIAN_POINT('',(-0.0787836940394744,-0.0124999999999736,0.0837121030426247));
#5152=CARTESIAN_POINT('',(-0.0791378088738543,-0.0124999999999623,0.0833382884085701));
#5153=CARTESIAN_POINT('',(-0.0794880053163561,-0.0124999999999612,0.082960691951981));
#5154=CARTESIAN_POINT('',(-0.0798336141998055,-0.0124999999999803,0.0825787593621634));
#5155=CARTESIAN_POINT('',(-0.0798974301405001,-0.0124999999999839,0.0825082363268238));
#5156=CARTESIAN_POINT('',(-0.0799610896868178,-0.0124999999999877,0.0824375654715792));
#5157=CARTESIAN_POINT('',(-0.0800245886465104,-0.0124999999999912,0.08236674055718));
#5158=CARTESIAN_POINT('',(-0.0803053975537909,-0.0125000000000065,0.0820535343736934));
#5159=CARTESIAN_POINT('',(-0.0805830565208958,-0.0124999999999992,0.0817373559272532));
#5160=CARTESIAN_POINT('',(-0.0808572524047439,-0.0124999999999995,0.08141759715907));
#5161=CARTESIAN_POINT('',(-0.0808996001280022,-0.0124999999999995,0.0813682125525822));
#5162=CARTESIAN_POINT('',(-0.0809418652422241,-0.0124999999999996,0.0813187425461066));
#5163=CARTESIAN_POINT('',(-0.0809840444925769,-0.0124999999999997,0.0812691859677493));
#5164=CARTESIAN_POINT('',(-0.0812771429776393,-0.0125000000000003,0.08092482332688));
#5165=CARTESIAN_POINT('',(-0.0815661423316326,-0.0125000000000007,0.0805762306680572));
#5166=CARTESIAN_POINT('',(-0.0818496792562549,-0.0124999999999992,0.0802233946974935));
#5167=CARTESIAN_POINT('',(-0.0818711413125349,-0.0124999999999991,0.080196687116222));
#5168=CARTESIAN_POINT('',(-0.0818925720919292,-0.012499999999999,0.0801699552388233));
#5169=CARTESIAN_POINT('',(-0.0819139703418264,-0.0124999999999988,0.0801431997600371));
#5170=CARTESIAN_POINT('',(-0.0820544310352568,-0.0124999999999978,0.0799675735699778));
#5171=CARTESIAN_POINT('',(-0.0821935802909251,-0.0124999999999982,0.0797908119418197));
#5172=CARTESIAN_POINT('',(-0.0823310986496489,-0.0124999999999988,0.0796130599448572));
#5173=CARTESIAN_POINT('',(-0.0824895271002451,-0.0124999999999996,0.0794082802068609));
#5174=CARTESIAN_POINT('',(-0.0826457910029391,-0.0125,0.0792021861130837));
#5175=CARTESIAN_POINT('',(-0.0827997448856061,-0.0124999999999997,0.0789945090551549));
#5176=CARTESIAN_POINT('',(-0.0828014701109228,-0.0124999999999997,0.0789921818016175));
#5177=CARTESIAN_POINT('',(-0.0828031950461367,-0.0124999999999997,0.0789898543492778));
#5178=CARTESIAN_POINT('',(-0.0828049196908168,-0.0124999999999997,0.07898752669788));
#5179=CARTESIAN_POINT('',(-0.0829570960992455,-0.0124999999999994,0.078782143157787));
#5180=CARTESIAN_POINT('',(-0.0831069377313169,-0.0124999999999997,0.0785753003413049));
#5181=CARTESIAN_POINT('',(-0.0832541664694895,-0.0124999999999989,0.0783668092846065));
#5182=CARTESIAN_POINT('',(-0.0833867506284068,-0.0124999999999981,0.0781790564604144));
#5183=CARTESIAN_POINT('',(-0.083517215849768,-0.0124999999999991,0.0779899669843259));
#5184=CARTESIAN_POINT('',(-0.0836453200123349,-0.0124999999999826,0.0777993412565966));
#5185=CARTESIAN_POINT('',(-0.0836611049699847,-0.0124999999999806,0.0777758524098733));
#5186=CARTESIAN_POINT('',(-0.0836768538607923,-0.0124999999999785,0.0777523402653443));
#5187=CARTESIAN_POINT('',(-0.0836925662016357,-0.0124999999999766,0.0777288044892717));
#5188=CARTESIAN_POINT('',(-0.0838357859400728,-0.012499999999959,0.0775142732665437));
#5189=CARTESIAN_POINT('',(-0.0839759689701738,-0.0124999999999564,0.0772977786678311));
#5190=CARTESIAN_POINT('',(-0.0841126285846336,-0.0124999999999677,0.0770790043048769));
#5191=CARTESIAN_POINT('',(-0.0842177639677979,-0.0124999999999764,0.0769106961579046));
#5192=CARTESIAN_POINT('',(-0.0843208139835081,-0.0124999999999899,0.076741038707269));
#5193=CARTESIAN_POINT('',(-0.0844214695498487,-0.0124999999999962,0.0765698289179035));
#5194=CARTESIAN_POINT('',(-0.0844516383339705,-0.0124999999999981,0.0765185134133298));
#5195=CARTESIAN_POINT('',(-0.0844815924456696,-0.0124999999999988,0.0764670588087655));
#5196=CARTESIAN_POINT('',(-0.0845113226938815,-0.0124999999999992,0.0764154610879519));
#5197=CARTESIAN_POINT('',(-0.0845757864748597,-0.0125000000000002,0.0763035822987201));
#5198=CARTESIAN_POINT('',(-0.0846391976811592,-0.0125000000000002,0.0761910305990132));
#5199=CARTESIAN_POINT('',(-0.0847014335158606,-0.0124999999999991,0.0760777486050912));
#5200=CARTESIAN_POINT('',(-0.0847274444783748,-0.0124999999999986,0.0760304033142058));
#5201=CARTESIAN_POINT('',(-0.0847532501475877,-0.0124999999999978,0.0759829304681859));
#5202=CARTESIAN_POINT('',(-0.0847788402780463,-0.0124999999999961,0.0759353243298308));
#5203=CARTESIAN_POINT('',(-0.0848144963187904,-0.0124999999999937,0.0758689922565494));
#5204=CARTESIAN_POINT('',(-0.0848497324076868,-0.0124999999999899,0.075802402778125));
#5205=CARTESIAN_POINT('',(-0.0848845292533855,-0.0124999999999865,0.0757355228862772));
#5206=CARTESIAN_POINT('',(-0.0849442846857549,-0.0124999999999806,0.0756206723366385));
#5207=CARTESIAN_POINT('',(-0.0850027452628954,-0.0124999999999771,0.0755049656234092));
#5208=CARTESIAN_POINT('',(-0.0850597597957644,-0.0124999999999837,0.0753882389714479));
#5209=CARTESIAN_POINT('',(-0.0850766790389874,-0.0124999999999857,0.0753535999677456));
#5210=CARTESIAN_POINT('',(-0.0850934708849797,-0.0124999999999883,0.0753188711156321));
#5211=CARTESIAN_POINT('',(-0.0851101309362786,-0.0124999999999911,0.0752840441915562));
#5212=CARTESIAN_POINT('',(-0.0851495806223619,-0.0124999999999978,0.0752015767851004));
#5213=CARTESIAN_POINT('',(-0.0851882436652447,-0.0124999999999987,0.0751186696426329));
#5214=CARTESIAN_POINT('',(-0.0852260674715303,-0.012499999999999,0.0750352181215901));
#5215=CARTESIAN_POINT('',(-0.085279910919335,-0.0124999999999995,0.0749164221023966));
#5216=CARTESIAN_POINT('',(-0.0853320540521444,-0.0125000000000024,0.0747965233304014));
#5217=CARTESIAN_POINT('',(-0.0853819547256675,-0.0124999999999854,0.0746759585369784));
#5218=CARTESIAN_POINT('',(-0.0853907389151133,-0.0124999999999824,0.074654735096268));
#5219=CARTESIAN_POINT('',(-0.0853994535941206,-0.0124999999999786,0.074633491003365));
#5220=CARTESIAN_POINT('',(-0.0854080968452485,-0.0124999999999737,0.0746122249567346));
#5221=CARTESIAN_POINT('',(-0.0854485476853477,-0.0124999999999506,0.0745126988132666));
#5222=CARTESIAN_POINT('',(-0.085487430701313,-0.0124999999999243,0.0744126793270598));
#5223=CARTESIAN_POINT('',(-0.0855245246757563,-0.0124999999999212,0.0743120870975581));
#5224=CARTESIAN_POINT('',(-0.0855470282938438,-0.0124999999999193,0.074251061307002));
#5225=CARTESIAN_POINT('',(-0.0855688734902684,-0.0124999999999254,0.0741898247307373));
#5226=CARTESIAN_POINT('',(-0.0855899877514356,-0.0124999999999377,0.0741283624333334));
#5227=CARTESIAN_POINT('',(-0.0856111006950454,-0.01249999999995,0.0740669039712567));
#5228=CARTESIAN_POINT('',(-0.0856314827900459,-0.0124999999999686,0.0740052198139718));
#5229=CARTESIAN_POINT('',(-0.08565105024746,-0.0124999999999831,0.0739432865186879));
#5230=CARTESIAN_POINT('',(-0.0856532076002296,-0.0124999999999847,0.0739364582444117));
#5231=CARTESIAN_POINT('',(-0.0856553550509466,-0.0124999999999862,0.0739296269418838));
#5232=CARTESIAN_POINT('',(-0.0856574924536309,-0.0124999999999876,0.073922792572002));
#5233=CARTESIAN_POINT('',(-0.0856747421737378,-0.0124999999999993,0.0738676363918235));
#5234=CARTESIAN_POINT('',(-0.0856913424632846,-0.0124999999999991,0.073812280261464));
#5235=CARTESIAN_POINT('',(-0.0857072153106548,-0.0124999999999994,0.0737567075145556));
#5236=CARTESIAN_POINT('',(-0.0857248689861951,-0.0124999999999997,0.0736948998741292));
#5237=CARTESIAN_POINT('',(-0.0857416227916243,-0.0125000000000003,0.0736328242719241));
#5238=CARTESIAN_POINT('',(-0.0857573350857006,-0.0124999999999936,0.0735704446129985));
#5239=CARTESIAN_POINT('',(-0.085757504409718,-0.0124999999999936,0.0735697723766973));
#5240=CARTESIAN_POINT('',(-0.0857576736117528,-0.0124999999999935,0.0735691001039006));
#5241=CARTESIAN_POINT('',(-0.085757842691651,-0.0124999999999934,0.0735684277945171));
#5242=CARTESIAN_POINT('',(-0.0857737042740649,-0.0124999999999867,0.0735053576672537));
#5243=CARTESIAN_POINT('',(-0.0857884913680677,-0.0124999999999914,0.073441965768256));
#5244=CARTESIAN_POINT('',(-0.0858020159304293,-0.0124999999999949,0.0733781664332153));
#5245=CARTESIAN_POINT('',(-0.0858137535980062,-0.012499999999998,0.0733227964059777));
#5246=CARTESIAN_POINT('',(-0.0858245403517317,-0.0124999999999998,0.0732671195208167));
#5247=CARTESIAN_POINT('',(-0.0858341751785951,-0.012499999999997,0.0732110334321967));
#5248=CARTESIAN_POINT('',(-0.0858356339054449,-0.0124999999999966,0.0732025419165185));
#5249=CARTESIAN_POINT('',(-0.0858370657340243,-0.0124999999999962,0.0731940424496302));
#5250=CARTESIAN_POINT('',(-0.0858384699766528,-0.0124999999999959,0.0731855347605352));
#5251=CARTESIAN_POINT('',(-0.0858438088920664,-0.0124999999999947,0.073153188617839));
#5252=CARTESIAN_POINT('',(-0.0858487490313183,-0.0124999999999946,0.0731207236351959));
#5253=CARTESIAN_POINT('',(-0.0858532257262881,-0.0124999999999944,0.0730881527101667));
#5254=CARTESIAN_POINT('',(-0.0858577046837044,-0.0124999999999942,0.0730555653243385));
#5255=CARTESIAN_POINT('',(-0.085861719722683,-0.012499999999994,0.0730228719223352));
#5256=CARTESIAN_POINT('',(-0.0858651832591662,-0.0124999999999914,0.072990202309929));
#5257=CARTESIAN_POINT('',(-0.0858686485514964,-0.0124999999999889,0.0729575161355952));
#5258=CARTESIAN_POINT('',(-0.0858715617814702,-0.0124999999999849,0.0729248537406862));
#5259=CARTESIAN_POINT('',(-0.0858738300959899,-0.0124999999999682,0.0728921821571369));
#5260=CARTESIAN_POINT('',(-0.0858749534598973,-0.01249999999996,0.0728760018270123));
#5261=CARTESIAN_POINT('',(-0.0858759186526849,-0.0124999999999485,0.0728598192414484));
#5262=CARTESIAN_POINT('',(-0.0858767063622046,-0.01249999999993,0.072843635077125));
#5263=CARTESIAN_POINT('',(-0.0858775103169534,-0.0124999999999112,0.0728271171407063));
#5264=CARTESIAN_POINT('',(-0.0858781293116082,-0.0124999999998824,0.0728106083060577));
#5265=CARTESIAN_POINT('',(-0.0858785416955359,-0.0124999999998513,0.0727940954718343));
#5266=CARTESIAN_POINT('',(-0.085878949998085,-0.0124999999998204,0.072777746065728));
#5267=CARTESIAN_POINT('',(-0.0858791557851248,-0.0124999999997877,0.0727613927354433));
#5268=CARTESIAN_POINT('',(-0.085879126169794,-0.0124999999997712,0.0727450214784749));
#5269=CARTESIAN_POINT('',(-0.0858790966058631,-0.0124999999997547,0.0727286786351529));
#5270=CARTESIAN_POINT('',(-0.0858788325027981,-0.0124999999997564,0.0727123179240516));
#5271=CARTESIAN_POINT('',(-0.0858782886048188,-0.0124999999997867,0.0726959235297154));
#5272=CARTESIAN_POINT('',(-0.0858778827950086,-0.0124999999998093,0.0726836914451948));
#5273=CARTESIAN_POINT('',(-0.0858773212026932,-0.012499999999848,0.0726714406051929));
#5274=CARTESIAN_POINT('',(-0.0858765765387773,-0.0124999999998912,0.0726591689082484));
#5275=CARTESIAN_POINT('',(-0.0858763261716382,-0.0124999999999057,0.0726550429803093));
#5276=CARTESIAN_POINT('',(-0.0858760559275246,-0.0124999999999178,0.072650919804818));
#5277=CARTESIAN_POINT('',(-0.0858757649512727,-0.0124999999999279,0.0726467991993391));
#5278=CARTESIAN_POINT('',(-0.085874606239104,-0.0124999999999681,0.072630390314839));
#5279=CARTESIAN_POINT('',(-0.0858731188570153,-0.0124999999999787,0.0726140221720858));
#5280=CARTESIAN_POINT('',(-0.0858712065564449,-0.0124999999999799,0.0725976415535923));
#5281=CARTESIAN_POINT('',(-0.0858692894158508,-0.012499999999981,0.0725812194758306));
#5282=CARTESIAN_POINT('',(-0.085866945356283,-0.0124999999999784,0.0725647850273196));
#5283=CARTESIAN_POINT('',(-0.0858640363458155,-0.0124999999999231,0.0725484366697806));
#5284=CARTESIAN_POINT('',(-0.0858625811716103,-0.0124999999998954,0.0725402587314561));
#5285=CARTESIAN_POINT('',(-0.0858609845742469,-0.012499999999853,0.0725321022953626));
#5286=CARTESIAN_POINT('',(-0.0858592349510429,-0.0124999999997752,0.0725240120273209));
#5287=CARTESIAN_POINT('',(-0.0858574861379097,-0.0124999999996975,0.0725159255050515));
#5288=CARTESIAN_POINT('',(-0.0858555844459271,-0.0124999999995848,0.0725079050893544));
#5289=CARTESIAN_POINT('',(-0.0858535147240749,-0.0124999999994022,0.072499942297665));
#5290=CARTESIAN_POINT('',(-0.0858514471507675,-0.0124999999992198,0.0724919877720206));
#5291=CARTESIAN_POINT('',(-0.0858492118878948,-0.0124999999989679,0.0724840907377497));
#5292=CARTESIAN_POINT('',(-0.0858468085747252,-0.0124999999985928,0.0724762516588262));
#5293=CARTESIAN_POINT('',(-0.0858467777012137,-0.012499999998588,0.0724761509562226));
#5294=CARTESIAN_POINT('',(-0.0858467467999643,-0.0124999999985832,0.072476050263187));
#5295=CARTESIAN_POINT('',(-0.0858467158710038,-0.0124999999985783,0.0724759495797014));
#5296=CARTESIAN_POINT('',(-0.085844341516066,-0.0124999999982052,0.072468220308255));
#5297=CARTESIAN_POINT('',(-0.0858417982143779,-0.012499999997849,0.0724605533204584));
#5298=CARTESIAN_POINT('',(-0.0858391003737868,-0.0124999999975692,0.0724529442516804));
#5299=CARTESIAN_POINT('',(-0.0858336360224055,-0.0124999999970025,0.0724375324346787));
#5300=CARTESIAN_POINT('',(-0.0858275375800985,-0.0124999999967751,0.0724223585104536));
#5301=CARTESIAN_POINT('',(-0.0858209656375814,-0.0124999999968793,0.0724073764129479));
#5302=CARTESIAN_POINT('',(-0.0858143895824266,-0.0124999999969836,0.0723923849398367));
#5303=CARTESIAN_POINT('',(-0.0858073395204361,-0.0124999999973915,0.0723775853975881));
#5304=CARTESIAN_POINT('',(-0.0857999307279265,-0.0124999999978522,0.0723629387415763));
#5305=CARTESIAN_POINT('',(-0.0857925081812582,-0.0124999999983137,0.0723482648945708));
#5306=CARTESIAN_POINT('',(-0.0857847256045518,-0.0124999999988139,0.0723337444644521));
#5307=CARTESIAN_POINT('',(-0.0857766704151334,-0.0124999999991788,0.072319373777086));
#5308=CARTESIAN_POINT('',(-0.0857745334414629,-0.0124999999992757,0.0723155613551884));
#5309=CARTESIAN_POINT('',(-0.0857723772814149,-0.012499999999364,0.0723117594658001));
#5310=CARTESIAN_POINT('',(-0.0857702037275482,-0.0124999999994427,0.0723079689499039));
#5311=CARTESIAN_POINT('',(-0.0857641723950017,-0.0124999999996613,0.0722974507556034));
#5312=CARTESIAN_POINT('',(-0.0857579964296614,-0.0124999999997757,0.0722869955716502));
#5313=CARTESIAN_POINT('',(-0.0857517091560041,-0.0124999999998475,0.0722766214924115));
#5314=CARTESIAN_POINT('',(-0.0857431723577845,-0.0124999999999449,0.0722625356698429));
#5315=CARTESIAN_POINT('',(-0.0857344303652473,-0.0124999999999657,0.0722485994407332));
#5316=CARTESIAN_POINT('',(-0.0857255070911954,-0.0124999999999768,0.0722347787231529));
#5317=CARTESIAN_POINT('',(-0.0857076963826247,-0.012499999999999,0.0722071927976703));
#5318=CARTESIAN_POINT('',(-0.0856891629484429,-0.0125000000000091,0.0721800671785344));
#5319=CARTESIAN_POINT('',(-0.0856700801599635,-0.0124999999998692,0.0721533321028071));
#5320=CARTESIAN_POINT('',(-0.085669862958091,-0.0124999999998676,0.0721530278019699));
#5321=CARTESIAN_POINT('',(-0.0856696456851394,-0.012499999999866,0.0721527235516939));
#5322=CARTESIAN_POINT('',(-0.0856694283412703,-0.0124999999998644,0.0721524193519289));
#5323=CARTESIAN_POINT('',(-0.0856505544185306,-0.0124999999997219,0.0721260029506466));
#5324=CARTESIAN_POINT('',(-0.0856311456891129,-0.0124999999995457,0.0721000064726608));
#5325=CARTESIAN_POINT('',(-0.0856112973028862,-0.012499999999461,0.0720743597797076));
#5326=CARTESIAN_POINT('',(-0.0855911994253212,-0.0124999999993753,0.0720483907115411));
#5327=CARTESIAN_POINT('',(-0.0855706507292894,-0.0124999999993733,0.0720227802653816));
#5328=CARTESIAN_POINT('',(-0.0855497042812059,-0.012499999999428,0.0719974614035409));
#5329=CARTESIAN_POINT('',(-0.0855287398026692,-0.0124999999994826,0.0719721207475253));
#5330=CARTESIAN_POINT('',(-0.085507376893654,-0.0124999999995875,0.0719470722060924));
#5331=CARTESIAN_POINT('',(-0.0854857171754369,-0.0124999999996839,0.0719223333513642));
#5332=CARTESIAN_POINT('',(-0.085469028183486,-0.0124999999997582,0.0719032718592757));
#5333=CARTESIAN_POINT('',(-0.0854521629517119,-0.0124999999998271,0.0718843942130089));
#5334=CARTESIAN_POINT('',(-0.0854351428694064,-0.0124999999998774,0.0718656908719679));
#5335=CARTESIAN_POINT('',(-0.0854079659035913,-0.0124999999999577,0.0718358261479921));
#5336=CARTESIAN_POINT('',(-0.0853803709201733,-0.0124999999999775,0.0718063745953388));
#5337=CARTESIAN_POINT('',(-0.0853524478410837,-0.0124999999999884,0.071777314878544));
#5338=CARTESIAN_POINT('',(-0.085307084599415,-0.0125000000000062,0.0717301050793829));
#5339=CARTESIAN_POINT('',(-0.0852608552808693,-0.0125,0.0716839296802548));
#5340=CARTESIAN_POINT('',(-0.0852138917013327,-0.0124999999999996,0.071638608350653));
#5341=CARTESIAN_POINT('',(-0.0852015014105658,-0.0124999999999995,0.0716266513308251));
#5342=CARTESIAN_POINT('',(-0.085189060038427,-0.0124999999999994,0.0716147537339497));
#5343=CARTESIAN_POINT('',(-0.0851765701166048,-0.0124999999999991,0.0716029140693827));
#5344=CARTESIAN_POINT('',(-0.0851417220906493,-0.0124999999999985,0.0715698803207326));
#5345=CARTESIAN_POINT('',(-0.0851064997693202,-0.0124999999999985,0.0715373040453107));
#5346=CARTESIAN_POINT('',(-0.085070945878626,-0.0124999999999988,0.0715051351674424));
#5347=CARTESIAN_POINT('',(-0.0850226330247883,-0.0124999999999991,0.0714614220810762));
#5348=CARTESIAN_POINT('',(-0.0849737079590523,-0.0125,0.0714184612299181));
#5349=CARTESIAN_POINT('',(-0.084924236199822,-0.0124999999999983,0.071376147343843));
#5350=CARTESIAN_POINT('',(-0.0849171633416043,-0.012499999999998,0.0713700978295037));
#5351=CARTESIAN_POINT('',(-0.0849100793069711,-0.0124999999999977,0.0713640615405416));
#5352=CARTESIAN_POINT('',(-0.0849029842544635,-0.0124999999999973,0.0713580382347899));
#5353=CARTESIAN_POINT('',(-0.0848604519411591,-0.0124999999999949,0.071321930661648));
#5354=CARTESIAN_POINT('',(-0.0848175234190186,-0.01249999999999,0.0712862924970112));
#5355=CARTESIAN_POINT('',(-0.0847742372112051,-0.0124999999999829,0.071251079227038));
#5356=CARTESIAN_POINT('',(-0.0846732333792569,-0.0124999999999663,0.0711689127499456));
#5357=CARTESIAN_POINT('',(-0.0845702819891369,-0.0124999999999362,0.071089059658507));
#5358=CARTESIAN_POINT('',(-0.0844657079182953,-0.0124999999999425,0.0710111087106697));
#5359=CARTESIAN_POINT('',(-0.0844185980145056,-0.0124999999999453,0.0709759923417326));
#5360=CARTESIAN_POINT('',(-0.0843711588089353,-0.0124999999999562,0.0709412620116771));
#5361=CARTESIAN_POINT('',(-0.0843234137921854,-0.0124999999999704,0.0709068952723447));
#5362=CARTESIAN_POINT('',(-0.0842651803739177,-0.0124999999999877,0.0708649790087792));
#5363=CARTESIAN_POINT('',(-0.0842065123592431,-0.0124999999999932,0.0708236110565422));
#5364=CARTESIAN_POINT('',(-0.0841474443495468,-0.0124999999999962,0.0707827428094927));
#5365=CARTESIAN_POINT('',(-0.0840399319553226,-0.0125000000000016,0.0707083566381854));
#5366=CARTESIAN_POINT('',(-0.0839310945738032,-0.0125,0.0706356255578339));
#5367=CARTESIAN_POINT('',(-0.0838214112426435,-0.0124999999999994,0.0705645232874411));
#5368=CARTESIAN_POINT('',(-0.0837852728268707,-0.0124999999999993,0.0705410965426233));
#5369=CARTESIAN_POINT('',(-0.0837490425550197,-0.0124999999999989,0.0705178466766256));
#5370=CARTESIAN_POINT('',(-0.0837127193273085,-0.0124999999999984,0.0704947632822882));
#5371=CARTESIAN_POINT('',(-0.0836388374234337,-0.0124999999999972,0.0704478113666956));
#5372=CARTESIAN_POINT('',(-0.0835646158879485,-0.0124999999999955,0.0704015776032561));
#5373=CARTESIAN_POINT('',(-0.0834900577987213,-0.0124999999999941,0.0703559792596669));
#5374=CARTESIAN_POINT('',(-0.0833788082334916,-0.0124999999999921,0.0702879410903405));
#5375=CARTESIAN_POINT('',(-0.0832668094141637,-0.0124999999999918,0.0702213175528667));
#5376=CARTESIAN_POINT('',(-0.083154145908034,-0.0124999999999947,0.070155950261028));
#5377=CARTESIAN_POINT('',(-0.0831306262347138,-0.0124999999999954,0.0701423041621031));
#5378=CARTESIAN_POINT('',(-0.0831070775897856,-0.0124999999999961,0.0701287128194219));
#5379=CARTESIAN_POINT('',(-0.083083500342494,-0.0124999999999968,0.0701151749239699));
#5380=CARTESIAN_POINT('',(-0.0829941370721072,-0.0124999999999995,0.0700638631403344));
#5381=CARTESIAN_POINT('',(-0.0829043582874721,-0.0124999999999996,0.0700133127622147));
#5382=CARTESIAN_POINT('',(-0.0828141986304737,-0.0124999999999997,0.0699634601776072));
#5383=CARTESIAN_POINT('',(-0.0827002670698789,-0.0125,0.0699004632347048));
#5384=CARTESIAN_POINT('',(-0.0825857273072227,-0.0125000000000004,0.0698385805734764));
#5385=CARTESIAN_POINT('',(-0.0824706456743864,-0.0124999999999963,0.0697777067765419));
#5386=CARTESIAN_POINT('',(-0.0824605376634709,-0.012499999999996,0.0697723600240784));
#5387=CARTESIAN_POINT('',(-0.0824504254723771,-0.0124999999999956,0.069767021054359));
#5388=CARTESIAN_POINT('',(-0.0824403091366002,-0.0124999999999951,0.0697616898131627));
#5389=CARTESIAN_POINT('',(-0.0822200816344482,-0.0124999999999851,0.0696456313945888));
#5390=CARTESIAN_POINT('',(-0.0819978731019122,-0.0124999999999665,0.0695332416944569));
#5391=CARTESIAN_POINT('',(-0.0817740353563295,-0.0124999999999632,0.0694239547785017));
#5392=CARTESIAN_POINT('',(-0.0815579018377762,-0.01249999999996,0.0693184293872602));
#5393=CARTESIAN_POINT('',(-0.0813402493729311,-0.012499999999972,0.0692157967705589));
#5394=CARTESIAN_POINT('',(-0.0811212973168581,-0.0124999999999859,0.069115677918459));
#5395=CARTESIAN_POINT('',(-0.0811030308748979,-0.012499999999987,0.069107325335552));
#5396=CARTESIAN_POINT('',(-0.0810847549838677,-0.0124999999999881,0.0690989900001908));
#5397=CARTESIAN_POINT('',(-0.0810664697370142,-0.012499999999989,0.0690906716793933));
#5398=CARTESIAN_POINT('',(-0.0808289956166871,-0.0125000000000012,0.0689826400006408));
#5399=CARTESIAN_POINT('',(-0.0805899434942123,-0.0124999999999996,0.0688774778831937));
#5400=CARTESIAN_POINT('',(-0.0803499608238942,-0.0124999999999997,0.0687749804467304));
#5401=CARTESIAN_POINT('',(-0.0801575411643246,-0.0124999999999998,0.0686927973382382));
#5402=CARTESIAN_POINT('',(-0.0799645232906985,-0.0124999999999997,0.0686123274246364));
#5403=CARTESIAN_POINT('',(-0.0797709157680858,-0.0124999999999977,0.0685333697980818));
#5404=CARTESIAN_POINT('',(-0.0797231505428668,-0.0124999999999972,0.0685138900342574));
#5405=CARTESIAN_POINT('',(-0.0796753559930998,-0.0124999999999967,0.0684945052563327));
#5406=CARTESIAN_POINT('',(-0.0796275320372648,-0.0124999999999964,0.0684752122432615));
#5407=CARTESIAN_POINT('',(-0.0793858141325733,-0.0124999999999948,0.0683776990490196));
#5408=CARTESIAN_POINT('',(-0.0791433451972473,-0.012499999999997,0.0682825296688977));
#5409=CARTESIAN_POINT('',(-0.0789001821663672,-0.0124999999999984,0.068189389544754));
#5410=CARTESIAN_POINT('',(-0.0787345175136057,-0.0124999999999993,0.0681259340668855));
#5411=CARTESIAN_POINT('',(-0.0785685306391733,-0.0124999999999998,0.0680634206054223));
#5412=CARTESIAN_POINT('',(-0.0784022246424993,-0.0125,0.0680017713264336));
#5413=CARTESIAN_POINT('',(-0.0780802833960797,-0.0125,0.06788242839163));
#5414=CARTESIAN_POINT('',(-0.0777571535529217,-0.0124999999999993,0.0677663270785344));
#5415=CARTESIAN_POINT('',(-0.0774330465499354,-0.0124999999999989,0.0676529889677529));
#5416=CARTESIAN_POINT('',(-0.0772953612338545,-0.0124999999999988,0.0676048413082973));
#5417=CARTESIAN_POINT('',(-0.0771574995936014,-0.0124999999999989,0.0675571922742729));
#5418=CARTESIAN_POINT('',(-0.0770194747386462,-0.0124999999999993,0.0675100158963724));
#5419=CARTESIAN_POINT('',(-0.0766647822871262,-0.0125000000000004,0.0673887833463597));
#5420=CARTESIAN_POINT('',(-0.0763090118826326,-0.0125000000000003,0.067270663383551));
#5421=CARTESIAN_POINT('',(-0.0759522955357936,-0.0124999999999996,0.0671551755768479));
#5422=CARTESIAN_POINT('',(-0.0758434392492808,-0.0124999999999994,0.067119933082674));
#5423=CARTESIAN_POINT('',(-0.0757344948669864,-0.0124999999999991,0.0670849357216768));
#5424=CARTESIAN_POINT('',(-0.0756254647142941,-0.0124999999999983,0.0670501726775542));
#5425=CARTESIAN_POINT('',(-0.0752381847441978,-0.0124999999999954,0.0669266927928087));
#5426=CARTESIAN_POINT('',(-0.0748498698611571,-0.0124999999999896,0.0668061892246796));
#5427=CARTESIAN_POINT('',(-0.0744606661440273,-0.0124999999999866,0.066688190564759));
#5428=CARTESIAN_POINT('',(-0.0739618698668953,-0.0124999999999826,0.0665369656671425));
#5429=CARTESIAN_POINT('',(-0.0734616137299542,-0.0124999999999848,0.0663898549488712));
#5430=CARTESIAN_POINT('',(-0.0729604294521169,-0.0124999999999915,0.0662461451993514));
#5431=CARTESIAN_POINT('',(-0.0729109283956461,-0.0124999999999922,0.0662319512496587));
#5432=CARTESIAN_POINT('',(-0.072861418284791,-0.0124999999999929,0.066217790477614));
#5433=CARTESIAN_POINT('',(-0.0728118992654124,-0.0124999999999935,0.0662036622046521));
#5434=CARTESIAN_POINT('',(-0.0723600586370342,-0.0124999999999997,0.0660747475408903));
#5435=CARTESIAN_POINT('',(-0.0719074664471565,-0.0124999999999996,0.0659485299748443));
#5436=CARTESIAN_POINT('',(-0.0714542528808471,-0.0125,0.0658244998480304));
#5437=CARTESIAN_POINT('',(-0.0709625097348865,-0.0125,0.0656899254017048));
#5438=CARTESIAN_POINT('',(-0.0704700350737871,-0.0125,0.0655579261199354));
#5439=CARTESIAN_POINT('',(-0.0699769862185184,-0.0125,0.0654280014450878));
#5440=CARTESIAN_POINT('',(-0.0694616072267954,-0.0125,0.0652921924938909));
#5441=CARTESIAN_POINT('',(-0.0689455929500212,-0.0125,0.0651586465149634));
#5442=CARTESIAN_POINT('',(-0.0684291061047089,-0.0124999999999996,0.0650267879662384));
#5443=CARTESIAN_POINT('',(-0.0679960904622766,-0.0124999999999993,0.0649162395278715));
#5444=CARTESIAN_POINT('',(-0.0675627426568804,-0.0124999999999991,0.0648068771739173));
#5445=CARTESIAN_POINT('',(-0.067129136607718,-0.0124999999999995,0.0646984311606742));
#5446=CARTESIAN_POINT('',(-0.0665507653927716,-0.0125,0.0645537789987482));
#5447=CARTESIAN_POINT('',(-0.0659719378982776,-0.0125,0.0644107534805648));
#5448=CARTESIAN_POINT('',(-0.0653928334579642,-0.0125,0.064268713349726));
#5449=CARTESIAN_POINT('',(-0.0650199354207888,-0.0125,0.0641772505974091));
#5450=CARTESIAN_POINT('',(-0.0646469225529178,-0.0125,0.0640861964214708));
#5451=CARTESIAN_POINT('',(-0.0642738377838226,-0.0125,0.0639953986617576));
#5452=CARTESIAN_POINT('',(-0.063633155497438,-0.0125,0.0638394756085792));
#5453=CARTESIAN_POINT('',(-0.0629922623590463,-0.0124999999999993,0.0636843047164644));
#5454=CARTESIAN_POINT('',(-0.0623513732208033,-0.0124999999999987,0.063529119309089));
#5455=CARTESIAN_POINT('',(-0.0620394756388945,-0.0124999999999984,0.0634535961797056));
#5456=CARTESIAN_POINT('',(-0.061727579005045,-0.0124999999999985,0.0633780696128169));
#5457=CARTESIAN_POINT('',(-0.0614157070775422,-0.0124999999999991,0.0633024548764692));
#5458=CARTESIAN_POINT('',(-0.0607135681503476,-0.0125000000000004,0.0631322181697405));
#5459=CARTESIAN_POINT('',(-0.0600115565473482,-0.0125000000000009,0.0629615266648458));
#5460=CARTESIAN_POINT('',(-0.0593099472159727,-0.012499999999999,0.0627894039460337));
#5461=CARTESIAN_POINT('',(-0.0590595667869347,-0.0124999999999983,0.0627279792211104));
#5462=CARTESIAN_POINT('',(-0.0588092375892431,-0.0124999999999971,0.0626663722266113));
#5463=CARTESIAN_POINT('',(-0.0585589724493032,-0.0124999999999939,0.062604536881407));
#5464=CARTESIAN_POINT('',(-0.0577964576068359,-0.0124999999999842,0.0624161352185997));
#5465=CARTESIAN_POINT('',(-0.0570345412187475,-0.0124999999998818,0.0622256028210856));
#5466=CARTESIAN_POINT('',(-0.0562735746976131,-0.0124999999998814,0.0620316815777141));
#5467=CARTESIAN_POINT('',(-0.0560849219762039,-0.0124999999998813,0.0619836061771741));
#5468=CARTESIAN_POINT('',(-0.0558963276271367,-0.0124999999998905,0.061935322495468));
#5469=CARTESIAN_POINT('',(-0.0557077978211599,-0.0124999999999087,0.0618868093088656));
#5470=CARTESIAN_POINT('',(-0.0548862722923657,-0.0124999999999877,0.0616754113229052));
#5471=CARTESIAN_POINT('',(-0.0540659611336833,-0.0124999999999908,0.0614596011932399));
#5472=CARTESIAN_POINT('',(-0.0532474165436537,-0.0124999999999936,0.0612375765777916));
#5473=CARTESIAN_POINT('',(-0.0522410081451727,-0.0124999999999969,0.0609645951906096));
#5474=CARTESIAN_POINT('',(-0.0512372703227719,-0.0125000000000078,0.060682219079153));
#5475=CARTESIAN_POINT('',(-0.0502372679746989,-0.0124999999999233,0.0603864345696701));
#5476=CARTESIAN_POINT('',(-0.0501715280207928,-0.0124999999999177,0.0603669897553084));
#5477=CARTESIAN_POINT('',(-0.0501058042101239,-0.0124999999999116,0.0603474869960222));
#5478=CARTESIAN_POINT('',(-0.050040097059715,-0.012499999999905,0.0603279249477805));
#5479=CARTESIAN_POINT('',(-0.0491063096562277,-0.0124999999998105,0.0600499218062528));
#5480=CARTESIAN_POINT('',(-0.0481758601132969,-0.0125000000000012,0.0597600309150697));
#5481=CARTESIAN_POINT('',(-0.0472499006925785,-0.0124999999999984,0.0594541291131617));
#5482=CARTESIAN_POINT('',(-0.0472446628734702,-0.0124999999999983,0.0594523987367894));
#5483=CARTESIAN_POINT('',(-0.0472394251981185,-0.0124999999999983,0.0594506678479913));
#5484=CARTESIAN_POINT('',(-0.04723418766653,-0.0124999999999983,0.0594489364456604));
#5485=CARTESIAN_POINT('',(-0.0465979112210903,-0.012499999999996,0.0592385987126892));
#5486=CARTESIAN_POINT('',(-0.0459637589699152,-0.0124999999999196,0.0590206854076555));
#5487=CARTESIAN_POINT('',(-0.04533221739325,-0.0124999999999061,0.0587934897735324));
#5488=CARTESIAN_POINT('',(-0.0450395419959897,-0.0124999999998999,0.058688200470453));
#5489=CARTESIAN_POINT('',(-0.0447474270579445,-0.0124999999999309,0.0585809182229179));
#5490=CARTESIAN_POINT('',(-0.044455919706952,-0.0124999999999695,0.0584714769162292));
#5491=CARTESIAN_POINT('',(-0.0444018642624849,-0.0124999999999767,0.0584511827505556));
#5492=CARTESIAN_POINT('',(-0.0443478312924589,-0.0124999999999818,0.0584308142543508));
#5493=CARTESIAN_POINT('',(-0.0442938193469131,-0.0124999999999856,0.0584103697308902));
#5494=CARTESIAN_POINT('',(-0.0438879374258671,-0.0125000000000144,0.0582567358935375));
#5495=CARTESIAN_POINT('',(-0.0434832413519199,-0.0125,0.0580988134583322));
#5496=CARTESIAN_POINT('',(-0.043079900106319,-0.0125,0.0579360381436412));
#5497=CARTESIAN_POINT('',(-0.0426999028390396,-0.0125,0.0577826836939346));
#5498=CARTESIAN_POINT('',(-0.0423211020106822,-0.0125,0.0576250099214305));
#5499=CARTESIAN_POINT('',(-0.0419447079900168,-0.0125,0.0574629584771379));
#5500=CARTESIAN_POINT('',(-0.0418684204674383,-0.0125,0.057430113897956));
#5501=CARTESIAN_POINT('',(-0.0417922317477108,-0.0125,0.0573970896441088));
#5502=CARTESIAN_POINT('',(-0.0417161517891708,-0.0125,0.0573638854752925));
#5503=CARTESIAN_POINT('',(-0.0416050718020794,-0.0125,0.0573154059714352));
#5504=CARTESIAN_POINT('',(-0.0414942162756745,-0.0125000000000003,0.0572665381108811));
#5505=CARTESIAN_POINT('',(-0.0413836002973005,-0.012499999999999,0.057217274639413));
#5506=CARTESIAN_POINT('',(-0.0408134667593197,-0.0124999999999925,0.0569633623412602));
#5507=CARTESIAN_POINT('',(-0.0402496958412692,-0.0124999999997952,0.0566989439668096));
#5508=CARTESIAN_POINT('',(-0.0396930548621667,-0.0124999999997556,0.0564221323607407));
#5509=CARTESIAN_POINT('',(-0.0394798443152824,-0.0124999999997404,0.0563161050358947));
#5510=CARTESIAN_POINT('',(-0.0392676799638655,-0.0124999999997746,0.0562082589917703));
#5511=CARTESIAN_POINT('',(-0.0390566055541509,-0.0124999999998483,0.0560984861389723));
#5512=CARTESIAN_POINT('',(-0.038893725878988,-0.0124999999999052,0.0560137777812438));
#5513=CARTESIAN_POINT('',(-0.0387315034126903,-0.0124999999999362,0.0559279184214259));
#5514=CARTESIAN_POINT('',(-0.0385699684085405,-0.0124999999999563,0.0558408621882574));
#5515=CARTESIAN_POINT('',(-0.0381113011222239,-0.0125000000000135,0.0555936721353368));
#5516=CARTESIAN_POINT('',(-0.0376581768515317,-0.0124999999999995,0.055336831834363));
#5517=CARTESIAN_POINT('',(-0.0372113737774803,-0.0125,0.0550689532047604));
#5518=CARTESIAN_POINT('',(-0.0369759474382097,-0.0125,0.0549278044777287));
#5519=CARTESIAN_POINT('',(-0.0367422760022356,-0.0125,0.0547835912381837));
#5520=CARTESIAN_POINT('',(-0.0365105248843673,-0.0125,0.0546361280006984));
#5521=CARTESIAN_POINT('',(-0.0363024475039953,-0.0125,0.0545037283625032));
#5522=CARTESIAN_POINT('',(-0.0360958741927094,-0.0124999999999991,0.0543686709586571));
#5523=CARTESIAN_POINT('',(-0.0358909266554237,-0.0124999999999776,0.0542308271545652));
#5524=CARTESIAN_POINT('',(-0.0356888503659996,-0.0124999999999563,0.0540949144970145));
#5525=CARTESIAN_POINT('',(-0.0354883546342959,-0.0124999999999133,0.0539562929789899));
#5526=CARTESIAN_POINT('',(-0.0352894676193063,-0.0124999999999025,0.0538147125736853));
#5527=CARTESIAN_POINT('',(-0.0350619892891138,-0.01249999999989,0.0536527790548563));
#5528=CARTESIAN_POINT('',(-0.0348368244038151,-0.0124999999999563,0.0534871326119767));
#5529=CARTESIAN_POINT('',(-0.0346139096771699,-0.0124999999999816,0.0533173123633055));
#5530=CARTESIAN_POINT('',(-0.0344442611604789,-0.0125000000000008,0.0531880712237688));
#5531=CARTESIAN_POINT('',(-0.0342759161423759,-0.0125,0.0530564125354163));
#5532=CARTESIAN_POINT('',(-0.0341092330301305,-0.0125,0.0529224546742615));
#5533=CARTESIAN_POINT('',(-0.0338652505417582,-0.0125,0.052726373788434));
#5534=CARTESIAN_POINT('',(-0.0336244362206841,-0.0124999999999625,0.0525250325373249));
#5535=CARTESIAN_POINT('',(-0.0333883133473658,-0.0124999999999085,0.052319152179761));
#5536=CARTESIAN_POINT('',(-0.0332511597886864,-0.0124999999998771,0.0521995651897111));
#5537=CARTESIAN_POINT('',(-0.0331155887005932,-0.0124999999998768,0.0520784476036498));
#5538=CARTESIAN_POINT('',(-0.0329816903050324,-0.012499999999929,0.0519558142939057));
#5539=CARTESIAN_POINT('',(-0.0327417781776333,-0.0125000000000225,0.0517360863568569));
#5540=CARTESIAN_POINT('',(-0.0325074998656038,-0.0124999999999994,0.051511663128235));
#5541=CARTESIAN_POINT('',(-0.0322788615237552,-0.0125,0.0512821568371223));
#5542=CARTESIAN_POINT('',(-0.0322656329173726,-0.0125,0.0512688780127443));
#5543=CARTESIAN_POINT('',(-0.0322524232016048,-0.0125,0.0512555821621859));
#5544=CARTESIAN_POINT('',(-0.0322392323815318,-0.0125,0.0512422692065126));
#5545=CARTESIAN_POINT('',(-0.0321341077145267,-0.0125,0.051136171175893));
#5546=CARTESIAN_POINT('',(-0.0320301830283946,-0.0125,0.0510289868872419));
#5547=CARTESIAN_POINT('',(-0.0319274666031427,-0.0125,0.0509206726581196));
#5548=CARTESIAN_POINT('',(-0.0316699811610657,-0.0125,0.0506491548643454));
#5549=CARTESIAN_POINT('',(-0.0314200767352727,-0.012500000000005,0.0503705243460862));
#5550=CARTESIAN_POINT('',(-0.0311782141569838,-0.0124999999999949,0.0500843647270389));
#5551=CARTESIAN_POINT('',(-0.0311022395638167,-0.0124999999999918,0.0499944754155473));
#5552=CARTESIAN_POINT('',(-0.0310270585592277,-0.0124999999999865,0.0499038431415155));
#5553=CARTESIAN_POINT('',(-0.0309526844277447,-0.0124999999999741,0.0498124459212579));
#5554=CARTESIAN_POINT('',(-0.0307231797137232,-0.0124999999999358,0.0495304111266414));
#5555=CARTESIAN_POINT('',(-0.0305014835158343,-0.0124999999999886,0.0492413101190716));
#5556=CARTESIAN_POINT('',(-0.030288103470457,-0.0124999999999973,0.0489446934383844));
#5557=CARTESIAN_POINT('',(-0.0302627836300237,-0.0124999999999983,0.0489094966747341));
#5558=CARTESIAN_POINT('',(-0.0302375808493873,-0.012499999999999,0.0488741941372629));
#5559=CARTESIAN_POINT('',(-0.0302124959480276,-0.0124999999999994,0.0488387851162198));
#5560=CARTESIAN_POINT('',(-0.030162383842644,-0.0125,0.0487680485177935));
#5561=CARTESIAN_POINT('',(-0.030112742186286,-0.0125,0.048696886969662));
#5562=CARTESIAN_POINT('',(-0.0300636197686556,-0.0125,0.0486253630178362));
#5563=CARTESIAN_POINT('',(-0.0299631742112058,-0.0125,0.0484791107859893));
#5564=CARTESIAN_POINT('',(-0.0298647405280714,-0.0124999999999963,0.0483311047662945));
#5565=CARTESIAN_POINT('',(-0.0297687948833445,-0.0124999999999943,0.0481819676719844));
#5566=CARTESIAN_POINT('',(-0.0297305649554445,-0.0124999999999935,0.0481225433971369));
#5567=CARTESIAN_POINT('',(-0.0296927299301761,-0.0124999999999942,0.0480629396729778));
#5568=CARTESIAN_POINT('',(-0.0296552916136848,-0.0124999999999963,0.0480031607950144));
#5569=CARTESIAN_POINT('',(-0.0295529187254774,-0.0125000000000021,0.0478396989472487));
#5570=CARTESIAN_POINT('',(-0.0294536195175731,-0.0125,0.0476750668363966));
#5571=CARTESIAN_POINT('',(-0.029357281757205,-0.0125,0.0475091095113749));
#5572=CARTESIAN_POINT('',(-0.0293299684473774,-0.0124999999999998,0.047462057931401));
#5573=CARTESIAN_POINT('',(-0.0293028932749598,-0.0124999999999997,0.0474148997881231));
#5574=CARTESIAN_POINT('',(-0.0292760552990566,-0.0124999999999995,0.0473676325106732));
#5575=CARTESIAN_POINT('',(-0.0290567503055886,-0.0124999999999976,0.0469813906416968));
#5576=CARTESIAN_POINT('',(-0.0288532412332877,-0.0124999999999974,0.0465878092358844));
#5577=CARTESIAN_POINT('',(-0.0286658805843228,-0.0124999999999989,0.0461869062026537));
#5578=CARTESIAN_POINT('',(-0.0286552003161891,-0.012499999999999,0.0461640532080992));
#5579=CARTESIAN_POINT('',(-0.0286445725085976,-0.012499999999999,0.0461411764286286));
#5580=CARTESIAN_POINT('',(-0.0286339972222206,-0.0124999999999991,0.0461182758698283));
#5581=CARTESIAN_POINT('',(-0.0286245293480068,-0.0124999999999992,0.0460977733886265));
#5582=CARTESIAN_POINT('',(-0.0286151035712031,-0.0124999999999993,0.0460772518475426));
#5583=CARTESIAN_POINT('',(-0.028605719959721,-0.0124999999999993,0.0460567112824012));
#5584=CARTESIAN_POINT('',(-0.0284174386647575,-0.0125000000000006,0.0456445667459955));
#5585=CARTESIAN_POINT('',(-0.0282461269420789,-0.0125000000000004,0.0452247504372764));
#5586=CARTESIAN_POINT('',(-0.0280922156430623,-0.0124999999999996,0.0447972400487961));
#5587=CARTESIAN_POINT('',(-0.0280795848520419,-0.0124999999999996,0.0447621562413664));
#5588=CARTESIAN_POINT('',(-0.0280670712748668,-0.0124999999999995,0.0447270206047542));
#5589=CARTESIAN_POINT('',(-0.0280546751641221,-0.0124999999999994,0.0446918331204155));
#5590=CARTESIAN_POINT('',(-0.0280516863965676,-0.0124999999999994,0.0446833492327119));
#5591=CARTESIAN_POINT('',(-0.0280487044569145,-0.0124999999999993,0.0446748623022048));
#5592=CARTESIAN_POINT('',(-0.0280457293511532,-0.0124999999999993,0.0446663723386536));
#5593=CARTESIAN_POINT('',(-0.0279673541526303,-0.0124999999999985,0.0444427155572918));
#5594=CARTESIAN_POINT('',(-0.0278937238877744,-0.0124999999999914,0.0442169530708916));
#5595=CARTESIAN_POINT('',(-0.0278248431421005,-0.0124999999999971,0.0439887271336194));
#5596=CARTESIAN_POINT('',(-0.0278176346756463,-0.0124999999999977,0.043964842969813));
#5597=CARTESIAN_POINT('',(-0.0278104791792099,-0.0124999999999981,0.0439409342850167));
#5598=CARTESIAN_POINT('',(-0.027803376291815,-0.0124999999999984,0.0439169995359785));
#5599=CARTESIAN_POINT('',(-0.0277517741544042,-0.012500000000001,0.043743114728281));
#5600=CARTESIAN_POINT('',(-0.0277029447250945,-0.0125000000000002,0.0435678558460955));
#5601=CARTESIAN_POINT('',(-0.0276570582674253,-0.0124999999999997,0.0433918316920572));
#5602=CARTESIAN_POINT('',(-0.0276466157437377,-0.0124999999999996,0.0433517733286206));
#5603=CARTESIAN_POINT('',(-0.0276363258421202,-0.0124999999999994,0.0433116752823777));
#5604=CARTESIAN_POINT('',(-0.0276261909519111,-0.012499999999999,0.0432715447001618));
#5605=CARTESIAN_POINT('',(-0.0276161400393461,-0.0124999999999987,0.0432317466397282));
#5606=CARTESIAN_POINT('',(-0.0276062396011095,-0.0124999999999984,0.043191909497705));
#5607=CARTESIAN_POINT('',(-0.0275964936245936,-0.0124999999999981,0.0431520458888272));
#5608=CARTESIAN_POINT('',(-0.0275472845931798,-0.0124999999999964,0.0429507679996051));
#5609=CARTESIAN_POINT('',(-0.0275020157433439,-0.0124999999999971,0.0427488147123103));
#5610=CARTESIAN_POINT('',(-0.027460704023328,-0.0124999999999989,0.0425466960406124));
#5611=CARTESIAN_POINT('',(-0.0274495955173865,-0.0124999999999994,0.0424923473844786));
#5612=CARTESIAN_POINT('',(-0.0274387728069009,-0.0124999999999996,0.0424379837904581));
#5613=CARTESIAN_POINT('',(-0.0274282350090777,-0.0124999999999998,0.0423836101815661));
#5614=CARTESIAN_POINT('',(-0.0273918219662322,-0.0125000000000002,0.042195723814466));
#5615=CARTESIAN_POINT('',(-0.0273588102134815,-0.0125,0.042007718057483));
#5616=CARTESIAN_POINT('',(-0.027329114139397,-0.0125,0.0418194341399979));
#5617=CARTESIAN_POINT('',(-0.0273184940028686,-0.0125,0.0417520986092437));
#5618=CARTESIAN_POINT('',(-0.0273082987685799,-0.0124999999999998,0.041684732670788));
#5619=CARTESIAN_POINT('',(-0.0272985251838345,-0.0124999999999998,0.0416173329846941));
#5620=CARTESIAN_POINT('',(-0.0272616527431461,-0.0124999999999996,0.0413630566886716));
#5621=CARTESIAN_POINT('',(-0.0272307824667415,-0.0124999999999994,0.041108299914858));
#5622=CARTESIAN_POINT('',(-0.027205812793158,-0.0124999999999994,0.0408531282406521));
#5623=CARTESIAN_POINT('',(-0.0271896755792347,-0.0124999999999995,0.0406882177991897));
#5624=CARTESIAN_POINT('',(-0.0271760026281432,-0.0124999999999996,0.040523134125669));
#5625=CARTESIAN_POINT('',(-0.0271647681879068,-0.0124999999999998,0.0403578774470118));
#5626=CARTESIAN_POINT('',(-0.0271587220973798,-0.0125,0.0402689404979212));
#5627=CARTESIAN_POINT('',(-0.0271533825164454,-0.0125,0.0401799552091916));
#5628=CARTESIAN_POINT('',(-0.0271487451086085,-0.0125,0.0400909207832442));
#5629=CARTESIAN_POINT('',(-0.027135565953469,-0.0125,0.0398378918167217));
#5630=CARTESIAN_POINT('',(-0.0271280583041891,-0.0125,0.0395844659995534));
#5631=CARTESIAN_POINT('',(-0.0271261454646931,-0.0125,0.0393306437867476));
#5632=CARTESIAN_POINT('',(-0.0271250325508446,-0.0125,0.0391829668612768));
#5633=CARTESIAN_POINT('',(-0.0271258134052957,-0.0125,0.0390351557512768));
#5634=CARTESIAN_POINT('',(-0.0271284756988469,-0.0125,0.0388872097585416));
#5635=CARTESIAN_POINT('',(-0.0271303637822263,-0.0124999999999998,0.0387822873055619));
#5636=CARTESIAN_POINT('',(-0.0271331978861831,-0.0124999999999998,0.0386772971358491));
#5637=CARTESIAN_POINT('',(-0.0271369734769903,-0.0124999999999998,0.0385722395611327));
#5638=CARTESIAN_POINT('',(-0.0271460230752569,-0.0124999999999998,0.0383204302696601));
#5639=CARTESIAN_POINT('',(-0.0271604818733593,-0.0125,0.0380682337468288));
#5640=CARTESIAN_POINT('',(-0.0271802989131471,-0.0125,0.0378156561380666));
#5641=CARTESIAN_POINT('',(-0.0271852365119185,-0.0125,0.0377527240904923));
#5642=CARTESIAN_POINT('',(-0.0271905067251179,-0.0125,0.0376897683842499));
#5643=CARTESIAN_POINT('',(-0.027196108901692,-0.0125,0.0376267891228005));
#5644=CARTESIAN_POINT('',(-0.027201703626278,-0.0125,0.0375638936360601));
#5645=CARTESIAN_POINT('',(-0.0272076294316929,-0.0125,0.0375009746567393));
#5646=CARTESIAN_POINT('',(-0.027213885614275,-0.0125,0.0374380322843631));
#5647=CARTESIAN_POINT('',(-0.0272148916355855,-0.0125,0.0374279108777208));
#5648=CARTESIAN_POINT('',(-0.0272159061997585,-0.0125,0.037417788866179));
#5649=CARTESIAN_POINT('',(-0.0272169293046863,-0.0125,0.0374076662501974));
#5650=CARTESIAN_POINT('',(-0.0272169292780943,-0.0125,0.0374076665132992));
#5651=CARTESIAN_POINT('',(-0.0272169293046863,-0.0125,0.0374076662501974));
#5652=CARTESIAN_POINT('',(-0.0255275093932041,-0.0125,0.037796889624854));
#5653=CARTESIAN_POINT('',(-0.0236828163464303,-0.0125,0.038));
#5654=CARTESIAN_POINT('',(-0.0218372240639029,-0.0125,0.038));
#5655=CARTESIAN_POINT('',(-0.0218372240639029,-0.0125,0.038));
#5656=CARTESIAN_POINT('',(-0.0137543608336541,-0.0125,0.038));
#5657=CARTESIAN_POINT('',(-0.0137543608336541,-0.0125,0.038));
#5658=CARTESIAN_POINT('',(-0.0137543608336541,-0.0125,0.0581089306965066));
#5659=CARTESIAN_POINT('',(-0.0137543608336541,-0.0125,0.0424440437386588));
#5660=CARTESIAN_POINT('',(-0.0240002052603705,-0.0125,0.0510413280182162));
#5661=CARTESIAN_POINT('',(-0.038180330899669,-0.0125,0.0629398662121992));
#5662=CARTESIAN_POINT('',(-0.0389031491220238,-0.0125,0.0636666115716147));
#5663=CARTESIAN_POINT('',(-0.0381320020388109,-0.0125,0.0643418575831189));
#5664=CARTESIAN_POINT('',(-0.0564970083228525,-0.0125,0.0424552953660972));
#5665=CARTESIAN_POINT('',(-0.036913953516741,-0.0125,0.0657934712852498));
#5666=CARTESIAN_POINT('',(-0.0307855979717892,-0.0125,0.0606511704077575));
#5667=CARTESIAN_POINT('',(-0.0307534161103407,-0.0125000000000019,0.0686511056779828));
#5668=CARTESIAN_POINT('',(-0.0137543608328767,-0.0125,0.0581089312098297));
#5669=CARTESIAN_POINT('',(-0.0142900456089542,-0.0125,0.058393903307893));
#5670=CARTESIAN_POINT('',(-0.014823874797889,-0.0125,0.0586819102867576));
#5671=CARTESIAN_POINT('',(-0.0153558167287036,-0.0125,0.0589730109641437));
#5672=CARTESIAN_POINT('',(-0.0160665295349245,-0.0124999999999995,0.0593619424758994));
#5673=CARTESIAN_POINT('',(-0.0167738734528575,-0.0125000000000035,0.0597563964753113));
#5674=CARTESIAN_POINT('',(-0.0174778036483757,-0.0124999999999759,0.0601564939451904));
#5675=CARTESIAN_POINT('',(-0.018181809142655,-0.0124999999999483,0.0605566342131252));
#5676=CARTESIAN_POINT('',(-0.0188824001872707,-0.012499999999901,0.0609624191540821));
#5677=CARTESIAN_POINT('',(-0.0195795642161723,-0.0124999999996363,0.0613739286573031));
#5678=CARTESIAN_POINT('',(-0.0201200831101065,-0.0124999999994311,0.0616929764743208));
#5679=CARTESIAN_POINT('',(-0.0206585419821814,-0.0124999999990954,0.0620154653863692));
#5680=CARTESIAN_POINT('',(-0.0211949270414814,-0.0124999999983845,0.0623414053062245));
#5681=CARTESIAN_POINT('',(-0.0213504138975443,-0.0124999999981784,0.0624358884998277));
#5682=CARTESIAN_POINT('',(-0.0215057244731552,-0.0124999999979798,0.0625306581384557));
#5683=CARTESIAN_POINT('',(-0.021660858148162,-0.0124999999977993,0.0626257143203447));
#5684=CARTESIAN_POINT('',(-0.0230418005932696,-0.0124999999961922,0.0634718692008672));
#5685=CARTESIAN_POINT('',(-0.0244087261465288,-0.0124999999969592,0.0643407303334525));
#5686=CARTESIAN_POINT('',(-0.0257624394700884,-0.0124999999981433,0.0652316928906419));
#5687=CARTESIAN_POINT('',(-0.0266408873322422,-0.0124999999989117,0.0658098538202868));
#5688=CARTESIAN_POINT('',(-0.0275137714325349,-0.0124999999995846,0.0663973211365335));
#5689=CARTESIAN_POINT('',(-0.0283810570080034,-0.0124999999998321,0.0669928783275777));
#5690=CARTESIAN_POINT('',(-0.0288507924705073,-0.0124999999999661,0.0673154414376946));
#5691=CARTESIAN_POINT('',(-0.0293189949986353,-0.0124999999999816,0.067640460020699));
#5692=CARTESIAN_POINT('',(-0.0297856280949212,-0.0124999999999921,0.0679677156961872));
#5693=CARTESIAN_POINT('',(-0.0304881916498893,-0.0125000000000079,0.0684604323778468));
#5694=CARTESIAN_POINT('',(-0.0311871973065905,-0.0125,0.0689582204272332));
#5695=CARTESIAN_POINT('',(-0.0318832129378086,-0.0125,0.0694600445687709));
#5696=CARTESIAN_POINT('',(-0.0325028732809443,-0.0125,0.0699068168908162));
#5697=CARTESIAN_POINT('',(-0.0331201254167101,-0.0125,0.0703567598020745));
#5698=CARTESIAN_POINT('',(-0.0337355063449535,-0.0125,0.0708092479793806));
#5699=CARTESIAN_POINT('',(-0.0342191278621356,-0.0125,0.0711648537656054));
#5700=CARTESIAN_POINT('',(-0.0347015936192774,-0.0125,0.0715220316482917));
#5701=CARTESIAN_POINT('',(-0.0351833460929077,-0.0125,0.0718802343609419));
#5702=CARTESIAN_POINT('',(-0.0358474218244796,-0.0125,0.0723740018898591));
#5703=CARTESIAN_POINT('',(-0.0365101496600698,-0.0125,0.0728697226010559));
#5704=CARTESIAN_POINT('',(-0.037172538267186,-0.0125,0.0733658506806578));
#5705=CARTESIAN_POINT('',(-0.0373279240777785,-0.0125,0.0734822344212271));
#5706=CARTESIAN_POINT('',(-0.037483291203251,-0.0125,0.0735986405590393));
#5707=CARTESIAN_POINT('',(-0.0376386526517588,-0.0125,0.0737150491252573));
#5708=CARTESIAN_POINT('',(-0.0380147328701373,-0.0125,0.0739968369138293));
#5709=CARTESIAN_POINT('',(-0.0383907798439409,-0.0125,0.0742786389033786));
#5710=CARTESIAN_POINT('',(-0.0387670928884034,-0.0125,0.0745600068530999));
#5711=CARTESIAN_POINT('',(-0.0396897855824769,-0.0125,0.0752499009595483));
#5712=CARTESIAN_POINT('',(-0.0406140672253152,-0.0124999999997666,0.0759372591553833));
#5713=CARTESIAN_POINT('',(-0.0415453104989079,-0.0124999999997745,0.0766160208699169));
#5714=CARTESIAN_POINT('',(-0.0417681357711148,-0.0124999999997764,0.0767784330645532));
#5715=CARTESIAN_POINT('',(-0.0419913597650963,-0.0124999999998091,0.0769403528242263));
#5716=CARTESIAN_POINT('',(-0.0422150810049111,-0.0124999999998623,0.0771016748191576));
#5717=CARTESIAN_POINT('',(-0.0426492715816603,-0.0124999999999655,0.0774147630627215));
#5718=CARTESIAN_POINT('',(-0.0430850438392688,-0.0124999999999808,0.0777254220479952));
#5719=CARTESIAN_POINT('',(-0.0435230871798932,-0.0124999999999895,0.0780328852918911));
#5720=CARTESIAN_POINT('',(-0.0441871522436727,-0.0125000000000027,0.0784989935047829));
#5721=CARTESIAN_POINT('',(-0.044856435768412,-0.0125000000000071,0.0789577578967423));
#5722=CARTESIAN_POINT('',(-0.0455310225442246,-0.0124999999999639,0.0794047173001922));
#5723=CARTESIAN_POINT('',(-0.0455989645733311,-0.0124999999999595,0.079449733493642));
#5724=CARTESIAN_POINT('',(-0.0456669604071113,-0.0124999999999545,0.0794946299290651));
#5725=CARTESIAN_POINT('',(-0.0457350116484159,-0.0124999999999486,0.0795394038730302));
#5726=CARTESIAN_POINT('',(-0.0465598740157317,-0.0124999999998773,0.0800821175797179));
#5727=CARTESIAN_POINT('',(-0.0473932113950349,-0.0124999999998508,0.0806070114329827));
#5728=CARTESIAN_POINT('',(-0.0482373021401154,-0.0124999999998966,0.0811088212880793));
#5729=CARTESIAN_POINT('',(-0.0486103595413774,-0.0124999999999169,0.0813306029881644));
#5730=CARTESIAN_POINT('',(-0.0489855171959437,-0.0124999999999443,0.081547876160651));
#5731=CARTESIAN_POINT('',(-0.0493629703899605,-0.0124999999999654,0.0817601895592455));
#5732=CARTESIAN_POINT('',(-0.0494599236694484,-0.0124999999999709,0.0818147247455925));
#5733=CARTESIAN_POINT('',(-0.0495570264499399,-0.0124999999999672,0.0818689357712912));
#5734=CARTESIAN_POINT('',(-0.0496542829608686,-0.0124999999999513,0.0819228147414435));
#5735=CARTESIAN_POINT('',(-0.0503506105184105,-0.0124999999998377,0.0823085720684411));
#5736=CARTESIAN_POINT('',(-0.0510548215466195,-0.0124999999967729,0.0826773104401062));
#5737=CARTESIAN_POINT('',(-0.0517674782729303,-0.0124999999937508,0.0830279326884682));
#5738=CARTESIAN_POINT('',(-0.0522195952039915,-0.0124999999918336,0.0832503711346916));
#5739=CARTESIAN_POINT('',(-0.0526751105975514,-0.0124999999919579,0.0834655175888652));
#5740=CARTESIAN_POINT('',(-0.0531341592790258,-0.0124999999953113,0.0836730851731126));
#5741=CARTESIAN_POINT('',(-0.0534097169411028,-0.0124999999973243,0.0837976838062129));
#5742=CARTESIAN_POINT('',(-0.0536865290932725,-0.0124999999982963,0.0839195983758333));
#5743=CARTESIAN_POINT('',(-0.0539646148181513,-0.0124999999988913,0.0840387748379455));
#5744=CARTESIAN_POINT('',(-0.0547003904382231,-0.0125000000004655,0.0843540989537259));
#5745=CARTESIAN_POINT('',(-0.0554450828916688,-0.0124999999999893,0.0846502538878634));
#5746=CARTESIAN_POINT('',(-0.0561983244721944,-0.0124999999999503,0.0849278979848614));
#5747=CARTESIAN_POINT('',(-0.0564866201071721,-0.0124999999999353,0.0850341634690186));
#5748=CARTESIAN_POINT('',(-0.0567761679425894,-0.0124999999999008,0.085137717429611));
#5749=CARTESIAN_POINT('',(-0.0570669356158232,-0.0124999999998246,0.085238612699022));
#5750=CARTESIAN_POINT('',(-0.0575359343331932,-0.0124999999997015,0.0854013534583923));
#5751=CARTESIAN_POINT('',(-0.0580081388907569,-0.012499999999899,0.0855571351904133));
#5752=CARTESIAN_POINT('',(-0.0584835507249444,-0.0124999999999612,0.0857062822041864));
#5753=CARTESIAN_POINT('',(-0.0586860821314197,-0.0124999999999877,0.0857698207034386));
#5754=CARTESIAN_POINT('',(-0.0588891957796894,-0.0124999999999951,0.0858321549231426));
#5755=CARTESIAN_POINT('',(-0.0590928924520739,-0.0124999999999969,0.0858933165880371));
#5756=CARTESIAN_POINT('',(-0.0595871958351978,-0.0125000000000014,0.0860417353988155));
#5757=CARTESIAN_POINT('',(-0.0600848352137521,-0.0125000000000003,0.086183187068338));
#5758=CARTESIAN_POINT('',(-0.0605852262470994,-0.0124999999999995,0.0863179208646655));
#5759=CARTESIAN_POINT('',(-0.0606625843180163,-0.0124999999999993,0.0863387500679817));
#5760=CARTESIAN_POINT('',(-0.0607400081093397,-0.0124999999999992,0.0863594188076931));
#5761=CARTESIAN_POINT('',(-0.060817495415384,-0.0124999999999989,0.0863799281029064));
#5762=CARTESIAN_POINT('',(-0.0609301753590572,-0.0124999999999984,0.086409752165032));
#5763=CARTESIAN_POINT('',(-0.0610429896059874,-0.0124999999999978,0.0864392390562901));
#5764=CARTESIAN_POINT('',(-0.0611558941036538,-0.0124999999999968,0.0864683839564333));
#5765=CARTESIAN_POINT('',(-0.0614365828910556,-0.0124999999999941,0.0865408402965191));
#5766=CARTESIAN_POINT('',(-0.0617182266270326,-0.0124999999999945,0.0866112803970945));
#5767=CARTESIAN_POINT('',(-0.0620001989961452,-0.012499999999996,0.0866796292693231));
#5768=CARTESIAN_POINT('',(-0.0623948859622095,-0.012499999999998,0.0867752996681594));
#5769=CARTESIAN_POINT('',(-0.0627902157510132,-0.0125,0.0868668721319588));
#5770=CARTESIAN_POINT('',(-0.0631862894368105,-0.0124999999999986,0.0869546525281141));
#5771=CARTESIAN_POINT('',(-0.0632056379553871,-0.0124999999999986,0.0869589406711707));
#5772=CARTESIAN_POINT('',(-0.0632249882495582,-0.0124999999999985,0.0869632197669026));
#5773=CARTESIAN_POINT('',(-0.0632443403038565,-0.0124999999999984,0.0869674898401897));
#5774=CARTESIAN_POINT('',(-0.0638583032757076,-0.0124999999999956,0.0871029621184797));
#5775=CARTESIAN_POINT('',(-0.064473306070484,-0.0125,0.0872291687712117));
#5776=CARTESIAN_POINT('',(-0.065089665358363,-0.0124999999999991,0.0873471161704972));
#5777=CARTESIAN_POINT('',(-0.065174545283559,-0.012499999999999,0.0873633589149894));
#5778=CARTESIAN_POINT('',(-0.0652594509456923,-0.0124999999999988,0.0873794449471598));
#5779=CARTESIAN_POINT('',(-0.0653443831822328,-0.0124999999999984,0.0873953768223135));
#5780=CARTESIAN_POINT('',(-0.0654181474365772,-0.0124999999999981,0.0874092137697306));
#5781=CARTESIAN_POINT('',(-0.0654919318248549,-0.0124999999999977,0.0874229342101317));
#5782=CARTESIAN_POINT('',(-0.0655657358810171,-0.0124999999999974,0.0874365395936694));
#5783=CARTESIAN_POINT('',(-0.0663596066573993,-0.012499999999994,0.087582885430926));
#5784=CARTESIAN_POINT('',(-0.0671557533177089,-0.012499999999997,0.0877159151070387));
#5785=CARTESIAN_POINT('',(-0.0679538381890402,-0.0124999999999988,0.087837238641319));
#5786=CARTESIAN_POINT('',(-0.0684931108445636,-0.0125,0.0879192179731658));
#5787=CARTESIAN_POINT('',(-0.0690332683829106,-0.0125,0.0879958535785737));
#5788=CARTESIAN_POINT('',(-0.0695741961755003,-0.0125,0.0880675705127581));
#5789=CARTESIAN_POINT('',(-0.0698324575300551,-0.0125,0.0881018111504563));
#5790=CARTESIAN_POINT('',(-0.0700908962535748,-0.0125,0.088134930484196));
#5791=CARTESIAN_POINT('',(-0.0703495057837651,-0.0125,0.0881669757365933));
#5792=CARTESIAN_POINT('',(-0.0711486937287373,-0.0125,0.088266006036794));
#5793=CARTESIAN_POINT('',(-0.0719495129978455,-0.0125,0.088354777807594));
#5794=CARTESIAN_POINT('',(-0.0727518087566961,-0.0125,0.088434472387661));
#5795=CARTESIAN_POINT('',(-0.0731132057364305,-0.0125,0.0884703710948643));
#5796=CARTESIAN_POINT('',(-0.0734749022894802,-0.0125,0.0885044281376829));
#5797=CARTESIAN_POINT('',(-0.0738368851573847,-0.0125,0.0885367378642849));
#5798=CARTESIAN_POINT('',(-0.0484193808859086,-0.0125,0.068104103319892));
#5799=CARTESIAN_POINT('',(-0.0484193808859086,-0.0125,0.072354103319892));
#5800=CARTESIAN_POINT('',(-0.0665455366266416,-0.0125,0.076556468554706));
#5801=CARTESIAN_POINT('',(-0.0665455366266416,-0.0125,0.080806468554706));
#5802=CARTESIAN_POINT('',(-0.0760617683905264,-0.0125,0.0809939603029834));
#5803=CARTESIAN_POINT('',(-0.0760617683905264,-0.0125,0.0820189603029834));
#5804=CARTESIAN_POINT('',(-0.0759603241143077,-0.01,0.0587869564681942));
#5805=CARTESIAN_POINT('',(-0.064412114429278,-0.01,0.0725495768483596));
#5806=CARTESIAN_POINT('',(-0.0258649739328931,-0.01,0.0402046854749043));
#5807=CARTESIAN_POINT('',(-0.0271433761656502,-0.01,0.0399809706230793));
#5808=CARTESIAN_POINT('',(-0.0267191978417346,-0.01,0.0400666143159663));
#5809=CARTESIAN_POINT('',(-0.0262930205432746,-0.01,0.0401409412476271));
#5810=CARTESIAN_POINT('',(-0.0258649739328931,-0.01,0.0402046854749043));
#5811=CARTESIAN_POINT('',(-0.0277781980267226,-0.0075,0.0398438471592565));
#5812=CARTESIAN_POINT('',(-0.0277781980267226,-0.01,0.0398438471592565));
#5813=CARTESIAN_POINT('',(-0.0271529619718,-0.0075,0.0399878945246273));
#5814=CARTESIAN_POINT('',(-0.0271529619718,-0.01,0.0399878945246273));
#5815=CARTESIAN_POINT('',(-0.0265138371002856,-0.0075,0.0401080574904491));
#5816=CARTESIAN_POINT('',(-0.0265138371002856,-0.01,0.0401080574904491));
#5817=CARTESIAN_POINT('',(-0.0258649739328931,-0.0075,0.0402046854749043));
#5818=CARTESIAN_POINT('',(-0.0258649739328931,-0.01,0.0402046854749043));
#5819=CARTESIAN_POINT('',(-0.0258649739328931,-0.00875,0.0402046854749043));
#5820=CARTESIAN_POINT('',(-0.0258649739328931,-0.0075,0.0402046854749043));
#5821=CARTESIAN_POINT('',(-0.0277781979821858,-0.0075,0.0398438471695173));
#5822=CARTESIAN_POINT('',(-0.0271453177552236,-0.0075,0.039989655664974));
#5823=CARTESIAN_POINT('',(-0.0265072389697615,-0.0075,0.0401090400767411));
#5824=CARTESIAN_POINT('',(-0.0258649739328931,-0.0075,0.0402046854749043));
#5825=CARTESIAN_POINT('',(-0.0277781979821858,-0.0075,0.0398438471695173));
#5826=CARTESIAN_POINT('',(-0.0277781979357599,-0.00777968791081501,0.0398438471802133));
#5827=CARTESIAN_POINT('',(-0.0500331321226001,-0.0075,0.0629722023794871));
#5828=CARTESIAN_POINT('',(-0.0643505454063416,-0.0075,0.0909653156995773));
#5829=CARTESIAN_POINT('',(-0.0643505454063416,-0.0075,0.0923153156995773));
#5830=CARTESIAN_POINT('',(-0.0110392328351736,-0.0075,0.0598366223275662));
#5831=CARTESIAN_POINT('',(-0.0110392328351736,-0.0075,0.0611866223275662));
#5832=CARTESIAN_POINT('',(-0.0425330735743046,-0.0075,0.0540855750441551));
#5833=CARTESIAN_POINT('',(-0.0425330735743046,-0.0075,0.0554355750441551));
#5834=CARTESIAN_POINT('',(-0.0874460339546204,-0.0075,0.0699694231152535));
#5835=CARTESIAN_POINT('',(-0.0874460339546204,-0.0075,0.0713194231152535));
#5836=CARTESIAN_POINT('',(-0.00914458860500766,-0.0075,0.063));
#5837=CARTESIAN_POINT('',(-0.00914458860500761,-0.0075,0.0532248468795767));
#5838=CARTESIAN_POINT('',(-0.00914458860500766,-0.0075,0.0557200339745911));
#5839=CARTESIAN_POINT('',(-0.00914458860500766,-0.0075,0.0557200339745911));
#5840=CARTESIAN_POINT('',(-0.00914458860500765,-0.0075,0.0560409857784448));
#5841=CARTESIAN_POINT('',(-0.00955871470061628,-0.0075,0.0566264863119109));
#5842=CARTESIAN_POINT('',(-0.0102351813832225,-0.0075,0.0566715323276518));
#5843=CARTESIAN_POINT('',(-0.0105506056833501,-0.0075,0.056623564048216));
#5844=CARTESIAN_POINT('',(-0.0105506056833501,-0.0075,0.056623564048216));
#5845=CARTESIAN_POINT('',(-0.0110392328351736,-0.0075,0.0598366223275662));
#5846=CARTESIAN_POINT('',(-0.0136749208170613,-0.0075,0.0617381082891585));
#5847=CARTESIAN_POINT('',(-0.0136749208170613,-0.0075,0.0617381082891585));
#5848=CARTESIAN_POINT('',(-0.0134909096130389,-0.0075,0.0619931699245168));
#5849=CARTESIAN_POINT('',(-0.0132269336078162,-0.0075,0.0626045133437806));
#5850=CARTESIAN_POINT('',(-0.0135379317242924,-0.0075,0.0632334640450838));
#5851=CARTESIAN_POINT('',(-0.0138151127536938,-0.0075,0.0633870300778483));
#5852=CARTESIAN_POINT('',(-0.0138151127536939,-0.0075,0.0633870300778483));
#5853=CARTESIAN_POINT('',(-0.0138151127536939,-0.0075,0.0633870300778483));
#5854=CARTESIAN_POINT('',(-0.0177614897483253,-0.0075,0.0655734331667141));
#5855=CARTESIAN_POINT('',(-0.023524135040238,-0.00750000000000001,0.0691398213588137));
#5856=CARTESIAN_POINT('',(-0.03085584576092,-0.0075,0.0743766327227069));
#5857=CARTESIAN_POINT('',(-0.0380532580225579,-0.00749999999999999,0.0798115887012281));
#5858=CARTESIAN_POINT('',(-0.0453339024461341,-0.00749999999999999,0.0851154735869145));
#5859=CARTESIAN_POINT('',(-0.0534275686747243,-0.00750000000000003,0.0889681513568823));
#5860=CARTESIAN_POINT('',(-0.0577878531260825,-0.00749999999999999,0.0903588200199807));
#5861=CARTESIAN_POINT('',(-0.0599769485041172,-0.00749999999999999,0.0909249212843504));
#5862=CARTESIAN_POINT('',(-0.0599769485041174,-0.0075,0.0909249212843504));
#5863=CARTESIAN_POINT('',(-0.0599769485041174,-0.0075,0.0909249212843504));
#5864=CARTESIAN_POINT('',(-0.0602597107698641,-0.0075,0.0909980437612243));
#5865=CARTESIAN_POINT('',(-0.0608672518032409,-0.0075,0.0908117497277558));
#5866=CARTESIAN_POINT('',(-0.0611599917985868,-0.0075,0.090281871500451));
#5867=CARTESIAN_POINT('',(-0.0612457808011423,-0.0075,0.090004619729823));
#5868=CARTESIAN_POINT('',(-0.0612457808011424,-0.0075,0.090004619729823));
#5869=CARTESIAN_POINT('',(-0.0643505454063416,-0.0075,0.0909653156995773));
#5870=CARTESIAN_POINT('',(-0.0675893152769141,-0.0075,0.0912352596298133));
#5871=CARTESIAN_POINT('',(-0.0675893152769141,-0.0075,0.0912352596298133));
#5872=CARTESIAN_POINT('',(-0.0675652959442752,-0.0075,0.0915234420341893));
#5873=CARTESIAN_POINT('',(-0.0676373884331947,-0.0075,0.0921204650677531));
#5874=CARTESIAN_POINT('',(-0.0681270303199719,-0.0075,0.092522374395701));
#5875=CARTESIAN_POINT('',(-0.0684156448096711,-0.0075,0.0925624014649504));
#5876=CARTESIAN_POINT('',(-0.0904136629076282,-0.0075,0.0737613717526871));
#5877=CARTESIAN_POINT('',(-0.0904413715197888,-0.0075,0.0735679470897657));
#5878=CARTESIAN_POINT('',(-0.0903711378447027,-0.0075,0.0731622828610436));
#5879=CARTESIAN_POINT('',(-0.0898725055806523,-0.0075,0.0727927257392873));
#5880=CARTESIAN_POINT('',(-0.089279075957867,-0.0075,0.0727660072109984));
#5881=CARTESIAN_POINT('',(-0.0889066153604215,-0.0075,0.0728792135764034));
#5882=CARTESIAN_POINT('',(-0.0887282511198848,-0.0075,0.0729557953527846));
#5883=CARTESIAN_POINT('',(-0.0887282511198849,-0.0075,0.0729557953527853));
#5884=CARTESIAN_POINT('',(-0.0874460339546204,-0.0075,0.0699694231152535));
#5885=CARTESIAN_POINT('',(-0.0851157228632501,-0.0075,0.067703998162306));
#5886=CARTESIAN_POINT('',(-0.0851157228632501,-0.0075,0.067703998162306));
#5887=CARTESIAN_POINT('',(-0.0853503189979127,-0.0075,0.0674626827420421));
#5888=CARTESIAN_POINT('',(-0.0856244665828747,-0.0075,0.0670027903028334));
#5889=CARTESIAN_POINT('',(-0.0855195823915587,-0.0075,0.0663137839946719));
#5890=CARTESIAN_POINT('',(-0.0852774164288381,-0.0075,0.0660589140079409));
#5891=CARTESIAN_POINT('',(-0.0851293411194692,-0.0075,0.0659762700065413));
#5892=CARTESIAN_POINT('',(-0.0851293411194691,-0.0075,0.0659762700065413));
#5893=CARTESIAN_POINT('',(-0.0851293411194677,-0.0075,0.0659762700065405));
#5894=CARTESIAN_POINT('',(-0.0836681261625078,-0.0075,0.0651607346450896));
#5895=CARTESIAN_POINT('',(-0.0805953981108579,-0.00750000000000001,0.0638201246634709));
#5896=CARTESIAN_POINT('',(-0.074263471071837,-0.00749999999999998,0.0617253830356078));
#5897=CARTESIAN_POINT('',(-0.0661882625762123,-0.00750000000000001,0.0596930370312396));
#5898=CARTESIAN_POINT('',(-0.0564562211573236,-0.00749999999999999,0.0573907476101918));
#5899=CARTESIAN_POINT('',(-0.050044894492674,-0.0075,0.055589142448417));
#5900=CARTESIAN_POINT('',(-0.0469043395401888,-0.0075,0.054460082296795));
#5901=CARTESIAN_POINT('',(-0.0469043395401983,-0.0075,0.0544600822967984));
#5902=CARTESIAN_POINT('',(-0.0469043395401984,-0.0075,0.0544600822967984));
#5903=CARTESIAN_POINT('',(-0.0466272554780812,-0.0075,0.0543604678726221));
#5904=CARTESIAN_POINT('',(-0.0459993707553234,-0.0075,0.0544950432626587));
#5905=CARTESIAN_POINT('',(-0.0456638835363965,-0.0075,0.0550054209658612));
#5906=CARTESIAN_POINT('',(-0.0455565828854347,-0.0075,0.0552775865564779));
#5907=CARTESIAN_POINT('',(-0.0455565828854346,-0.0075,0.0552775865564779));
#5908=CARTESIAN_POINT('',(-0.0425330735743046,-0.0075,0.0540855750441551));
#5909=CARTESIAN_POINT('',(-0.0396610369010041,-0.0075,0.0525644224064435));
#5910=CARTESIAN_POINT('',(-0.0396610369010041,-0.0075,0.0525644224064435));
#5911=CARTESIAN_POINT('',(-0.0397960584591417,-0.0075,0.0523094927846269));
#5912=CARTESIAN_POINT('',(-0.0399642098004639,-0.0075,0.0517339116955629));
#5913=CARTESIAN_POINT('',(-0.0396747330650567,-0.0075,0.0511726194537389));
#5914=CARTESIAN_POINT('',(-0.0394264436075406,-0.0075,0.0510214881951818));
#5915=CARTESIAN_POINT('',(-0.031735426544763,-0.0075,0.0392039140296408));
#5916=CARTESIAN_POINT('',(-0.0310662487009112,-0.0075,0.0391780050934433));
#5917=CARTESIAN_POINT('',(-0.0297363273714761,-0.0075,0.0393834018017516));
#5918=CARTESIAN_POINT('',(-0.0284317905680203,-0.0075,0.0396932667780904));
#5919=CARTESIAN_POINT('',(-0.0277781979821856,-0.0075,0.0398438471695173));
#5920=CARTESIAN_POINT('',(-0.0512582449235858,-0.0075,0.0615121697975793));
#5921=CARTESIAN_POINT('',(-0.0241698431182205,-0.0075,0.0387823018335153));
#5922=CARTESIAN_POINT('',(-0.0238484493133772,-0.0075,0.0391653240550748));
#5923=CARTESIAN_POINT('',(-0.0234654270918178,-0.0075,0.0388439302502315));
#5924=CARTESIAN_POINT('',(-0.0225617080956753,-0.0075,0.0399209406105799));
#5925=CARTESIAN_POINT('',(-0.0220766887424414,-0.0075,0.040498964167274));
#5926=CARTESIAN_POINT('',(-0.0220766887424415,-0.0075,0.040498964167274));
#5927=CARTESIAN_POINT('',(-0.0219968814061801,-0.0075,0.0404996543216888));
#5928=CARTESIAN_POINT('',(-0.0219170598631955,-0.0075,0.0405));
#5929=CARTESIAN_POINT('',(-0.0218372240639067,-0.0075,0.0405));
#5930=CARTESIAN_POINT('',(-0.0218372240639066,-0.0075,0.0405));
#5931=CARTESIAN_POINT('',(0.014353281747604,-0.0075,0.0405));
#5932=CARTESIAN_POINT('',(-0.00914458860500766,-0.0075,0.0405));
#5933=CARTESIAN_POINT('',(-0.00914458860500766,-0.0075,0.063));
#5934=CARTESIAN_POINT('',(-0.00914458860500766,-0.0075,0.0455248468795767));
#5935=CARTESIAN_POINT('',(-0.0500331321226001,-0.0075,0.0455248468795767));
#5936=CARTESIAN_POINT('',(-0.00633816234655844,-0.0075,0.0455248468795767));
#5937=CARTESIAN_POINT('',(-0.00633816234655844,-0.0075,0.063));
#5938=CARTESIAN_POINT('',(-0.00633816234655844,-0.0075,0.04275));
#5939=CARTESIAN_POINT('',(-0.00634255008647073,-0.0075,0.0426598989156601));
#5940=CARTESIAN_POINT('',(-0.00633962210905615,-0.0075,0.0426898990265369));
#5941=CARTESIAN_POINT('',(-0.00633816234655844,-0.0075,0.0427199327858876));
#5942=CARTESIAN_POINT('',(-0.00633816234655844,-0.0075,0.04275));
#5943=CARTESIAN_POINT('',(-0.00634253862151801,-0.00750000005618058,0.0426597610901926));
#5944=CARTESIAN_POINT('',(-0.00761673253014091,-0.0075,0.0439803853522052));
#5945=CARTESIAN_POINT('',(-0.00633785038960792,-0.00750013106021531,0.0423998906356586));
#5946=CARTESIAN_POINT('',(-0.00633816234655844,-0.0075,0.063));
#5947=CARTESIAN_POINT('',(-0.00633816234655844,-0.0075,0.038));
#5948=CARTESIAN_POINT('',(0.014353281747604,-0.0075,0.038));
#5949=CARTESIAN_POINT('',(-0.0218372240639029,-0.0075,0.038));
#5950=CARTESIAN_POINT('',(-0.0277194764086789,-0.0075,0.0372857705126881));
#5951=CARTESIAN_POINT('',(-0.0275532605556299,-0.0075,0.037327960445271));
#5952=CARTESIAN_POINT('',(-0.0257119786978815,-0.0075,0.0377765785873394));
#5953=CARTESIAN_POINT('',(-0.0234983470417529,-0.0075,0.0380203110375146));
#5954=CARTESIAN_POINT('',(-0.0214680966150399,-0.0075,0.0379979688962485));
#5955=CARTESIAN_POINT('',(-0.0212835212899476,-0.0075,0.0379943331031966));
#5956=CARTESIAN_POINT('',(-0.0272169292632801,-0.0075,0.037407666259737));
#5957=CARTESIAN_POINT('',(-0.0264436828321069,-0.0075,0.0375837284547927));
#5958=CARTESIAN_POINT('',(-0.0267031320706276,-0.0075,0.0375253203631702));
#5959=CARTESIAN_POINT('',(-0.0275990840825085,-0.0075,0.0373214017830868));
#5960=CARTESIAN_POINT('',(-0.0286286503443754,-0.0075,0.0370769150734255));
#5961=CARTESIAN_POINT('',(-0.0295500804211215,-0.0075,0.0369005667002153));
#5962=CARTESIAN_POINT('',(-0.0301635675279489,-0.0075,0.0367987219147429));
#5963=CARTESIAN_POINT('',(-0.0309034198906149,-0.0075,0.0367120279081447));
#5964=CARTESIAN_POINT('',(-0.0316042945251753,-0.0075,0.0366917770480558));
#5965=CARTESIAN_POINT('',(-0.0321374503545932,-0.0075,0.036720456507448));
#5966=CARTESIAN_POINT('',(-0.0326379522998712,-0.0075,0.036776856021015));
#5967=CARTESIAN_POINT('',(-0.0332075563592163,-0.0075,0.036895475493468));
#5968=CARTESIAN_POINT('',(-0.0336038857365899,-0.0075,0.0370291023116114));
#5969=CARTESIAN_POINT('',(-0.0337839447447293,-0.0075,0.037100293548525));
#5970=CARTESIAN_POINT('',(-0.0337983494653804,-0.0075,0.0371059888474781));
#5971=CARTESIAN_POINT('',(-0.0338127541860316,-0.0075,0.0371116841464312));
#5972=CARTESIAN_POINT('',(-0.0338271589066828,-0.0075,0.0371173794453842));
#5973=CARTESIAN_POINT('',(-0.0339726465852594,-0.0075,0.0371749019648104));
#5974=CARTESIAN_POINT('',(-0.034118134263836,-0.0075,0.0372324244842365));
#5975=CARTESIAN_POINT('',(-0.0342636219424126,-0.0075,0.0372899470036627));
#5976=CARTESIAN_POINT('',(-0.0337839447396617,-0.0075,0.0371002935465214));
#5977=CARTESIAN_POINT('',(-0.0337839447396617,-0.0075,0.0371002935465214));
#5978=CARTESIAN_POINT('',(-0.0346661438199128,-0.0075,0.0371002935465214));
#5979=CARTESIAN_POINT('',(-0.0346661438199128,-0.0075,0.0374590783169276));
#5980=CARTESIAN_POINT('',(-0.0346661438199128,-0.0075,0.0375537899897673));
#5981=CARTESIAN_POINT('',(-0.0764168973649596,-0.0075,0.0961704686049624));
#5982=CARTESIAN_POINT('',(-0.078041175129366,-0.0075,0.0947552234679274));
#5983=CARTESIAN_POINT('',(-0.0812271804783782,-0.00749999999999996,0.0918609778288964));
#5984=CARTESIAN_POINT('',(-0.0857317446994584,-0.00750000000000001,0.0872584896919999));
#5985=CARTESIAN_POINT('',(-0.0891487896135549,-0.0075,0.0830581266102573));
#5986=CARTESIAN_POINT('',(-0.0914112011772665,-0.0075,0.0794082054376147));
#5987=CARTESIAN_POINT('',(-0.0927557029717336,-0.0075,0.0764375754546107));
#5988=CARTESIAN_POINT('',(-0.0934689564157929,-0.00749999999999999,0.0732410146883374));
#5989=CARTESIAN_POINT('',(-0.0930664702459985,-0.0075,0.0699604445680602));
#5990=CARTESIAN_POINT('',(-0.0913677855966054,-0.0075,0.0671371641891393));
#5991=CARTESIAN_POINT('',(-0.0889246852644661,-0.00749999999999999,0.0649664385923274));
#5992=CARTESIAN_POINT('',(-0.0861840189857944,-0.0075,0.0632857443111744));
#5993=CARTESIAN_POINT('',(-0.0822691344387034,-0.0075,0.0614470313787122));
#5994=CARTESIAN_POINT('',(-0.0771979653585957,-0.0075,0.0596980551408388));
#5995=CARTESIAN_POINT('',(-0.0709774423376392,-0.00750000000000001,0.0579923224354022));
#5996=CARTESIAN_POINT('',(-0.0647061040931899,-0.00749999999999999,0.0564663598422941));
#5997=CARTESIAN_POINT('',(-0.0584331677810255,-0.00750000000000001,0.0549546714704455));
#5998=CARTESIAN_POINT('',(-0.0521945516087342,-0.0075,0.0532953683488942));
#5999=CARTESIAN_POINT('',(-0.0470811622904483,-0.00749999999999999,0.0516185905760134));
#6000=CARTESIAN_POINT('',(-0.0431253412835138,-0.00750000000000001,0.0499017609488597));
#6001=CARTESIAN_POINT('',(-0.0403201007239432,-0.0075,0.0483590509685837));
#6002=CARTESIAN_POINT('',(-0.0377208427629159,-0.00750000000000001,0.0464084197953584));
#6003=CARTESIAN_POINT('',(-0.0359681243558857,-0.00749999999999999,0.0443021988289968));
#6004=CARTESIAN_POINT('',(-0.0350471795340382,-0.00750000000000001,0.0423673569761937));
#6005=CARTESIAN_POINT('',(-0.0346264766757402,-0.0075,0.040788705293213));
#6006=CARTESIAN_POINT('',(-0.0344926165894248,-0.0075,0.0391738820052248));
#6007=CARTESIAN_POINT('',(-0.0346004685165449,-0.0075,0.0380940459284837));
#6008=CARTESIAN_POINT('',(-0.0346661438199133,-0.0075,0.0375537899897673));
#6009=CARTESIAN_POINT('',(-0.0764168973649596,-0.0075,0.0961704686049624));
#6010=CARTESIAN_POINT('',(-0.00633815083678753,-0.00749999999999999,0.062637229814606));
#6011=CARTESIAN_POINT('',(-0.00930105498010595,-0.00749999999999999,0.0641050917195965));
#6012=CARTESIAN_POINT('',(-0.0151229944703501,-0.00749999999999999,0.0672212074045305));
#6013=CARTESIAN_POINT('',(-0.0235165516485271,-0.00750000000000004,0.0725168424061945));
#6014=CARTESIAN_POINT('',(-0.0315278788895617,-0.00749999999999984,0.0783591592505247));
#6015=CARTESIAN_POINT('',(-0.0380991898997209,-0.00750000000000001,0.0833788672422049));
#6016=CARTESIAN_POINT('',(-0.0436002034939591,-0.0075,0.0870432715693856));
#6017=CARTESIAN_POINT('',(-0.0493859242062856,-0.0075,0.0903061761736245));
#6018=CARTESIAN_POINT('',(-0.0569480749207766,-0.0075,0.0932731420346881));
#6019=CARTESIAN_POINT('',(-0.066542531012526,-0.0075,0.0953060585475154));
#6020=CARTESIAN_POINT('',(-0.0731267690736076,-0.0075,0.0959605907635431));
#6021=CARTESIAN_POINT('',(-0.0764168811401909,-0.0075,0.0961704708550827));
#6022=CARTESIAN_POINT('',(-0.0063381526515806,-0.00749999709540388,0.0626372261514154));
#6023=CARTESIAN_POINT('',(-0.00633816234655844,-0.0075,0.063));
#6024=CARTESIAN_POINT('',(-0.00633816234655844,-0.0075,0.0532248468795767));
#6025=CARTESIAN_POINT('',(-0.00914458860500761,-0.0075,0.0532248468795767));
#6026=CARTESIAN_POINT('',(-0.0759603241143077,-0.0125,0.0587869564681942));
#6027=CARTESIAN_POINT('',(-0.0137543608328767,-0.0125,0.0581089312098297));
#6028=CARTESIAN_POINT('',(-0.0142900456089542,-0.0125,0.058393903307893));
#6029=CARTESIAN_POINT('',(-0.014823874797889,-0.0125,0.0586819102867576));
#6030=CARTESIAN_POINT('',(-0.0153558167287036,-0.0125,0.0589730109641437));
#6031=CARTESIAN_POINT('',(-0.0160665295349245,-0.0124999999999995,0.0593619424758994));
#6032=CARTESIAN_POINT('',(-0.0167738734528575,-0.0125000000000035,0.0597563964753113));
#6033=CARTESIAN_POINT('',(-0.0174778036483757,-0.0124999999999759,0.0601564939451904));
#6034=CARTESIAN_POINT('',(-0.018181809142655,-0.0124999999999483,0.0605566342131252));
#6035=CARTESIAN_POINT('',(-0.0188824001872707,-0.012499999999901,0.0609624191540821));
#6036=CARTESIAN_POINT('',(-0.0195795642161723,-0.0124999999996363,0.0613739286573031));
#6037=CARTESIAN_POINT('',(-0.0201200831101065,-0.0124999999994311,0.0616929764743208));
#6038=CARTESIAN_POINT('',(-0.0206585419821814,-0.0124999999990954,0.0620154653863692));
#6039=CARTESIAN_POINT('',(-0.0211949270414814,-0.0124999999983845,0.0623414053062245));
#6040=CARTESIAN_POINT('',(-0.0213504138975443,-0.0124999999981784,0.0624358884998277));
#6041=CARTESIAN_POINT('',(-0.0215057244731552,-0.0124999999979798,0.0625306581384557));
#6042=CARTESIAN_POINT('',(-0.021660858148162,-0.0124999999977993,0.0626257143203447));
#6043=CARTESIAN_POINT('',(-0.0230418005932696,-0.0124999999961922,0.0634718692008672));
#6044=CARTESIAN_POINT('',(-0.0244087261465288,-0.0124999999969592,0.0643407303334525));
#6045=CARTESIAN_POINT('',(-0.0257624394700884,-0.0124999999981433,0.0652316928906419));
#6046=CARTESIAN_POINT('',(-0.0266408873322422,-0.0124999999989117,0.0658098538202868));
#6047=CARTESIAN_POINT('',(-0.0275137714325349,-0.0124999999995846,0.0663973211365335));
#6048=CARTESIAN_POINT('',(-0.0283810570080034,-0.0124999999998321,0.0669928783275777));
#6049=CARTESIAN_POINT('',(-0.0288507924705073,-0.0124999999999661,0.0673154414376946));
#6050=CARTESIAN_POINT('',(-0.0293189949986353,-0.0124999999999816,0.067640460020699));
#6051=CARTESIAN_POINT('',(-0.0297856280949212,-0.0124999999999921,0.0679677156961872));
#6052=CARTESIAN_POINT('',(-0.0304881916498893,-0.0125000000000079,0.0684604323778468));
#6053=CARTESIAN_POINT('',(-0.0311871973065905,-0.0125,0.0689582204272332));
#6054=CARTESIAN_POINT('',(-0.0318832129378086,-0.0125,0.0694600445687709));
#6055=CARTESIAN_POINT('',(-0.0325028732809443,-0.0125,0.0699068168908162));
#6056=CARTESIAN_POINT('',(-0.0331201254167101,-0.0125,0.0703567598020745));
#6057=CARTESIAN_POINT('',(-0.0337355063449535,-0.0125,0.0708092479793806));
#6058=CARTESIAN_POINT('',(-0.0342191278621356,-0.0125,0.0711648537656054));
#6059=CARTESIAN_POINT('',(-0.0347015936192774,-0.0125,0.0715220316482917));
#6060=CARTESIAN_POINT('',(-0.0351833460929077,-0.0125,0.0718802343609419));
#6061=CARTESIAN_POINT('',(-0.0358474218244796,-0.0125,0.0723740018898591));
#6062=CARTESIAN_POINT('',(-0.0365101496600698,-0.0125,0.0728697226010559));
#6063=CARTESIAN_POINT('',(-0.037172538267186,-0.0125,0.0733658506806578));
#6064=CARTESIAN_POINT('',(-0.0373279240777785,-0.0125,0.0734822344212271));
#6065=CARTESIAN_POINT('',(-0.037483291203251,-0.0125,0.0735986405590393));
#6066=CARTESIAN_POINT('',(-0.0376386526517588,-0.0125,0.0737150491252573));
#6067=CARTESIAN_POINT('',(-0.0380147328701373,-0.0125,0.0739968369138293));
#6068=CARTESIAN_POINT('',(-0.0383907798439409,-0.0125,0.0742786389033786));
#6069=CARTESIAN_POINT('',(-0.0387670928884034,-0.0125,0.0745600068530999));
#6070=CARTESIAN_POINT('',(-0.0396897855824769,-0.0125,0.0752499009595483));
#6071=CARTESIAN_POINT('',(-0.0406140672253152,-0.0124999999997666,0.0759372591553833));
#6072=CARTESIAN_POINT('',(-0.0415453104989079,-0.0124999999997745,0.0766160208699169));
#6073=CARTESIAN_POINT('',(-0.0417681357711148,-0.0124999999997764,0.0767784330645532));
#6074=CARTESIAN_POINT('',(-0.0419913597650963,-0.0124999999998091,0.0769403528242263));
#6075=CARTESIAN_POINT('',(-0.0422150810049111,-0.0124999999998623,0.0771016748191576));
#6076=CARTESIAN_POINT('',(-0.0426492715816603,-0.0124999999999655,0.0774147630627215));
#6077=CARTESIAN_POINT('',(-0.0430850438392688,-0.0124999999999808,0.0777254220479952));
#6078=CARTESIAN_POINT('',(-0.0435230871798932,-0.0124999999999895,0.0780328852918911));
#6079=CARTESIAN_POINT('',(-0.0441871522436727,-0.0125000000000027,0.0784989935047829));
#6080=CARTESIAN_POINT('',(-0.044856435768412,-0.0125000000000071,0.0789577578967423));
#6081=CARTESIAN_POINT('',(-0.0455310225442246,-0.0124999999999639,0.0794047173001922));
#6082=CARTESIAN_POINT('',(-0.0455989645733311,-0.0124999999999595,0.079449733493642));
#6083=CARTESIAN_POINT('',(-0.0456669604071113,-0.0124999999999545,0.0794946299290651));
#6084=CARTESIAN_POINT('',(-0.0457350116484159,-0.0124999999999486,0.0795394038730302));
#6085=CARTESIAN_POINT('',(-0.0465598740157317,-0.0124999999998773,0.0800821175797179));
#6086=CARTESIAN_POINT('',(-0.0473932113950349,-0.0124999999998508,0.0806070114329827));
#6087=CARTESIAN_POINT('',(-0.0482373021401154,-0.0124999999998966,0.0811088212880793));
#6088=CARTESIAN_POINT('',(-0.0486103595413774,-0.0124999999999169,0.0813306029881644));
#6089=CARTESIAN_POINT('',(-0.0489855171959437,-0.0124999999999443,0.081547876160651));
#6090=CARTESIAN_POINT('',(-0.0493629703899605,-0.0124999999999654,0.0817601895592455));
#6091=CARTESIAN_POINT('',(-0.0494599236694484,-0.0124999999999709,0.0818147247455925));
#6092=CARTESIAN_POINT('',(-0.0495570264499399,-0.0124999999999672,0.0818689357712912));
#6093=CARTESIAN_POINT('',(-0.0496542829608686,-0.0124999999999513,0.0819228147414435));
#6094=CARTESIAN_POINT('',(-0.0503506105184105,-0.0124999999998377,0.0823085720684411));
#6095=CARTESIAN_POINT('',(-0.0510548215466195,-0.0124999999967729,0.0826773104401062));
#6096=CARTESIAN_POINT('',(-0.0517674782729303,-0.0124999999937508,0.0830279326884682));
#6097=CARTESIAN_POINT('',(-0.0522195952039915,-0.0124999999918336,0.0832503711346916));
#6098=CARTESIAN_POINT('',(-0.0526751105975514,-0.0124999999919579,0.0834655175888652));
#6099=CARTESIAN_POINT('',(-0.0531341592790258,-0.0124999999953113,0.0836730851731126));
#6100=CARTESIAN_POINT('',(-0.0534097169411028,-0.0124999999973243,0.0837976838062129));
#6101=CARTESIAN_POINT('',(-0.0536865290932725,-0.0124999999982963,0.0839195983758333));
#6102=CARTESIAN_POINT('',(-0.0539646148181513,-0.0124999999988913,0.0840387748379455));
#6103=CARTESIAN_POINT('',(-0.0547003904382231,-0.0125000000004655,0.0843540989537259));
#6104=CARTESIAN_POINT('',(-0.0554450828916688,-0.0124999999999893,0.0846502538878634));
#6105=CARTESIAN_POINT('',(-0.0561983244721944,-0.0124999999999503,0.0849278979848614));
#6106=CARTESIAN_POINT('',(-0.0564866201071721,-0.0124999999999353,0.0850341634690186));
#6107=CARTESIAN_POINT('',(-0.0567761679425894,-0.0124999999999008,0.085137717429611));
#6108=CARTESIAN_POINT('',(-0.0570669356158232,-0.0124999999998246,0.085238612699022));
#6109=CARTESIAN_POINT('',(-0.0575359343331932,-0.0124999999997015,0.0854013534583923));
#6110=CARTESIAN_POINT('',(-0.0580081388907569,-0.012499999999899,0.0855571351904133));
#6111=CARTESIAN_POINT('',(-0.0584835507249444,-0.0124999999999612,0.0857062822041864));
#6112=CARTESIAN_POINT('',(-0.0586860821314197,-0.0124999999999877,0.0857698207034386));
#6113=CARTESIAN_POINT('',(-0.0588891957796894,-0.0124999999999951,0.0858321549231426));
#6114=CARTESIAN_POINT('',(-0.0590928924520739,-0.0124999999999969,0.0858933165880371));
#6115=CARTESIAN_POINT('',(-0.0595871958351978,-0.0125000000000014,0.0860417353988155));
#6116=CARTESIAN_POINT('',(-0.0600848352137521,-0.0125000000000003,0.086183187068338));
#6117=CARTESIAN_POINT('',(-0.0605852262470994,-0.0124999999999995,0.0863179208646655));
#6118=CARTESIAN_POINT('',(-0.0606625843180163,-0.0124999999999993,0.0863387500679817));
#6119=CARTESIAN_POINT('',(-0.0607400081093397,-0.0124999999999992,0.0863594188076931));
#6120=CARTESIAN_POINT('',(-0.060817495415384,-0.0124999999999989,0.0863799281029064));
#6121=CARTESIAN_POINT('',(-0.0609301753590572,-0.0124999999999984,0.086409752165032));
#6122=CARTESIAN_POINT('',(-0.0610429896059874,-0.0124999999999978,0.0864392390562901));
#6123=CARTESIAN_POINT('',(-0.0611558941036538,-0.0124999999999968,0.0864683839564333));
#6124=CARTESIAN_POINT('',(-0.0614365828910556,-0.0124999999999941,0.0865408402965191));
#6125=CARTESIAN_POINT('',(-0.0617182266270326,-0.0124999999999945,0.0866112803970945));
#6126=CARTESIAN_POINT('',(-0.0620001989961452,-0.012499999999996,0.0866796292693231));
#6127=CARTESIAN_POINT('',(-0.0623948859622095,-0.012499999999998,0.0867752996681594));
#6128=CARTESIAN_POINT('',(-0.0627902157510132,-0.0125,0.0868668721319588));
#6129=CARTESIAN_POINT('',(-0.0631862894368105,-0.0124999999999986,0.0869546525281141));
#6130=CARTESIAN_POINT('',(-0.0632056379553871,-0.0124999999999986,0.0869589406711707));
#6131=CARTESIAN_POINT('',(-0.0632249882495582,-0.0124999999999985,0.0869632197669026));
#6132=CARTESIAN_POINT('',(-0.0632443403038565,-0.0124999999999984,0.0869674898401897));
#6133=CARTESIAN_POINT('',(-0.0638583032757076,-0.0124999999999956,0.0871029621184797));
#6134=CARTESIAN_POINT('',(-0.064473306070484,-0.0125,0.0872291687712117));
#6135=CARTESIAN_POINT('',(-0.065089665358363,-0.0124999999999991,0.0873471161704972));
#6136=CARTESIAN_POINT('',(-0.065174545283559,-0.012499999999999,0.0873633589149894));
#6137=CARTESIAN_POINT('',(-0.0652594509456923,-0.0124999999999988,0.0873794449471598));
#6138=CARTESIAN_POINT('',(-0.0653443831822328,-0.0124999999999984,0.0873953768223135));
#6139=CARTESIAN_POINT('',(-0.0654181474365772,-0.0124999999999981,0.0874092137697306));
#6140=CARTESIAN_POINT('',(-0.0654919318248549,-0.0124999999999977,0.0874229342101317));
#6141=CARTESIAN_POINT('',(-0.0655657358810171,-0.0124999999999974,0.0874365395936694));
#6142=CARTESIAN_POINT('',(-0.0663596066573993,-0.012499999999994,0.087582885430926));
#6143=CARTESIAN_POINT('',(-0.0671557533177089,-0.012499999999997,0.0877159151070387));
#6144=CARTESIAN_POINT('',(-0.0679538381890402,-0.0124999999999988,0.087837238641319));
#6145=CARTESIAN_POINT('',(-0.0684931108445636,-0.0125,0.0879192179731658));
#6146=CARTESIAN_POINT('',(-0.0690332683829106,-0.0125,0.0879958535785737));
#6147=CARTESIAN_POINT('',(-0.0695741961755003,-0.0125,0.0880675705127581));
#6148=CARTESIAN_POINT('',(-0.0698324575300551,-0.0125,0.0881018111504563));
#6149=CARTESIAN_POINT('',(-0.0700908962535748,-0.0125,0.088134930484196));
#6150=CARTESIAN_POINT('',(-0.0703495057837651,-0.0125,0.0881669757365933));
#6151=CARTESIAN_POINT('',(-0.0711486937287373,-0.0125,0.088266006036794));
#6152=CARTESIAN_POINT('',(-0.0719495129978455,-0.0125,0.088354777807594));
#6153=CARTESIAN_POINT('',(-0.0727518087566961,-0.0125,0.088434472387661));
#6154=CARTESIAN_POINT('',(-0.0731132057364305,-0.0125,0.0884703710948643));
#6155=CARTESIAN_POINT('',(-0.0734749022894802,-0.0125,0.0885044281376829));
#6156=CARTESIAN_POINT('',(-0.0738368851573847,-0.0125,0.0885367378642849));
#6157=CARTESIAN_POINT('',(-0.0137543608328163,-0.0125,0.0581089312099431));
#6158=CARTESIAN_POINT('',(-0.0183361265985218,-0.0125,0.0606480816484566));
#6159=CARTESIAN_POINT('',(-0.0512349684307039,-0.0125,0.0882534879322987));
#6160=CARTESIAN_POINT('',(-0.0137543608336541,-0.0125,0.0568035239213138));
#6161=CARTESIAN_POINT('',(-0.0137543608336541,-0.0125,0.0581089306965066));
#6162=CARTESIAN_POINT('',(-0.0059339785804392,-0.00744719069207221,0.0624612613627602));
#6163=CARTESIAN_POINT('',(-0.00681855635465262,-0.0125,0.0606649817128998));
#6164=CARTESIAN_POINT('',(-0.00921969796138431,-0.0125,0.0557890714986266));
#6165=CARTESIAN_POINT('',(-0.00923087889293411,-0.0125,0.0557663667909176));
#6166=CARTESIAN_POINT('',(-0.00924205982448392,-0.0125,0.0557436620832086));
#6167=CARTESIAN_POINT('',(-0.00595558462925332,-0.00744719069207221,0.0624719028502045));
#6168=CARTESIAN_POINT('',(-0.00684014629472669,-0.0125,0.060675615260991));
#6169=CARTESIAN_POINT('',(-0.00924124417509869,-0.0125,0.0557996834957458));
#6170=CARTESIAN_POINT('',(-0.00925242490303641,-0.0125,0.0557769786876846));
#6171=CARTESIAN_POINT('',(-0.00926360563097413,-0.0125,0.0557542738796233));
#6172=CARTESIAN_POINT('',(-0.00602231017326725,-0.00744719069207223,0.0625047700468274));
#6173=CARTESIAN_POINT('',(-0.00690695279050936,-0.0125,0.0607085223554994));
#6174=CARTESIAN_POINT('',(-0.00930827041036147,-0.0125,0.0558326988910469));
#6175=CARTESIAN_POINT('',(-0.00931945216151752,-0.0125,0.055809994587289));
#6176=CARTESIAN_POINT('',(-0.00933063391267356,-0.0125,0.0557872902835311));
#6177=CARTESIAN_POINT('',(-0.00617129265937663,-0.00744719069207223,0.0625782112059071));
#6178=CARTESIAN_POINT('',(-0.00705835322348761,-0.0125,0.0607831552237843));
#6179=CARTESIAN_POINT('',(-0.00946623423776224,-0.0125,0.0559105665936654));
#6180=CARTESIAN_POINT('',(-0.00947744655140721,-0.0125,0.0558878773529347));
#6181=CARTESIAN_POINT('',(-0.00948865886505218,-0.0125,0.055865188112204));
#6182=CARTESIAN_POINT('',(-0.0063893634116901,-0.00744719069207223,0.062686116216654));
#6183=CARTESIAN_POINT('',(-0.00727888150917732,-0.0125,0.0608922769424203));
#6184=CARTESIAN_POINT('',(-0.00969343337344583,-0.0125,0.0560229910042989));
#6185=CARTESIAN_POINT('',(-0.0097046767499473,-0.0125,0.056000317142575));
#6186=CARTESIAN_POINT('',(-0.00971592012644877,-0.0125,0.0559776432808511));
#6187=CARTESIAN_POINT('',(-0.00673575755734936,-0.00744719069207223,0.0628582971279896));
#6188=CARTESIAN_POINT('',(-0.00762979929431421,-0.0125,0.0610667058541911));
#6189=CARTESIAN_POINT('',(-0.0100566303490397,-0.0125,0.0562035219994979));
#6190=CARTESIAN_POINT('',(-0.0100679309036716,-0.0125,0.0561808765521653));
#6191=CARTESIAN_POINT('',(-0.0100792314583035,-0.0125,0.0561582311048327));
#6192=CARTESIAN_POINT('',(-0.00716874888933415,-0.00744719069207223,0.0630750255051468));
#6193=CARTESIAN_POINT('',(-0.00806827733720449,-0.0125,0.0612861809390929));
#6194=CARTESIAN_POINT('',(-0.0105100017910446,-0.0125,0.0564304528835837));
#6195=CARTESIAN_POINT('',(-0.0105213716968866,-0.0125,0.0564078421542286));
#6196=CARTESIAN_POINT('',(-0.0105327416027286,-0.0125,0.0563852314248735));
#6197=CARTESIAN_POINT('',(-0.00785956126881543,-0.00744719069207223,0.0634240311867909));
#6198=CARTESIAN_POINT('',(-0.00876803946909292,-0.0125,0.0616397077462035));
#6199=CARTESIAN_POINT('',(-0.0112340575729672,-0.0125,0.0567962520569952));
#6200=CARTESIAN_POINT('',(-0.011245540602349,-0.0125,0.0567736984739938));
#6201=CARTESIAN_POINT('',(-0.0112570236317308,-0.0125,0.0567511448909924));
#6202=CARTESIAN_POINT('',(-0.00872028112343155,-0.00744719069207223,0.0638649933352141));
#6203=CARTESIAN_POINT('',(-0.00964001978267476,-0.0125,0.0620864385867157));
#6204=CARTESIAN_POINT('',(-0.0121366038326102,-0.0125,0.0572586417202759));
#6205=CARTESIAN_POINT('',(-0.0121482291925192,-0.0125,0.0572361610526848));
#6206=CARTESIAN_POINT('',(-0.0121598545524281,-0.0125,0.0572136803850938));
#6207=CARTESIAN_POINT('',(-0.0100901027357165,-0.00744719069207223,0.0645800590563483));
#6208=CARTESIAN_POINT('',(-0.0110280862738306,-0.0125,0.0628110275109856));
#6209=CARTESIAN_POINT('',(-0.0135741951242342,-0.0125,0.0580090808975645));
#6210=CARTESIAN_POINT('',(-0.0135860510966995,-0.0125,0.0579867206018452));
#6211=CARTESIAN_POINT('',(-0.0135979070691648,-0.0125,0.0579643603061259));
#6212=CARTESIAN_POINT('',(-0.0117890313466174,-0.00744719069207223,0.0654922708376767));
#6213=CARTESIAN_POINT('',(-0.0127501686936963,-0.0125,0.0637356681169696));
#6214=CARTESIAN_POINT('',(-0.0153591273869071,-0.0125,0.0589674589191535));
#6215=CARTESIAN_POINT('',(-0.0153712760200753,-0.0125,0.05894525572193));
#6216=CARTESIAN_POINT('',(-0.0153834246532435,-0.0125,0.0589230525247064));
#6217=CARTESIAN_POINT('',(-0.0138063409713994,-0.00744719069207223,0.0666172274723886));
#6218=CARTESIAN_POINT('',(-0.0147956788851808,-0.0125,0.0648763474462843));
#6219=CARTESIAN_POINT('',(-0.0174811865897011,-0.0125,0.0601508167073684));
#6220=CARTESIAN_POINT('',(-0.0174936916738396,-0.0125,0.060128812242667));
#6221=CARTESIAN_POINT('',(-0.0175061967579782,-0.0125,0.0601068077779657));
#6222=CARTESIAN_POINT('',(-0.0158026443594798,-0.00744719069207223,0.0677734398897472));
#6223=CARTESIAN_POINT('',(-0.0168203892793851,-0.0125,0.0660490108515433));
#6224=CARTESIAN_POINT('',(-0.0195830063645787,-0.0125,0.061368135486831));
#6225=CARTESIAN_POINT('',(-0.0195958705090512,-0.0125,0.0613463389601708));
#6226=CARTESIAN_POINT('',(-0.0196087346535236,-0.0125,0.0613245424335107));
#6227=CARTESIAN_POINT('',(-0.0184375020316607,-0.00744719069207223,0.0693579619604255));
#6228=CARTESIAN_POINT('',(-0.0194930295913988,-0.0125,0.0676562521540992));
#6229=CARTESIAN_POINT('',(-0.0223582057405432,-0.0125,0.0630370469946806));
#6230=CARTESIAN_POINT('',(-0.0223715474519658,-0.0125,0.0630155376357335));
#6231=CARTESIAN_POINT('',(-0.0223848891633883,-0.0125,0.0629940282767864));
#6232=CARTESIAN_POINT('',(-0.0216830488740289,-0.00744719069207223,0.0714209110263104));
#6233=CARTESIAN_POINT('',(-0.0227848030980436,-0.0125,0.0697486048404852));
#6234=CARTESIAN_POINT('',(-0.0257754591882065,-0.0125,0.065209214321036));
#6235=CARTESIAN_POINT('',(-0.0257893851977927,-0.0125,0.0651880766194805));
#6236=CARTESIAN_POINT('',(-0.0258033112073788,-0.0125,0.0651669389179249));
#6237=CARTESIAN_POINT('',(-0.0255207886946423,-0.00744719069207223,0.0740349022818622));
#6238=CARTESIAN_POINT('',(-0.0266724600270858,-0.0125,0.0723966838193613));
#6239=CARTESIAN_POINT('',(-0.0297986135821755,-0.0125,0.0679498226999702));
#6240=CARTESIAN_POINT('',(-0.0298131705365907,-0.0125,0.0679291158621694));
#6241=CARTESIAN_POINT('',(-0.0298277274910059,-0.0125,0.0679084090243686));
#6242=CARTESIAN_POINT('',(-0.0293250108003384,-0.00744719069207223,0.0767804850673241));
#6243=CARTESIAN_POINT('',(-0.0305146576427985,-0.0125,0.0751698153242252));
#6244=CARTESIAN_POINT('',(-0.0337438937981926,-0.0125,0.0707977338096317));
#6245=CARTESIAN_POINT('',(-0.0337589307574083,-0.0125,0.0707773751835483));
#6246=CARTESIAN_POINT('',(-0.0337739677166241,-0.0125,0.0707570165574648));
#6247=CARTESIAN_POINT('',(-0.0331577630887927,-0.00744719069207223,0.0796503717325413));
#6248=CARTESIAN_POINT('',(-0.0343641562108388,-0.0125,0.0780523847474744));
#6249=CARTESIAN_POINT('',(-0.037638849294775,-0.0125,0.0737147299377864));
#6250=CARTESIAN_POINT('',(-0.0376540979244749,-0.0125,0.0736945316198789));
#6251=CARTESIAN_POINT('',(-0.0376693465541748,-0.0125,0.0736743333019713));
#6252=CARTESIAN_POINT('',(-0.0364586614991622,-0.00744719069207223,0.0821255852717665));
#6253=CARTESIAN_POINT('',(-0.0376499553770707,-0.0125,0.0805160790841234));
#6254=CARTESIAN_POINT('',(-0.0408836623268463,-0.0125,0.0761471559819363));
#6255=CARTESIAN_POINT('',(-0.0408987201043452,-0.0125,0.0761268120630208));
#6256=CARTESIAN_POINT('',(-0.0409137778818441,-0.0125,0.0761064681441054));
#6257=CARTESIAN_POINT('',(-0.0392354889225717,-0.00744719069207223,0.0841216948062464));
#6258=CARTESIAN_POINT('',(-0.0403883345306863,-0.0125,0.082484411884283));
#6259=CARTESIAN_POINT('',(-0.0435176755976645,-0.0125,0.0780400902423406));
#6260=CARTESIAN_POINT('',(-0.0435322473947496,-0.0125,0.0780193952296331));
#6261=CARTESIAN_POINT('',(-0.0435468191918347,-0.0125,0.0779987002169256));
#6262=CARTESIAN_POINT('',(-0.0421311167529318,-0.00744719069207223,0.0861072233650827));
#6263=CARTESIAN_POINT('',(-0.0432252020424554,-0.0125,0.0844294717486741));
#6264=CARTESIAN_POINT('',(-0.0461950411980055,-0.0125,0.0798752998834561));
#6265=CARTESIAN_POINT('',(-0.0462088702733999,-0.0125,0.0798540933524675));
#6266=CARTESIAN_POINT('',(-0.0462226993487943,-0.0125,0.079832886821479));
#6267=CARTESIAN_POINT('',(-0.0459857057088069,-0.00744719069207223,0.0884934947248091));
#6268=CARTESIAN_POINT('',(-0.0469646079564634,-0.0125,0.086743252554725));
#6269=CARTESIAN_POINT('',(-0.0496217885733532,-0.0125,0.0819923087497186));
#6270=CARTESIAN_POINT('',(-0.0496341617522235,-0.0125,0.0819701859489093));
#6271=CARTESIAN_POINT('',(-0.0496465349310937,-0.0125,0.0819480631481));
#6272=CARTESIAN_POINT('',(-0.0501607634381335,-0.00744719069207223,0.0905537971709459));
#6273=CARTESIAN_POINT('',(-0.0509819651116387,-0.0125,0.0887252430839703));
#6274=CARTESIAN_POINT('',(-0.0532110754999529,-0.0125,0.0837617255432987));
#6275=CARTESIAN_POINT('',(-0.0532214553670123,-0.0125,0.083738612891503));
#6276=CARTESIAN_POINT('',(-0.0532318352340717,-0.0125,0.0837155002397073));
#6277=CARTESIAN_POINT('',(-0.0536193332013619,-0.00744719069207223,0.0919288354390259));
#6278=CARTESIAN_POINT('',(-0.0543113267497311,-0.0125,0.0900490289925916));
#6279=CARTESIAN_POINT('',(-0.0561897082205485,-0.0125,0.0849463895156391));
#6280=CARTESIAN_POINT('',(-0.0561984549161165,-0.0125,0.0849226290416399));
#6281=CARTESIAN_POINT('',(-0.0562072016116844,-0.0125,0.0848988685676408));
#6282=CARTESIAN_POINT('',(-0.0562529536181007,-0.00744719069207223,0.0928242290128312));
#6283=CARTESIAN_POINT('',(-0.0568512886488994,-0.0125,0.0909126537687354));
#6284=CARTESIAN_POINT('',(-0.0584754388130763,-0.0125,0.0857237794980944));
#6285=CARTESIAN_POINT('',(-0.058483001678907,-0.0125,0.085699617471216));
#6286=CARTESIAN_POINT('',(-0.0584905645447377,-0.0125,0.0856754554443377));
#6287=CARTESIAN_POINT('',(-0.0584685665666052,-0.00744719069207223,0.0934619152313424));
#6288=CARTESIAN_POINT('',(-0.0589941477150547,-0.0125,0.091529484533328));
#6289=CARTESIAN_POINT('',(-0.0604208111470842,-0.0125,0.0862839991883518));
#6290=CARTESIAN_POINT('',(-0.0604274544146589,-0.0125,0.0862595735516367));
#6291=CARTESIAN_POINT('',(-0.0604340976822335,-0.0125,0.0862351479149215));
#6292=CARTESIAN_POINT('',(-0.0602493800346182,-0.00744719069207223,0.0939127344785236));
#6293=CARTESIAN_POINT('',(-0.060720664325279,-0.0125,0.0919665733732448));
#6294=CARTESIAN_POINT('',(-0.061999941684368,-0.0125,0.0866838175325348));
#6295=CARTESIAN_POINT('',(-0.0620058986477329,-0.0125,0.0866592183455132));
#6296=CARTESIAN_POINT('',(-0.0620118556110978,-0.0125,0.0866346191584917));
#6297=CARTESIAN_POINT('',(-0.062020850585889,-0.00744719069207223,0.0943229917898354));
#6298=CARTESIAN_POINT('',(-0.0624409115768569,-0.0125,0.0923649829964048));
#6299=CARTESIAN_POINT('',(-0.063581145880929,-0.0125,0.0870500672057232));
#6300=CARTESIAN_POINT('',(-0.0635864553894015,-0.0125,0.0870253182656849));
#6301=CARTESIAN_POINT('',(-0.063591764897874,-0.0125,0.0870005693256465));
#6302=CARTESIAN_POINT('',(-0.0642211857747968,-0.00744719069207223,0.0947664856408583));
#6303=CARTESIAN_POINT('',(-0.0645827870375836,-0.0125,0.092796756650222));
#6304=CARTESIAN_POINT('',(-0.0655643353676852,-0.0125,0.0874500269772904));
#6305=CARTESIAN_POINT('',(-0.0655689059538851,-0.0125,0.0874251298957019));
#6306=CARTESIAN_POINT('',(-0.065573476540085,-0.0125,0.0874002328141134));
#6307=CARTESIAN_POINT('',(-0.0668393020423185,-0.00744719069207223,0.095203641173852));
#6308=CARTESIAN_POINT('',(-0.0671390155843164,-0.0125,0.0932236371577919));
#6309=CARTESIAN_POINT('',(-0.0679525728279766,-0.0125,0.087849016448284));
#6310=CARTESIAN_POINT('',(-0.067956361162587,-0.0125,0.0878239894919018));
#6311=CARTESIAN_POINT('',(-0.0679601494971974,-0.0125,0.0877989625355196));
#6312=CARTESIAN_POINT('',(-0.069437782394452,-0.00744719069207223,0.0955595230003353));
#6313=CARTESIAN_POINT('',(-0.0696829396024013,-0.0125,0.0935720924733398));
#6314=CARTESIAN_POINT('',(-0.0703484064379438,-0.0125,0.0881773128756934));
#6315=CARTESIAN_POINT('',(-0.0703515051886031,-0.0125,0.0881521920493171));
#6316=CARTESIAN_POINT('',(-0.0703546039392624,-0.0125,0.0881270712229409));
#6317=CARTESIAN_POINT('',(-0.0715888563527216,-0.00744719069207223,0.0957978236850238));
#6318=CARTESIAN_POINT('',(-0.071793886713486,-0.0125,0.0938059761778552));
#6319=CARTESIAN_POINT('',(-0.0723504312528426,-0.0125,0.0883992069110369));
#6320=CARTESIAN_POINT('',(-0.0723530228061194,-0.0125,0.088374030254688));
#6321=CARTESIAN_POINT('',(-0.0723556143593962,-0.0125,0.088348853598339));
#6322=CARTESIAN_POINT('',(-0.0733023869778323,-0.00744719069207223,0.0959581800161723));
#6323=CARTESIAN_POINT('',(-0.0734780743690818,-0.0125,0.0939635910913663));
#6324=CARTESIAN_POINT('',(-0.0739549689025017,-0.0125,0.0885493803850924));
#6325=CARTESIAN_POINT('',(-0.0739571895650065,-0.0125,0.0885241690776321));
#6326=CARTESIAN_POINT('',(-0.0739594102275112,-0.0125,0.0884989577701718));
#6327=CARTESIAN_POINT('',(-0.0743704401399424,-0.00744719069207223,0.0960466085022527));
#6328=CARTESIAN_POINT('',(-0.0745288776214057,-0.0125,0.0940505937261324));
#6329=CARTESIAN_POINT('',(-0.0749589481475901,-0.0125,0.088632512618617));
#6330=CARTESIAN_POINT('',(-0.0749609507737998,-0.0125,0.0886072832886081));
#6331=CARTESIAN_POINT('',(-0.0749629534000095,-0.0125,0.0885820539585992));
#6332=CARTESIAN_POINT('',(-0.075223470133021,-0.00744719069207223,0.0961107504072));
#6333=CARTESIAN_POINT('',(-0.0753686619310235,-0.0125,0.0941137404643594));
#6334=CARTESIAN_POINT('',(-0.0757627777197115,-0.0125,0.0886929580271386));
#6335=CARTESIAN_POINT('',(-0.0757646129224516,-0.0125,0.0886677161183703));
#6336=CARTESIAN_POINT('',(-0.0757664481251917,-0.0125,0.088642474209602));
#6337=CARTESIAN_POINT('',(-0.0757556302659197,-0.00744719069207223,0.0961481547840038));
#6338=CARTESIAN_POINT('',(-0.0758928786096266,-0.0125,0.0941505861960238));
#6339=CARTESIAN_POINT('',(-0.0762654322935838,-0.0125,0.0887282873448415));
#6340=CARTESIAN_POINT('',(-0.0762671670922426,-0.0125,0.0887030383748817));
#6341=CARTESIAN_POINT('',(-0.0762689018909014,-0.0125,0.0886777894049219));
#6342=CARTESIAN_POINT('',(-0.0761818119963505,-0.00744719069207223,0.0961765743548569));
#6343=CARTESIAN_POINT('',(-0.0763126246471086,-0.0125,0.0941785773427195));
#6344=CARTESIAN_POINT('',(-0.0766677089682144,-0.0125,0.0887551155558404));
#6345=CARTESIAN_POINT('',(-0.0766693624206712,-0.0125,0.0887298611706629));
#6346=CARTESIAN_POINT('',(-0.0766710158731279,-0.0125,0.0887046067854855));
#6347=CARTESIAN_POINT('',(-0.07644616811974,-0.00744719069207223,0.0961936027323822));
#6348=CARTESIAN_POINT('',(-0.0765735153134166,-0.0125,0.0941953816430269));
#6349=CARTESIAN_POINT('',(-0.0769191928266343,-0.0125,0.0887713116098797));
#6350=CARTESIAN_POINT('',(-0.0769208024762288,-0.0125,0.0887460543923995));
#6351=CARTESIAN_POINT('',(-0.0769224121258233,-0.0125,0.0887207971749193));
#6352=CARTESIAN_POINT('',(-0.0766618261744908,-0.00744719069207223,0.096207078407154));
#6353=CARTESIAN_POINT('',(-0.0767852884649148,-0.0125,0.0942086148835178));
#6354=CARTESIAN_POINT('',(-0.0771204206048358,-0.0125,0.0887838867747805));
#6355=CARTESIAN_POINT('',(-0.0771219811498308,-0.0125,0.088758626492967));
#6356=CARTESIAN_POINT('',(-0.0771235416948257,-0.0125,0.0887333662111536));
#6357=CARTESIAN_POINT('',(-0.076784445675403,-0.00744719069207225,0.0962146775844736));
#6358=CARTESIAN_POINT('',(-0.0769085105593798,-0.0125,0.0942162516652051));
#6359=CARTESIAN_POINT('',(-0.0772452784090114,-0.0125,0.0887916256316266));
#6360=CARTESIAN_POINT('',(-0.0772468465706993,-0.0125,0.0887663658251267));
#6361=CARTESIAN_POINT('',(-0.0772484147323872,-0.0125,0.0887411060186269));
#6362=CARTESIAN_POINT('',(-0.0768586469419445,-0.00744719069207221,0.0962192821762063));
#6363=CARTESIAN_POINT('',(-0.0769828050493551,-0.0125,0.0942208620744734));
#6364=CARTESIAN_POINT('',(-0.0773198259492742,-0.0125,0.0887962518322926));
#6365=CARTESIAN_POINT('',(-0.0773213952892925,-0.0125,0.0887709920993255));
#6366=CARTESIAN_POINT('',(-0.0773229646293107,-0.0125,0.0887457323663584));
#6367=CARTESIAN_POINT('',(-0.0768828394421096,-0.0074471906920722,0.0962207838565621));
#6368=CARTESIAN_POINT('',(-0.0770070098627195,-0.0124999999999999,0.0942223645232251));
#6369=CARTESIAN_POINT('',(-0.077344064186193,-0.0125,0.0887977563668134));
#6370=CARTESIAN_POINT('',(-0.0773456336818483,-0.0125,0.0887724966435587));
#6371=CARTESIAN_POINT('',(-0.0773472031775035,-0.0125,0.0887472369203041));
#6372=CARTESIAN_POINT('',(-0.0133432949789418,-0.0124894372384594,0.058355974729587));
#6373=CARTESIAN_POINT('',(-0.0135569201595765,-0.012479088555518,0.0586968725568116));
#6374=CARTESIAN_POINT('',(-0.0138258445033581,-0.0124362533591839,0.0594626302584589));
#6375=CARTESIAN_POINT('',(-0.0137278696897783,-0.0122052570029742,0.0606604600995757));
#6376=CARTESIAN_POINT('',(-0.0132027172962947,-0.0117746840652332,0.0616728854372391));
#6377=CARTESIAN_POINT('',(-0.0123974478793139,-0.0112048226262035,0.0623828525587399));
#6378=CARTESIAN_POINT('',(-0.011424092424655,-0.0106028186878962,0.0627567929886092));
#6379=CARTESIAN_POINT('',(-0.010300054086797,-0.0100939870309335,0.0627545035745509));
#6380=CARTESIAN_POINT('',(-0.00917005035388301,-0.0100608318037952,0.0622018146662958));
#6381=CARTESIAN_POINT('',(-0.00870431206388334,-0.0103857203890402,0.0615971629547586));
#6382=CARTESIAN_POINT('',(-0.00853992658771796,-0.0105670008794255,0.0612775527288248));
#6383=CARTESIAN_POINT('',(-0.013343445031518,-0.0124894423729151,0.0583558442509168));
#6384=CARTESIAN_POINT('',(-0.00853987332561236,-0.0105670294080706,0.0612774814691423));
#6385=CARTESIAN_POINT('',(-0.00853992658771805,-0.0105670008794256,0.0612775527288247));
#6386=CARTESIAN_POINT('',(-0.00853841860370064,-0.0105657691876695,0.0612783955726231));
#6387=CARTESIAN_POINT('',(-0.00853693553564001,-0.0105645261461322,0.0612792646884999));
#6388=CARTESIAN_POINT('',(-0.00853547792633902,-0.0105632714931299,0.0612801606281736));
#6389=CARTESIAN_POINT('',(-0.00853549318679964,-0.0105632625918639,0.0612801730269627));
#6390=CARTESIAN_POINT('',(-0.00633815999636325,-0.00749999419015545,0.0626372264138123));
#6391=CARTESIAN_POINT('',(-0.00646352507980926,-0.0078099056692744,0.0625594455887881));
#6392=CARTESIAN_POINT('',(-0.00673258365672897,-0.00837531695554918,0.06239251611335));
#6393=CARTESIAN_POINT('',(-0.00727484305349577,-0.00922390079081081,0.0620570797205371));
#6394=CARTESIAN_POINT('',(-0.0077454922250575,-0.00979796844082688,0.0617663876874385));
#6395=CARTESIAN_POINT('',(-0.00820167040475117,-0.0102658274090721,0.0614854336525843));
#6396=CARTESIAN_POINT('',(-0.00842292015083342,-0.0104663887063847,0.0613493377402617));
#6397=CARTESIAN_POINT('',(-0.00853547390202311,-0.0105632680292769,0.0612801492686543));
#6398=CARTESIAN_POINT('',(-0.076416897185598,-0.00750000113970307,0.0961704714166672));
#6399=CARTESIAN_POINT('',(-0.0763663428013251,-0.00786027752213723,0.0960212112197415));
#6400=CARTESIAN_POINT('',(-0.0762740168147283,-0.00840089145924591,0.0957487991566894));
#6401=CARTESIAN_POINT('',(-0.0761217516102777,-0.00908618149799875,0.0952988254572055));
#6402=CARTESIAN_POINT('',(-0.0759844222420027,-0.00960430104039323,0.0948928300398298));
#6403=CARTESIAN_POINT('',(-0.0758591892061358,-0.0100093818478167,0.0945233679268481));
#6404=CARTESIAN_POINT('',(-0.075709927491477,-0.0104306075200232,0.0940827580469661));
#6405=CARTESIAN_POINT('',(-0.0755504723580478,-0.0108185934305214,0.0936108173943713));
#6406=CARTESIAN_POINT('',(-0.0753635573682681,-0.0112018772250105,0.0930575028352431));
#6407=CARTESIAN_POINT('',(-0.0752322891461568,-0.0114292952887186,0.0926693390371697));
#6408=CARTESIAN_POINT('',(-0.0751141848627306,-0.0116133332208073,0.0923196901183179));
#6409=CARTESIAN_POINT('',(-0.0750158295687204,-0.0117514397552966,0.0920286655058994));
#6410=CARTESIAN_POINT('',(-0.074940571622406,-0.0118479866019391,0.0918060389638439));
#6411=CARTESIAN_POINT('',(-0.0748535307307988,-0.0119514008388987,0.0915482835537404));
#6412=CARTESIAN_POINT('',(-0.0747769934123117,-0.0120328581274082,0.0913214707674273));
#6413=CARTESIAN_POINT('',(-0.0747170227153494,-0.0120921214619003,0.0911437534939918));
#6414=CARTESIAN_POINT('',(-0.0746600920390241,-0.0121442646887216,0.0909750443292526));
#6415=CARTESIAN_POINT('',(-0.0746433412752266,-0.01215867244989,0.0909255995840102));
#6416=CARTESIAN_POINT('',(-0.0745916959038662,-0.0122024748177611,0.0907732397066006));
#6417=CARTESIAN_POINT('',(-0.0745101601951985,-0.0122657773297158,0.0905325995260688));
#6418=CARTESIAN_POINT('',(-0.0743980425963224,-0.0123391688072596,0.0902004509411246));
#6419=CARTESIAN_POINT('',(-0.0743023863467949,-0.0123885063763183,0.0899168112571519));
#6420=CARTESIAN_POINT('',(-0.0742469834872736,-0.0124135983830703,0.0897526215007494));
#6421=CARTESIAN_POINT('',(-0.0741931039897615,-0.0124347875834693,0.0895931610305343));
#6422=CARTESIAN_POINT('',(-0.0741760098372077,-0.0124406976979306,0.0895425908944599));
#6423=CARTESIAN_POINT('',(-0.0741408740610451,-0.0124526682105789,0.0894385393453649));
#6424=CARTESIAN_POINT('',(-0.0740863140516856,-0.0124687788759104,0.0892768234561455));
#6425=CARTESIAN_POINT('',(-0.0739769503580625,-0.0124933786912503,0.0889523054202375));
#6426=CARTESIAN_POINT('',(-0.0738913686465862,-0.0125,0.0886982673120114));
#6427=CARTESIAN_POINT('',(-0.0738368868597729,-0.0125,0.0885367378777144));
#6428=CARTESIAN_POINT('',(-0.0307534193953014,-0.0125,0.0686511056911967));
#6429=CARTESIAN_POINT('',(-0.0306960265601809,-0.0124999999699562,0.0686508748368623));
#6430=CARTESIAN_POINT('',(-0.0305908976355386,-0.0124998346522609,0.0686050649109513));
#6431=CARTESIAN_POINT('',(-0.0303722087745668,-0.0124989323393415,0.0685563452087444));
#6432=CARTESIAN_POINT('',(-0.0299973782736004,-0.0124960679615525,0.0684403482393009));
#6433=CARTESIAN_POINT('',(-0.0294683647730457,-0.0124894125744583,0.0682615897842896));
#6434=CARTESIAN_POINT('',(-0.0288477280602772,-0.0124800228837377,0.0680072121967027));
#6435=CARTESIAN_POINT('',(-0.0280342883507135,-0.0124681302340906,0.0676251018991898));
#6436=CARTESIAN_POINT('',(-0.0270595280105314,-0.0124583362222695,0.067075811087349));
#6437=CARTESIAN_POINT('',(-0.0263228239070879,-0.0124595735419261,0.0665674143640567));
#6438=CARTESIAN_POINT('',(-0.0259653563617831,-0.0124623458598633,0.066295410397346));
#6439=CARTESIAN_POINT('',(-0.0259653563617831,-0.0124623458598633,0.066295410397346));
#6440=CARTESIAN_POINT('',(-0.0259653563617831,-0.0124623458598633,0.066295410397346));
#6441=CARTESIAN_POINT('',(-0.0253358233862675,-0.0124672281647969,0.0658163865845145));
#6442=CARTESIAN_POINT('',(-0.0240738519380399,-0.0124767212327576,0.0648622570494161));
#6443=CARTESIAN_POINT('',(-0.0221705914907906,-0.0124889272442745,0.0634449998956295));
#6444=CARTESIAN_POINT('',(-0.0205793671584949,-0.0124961906534348,0.0622708305317544));
#6445=CARTESIAN_POINT('',(-0.0194560923871868,-0.0124990075576158,0.0614617992275022));
#6446=CARTESIAN_POINT('',(-0.0188213297178602,-0.0124998523875943,0.0609896070128414));
#6447=CARTESIAN_POINT('',(-0.0184880281975644,-0.0124999999924885,0.0607755424604868));
#6448=CARTESIAN_POINT('',(-0.0183361246159619,-0.0125,0.0606480802211897));
#6449=CARTESIAN_POINT('',(-0.0133434274062141,-0.0124894388863181,0.0583558146302724));
#6450=CARTESIAN_POINT('',(-0.0134702381412317,-0.0124959613431162,0.0582795901066763));
#6451=CARTESIAN_POINT('',(-0.0136072629624553,-0.0124999999999911,0.05819729563343));
#6452=CARTESIAN_POINT('',(-0.013754360833171,-0.0125,0.0581089312105335));
#6453=CARTESIAN_POINT('',(-0.0653533866954926,-0.0100013320208133,0.0933168734819922));
#6454=CARTESIAN_POINT('',(-0.064369029895372,-0.00953369054757003,0.0935426469365854));
#6455=CARTESIAN_POINT('',(-0.0632737661610692,-0.00956767428288578,0.0933044329691301));
#6456=CARTESIAN_POINT('',(-0.0624852434731299,-0.0100571943060494,0.0927110289389182));
#6457=CARTESIAN_POINT('',(-0.0620027969096194,-0.0106497120033836,0.0919632661686632));
#6458=CARTESIAN_POINT('',(-0.0617997095126979,-0.0112483094794315,0.091089806305307));
#6459=CARTESIAN_POINT('',(-0.0619175917819148,-0.0117651326031158,0.0901610490961299));
#6460=CARTESIAN_POINT('',(-0.0624190434803016,-0.0121448959755103,0.0892664539469452));
#6461=CARTESIAN_POINT('',(-0.0632756592852176,-0.012345627099424,0.088625176624674));
#6462=CARTESIAN_POINT('',(-0.0646942113726294,-0.0124360298149729,0.0883051919309401));
#6463=CARTESIAN_POINT('',(-0.0661119043804479,-0.0124027314135587,0.0889470310901341));
#6464=CARTESIAN_POINT('',(-0.0668038895152067,-0.0121183702841649,0.0901977523639929));
#6465=CARTESIAN_POINT('',(-0.0669013151043262,-0.011724810237722,0.0912076473359817));
#6466=CARTESIAN_POINT('',(-0.0666334187839483,-0.0111910993868675,0.0921116721822567));
#6467=CARTESIAN_POINT('',(-0.0660945663649298,-0.0105875390631142,0.092825973001988));
#6468=CARTESIAN_POINT('',(-0.0653533866954926,-0.0100013320208133,0.0933168734819922));
#6469=CARTESIAN_POINT('',(-0.064369029895372,-0.00953369054757003,0.0935426469365854));
#6470=CARTESIAN_POINT('',(-0.0632737661610692,-0.00956767428288578,0.0933044329691301));
#6471=CARTESIAN_POINT('',(-0.0643505454063416,-0.00961729474899653,0.0934653156995773));
#6472=CARTESIAN_POINT('',(-0.0273875185200562,-0.0125,0.0355509824017121));
#6473=CARTESIAN_POINT('',(-0.027412794945668,-0.0125,0.0355540551136305));
#6474=CARTESIAN_POINT('',(-0.0274380713712797,-0.0125,0.0355571278255489));
#6475=CARTESIAN_POINT('',(-0.0327922536079586,-0.0125,0.0362080054387233));
#6476=CARTESIAN_POINT('',(-0.0348000719467132,-0.00749999999999995,0.0364520845436637));
#6477=CARTESIAN_POINT('',(-0.0273724079747609,-0.0125,0.0356752832110276));
#6478=CARTESIAN_POINT('',(-0.0273976844003997,-0.0125,0.0356783559227215));
#6479=CARTESIAN_POINT('',(-0.0274229608260384,-0.0125,0.0356814286344153));
#6480=CARTESIAN_POINT('',(-0.0327771430684458,-0.0125,0.0363323062000318));
#6481=CARTESIAN_POINT('',(-0.0347849614093493,-0.00749999999999995,0.0365763852871382));
#6482=CARTESIAN_POINT('',(-0.0273420233524826,-0.0125,0.0359252301945674));
#6483=CARTESIAN_POINT('',(-0.027367299780647,-0.0125,0.035928302885294));
#6484=CARTESIAN_POINT('',(-0.0273925762088115,-0.0125,0.0359313755760206));
#6485=CARTESIAN_POINT('',(-0.0327467589862195,-0.0125,0.0365822487002518));
#6486=CARTESIAN_POINT('',(-0.034754577527747,-0.00749999999999995,0.0368263261218384));
#6487=CARTESIAN_POINT('',(-0.0273040016285113,-0.0125,0.0362380000366269));
#6488=CARTESIAN_POINT('',(-0.0273292780469868,-0.0125,0.0362410728077877));
#6489=CARTESIAN_POINT('',(-0.0273545544654623,-0.0125,0.0362441455789485));
#6490=CARTESIAN_POINT('',(-0.0327087351905096,-0.0125,0.036895035741164));
#6491=CARTESIAN_POINT('',(-0.0347165529624024,-0.00749999999999995,0.0371391195519948));
#6492=CARTESIAN_POINT('',(-0.0272734535424334,-0.0125,0.0364892926306524));
#6493=CARTESIAN_POINT('',(-0.0272987299803701,-0.0125,0.0364923652402529));
#6494=CARTESIAN_POINT('',(-0.0273240064183068,-0.0125,0.0364954378498534));
#6495=CARTESIAN_POINT('',(-0.0326781912657308,-0.0125,0.0371462937895286));
#6496=CARTESIAN_POINT('',(-0.0346860105835148,-0.00749999999999995,0.0373903647669068));
#6497=CARTESIAN_POINT('',(-0.027250542130748,-0.0125,0.036677760820581));
#6498=CARTESIAN_POINT('',(-0.027275818509328,-0.0125,0.0366808339229405));
#6499=CARTESIAN_POINT('',(-0.027301094887908,-0.0125,0.0366839070253));
#6500=CARTESIAN_POINT('',(-0.0326552671620831,-0.0125,0.037334867343723));
#6501=CARTESIAN_POINT('',(-0.0346630817648987,-0.00749999999999995,0.0375789774631316));
#6502=CARTESIAN_POINT('',(-0.0272314503914791,-0.0125,0.0368348216380799));
#6503=CARTESIAN_POINT('',(-0.0272567269557516,-0.0125,0.0368378931988845));
#6504=CARTESIAN_POINT('',(-0.0272820035200241,-0.0125,0.0368409647596891));
#6505=CARTESIAN_POINT('',(-0.0326362151285437,-0.0125,0.0374915985380405));
#6506=CARTESIAN_POINT('',(-0.0346440444817385,-0.00749999999999995,0.0377355862049222));
#6507=CARTESIAN_POINT('',(-0.0272180840078744,-0.0125,0.0369447563752772));
#6508=CARTESIAN_POINT('',(-0.0272433602406573,-0.0125,0.0369478306879929));
#6509=CARTESIAN_POINT('',(-0.0272686364734403,-0.0125,0.0369509050007086));
#6510=CARTESIAN_POINT('',(-0.0326227778641432,-0.0125,0.0376021217029958));
#6511=CARTESIAN_POINT('',(-0.0346305808856567,-0.00749999999999995,0.0378463279663535));
#6512=CARTESIAN_POINT('',(-0.0272114037754986,-0.0125,0.036999734448407));
#6513=CARTESIAN_POINT('',(-0.0272366804730197,-0.0125,0.0370028049030281));
#6514=CARTESIAN_POINT('',(-0.0272619571705408,-0.0125,0.0370058753576493));
#6515=CARTESIAN_POINT('',(-0.0326161970044584,-0.0125,0.0376562748185452));
#6516=CARTESIAN_POINT('',(-0.0346240369421775,-0.00749999999999995,0.0379001746163811));
#6517=CARTESIAN_POINT('',(-0.0272075817359979,-0.0125,0.0370311332588639));
#6518=CARTESIAN_POINT('',(-0.0272328576841807,-0.0125,0.0370342099342312));
#6519=CARTESIAN_POINT('',(-0.0272581336323635,-0.0125,0.0370372866095986));
#6520=CARTESIAN_POINT('',(-0.032612214737601,-0.0125,0.0376890037808887));
#6521=CARTESIAN_POINT('',(-0.034619995152065,-0.00749999999999995,0.0379333977201225));
#6522=CARTESIAN_POINT('',(-0.0272037720655863,-0.0125,0.0370626557476828));
#6523=CARTESIAN_POINT('',(-0.0272290546521945,-0.0125,0.0370656775649506));
#6524=CARTESIAN_POINT('',(-0.0272543372388027,-0.0125,0.0370686993822184));
#6525=CARTESIAN_POINT('',(-0.0326098245293879,-0.0125,0.0377087962292293));
#6526=CARTESIAN_POINT('',(-0.0346181322633573,-0.00749999999999995,0.0379488325468583));
#6527=CARTESIAN_POINT('',(-0.027199095182297,-0.0125,0.0371020217082436));
#6528=CARTESIAN_POINT('',(-0.0272243834268298,-0.0125,0.0371049957668469));
#6529=CARTESIAN_POINT('',(-0.0272496716713625,-0.0125,0.0371079698254501));
#6530=CARTESIAN_POINT('',(-0.0326063574525665,-0.0125,0.0377379501869492));
#6531=CARTESIAN_POINT('',(-0.034615114620518,-0.00749999999999995,0.0379741928225114));
#6532=CARTESIAN_POINT('',(-0.027191768421155,-0.0125,0.037165039852845));
#6533=CARTESIAN_POINT('',(-0.0272170669409083,-0.0125,0.037167925638927));
#6534=CARTESIAN_POINT('',(-0.0272423654606615,-0.0125,0.037170811425009));
#6535=CARTESIAN_POINT('',(-0.0326012277918248,-0.0125,0.0377820934478843));
#6536=CARTESIAN_POINT('',(-0.034610801166011,-0.00749999999999995,0.0380113242064625));
#6537=CARTESIAN_POINT('',(-0.0271829152525955,-0.0125,0.0372438221913206));
#6538=CARTESIAN_POINT('',(-0.0272082257492421,-0.0125,0.0372466013104482));
#6539=CARTESIAN_POINT('',(-0.0272335362458887,-0.0125,0.0372493804295758));
#6540=CARTESIAN_POINT('',(-0.0325949355840937,-0.0125,0.0378380677105727));
#6541=CARTESIAN_POINT('',(-0.0346054603359206,-0.00749999999999995,0.0380588254409465));
#6542=CARTESIAN_POINT('',(-0.0271727776333605,-0.0125,0.0373383926775245));
#6543=CARTESIAN_POINT('',(-0.0271981020975842,-0.0125,0.0373410415518692));
#6544=CARTESIAN_POINT('',(-0.0272234265618079,-0.0125,0.0373436904262138));
#6545=CARTESIAN_POINT('',(-0.0325877845838937,-0.0125,0.0379047885886309));
#6546=CARTESIAN_POINT('',(-0.0345994188421758,-0.00749999999999995,0.0381152003995373));
#6547=CARTESIAN_POINT('',(-0.0271599123308104,-0.0125,0.0374645232574248));
#6548=CARTESIAN_POINT('',(-0.0271852545170545,-0.0125,0.0374669983719139));
#6549=CARTESIAN_POINT('',(-0.0272105967032986,-0.0125,0.037469473486403));
#6550=CARTESIAN_POINT('',(-0.0325787086947291,-0.0125,0.0379937649441734));
#6551=CARTESIAN_POINT('',(-0.0345917506915155,-0.00749999999999995,0.0381903742408374));
#6552=CARTESIAN_POINT('',(-0.0271450553938216,-0.0125,0.0376222579261783));
#6553=CARTESIAN_POINT('',(-0.0271704181853774,-0.0125,0.0376245143365709));
#6554=CARTESIAN_POINT('',(-0.0271957809769331,-0.0125,0.0376267707469636));
#6555=CARTESIAN_POINT('',(-0.0325682576912586,-0.0125,0.0381047351802518));
#6556=CARTESIAN_POINT('',(-0.0345829364591306,-0.00749999999999995,0.0382839718427348));
#6557=CARTESIAN_POINT('',(-0.0271133422696528,-0.0125,0.0380010492836787));
#6558=CARTESIAN_POINT('',(-0.0271387493415834,-0.0125,0.0380027768977417));
#6559=CARTESIAN_POINT('',(-0.0271641564135141,-0.0125,0.0380045045118047));
#6560=CARTESIAN_POINT('',(-0.0325460128241829,-0.0125,0.0383704565918178));
#6561=CARTESIAN_POINT('',(-0.0345642089781836,-0.00749999999999995,0.0385076886218228));
#6562=CARTESIAN_POINT('',(-0.0270806502003227,-0.0125,0.0385700976559667));
#6563=CARTESIAN_POINT('',(-0.0271061039314495,-0.0125,0.0385710170010907));
#6564=CARTESIAN_POINT('',(-0.0271315576625763,-0.0125,0.0385719363462148));
#6565=CARTESIAN_POINT('',(-0.0325232976637116,-0.0125,0.0387666767501065));
#6566=CARTESIAN_POINT('',(-0.0345452001641373,-0.00749999999999995,0.0388397044015659));
#6567=CARTESIAN_POINT('',(-0.0270696369156496,-0.0125,0.0393307060973054));
#6568=CARTESIAN_POINT('',(-0.027095106945439,-0.0125,0.0393305185661419));
#6569=CARTESIAN_POINT('',(-0.0271205769752285,-0.0125,0.0393303310349783));
#6570=CARTESIAN_POINT('',(-0.032515769442759,-0.0125,0.0392906072211674));
#6571=CARTESIAN_POINT('',(-0.0345389666180829,-0.00749999999999995,0.0392757107909883));
#6572=CARTESIAN_POINT('',(-0.0270921303818982,-0.0125,0.0400932434312878));
#6573=CARTESIAN_POINT('',(-0.0271175672311638,-0.0125,0.040091922844671));
#6574=CARTESIAN_POINT('',(-0.0271430040804294,-0.0125,0.0400906022580541));
#6575=CARTESIAN_POINT('',(-0.0325311680790488,-0.0125,0.0398108688212671));
#6576=CARTESIAN_POINT('',(-0.034551729578531,-0.00749999999999995,0.0397059687824719));
#6577=CARTESIAN_POINT('',(-0.0271491692962718,-0.0125,0.0408577379088153));
#6578=CARTESIAN_POINT('',(-0.0271745201117046,-0.0125,0.0408552614379293));
#6579=CARTESIAN_POINT('',(-0.0271998709271375,-0.0125,0.0408527849670433));
#6580=CARTESIAN_POINT('',(-0.032569810797629,-0.0125,0.0403282061903155));
#6581=CARTESIAN_POINT('',(-0.0345835382490632,-0.00749999999999995,0.0401314891490426));
#6582=CARTESIAN_POINT('',(-0.0272419532739391,-0.0125,0.0416243326246741));
#6583=CARTESIAN_POINT('',(-0.0272671620078126,-0.0125,0.0416206808630135));
#6584=CARTESIAN_POINT('',(-0.0272923707416861,-0.0125,0.0416170291013529));
#6585=CARTESIAN_POINT('',(-0.0326322141668603,-0.0125,0.040843494199065));
#6586=CARTESIAN_POINT('',(-0.0346346554513006,-0.00749999999999995,0.040553418610707));
#6587=CARTESIAN_POINT('',(-0.027371770138485,-0.0125,0.0423927825772063));
#6588=CARTESIAN_POINT('',(-0.0273967778949502,-0.0125,0.0423879403944929));
#6589=CARTESIAN_POINT('',(-0.0274217856514153,-0.0125,0.0423830982117795));
#6590=CARTESIAN_POINT('',(-0.0327190570101755,-0.0125,0.0413574022107284));
#6591=CARTESIAN_POINT('',(-0.0347055337697106,-0.00749999999999995,0.0409727662103343));
#6592=CARTESIAN_POINT('',(-0.027540395261088,-0.0125,0.0431643325021103));
#6593=CARTESIAN_POINT('',(-0.0275651400965122,-0.0125,0.0431582869624944));
#6594=CARTESIAN_POINT('',(-0.0275898849319365,-0.0125,0.0431522414228785));
#6595=CARTESIAN_POINT('',(-0.0328314630060402,-0.0125,0.0418716441849725));
#6596=CARTESIAN_POINT('',(-0.034797054783829,-0.00749999999999995,0.0413914202207578));
#6597=CARTESIAN_POINT('',(-0.0277487661302411,-0.0125,0.0439347208737156));
#6598=CARTESIAN_POINT('',(-0.0277731849982235,-0.0125,0.0439274701239724));
#6599=CARTESIAN_POINT('',(-0.027797603866206,-0.0125,0.0439202193742292));
#6600=CARTESIAN_POINT('',(-0.0329701338433398,-0.0125,0.0423843283398699));
#6601=CARTESIAN_POINT('',(-0.034909832584765,-0.00749999999999995,0.0418083692019852));
#6602=CARTESIAN_POINT('',(-0.0280728792103919,-0.0125,0.0449360746218271));
#6603=CARTESIAN_POINT('',(-0.0280967914180814,-0.0125,0.0449272586189575));
#6604=CARTESIAN_POINT('',(-0.0281207036257709,-0.0125,0.044918442616088));
#6605=CARTESIAN_POINT('',(-0.033185910218571,-0.0125,0.0430509916288468));
#6606=CARTESIAN_POINT('',(-0.035085362690871,-0.00749999999999995,0.0423506975086314));
#6607=CARTESIAN_POINT('',(-0.0285652470718625,-0.0125,0.0461499210468824));
#6608=CARTESIAN_POINT('',(-0.0285883942576079,-0.0125,0.0461392210651307));
#6609=CARTESIAN_POINT('',(-0.0286115414433534,-0.0125,0.0461285210833789));
#6610=CARTESIAN_POINT('',(-0.0335146971605132,-0.0125,0.043861996017367));
#6611=CARTESIAN_POINT('',(-0.0353533805544482,-0.00749999999999995,0.0430120491176126));
#6612=CARTESIAN_POINT('',(-0.0291701821719241,-0.0125,0.0473123017062113));
#6613=CARTESIAN_POINT('',(-0.0291924115934176,-0.0125,0.0472998415522578));
#6614=CARTESIAN_POINT('',(-0.0292146410149112,-0.0125,0.0472873813983043));
#6615=CARTESIAN_POINT('',(-0.0339233911966356,-0.0125,0.0446480076201837));
#6616=CARTESIAN_POINT('',(-0.0356891725147822,-0.00749999999999995,0.0436582424533885));
#6617=CARTESIAN_POINT('',(-0.0297203391286724,-0.0125,0.0482119053514793));
#6618=CARTESIAN_POINT('',(-0.0297417592595281,-0.0125,0.048198122669038));
#6619=CARTESIAN_POINT('',(-0.0297631793903837,-0.0125,0.0481843399865967));
#6620=CARTESIAN_POINT('',(-0.0343005014744652,-0.0125,0.0452648214346184));
#6621=CARTESIAN_POINT('',(-0.0360019972559958,-0.00749999999999995,0.0441700019776266));
#6622=CARTESIAN_POINT('',(-0.0303154464561321,-0.0125,0.0490924539561927));
#6623=CARTESIAN_POINT('',(-0.0303360120443379,-0.0125,0.0490774076165492));
#6624=CARTESIAN_POINT('',(-0.0303565776325436,-0.0125,0.0490623612769056));
#6625=CARTESIAN_POINT('',(-0.0347128861054842,-0.0125,0.0458751683690092));
#6626=CARTESIAN_POINT('',(-0.0363465017828368,-0.00749999999999995,0.0446799710285481));
#6627=CARTESIAN_POINT('',(-0.0311233999345318,-0.0125,0.0501318019809608));
#6628=CARTESIAN_POINT('',(-0.0311428522158783,-0.0125,0.0501153274934364));
#6629=CARTESIAN_POINT('',(-0.0311623044972247,-0.0125,0.050098853005912));
#6630=CARTESIAN_POINT('',(-0.0352827865957549,-0.0125,0.0466091424821017));
#6631=CARTESIAN_POINT('',(-0.0368279673827037,-0.00749999999999995,0.0453005010356728));
#6632=CARTESIAN_POINT('',(-0.0321884223195841,-0.0125,0.0512916649709215));
#6633=CARTESIAN_POINT('',(-0.0322065078578537,-0.0125,0.0512737066408259));
#6634=CARTESIAN_POINT('',(-0.0322245933961233,-0.0125,0.0512557483107303));
#6635=CARTESIAN_POINT('',(-0.0360555649595588,-0.0125,0.0474517226357623));
#6636=CARTESIAN_POINT('',(-0.0374921792958471,-0.00749999999999995,0.0460252130076492));
#6637=CARTESIAN_POINT('',(-0.0333412566988986,-0.0125,0.0523702218850334));
#6638=CARTESIAN_POINT('',(-0.0333579843548747,-0.0125,0.0523509975168086));
#6639=CARTESIAN_POINT('',(-0.0333747120108507,-0.0125,0.0523317731485838));
#6640=CARTESIAN_POINT('',(-0.0369180499758,-0.0125,0.0482595687775345));
#6641=CARTESIAN_POINT('',(-0.038246801712656,-0.00749999999999995,0.046732492138391));
#6642=CARTESIAN_POINT('',(-0.0345754620813354,-0.0125,0.0533728225062206));
#6643=CARTESIAN_POINT('',(-0.0345908749202057,-0.0125,0.0533525338542125));
#6644=CARTESIAN_POINT('',(-0.0346062877590761,-0.0125,0.0533322452022045));
#6645=CARTESIAN_POINT('',(-0.0378711144147167,-0.0125,0.0490345987763881));
#6646=CARTESIAN_POINT('',(-0.0390954244105819,-0.00749999999999995,0.0474229813667071));
#6647=CARTESIAN_POINT('',(-0.0358551448198545,-0.0125,0.0542855118923703));
#6648=CARTESIAN_POINT('',(-0.0358693387032467,-0.0125,0.0542643570373385));
#6649=CARTESIAN_POINT('',(-0.0358835325866389,-0.0125,0.0542432021823067));
#6650=CARTESIAN_POINT('',(-0.0388901538350479,-0.0125,0.049762072185099));
#6651=CARTESIAN_POINT('',(-0.0400176368032013,-0.00749999999999995,0.0480816484361461));
#6652=CARTESIAN_POINT('',(-0.037178927548676,-0.0125,0.0551237245759535));
#6653=CARTESIAN_POINT('',(-0.0371920029590339,-0.0125,0.0551018639597162));
#6654=CARTESIAN_POINT('',(-0.0372050783693918,-0.0125,0.0550800033434789));
#6655=CARTESIAN_POINT('',(-0.0399747789176758,-0.0125,0.0504493753844987));
#6656=CARTESIAN_POINT('',(-0.0410134166232824,-0.00749999999999995,0.0487128898998812));
#6657=CARTESIAN_POINT('',(-0.0389940467940425,-0.0125,0.0561525935746423));
#6658=CARTESIAN_POINT('',(-0.0390057717527395,-0.0125,0.0561299703207009));
#6659=CARTESIAN_POINT('',(-0.0390174967114365,-0.0125,0.0561073470667596));
#6660=CARTESIAN_POINT('',(-0.0415011376559948,-0.0125,0.0513151732741036));
#6661=CARTESIAN_POINT('',(-0.0424325030102041,-0.00749999999999995,0.0495181081018576));
#6662=CARTESIAN_POINT('',(-0.0413458804802965,-0.0125,0.0572937546725212));
#6663=CARTESIAN_POINT('',(-0.0413561781043402,-0.0125,0.0572704481469458));
#6664=CARTESIAN_POINT('',(-0.0413664757283839,-0.0125,0.0572471416213703));
#6665=CARTESIAN_POINT('',(-0.0435477713190495,-0.0125,0.0523102337234011));
#6666=CARTESIAN_POINT('',(-0.0443657571655492,-0.00749999999999995,0.0504588932616627));
#6667=CARTESIAN_POINT('',(-0.0442700699629527,-0.0125,0.0584834051503031));
#6668=CARTESIAN_POINT('',(-0.0442790290614741,-0.0125,0.0584595601763936));
#6669=CARTESIAN_POINT('',(-0.0442879881599954,-0.0125,0.0584357152024841));
#6670=CARTESIAN_POINT('',(-0.0461857504028229,-0.0125,0.0533847504141227));
#6671=CARTESIAN_POINT('',(-0.0468974112438831,-0.00749999999999995,0.0514906386184872));
#6672=CARTESIAN_POINT('',(-0.0472285644083898,-0.0125,0.0595206947873937));
#6673=CARTESIAN_POINT('',(-0.0472365099324758,-0.0125,0.0594964979831313));
#6674=CARTESIAN_POINT('',(-0.0472444554565617,-0.0125,0.059472301178869));
#6675=CARTESIAN_POINT('',(-0.0489275171590206,-0.0125,0.054346809878953));
#6676=CARTESIAN_POINT('',(-0.0495586652974427,-0.00749999999999995,0.0524247506414846));
#6677=CARTESIAN_POINT('',(-0.0502192109694151,-0.0125,0.0604487445801322));
#6678=CARTESIAN_POINT('',(-0.0502263977389254,-0.0125,0.0604243142906235));
#6679=CARTESIAN_POINT('',(-0.0502335845084356,-0.0125,0.0603998840011148));
#6680=CARTESIAN_POINT('',(-0.0517559229213887,-0.0125,0.0552249346576577));
#6681=CARTESIAN_POINT('',(-0.0523267998262461,-0.00749999999999995,0.0532843286538613));
#6682=CARTESIAN_POINT('',(-0.0532314814506078,-0.0125,0.0612961395996774));
#6683=CARTESIAN_POINT('',(-0.0532381180909592,-0.0125,0.0612715557198194));
#6684=CARTESIAN_POINT('',(-0.0532447547313106,-0.0125,0.0612469718399614));
#6685=CARTESIAN_POINT('',(-0.0546505619615914,-0.0125,0.056039488200212));
#6686=CARTESIAN_POINT('',(-0.0551777396729467,-0.00749999999999995,0.0540866818353061));
#6687=CARTESIAN_POINT('',(-0.0562593559391551,-0.0125,0.0620871089765496));
#6688=CARTESIAN_POINT('',(-0.0562656179234765,-0.0125,0.062062427887362));
#6689=CARTESIAN_POINT('',(-0.0562718799077979,-0.0125,0.0620377467981744));
#6690=CARTESIAN_POINT('',(-0.0575983255744104,-0.0125,0.0568096717791806));
#6691=CARTESIAN_POINT('',(-0.0580957426993902,-0.00749999999999995,0.054849143647058));
#6692=CARTESIAN_POINT('',(-0.0592970244054397,-0.0125,0.0628418542818717));
#6693=CARTESIAN_POINT('',(-0.0593030668428412,-0.0125,0.0628171189933098));
#6694=CARTESIAN_POINT('',(-0.0593091092802427,-0.0125,0.0627923837047478));
#6695=CARTESIAN_POINT('',(-0.0605890493911732,-0.0125,0.0575528278960279));
#6696=CARTESIAN_POINT('',(-0.0610690269327722,-0.00749999999999995,0.055587994467758));
#6697=CARTESIAN_POINT('',(-0.0623394242893131,-0.0125,0.0635786717871631));
#6698=CARTESIAN_POINT('',(-0.0623453924096255,-0.0125,0.063553918616126));
#6699=CARTESIAN_POINT('',(-0.062351360529938,-0.0125,0.0635291654450889));
#6700=CARTESIAN_POINT('',(-0.0636155584135418,-0.0125,0.0582858216786813));
#6701=CARTESIAN_POINT('',(-0.0640896326198932,-0.00749999999999995,0.0563195677662785));
#6702=CARTESIAN_POINT('',(-0.0653816028845798,-0.0125,0.0643151687056726));
#6703=CARTESIAN_POINT('',(-0.065387642227503,-0.0125,0.0642904326587606));
#6704=CARTESIAN_POINT('',(-0.0653936815704262,-0.0125,0.0642656966118486));
#6705=CARTESIAN_POINT('',(-0.0666729661930716,-0.0125,0.0590259801655289));
#6706=CARTESIAN_POINT('',(-0.0671526979265636,-0.00749999999999995,0.057061086498159));
#6707=CARTESIAN_POINT('',(-0.0684183769422232,-0.0125,0.0650696910737357));
#6708=CARTESIAN_POINT('',(-0.0684246449904901,-0.0125,0.0650450114691313));
#6709=CARTESIAN_POINT('',(-0.0684309130387571,-0.0125,0.0650203318645268));
#6710=CARTESIAN_POINT('',(-0.0697586432014437,-0.0125,0.0597925713175508));
#6711=CARTESIAN_POINT('',(-0.0702565420124511,-0.00749999999999995,0.0578321611124348));
#6712=CARTESIAN_POINT('',(-0.0709396766786102,-0.0125,0.0657306683406407));
#6713=CARTESIAN_POINT('',(-0.0709462889911135,-0.0125,0.0657060781523744));
#6714=CARTESIAN_POINT('',(-0.0709529013036167,-0.0125,0.0656814879641082));
#6715=CARTESIAN_POINT('',(-0.0723535552842134,-0.0125,0.0604726680449363));
#6716=CARTESIAN_POINT('',(-0.0728788005269372,-0.00749999999999995,0.0585193605752469));
#6717=CARTESIAN_POINT('',(-0.0729473389165865,-0.0125,0.0662917194894927));
#6718=CARTESIAN_POINT('',(-0.0729543457348221,-0.0125,0.0662672392368166));
#6719=CARTESIAN_POINT('',(-0.0729613525530577,-0.0125,0.0662427589841405));
#6720=CARTESIAN_POINT('',(-0.0744455727631865,-0.0125,0.0610572261860625));
#6721=CARTESIAN_POINT('',(-0.0750021553419848,-0.00749999999999995,0.0591126513867833));
#6722=CARTESIAN_POINT('',(-0.074447386208871,-0.0125,0.0667328422690651));
#6723=CARTESIAN_POINT('',(-0.0744547596573862,-0.0125,0.0667084695199719));
#6724=CARTESIAN_POINT('',(-0.0744621331059014,-0.0125,0.0666840967708786));
#6725=CARTESIAN_POINT('',(-0.0760240148240491,-0.0125,0.0615213359336172));
#6726=CARTESIAN_POINT('',(-0.0766097204683546,-0.00749999999999995,0.0595853006196442));
#6727=CARTESIAN_POINT('',(-0.0759384363840775,-0.0125,0.0671985459847906));
#6728=CARTESIAN_POINT('',(-0.0759462613685208,-0.0125,0.0671743137643794));
#6729=CARTESIAN_POINT('',(-0.0759540863529641,-0.0125,0.0671500815439681));
#6730=CARTESIAN_POINT('',(-0.0776116147294929,-0.0125,0.0620170882135692));
#6731=CARTESIAN_POINT('',(-0.0782331878706912,-0.00749999999999995,0.0600922157146698));
#6732=CARTESIAN_POINT('',(-0.0774185253358849,-0.0125,0.0676947364744675));
#6733=CARTESIAN_POINT('',(-0.0774269077871828,-0.0125,0.0676706903802231));
#6734=CARTESIAN_POINT('',(-0.0774352902384807,-0.0125,0.0676466442859788));
#6735=CARTESIAN_POINT('',(-0.0792109041060613,-0.0125,0.0625530771557916));
#6736=CARTESIAN_POINT('',(-0.0798767593064041,-0.00749999999999995,0.0606429894819715));
#6737=CARTESIAN_POINT('',(-0.0786404797866661,-0.0125,0.0681398628919089));
#6738=CARTESIAN_POINT('',(-0.0786494406276244,-0.0125,0.0681160262991249));
#6739=CARTESIAN_POINT('',(-0.0786584014685827,-0.0125,0.0680921897063409));
#6740=CARTESIAN_POINT('',(-0.0805565328033575,-0.0125,0.063043000251011));
#6741=CARTESIAN_POINT('',(-0.0812683320538982,-0.00749999999999995,0.0611495542052623));
#6742=CARTESIAN_POINT('',(-0.0796093268111783,-0.0125,0.0685201500614202));
#6743=CARTESIAN_POINT('',(-0.0796188435869656,-0.0125,0.0684965312916598));
#6744=CARTESIAN_POINT('',(-0.0796283603627528,-0.0125,0.0684729125218994));
#6745=CARTESIAN_POINT('',(-0.0816442526670392,-0.0125,0.0634698634576855));
#6746=CARTESIAN_POINT('',(-0.0824002122811466,-0.00749999999999995,0.0615937200586054));
#6747=CARTESIAN_POINT('',(-0.0803308633122589,-0.0125,0.0688191415327667));
#6748=CARTESIAN_POINT('',(-0.0803408529411155,-0.0125,0.0687957183301538));
#6749=CARTESIAN_POINT('',(-0.0803508425699722,-0.0125,0.068772295127541));
#6750=CARTESIAN_POINT('',(-0.082466897038944,-0.0125,0.0638106721005249));
#6751=CARTESIAN_POINT('',(-0.0832604174648084,-0.00749999999999995,0.0619500634653939));
#6752=CARTESIAN_POINT('',(-0.0810469673085109,-0.0125,0.0691341738705255));
#6753=CARTESIAN_POINT('',(-0.0810574980681559,-0.0125,0.0691109881665325));
#6754=CARTESIAN_POINT('',(-0.0810680288278009,-0.0125,0.0690878024625395));
#6755=CARTESIAN_POINT('',(-0.0832987083984037,-0.0125,0.0641764876124465));
#6756=CARTESIAN_POINT('',(-0.0841352132373798,-0.00749999999999995,0.0623347445436616));
#6757=CARTESIAN_POINT('',(-0.0817535193714798,-0.0125,0.069466384330813));
#6758=CARTESIAN_POINT('',(-0.0817646734877428,-0.0125,0.0694434909121456));
#6759=CARTESIAN_POINT('',(-0.0817758276040058,-0.0125,0.0694205974934782));
#6760=CARTESIAN_POINT('',(-0.0841385497736094,-0.0125,0.0645711960215772));
#6761=CARTESIAN_POINT('',(-0.0850245705872107,-0.00749999999999995,0.0627526704696143));
#6762=CARTESIAN_POINT('',(-0.0823331245821564,-0.0125,0.0697599970220974));
#6763=CARTESIAN_POINT('',(-0.0823448850074255,-0.0125,0.0697374095950484));
#6764=CARTESIAN_POINT('',(-0.0823566454326945,-0.0125,0.0697148221679993));
#6765=CARTESIAN_POINT('',(-0.0848477990886166,-0.0125,0.0649302374115927));
#6766=CARTESIAN_POINT('',(-0.0857819817095873,-0.00749999999999995,0.0631360181279402));
#6767=CARTESIAN_POINT('',(-0.0827901700143888,-0.0125,0.0700069181646969));
#6768=CARTESIAN_POINT('',(-0.0828024844921019,-0.0125,0.0699846297126054));
#6769=CARTESIAN_POINT('',(-0.082814798969815,-0.0125,0.069962341260514));
#6770=CARTESIAN_POINT('',(-0.0854233148588183,-0.0125,0.0652410869145001));
#6771=CARTESIAN_POINT('',(-0.0864015083171945,-0.00749999999999995,0.063470616534745));
#6772=CARTESIAN_POINT('',(-0.0831292648774771,-0.0125,0.0701987662929255));
#6773=CARTESIAN_POINT('',(-0.0831420354993586,-0.0125,0.0701767355818506));
#6774=CARTESIAN_POINT('',(-0.0831548061212402,-0.0125,0.0701547048707756));
#6775=CARTESIAN_POINT('',(-0.0858599448097556,-0.0125,0.0654880465500519));
#6776=CARTESIAN_POINT('',(-0.0868743718179489,-0.00749999999999995,0.0637380496797806));
#6777=CARTESIAN_POINT('',(-0.0834642742713076,-0.0125,0.0703980506380162));
#6778=CARTESIAN_POINT('',(-0.0834775493228223,-0.0125,0.0703763195307082));
#6779=CARTESIAN_POINT('',(-0.083490824374337,-0.0125,0.0703545884234002));
#6780=CARTESIAN_POINT('',(-0.0863028139373656,-0.0125,0.0657513937106989));
#6781=CARTESIAN_POINT('',(-0.0873573100235013,-0.00749999999999995,0.0640251956934359));
#6782=CARTESIAN_POINT('',(-0.0837945372852131,-0.0125,0.0706056229544752));
#6783=CARTESIAN_POINT('',(-0.0838083750227695,-0.0125,0.0705842448388762));
#6784=CARTESIAN_POINT('',(-0.0838222127603258,-0.0125,0.0705628667232772));
#6785=CARTESIAN_POINT('',(-0.0867533933694113,-0.0125,0.0660344445265586));
#6786=CARTESIAN_POINT('',(-0.0878525860978184,-0.00749999999999995,0.0643362862027893));
#6787=CARTESIAN_POINT('',(-0.0841198346228496,-0.0125,0.0708230074354265));
#6788=CARTESIAN_POINT('',(-0.0841343084837255,-0.0125,0.0708020534004658));
#6789=CARTESIAN_POINT('',(-0.0841487823446015,-0.0125,0.0707810993655051));
#6790=CARTESIAN_POINT('',(-0.0872147098609644,-0.0125,0.0663425081067212));
#6791=CARTESIAN_POINT('',(-0.0883644326796004,-0.00749999999999995,0.0646780363846773));
#6792=CARTESIAN_POINT('',(-0.0844368996225292,-0.0125,0.0710501040394649));
#6793=CARTESIAN_POINT('',(-0.0844520984055588,-0.0125,0.0710296676989994));
#6794=CARTESIAN_POINT('',(-0.0844672971885885,-0.0125,0.0710092313585339));
#6795=CARTESIAN_POINT('',(-0.087686781437137,-0.0125,0.0666803008054573));
#6796=CARTESIAN_POINT('',(-0.0888940880303426,-0.00749999999999995,0.0650569518480536));
#6797=CARTESIAN_POINT('',(-0.0846928903866509,-0.0125,0.0712486405017173));
#6798=CARTESIAN_POINT('',(-0.0847087897997458,-0.0125,0.0712287451164952));
#6799=CARTESIAN_POINT('',(-0.0847246892128406,-0.0125,0.0712088497312731));
#6800=CARTESIAN_POINT('',(-0.0880925845186758,-0.0125,0.066994507094997));
#6801=CARTESIAN_POINT('',(-0.0893555452583639,-0.00749999999999995,0.0654141286063935));
#6802=CARTESIAN_POINT('',(-0.0848916974159974,-0.0125,0.0714142233238645));
#6803=CARTESIAN_POINT('',(-0.0849082388630999,-0.0125,0.0713948618512178));
#6804=CARTESIAN_POINT('',(-0.0849247803102024,-0.0125,0.0713755003785711));
#6805=CARTESIAN_POINT('',(-0.0884286745556008,-0.0125,0.0672742538450102));
#6806=CARTESIAN_POINT('',(-0.0897426348976251,-0.00749999999999995,0.0657362863949249));
#6807=CARTESIAN_POINT('',(-0.0850374170756118,-0.0125,0.0715421850801348));
#6808=CARTESIAN_POINT('',(-0.0850544902082092,-0.0125,0.071523289678593));
#6809=CARTESIAN_POINT('',(-0.0850715633408066,-0.0125,0.0715043942770513));
#6810=CARTESIAN_POINT('',(-0.0886880819372987,-0.0125,0.0675018733176458));
#6811=CARTESIAN_POINT('',(-0.0900442764109832,-0.00749999999999995,0.0660009279578688));
#6812=CARTESIAN_POINT('',(-0.0851792881649231,-0.0125,0.0716744382019076));
#6813=CARTESIAN_POINT('',(-0.0851969559191342,-0.0125,0.0716560957652905));
#6814=CARTESIAN_POINT('',(-0.0852146236733452,-0.0125,0.0716377533286735));
#6815=CARTESIAN_POINT('',(-0.0889570980726915,-0.0125,0.067752364238422));
#6816=CARTESIAN_POINT('',(-0.0903605259724463,-0.00749999999999995,0.0662953433295776));
#6817=CARTESIAN_POINT('',(-0.0853165932107505,-0.0125,0.071811590597302));
#6818=CARTESIAN_POINT('',(-0.0853349375308707,-0.0125,0.0717939219032313));
#6819=CARTESIAN_POINT('',(-0.085353281850991,-0.0125,0.0717762532091606));
#6820=CARTESIAN_POINT('',(-0.0892390699145616,-0.0125,0.0680335797239254));
#6821=CARTESIAN_POINT('',(-0.0906962404384005,-0.00749999999999995,0.0666300771669622));
#6822=CARTESIAN_POINT('',(-0.0854266054708059,-0.0125,0.071930941404086));
#6823=CARTESIAN_POINT('',(-0.0854456083556891,-0.0125,0.0719139833174158));
#6824=CARTESIAN_POINT('',(-0.0854646112405723,-0.0125,0.0718970252307455));
#6825=CARTESIAN_POINT('',(-0.0894898998731625,-0.0125,0.0683048762531658));
#6826=CARTESIAN_POINT('',(-0.0909993831103838,-0.00749999999999995,0.0669578203865734));
#6827=CARTESIAN_POINT('',(-0.085510808392852,-0.0125,0.0720297319241483));
#6828=CARTESIAN_POINT('',(-0.0855304213820372,-0.0125,0.0720134882031598));
#6829=CARTESIAN_POINT('',(-0.0855500343712223,-0.0125,0.0719972444821714));
#6830=CARTESIAN_POINT('',(-0.0897045584291922,-0.0125,0.0685564161107148));
#6831=CARTESIAN_POINT('',(-0.0912625049509308,-0.00749999999999995,0.0672661054714186));
#6832=CARTESIAN_POINT('',(-0.0855714356868432,-0.0125,0.0721052992245445));
#6833=CARTESIAN_POINT('',(-0.0855915572621785,-0.0125,0.0720896877525449));
#6834=CARTESIAN_POINT('',(-0.0856116788375138,-0.0125,0.0720740762805452));
#6835=CARTESIAN_POINT('',(-0.0898739342247781,-0.0125,0.0687671741357204));
#6836=CARTESIAN_POINT('',(-0.0914722799950022,-0.00749999999999995,0.0675270858314111));
#6837=CARTESIAN_POINT('',(-0.0856291968588982,-0.0125,0.072182634024113));
#6838=CARTESIAN_POINT('',(-0.0856498951965076,-0.0125,0.0721677921087601));
#6839=CARTESIAN_POINT('',(-0.085670593534117,-0.0125,0.0721529501934073));
#6840=CARTESIAN_POINT('',(-0.0900550216672477,-0.0125,0.0690090594882381));
#6841=CARTESIAN_POINT('',(-0.0916991822171716,-0.00749999999999995,0.0678301004737996));
#6842=CARTESIAN_POINT('',(-0.0856744195318454,-0.0125,0.0722487776690275));
#6843=CARTESIAN_POINT('',(-0.0856956778587895,-0.0125,0.0722347493364784));
#6844=CARTESIAN_POINT('',(-0.0857169361857337,-0.0125,0.0722207210039293));
#6845=CARTESIAN_POINT('',(-0.0902199841346117,-0.0125,0.0692491675850034));
#6846=CARTESIAN_POINT('',(-0.0919086271154409,-0.00749999999999995,0.0681348350529061));
#6847=CARTESIAN_POINT('',(-0.0857083091295631,-0.0125,0.0723028757263665));
#6848=CARTESIAN_POINT('',(-0.0857300889866246,-0.0125,0.0722896777018721));
#6849=CARTESIAN_POINT('',(-0.085751868843686,-0.0125,0.0722764796773777));
#6850=CARTESIAN_POINT('',(-0.090365389979429,-0.0125,0.069480806373225));
#6851=CARTESIAN_POINT('',(-0.0920954604053326,-0.00749999999999995,0.0684324288841677));
#6852=CARTESIAN_POINT('',(-0.0857324158512079,-0.0125,0.0723441946016763));
#6853=CARTESIAN_POINT('',(-0.0857546362087007,-0.0125,0.0723317487836332));
#6854=CARTESIAN_POINT('',(-0.0857768565661934,-0.0125,0.0723193029655902));
#6855=CARTESIAN_POINT('',(-0.0904836867647333,-0.0125,0.0696829658936246));
#6856=CARTESIAN_POINT('',(-0.0922487480891858,-0.00749999999999995,0.0686943394916376));
#6857=CARTESIAN_POINT('',(-0.0857546825747403,-0.0125,0.0723859079479926));
#6858=CARTESIAN_POINT('',(-0.0857774047538229,-0.0125,0.072374397204979));
#6859=CARTESIAN_POINT('',(-0.0858001269329055,-0.0125,0.0723628864619654));
#6860=CARTESIAN_POINT('',(-0.0906132555568497,-0.0125,0.0699246217832043));
#6861=CARTESIAN_POINT('',(-0.0924181787908287,-0.00749999999999995,0.0690102725286689));
#6862=CARTESIAN_POINT('',(-0.0857746210750609,-0.0125,0.0724278856406401));
#6863=CARTESIAN_POINT('',(-0.0857979240013135,-0.0125,0.0724175850475167));
#6864=CARTESIAN_POINT('',(-0.085821226927566,-0.0125,0.0724072844543932));
#6865=CARTESIAN_POINT('',(-0.0907573723984737,-0.0125,0.0702253599380069));
#6866=CARTESIAN_POINT('',(-0.0926084269500641,-0.00749999999999995,0.069407138244362));
#6867=CARTESIAN_POINT('',(-0.085788738736175,-0.0125,0.0724630090949981));
#6868=CARTESIAN_POINT('',(-0.0858126096529194,-0.0125,0.0724541001409692));
#6869=CARTESIAN_POINT('',(-0.0858364805696637,-0.0125,0.0724451911869402));
#6870=CARTESIAN_POINT('',(-0.090892940702486,-0.0125,0.0705580508079191));
#6871=CARTESIAN_POINT('',(-0.0927891132522943,-0.00749999999999995,0.0698503731657862));
#6872=CARTESIAN_POINT('',(-0.0857981704997857,-0.0125,0.0724912962783378));
#6873=CARTESIAN_POINT('',(-0.0858225019356651,-0.0125,0.0724837632543171));
#6874=CARTESIAN_POINT('',(-0.0858468333715445,-0.0125,0.0724762302302965));
#6875=CARTESIAN_POINT('',(-0.0910008430317561,-0.0125,0.0708805464093562));
#6876=CARTESIAN_POINT('',(-0.0929335966543354,-0.00749999999999995,0.0702821649765036));
#6877=CARTESIAN_POINT('',(-0.0858043039272537,-0.0125,0.0725127880587383));
#6878=CARTESIAN_POINT('',(-0.0858289465095319,-0.0125,0.0725063460722139));
#6879=CARTESIAN_POINT('',(-0.0858535890918101,-0.0125,0.0724999040856895));
#6880=CARTESIAN_POINT('',(-0.0910735073795672,-0.0125,0.0711353294283457));
#6881=CARTESIAN_POINT('',(-0.093030976737476,-0.00749999999999995,0.0706236139318418));
#6882=CARTESIAN_POINT('',(-0.0858095486150176,-0.0125,0.0725347479840723));
#6883=CARTESIAN_POINT('',(-0.0858344397862854,-0.0125,0.0725293519129568));
#6884=CARTESIAN_POINT('',(-0.0858593309575532,-0.0125,0.0725239558418414));
#6885=CARTESIAN_POINT('',(-0.091131906641289,-0.0125,0.0713809323559324));
#6886=CARTESIAN_POINT('',(-0.0931091225226899,-0.00749999999999995,0.0709522985487165));
#6887=CARTESIAN_POINT('',(-0.0858154789443303,-0.0125,0.0725648655407475));
#6888=CARTESIAN_POINT('',(-0.0858406144366755,-0.0125,0.0725607209425445));
#6889=CARTESIAN_POINT('',(-0.0858657499290206,-0.0125,0.0725565763443416));
#6890=CARTESIAN_POINT('',(-0.0911900789576571,-0.0125,0.071678646275541));
#6891=CARTESIAN_POINT('',(-0.0931867023433957,-0.00749999999999995,0.0713494224997408));
#6892=CARTESIAN_POINT('',(-0.0858210056585592,-0.0125,0.0726034610523484));
#6893=CARTESIAN_POINT('',(-0.0858463143707549,-0.0125,0.0726005686649066));
#6894=CARTESIAN_POINT('',(-0.0858716230829507,-0.0125,0.0725976762774648));
#6895=CARTESIAN_POINT('',(-0.0912326444296199,-0.0125,0.0719849959206624));
#6896=CARTESIAN_POINT('',(-0.0932430274346208,-0.00749999999999995,0.0717552407868615));
#6897=CARTESIAN_POINT('',(-0.0858252455007547,-0.0125,0.0726502872999592));
#6898=CARTESIAN_POINT('',(-0.0858506551075046,-0.0125,0.0726485438198763));
#6899=CARTESIAN_POINT('',(-0.0858760647142546,-0.0125,0.0726468003397934));
#6900=CARTESIAN_POINT('',(-0.0912584580633596,-0.0125,0.0722774874379854));
#6901=CARTESIAN_POINT('',(-0.0932768555692739,-0.00749999999999995,0.0721389950998074));
#6902=CARTESIAN_POINT('',(-0.0858275960874277,-0.0125,0.0726975573666767));
#6903=CARTESIAN_POINT('',(-0.0858530502935402,-0.0125,0.0726967445847495));
#6904=CARTESIAN_POINT('',(-0.0858785044996527,-0.0125,0.0726959318028223));
#6905=CARTESIAN_POINT('',(-0.091270345114698,-0.0125,0.0725237641623683));
#6906=CARTESIAN_POINT('',(-0.09329228534534,-0.00749999999999995,0.0724592012971981));
#6907=CARTESIAN_POINT('',(-0.0858283667891925,-0.0125,0.0727450890914993));
#6908=CARTESIAN_POINT('',(-0.0858538326844786,-0.0125,0.0727450571258234));
#6909=CARTESIAN_POINT('',(-0.0858792985797647,-0.0125,0.0727450251601476));
#6910=CARTESIAN_POINT('',(-0.0912736152555648,-0.0125,0.0727382540265855));
#6911=CARTESIAN_POINT('',(-0.0932964840089898,-0.00749999999999995,0.0727357148514997));
#6912=CARTESIAN_POINT('',(-0.0858275860408139,-0.0125,0.0728087218066498));
#6913=CARTESIAN_POINT('',(-0.0858530400235814,-0.0125,0.0728095881351077));
#6914=CARTESIAN_POINT('',(-0.0858784940063488,-0.0125,0.0728104544635657));
#6915=CARTESIAN_POINT('',(-0.0912702873112962,-0.0125,0.0729939646050767));
#6916=CARTESIAN_POINT('',(-0.0932922098006514,-0.00749999999999995,0.0730627809081433));
#6917=CARTESIAN_POINT('',(-0.0858236431913684,-0.0125,0.0728886157659224));
#6918=CARTESIAN_POINT('',(-0.0858490490835715,-0.0125,0.0728904069038661));
#6919=CARTESIAN_POINT('',(-0.0858744549757747,-0.0125,0.0728921980418098));
#6920=CARTESIAN_POINT('',(-0.0912560614905096,-0.0125,0.0732716060763577));
#6921=CARTESIAN_POINT('',(-0.093274163933535,-0.00749999999999995,0.0734138840893131));
#6922=CARTESIAN_POINT('',(-0.085815077721498,-0.0125,0.072984775507364));
#6923=CARTESIAN_POINT('',(-0.0858404008180256,-0.0125,0.0729874805965223));
#6924=CARTESIAN_POINT('',(-0.0858657239145532,-0.0125,0.0729901856856805));
#6925=CARTESIAN_POINT('',(-0.0912297922242285,-0.0125,0.0735631915585178));
#6926=CARTESIAN_POINT('',(-0.0932413178403567,-0.00749999999999995,0.0737780687608318));
#6927=CARTESIAN_POINT('',(-0.085803226006896,-0.0125,0.0730812969873739));
#6928=CARTESIAN_POINT('',(-0.0858284525031322,-0.0125,0.0730847813272464));
#6929=CARTESIAN_POINT('',(-0.0858536789993683,-0.0125,0.0730882656671188));
#6930=CARTESIAN_POINT('',(-0.0911972849393835,-0.0125,0.0738263364267356));
#6931=CARTESIAN_POINT('',(-0.0932011371668892,-0.00749999999999995,0.0741031129615919));
#6932=CARTESIAN_POINT('',(-0.0857837404157719,-0.0125,0.0732093556258577));
#6933=CARTESIAN_POINT('',(-0.0858088290731282,-0.0125,0.0732137403053624));
#6934=CARTESIAN_POINT('',(-0.0858339177304845,-0.0125,0.0732181249848671));
#6935=CARTESIAN_POINT('',(-0.0911483259313387,-0.0125,0.074146910307535));
#6936=CARTESIAN_POINT('',(-0.0931412290066589,-0.00749999999999995,0.0744952048035354));
#6937=CARTESIAN_POINT('',(-0.0857534570547173,-0.0125,0.0733679210427507));
#6938=CARTESIAN_POINT('',(-0.0857783658890821,-0.0125,0.073373234693358));
#6939=CARTESIAN_POINT('',(-0.0858032747234468,-0.0125,0.0733785483439653));
#6940=CARTESIAN_POINT('',(-0.0910795918950638,-0.0125,0.0745041130947097));
#6941=CARTESIAN_POINT('',(-0.09305821083442,-0.00749999999999995,0.0749261998762389));
#6942=CARTESIAN_POINT('',(-0.085709510677678,-0.0125,0.0735562908994242));
#6943=CARTESIAN_POINT('',(-0.085734203995236,-0.0125,0.0735625222820911));
#6944=CARTESIAN_POINT('',(-0.085758897312794,-0.0125,0.073568753664758));
#6945=CARTESIAN_POINT('',(-0.0909895626079843,-0.0125,0.0748887171318068));
#6946=CARTESIAN_POINT('',(-0.0929510620936807,-0.00749999999999995,0.0753837034319501));
#6947=CARTESIAN_POINT('',(-0.0856591678374118,-0.0125,0.0737429681419459));
#6948=CARTESIAN_POINT('',(-0.085683650131784,-0.0125,0.0737499784423688));
#6949=CARTESIAN_POINT('',(-0.0857081324261562,-0.0125,0.0737569887427916));
#6950=CARTESIAN_POINT('',(-0.0908940977067881,-0.0125,0.0752419465676925));
#6951=CARTESIAN_POINT('',(-0.092838834687025,-0.00749999999999995,0.0757988057520304));
#6952=CARTESIAN_POINT('',(-0.0856032917189416,-0.0125,0.073928157709117));
#6953=CARTESIAN_POINT('',(-0.0856275692693513,-0.0125,0.0739358445057533));
#6954=CARTESIAN_POINT('',(-0.085651846819761,-0.0125,0.0739435313023896));
#6955=CARTESIAN_POINT('',(-0.0907944421831426,-0.0125,0.075571788028217));
#6956=CARTESIAN_POINT('',(-0.0927229154444107,-0.00749999999999995,0.0761823843004022));
#6957=CARTESIAN_POINT('',(-0.0855425282701801,-0.0125,0.0741120070678263));
#6958=CARTESIAN_POINT('',(-0.0855666079383504,-0.0125,0.0741202912314726));
#6959=CARTESIAN_POINT('',(-0.0855906876065207,-0.0125,0.0741285753951189));
#6960=CARTESIAN_POINT('',(-0.0906913665380766,-0.0125,0.0758833694677529));
#6961=CARTESIAN_POINT('',(-0.0926041211374101,-0.00749999999999995,0.0765414172449906));
#6962=CARTESIAN_POINT('',(-0.08545565407023,-0.0125,0.0743555221189967));
#6963=CARTESIAN_POINT('',(-0.0854794791461583,-0.0125,0.0743645185935271));
#6964=CARTESIAN_POINT('',(-0.0855033042220865,-0.0125,0.0743735150680574));
#6965=CARTESIAN_POINT('',(-0.0905500541179007,-0.0125,0.0762791944889931));
#6966=CARTESIAN_POINT('',(-0.0924425853288309,-0.00749999999999995,0.0769938242718439));
#6967=CARTESIAN_POINT('',(-0.085337146651365,-0.0125,0.0746570914170703));
#6968=CARTESIAN_POINT('',(-0.0853606704931233,-0.0125,0.0746668504959022));
#6969=CARTESIAN_POINT('',(-0.0853841943348817,-0.0125,0.0746766095747341));
#6970=CARTESIAN_POINT('',(-0.0903671352623573,-0.0125,0.0767438277538678));
#6971=CARTESIAN_POINT('',(-0.0922357381101607,-0.00749999999999995,0.077519034571043));
#6972=CARTESIAN_POINT('',(-0.0851813659329651,-0.0125,0.0750153196004677));
#6973=CARTESIAN_POINT('',(-0.0852045529875168,-0.0125,0.0750258506400026));
#6974=CARTESIAN_POINT('',(-0.0852277400420685,-0.0125,0.0750363816795376));
#6975=CARTESIAN_POINT('',(-0.0901393409744401,-0.0125,0.0772671205378734));
#6976=CARTESIAN_POINT('',(-0.0919811913240794,-0.00749999999999995,0.0781036476097492));
#6977=CARTESIAN_POINT('',(-0.0850154776614881,-0.0125,0.0753667831594519));
#6978=CARTESIAN_POINT('',(-0.0850383530738094,-0.0125,0.0753779728482478));
#6979=CARTESIAN_POINT('',(-0.0850612284861307,-0.0125,0.0753891625370436));
#6980=CARTESIAN_POINT('',(-0.0899068157613611,-0.0125,0.0777594198631766));
#6981=CARTESIAN_POINT('',(-0.0917239109895725,-0.00749999999999995,0.0786482663604765));
#6982=CARTESIAN_POINT('',(-0.0848406473590066,-0.0125,0.0757128332975161));
#6983=CARTESIAN_POINT('',(-0.084863232553413,-0.0125,0.0757245963913982));
#6984=CARTESIAN_POINT('',(-0.0848858177478194,-0.0125,0.0757363594852803));
#6985=CARTESIAN_POINT('',(-0.089669929574401,-0.0125,0.0782280784205174));
#6986=CARTESIAN_POINT('',(-0.091463971509369,-0.00749999999999995,0.0791624730212313));
#6987=CARTESIAN_POINT('',(-0.0846579700059839,-0.0125,0.0760539582454313));
#6988=CARTESIAN_POINT('',(-0.0846802839212544,-0.0125,0.0760662271986032));
#6989=CARTESIAN_POINT('',(-0.0847025978365249,-0.0125,0.076078496151775));
#6990=CARTESIAN_POINT('',(-0.0894292459238561,-0.0125,0.0786773687987341));
#6991=CARTESIAN_POINT('',(-0.0912017389566052,-0.00749999999999995,0.0796519460413438));
#6992=CARTESIAN_POINT('',(-0.0844050143578957,-0.0125,0.0765029420767383));
#6993=CARTESIAN_POINT('',(-0.0844269888708732,-0.0125,0.0765158127122003));
#6994=CARTESIAN_POINT('',(-0.0844489633838508,-0.0125,0.0765286833476624));
#6995=CARTESIAN_POINT('',(-0.0891037175350711,-0.0125,0.0792550074262485));
#6996=CARTESIAN_POINT('',(-0.0908492503417787,-0.00749999999999995,0.0802773789557183));
#6997=CARTESIAN_POINT('',(-0.0840729607503349,-0.0125,0.077054237288474));
#6998=CARTESIAN_POINT('',(-0.0840945481510861,-0.0125,0.0770677483315791));
#6999=CARTESIAN_POINT('',(-0.0841161355518374,-0.0125,0.0770812593746843));
#7000=CARTESIAN_POINT('',(-0.0886888896039271,-0.0125,0.0799432378879404));
#7001=CARTESIAN_POINT('',(-0.0904036723734607,-0.00749999999999995,0.0810164798304114));
#7002=CARTESIAN_POINT('',(-0.0836532430555925,-0.0125,0.0777024421825684));
#7003=CARTESIAN_POINT('',(-0.0836744138674286,-0.0125,0.0777165950574963));
#7004=CARTESIAN_POINT('',(-0.0836955846792646,-0.0125,0.0777307479324242));
#7005=CARTESIAN_POINT('',(-0.08818009472866,-0.0125,0.0807286825573972));
#7006=CARTESIAN_POINT('',(-0.0898617859971833,-0.00749999999999995,0.081852908041762));
#7007=CARTESIAN_POINT('',(-0.0832152386288619,-0.0125,0.0783391119066405));
#7008=CARTESIAN_POINT('',(-0.0832360325083403,-0.0125,0.0783538116417997));
#7009=CARTESIAN_POINT('',(-0.0832568263878187,-0.0125,0.0783685113769589));
#7010=CARTESIAN_POINT('',(-0.0876614926901325,-0.0125,0.0814822847435851));
#7011=CARTESIAN_POINT('',(-0.0893132425535,-0.00749999999999995,0.0826499497560698));
#7012=CARTESIAN_POINT('',(-0.0827611873277591,-0.0125,0.0789657011260205));
#7013=CARTESIAN_POINT('',(-0.0827816375805372,-0.0125,0.0789808743693095));
#7014=CARTESIAN_POINT('',(-0.0828020878333154,-0.0125,0.0789960476125984));
#7015=CARTESIAN_POINT('',(-0.0871339653638814,-0.0125,0.0822101219021568));
#7016=CARTESIAN_POINT('',(-0.0887584194378437,-0.00749999999999995,0.0834153997607413));
#7017=CARTESIAN_POINT('',(-0.0822930109521007,-0.0125,0.0795831678903618));
#7018=CARTESIAN_POINT('',(-0.0823131460354133,-0.0125,0.0795987563147842));
#7019=CARTESIAN_POINT('',(-0.0823332811187258,-0.0125,0.0796143447392067));
#7020=CARTESIAN_POINT('',(-0.0865983978350719,-0.0125,0.0829163648279152));
#7021=CARTESIAN_POINT('',(-0.0881978166037017,-0.00749999999999995,0.0841546223611809));
#7022=CARTESIAN_POINT('',(-0.0816512236505188,-0.0125,0.0803962827569923));
#7023=CARTESIAN_POINT('',(-0.0816709709258454,-0.0125,0.080412361999867));
#7024=CARTESIAN_POINT('',(-0.0816907182011721,-0.0125,0.0804284412427416));
#7025=CARTESIAN_POINT('',(-0.0858736874390297,-0.0125,0.083834429015738));
#7026=CARTESIAN_POINT('',(-0.0874423009032262,-0.00749999999999995,0.0851116744306117));
#7027=CARTESIAN_POINT('',(-0.080823643575943,-0.0125,0.0813900059858364));
#7028=CARTESIAN_POINT('',(-0.0808429612338858,-0.0125,0.0814065994915035));
#7029=CARTESIAN_POINT('',(-0.0808622788918285,-0.0125,0.0814231929971705));
#7030=CARTESIAN_POINT('',(-0.0849542443698649,-0.0125,0.0849381145549662));
#7031=CARTESIAN_POINT('',(-0.0864887314241285,-0.00749999999999995,0.0862562101391396));
#7032=CARTESIAN_POINT('',(-0.0798002379203085,-0.0125,0.0825491119888235));
#7033=CARTESIAN_POINT('',(-0.0798191088238689,-0.0125,0.0825662104272701));
#7034=CARTESIAN_POINT('',(-0.0798379797274293,-0.0125,0.0825833088657168));
#7035=CARTESIAN_POINT('',(-0.0838353113986543,-0.0125,0.0862051878771095));
#7036=CARTESIAN_POINT('',(-0.0853343107753637,-0.00749999999999995,0.0875633925063817));
#7037=CARTESIAN_POINT('',(-0.0787504522860226,-0.0125,0.0836810137155841));
#7038=CARTESIAN_POINT('',(-0.0787689303695196,-0.0125,0.0836985349952137));
#7039=CARTESIAN_POINT('',(-0.0787874084530166,-0.0125,0.0837160562748433));
#7040=CARTESIAN_POINT('',(-0.0827015309617727,-0.0125,0.0874275036763825));
#7041=CARTESIAN_POINT('',(-0.0841693269025562,-0.00749999999999995,0.0888192964519598));
#7042=CARTESIAN_POINT('',(-0.0776782032158789,-0.0125,0.0847892360633947));
#7043=CARTESIAN_POINT('',(-0.0776963321534682,-0.0125,0.0848071177357624));
#7044=CARTESIAN_POINT('',(-0.0777144610910575,-0.0125,0.08482499940813));
#7045=CARTESIAN_POINT('',(-0.0815546257212024,-0.0125,0.0886127870496205));
#7046=CARTESIAN_POINT('',(-0.0829946874575067,-0.00749999999999995,0.0900332074151794));
#7047=CARTESIAN_POINT('',(-0.0765862757362409,-0.0125,0.0858768333406012));
#7048=CARTESIAN_POINT('',(-0.0766040914629387,-0.0125,0.0858950266533891));
#7049=CARTESIAN_POINT('',(-0.0766219071896366,-0.0125,0.0859132199661769));
#7050=CARTESIAN_POINT('',(-0.0803957258807952,-0.0125,0.089767020881359));
#7051=CARTESIAN_POINT('',(-0.0818109078899797,-0.00749999999999995,0.0912121962245523));
#7052=CARTESIAN_POINT('',(-0.0754769654521297,-0.0125,0.0869461633595907));
#7053=CARTESIAN_POINT('',(-0.0754944980555015,-0.0125,0.0869646293574452));
#7054=CARTESIAN_POINT('',(-0.0755120306588732,-0.0125,0.0869830953552997));
#7055=CARTESIAN_POINT('',(-0.0792258767136009,-0.0125,0.0908946578212041));
#7056=CARTESIAN_POINT('',(-0.0806185689841239,-0.00749999999999995,0.0923614937459183));
#7057=CARTESIAN_POINT('',(-0.0743521237522273,-0.0125,0.0879991721005004));
#7058=CARTESIAN_POINT('',(-0.0743693986511942,-0.0125,0.0880178791674995));
#7059=CARTESIAN_POINT('',(-0.074386673550161,-0.0125,0.0880365862344987));
#7060=CARTESIAN_POINT('',(-0.0780459313348454,-0.0125,0.0919992132042243));
#7061=CARTESIAN_POINT('',(-0.079418153004102,-0.00749999999999995,0.0934851983178713));
#7062=CARTESIAN_POINT('',(-0.0734030981286963,-0.0125,0.0888644218189787));
#7063=CARTESIAN_POINT('',(-0.0734201766772129,-0.0125,0.0888833078015252));
#7064=CARTESIAN_POINT('',(-0.0734372552257295,-0.0125,0.0889021937840717));
#7065=CARTESIAN_POINT('',(-0.0770549210500235,-0.0125,0.0929027195635466));
#7066=CARTESIAN_POINT('',(-0.0784115457341337,-0.00749999999999995,0.0944029167308496));
#7067=CARTESIAN_POINT('',(-0.0726375278802253,-0.0125,0.089549940421098));
#7068=CARTESIAN_POINT('',(-0.0726544583474735,-0.0125,0.0895689589751222));
#7069=CARTESIAN_POINT('',(-0.0726713888147216,-0.0125,0.0895879775291464));
#7070=CARTESIAN_POINT('',(-0.0762576873045109,-0.0125,0.0936165852796239));
#7071=CARTESIAN_POINT('',(-0.0776025492381818,-0.00749999999999995,0.0951273131860529));
#7072=CARTESIAN_POINT('',(-0.0721565191301599,-0.0125,0.0899757344507862));
#7073=CARTESIAN_POINT('',(-0.0721733617680557,-0.0125,0.0899948307558406));
#7074=CARTESIAN_POINT('',(-0.0721902044059515,-0.0125,0.090013927060895));
#7075=CARTESIAN_POINT('',(-0.0757578984314386,-0.0125,0.0940590044337492));
#7076=CARTESIAN_POINT('',(-0.0770957836909964,-0.00749999999999995,0.0955759084485695));
#7077=CARTESIAN_POINT('',(-0.0717702600763482,-0.0125,0.0903148324716168));
#7078=CARTESIAN_POINT('',(-0.0717870321362878,-0.0125,0.0903339907198621));
#7079=CARTESIAN_POINT('',(-0.0718038041962274,-0.0125,0.0903531489681074));
#7080=CARTESIAN_POINT('',(-0.0753565480367017,-0.0125,0.094411347465661));
#7081=CARTESIAN_POINT('',(-0.0766888269768795,-0.00749999999999995,0.0959331719022436));
#7082=CARTESIAN_POINT('',(-0.071528261038729,-0.0125,0.0905261717783576));
#7083=CARTESIAN_POINT('',(-0.0715449952500391,-0.0125,0.0905453630989208));
#7084=CARTESIAN_POINT('',(-0.0715617294613492,-0.0125,0.0905645544194841));
#7085=CARTESIAN_POINT('',(-0.0751064560108107,-0.0125,0.0946297584652046));
#7086=CARTESIAN_POINT('',(-0.0764357284668589,-0.00749999999999995,0.09615420998235));
#7087=CARTESIAN_POINT('',(-0.0713343049539084,-0.0125,0.0906948196650294));
#7088=CARTESIAN_POINT('',(-0.0713509969341766,-0.0125,0.0907140476987782));
#7089=CARTESIAN_POINT('',(-0.0713676889144448,-0.0125,0.090733275732527));
#7090=CARTESIAN_POINT('',(-0.0749034698678141,-0.0125,0.0948062565536853));
#7091=CARTESIAN_POINT('',(-0.0762293877253272,-0.00749999999999995,0.0963336243616192));
#7092=CARTESIAN_POINT('',(-0.0711977563552879,-0.0125,0.0908134131141807));
#7093=CARTESIAN_POINT('',(-0.0712144557604813,-0.0125,0.0908326346931359));
#7094=CARTESIAN_POINT('',(-0.0712311551656748,-0.0125,0.0908518562720911));
#7095=CARTESIAN_POINT('',(-0.0747685089048244,-0.0125,0.0949234698057338));
#7096=CARTESIAN_POINT('',(-0.0760950165570066,-0.00749999999999997,0.0964503248808514));
#7097=CARTESIAN_POINT('',(-0.0711097655842849,-0.0125,0.0908898498136008));
#7098=CARTESIAN_POINT('',(-0.0711264654367578,-0.0125,0.0909090710037175));
#7099=CARTESIAN_POINT('',(-0.0711431652892308,-0.0125,0.0909282921938341));
#7100=CARTESIAN_POINT('',(-0.074680613773426,-0.0124999999999999,0.094999823361711));
#7101=CARTESIAN_POINT('',(-0.0760071569549971,-0.0074999999999999,0.0965266475496621));
#7102=CARTESIAN_POINT('',(-0.0710703075654065,-0.0125,0.0909241278602315));
#7103=CARTESIAN_POINT('',(-0.0710870072780362,-0.0125,0.0909433491719198));
#7104=CARTESIAN_POINT('',(-0.0711037069906658,-0.0125,0.090962570483608));
#7105=CARTESIAN_POINT('',(-0.0746411258525364,-0.0124999999999998,0.0950341274033951));
#7106=CARTESIAN_POINT('',(-0.0759676579257349,-0.00749999999999988,0.0965609612483112));
#7107=CARTESIAN_POINT('',(-0.0885705226297504,-0.0120614926717253,0.0725874359708617));
#7108=CARTESIAN_POINT('',(-0.0874461332901685,-0.012375608475575,0.0727948024112841));
#7109=CARTESIAN_POINT('',(-0.0862941659335589,-0.0125115202515846,0.0725441111718114));
#7110=CARTESIAN_POINT('',(-0.0850004016334212,-0.0124915142635307,0.0716275945919195));
#7111=CARTESIAN_POINT('',(-0.0845312843987255,-0.012513152609254,0.0700047686545415));
#7112=CARTESIAN_POINT('',(-0.0850187827881617,-0.0121777458803888,0.0685412959566898));
#7113=CARTESIAN_POINT('',(-0.0857249242273469,-0.0117526484704433,0.0676987913452));
#7114=CARTESIAN_POINT('',(-0.0866443845171291,-0.0112232656529348,0.0671879282272667));
#7115=CARTESIAN_POINT('',(-0.0876624505002736,-0.0106856797094486,0.0670317423395424));
#7116=CARTESIAN_POINT('',(-0.0887362406938201,-0.0102333410802183,0.0672687307391128));
#7117=CARTESIAN_POINT('',(-0.0896914499192138,-0.0100601606838515,0.0679628351645142));
#7118=CARTESIAN_POINT('',(-0.0902724575129579,-0.0102592469010215,0.0689902402309572));
#7119=CARTESIAN_POINT('',(-0.0904407262719712,-0.0108132276038359,0.0704609244813791));
#7120=CARTESIAN_POINT('',(-0.0898024197674795,-0.0114980661913402,0.0717999196651848));
#7121=CARTESIAN_POINT('',(-0.0885705226297504,-0.0120614926717253,0.0725874359708617));
#7122=CARTESIAN_POINT('',(-0.0874461332901685,-0.012375608475575,0.0727948024112841));
#7123=CARTESIAN_POINT('',(-0.0862941659335589,-0.0125115202515846,0.0725441111718114));
#7124=CARTESIAN_POINT('',(-0.0874415369539972,-0.0123459078042683,0.0727184594646349));
#7125=CARTESIAN_POINT('',(-0.0437155281265087,-0.0123834995311044,0.056625452229937));
#7126=CARTESIAN_POINT('',(-0.0425319166606829,-0.0124688449844675,0.0569007371076063));
#7127=CARTESIAN_POINT('',(-0.0413400697901081,-0.0124826701115488,0.0566417573292657));
#7128=CARTESIAN_POINT('',(-0.0403819167271164,-0.0124667518631469,0.0558991047473473));
#7129=CARTESIAN_POINT('',(-0.0398292318009001,-0.0123763979689263,0.0548183589356685));
#7130=CARTESIAN_POINT('',(-0.0397715823002175,-0.0121233000907362,0.0536319233754483));
#7131=CARTESIAN_POINT('',(-0.0401502102342905,-0.0116680162329056,0.0525790923438028));
#7132=CARTESIAN_POINT('',(-0.040819276925985,-0.0110543717595864,0.0517901855028045));
#7133=CARTESIAN_POINT('',(-0.0416641616834323,-0.0103713864208988,0.0512960043504357));
#7134=CARTESIAN_POINT('',(-0.0426447270579435,-0.00970454163633382,0.0510930444156199));
#7135=CARTESIAN_POINT('',(-0.0438221118370637,-0.00933333425446712,0.0513319015513574));
#7136=CARTESIAN_POINT('',(-0.0447495066374173,-0.00974611768076844,0.0520792535498778));
#7137=CARTESIAN_POINT('',(-0.0452224371481822,-0.0104076566397962,0.0529504547329026));
#7138=CARTESIAN_POINT('',(-0.0453917498459591,-0.0110863681388284,0.053917628603933));
#7139=CARTESIAN_POINT('',(-0.045219412337783,-0.0116914268749001,0.0549387584582402));
#7140=CARTESIAN_POINT('',(-0.0446587425858948,-0.0121378918179789,0.0559055265380489));
#7141=CARTESIAN_POINT('',(-0.0437155281265087,-0.0123834995311044,0.056625452229937));
#7142=CARTESIAN_POINT('',(-0.0425319166606829,-0.0124688449844675,0.0569007371076063));
#7143=CARTESIAN_POINT('',(-0.0413400697901081,-0.0124826701115488,0.0566417573292657));
#7144=CARTESIAN_POINT('',(-0.0425305440932247,-0.0124569249300872,0.0568116929982713));
#7145=CARTESIAN_POINT('',(-0.0306742016053305,-0.0124999999999794,0.0494617357984232));
#7146=CARTESIAN_POINT('',(-0.0316069382810358,-0.0124999991723789,0.0502443947989931));
#7147=CARTESIAN_POINT('',(-0.0325396501095638,-0.0124901072679039,0.0510270329503056));
#7148=CARTESIAN_POINT('',(-0.0334723815478185,-0.0124880215343775,0.0518096875561325));
#7149=CARTESIAN_POINT('',(-0.0334723815478185,-0.0124880215343775,0.0518096875561325));
#7150=CARTESIAN_POINT('',(-0.0337837946744341,-0.00918359895759355,0.0371011009636592));
#7151=CARTESIAN_POINT('',(-0.0341438608004323,-0.00866094566409192,0.0372668108069742));
#7152=CARTESIAN_POINT('',(-0.0344404357200249,-0.00809792899527404,0.0374061574645223));
#7153=CARTESIAN_POINT('',(-0.0346661438199128,-0.00749999999999995,0.0375537899897722));
#7154=CARTESIAN_POINT('',(-0.0337838554451744,-0.00918351074209784,0.0371006906911609));
#7155=CARTESIAN_POINT('',(-0.0337839732070602,-0.00918348658134897,0.0371003048018834));
#7156=CARTESIAN_POINT('',(-0.0334216576994275,-0.00970549804372003,0.0369570534899501));
#7157=CARTESIAN_POINT('',(-0.0325718618575773,-0.0106521615277748,0.0367123989853402));
#7158=CARTESIAN_POINT('',(-0.0309313686389677,-0.0117298640970929,0.036668352594728));
#7159=CARTESIAN_POINT('',(-0.0291016484047194,-0.0123618271725754,0.0369642218132022));
#7160=CARTESIAN_POINT('',(-0.0278505982633798,-0.0125,0.0372616760388868));
#7161=CARTESIAN_POINT('',(-0.0272169292219128,-0.0125,0.0374076662692675));
#7162=CARTESIAN_POINT('',(-0.0272658930911995,-0.0124999999999998,0.0413801962239483));
#7163=CARTESIAN_POINT('',(-0.0287484057223734,-0.0124999995498088,0.042624172025982));
#7164=CARTESIAN_POINT('',(-0.0309286607560904,-0.0120067866560573,0.0444536232206465));
#7165=CARTESIAN_POINT('',(-0.0338350809958308,-0.0113423491560292,0.0468923993718587));
#7166=CARTESIAN_POINT('',(-0.0353040247553052,-0.0111826461853355,0.0481249895386539));
#7167=CARTESIAN_POINT('',(-0.0360435319865647,-0.0111579896046492,0.0487455097836567));
#7168=CARTESIAN_POINT('',(-0.0360435319865647,-0.0111579896046491,0.0487455097836566));
#7169=CARTESIAN_POINT('',(-0.0360435319865646,-0.0111579896046491,0.0487455097836566));
#7170=CARTESIAN_POINT('',(-0.0362634461546816,-0.0111506572470993,0.0489300396810142));
#7171=CARTESIAN_POINT('',(-0.0362651220611468,-0.0113171239058408,0.0492592909296203));
#7172=CARTESIAN_POINT('',(-0.0361051604032808,-0.0114582921140975,0.0494499258100594));
#7173=CARTESIAN_POINT('',(-0.0361051604032809,-0.0114582921140974,0.0494499258100594));
#7174=CARTESIAN_POINT('',(-0.0361051604032809,-0.0114582921140974,0.0494499258100594));
#7175=CARTESIAN_POINT('',(-0.0355048731671529,-0.0119880532749533,0.0501653202803033));
#7176=CARTESIAN_POINT('',(-0.0348620856287629,-0.0123165178237609,0.0509313646384544));
#7177=CARTESIAN_POINT('',(-0.0341767975742211,-0.0124436847474621,0.0517480591394165));
#7178=CARTESIAN_POINT('',(-0.0341767975742211,-0.0124436847474621,0.0517480591394165));
#7179=CARTESIAN_POINT('',(-0.0341767975742211,-0.0124436847474621,0.0517480591394165));
#7180=CARTESIAN_POINT('',(-0.0340078647786293,-0.0124750331181002,0.0519493854054697));
#7181=CARTESIAN_POINT('',(-0.0336751613058891,-0.0124875680870908,0.0519798399763398));
#7182=CARTESIAN_POINT('',(-0.0334723815478185,-0.0124880215343775,0.0518096875561325));
#7183=CARTESIAN_POINT('',(0.014353281747604,-0.024000025,0.038));
#7184=CARTESIAN_POINT('',(-0.0218372240639029,-0.0125,0.038));
#7185=CARTESIAN_POINT('',(-0.0137543608336541,-0.0045,0.038));
#7186=CARTESIAN_POINT('',(-0.0272169292234634,-0.0075,0.0374076662689103));
#7187=CARTESIAN_POINT('',(-0.0272169292234634,-0.0125,0.0374076662689103));
#7188=CARTESIAN_POINT('',(-0.0255275093340798,-0.0075,0.0377968896313638));
#7189=CARTESIAN_POINT('',(-0.0255275093340798,-0.0125,0.0377968896313638));
#7190=CARTESIAN_POINT('',(-0.0236828163168556,-0.0075,0.0379999999999998));
#7191=CARTESIAN_POINT('',(-0.0236828163168556,-0.0125,0.0379999999999998));
#7192=CARTESIAN_POINT('',(-0.0218372240639064,-0.0075,0.038));
#7193=CARTESIAN_POINT('',(-0.0218372240639064,-0.0125,0.038));
#7194=CARTESIAN_POINT('',(-0.0272169293046863,-0.0125,0.0374076662501974));
#7195=CARTESIAN_POINT('',(-0.0137543608336541,-0.0045,0.063));
#7196=CARTESIAN_POINT('',(-0.00853547391315227,-0.0105632680388562,0.061280149261813));
#7197=CARTESIAN_POINT('',(-0.00834572622672099,-0.0103999449410539,0.0609820895604846));
#7198=CARTESIAN_POINT('',(-0.00806348311032367,-0.0101231533128181,0.0602833754989387));
#7199=CARTESIAN_POINT('',(-0.00813738242091895,-0.0102007847389373,0.059079271316838));
#7200=CARTESIAN_POINT('',(-0.00865284904421722,-0.0106822649602225,0.0581204014042684));
#7201=CARTESIAN_POINT('',(-0.00941781584693448,-0.0112494033359424,0.057453165225701));
#7202=CARTESIAN_POINT('',(-0.0103883104531771,-0.0117880190706895,0.0570768105966145));
#7203=CARTESIAN_POINT('',(-0.0118591389835269,-0.0123428296001928,0.0570570704936816));
#7204=CARTESIAN_POINT('',(-0.0129153907019265,-0.0124674320103464,0.0577066342557964));
#7205=CARTESIAN_POINT('',(-0.0133435951380556,-0.0124894475117695,0.0583557138085627));
#7206=CARTESIAN_POINT('',(-0.0137543608336541,-0.0045,0.0568035239213138));
#7207=CARTESIAN_POINT('',(-0.0105894609363318,-0.0118473402425592,0.0521561078323406));
#7208=CARTESIAN_POINT('',(-0.0105894609363318,-0.0118473402425592,0.0521561078323406));
#7209=CARTESIAN_POINT('',(-0.010044660362219,-0.011612664941818,0.051356109400935));
#7210=CARTESIAN_POINT('',(-0.00930248113121082,-0.0111645843944536,0.0495606314300356));
#7211=CARTESIAN_POINT('',(-0.00886428213315718,-0.0108300840373819,0.0466223114169021));
#7212=CARTESIAN_POINT('',(-0.00905326558006611,-0.0109799594281704,0.0436386205606236));
#7213=CARTESIAN_POINT('',(-0.00960716081279378,-0.0113574655373432,0.0417589716946137));
#7214=CARTESIAN_POINT('',(-0.010026001126355,-0.01157808829367,0.0408854514098965));
#7215=CARTESIAN_POINT('',(-0.010026001126355,-0.01157808829367,0.0408854514098965));
#7216=CARTESIAN_POINT('',(-0.0137543608336541,-0.0045,0.0331097007774964));
#7217=CARTESIAN_POINT('',(-0.0105627706680747,-0.0118357857258086,0.0397659816078521));
#7218=CARTESIAN_POINT('',(-0.0137543608336541,-0.0045,0.0424440437386588));
#7219=CARTESIAN_POINT('',(-0.00633816799999758,-0.00750001397563774,0.0423998864057844));
#7220=CARTESIAN_POINT('',(-0.00635598327734008,-0.00754405428119296,0.0425185368879874));
#7221=CARTESIAN_POINT('',(-0.00637396528685322,-0.00758737845026426,0.0426352406150067));
#7222=CARTESIAN_POINT('',(-0.00639208194202475,-0.00762999193639041,0.0427499975868424));
#7223=CARTESIAN_POINT('',(-0.00639208524532154,-0.00762999072514632,0.0427499975151313));
#7224=CARTESIAN_POINT('',(-0.0137543608336541,-0.0045,0.04275));
#7225=CARTESIAN_POINT('',(-0.00633816234655844,-0.0075,0.0455248468795767));
#7226=CARTESIAN_POINT('',(-0.00633816234655844,-0.0075,0.0460615880599465));
#7227=CARTESIAN_POINT('',(-0.00614071610221665,-0.00705351509402063,0.0470936921997912));
#7228=CARTESIAN_POINT('',(-0.00588415675236587,-0.00603219170075734,0.0475248468795767));
#7229=CARTESIAN_POINT('',(-0.00581710690046033,-0.0055,0.0475248468795767));
#7230=CARTESIAN_POINT('',(-0.00581710690046033,-0.0055,0.0475248468795767));
#7231=CARTESIAN_POINT('',(-0.0137543608336541,-0.0045,0.0475248468795767));
#7232=CARTESIAN_POINT('',(-0.0057543608336541,-0.0045,0.0475248468795767));
#7233=CARTESIAN_POINT('',(-0.0057543608336541,-0.0045,0.063));
#7234=CARTESIAN_POINT('',(-0.0057543608336541,-0.0045,0.0512248468795767));
#7235=CARTESIAN_POINT('',(-0.0137543608336541,-0.0045,0.0512248468795767));
#7236=CARTESIAN_POINT('',(-0.00581710690046033,-0.0055,0.0512248468795767));
#7237=CARTESIAN_POINT('',(-0.00581710690046033,-0.0055,0.0512248468795767));
#7238=CARTESIAN_POINT('',(-0.00588418811872424,-0.00603244066350866,0.0512248468795767));
#7239=CARTESIAN_POINT('',(-0.00614037093807017,-0.00705234749137004,0.0516550811241269));
#7240=CARTESIAN_POINT('',(-0.00633816234655844,-0.0075,0.0526878740342908));
#7241=CARTESIAN_POINT('',(-0.00633816234655844,-0.0075,0.0532248468795767));
#7242=CARTESIAN_POINT('',(-0.0272169292219128,-0.01253,0.0374076662692675));
#7243=CARTESIAN_POINT('',(-0.0272169292219128,-0.0075,0.0374076662692675));
#7244=CARTESIAN_POINT('',(-0.0278543680986566,-0.01253,0.0372608075111783));
#7245=CARTESIAN_POINT('',(-0.0278543680986566,-0.0075,0.0372608075111783));
#7246=CARTESIAN_POINT('',(-0.0291057223909167,-0.01253,0.0369630543191223));
#7247=CARTESIAN_POINT('',(-0.0291057223909167,-0.0075,0.0369630543191223));
#7248=CARTESIAN_POINT('',(-0.0309487452426263,-0.01253,0.0366662694931709));
#7249=CARTESIAN_POINT('',(-0.0309487452426263,-0.0075,0.0366662694931709));
#7250=CARTESIAN_POINT('',(-0.0325975776419813,-0.01253,0.0367146549287574));
#7251=CARTESIAN_POINT('',(-0.0325975776419813,-0.0075,0.0367146549287574));
#7252=CARTESIAN_POINT('',(-0.0334476207608761,-0.01253,0.036967318693995));
#7253=CARTESIAN_POINT('',(-0.0334476207608761,-0.0075,0.036967318693995));
#7254=CARTESIAN_POINT('',(-0.0338099018752885,-0.01253,0.0371105564076306));
#7255=CARTESIAN_POINT('',(-0.0338099018752885,-0.0075,0.0371105564076306));
#7256=CARTESIAN_POINT('',(-0.033783944739662,-0.00918347052213761,0.0371002935465216));
#7257=CARTESIAN_POINT('',(-0.0337839447396617,-0.024000025,0.0371002935465214));
#7258=CARTESIAN_POINT('',(-0.033783944739662,-0.00918338112327955,0.0371002935465213));
#7259=CARTESIAN_POINT('',(-0.0340084460232703,-0.00885748451270022,0.0371002935465213));
#7260=CARTESIAN_POINT('',(-0.034412112878367,-0.00817062065254938,0.0371002935465213));
#7261=CARTESIAN_POINT('',(-0.0348559856268459,-0.00703895378349673,0.0371002935465213));
#7262=CARTESIAN_POINT('',(-0.0351280358207086,-0.00585544095947608,0.0371002935465213));
#7263=CARTESIAN_POINT('',(-0.0351963519058131,-0.00502007331309128,0.0371002935465213));
#7264=CARTESIAN_POINT('',(-0.0352,-0.00460078009883475,0.0371002935465213));
#7265=CARTESIAN_POINT('',(-0.0337772879118986,-0.00919302992003799,0.0371002935465213));
#7266=CARTESIAN_POINT('',(-0.0337772879118986,-0.00919302992003799,0.0375565109684317));
#7267=CARTESIAN_POINT('',(-0.0341413355585201,-0.00866615255536293,0.0371002935465213));
#7268=CARTESIAN_POINT('',(-0.0341413355585201,-0.00866615255536293,0.0375565109684317));
#7269=CARTESIAN_POINT('',(-0.0344395878133707,-0.00810017520608367,0.0371002935465213));
#7270=CARTESIAN_POINT('',(-0.0344395878133707,-0.00810017520608367,0.0375565109684317));
#7271=CARTESIAN_POINT('',(-0.0346661438199128,-0.00749999999999986,0.0371002935465213));
#7272=CARTESIAN_POINT('',(-0.0346661438199128,-0.00749999999999986,0.0375565109684317));
#7273=CARTESIAN_POINT('',(-0.00744324172998996,-0.00709218860982573,0.0424643973514079));
#7274=CARTESIAN_POINT('',(-0.00634223004363033,-0.00750003508678088,0.0426598646827395));
#7275=CARTESIAN_POINT('',(-0.00635728562681243,-0.00754391225323094,0.0426899373389409));
#7276=CARTESIAN_POINT('',(-0.00637392267556861,-0.00758727614499022,0.0427199670855265));
#7277=CARTESIAN_POINT('',(-0.00639209028171743,-0.00762998909929436,0.0427499967807144));
#7278=CARTESIAN_POINT('',(-0.0137543608336541,-0.0045,0.04275));
#7279=CARTESIAN_POINT('',(-0.0759603241143077,-0.01,0.0587869564681942));
#7280=CARTESIAN_POINT('',(-0.0425330735743046,-0.01,0.0540855750441551));
#7281=CARTESIAN_POINT('',(-0.0436853120094457,-0.0100000000000036,0.058176399586315));
#7282=CARTESIAN_POINT('',(-0.0738368863346965,-0.01,0.0885367383988059));
#7283=CARTESIAN_POINT('',(-0.0740199243547311,-0.01,0.088369731908966));
#7284=CARTESIAN_POINT('',(-0.0742024204180655,-0.01,0.0882022021996723));
#7285=CARTESIAN_POINT('',(-0.0743843494090711,-0.01,0.0880341259373591));
#7286=CARTESIAN_POINT('',(-0.0747619142716094,-0.01,0.087685310223462));
#7287=CARTESIAN_POINT('',(-0.075137036611039,-0.01,0.0873341403577711));
#7288=CARTESIAN_POINT('',(-0.0755094507301564,-0.01,0.0869803647800838));
#7289=CARTESIAN_POINT('',(-0.0756620626073232,-0.01,0.0868353908055885));
#7290=CARTESIAN_POINT('',(-0.0758142197172652,-0.01,0.0866899792789871));
#7291=CARTESIAN_POINT('',(-0.0759659003580915,-0.01,0.0865441091140697));
#7292=CARTESIAN_POINT('',(-0.0761846194244742,-0.01,0.0863337685847179));
#7293=CARTESIAN_POINT('',(-0.0764023474182673,-0.01,0.086122474471036));
#7294=CARTESIAN_POINT('',(-0.0766190207158112,-0.01,0.0859101630820515));
#7295=CARTESIAN_POINT('',(-0.0769862363736026,-0.01,0.0855503399416537));
#7296=CARTESIAN_POINT('',(-0.0773504224640009,-0.0100000000000004,0.0851875947246816));
#7297=CARTESIAN_POINT('',(-0.0777111974020165,-0.009999999999998,0.0848215496545003));
#7298=CARTESIAN_POINT('',(-0.0778190092648336,-0.0099999999999972,0.0847121628963504));
#7299=CARTESIAN_POINT('',(-0.0779265165225628,-0.0099999999999962,0.0846024814715634));
#7300=CARTESIAN_POINT('',(-0.0780337068815446,-0.0099999999999944,0.0844924922155404));
#7301=CARTESIAN_POINT('',(-0.0782855148527922,-0.0099999999999902,0.0842341091698892));
#7302=CARTESIAN_POINT('',(-0.0785355662868371,-0.0099999999999815,0.0839740344164213));
#7303=CARTESIAN_POINT('',(-0.0787836940394744,-0.0099999999999736,0.0837121030426247));
#7304=CARTESIAN_POINT('',(-0.0791378088738543,-0.0099999999999623,0.0833382884085701));
#7305=CARTESIAN_POINT('',(-0.0794880053163561,-0.0099999999999612,0.082960691951981));
#7306=CARTESIAN_POINT('',(-0.0798336141998055,-0.0099999999999803,0.0825787593621634));
#7307=CARTESIAN_POINT('',(-0.0798974301405001,-0.0099999999999839,0.0825082363268238));
#7308=CARTESIAN_POINT('',(-0.0799610896868178,-0.0099999999999877,0.0824375654715792));
#7309=CARTESIAN_POINT('',(-0.0800245886465104,-0.0099999999999912,0.08236674055718));
#7310=CARTESIAN_POINT('',(-0.0803053975537909,-0.0100000000000065,0.0820535343736934));
#7311=CARTESIAN_POINT('',(-0.0805830565208958,-0.0099999999999992,0.0817373559272532));
#7312=CARTESIAN_POINT('',(-0.0808572524047439,-0.0099999999999995,0.08141759715907));
#7313=CARTESIAN_POINT('',(-0.0808996001280022,-0.0099999999999995,0.0813682125525822));
#7314=CARTESIAN_POINT('',(-0.0809418652422241,-0.0099999999999996,0.0813187425461066));
#7315=CARTESIAN_POINT('',(-0.0809840444925769,-0.0099999999999997,0.0812691859677493));
#7316=CARTESIAN_POINT('',(-0.0812771429776393,-0.0100000000000003,0.08092482332688));
#7317=CARTESIAN_POINT('',(-0.0815661423316326,-0.0100000000000007,0.0805762306680572));
#7318=CARTESIAN_POINT('',(-0.0818496792562549,-0.0099999999999992,0.0802233946974935));
#7319=CARTESIAN_POINT('',(-0.0818711413125349,-0.0099999999999991,0.080196687116222));
#7320=CARTESIAN_POINT('',(-0.0818925720919292,-0.009999999999999,0.0801699552388233));
#7321=CARTESIAN_POINT('',(-0.0819139703418264,-0.0099999999999988,0.0801431997600371));
#7322=CARTESIAN_POINT('',(-0.0820544310352568,-0.0099999999999978,0.0799675735699778));
#7323=CARTESIAN_POINT('',(-0.0821935802909251,-0.0099999999999982,0.0797908119418197));
#7324=CARTESIAN_POINT('',(-0.0823310986496489,-0.0099999999999988,0.0796130599448572));
#7325=CARTESIAN_POINT('',(-0.0824895271002451,-0.0099999999999996,0.0794082802068609));
#7326=CARTESIAN_POINT('',(-0.0826457910029391,-0.01,0.0792021861130837));
#7327=CARTESIAN_POINT('',(-0.0827997448856061,-0.0099999999999997,0.0789945090551549));
#7328=CARTESIAN_POINT('',(-0.0828014701109228,-0.0099999999999997,0.0789921818016175));
#7329=CARTESIAN_POINT('',(-0.0828031950461367,-0.0099999999999997,0.0789898543492778));
#7330=CARTESIAN_POINT('',(-0.0828049196908168,-0.0099999999999997,0.07898752669788));
#7331=CARTESIAN_POINT('',(-0.0829570960992455,-0.0099999999999994,0.078782143157787));
#7332=CARTESIAN_POINT('',(-0.0831069377313169,-0.0099999999999997,0.0785753003413049));
#7333=CARTESIAN_POINT('',(-0.0832541664694895,-0.0099999999999989,0.0783668092846065));
#7334=CARTESIAN_POINT('',(-0.0833867506284068,-0.0099999999999981,0.0781790564604144));
#7335=CARTESIAN_POINT('',(-0.083517215849768,-0.0099999999999991,0.0779899669843259));
#7336=CARTESIAN_POINT('',(-0.0836453200123349,-0.0099999999999826,0.0777993412565966));
#7337=CARTESIAN_POINT('',(-0.0836611049699847,-0.0099999999999806,0.0777758524098733));
#7338=CARTESIAN_POINT('',(-0.0836768538607923,-0.0099999999999785,0.0777523402653443));
#7339=CARTESIAN_POINT('',(-0.0836925662016357,-0.0099999999999766,0.0777288044892717));
#7340=CARTESIAN_POINT('',(-0.0838357859400728,-0.009999999999959,0.0775142732665437));
#7341=CARTESIAN_POINT('',(-0.0839759689701738,-0.0099999999999564,0.0772977786678311));
#7342=CARTESIAN_POINT('',(-0.0841126285846336,-0.0099999999999677,0.0770790043048769));
#7343=CARTESIAN_POINT('',(-0.0842177639677979,-0.0099999999999764,0.0769106961579046));
#7344=CARTESIAN_POINT('',(-0.0843208139835081,-0.0099999999999899,0.076741038707269));
#7345=CARTESIAN_POINT('',(-0.0844214695498487,-0.0099999999999962,0.0765698289179035));
#7346=CARTESIAN_POINT('',(-0.0844516383339705,-0.0099999999999981,0.0765185134133298));
#7347=CARTESIAN_POINT('',(-0.0844815924456696,-0.0099999999999988,0.0764670588087655));
#7348=CARTESIAN_POINT('',(-0.0845113226938815,-0.0099999999999992,0.0764154610879519));
#7349=CARTESIAN_POINT('',(-0.0845757864748597,-0.0100000000000002,0.0763035822987201));
#7350=CARTESIAN_POINT('',(-0.0846391976811592,-0.0100000000000002,0.0761910305990132));
#7351=CARTESIAN_POINT('',(-0.0847014335158606,-0.0099999999999991,0.0760777486050912));
#7352=CARTESIAN_POINT('',(-0.0847274444783748,-0.0099999999999986,0.0760304033142058));
#7353=CARTESIAN_POINT('',(-0.0847532501475877,-0.0099999999999978,0.0759829304681859));
#7354=CARTESIAN_POINT('',(-0.0847788402780463,-0.0099999999999961,0.0759353243298308));
#7355=CARTESIAN_POINT('',(-0.0848144963187904,-0.0099999999999937,0.0758689922565494));
#7356=CARTESIAN_POINT('',(-0.0848497324076868,-0.0099999999999899,0.075802402778125));
#7357=CARTESIAN_POINT('',(-0.0848845292533855,-0.0099999999999865,0.0757355228862772));
#7358=CARTESIAN_POINT('',(-0.0849442846857549,-0.0099999999999806,0.0756206723366385));
#7359=CARTESIAN_POINT('',(-0.0850027452628954,-0.0099999999999771,0.0755049656234092));
#7360=CARTESIAN_POINT('',(-0.0850597597957644,-0.0099999999999837,0.0753882389714479));
#7361=CARTESIAN_POINT('',(-0.0850766790389874,-0.0099999999999857,0.0753535999677456));
#7362=CARTESIAN_POINT('',(-0.0850934708849797,-0.0099999999999883,0.0753188711156321));
#7363=CARTESIAN_POINT('',(-0.0851101309362786,-0.0099999999999911,0.0752840441915562));
#7364=CARTESIAN_POINT('',(-0.0851495806223619,-0.0099999999999978,0.0752015767851004));
#7365=CARTESIAN_POINT('',(-0.0851882436652447,-0.0099999999999987,0.0751186696426329));
#7366=CARTESIAN_POINT('',(-0.0852260674715303,-0.009999999999999,0.0750352181215901));
#7367=CARTESIAN_POINT('',(-0.085279910919335,-0.0099999999999995,0.0749164221023966));
#7368=CARTESIAN_POINT('',(-0.0853320540521444,-0.0100000000000024,0.0747965233304014));
#7369=CARTESIAN_POINT('',(-0.0853819547256675,-0.0099999999999854,0.0746759585369784));
#7370=CARTESIAN_POINT('',(-0.0853907389151133,-0.0099999999999824,0.074654735096268));
#7371=CARTESIAN_POINT('',(-0.0853994535941206,-0.0099999999999786,0.074633491003365));
#7372=CARTESIAN_POINT('',(-0.0854080968452485,-0.0099999999999737,0.0746122249567346));
#7373=CARTESIAN_POINT('',(-0.0854485476853477,-0.0099999999999506,0.0745126988132666));
#7374=CARTESIAN_POINT('',(-0.085487430701313,-0.0099999999999243,0.0744126793270598));
#7375=CARTESIAN_POINT('',(-0.0855245246757563,-0.0099999999999212,0.0743120870975581));
#7376=CARTESIAN_POINT('',(-0.0855470282938438,-0.0099999999999193,0.074251061307002));
#7377=CARTESIAN_POINT('',(-0.0855688734902684,-0.0099999999999254,0.0741898247307373));
#7378=CARTESIAN_POINT('',(-0.0855899877514356,-0.0099999999999377,0.0741283624333334));
#7379=CARTESIAN_POINT('',(-0.0856111006950454,-0.00999999999995,0.0740669039712567));
#7380=CARTESIAN_POINT('',(-0.0856314827900459,-0.0099999999999686,0.0740052198139718));
#7381=CARTESIAN_POINT('',(-0.08565105024746,-0.0099999999999831,0.0739432865186879));
#7382=CARTESIAN_POINT('',(-0.0856532076002296,-0.0099999999999847,0.0739364582444117));
#7383=CARTESIAN_POINT('',(-0.0856553550509466,-0.0099999999999862,0.0739296269418838));
#7384=CARTESIAN_POINT('',(-0.0856574924536309,-0.0099999999999876,0.073922792572002));
#7385=CARTESIAN_POINT('',(-0.0856747421737378,-0.0099999999999993,0.0738676363918235));
#7386=CARTESIAN_POINT('',(-0.0856913424632846,-0.0099999999999991,0.073812280261464));
#7387=CARTESIAN_POINT('',(-0.0857072153106548,-0.0099999999999994,0.0737567075145556));
#7388=CARTESIAN_POINT('',(-0.0857248689861951,-0.0099999999999997,0.0736948998741292));
#7389=CARTESIAN_POINT('',(-0.0857416227916243,-0.0100000000000003,0.0736328242719241));
#7390=CARTESIAN_POINT('',(-0.0857573350857006,-0.0099999999999936,0.0735704446129985));
#7391=CARTESIAN_POINT('',(-0.085757504409718,-0.0099999999999936,0.0735697723766973));
#7392=CARTESIAN_POINT('',(-0.0857576736117528,-0.0099999999999935,0.0735691001039006));
#7393=CARTESIAN_POINT('',(-0.085757842691651,-0.0099999999999934,0.0735684277945171));
#7394=CARTESIAN_POINT('',(-0.0857737042740649,-0.0099999999999867,0.0735053576672537));
#7395=CARTESIAN_POINT('',(-0.0857884913680677,-0.0099999999999914,0.073441965768256));
#7396=CARTESIAN_POINT('',(-0.0858020159304293,-0.0099999999999949,0.0733781664332153));
#7397=CARTESIAN_POINT('',(-0.0858137535980062,-0.009999999999998,0.0733227964059777));
#7398=CARTESIAN_POINT('',(-0.0858245403517317,-0.0099999999999998,0.0732671195208167));
#7399=CARTESIAN_POINT('',(-0.0858341751785951,-0.009999999999997,0.0732110334321967));
#7400=CARTESIAN_POINT('',(-0.0858356339054449,-0.0099999999999966,0.0732025419165185));
#7401=CARTESIAN_POINT('',(-0.0858370657340243,-0.0099999999999962,0.0731940424496302));
#7402=CARTESIAN_POINT('',(-0.0858384699766528,-0.0099999999999959,0.0731855347605352));
#7403=CARTESIAN_POINT('',(-0.0858438088920664,-0.0099999999999947,0.073153188617839));
#7404=CARTESIAN_POINT('',(-0.0858487490313183,-0.0099999999999946,0.0731207236351959));
#7405=CARTESIAN_POINT('',(-0.0858532257262881,-0.0099999999999944,0.0730881527101667));
#7406=CARTESIAN_POINT('',(-0.0858577046837044,-0.0099999999999942,0.0730555653243385));
#7407=CARTESIAN_POINT('',(-0.085861719722683,-0.009999999999994,0.0730228719223352));
#7408=CARTESIAN_POINT('',(-0.0858651832591662,-0.0099999999999914,0.072990202309929));
#7409=CARTESIAN_POINT('',(-0.0858686485514964,-0.0099999999999889,0.0729575161355952));
#7410=CARTESIAN_POINT('',(-0.0858715617814702,-0.0099999999999849,0.0729248537406862));
#7411=CARTESIAN_POINT('',(-0.0858738300959899,-0.0099999999999682,0.0728921821571369));
#7412=CARTESIAN_POINT('',(-0.0858749534598973,-0.00999999999996,0.0728760018270123));
#7413=CARTESIAN_POINT('',(-0.0858759186526849,-0.0099999999999485,0.0728598192414484));
#7414=CARTESIAN_POINT('',(-0.0858767063622046,-0.00999999999993,0.072843635077125));
#7415=CARTESIAN_POINT('',(-0.0858775103169534,-0.0099999999999112,0.0728271171407063));
#7416=CARTESIAN_POINT('',(-0.0858781293116082,-0.0099999999998824,0.0728106083060577));
#7417=CARTESIAN_POINT('',(-0.0858785416955359,-0.0099999999998513,0.0727940954718343));
#7418=CARTESIAN_POINT('',(-0.085878949998085,-0.0099999999998204,0.072777746065728));
#7419=CARTESIAN_POINT('',(-0.0858791557851248,-0.0099999999997877,0.0727613927354433));
#7420=CARTESIAN_POINT('',(-0.085879126169794,-0.0099999999997712,0.0727450214784749));
#7421=CARTESIAN_POINT('',(-0.0858790966058631,-0.0099999999997547,0.0727286786351529));
#7422=CARTESIAN_POINT('',(-0.0858788325027981,-0.0099999999997564,0.0727123179240516));
#7423=CARTESIAN_POINT('',(-0.0858782886048188,-0.0099999999997867,0.0726959235297154));
#7424=CARTESIAN_POINT('',(-0.0858778827950086,-0.0099999999998093,0.0726836914451948));
#7425=CARTESIAN_POINT('',(-0.0858773212026932,-0.009999999999848,0.0726714406051929));
#7426=CARTESIAN_POINT('',(-0.0858765765387773,-0.0099999999998912,0.0726591689082484));
#7427=CARTESIAN_POINT('',(-0.0858763261716382,-0.0099999999999057,0.0726550429803093));
#7428=CARTESIAN_POINT('',(-0.0858760559275246,-0.0099999999999178,0.072650919804818));
#7429=CARTESIAN_POINT('',(-0.0858757649512727,-0.0099999999999279,0.0726467991993391));
#7430=CARTESIAN_POINT('',(-0.085874606239104,-0.0099999999999681,0.072630390314839));
#7431=CARTESIAN_POINT('',(-0.0858731188570153,-0.0099999999999787,0.0726140221720858));
#7432=CARTESIAN_POINT('',(-0.0858712065564449,-0.0099999999999799,0.0725976415535923));
#7433=CARTESIAN_POINT('',(-0.0858692894158508,-0.009999999999981,0.0725812194758306));
#7434=CARTESIAN_POINT('',(-0.085866945356283,-0.0099999999999784,0.0725647850273196));
#7435=CARTESIAN_POINT('',(-0.0858640363458155,-0.0099999999999231,0.0725484366697806));
#7436=CARTESIAN_POINT('',(-0.0858625811716103,-0.0099999999998954,0.0725402587314561));
#7437=CARTESIAN_POINT('',(-0.0858609845742469,-0.009999999999853,0.0725321022953626));
#7438=CARTESIAN_POINT('',(-0.0858592349510429,-0.0099999999997752,0.0725240120273209));
#7439=CARTESIAN_POINT('',(-0.0858574861379097,-0.0099999999996975,0.0725159255050515));
#7440=CARTESIAN_POINT('',(-0.0858555844459271,-0.0099999999995848,0.0725079050893544));
#7441=CARTESIAN_POINT('',(-0.0858535147240749,-0.0099999999994022,0.072499942297665));
#7442=CARTESIAN_POINT('',(-0.0858514471507675,-0.0099999999992198,0.0724919877720206));
#7443=CARTESIAN_POINT('',(-0.0858492118878948,-0.0099999999989679,0.0724840907377497));
#7444=CARTESIAN_POINT('',(-0.0858468085747252,-0.0099999999985928,0.0724762516588262));
#7445=CARTESIAN_POINT('',(-0.0858467777012137,-0.009999999998588,0.0724761509562226));
#7446=CARTESIAN_POINT('',(-0.0858467467999643,-0.0099999999985832,0.072476050263187));
#7447=CARTESIAN_POINT('',(-0.0858467158710038,-0.0099999999985783,0.0724759495797014));
#7448=CARTESIAN_POINT('',(-0.085844341516066,-0.0099999999982052,0.072468220308255));
#7449=CARTESIAN_POINT('',(-0.0858417982143779,-0.009999999997849,0.0724605533204584));
#7450=CARTESIAN_POINT('',(-0.0858391003737868,-0.0099999999975692,0.0724529442516804));
#7451=CARTESIAN_POINT('',(-0.0858336360224055,-0.0099999999970025,0.0724375324346787));
#7452=CARTESIAN_POINT('',(-0.0858275375800985,-0.0099999999967751,0.0724223585104536));
#7453=CARTESIAN_POINT('',(-0.0858209656375814,-0.0099999999968793,0.0724073764129479));
#7454=CARTESIAN_POINT('',(-0.0858143895824266,-0.0099999999969836,0.0723923849398367));
#7455=CARTESIAN_POINT('',(-0.0858073395204361,-0.0099999999973915,0.0723775853975881));
#7456=CARTESIAN_POINT('',(-0.0857999307279265,-0.0099999999978522,0.0723629387415763));
#7457=CARTESIAN_POINT('',(-0.0857925081812582,-0.0099999999983137,0.0723482648945708));
#7458=CARTESIAN_POINT('',(-0.0857847256045518,-0.0099999999988139,0.0723337444644521));
#7459=CARTESIAN_POINT('',(-0.0857766704151334,-0.0099999999991788,0.072319373777086));
#7460=CARTESIAN_POINT('',(-0.0857745334414629,-0.0099999999992757,0.0723155613551884));
#7461=CARTESIAN_POINT('',(-0.0857723772814149,-0.009999999999364,0.0723117594658001));
#7462=CARTESIAN_POINT('',(-0.0857702037275482,-0.0099999999994427,0.0723079689499039));
#7463=CARTESIAN_POINT('',(-0.0857641723950017,-0.0099999999996613,0.0722974507556034));
#7464=CARTESIAN_POINT('',(-0.0857579964296614,-0.0099999999997757,0.0722869955716502));
#7465=CARTESIAN_POINT('',(-0.0857517091560041,-0.0099999999998475,0.0722766214924115));
#7466=CARTESIAN_POINT('',(-0.0857431723577845,-0.0099999999999449,0.0722625356698429));
#7467=CARTESIAN_POINT('',(-0.0857344303652473,-0.0099999999999657,0.0722485994407332));
#7468=CARTESIAN_POINT('',(-0.0857255070911954,-0.0099999999999768,0.0722347787231529));
#7469=CARTESIAN_POINT('',(-0.0857076963826247,-0.009999999999999,0.0722071927976703));
#7470=CARTESIAN_POINT('',(-0.0856891629484429,-0.0100000000000091,0.0721800671785344));
#7471=CARTESIAN_POINT('',(-0.0856700801599635,-0.0099999999998692,0.0721533321028071));
#7472=CARTESIAN_POINT('',(-0.085669862958091,-0.0099999999998676,0.0721530278019699));
#7473=CARTESIAN_POINT('',(-0.0856696456851394,-0.009999999999866,0.0721527235516939));
#7474=CARTESIAN_POINT('',(-0.0856694283412703,-0.0099999999998644,0.0721524193519289));
#7475=CARTESIAN_POINT('',(-0.0856505544185306,-0.0099999999997219,0.0721260029506466));
#7476=CARTESIAN_POINT('',(-0.0856311456891129,-0.0099999999995457,0.0721000064726608));
#7477=CARTESIAN_POINT('',(-0.0856112973028862,-0.009999999999461,0.0720743597797076));
#7478=CARTESIAN_POINT('',(-0.0855911994253212,-0.0099999999993753,0.0720483907115411));
#7479=CARTESIAN_POINT('',(-0.0855706507292894,-0.0099999999993733,0.0720227802653816));
#7480=CARTESIAN_POINT('',(-0.0855497042812059,-0.009999999999428,0.0719974614035409));
#7481=CARTESIAN_POINT('',(-0.0855287398026692,-0.0099999999994826,0.0719721207475253));
#7482=CARTESIAN_POINT('',(-0.085507376893654,-0.0099999999995875,0.0719470722060924));
#7483=CARTESIAN_POINT('',(-0.0854857171754369,-0.0099999999996839,0.0719223333513642));
#7484=CARTESIAN_POINT('',(-0.085469028183486,-0.0099999999997582,0.0719032718592757));
#7485=CARTESIAN_POINT('',(-0.0854521629517119,-0.0099999999998271,0.0718843942130089));
#7486=CARTESIAN_POINT('',(-0.0854351428694064,-0.0099999999998774,0.0718656908719679));
#7487=CARTESIAN_POINT('',(-0.0854079659035913,-0.0099999999999577,0.0718358261479921));
#7488=CARTESIAN_POINT('',(-0.0853803709201733,-0.0099999999999775,0.0718063745953388));
#7489=CARTESIAN_POINT('',(-0.0853524478410837,-0.0099999999999884,0.071777314878544));
#7490=CARTESIAN_POINT('',(-0.085307084599415,-0.0100000000000062,0.0717301050793829));
#7491=CARTESIAN_POINT('',(-0.0852608552808693,-0.01,0.0716839296802548));
#7492=CARTESIAN_POINT('',(-0.0852138917013327,-0.0099999999999996,0.071638608350653));
#7493=CARTESIAN_POINT('',(-0.0852015014105658,-0.0099999999999995,0.0716266513308251));
#7494=CARTESIAN_POINT('',(-0.085189060038427,-0.0099999999999994,0.0716147537339497));
#7495=CARTESIAN_POINT('',(-0.0851765701166048,-0.0099999999999991,0.0716029140693827));
#7496=CARTESIAN_POINT('',(-0.0851417220906493,-0.0099999999999985,0.0715698803207326));
#7497=CARTESIAN_POINT('',(-0.0851064997693202,-0.0099999999999985,0.0715373040453107));
#7498=CARTESIAN_POINT('',(-0.085070945878626,-0.0099999999999988,0.0715051351674424));
#7499=CARTESIAN_POINT('',(-0.0850226330247883,-0.0099999999999991,0.0714614220810762));
#7500=CARTESIAN_POINT('',(-0.0849737079590523,-0.01,0.0714184612299181));
#7501=CARTESIAN_POINT('',(-0.084924236199822,-0.0099999999999983,0.071376147343843));
#7502=CARTESIAN_POINT('',(-0.0849171633416043,-0.009999999999998,0.0713700978295037));
#7503=CARTESIAN_POINT('',(-0.0849100793069711,-0.0099999999999977,0.0713640615405416));
#7504=CARTESIAN_POINT('',(-0.0849029842544635,-0.0099999999999973,0.0713580382347899));
#7505=CARTESIAN_POINT('',(-0.0848604519411591,-0.0099999999999949,0.071321930661648));
#7506=CARTESIAN_POINT('',(-0.0848175234190186,-0.00999999999999,0.0712862924970112));
#7507=CARTESIAN_POINT('',(-0.0847742372112051,-0.0099999999999829,0.071251079227038));
#7508=CARTESIAN_POINT('',(-0.0846732333792569,-0.0099999999999663,0.0711689127499456));
#7509=CARTESIAN_POINT('',(-0.0845702819891369,-0.0099999999999362,0.071089059658507));
#7510=CARTESIAN_POINT('',(-0.0844657079182953,-0.0099999999999425,0.0710111087106697));
#7511=CARTESIAN_POINT('',(-0.0844185980145056,-0.0099999999999453,0.0709759923417326));
#7512=CARTESIAN_POINT('',(-0.0843711588089353,-0.0099999999999562,0.0709412620116771));
#7513=CARTESIAN_POINT('',(-0.0843234137921854,-0.0099999999999704,0.0709068952723447));
#7514=CARTESIAN_POINT('',(-0.0842651803739177,-0.0099999999999877,0.0708649790087792));
#7515=CARTESIAN_POINT('',(-0.0842065123592431,-0.0099999999999932,0.0708236110565422));
#7516=CARTESIAN_POINT('',(-0.0841474443495468,-0.0099999999999962,0.0707827428094927));
#7517=CARTESIAN_POINT('',(-0.0840399319553226,-0.0100000000000016,0.0707083566381854));
#7518=CARTESIAN_POINT('',(-0.0839310945738032,-0.01,0.0706356255578339));
#7519=CARTESIAN_POINT('',(-0.0838214112426435,-0.0099999999999994,0.0705645232874411));
#7520=CARTESIAN_POINT('',(-0.0837852728268707,-0.0099999999999993,0.0705410965426233));
#7521=CARTESIAN_POINT('',(-0.0837490425550197,-0.0099999999999989,0.0705178466766256));
#7522=CARTESIAN_POINT('',(-0.0837127193273085,-0.0099999999999984,0.0704947632822882));
#7523=CARTESIAN_POINT('',(-0.0836388374234337,-0.0099999999999972,0.0704478113666956));
#7524=CARTESIAN_POINT('',(-0.0835646158879485,-0.0099999999999955,0.0704015776032561));
#7525=CARTESIAN_POINT('',(-0.0834900577987213,-0.0099999999999941,0.0703559792596669));
#7526=CARTESIAN_POINT('',(-0.0833788082334916,-0.0099999999999921,0.0702879410903405));
#7527=CARTESIAN_POINT('',(-0.0832668094141637,-0.0099999999999918,0.0702213175528667));
#7528=CARTESIAN_POINT('',(-0.083154145908034,-0.0099999999999947,0.070155950261028));
#7529=CARTESIAN_POINT('',(-0.0831306262347138,-0.0099999999999954,0.0701423041621031));
#7530=CARTESIAN_POINT('',(-0.0831070775897856,-0.0099999999999961,0.0701287128194219));
#7531=CARTESIAN_POINT('',(-0.083083500342494,-0.0099999999999968,0.0701151749239699));
#7532=CARTESIAN_POINT('',(-0.0829941370721072,-0.0099999999999995,0.0700638631403344));
#7533=CARTESIAN_POINT('',(-0.0829043582874721,-0.0099999999999996,0.0700133127622147));
#7534=CARTESIAN_POINT('',(-0.0828141986304737,-0.0099999999999997,0.0699634601776072));
#7535=CARTESIAN_POINT('',(-0.0827002670698789,-0.01,0.0699004632347048));
#7536=CARTESIAN_POINT('',(-0.0825857273072227,-0.0100000000000004,0.0698385805734764));
#7537=CARTESIAN_POINT('',(-0.0824706456743864,-0.0099999999999963,0.0697777067765419));
#7538=CARTESIAN_POINT('',(-0.0824605376634709,-0.009999999999996,0.0697723600240784));
#7539=CARTESIAN_POINT('',(-0.0824504254723771,-0.0099999999999956,0.069767021054359));
#7540=CARTESIAN_POINT('',(-0.0824403091366002,-0.0099999999999951,0.0697616898131627));
#7541=CARTESIAN_POINT('',(-0.0822200816344482,-0.0099999999999851,0.0696456313945888));
#7542=CARTESIAN_POINT('',(-0.0819978731019122,-0.0099999999999665,0.0695332416944569));
#7543=CARTESIAN_POINT('',(-0.0817740353563295,-0.0099999999999632,0.0694239547785017));
#7544=CARTESIAN_POINT('',(-0.0815579018377762,-0.00999999999996,0.0693184293872602));
#7545=CARTESIAN_POINT('',(-0.0813402493729311,-0.009999999999972,0.0692157967705589));
#7546=CARTESIAN_POINT('',(-0.0811212973168581,-0.0099999999999859,0.069115677918459));
#7547=CARTESIAN_POINT('',(-0.0811030308748979,-0.009999999999987,0.069107325335552));
#7548=CARTESIAN_POINT('',(-0.0810847549838677,-0.0099999999999881,0.0690989900001908));
#7549=CARTESIAN_POINT('',(-0.0810664697370142,-0.009999999999989,0.0690906716793933));
#7550=CARTESIAN_POINT('',(-0.0808289956166871,-0.0100000000000012,0.0689826400006408));
#7551=CARTESIAN_POINT('',(-0.0805899434942123,-0.0099999999999996,0.0688774778831937));
#7552=CARTESIAN_POINT('',(-0.0803499608238942,-0.0099999999999997,0.0687749804467304));
#7553=CARTESIAN_POINT('',(-0.0801575411643246,-0.0099999999999998,0.0686927973382382));
#7554=CARTESIAN_POINT('',(-0.0799645232906985,-0.0099999999999997,0.0686123274246364));
#7555=CARTESIAN_POINT('',(-0.0797709157680858,-0.0099999999999977,0.0685333697980818));
#7556=CARTESIAN_POINT('',(-0.0797231505428668,-0.0099999999999972,0.0685138900342574));
#7557=CARTESIAN_POINT('',(-0.0796753559930998,-0.0099999999999967,0.0684945052563327));
#7558=CARTESIAN_POINT('',(-0.0796275320372648,-0.0099999999999964,0.0684752122432615));
#7559=CARTESIAN_POINT('',(-0.0793858141325733,-0.0099999999999948,0.0683776990490196));
#7560=CARTESIAN_POINT('',(-0.0791433451972473,-0.009999999999997,0.0682825296688977));
#7561=CARTESIAN_POINT('',(-0.0789001821663672,-0.0099999999999984,0.068189389544754));
#7562=CARTESIAN_POINT('',(-0.0787345175136057,-0.0099999999999993,0.0681259340668855));
#7563=CARTESIAN_POINT('',(-0.0785685306391733,-0.0099999999999998,0.0680634206054223));
#7564=CARTESIAN_POINT('',(-0.0784022246424993,-0.01,0.0680017713264336));
#7565=CARTESIAN_POINT('',(-0.0780802833960797,-0.01,0.06788242839163));
#7566=CARTESIAN_POINT('',(-0.0777571535529217,-0.0099999999999993,0.0677663270785344));
#7567=CARTESIAN_POINT('',(-0.0774330465499354,-0.0099999999999989,0.0676529889677529));
#7568=CARTESIAN_POINT('',(-0.0772953612338545,-0.0099999999999988,0.0676048413082973));
#7569=CARTESIAN_POINT('',(-0.0771574995936014,-0.0099999999999989,0.0675571922742729));
#7570=CARTESIAN_POINT('',(-0.0770194747386462,-0.0099999999999993,0.0675100158963724));
#7571=CARTESIAN_POINT('',(-0.0766647822871262,-0.0100000000000004,0.0673887833463597));
#7572=CARTESIAN_POINT('',(-0.0763090118826326,-0.0100000000000003,0.067270663383551));
#7573=CARTESIAN_POINT('',(-0.0759522955357936,-0.0099999999999996,0.0671551755768479));
#7574=CARTESIAN_POINT('',(-0.0758434392492808,-0.0099999999999994,0.067119933082674));
#7575=CARTESIAN_POINT('',(-0.0757344948669864,-0.0099999999999991,0.0670849357216768));
#7576=CARTESIAN_POINT('',(-0.0756254647142941,-0.0099999999999983,0.0670501726775542));
#7577=CARTESIAN_POINT('',(-0.0752381847441978,-0.0099999999999954,0.0669266927928087));
#7578=CARTESIAN_POINT('',(-0.0748498698611571,-0.0099999999999896,0.0668061892246796));
#7579=CARTESIAN_POINT('',(-0.0744606661440273,-0.0099999999999866,0.066688190564759));
#7580=CARTESIAN_POINT('',(-0.0739618698668953,-0.0099999999999826,0.0665369656671425));
#7581=CARTESIAN_POINT('',(-0.0734616137299542,-0.0099999999999848,0.0663898549488712));
#7582=CARTESIAN_POINT('',(-0.0729604294521169,-0.0099999999999915,0.0662461451993514));
#7583=CARTESIAN_POINT('',(-0.0729109283956461,-0.0099999999999922,0.0662319512496587));
#7584=CARTESIAN_POINT('',(-0.072861418284791,-0.0099999999999929,0.066217790477614));
#7585=CARTESIAN_POINT('',(-0.0728118992654124,-0.0099999999999935,0.0662036622046521));
#7586=CARTESIAN_POINT('',(-0.0723600586370342,-0.0099999999999997,0.0660747475408903));
#7587=CARTESIAN_POINT('',(-0.0719074664471565,-0.0099999999999996,0.0659485299748443));
#7588=CARTESIAN_POINT('',(-0.0714542528808471,-0.01,0.0658244998480304));
#7589=CARTESIAN_POINT('',(-0.0709625097348865,-0.01,0.0656899254017048));
#7590=CARTESIAN_POINT('',(-0.0704700350737871,-0.01,0.0655579261199354));
#7591=CARTESIAN_POINT('',(-0.0699769862185184,-0.01,0.0654280014450878));
#7592=CARTESIAN_POINT('',(-0.0694616072267954,-0.01,0.0652921924938909));
#7593=CARTESIAN_POINT('',(-0.0689455929500212,-0.01,0.0651586465149634));
#7594=CARTESIAN_POINT('',(-0.0684291061047089,-0.0099999999999996,0.0650267879662384));
#7595=CARTESIAN_POINT('',(-0.0679960904622766,-0.0099999999999993,0.0649162395278715));
#7596=CARTESIAN_POINT('',(-0.0675627426568804,-0.0099999999999991,0.0648068771739173));
#7597=CARTESIAN_POINT('',(-0.067129136607718,-0.0099999999999995,0.0646984311606742));
#7598=CARTESIAN_POINT('',(-0.0665507653927716,-0.01,0.0645537789987482));
#7599=CARTESIAN_POINT('',(-0.0659719378982776,-0.01,0.0644107534805648));
#7600=CARTESIAN_POINT('',(-0.0653928334579642,-0.01,0.064268713349726));
#7601=CARTESIAN_POINT('',(-0.0650199354207888,-0.01,0.0641772505974091));
#7602=CARTESIAN_POINT('',(-0.0646469225529178,-0.01,0.0640861964214708));
#7603=CARTESIAN_POINT('',(-0.0642738377838226,-0.01,0.0639953986617576));
#7604=CARTESIAN_POINT('',(-0.063633155497438,-0.01,0.0638394756085792));
#7605=CARTESIAN_POINT('',(-0.0629922623590463,-0.0099999999999993,0.0636843047164644));
#7606=CARTESIAN_POINT('',(-0.0623513732208033,-0.0099999999999987,0.063529119309089));
#7607=CARTESIAN_POINT('',(-0.0620394756388945,-0.0099999999999984,0.0634535961797056));
#7608=CARTESIAN_POINT('',(-0.061727579005045,-0.0099999999999985,0.0633780696128169));
#7609=CARTESIAN_POINT('',(-0.0614157070775422,-0.0099999999999991,0.0633024548764692));
#7610=CARTESIAN_POINT('',(-0.0607135681503476,-0.0100000000000004,0.0631322181697405));
#7611=CARTESIAN_POINT('',(-0.0600115565473482,-0.0100000000000009,0.0629615266648458));
#7612=CARTESIAN_POINT('',(-0.0593099472159727,-0.009999999999999,0.0627894039460337));
#7613=CARTESIAN_POINT('',(-0.0590595667869347,-0.0099999999999983,0.0627279792211104));
#7614=CARTESIAN_POINT('',(-0.0588092375892431,-0.0099999999999971,0.0626663722266113));
#7615=CARTESIAN_POINT('',(-0.0585589724493032,-0.0099999999999939,0.062604536881407));
#7616=CARTESIAN_POINT('',(-0.0577964576068359,-0.0099999999999842,0.0624161352185997));
#7617=CARTESIAN_POINT('',(-0.0570345412187475,-0.0099999999998818,0.0622256028210856));
#7618=CARTESIAN_POINT('',(-0.0562735746976131,-0.0099999999998814,0.0620316815777141));
#7619=CARTESIAN_POINT('',(-0.0560849219762039,-0.0099999999998813,0.0619836061771741));
#7620=CARTESIAN_POINT('',(-0.0558963276271367,-0.0099999999998905,0.061935322495468));
#7621=CARTESIAN_POINT('',(-0.0557077978211599,-0.0099999999999087,0.0618868093088656));
#7622=CARTESIAN_POINT('',(-0.0548862722923657,-0.0099999999999877,0.0616754113229052));
#7623=CARTESIAN_POINT('',(-0.0540659611336833,-0.0099999999999908,0.0614596011932399));
#7624=CARTESIAN_POINT('',(-0.0532474165436537,-0.0099999999999936,0.0612375765777916));
#7625=CARTESIAN_POINT('',(-0.0522410081451727,-0.0099999999999969,0.0609645951906096));
#7626=CARTESIAN_POINT('',(-0.0512372703227719,-0.0100000000000078,0.060682219079153));
#7627=CARTESIAN_POINT('',(-0.0502372679746989,-0.0099999999999233,0.0603864345696701));
#7628=CARTESIAN_POINT('',(-0.0501715280207928,-0.0099999999999177,0.0603669897553084));
#7629=CARTESIAN_POINT('',(-0.0501058042101239,-0.0099999999999116,0.0603474869960222));
#7630=CARTESIAN_POINT('',(-0.050040097059715,-0.009999999999905,0.0603279249477805));
#7631=CARTESIAN_POINT('',(-0.0491063096562277,-0.0099999999998105,0.0600499218062528));
#7632=CARTESIAN_POINT('',(-0.0481758601132969,-0.0100000000000012,0.0597600309150697));
#7633=CARTESIAN_POINT('',(-0.0472499006925785,-0.0099999999999984,0.0594541291131617));
#7634=CARTESIAN_POINT('',(-0.0472446628734702,-0.0099999999999983,0.0594523987367894));
#7635=CARTESIAN_POINT('',(-0.0472394251981185,-0.0099999999999983,0.0594506678479913));
#7636=CARTESIAN_POINT('',(-0.04723418766653,-0.0099999999999983,0.0594489364456604));
#7637=CARTESIAN_POINT('',(-0.0465979112210903,-0.009999999999996,0.0592385987126892));
#7638=CARTESIAN_POINT('',(-0.0459637589699152,-0.0099999999999196,0.0590206854076555));
#7639=CARTESIAN_POINT('',(-0.04533221739325,-0.0099999999999061,0.0587934897735324));
#7640=CARTESIAN_POINT('',(-0.0450395419959897,-0.0099999999998999,0.058688200470453));
#7641=CARTESIAN_POINT('',(-0.0447474270579445,-0.0099999999999309,0.0585809182229179));
#7642=CARTESIAN_POINT('',(-0.044455919706952,-0.0099999999999695,0.0584714769162292));
#7643=CARTESIAN_POINT('',(-0.0444018642624849,-0.0099999999999767,0.0584511827505556));
#7644=CARTESIAN_POINT('',(-0.0443478312924589,-0.0099999999999818,0.0584308142543508));
#7645=CARTESIAN_POINT('',(-0.0442938193469131,-0.0099999999999856,0.0584103697308902));
#7646=CARTESIAN_POINT('',(-0.0438879374258671,-0.0100000000000144,0.0582567358935375));
#7647=CARTESIAN_POINT('',(-0.0434832413519199,-0.01,0.0580988134583322));
#7648=CARTESIAN_POINT('',(-0.043079900106319,-0.01,0.0579360381436412));
#7649=CARTESIAN_POINT('',(-0.0426999028390396,-0.01,0.0577826836939346));
#7650=CARTESIAN_POINT('',(-0.0423211020106822,-0.01,0.0576250099214305));
#7651=CARTESIAN_POINT('',(-0.0419447079900168,-0.01,0.0574629584771379));
#7652=CARTESIAN_POINT('',(-0.0418684204674383,-0.01,0.057430113897956));
#7653=CARTESIAN_POINT('',(-0.0417922317477108,-0.01,0.0573970896441088));
#7654=CARTESIAN_POINT('',(-0.0417161517891708,-0.01,0.0573638854752925));
#7655=CARTESIAN_POINT('',(-0.0416050718020794,-0.01,0.0573154059714352));
#7656=CARTESIAN_POINT('',(-0.0414942162756745,-0.0100000000000003,0.0572665381108811));
#7657=CARTESIAN_POINT('',(-0.0413836002973005,-0.009999999999999,0.057217274639413));
#7658=CARTESIAN_POINT('',(-0.0408134667593197,-0.0099999999999925,0.0569633623412602));
#7659=CARTESIAN_POINT('',(-0.0402496958412692,-0.0099999999997952,0.0566989439668096));
#7660=CARTESIAN_POINT('',(-0.0396930548621667,-0.0099999999997556,0.0564221323607407));
#7661=CARTESIAN_POINT('',(-0.0394798443152824,-0.0099999999997404,0.0563161050358947));
#7662=CARTESIAN_POINT('',(-0.0392676799638655,-0.0099999999997746,0.0562082589917703));
#7663=CARTESIAN_POINT('',(-0.0390566055541509,-0.0099999999998483,0.0560984861389723));
#7664=CARTESIAN_POINT('',(-0.038893725878988,-0.0099999999999052,0.0560137777812438));
#7665=CARTESIAN_POINT('',(-0.0387315034126903,-0.0099999999999362,0.0559279184214259));
#7666=CARTESIAN_POINT('',(-0.0385699684085405,-0.0099999999999563,0.0558408621882574));
#7667=CARTESIAN_POINT('',(-0.0381113011222239,-0.0100000000000135,0.0555936721353368));
#7668=CARTESIAN_POINT('',(-0.0376581768515317,-0.0099999999999995,0.055336831834363));
#7669=CARTESIAN_POINT('',(-0.0372113737774803,-0.01,0.0550689532047604));
#7670=CARTESIAN_POINT('',(-0.0369759474382097,-0.01,0.0549278044777287));
#7671=CARTESIAN_POINT('',(-0.0367422760022356,-0.01,0.0547835912381837));
#7672=CARTESIAN_POINT('',(-0.0365105248843673,-0.01,0.0546361280006984));
#7673=CARTESIAN_POINT('',(-0.0363024475039953,-0.01,0.0545037283625032));
#7674=CARTESIAN_POINT('',(-0.0360958741927094,-0.0099999999999991,0.0543686709586571));
#7675=CARTESIAN_POINT('',(-0.0358909266554237,-0.0099999999999776,0.0542308271545652));
#7676=CARTESIAN_POINT('',(-0.0356888503659996,-0.0099999999999563,0.0540949144970145));
#7677=CARTESIAN_POINT('',(-0.0354883546342959,-0.0099999999999133,0.0539562929789899));
#7678=CARTESIAN_POINT('',(-0.0352894676193063,-0.0099999999999025,0.0538147125736853));
#7679=CARTESIAN_POINT('',(-0.0350619892891138,-0.00999999999989,0.0536527790548563));
#7680=CARTESIAN_POINT('',(-0.0348368244038151,-0.0099999999999563,0.0534871326119767));
#7681=CARTESIAN_POINT('',(-0.0346139096771699,-0.0099999999999816,0.0533173123633055));
#7682=CARTESIAN_POINT('',(-0.0344442611604789,-0.0100000000000008,0.0531880712237688));
#7683=CARTESIAN_POINT('',(-0.0342759161423759,-0.01,0.0530564125354163));
#7684=CARTESIAN_POINT('',(-0.0341092330301305,-0.01,0.0529224546742615));
#7685=CARTESIAN_POINT('',(-0.0338652505417582,-0.01,0.052726373788434));
#7686=CARTESIAN_POINT('',(-0.0336244362206841,-0.0099999999999625,0.0525250325373249));
#7687=CARTESIAN_POINT('',(-0.0333883133473658,-0.0099999999999085,0.052319152179761));
#7688=CARTESIAN_POINT('',(-0.0332511597886864,-0.0099999999998771,0.0521995651897111));
#7689=CARTESIAN_POINT('',(-0.0331155887005932,-0.0099999999998768,0.0520784476036498));
#7690=CARTESIAN_POINT('',(-0.0329816903050324,-0.009999999999929,0.0519558142939057));
#7691=CARTESIAN_POINT('',(-0.0327417781776333,-0.0100000000000225,0.0517360863568569));
#7692=CARTESIAN_POINT('',(-0.0325074998656038,-0.0099999999999994,0.051511663128235));
#7693=CARTESIAN_POINT('',(-0.0322788615237552,-0.01,0.0512821568371223));
#7694=CARTESIAN_POINT('',(-0.0322656329173726,-0.01,0.0512688780127443));
#7695=CARTESIAN_POINT('',(-0.0322524232016048,-0.01,0.0512555821621859));
#7696=CARTESIAN_POINT('',(-0.0322392323815318,-0.01,0.0512422692065126));
#7697=CARTESIAN_POINT('',(-0.0321341077145267,-0.01,0.051136171175893));
#7698=CARTESIAN_POINT('',(-0.0320301830283946,-0.01,0.0510289868872419));
#7699=CARTESIAN_POINT('',(-0.0319274666031427,-0.01,0.0509206726581196));
#7700=CARTESIAN_POINT('',(-0.0316699811610657,-0.01,0.0506491548643454));
#7701=CARTESIAN_POINT('',(-0.0314200767352727,-0.010000000000005,0.0503705243460862));
#7702=CARTESIAN_POINT('',(-0.0311782141569838,-0.0099999999999949,0.0500843647270389));
#7703=CARTESIAN_POINT('',(-0.0311022395638167,-0.0099999999999918,0.0499944754155473));
#7704=CARTESIAN_POINT('',(-0.0310270585592277,-0.0099999999999865,0.0499038431415155));
#7705=CARTESIAN_POINT('',(-0.0309526844277447,-0.0099999999999741,0.0498124459212579));
#7706=CARTESIAN_POINT('',(-0.0307231797137232,-0.0099999999999358,0.0495304111266414));
#7707=CARTESIAN_POINT('',(-0.0305014835158343,-0.0099999999999886,0.0492413101190716));
#7708=CARTESIAN_POINT('',(-0.030288103470457,-0.0099999999999973,0.0489446934383844));
#7709=CARTESIAN_POINT('',(-0.0302627836300237,-0.0099999999999983,0.0489094966747341));
#7710=CARTESIAN_POINT('',(-0.0302375808493873,-0.009999999999999,0.0488741941372629));
#7711=CARTESIAN_POINT('',(-0.0302124959480276,-0.0099999999999994,0.0488387851162198));
#7712=CARTESIAN_POINT('',(-0.030162383842644,-0.01,0.0487680485177935));
#7713=CARTESIAN_POINT('',(-0.030112742186286,-0.01,0.048696886969662));
#7714=CARTESIAN_POINT('',(-0.0300636197686556,-0.01,0.0486253630178362));
#7715=CARTESIAN_POINT('',(-0.0299631742112058,-0.01,0.0484791107859893));
#7716=CARTESIAN_POINT('',(-0.0298647405280714,-0.0099999999999963,0.0483311047662945));
#7717=CARTESIAN_POINT('',(-0.0297687948833445,-0.0099999999999943,0.0481819676719844));
#7718=CARTESIAN_POINT('',(-0.0297305649554445,-0.0099999999999935,0.0481225433971369));
#7719=CARTESIAN_POINT('',(-0.0296927299301761,-0.0099999999999942,0.0480629396729778));
#7720=CARTESIAN_POINT('',(-0.0296552916136848,-0.0099999999999963,0.0480031607950144));
#7721=CARTESIAN_POINT('',(-0.0295529187254774,-0.0100000000000021,0.0478396989472487));
#7722=CARTESIAN_POINT('',(-0.0294536195175731,-0.01,0.0476750668363966));
#7723=CARTESIAN_POINT('',(-0.029357281757205,-0.01,0.0475091095113749));
#7724=CARTESIAN_POINT('',(-0.0293299684473774,-0.0099999999999998,0.047462057931401));
#7725=CARTESIAN_POINT('',(-0.0293028932749598,-0.0099999999999997,0.0474148997881231));
#7726=CARTESIAN_POINT('',(-0.0292760552990566,-0.0099999999999995,0.0473676325106732));
#7727=CARTESIAN_POINT('',(-0.0290567503055886,-0.0099999999999976,0.0469813906416968));
#7728=CARTESIAN_POINT('',(-0.0288532412332877,-0.0099999999999974,0.0465878092358844));
#7729=CARTESIAN_POINT('',(-0.0286658805843228,-0.0099999999999989,0.0461869062026537));
#7730=CARTESIAN_POINT('',(-0.0286552003161891,-0.009999999999999,0.0461640532080992));
#7731=CARTESIAN_POINT('',(-0.0286445725085976,-0.009999999999999,0.0461411764286286));
#7732=CARTESIAN_POINT('',(-0.0286339972222206,-0.0099999999999991,0.0461182758698283));
#7733=CARTESIAN_POINT('',(-0.0286245293480068,-0.0099999999999992,0.0460977733886265));
#7734=CARTESIAN_POINT('',(-0.0286151035712031,-0.0099999999999993,0.0460772518475426));
#7735=CARTESIAN_POINT('',(-0.028605719959721,-0.0099999999999993,0.0460567112824012));
#7736=CARTESIAN_POINT('',(-0.0284174386647575,-0.0100000000000006,0.0456445667459955));
#7737=CARTESIAN_POINT('',(-0.0282461269420789,-0.0100000000000004,0.0452247504372764));
#7738=CARTESIAN_POINT('',(-0.0280922156430623,-0.0099999999999996,0.0447972400487961));
#7739=CARTESIAN_POINT('',(-0.0280795848520419,-0.0099999999999996,0.0447621562413664));
#7740=CARTESIAN_POINT('',(-0.0280670712748668,-0.0099999999999995,0.0447270206047542));
#7741=CARTESIAN_POINT('',(-0.0280546751641221,-0.0099999999999994,0.0446918331204155));
#7742=CARTESIAN_POINT('',(-0.0280516863965676,-0.0099999999999994,0.0446833492327119));
#7743=CARTESIAN_POINT('',(-0.0280487044569145,-0.0099999999999993,0.0446748623022048));
#7744=CARTESIAN_POINT('',(-0.0280457293511532,-0.0099999999999993,0.0446663723386536));
#7745=CARTESIAN_POINT('',(-0.0279673541526303,-0.0099999999999985,0.0444427155572918));
#7746=CARTESIAN_POINT('',(-0.0278937238877744,-0.0099999999999914,0.0442169530708916));
#7747=CARTESIAN_POINT('',(-0.0278248431421005,-0.0099999999999971,0.0439887271336194));
#7748=CARTESIAN_POINT('',(-0.0278176346756463,-0.0099999999999977,0.043964842969813));
#7749=CARTESIAN_POINT('',(-0.0278104791792099,-0.0099999999999981,0.0439409342850167));
#7750=CARTESIAN_POINT('',(-0.027803376291815,-0.0099999999999984,0.0439169995359785));
#7751=CARTESIAN_POINT('',(-0.0277517741544042,-0.010000000000001,0.043743114728281));
#7752=CARTESIAN_POINT('',(-0.0277029447250945,-0.0100000000000002,0.0435678558460955));
#7753=CARTESIAN_POINT('',(-0.0276570582674253,-0.0099999999999997,0.0433918316920572));
#7754=CARTESIAN_POINT('',(-0.0276466157437377,-0.0099999999999996,0.0433517733286206));
#7755=CARTESIAN_POINT('',(-0.0276363258421202,-0.0099999999999994,0.0433116752823777));
#7756=CARTESIAN_POINT('',(-0.0276261909519111,-0.009999999999999,0.0432715447001618));
#7757=CARTESIAN_POINT('',(-0.0276161400393461,-0.0099999999999987,0.0432317466397282));
#7758=CARTESIAN_POINT('',(-0.0276062396011095,-0.0099999999999984,0.043191909497705));
#7759=CARTESIAN_POINT('',(-0.0275964936245936,-0.0099999999999981,0.0431520458888272));
#7760=CARTESIAN_POINT('',(-0.0275472845931798,-0.0099999999999964,0.0429507679996051));
#7761=CARTESIAN_POINT('',(-0.0275020157433439,-0.0099999999999971,0.0427488147123103));
#7762=CARTESIAN_POINT('',(-0.027460704023328,-0.0099999999999989,0.0425466960406124));
#7763=CARTESIAN_POINT('',(-0.0274495955173865,-0.0099999999999994,0.0424923473844786));
#7764=CARTESIAN_POINT('',(-0.0274387728069009,-0.0099999999999996,0.0424379837904581));
#7765=CARTESIAN_POINT('',(-0.0274282350090777,-0.0099999999999998,0.0423836101815661));
#7766=CARTESIAN_POINT('',(-0.0273918219662322,-0.0100000000000002,0.042195723814466));
#7767=CARTESIAN_POINT('',(-0.0273588102134815,-0.01,0.042007718057483));
#7768=CARTESIAN_POINT('',(-0.027329114139397,-0.01,0.0418194341399979));
#7769=CARTESIAN_POINT('',(-0.0273184940028686,-0.01,0.0417520986092437));
#7770=CARTESIAN_POINT('',(-0.0273082987685799,-0.0099999999999998,0.041684732670788));
#7771=CARTESIAN_POINT('',(-0.0272985251838345,-0.0099999999999998,0.0416173329846941));
#7772=CARTESIAN_POINT('',(-0.0272616527431461,-0.0099999999999996,0.0413630566886716));
#7773=CARTESIAN_POINT('',(-0.0272307824667415,-0.0099999999999994,0.041108299914858));
#7774=CARTESIAN_POINT('',(-0.027205812793158,-0.0099999999999994,0.0408531282406521));
#7775=CARTESIAN_POINT('',(-0.0271896755792347,-0.0099999999999995,0.0406882177991897));
#7776=CARTESIAN_POINT('',(-0.0271760026281432,-0.0099999999999996,0.040523134125669));
#7777=CARTESIAN_POINT('',(-0.0271647681879068,-0.0099999999999998,0.0403578774470118));
#7778=CARTESIAN_POINT('',(-0.0271587220973798,-0.01,0.0402689404979212));
#7779=CARTESIAN_POINT('',(-0.0271533825164454,-0.01,0.0401799552091916));
#7780=CARTESIAN_POINT('',(-0.0271487451086085,-0.01,0.0400909207832442));
#7781=CARTESIAN_POINT('',(-0.027135565953469,-0.01,0.0398378918167217));
#7782=CARTESIAN_POINT('',(-0.0271280583041891,-0.01,0.0395844659995534));
#7783=CARTESIAN_POINT('',(-0.0271261454646931,-0.01,0.0393306437867476));
#7784=CARTESIAN_POINT('',(-0.0271250325508446,-0.01,0.0391829668612768));
#7785=CARTESIAN_POINT('',(-0.0271258134052957,-0.01,0.0390351557512768));
#7786=CARTESIAN_POINT('',(-0.0271284756988469,-0.01,0.0388872097585416));
#7787=CARTESIAN_POINT('',(-0.0271303637822263,-0.0099999999999998,0.0387822873055619));
#7788=CARTESIAN_POINT('',(-0.0271331978861831,-0.0099999999999998,0.0386772971358491));
#7789=CARTESIAN_POINT('',(-0.0271369734769903,-0.0099999999999998,0.0385722395611327));
#7790=CARTESIAN_POINT('',(-0.0271460230752569,-0.0099999999999998,0.0383204302696601));
#7791=CARTESIAN_POINT('',(-0.0271604818733593,-0.01,0.0380682337468288));
#7792=CARTESIAN_POINT('',(-0.0271802989131471,-0.01,0.0378156561380666));
#7793=CARTESIAN_POINT('',(-0.0271852365119185,-0.01,0.0377527240904923));
#7794=CARTESIAN_POINT('',(-0.0271905067251179,-0.01,0.0376897683842499));
#7795=CARTESIAN_POINT('',(-0.027196108901692,-0.01,0.0376267891228005));
#7796=CARTESIAN_POINT('',(-0.027201703626278,-0.01,0.0375638936360601));
#7797=CARTESIAN_POINT('',(-0.0272076294316929,-0.01,0.0375009746567393));
#7798=CARTESIAN_POINT('',(-0.027213885614275,-0.01,0.0374380322843631));
#7799=CARTESIAN_POINT('',(-0.0272148916355855,-0.01,0.0374279108777208));
#7800=CARTESIAN_POINT('',(-0.0272159061997585,-0.01,0.037417788866179));
#7801=CARTESIAN_POINT('',(-0.0272169293046863,-0.01,0.0374076662501974));
#7802=CARTESIAN_POINT('',(-0.0832014283395197,-0.00999999999999367,0.0701834806219844));
#7803=CARTESIAN_POINT('',(-0.0874460339546204,-0.01,0.0699694231152535));
#7804=CARTESIAN_POINT('',(-0.0643505454063416,-0.01,0.0909653156995773));
#7805=CARTESIAN_POINT('',(-0.0630406833899821,-0.00999999999999897,0.0869222035203273));
#7806=CARTESIAN_POINT('',(-0.0137543608328767,-0.01,0.0581089312098297));
#7807=CARTESIAN_POINT('',(-0.0142900456089542,-0.01,0.058393903307893));
#7808=CARTESIAN_POINT('',(-0.014823874797889,-0.01,0.0586819102867576));
#7809=CARTESIAN_POINT('',(-0.0153558167287036,-0.01,0.0589730109641437));
#7810=CARTESIAN_POINT('',(-0.0160665295349245,-0.0099999999999995,0.0593619424758994));
#7811=CARTESIAN_POINT('',(-0.0167738734528575,-0.0100000000000035,0.0597563964753113));
#7812=CARTESIAN_POINT('',(-0.0174778036483757,-0.0099999999999759,0.0601564939451904));
#7813=CARTESIAN_POINT('',(-0.018181809142655,-0.0099999999999483,0.0605566342131252));
#7814=CARTESIAN_POINT('',(-0.0188824001872707,-0.009999999999901,0.0609624191540821));
#7815=CARTESIAN_POINT('',(-0.0195795642161723,-0.0099999999996363,0.0613739286573031));
#7816=CARTESIAN_POINT('',(-0.0201200831101065,-0.0099999999994311,0.0616929764743208));
#7817=CARTESIAN_POINT('',(-0.0206585419821814,-0.0099999999990954,0.0620154653863692));
#7818=CARTESIAN_POINT('',(-0.0211949270414814,-0.0099999999983845,0.0623414053062245));
#7819=CARTESIAN_POINT('',(-0.0213504138975443,-0.0099999999981784,0.0624358884998277));
#7820=CARTESIAN_POINT('',(-0.0215057244731552,-0.0099999999979798,0.0625306581384557));
#7821=CARTESIAN_POINT('',(-0.021660858148162,-0.0099999999977993,0.0626257143203447));
#7822=CARTESIAN_POINT('',(-0.0230418005932696,-0.0099999999961922,0.0634718692008672));
#7823=CARTESIAN_POINT('',(-0.0244087261465288,-0.0099999999969592,0.0643407303334525));
#7824=CARTESIAN_POINT('',(-0.0257624394700884,-0.0099999999981433,0.0652316928906419));
#7825=CARTESIAN_POINT('',(-0.0266408873322422,-0.0099999999989117,0.0658098538202868));
#7826=CARTESIAN_POINT('',(-0.0275137714325349,-0.0099999999995846,0.0663973211365335));
#7827=CARTESIAN_POINT('',(-0.0283810570080034,-0.0099999999998321,0.0669928783275777));
#7828=CARTESIAN_POINT('',(-0.0288507924705073,-0.0099999999999661,0.0673154414376946));
#7829=CARTESIAN_POINT('',(-0.0293189949986353,-0.0099999999999816,0.067640460020699));
#7830=CARTESIAN_POINT('',(-0.0297856280949212,-0.0099999999999921,0.0679677156961872));
#7831=CARTESIAN_POINT('',(-0.0304881916498893,-0.0100000000000079,0.0684604323778468));
#7832=CARTESIAN_POINT('',(-0.0311871973065905,-0.01,0.0689582204272332));
#7833=CARTESIAN_POINT('',(-0.0318832129378086,-0.01,0.0694600445687709));
#7834=CARTESIAN_POINT('',(-0.0325028732809443,-0.01,0.0699068168908162));
#7835=CARTESIAN_POINT('',(-0.0331201254167101,-0.01,0.0703567598020745));
#7836=CARTESIAN_POINT('',(-0.0337355063449535,-0.01,0.0708092479793806));
#7837=CARTESIAN_POINT('',(-0.0342191278621356,-0.01,0.0711648537656054));
#7838=CARTESIAN_POINT('',(-0.0347015936192774,-0.01,0.0715220316482917));
#7839=CARTESIAN_POINT('',(-0.0351833460929077,-0.01,0.0718802343609419));
#7840=CARTESIAN_POINT('',(-0.0358474218244796,-0.01,0.0723740018898591));
#7841=CARTESIAN_POINT('',(-0.0365101496600698,-0.01,0.0728697226010559));
#7842=CARTESIAN_POINT('',(-0.037172538267186,-0.01,0.0733658506806578));
#7843=CARTESIAN_POINT('',(-0.0373279240777785,-0.01,0.0734822344212271));
#7844=CARTESIAN_POINT('',(-0.037483291203251,-0.01,0.0735986405590393));
#7845=CARTESIAN_POINT('',(-0.0376386526517588,-0.01,0.0737150491252573));
#7846=CARTESIAN_POINT('',(-0.0380147328701373,-0.01,0.0739968369138293));
#7847=CARTESIAN_POINT('',(-0.0383907798439409,-0.01,0.0742786389033786));
#7848=CARTESIAN_POINT('',(-0.0387670928884034,-0.01,0.0745600068530999));
#7849=CARTESIAN_POINT('',(-0.0396897855824769,-0.01,0.0752499009595483));
#7850=CARTESIAN_POINT('',(-0.0406140672253152,-0.0099999999997666,0.0759372591553833));
#7851=CARTESIAN_POINT('',(-0.0415453104989079,-0.0099999999997745,0.0766160208699169));
#7852=CARTESIAN_POINT('',(-0.0417681357711148,-0.0099999999997764,0.0767784330645532));
#7853=CARTESIAN_POINT('',(-0.0419913597650963,-0.0099999999998091,0.0769403528242263));
#7854=CARTESIAN_POINT('',(-0.0422150810049111,-0.0099999999998623,0.0771016748191576));
#7855=CARTESIAN_POINT('',(-0.0426492715816603,-0.0099999999999655,0.0774147630627215));
#7856=CARTESIAN_POINT('',(-0.0430850438392688,-0.0099999999999808,0.0777254220479952));
#7857=CARTESIAN_POINT('',(-0.0435230871798932,-0.0099999999999895,0.0780328852918911));
#7858=CARTESIAN_POINT('',(-0.0441871522436727,-0.0100000000000027,0.0784989935047829));
#7859=CARTESIAN_POINT('',(-0.044856435768412,-0.0100000000000071,0.0789577578967423));
#7860=CARTESIAN_POINT('',(-0.0455310225442246,-0.0099999999999639,0.0794047173001922));
#7861=CARTESIAN_POINT('',(-0.0455989645733311,-0.0099999999999595,0.079449733493642));
#7862=CARTESIAN_POINT('',(-0.0456669604071113,-0.0099999999999545,0.0794946299290651));
#7863=CARTESIAN_POINT('',(-0.0457350116484159,-0.0099999999999486,0.0795394038730302));
#7864=CARTESIAN_POINT('',(-0.0465598740157317,-0.0099999999998773,0.0800821175797179));
#7865=CARTESIAN_POINT('',(-0.0473932113950349,-0.0099999999998508,0.0806070114329827));
#7866=CARTESIAN_POINT('',(-0.0482373021401154,-0.0099999999998966,0.0811088212880793));
#7867=CARTESIAN_POINT('',(-0.0486103595413774,-0.0099999999999169,0.0813306029881644));
#7868=CARTESIAN_POINT('',(-0.0489855171959437,-0.0099999999999443,0.081547876160651));
#7869=CARTESIAN_POINT('',(-0.0493629703899605,-0.0099999999999654,0.0817601895592455));
#7870=CARTESIAN_POINT('',(-0.0494599236694484,-0.0099999999999709,0.0818147247455925));
#7871=CARTESIAN_POINT('',(-0.0495570264499399,-0.0099999999999672,0.0818689357712912));
#7872=CARTESIAN_POINT('',(-0.0496542829608686,-0.0099999999999513,0.0819228147414435));
#7873=CARTESIAN_POINT('',(-0.0503506105184105,-0.0099999999998377,0.0823085720684411));
#7874=CARTESIAN_POINT('',(-0.0510548215466195,-0.0099999999967729,0.0826773104401062));
#7875=CARTESIAN_POINT('',(-0.0517674782729303,-0.0099999999937508,0.0830279326884682));
#7876=CARTESIAN_POINT('',(-0.0522195952039915,-0.0099999999918336,0.0832503711346916));
#7877=CARTESIAN_POINT('',(-0.0526751105975514,-0.0099999999919579,0.0834655175888652));
#7878=CARTESIAN_POINT('',(-0.0531341592790258,-0.0099999999953113,0.0836730851731126));
#7879=CARTESIAN_POINT('',(-0.0534097169411028,-0.0099999999973243,0.0837976838062129));
#7880=CARTESIAN_POINT('',(-0.0536865290932725,-0.0099999999982963,0.0839195983758333));
#7881=CARTESIAN_POINT('',(-0.0539646148181513,-0.0099999999988913,0.0840387748379455));
#7882=CARTESIAN_POINT('',(-0.0547003904382231,-0.0100000000004655,0.0843540989537259));
#7883=CARTESIAN_POINT('',(-0.0554450828916688,-0.0099999999999893,0.0846502538878634));
#7884=CARTESIAN_POINT('',(-0.0561983244721944,-0.0099999999999503,0.0849278979848614));
#7885=CARTESIAN_POINT('',(-0.0564866201071721,-0.0099999999999353,0.0850341634690186));
#7886=CARTESIAN_POINT('',(-0.0567761679425894,-0.0099999999999008,0.085137717429611));
#7887=CARTESIAN_POINT('',(-0.0570669356158232,-0.0099999999998246,0.085238612699022));
#7888=CARTESIAN_POINT('',(-0.0575359343331932,-0.0099999999997015,0.0854013534583923));
#7889=CARTESIAN_POINT('',(-0.0580081388907569,-0.009999999999899,0.0855571351904133));
#7890=CARTESIAN_POINT('',(-0.0584835507249444,-0.0099999999999612,0.0857062822041864));
#7891=CARTESIAN_POINT('',(-0.0586860821314197,-0.0099999999999877,0.0857698207034386));
#7892=CARTESIAN_POINT('',(-0.0588891957796894,-0.0099999999999951,0.0858321549231426));
#7893=CARTESIAN_POINT('',(-0.0590928924520739,-0.0099999999999969,0.0858933165880371));
#7894=CARTESIAN_POINT('',(-0.0595871958351978,-0.0100000000000014,0.0860417353988155));
#7895=CARTESIAN_POINT('',(-0.0600848352137521,-0.0100000000000003,0.086183187068338));
#7896=CARTESIAN_POINT('',(-0.0605852262470994,-0.0099999999999995,0.0863179208646655));
#7897=CARTESIAN_POINT('',(-0.0606625843180163,-0.0099999999999993,0.0863387500679817));
#7898=CARTESIAN_POINT('',(-0.0607400081093397,-0.0099999999999992,0.0863594188076931));
#7899=CARTESIAN_POINT('',(-0.060817495415384,-0.0099999999999989,0.0863799281029064));
#7900=CARTESIAN_POINT('',(-0.0609301753590572,-0.0099999999999984,0.086409752165032));
#7901=CARTESIAN_POINT('',(-0.0610429896059874,-0.0099999999999978,0.0864392390562901));
#7902=CARTESIAN_POINT('',(-0.0611558941036538,-0.0099999999999968,0.0864683839564333));
#7903=CARTESIAN_POINT('',(-0.0614365828910556,-0.0099999999999941,0.0865408402965191));
#7904=CARTESIAN_POINT('',(-0.0617182266270326,-0.0099999999999945,0.0866112803970945));
#7905=CARTESIAN_POINT('',(-0.0620001989961452,-0.009999999999996,0.0866796292693231));
#7906=CARTESIAN_POINT('',(-0.0623948859622095,-0.009999999999998,0.0867752996681594));
#7907=CARTESIAN_POINT('',(-0.0627902157510132,-0.01,0.0868668721319588));
#7908=CARTESIAN_POINT('',(-0.0631862894368105,-0.0099999999999986,0.0869546525281141));
#7909=CARTESIAN_POINT('',(-0.0632056379553871,-0.0099999999999986,0.0869589406711707));
#7910=CARTESIAN_POINT('',(-0.0632249882495582,-0.0099999999999985,0.0869632197669026));
#7911=CARTESIAN_POINT('',(-0.0632443403038565,-0.0099999999999984,0.0869674898401897));
#7912=CARTESIAN_POINT('',(-0.0638583032757076,-0.0099999999999956,0.0871029621184797));
#7913=CARTESIAN_POINT('',(-0.064473306070484,-0.01,0.0872291687712117));
#7914=CARTESIAN_POINT('',(-0.065089665358363,-0.0099999999999991,0.0873471161704972));
#7915=CARTESIAN_POINT('',(-0.065174545283559,-0.009999999999999,0.0873633589149894));
#7916=CARTESIAN_POINT('',(-0.0652594509456923,-0.0099999999999988,0.0873794449471598));
#7917=CARTESIAN_POINT('',(-0.0653443831822328,-0.0099999999999984,0.0873953768223135));
#7918=CARTESIAN_POINT('',(-0.0654181474365772,-0.0099999999999981,0.0874092137697306));
#7919=CARTESIAN_POINT('',(-0.0654919318248549,-0.0099999999999977,0.0874229342101317));
#7920=CARTESIAN_POINT('',(-0.0655657358810171,-0.0099999999999974,0.0874365395936694));
#7921=CARTESIAN_POINT('',(-0.0663596066573993,-0.009999999999994,0.087582885430926));
#7922=CARTESIAN_POINT('',(-0.0671557533177089,-0.009999999999997,0.0877159151070387));
#7923=CARTESIAN_POINT('',(-0.0679538381890402,-0.0099999999999988,0.087837238641319));
#7924=CARTESIAN_POINT('',(-0.0684931108445636,-0.01,0.0879192179731658));
#7925=CARTESIAN_POINT('',(-0.0690332683829106,-0.01,0.0879958535785737));
#7926=CARTESIAN_POINT('',(-0.0695741961755003,-0.01,0.0880675705127581));
#7927=CARTESIAN_POINT('',(-0.0698324575300551,-0.01,0.0881018111504563));
#7928=CARTESIAN_POINT('',(-0.0700908962535748,-0.01,0.088134930484196));
#7929=CARTESIAN_POINT('',(-0.0703495057837651,-0.01,0.0881669757365933));
#7930=CARTESIAN_POINT('',(-0.0711486937287373,-0.01,0.088266006036794));
#7931=CARTESIAN_POINT('',(-0.0719495129978455,-0.01,0.088354777807594));
#7932=CARTESIAN_POINT('',(-0.0727518087566961,-0.01,0.088434472387661));
#7933=CARTESIAN_POINT('',(-0.0731132057364305,-0.01,0.0884703710948643));
#7934=CARTESIAN_POINT('',(-0.0734749022894802,-0.01,0.0885044281376829));
#7935=CARTESIAN_POINT('',(-0.0738368851573847,-0.01,0.0885367378642849));
#7936=CARTESIAN_POINT('',(-0.0151793875102027,-0.01,0.0588766126715758));
#7937=CARTESIAN_POINT('',(-0.0110392328351736,-0.01,0.0598366223275662));
#7938=CARTESIAN_POINT('',(-0.0137543608336541,-0.01,0.0565669770942316));
#7939=CARTESIAN_POINT('',(-0.0137543608336541,-0.01,0.063));
#7940=CARTESIAN_POINT('',(-0.0137543608336541,-0.01,0.0405));
#7941=CARTESIAN_POINT('',(-0.0759603241143077,-0.01,0.0405));
#7942=CARTESIAN_POINT('',(-0.0218372240639029,-0.01,0.0405));
#7943=CARTESIAN_POINT('',(-0.0220766887424414,-0.01,0.040498964167274));
#7944=CARTESIAN_POINT('',(-0.0219968704364212,-0.01,0.0404996544165526));
#7945=CARTESIAN_POINT('',(-0.021917048879793,-0.01,0.0405));
#7946=CARTESIAN_POINT('',(-0.0218372240639029,-0.01,0.0405));
#7947=CARTESIAN_POINT('',(-0.0220766887424414,-0.01,0.040498964167274));
#7948=CARTESIAN_POINT('',(-0.0353350305816908,-0.01,0.0246982876485065));
#7949=CARTESIAN_POINT('',(-0.0215370642627581,-0.01,0.0411420635795884));
#7950=CARTESIAN_POINT('',(-0.0219200864843176,-0.01,0.0414634573844316));
#7951=CARTESIAN_POINT('',(-0.0215986926794743,-0.01,0.0418464796059912));
#7952=CARTESIAN_POINT('',(-0.0618409639905318,-0.01,0.0756137546208356));
#7953=CARTESIAN_POINT('',(-0.0389031491220238,-0.01,0.0636666115716147));
#7954=CARTESIAN_POINT('',(-0.0389031491220238,-0.01,0.0626416115716147));
#7955=CARTESIAN_POINT('',(-0.0760617683905264,-0.01,0.0809939603029834));
#7956=CARTESIAN_POINT('',(-0.0760617683905264,-0.01,0.0799689603029834));
#7957=CARTESIAN_POINT('',(-0.0665455366266416,-0.01,0.076556468554706));
#7958=CARTESIAN_POINT('',(-0.0665455366266416,-0.01,0.080806468554706));
#7959=CARTESIAN_POINT('',(-0.0484193808859086,-0.01,0.068104103319892));
#7960=CARTESIAN_POINT('',(-0.0484193808859086,-0.01,0.072354103319892));
#7961=CARTESIAN_POINT('',(-0.0126769417069221,-0.00747148173775655,0.0627839601692012));
#7962=CARTESIAN_POINT('',(-0.0129204648174902,-0.0082761662264371,0.062335223501972));
#7963=CARTESIAN_POINT('',(-0.013428390024149,-0.00923175857058363,0.0613992767535193));
#7964=CARTESIAN_POINT('',(-0.0141361006894593,-0.00979999144319561,0.0600951881197064));
#7965=CARTESIAN_POINT('',(-0.0144894171850961,-0.00994754936482549,0.0594441367140496));
#7966=CARTESIAN_POINT('',(-0.0146963936799768,-0.00998819609695297,0.0590627439974066));
#7967=CARTESIAN_POINT('',(-0.0147974875245063,-0.00999758795526359,0.0588764597768374));
#7968=CARTESIAN_POINT('',(-0.0148571187974277,-0.0099999307927693,0.0587665780454165));
#7969=CARTESIAN_POINT('',(-0.0148804528288233,-0.0100000361381495,0.0587235807818833));
#7970=CARTESIAN_POINT('',(-0.0149047664272039,-0.01,0.0586787783901607));
#7971=CARTESIAN_POINT('',(-0.0167023667282825,-0.00747148113827391,0.0649643625352838));
#7972=CARTESIAN_POINT('',(-0.0169595085792404,-0.00827616559069336,0.0645229324832417));
#7973=CARTESIAN_POINT('',(-0.0174958393895055,-0.0092317581801336,0.0636022253539704));
#7974=CARTESIAN_POINT('',(-0.0182431306561355,-0.00979999133387809,0.0623193708649802));
#7975=CARTESIAN_POINT('',(-0.0186162078101193,-0.0099475493349933,0.0616789204916066));
#7976=CARTESIAN_POINT('',(-0.0188347604323428,-0.0099881960902856,0.0613037379874983));
#7977=CARTESIAN_POINT('',(-0.0189415085935388,-0.00999758795388611,0.0611204871368502));
#7978=CARTESIAN_POINT('',(-0.0190044747102109,-0.0099999307927312,0.0610123943704554));
#7979=CARTESIAN_POINT('',(-0.0190291147679037,-0.0100000361381698,0.0609700979100828));
#7980=CARTESIAN_POINT('',(-0.0190547864511059,-0.01,0.0609260237677674));
#7981=CARTESIAN_POINT('',(-0.022546810374666,-0.00747148198795173,0.0685131154277374));
#7982=CARTESIAN_POINT('',(-0.0228264377725285,-0.00827616649150267,0.0680854578266284));
#7983=CARTESIAN_POINT('',(-0.0234096664388943,-0.00923175873288343,0.0671934764216589));
#7984=CARTESIAN_POINT('',(-0.0242222972265144,-0.00979999148855964,0.0659506457397081));
#7985=CARTESIAN_POINT('',(-0.0246279931241792,-0.00994754937719261,0.0653301764625787));
#7986=CARTESIAN_POINT('',(-0.0248656538285364,-0.00998819609971594,0.0649666990663049));
#7987=CARTESIAN_POINT('',(-0.0249817344951509,-0.00999758795583426,0.0647891650542665));
#7988=CARTESIAN_POINT('',(-0.0250502066883002,-0.00999993079278508,0.0646844453097506));
#7989=CARTESIAN_POINT('',(-0.0250769981745358,-0.0100000361381411,0.064643466464957));
#7990=CARTESIAN_POINT('',(-0.0251049195927941,-0.01,0.064600771047954));
#7991=CARTESIAN_POINT('',(-0.0300671629325947,-0.00747148446950302,0.0738157056183669));
#7992=CARTESIAN_POINT('',(-0.0303694374109727,-0.00827616912469113,0.0734041422909777));
#7993=CARTESIAN_POINT('',(-0.0309999013357553,-0.00923176035296921,0.0725457294410842));
#7994=CARTESIAN_POINT('',(-0.0318783471049868,-0.00979999194259507,0.0713496706998505));
#7995=CARTESIAN_POINT('',(-0.0323169009198246,-0.00994754950116949,0.0707525516781853));
#7996=CARTESIAN_POINT('',(-0.0325738102039898,-0.00998819612743027,0.0704027529161363));
#7997=CARTESIAN_POINT('',(-0.0326992930044856,-0.00999758796156089,0.0702319003244735));
#7998=CARTESIAN_POINT('',(-0.0327733096746361,-0.00999993079294351,0.0701311204984677));
#7999=CARTESIAN_POINT('',(-0.0328022745249721,-0.0100000361380567,0.0700916863565397));
#8000=CARTESIAN_POINT('',(-0.0328324508762271,-0.01,0.0700505928219962));
#8001=CARTESIAN_POINT('',(-0.0356632370937541,-0.00747147223086241,0.0780247182765865));
#8002=CARTESIAN_POINT('',(-0.0359725163685813,-0.00827615613995863,0.077618553807393));
#8003=CARTESIAN_POINT('',(-0.0366175975530731,-0.00923175236733073,0.0767714025113802));
#8004=CARTESIAN_POINT('',(-0.037516428102257,-0.00979998970509923,0.0755910440832858));
#8005=CARTESIAN_POINT('',(-0.0379651613598609,-0.0099475488902923,0.0750017658330246));
#8006=CARTESIAN_POINT('',(-0.038228034717839,-0.00998819599087898,0.0746565614219587));
#8007=CARTESIAN_POINT('',(-0.0383564303030146,-0.00999758793334623,0.0744879526966685));
#8008=CARTESIAN_POINT('',(-0.0384321663805891,-0.00999993079216297,0.074388497852112));
#8009=CARTESIAN_POINT('',(-0.0384618009216716,-0.0100000361384725,0.0743495788190528));
#8010=CARTESIAN_POINT('',(-0.0384926830956476,-0.01,0.074309030686763));
#8011=CARTESIAN_POINT('',(-0.0411538178527035,-0.00747147848887328,0.0821158328546091));
#8012=CARTESIAN_POINT('',(-0.041450273789,-0.00827616278237213,0.0816997612076521));
#8013=CARTESIAN_POINT('',(-0.0420686175092549,-0.00923175645800797,0.0808319507093039));
#8014=CARTESIAN_POINT('',(-0.0429302574359091,-0.00979999085216185,0.0796228343372143));
#8015=CARTESIAN_POINT('',(-0.043360441727864,-0.00994754920360541,0.0790192063614438));
#8016=CARTESIAN_POINT('',(-0.0436124561218806,-0.00998819606092721,0.0786655985976805));
#8017=CARTESIAN_POINT('',(-0.0437355491806649,-0.00999758794782162,0.0784928860356986));
#8018=CARTESIAN_POINT('',(-0.0438081594813793,-0.0099999307925635,0.0783910109732868));
#8019=CARTESIAN_POINT('',(-0.043836567422767,-0.0100000361382591,0.0783511443055725));
#8020=CARTESIAN_POINT('',(-0.0438661807743171,-0.01,0.0783096104244012));
#8021=CARTESIAN_POINT('',(-0.0464457098163554,-0.00747149287819431,0.0855373001307463));
#8022=CARTESIAN_POINT('',(-0.0467043615599288,-0.00827617803833707,0.0850959870266818));
#8023=CARTESIAN_POINT('',(-0.0472437969004029,-0.00923176582011975,0.0841755064270305));
#8024=CARTESIAN_POINT('',(-0.0479951773723418,-0.00979999347205562,0.0828928595766293));
#8025=CARTESIAN_POINT('',(-0.0483702358025589,-0.00994754991835795,0.082252483881225));
#8026=CARTESIAN_POINT('',(-0.0485899257326879,-0.00998819622065278,0.081877333681095));
#8027=CARTESIAN_POINT('',(-0.0486972255230805,-0.00999758798081805,0.0816940967243973));
#8028=CARTESIAN_POINT('',(-0.0487605098361393,-0.00999993079347602,0.0815860084676229));
#8029=CARTESIAN_POINT('',(-0.048785287835613,-0.0100000361377729,0.081543720730785));
#8030=CARTESIAN_POINT('',(-0.0488110676461078,-0.01,0.0814996372513944));
#8031=CARTESIAN_POINT('',(-0.0510190279770187,-0.00747150600558436,0.0878694104025259));
#8032=CARTESIAN_POINT('',(-0.0512313087071947,-0.00827619196092173,0.0874043092271049));
#8033=CARTESIAN_POINT('',(-0.0516740937283619,-0.0092317743724623,0.0864342511798891));
#8034=CARTESIAN_POINT('',(-0.0522911835424838,-0.00979999586661521,0.0850827197651198));
#8035=CARTESIAN_POINT('',(-0.0525992963390854,-0.00994755057184221,0.0844080027030517));
#8036=CARTESIAN_POINT('',(-0.0527798069734222,-0.00998819636670303,0.0840127536942949));
#8037=CARTESIAN_POINT('',(-0.052867976373896,-0.00999758801099206,0.0838197028516156));
#8038=CARTESIAN_POINT('',(-0.0529199892579929,-0.00999993079431057,0.0837058317572821));
#8039=CARTESIAN_POINT('',(-0.0529403320157848,-0.0100000361373283,0.0836612698076168));
#8040=CARTESIAN_POINT('',(-0.0529615555678447,-0.01,0.0836148466956901));
#8041=CARTESIAN_POINT('',(-0.0561818962684469,-0.00747147021925938,0.0899421132718799));
#8042=CARTESIAN_POINT('',(-0.0563422042170351,-0.00827615401256072,0.089456221781065));
#8043=CARTESIAN_POINT('',(-0.0566765484026846,-0.0092317510723388,0.0884427678564585));
#8044=CARTESIAN_POINT('',(-0.0571423070860352,-0.00979998934446802,0.0870306331490258));
#8045=CARTESIAN_POINT('',(-0.0573748066013053,-0.0099475487921871,0.0863256285998532));
#8046=CARTESIAN_POINT('',(-0.057510997285657,-0.00998819596898059,0.0859126249014018));
#8047=CARTESIAN_POINT('',(-0.057577515587026,-0.0099975879288259,0.0857109001186505));
#8048=CARTESIAN_POINT('',(-0.0576167485716025,-0.00999993079203814,0.0855919092234764));
#8049=CARTESIAN_POINT('',(-0.0576321075530163,-0.0100000361385391,0.0855453500739649));
#8050=CARTESIAN_POINT('',(-0.0576480930935898,-0.01,0.0854968294314063));
#8051=CARTESIAN_POINT('',(-0.0598984529207921,-0.00747148632561267,0.0909751312151347));
#8052=CARTESIAN_POINT('',(-0.0600255857754581,-0.00827617109082067,0.0904802666347121));
#8053=CARTESIAN_POINT('',(-0.0602907593973336,-0.00923176155600127,0.0894481147021891));
#8054=CARTESIAN_POINT('',(-0.0606602820014942,-0.00979999227865064,0.0880100050331972));
#8055=CARTESIAN_POINT('',(-0.060844774256073,-0.00994754959275566,0.0872920511828171));
#8056=CARTESIAN_POINT('',(-0.0609528566080635,-0.00998819614788829,0.086871468609281));
#8057=CARTESIAN_POINT('',(-0.0610056481706897,-0.00999758796578596,0.086666043195032));
#8058=CARTESIAN_POINT('',(-0.0610367895813731,-0.00999993079306029,0.0865448715403632));
#8059=CARTESIAN_POINT('',(-0.0610489719508156,-0.0100000361379944,0.0864974551262789));
#8060=CARTESIAN_POINT('',(-0.061061674774295,-0.01,0.0864480516255379));
#8061=CARTESIAN_POINT('',(-0.0623804559595551,-0.00747148167565783,0.091516262718777));
#8062=CARTESIAN_POINT('',(-0.0624894709999326,-0.00827616616056433,0.0910174803477049));
#8063=CARTESIAN_POINT('',(-0.0627168479897444,-0.00923175853009373,0.0899771514478299));
#8064=CARTESIAN_POINT('',(-0.0630336619793501,-0.00979999143185426,0.0885276236119365));
#8065=CARTESIAN_POINT('',(-0.063191828098649,-0.00994754936172967,0.087803963408394));
#8066=CARTESIAN_POINT('',(-0.0632844835919431,-0.009988196096261,0.0873800357262534));
#8067=CARTESIAN_POINT('',(-0.0633297394835197,-0.00999758795512062,0.087172976092963));
#8068=CARTESIAN_POINT('',(-0.0633564341680647,-0.00999993079276535,0.0870508397711708));
#8069=CARTESIAN_POINT('',(-0.0633668799183715,-0.0100000361381516,0.087003047211181));
#8070=CARTESIAN_POINT('',(-0.0633777642422658,-0.01,0.0869532482442963));
#8071=CARTESIAN_POINT('',(-0.0138151127536938,-0.0075,0.0633870300778483));
#8072=CARTESIAN_POINT('',(-0.0141481673514611,-0.00829614329284089,0.0629792239838425));
#8073=CARTESIAN_POINT('',(-0.0149729845972644,-0.00962149663778371,0.0617582413834184));
#8074=CARTESIAN_POINT('',(-0.0153030790957358,-0.01,0.0598229145513475));
#8075=CARTESIAN_POINT('',(-0.0151793872832276,-0.01,0.0588766113139529));
#8076=CARTESIAN_POINT('',(-0.0630406897650398,-0.01,0.0869222007866729));
#8077=CARTESIAN_POINT('',(-0.0621062968801784,-0.01,0.0873228728286921));
#8078=CARTESIAN_POINT('',(-0.0605772967950563,-0.00974135473319265,0.088832901953443));
#8079=CARTESIAN_POINT('',(-0.0600930767318971,-0.0083530856251347,0.0903815081656282));
#8080=CARTESIAN_POINT('',(-0.0599769485041174,-0.0075,0.0909249212843504));
#8081=CARTESIAN_POINT('',(-0.0434372555150341,-0.01,0.0581247722257614));
#8082=CARTESIAN_POINT('',(-0.0434560323771349,-0.0100000357946125,0.0580772923949376));
#8083=CARTESIAN_POINT('',(-0.0434740065327024,-0.00999993221189527,0.0580318401183827));
#8084=CARTESIAN_POINT('',(-0.043519988401519,-0.0099975917077254,0.0579155653113086));
#8085=CARTESIAN_POINT('',(-0.0435979295662609,-0.00998820438000121,0.0577184738409168));
#8086=CARTESIAN_POINT('',(-0.0437575084611212,-0.0099475667192013,0.0573149424361914));
#8087=CARTESIAN_POINT('',(-0.0440299136269209,-0.00980002413194783,0.0566261000839387));
#8088=CARTESIAN_POINT('',(-0.0445755537401379,-0.00923182032145986,0.0552463032496245));
#8089=CARTESIAN_POINT('',(-0.0449671575076806,-0.00827624217459863,0.054256004183685));
#8090=CARTESIAN_POINT('',(-0.0451549110030196,-0.00747155937350413,0.0537812028653194));
#8091=CARTESIAN_POINT('',(-0.0467039209183392,-0.01,0.0594083443751517));
#8092=CARTESIAN_POINT('',(-0.0467198867058635,-0.0100000357945937,0.0593597839010619));
#8093=CARTESIAN_POINT('',(-0.0467351696543586,-0.00999993221193003,0.0593132972026852));
#8094=CARTESIAN_POINT('',(-0.046774267209622,-0.00999759170900704,0.0591943761167488));
#8095=CARTESIAN_POINT('',(-0.0468405392707624,-0.00998820438620929,0.0589927991652936));
#8096=CARTESIAN_POINT('',(-0.0469762272522461,-0.00994756674698503,0.0585800843165171));
#8097=CARTESIAN_POINT('',(-0.0472078526101826,-0.00980002423373225,0.057875566530973));
#8098=CARTESIAN_POINT('',(-0.0476718176429463,-0.00923182068478558,0.0564643742031589));
#8099=CARTESIAN_POINT('',(-0.0480048186717607,-0.00827624276538554,0.0554515479712458));
#8100=CARTESIAN_POINT('',(-0.0481644781340222,-0.00747155993033309,0.0549659470267613));
#8101=CARTESIAN_POINT('',(-0.0517166073142761,-0.01,0.0609226351712312));
#8102=CARTESIAN_POINT('',(-0.051730105562296,-0.0100000357945392,0.060873382304864));
#8103=CARTESIAN_POINT('',(-0.0517430273034532,-0.00999993221203111,0.0608262332387182));
#8104=CARTESIAN_POINT('',(-0.051776083437945,-0.00999759171273466,0.0607056172096547));
#8105=CARTESIAN_POINT('',(-0.0518321151540375,-0.00998820440426627,0.0605011673337433));
#8106=CARTESIAN_POINT('',(-0.0519468362120677,-0.00994756682780223,0.0600825701683039));
#8107=CARTESIAN_POINT('',(-0.0521426688012386,-0.00980002452986198,0.0593680104816922));
#8108=CARTESIAN_POINT('',(-0.0525349334503027,-0.00923182174216496,0.0579367014569593));
#8109=CARTESIAN_POINT('',(-0.0528164655646502,-0.00827624448592306,0.0569094331975064));
#8110=CARTESIAN_POINT('',(-0.0529514465544134,-0.00747156155239094,0.0564169071190778));
#8111=CARTESIAN_POINT('',(-0.0584828071789384,-0.01,0.0626410425035279));
#8112=CARTESIAN_POINT('',(-0.0584949249326889,-0.0100000357945636,0.0625914420248722));
#8113=CARTESIAN_POINT('',(-0.0585065253954446,-0.00999993221198595,0.06254396017898));
#8114=CARTESIAN_POINT('',(-0.0585362011968171,-0.00999759171106905,0.0624224928553986));
#8115=CARTESIAN_POINT('',(-0.0585865031585561,-0.00998820439619796,0.0622165999947221));
#8116=CARTESIAN_POINT('',(-0.0586894929193703,-0.00994756679169129,0.061795048434384));
#8117=CARTESIAN_POINT('',(-0.0588652998221798,-0.0098000243975467,0.0610754455682435));
#8118=CARTESIAN_POINT('',(-0.0592174518347354,-0.00923182126972419,0.0596340350270435));
#8119=CARTESIAN_POINT('',(-0.0594701948102196,-0.00827624371721914,0.0585995174865639));
#8120=CARTESIAN_POINT('',(-0.0595913728319174,-0.00747156082769822,0.0581035159133269));
#8121=CARTESIAN_POINT('',(-0.0635746590440999,-0.01,0.063866035126074));
#8122=CARTESIAN_POINT('',(-0.0635865609023038,-0.0100000357945662,0.0638163843232728));
#8123=CARTESIAN_POINT('',(-0.063597953752688,-0.00999993221198108,0.0637688540393558));
#8124=CARTESIAN_POINT('',(-0.0636270994179391,-0.0099975917108901,0.0636472630750462));
#8125=CARTESIAN_POINT('',(-0.0636765025092561,-0.00998820439533106,0.0634411605611765));
#8126=CARTESIAN_POINT('',(-0.0637776519557327,-0.00994756678781128,0.0630191797594736));
#8127=CARTESIAN_POINT('',(-0.0639503172443983,-0.00980002438332877,0.0622988440994663));
#8128=CARTESIAN_POINT('',(-0.0642961761032318,-0.00923182121895229,0.060855965562811));
#8129=CARTESIAN_POINT('',(-0.0645444020415589,-0.00827624363458895,0.0598203942288192));
#8130=CARTESIAN_POINT('',(-0.0646634143369477,-0.00747156074979246,0.0593238873995278));
#8131=CARTESIAN_POINT('',(-0.0683778062609019,-0.01,0.0650409098893864));
#8132=CARTESIAN_POINT('',(-0.0683902811043989,-0.0100000357945572,0.064991396471607));
#8133=CARTESIAN_POINT('',(-0.0684022251982891,-0.00999993221199784,0.0649439985006518));
#8134=CARTESIAN_POINT('',(-0.0684327782485125,-0.00999759171150758,0.0648227452027519));
#8135=CARTESIAN_POINT('',(-0.0684845677909411,-0.00998820439832228,0.0646172153032154));
#8136=CARTESIAN_POINT('',(-0.0685906035386075,-0.00994756680119948,0.0641964069544372));
#8137=CARTESIAN_POINT('',(-0.0687716116638179,-0.00980002443239031,0.0634780732300467));
#8138=CARTESIAN_POINT('',(-0.069134187051637,-0.00923182139416139,0.0620392062374557));
#8139=CARTESIAN_POINT('',(-0.069394418508037,-0.00827624391976555,0.0610065162155842));
#8140=CARTESIAN_POINT('',(-0.0695191879794795,-0.00747156101867175,0.0605113911094863));
#8141=CARTESIAN_POINT('',(-0.0725914841790304,-0.01,0.0661629755691729));
#8142=CARTESIAN_POINT('',(-0.0726052577679483,-0.0100000357945739,0.0661138011530692));
#8143=CARTESIAN_POINT('',(-0.0726184414536808,-0.00999993221196679,0.0660667265035765));
#8144=CARTESIAN_POINT('',(-0.0726521693568,-0.00999759171036303,0.0659463015438478));
#8145=CARTESIAN_POINT('',(-0.0727093392145187,-0.00998820439277807,0.0657421753209887));
#8146=CARTESIAN_POINT('',(-0.0728263903427284,-0.00994756677638587,0.0653242407559327));
#8147=CARTESIAN_POINT('',(-0.073026199162786,-0.00980002434147265,0.0646108117272488));
#8148=CARTESIAN_POINT('',(-0.0734264246698315,-0.00923182106955149,0.0631817663336862));
#8149=CARTESIAN_POINT('',(-0.0737136651543358,-0.00827624339163428,0.0621561215007732));
#8150=CARTESIAN_POINT('',(-0.073851382413254,-0.00747156052078725,0.0616643737671184));
#8151=CARTESIAN_POINT('',(-0.0759303431397564,-0.01,0.0671707169788733));
#8152=CARTESIAN_POINT('',(-0.0759459212086946,-0.0100000357945409,0.0671220798119109));
#8153=CARTESIAN_POINT('',(-0.0759608357161315,-0.00999993221202803,0.0670755207974657));
#8154=CARTESIAN_POINT('',(-0.0759989879139919,-0.00999759171262066,0.0669564135730033));
#8155=CARTESIAN_POINT('',(-0.0760636583227225,-0.00998820440371392,0.0667545214231547));
#8156=CARTESIAN_POINT('',(-0.0761960668774448,-0.0099475668253289,0.0663411611712818));
#8157=CARTESIAN_POINT('',(-0.0764220945434547,-0.00980002452078814,0.0656355418136171));
#8158=CARTESIAN_POINT('',(-0.0768748476706706,-0.00923182170969764,0.0642221430806177));
#8159=CARTESIAN_POINT('',(-0.0771998013836298,-0.00827624443291091,0.0632077324536083));
#8160=CARTESIAN_POINT('',(-0.0773556020434854,-0.00747156150235974,0.0627213714183693));
#8161=CARTESIAN_POINT('',(-0.0785329128051628,-0.01,0.0680752656760747));
#8162=CARTESIAN_POINT('',(-0.0785506587619429,-0.0100000357945985,0.0680273677067779));
#8163=CARTESIAN_POINT('',(-0.0785676439426037,-0.00999993221192118,0.067981514364096));
#8164=CARTESIAN_POINT('',(-0.0786110979717997,-0.00999759170868124,0.06786421435589));
#8165=CARTESIAN_POINT('',(-0.0786847536339701,-0.00998820438463167,0.0676653848563012));
#8166=CARTESIAN_POINT('',(-0.0788355579977175,-0.0099475667399279,0.0672582948413208));
#8167=CARTESIAN_POINT('',(-0.0790929832132099,-0.00980002420790803,0.0665633771835739));
#8168=CARTESIAN_POINT('',(-0.079608613507893,-0.00923182059278615,0.0651714094043527));
#8169=CARTESIAN_POINT('',(-0.0799786752768817,-0.00827624261626185,0.0641723733877116));
#8170=CARTESIAN_POINT('',(-0.0801561006696102,-0.00747155978991557,0.0636933831400491));
#8171=CARTESIAN_POINT('',(-0.0809597432782563,-0.01,0.0690529658551991));
#8172=CARTESIAN_POINT('',(-0.0809804607094492,-0.0100000357945046,0.0690062604360865));
#8173=CARTESIAN_POINT('',(-0.0810002957476152,-0.00999993221209528,0.0689615512432847));
#8174=CARTESIAN_POINT('',(-0.0810510348942275,-0.0099975917151006,0.0688471756179645));
#8175=CARTESIAN_POINT('',(-0.0811370410670265,-0.00998820441572679,0.0686533039713948));
#8176=CARTESIAN_POINT('',(-0.0813131334659202,-0.00994756687909288,0.0682563653205354));
#8177=CARTESIAN_POINT('',(-0.0816137322396688,-0.00980002471777386,0.0675787789309273));
#8178=CARTESIAN_POINT('',(-0.0822158597308423,-0.00923182241296902,0.0662215340184059));
#8179=CARTESIAN_POINT('',(-0.0826480255978653,-0.00827624557698762,0.0652474277058297));
#8180=CARTESIAN_POINT('',(-0.0828552297270192,-0.00747156258087404,0.0647803906984637));
#8181=CARTESIAN_POINT('',(-0.0825234378067548,-0.01,0.0698240450137639));
#8182=CARTESIAN_POINT('',(-0.0825471687197922,-0.0100000357946293,0.0697787564459405));
#8183=CARTESIAN_POINT('',(-0.0825698838057436,-0.00999993221186399,0.0697354009626179));
#8184=CARTESIAN_POINT('',(-0.0826279953486925,-0.00999759170657238,0.0696244910056655));
#8185=CARTESIAN_POINT('',(-0.0827264962910317,-0.0099882043744161,0.0694364928720418));
#8186=CARTESIAN_POINT('',(-0.082928169380372,-0.00994756669420697,0.0690515791545041));
#8187=CARTESIAN_POINT('',(-0.0832724285787782,-0.00980002404038323,0.0683945166021478));
#8188=CARTESIAN_POINT('',(-0.0839619911771267,-0.00923181999464904,0.0670783734797659));
#8189=CARTESIAN_POINT('',(-0.0844568848553002,-0.00827624164308209,0.0661337564193355));
#8190=CARTESIAN_POINT('',(-0.0846941612152126,-0.00747155887246287,0.065680857519812));
#8191=CARTESIAN_POINT('',(-0.0833927088700503,-0.01,0.0703467789134538));
#8192=CARTESIAN_POINT('',(-0.0834191096556574,-0.0100000357945555,0.0703030765465163));
#8193=CARTESIAN_POINT('',(-0.0834443826987323,-0.00999993221200101,0.0702612407814826));
#8194=CARTESIAN_POINT('',(-0.0835090358531999,-0.00999759171162466,0.0701542172687639));
#8195=CARTESIAN_POINT('',(-0.0836186259543452,-0.0099882043988894,0.0699728073023327));
#8196=CARTESIAN_POINT('',(-0.0838430040553434,-0.00994756680373727,0.0696013827218332));
#8197=CARTESIAN_POINT('',(-0.0842260246453276,-0.00980002444168493,0.0689673480492463));
#8198=CARTESIAN_POINT('',(-0.0849932380725894,-0.00923182142732461,0.0676973353237215));
#8199=CARTESIAN_POINT('',(-0.0855438748475241,-0.00827624397365373,0.0667858311453595));
#8200=CARTESIAN_POINT('',(-0.085807878689466,-0.00747156106945187,0.0663488084963677));
#8201=CARTESIAN_POINT('',(-0.0436853107251041,-0.01,0.0581764000890962));
#8202=CARTESIAN_POINT('',(-0.044606199945016,-0.01,0.0578158995883403));
#8203=CARTESIAN_POINT('',(-0.0461735752479188,-0.00969678253439874,0.0564392634110382));
#8204=CARTESIAN_POINT('',(-0.0467490192734184,-0.00833267704732597,0.054980100275685));
#8205=CARTESIAN_POINT('',(-0.0469043395401983,-0.0075,0.0544600822967984));
#8206=CARTESIAN_POINT('',(-0.0851293411194692,-0.0075,0.0659762700065413));
#8207=CARTESIAN_POINT('',(-0.084741332917262,-0.00827355953562658,0.0663362413355789));
#8208=CARTESIAN_POINT('',(-0.0837981027267499,-0.00957180902653729,0.0674215876888753));
#8209=CARTESIAN_POINT('',(-0.0832365456553442,-0.00999999843209522,0.0692468612849725));
#8210=CARTESIAN_POINT('',(-0.0832014290796953,-0.0099999999999901,0.0701834806497358));
#8211=CARTESIAN_POINT('',(0.014353281747604,-0.024000025,0.0405));
#8212=CARTESIAN_POINT('',(-0.0218372240639029,-0.024000025,0.0405));
#8213=CARTESIAN_POINT('',(-0.0137543608336541,-0.0045,0.0405));
#8214=CARTESIAN_POINT('',(-0.0220766887424414,-0.0075,0.040498964167274));
#8215=CARTESIAN_POINT('',(-0.0220766887424414,-0.01,0.040498964167274));
#8216=CARTESIAN_POINT('',(-0.0219968851237896,-0.0075,0.0404996542895398));
#8217=CARTESIAN_POINT('',(-0.0219968851237896,-0.01,0.0404996542895398));
#8218=CARTESIAN_POINT('',(-0.0219170610927545,-0.0075,0.0405));
#8219=CARTESIAN_POINT('',(-0.0219170610927545,-0.01,0.0405));
#8220=CARTESIAN_POINT('',(-0.0218372240639029,-0.0075,0.0405));
#8221=CARTESIAN_POINT('',(-0.0218372240639029,-0.01,0.0405));
#8222=CARTESIAN_POINT('',(-0.0220766887424414,-0.00875,0.040498964167274));
#8223=CARTESIAN_POINT('',(-0.0137543608336541,-0.0045,0.063));
#8224=CARTESIAN_POINT('',(-0.0137543608336541,-0.01,0.0565669770942316));
#8225=CARTESIAN_POINT('',(-0.0129677065664942,-0.01,0.0560325070089695));
#8226=CARTESIAN_POINT('',(-0.011112119912327,-0.00960976354587907,0.0554465963839147));
#8227=CARTESIAN_POINT('',(-0.00965908914240752,-0.00829057676297652,0.0556119977771852));
#8228=CARTESIAN_POINT('',(-0.00914458860500766,-0.0075,0.0557200339745911));
#8229=CARTESIAN_POINT('',(-0.00914458860500761,-0.0075,0.0493748468795767));
#8230=CARTESIAN_POINT('',(-0.0277781979821857,-0.009977406582434,0.0398438471695172));
#8231=CARTESIAN_POINT('',(-0.0277781979821857,-0.0075,0.0398438471695172));
#8232=CARTESIAN_POINT('',(-0.0286078529418509,-0.009977406582434,0.0396527039844762));
#8233=CARTESIAN_POINT('',(-0.0286078529418509,-0.0075,0.0396527039844762));
#8234=CARTESIAN_POINT('',(-0.0301442799958089,-0.009977406582434,0.0392867374708996));
#8235=CARTESIAN_POINT('',(-0.0301442799958089,-0.0075,0.0392867374708996));
#8236=CARTESIAN_POINT('',(-0.0313023908319867,-0.009977406582434,0.0391856222630214));
#8237=CARTESIAN_POINT('',(-0.0313023908319867,-0.0075,0.0391856222630214));
#8238=CARTESIAN_POINT('',(-0.0317515371361064,-0.009977406582434,0.0392045656243724));
#8239=CARTESIAN_POINT('',(-0.0317515371361064,-0.0075,0.0392045656243724));
#8240=CARTESIAN_POINT('',(-0.0137543608336541,0.0045,0.0587869564681942));
#8241=CARTESIAN_POINT('',(-0.00609264882849485,0.00680177521708759,0.0507843706891005));
#8242=CARTESIAN_POINT('',(-0.00597155698251307,0.0063987076876442,0.0504417262444284));
#8243=CARTESIAN_POINT('',(-0.00588062550195758,0.00589946201691293,0.0493783467112054));
#8244=CARTESIAN_POINT('',(-0.00597265702479076,0.00640236929937006,0.048304854808231));
#8245=CARTESIAN_POINT('',(-0.00609264882849485,0.00680177521708759,0.0479653230700529));
#8246=CARTESIAN_POINT('',(-0.00609264882849485,0.00680177521708759,0.0507843706891005));
#8247=CARTESIAN_POINT('',(-0.00609264882849485,0.00680177521708759,0.0479653230700529));
#8248=CARTESIAN_POINT('',(-0.00609264882849485,0.00680177521708759,0.0507843706891005));
#8249=CARTESIAN_POINT('',(-0.00611589340043146,0.00687914733167957,0.0508501440975268));
#8250=CARTESIAN_POINT('',(-0.00613437140944307,0.0069374771043785,0.0510896596704474));
#8251=CARTESIAN_POINT('',(-0.00607371473965018,0.00674020586856249,0.0512248468795767));
#8252=CARTESIAN_POINT('',(-0.00604585712955466,0.00663985294912646,0.0512248468795767));
#8253=CARTESIAN_POINT('',(-0.00604585712955466,0.00663985294912646,0.0512248468795767));
#8254=CARTESIAN_POINT('',(-0.0137543608336541,0.0045,0.0512248468795767));
#8255=CARTESIAN_POINT('',(-0.0057543608336541,0.0045,0.0512248468795767));
#8256=CARTESIAN_POINT('',(-0.0057543608336541,0.0045,0.063));
#8257=CARTESIAN_POINT('',(-0.0057543608336541,0.0045,0.0475248468795767));
#8258=CARTESIAN_POINT('',(-0.0137543608336541,0.0045,0.0475248468795767));
#8259=CARTESIAN_POINT('',(-0.00604585712955466,0.00663985294912646,0.0475248468795767));
#8260=CARTESIAN_POINT('',(-0.00604585712955466,0.00663985294912646,0.0475248468795767));
#8261=CARTESIAN_POINT('',(-0.00607372770290161,0.00674025256675816,0.0475248468795767));
#8262=CARTESIAN_POINT('',(-0.00613425235825424,0.00693709046748502,0.0476591798692693));
#8263=CARTESIAN_POINT('',(-0.0061159106834754,0.00687920486019246,0.0478995007571034));
#8264=CARTESIAN_POINT('',(-0.00609264882849485,0.00680177521708759,0.0479653230700529));
#8265=CARTESIAN_POINT('',(-0.0057543608336541,0.0125,0.063));
#8266=CARTESIAN_POINT('',(-0.0057543608336541,0.00450496710383927,0.0475248468795767));
#8267=CARTESIAN_POINT('',(-0.0057543608336541,0.00450496710383927,0.0512248468795767));
#8268=CARTESIAN_POINT('',(-0.00914658860500761,0.008,0.0493748468795767));
#8269=CARTESIAN_POINT('',(-0.00914458860500761,0.008,0.0493748468795767));
#8270=CARTESIAN_POINT('',(-0.00914458860500761,0.00680177521708759,0.0479653230700529));
#8271=CARTESIAN_POINT('',(-0.00914458860500761,0.00680177521708759,0.0507843706891005));
#8272=CARTESIAN_POINT('',(-0.00914658860500761,0.00680177521708759,0.0507843706891005));
#8273=CARTESIAN_POINT('',(-0.00914658860500761,0.00680177521708759,0.0479653230700529));
#8274=CARTESIAN_POINT('',(-0.00914658860500761,0.00450496710383927,0.0475248468795767));
#8275=CARTESIAN_POINT('',(-0.00914458860500761,0.00450496710383927,0.0475248468795767));
#8276=CARTESIAN_POINT('',(-0.00914458860500761,0.00663985294912646,0.0475248468795767));
#8277=CARTESIAN_POINT('',(-0.00914458860500761,-0.0055,0.0475248468795767));
#8278=CARTESIAN_POINT('',(-0.00656061354868502,0.00663985294912646,0.0475248468795767));
#8279=CARTESIAN_POINT('',(-0.00914658860500761,-0.0055,0.0475248468795767));
#8280=CARTESIAN_POINT('',(-0.00914658860500761,0.00450496710383927,0.0512248468795767));
#8281=CARTESIAN_POINT('',(-0.00914658860500761,0.00663985294912646,0.0512248468795767));
#8282=CARTESIAN_POINT('',(-0.00914458860500761,0.00663985294912646,0.0512248468795767));
#8283=CARTESIAN_POINT('',(-0.00914458860500761,0.00450496710383927,0.0512248468795767));
#8284=CARTESIAN_POINT('',(-0.00914458860500761,-0.0055,0.0512248468795767));
#8285=CARTESIAN_POINT('',(-0.00633816234655844,-0.0055,0.0512248468795767));
#8286=CARTESIAN_POINT('',(-0.00914458860500761,-0.0075,0.0609062815495359));
#8287=CARTESIAN_POINT('',(-0.00914458860500761,0.00663985294912646,0.0509748468795767));
#8288=CARTESIAN_POINT('',(-0.00914458860500761,0.00663985294912646,0.0477748468795767));
#8289=CARTESIAN_POINT('',(-0.00914458860500761,-0.0055,0.0455248468795767));
#8290=CARTESIAN_POINT('',(-0.00914458860500761,-0.0055,0.0532248468795767));
#8291=CARTESIAN_POINT('',(-0.00914658860500761,-0.0055,0.0532248468795767));
#8292=CARTESIAN_POINT('',(-0.0500331321226001,-0.0055,0.0455248468795767));
#8293=CARTESIAN_POINT('',(-0.00914658860500761,0.00663985294912646,0.0509748468795767));
#8294=CARTESIAN_POINT('',(-0.00914658860500761,0.00663985294912646,0.0477748468795767));
#8295=CARTESIAN_POINT('',(-0.0484193808859086,-0.027,0.068104103319892));
#8296=CARTESIAN_POINT('',(-0.0665455366266416,-0.027,0.076556468554706));
#8297=CARTESIAN_POINT('',(-0.0760617683905264,-0.008,0.0809939603029834));
#8298=CARTESIAN_POINT('',(-0.0389031491220238,-0.008,0.0636666115716147));
#8299=CARTESIAN_POINT('',(-0.038180330899669,-0.0125,0.0629398662121992));
#8300=CARTESIAN_POINT('',(-0.038180330899669,-0.0125625572498703,0.0629398662121992));
#8301=CARTESIAN_POINT('',(-0.0381320020388109,-0.0125,0.0643418575831189));
#8302=CARTESIAN_POINT('',(-0.0379605365961329,-0.0125,0.0641460399496339));
#8303=CARTESIAN_POINT('',(-0.0377780383058435,-0.0125378564150358,0.0636287812084405));
#8304=CARTESIAN_POINT('',(-0.0379984456534473,-0.0125659120984627,0.0631207685993191));
#8305=CARTESIAN_POINT('',(-0.038180330899669,-0.0125625572498703,0.0629398662121992));
#8306=CARTESIAN_POINT('',(-0.0207862672119377,-0.0485,0.0548715502338111));
#8307=CARTESIAN_POINT('',(-0.0240002052603705,-0.0485,0.0510413280182163));
#8308=CARTESIAN_POINT('',(-0.0152864497198921,-0.0485,0.0437296189580319));
#8309=CARTESIAN_POINT('',(-0.0327139608008488,-0.0485,0.0583530370784006));
#8310=CARTESIAN_POINT('',(-0.0120725116714594,-0.0485,0.0475598411736267));
#8311=CARTESIAN_POINT('',(-0.0133580868908325,-0.0485,0.0460277522873888));
#8312=CARTESIAN_POINT('',(-0.0220718424313108,-0.0485,0.0533394613475732));
#8313=CARTESIAN_POINT('',(-0.0307855979717892,-0.0485,0.0606511704077575));
#8314=CARTESIAN_POINT('',(-0.0295000227524161,-0.0485,0.0621832592939955));
#8315=CARTESIAN_POINT('',(-0.0105404227852214,-0.0305,0.0462742659542537));
#8316=CARTESIAN_POINT('',(-0.0137543608336541,-0.0305,0.0424440437386588));
#8317=CARTESIAN_POINT('',(-0.0137543608336541,-0.0465,0.0424440437386588));
#8318=CARTESIAN_POINT('',(-0.0137543608336541,-0.0177240059286888,0.0424440437386588));
#8319=CARTESIAN_POINT('',(-0.0183506274923679,-0.0045,0.0369664264356156));
#8320=CARTESIAN_POINT('',(-0.0118259980045945,-0.0168866545139225,0.0447421770680157));
#8321=CARTESIAN_POINT('',(-0.0118259980045945,-0.0485,0.0447421770680157));
#8322=CARTESIAN_POINT('',(-0.0118259980045945,-0.0465,0.0447421770680157));
#8323=CARTESIAN_POINT('',(-0.0137543608336541,-0.0465,0.0424440437386588));
#8324=CARTESIAN_POINT('',(-0.031032111638654,-0.0305,0.0634688345133686));
#8325=CARTESIAN_POINT('',(-0.0323176868580272,-0.0305,0.0619367456271306));
#8326=CARTESIAN_POINT('',(-0.0323176868580272,-0.0465,0.0619367456271306));
#8327=CARTESIAN_POINT('',(-0.0323176868580272,-0.0185,0.0619367456271306));
#8328=CARTESIAN_POINT('',(-0.031032111638654,-0.0185,0.0634688345133686));
#8329=CARTESIAN_POINT('',(-0.0342460496870867,-0.0185,0.0596386122977737));
#8330=CARTESIAN_POINT('',(-0.0342460496870867,-0.0305,0.0596386122977737));
#8331=CARTESIAN_POINT('',(-0.0342460496870867,-0.0465,0.0596386122977737));
#8332=CARTESIAN_POINT('',(-0.031032111638654,-0.0465,0.0634688345133686));
#8333=CARTESIAN_POINT('',(-0.0207862672119377,-0.0305,0.0548715502338111));
#8334=CARTESIAN_POINT('',(-0.0207862672119377,-0.0185,0.0548715502338111));
#8335=CARTESIAN_POINT('',(-0.0176110864917733,-0.0185,0.0522072572626));
#8336=CARTESIAN_POINT('',(-0.022193012399691,-0.0185,0.0560519496020153));
#8337=CARTESIAN_POINT('',(-0.0221930123996907,-0.0184999999999517,0.0560519496020151));
#8338=CARTESIAN_POINT('',(-0.0246287987452596,-0.0184999985484282,0.0580958170262086));
#8339=CARTESIAN_POINT('',(-0.0270644180468488,-0.0184684309853349,0.0601395442838603));
#8340=CARTESIAN_POINT('',(-0.0295000227524161,-0.0184341052285319,0.0621832592939955));
#8341=CARTESIAN_POINT('',(-0.0295000227524161,-0.0184341052285319,0.0621832592939955));
#8342=CARTESIAN_POINT('',(-0.0295000227524161,-0.0305,0.0621832592939955));
#8343=CARTESIAN_POINT('',(-0.0295000227524161,-0.0465,0.0621832592939955));
#8344=CARTESIAN_POINT('',(-0.0207862672119377,-0.0465,0.0548715502338111));
#8345=CARTESIAN_POINT('',(-0.0120725116714594,-0.0465,0.0475598411736267));
#8346=CARTESIAN_POINT('',(-0.0120725116714594,-0.0125,0.0475598411736267));
#8347=CARTESIAN_POINT('',(-0.0120725116714594,-0.0173578454244785,0.0475598411736267));
#8348=CARTESIAN_POINT('',(-0.0176110864917733,-0.0045,0.0522072572626));
#8349=CARTESIAN_POINT('',(-0.0240002052603705,-0.0305,0.0510413280182162));
#8350=CARTESIAN_POINT('',(-0.0164355163845705,-0.0186,0.0446938003725617));
#8351=CARTESIAN_POINT('',(-0.0141373830552136,-0.0186,0.042765437543502));
#8352=CARTESIAN_POINT('',(-0.0315648941361703,-0.0186,0.0573888556638708));
#8353=CARTESIAN_POINT('',(-0.0292667608068134,-0.0186,0.0554604928348112));
#8354=CARTESIAN_POINT('',(-0.0315648941361703,-0.0449,0.0573888556638708));
#8355=CARTESIAN_POINT('',(-0.0292667608068134,-0.0449,0.0554604928348112));
#8356=CARTESIAN_POINT('',(-0.0164355163845705,-0.0449,0.0446938003725617));
#8357=CARTESIAN_POINT('',(-0.0141373830552136,-0.0449,0.042765437543502));
#8358=CARTESIAN_POINT('',(-0.0152864497198921,-0.0465,0.0437296189580319));
#8359=CARTESIAN_POINT('',(-0.0327139608008488,-0.0465,0.0583530370784006));
#8360=CARTESIAN_POINT('',(-0.0388423163458006,-0.0185,0.0634953379558929));
#8361=CARTESIAN_POINT('',(-0.0105627706680747,-0.0118357857258086,0.0397659816078521));
#8362=CARTESIAN_POINT('',(-0.0115039101282665,-0.0122452485369999,0.0405556913817853));
#8363=CARTESIAN_POINT('',(-0.0131309271523912,-0.0138722563683459,0.0419209207666474));
#8364=CARTESIAN_POINT('',(-0.0137543608336541,-0.0164299202813849,0.0424440437386588));
#8365=CARTESIAN_POINT('',(-0.0137543608336541,-0.0177240059286888,0.0424440437386588));
#8366=CARTESIAN_POINT('',(-0.0295000227524161,-0.0465,0.0621832592939955));
#8367=CARTESIAN_POINT('',(-0.0307855979717892,-0.0465,0.0606511704077575));
#8368=CARTESIAN_POINT('',(-0.0307855979717892,-0.0305,0.0606511704077575));
#8369=CARTESIAN_POINT('',(-0.0295000227524161,-0.0184341052285319,0.0621832592939955));
#8370=CARTESIAN_POINT('',(-0.029858514199005,-0.0184138958896627,0.0624840693346084));
#8371=CARTESIAN_POINT('',(-0.0303084303978706,-0.0184999998538688,0.0626492670572068));
#8372=CARTESIAN_POINT('',(-0.0307775525064271,-0.0185,0.0626511542253138));
#8373=CARTESIAN_POINT('',(-0.030777552506427,-0.0185,0.0626511542253138));
#8374=CARTESIAN_POINT('',(-0.0307855979717892,-0.0185,0.0606511704077575));
#8375=CARTESIAN_POINT('',(-0.0307855979717892,-0.0465,0.0606511704077575));
#8376=CARTESIAN_POINT('',(-0.0307855979717892,-0.0465,0.0606511704077575));
#8377=CARTESIAN_POINT('',(-0.0307855979717892,-0.0465,0.0606511704077575));
#8378=CARTESIAN_POINT('',(-0.0220718424313108,-0.0465,0.0533394613475732));
#8379=CARTESIAN_POINT('',(-0.0133580868908324,-0.0465,0.0460277522873888));
#8380=CARTESIAN_POINT('',(-0.0133580868908325,-0.0305,0.0460277522873888));
#8381=CARTESIAN_POINT('',(-0.0118259980045945,-0.0168866545139225,0.0447421770680157));
#8382=CARTESIAN_POINT('',(-0.0117565799281331,-0.0167403915409283,0.0448249063100295));
#8383=CARTESIAN_POINT('',(-0.0116301933663507,-0.0164502414303643,0.0450017723479975));
#8384=CARTESIAN_POINT('',(-0.0114740572436663,-0.0160432423971534,0.0453229386959009));
#8385=CARTESIAN_POINT('',(-0.0113527658609291,-0.0156878647993425,0.0457496226128035));
#8386=CARTESIAN_POINT('',(-0.0113581420060874,-0.0157044255994694,0.0463401538677315));
#8387=CARTESIAN_POINT('',(-0.0114846407952363,-0.0160725747410902,0.0467592521935206));
#8388=CARTESIAN_POINT('',(-0.011695299515814,-0.0166164418545644,0.0471782993970867));
#8389=CARTESIAN_POINT('',(-0.0119039040107011,-0.017067331387777,0.0474183625476708));
#8390=CARTESIAN_POINT('',(-0.0120725116714594,-0.0173578454244785,0.0475598411736267));
#8391=CARTESIAN_POINT('',(-0.0133580868908325,-0.0465,0.0460277522873888));
#8392=CARTESIAN_POINT('',(-0.0133580868908325,-0.0465,0.0460277522873888));
#8393=CARTESIAN_POINT('',(-0.0133580868908325,-0.0465,0.0460277522873888));
#8394=CARTESIAN_POINT('',(-0.0120725116714594,-0.0465,0.0475598411736267));
#8395=CARTESIAN_POINT('',(-0.0137662886663185,-0.0177281456571953,0.0424298287012291));
#8396=CARTESIAN_POINT('',(-0.0144152696678558,-0.0131958393874761,0.0416564032611217));
#8397=CARTESIAN_POINT('',(-0.0111347386473401,-0.0120589403755402,0.0385731030431099));
#8398=CARTESIAN_POINT('',(-0.0130995510692619,-0.0174970814451668,0.043224415627839));
#8399=CARTESIAN_POINT('',(-0.0138324891267944,-0.0131764165902133,0.0423509340646213));
#8400=CARTESIAN_POINT('',(-0.0107537457347416,-0.0119269036829502,0.0393676899697232));
#8401=CARTESIAN_POINT('',(-0.0124503219635767,-0.0172155151040073,0.043998136746956));
#8402=CARTESIAN_POINT('',(-0.0132488747726622,-0.0131028327677113,0.043046458567831));
#8403=CARTESIAN_POINT('',(-0.0103827576743382,-0.0117660086308613,0.0401414110888409));
#8404=CARTESIAN_POINT('',(-0.0118259980045945,-0.0168866545139225,0.0447421770680157));
#8405=CARTESIAN_POINT('',(-0.0126773921221837,-0.0129746997722219,0.0437275250696653));
#8406=CARTESIAN_POINT('',(-0.010026001126355,-0.01157808829367,0.0408854514098965));
#8407=CARTESIAN_POINT('',(-0.00722973134588064,-0.0168866545139225,0.0408854514098965));
#8408=CARTESIAN_POINT('',(-0.0105894609363318,-0.0118473402425592,0.0521561078323406));
#8409=CARTESIAN_POINT('',(-0.0131830397692663,-0.0129645360047078,0.0484916848909085));
#8410=CARTESIAN_POINT('',(-0.0120725116714594,-0.0173578454244785,0.0475598411736267));
#8411=CARTESIAN_POINT('',(-0.0101373061454651,-0.01165257253017,0.0514921527231536));
#8412=CARTESIAN_POINT('',(-0.0128465567796511,-0.0130032926723229,0.0484465514464941));
#8413=CARTESIAN_POINT('',(-0.011874693950462,-0.0170170019233532,0.0473938523968975));
#8414=CARTESIAN_POINT('',(-0.00958130836159463,-0.0113378764759297,0.050287862741711));
#8415=CARTESIAN_POINT('',(-0.0122148463595801,-0.0129428411732184,0.0481358680330365));
#8416=CARTESIAN_POINT('',(-0.0116314449200119,-0.0164662838338491,0.0470927799008401));
#8417=CARTESIAN_POINT('',(-0.00912532478588724,-0.0110274945407612,0.0483685264405134));
#8418=CARTESIAN_POINT('',(-0.0116000826687789,-0.0127819007931456,0.0472569920360297));
#8419=CARTESIAN_POINT('',(-0.0114319521056375,-0.0159231154461933,0.0466129458256962));
#8420=CARTESIAN_POINT('',(-0.00888398106121087,-0.0108465665592771,0.0462466964843646));
#8421=CARTESIAN_POINT('',(-0.0112540567368099,-0.0126654502110317,0.0461617828871367));
#8422=CARTESIAN_POINT('',(-0.0113263642261082,-0.0156064914785957,0.0460824883366044));
#8423=CARTESIAN_POINT('',(-0.00906175675217488,-0.0109891490238989,0.0435073675293882));
#8424=CARTESIAN_POINT('',(-0.0115281096800656,-0.012773332759466,0.0446377725606513));
#8425=CARTESIAN_POINT('',(-0.0114041410907748,-0.0158560107937707,0.045397656098012));
#8426=CARTESIAN_POINT('',(-0.00964726130164869,-0.0113785883378349,0.0416753393665459));
#8427=CARTESIAN_POINT('',(-0.012300054402755,-0.0129523093929447,0.0439187560933614));
#8428=CARTESIAN_POINT('',(-0.0116602993315292,-0.0165375295870379,0.0449396490569293));
#8429=CARTESIAN_POINT('',(-0.0100260011263551,-0.01157808829367,0.0408854514098963));
#8430=CARTESIAN_POINT('',(-0.0126773921221837,-0.0129746997722219,0.0437275250696652));
#8431=CARTESIAN_POINT('',(-0.0118259980045945,-0.0168866545139226,0.0447421770680157));
#8432=CARTESIAN_POINT('',(-0.00821578601334013,-0.0173578454244785,0.0521561078323406));
#8433=CARTESIAN_POINT('',(-0.0137543608336541,-0.0125,0.0568035239213138));
#8434=CARTESIAN_POINT('',(-0.0176110864917733,-0.0125,0.0522072572625999));
#8435=CARTESIAN_POINT('',(-0.0176110864917733,-0.0185,0.0522072572625999));
#8436=CARTESIAN_POINT('',(-0.0126697351009132,-0.0125,0.0552108330797623));
#8437=CARTESIAN_POINT('',(-0.0162496768990232,-0.0130010550179302,0.0510648989754071));
#8438=CARTESIAN_POINT('',(-0.0157129914594693,-0.0185000000000043,0.0506145664210542));
#8439=CARTESIAN_POINT('',(-0.011585600223193,-0.012276431726365,0.0536188630216966));
#8440=CARTESIAN_POINT('',(-0.0146958819029396,-0.0131855823707578,0.04976111016732));
#8441=CARTESIAN_POINT('',(-0.0138157554234578,-0.0181087555211389,0.0490225963629807));
#8442=CARTESIAN_POINT('',(-0.0105894609363318,-0.0118473402425592,0.0521561078323406));
#8443=CARTESIAN_POINT('',(-0.0131830397692663,-0.0129645360047079,0.0484916848909085));
#8444=CARTESIAN_POINT('',(-0.0120725116714594,-0.0173578454244786,0.0475598411736267));
#8445=CARTESIAN_POINT('',(-0.0137543608336541,-0.0185,0.0568035239213138));
#8446=CARTESIAN_POINT('',(-0.0169295415538185,-0.0185,0.059467816892525));
#8447=CARTESIAN_POINT('',(-0.0183361265985217,-0.0125,0.0606480816484566));
#8448=CARTESIAN_POINT('',(-0.019345841705235,-0.0125000000473896,0.0594448042864224));
#8449=CARTESIAN_POINT('',(-0.0213572333405661,-0.0138001168783765,0.0570478295666786));
#8450=CARTESIAN_POINT('',(-0.0221929856897903,-0.0169292037033743,0.0560519271897475));
#8451=CARTESIAN_POINT('',(-0.022193012399691,-0.0185,0.0560519496020153));
#8452=CARTESIAN_POINT('',(-0.0259653563617831,-0.0124623458598633,0.0662954103973461));
#8453=CARTESIAN_POINT('',(-0.029454973298492,-0.012986968444043,0.0621454583138231));
#8454=CARTESIAN_POINT('',(-0.0295000227524161,-0.0184341052285319,0.0621832592939955));
#8455=CARTESIAN_POINT('',(-0.0253292513378068,-0.0124672791339215,0.0658113857857719));
#8456=CARTESIAN_POINT('',(-0.0288412333228827,-0.0129606030496728,0.0616304693266129));
#8457=CARTESIAN_POINT('',(-0.0288874438856135,-0.0184427384986193,0.0616692445927945));
#8458=CARTESIAN_POINT('',(-0.0240550080881227,-0.0124768606496664,0.0648481494676685));
#8459=CARTESIAN_POINT('',(-0.0276139154197159,-0.0129021523543183,0.0606006273267836));
#8460=CARTESIAN_POINT('',(-0.0276622852525745,-0.0184595060962273,0.0606412144356778));
#8461=CARTESIAN_POINT('',(-0.0221376498542112,-0.0124891200160167,0.063420253267908));
#8462=CARTESIAN_POINT('',(-0.0257836306020897,-0.0127930428899006,0.059064836011342));
#8463=CARTESIAN_POINT('',(-0.0258245406374269,-0.0184809600269173,0.0590991636069093));
#8464=CARTESIAN_POINT('',(-0.0205375474633396,-0.0124963490259346,0.0622411669276405));
#8465=CARTESIAN_POINT('',(-0.0242647945407705,-0.0126853073221537,0.0577903812324741));
#8466=CARTESIAN_POINT('',(-0.0242930773676465,-0.0184936107962287,0.0578141133420751));
#8467=CARTESIAN_POINT('',(-0.0194124944690864,-0.0124990924679287,0.0614288596034285));
#8468=CARTESIAN_POINT('',(-0.023208136923829,-0.0125914767821197,0.0569037402158203));
#8469=CARTESIAN_POINT('',(-0.0232210457695657,-0.018498411818762,0.0569145720235151));
#8470=CARTESIAN_POINT('',(-0.0187742798540582,-0.0124998971624583,0.060957904827772));
#8471=CARTESIAN_POINT('',(-0.0226018094440224,-0.0125439617345414,0.056394971051137));
#8472=CARTESIAN_POINT('',(-0.0226084538778838,-0.0184998200342984,0.0564005463931426));
#8473=CARTESIAN_POINT('',(-0.0184454313290298,-0.0125,0.0607397994438136));
#8474=CARTESIAN_POINT('',(-0.0223021569871498,-0.0125000000000059,0.056143532785104));
#8475=CARTESIAN_POINT('',(-0.0223021569871526,-0.0185000000000014,0.0561435327850993));
#8476=CARTESIAN_POINT('',(-0.0182922827214512,-0.0125,0.0606112925036757));
#8477=CARTESIAN_POINT('',(-0.0221490083795704,-0.0125,0.0560150258449618));
#8478=CARTESIAN_POINT('',(-0.0221490083795704,-0.0185,0.0560150258449618));
#8479=CARTESIAN_POINT('',(-0.0256432970942969,-0.0184341052285319,0.0667795259527094));
#8480=CARTESIAN_POINT('',(-0.030753415879543,-0.0125000000000001,0.0686511048490881));
#8481=CARTESIAN_POINT('',(-0.030777552885553,-0.0125000008279595,0.062651154226839));
#8482=CARTESIAN_POINT('',(-0.0307775523020089,-0.0185,0.0626511542244915));
#8483=CARTESIAN_POINT('',(-0.0299536823536928,-0.0124999999481344,0.0684595493428566));
#8484=CARTESIAN_POINT('',(-0.0306785385663736,-0.0126854274160134,0.0626507559792872));
#8485=CARTESIAN_POINT('',(-0.0305442446559939,-0.0184999999225259,0.0626502156587584));
#8486=CARTESIAN_POINT('',(-0.0283037549743251,-0.0124666208556521,0.0678482531204881));
#8487=CARTESIAN_POINT('',(-0.0302436777516408,-0.0129753602551749,0.0626448044146313));
#8488=CARTESIAN_POINT('',(-0.0300842525699012,-0.0184415864559748,0.0625667913466297));
#8489=CARTESIAN_POINT('',(-0.0267061141076328,-0.0124566009578234,0.0668590672899384));
#8490=CARTESIAN_POINT('',(-0.0296743841184775,-0.0130236526315142,0.0623384668419394));
#8491=CARTESIAN_POINT('',(-0.0296783630121964,-0.0184240516018643,0.0623329045402011));
#8492=CARTESIAN_POINT('',(-0.0259653563617831,-0.0124623458598633,0.066295410397346));
#8493=CARTESIAN_POINT('',(-0.029454973298492,-0.0129869684440429,0.062145458313823));
#8494=CARTESIAN_POINT('',(-0.0295000227524161,-0.0184341052285319,0.0621832592939955));
#8495=CARTESIAN_POINT('',(-0.0307534161103407,-0.0185,0.0686511056779828));
#8496=CARTESIAN_POINT('',(-0.0307855979717892,-0.0185,0.0606511704077575));
#8497=CARTESIAN_POINT('',(-0.036913953516741,-0.0185,0.0657934712852498));
#8498=CARTESIAN_POINT('',(-0.0356283782973679,-0.0185,0.0673255601714878));
#8499=CARTESIAN_POINT('',(-0.0183638792136301,-0.0449,0.0423956670432047));
#8500=CARTESIAN_POINT('',(-0.0183638792136301,-0.0449,0.0423956670432047));
#8501=CARTESIAN_POINT('',(-0.0206620125429871,-0.0449,0.0443240298722643));
#8502=CARTESIAN_POINT('',(-0.0261145313407875,-0.0301678928629043,0.0488992363844859));
#8503=CARTESIAN_POINT('',(-0.0183638792136301,-0.0449,0.0423956670432047));
#8504=CARTESIAN_POINT('',(-0.0174063236597314,-0.0449,0.0415921825310965));
#8505=CARTESIAN_POINT('',(-0.03349325696523,-0.0449,0.0550907223345139));
#8506=CARTESIAN_POINT('',(-0.03349325696523,-0.0449,0.0550907223345139));
#8507=CARTESIAN_POINT('',(-0.0357913902945869,-0.0449,0.0570190851635735));
#8508=CARTESIAN_POINT('',(-0.0261145313407875,-0.0301678928629043,0.0488992363844859));
#8509=CARTESIAN_POINT('',(-0.03349325696523,-0.0449,0.0550907223345139));
#8510=CARTESIAN_POINT('',(-0.0325357014113312,-0.0449,0.0542872378224057));
#8511=CARTESIAN_POINT('',(-0.03349325696523,-0.0186,0.0550907223345139));
#8512=CARTESIAN_POINT('',(-0.03349325696523,-0.0186,0.0550907223345139));
#8513=CARTESIAN_POINT('',(-0.0357913902945869,-0.0186,0.0570190851635735));
#8514=CARTESIAN_POINT('',(-0.0261145313407875,-0.0301678928629043,0.0488992363844859));
#8515=CARTESIAN_POINT('',(-0.03349325696523,-0.0186,0.0550907223345139));
#8516=CARTESIAN_POINT('',(-0.0325357014113312,-0.0186,0.0542872378224057));
#8517=CARTESIAN_POINT('',(-0.0183638792136301,-0.0186,0.0423956670432048));
#8518=CARTESIAN_POINT('',(-0.0183638792136301,-0.0186,0.0423956670432048));
#8519=CARTESIAN_POINT('',(-0.0206620125429871,-0.0186,0.0443240298722644));
#8520=CARTESIAN_POINT('',(-0.0261145313407875,-0.0301678928629043,0.0488992363844859));
#8521=CARTESIAN_POINT('',(-0.0183638792136301,-0.0186,0.0423956670432047));
#8522=CARTESIAN_POINT('',(-0.0174063236597314,-0.0186,0.0415921825310965));
#8523=CARTESIAN_POINT('',(-0.0138643659458243,-0.0186,0.0477579781450376));
#8524=CARTESIAN_POINT('',(-0.0133815837445,-0.0186,0.0483333355679064));
#8525=CARTESIAN_POINT('',(-0.0138643659458243,-0.0186,0.0477579781450376));
#8526=CARTESIAN_POINT('',(-0.0129068103919256,-0.0186,0.0469544936329294));
#8527=CARTESIAN_POINT('',(-0.0183638792136301,-0.0186,0.0423956670432047));
#8528=CARTESIAN_POINT('',(-0.0289937436974242,-0.0186,0.0604530334363467));
#8529=CARTESIAN_POINT('',(-0.0285109614960998,-0.0186,0.0610283908592156));
#8530=CARTESIAN_POINT('',(-0.0289937436974242,-0.0186,0.0604530334363467));
#8531=CARTESIAN_POINT('',(-0.0280361881435255,-0.0186,0.0596495489242385));
#8532=CARTESIAN_POINT('',(-0.03349325696523,-0.0186,0.0550907223345139));
#8533=CARTESIAN_POINT('',(-0.0289937436974242,-0.0449,0.0604530334363467));
#8534=CARTESIAN_POINT('',(-0.0285109614960998,-0.0449,0.0610283908592156));
#8535=CARTESIAN_POINT('',(-0.0289937436974242,-0.0449,0.0604530334363467));
#8536=CARTESIAN_POINT('',(-0.0280361881435255,-0.0449,0.0596495489242385));
#8537=CARTESIAN_POINT('',(-0.03349325696523,-0.0449,0.0550907223345139));
#8538=CARTESIAN_POINT('',(-0.0138643659458243,-0.0449,0.0477579781450376));
#8539=CARTESIAN_POINT('',(-0.0133815837445,-0.0449,0.0483333355679064));
#8540=CARTESIAN_POINT('',(-0.0138643659458243,-0.0449,0.0477579781450376));
#8541=CARTESIAN_POINT('',(-0.0129068103919256,-0.0449,0.0469544936329294));
#8542=CARTESIAN_POINT('',(-0.0183638792136301,-0.0449,0.0423956670432047));
#8543=CARTESIAN_POINT('',(-0.035140978988751,-0.0125,0.0505989924747378));
#8544=CARTESIAN_POINT('',(-0.0361051604032809,-0.00773583551611996,0.0494499258100594));
#8545=CARTESIAN_POINT('',(-0.0341767975742212,-0.0125,0.0517480591394163));
#8546=CARTESIAN_POINT('',(-0.0301066875523925,-0.0125,0.043763905808586));
#8547=CARTESIAN_POINT('',(-0.0360435319865647,-0.011149860410907,0.0487455097836566));
#8548=CARTESIAN_POINT('',(-0.0241698431182205,-0.0125,0.0387823018335153));
#8549=CARTESIAN_POINT('',(-0.0275355371136464,-0.0125,0.0468280835810618));
#8550=CARTESIAN_POINT('',(-0.0334723815478185,-0.0125,0.0518096875561325));
#8551=CARTESIAN_POINT('',(-0.0215986926794744,-0.0125,0.0418464796059912));
#8552=CARTESIAN_POINT('',(-0.0225012456772879,-0.0125,0.0399929969149099));
#8553=CARTESIAN_POINT('',(-0.0234654270918178,-0.0125,0.0388439302502315));
#8554=CARTESIAN_POINT('',(-0.0215370642627581,-0.01,0.0411420635795884));
#8555=CARTESIAN_POINT('',(-0.0357221381817214,-0.0125,0.0491285320052161));
#8556=CARTESIAN_POINT('',(-0.0337937753526618,-0.0125,0.051426665334573));
#8557=CARTESIAN_POINT('',(-0.0238484493133772,-0.0125,0.0391653240550748));
#8558=CARTESIAN_POINT('',(-0.0219200864843176,-0.0125,0.0414634573844316));
#8559=CARTESIAN_POINT('',(-0.0110392328351736,-0.012502,0.0598366223275662));
#8560=CARTESIAN_POINT('',(-0.0105506056833501,-0.0075,0.056623564048216));
#8561=CARTESIAN_POINT('',(-0.0108588010957293,-0.00795059539120644,0.0565766951048409));
#8562=CARTESIAN_POINT('',(-0.0116692553997421,-0.00875437096409825,0.0565375244920979));
#8563=CARTESIAN_POINT('',(-0.0126928378990689,-0.009,0.0569853189208413));
#8564=CARTESIAN_POINT('',(-0.0131155071869528,-0.009,0.057336305384428));
#8565=CARTESIAN_POINT('',(-0.0131155071869528,-0.009,0.057336305384428));
#8566=CARTESIAN_POINT('',(-0.0110392328351736,-0.009,0.0598366223275662));
#8567=CARTESIAN_POINT('',(-0.0142052335459078,-0.00899999999999987,0.0591024973384596));
#8568=CARTESIAN_POINT('',(-0.0142052335459078,-0.00899999999999987,0.0591024973384596));
#8569=CARTESIAN_POINT('',(-0.0143303869242106,-0.0089999998697293,0.0596422360621606));
#8570=CARTESIAN_POINT('',(-0.0142683909495479,-0.00876417175059593,0.0607708108562389));
#8571=CARTESIAN_POINT('',(-0.013858355899993,-0.00795517019801233,0.0614838452268456));
#8572=CARTESIAN_POINT('',(-0.0136749208170613,-0.0075,0.0617381082891585));
#8573=CARTESIAN_POINT('',(-0.0425330735743046,-0.012502,0.0540855750441551));
#8574=CARTESIAN_POINT('',(-0.0455565828854346,-0.0075,0.0552775865564779));
#8575=CARTESIAN_POINT('',(-0.0454346436433366,-0.00798585006463352,0.0555868825910077));
#8576=CARTESIAN_POINT('',(-0.0450173657552028,-0.00882305829630819,0.056386006278243));
#8577=CARTESIAN_POINT('',(-0.0439731557169503,-0.00899999992213356,0.0570564141741647));
#8578=CARTESIAN_POINT('',(-0.043414197036198,-0.00899999999999993,0.0572138527563957));
#8579=CARTESIAN_POINT('',(-0.043414197036198,-0.009,0.0572138527563957));
#8580=CARTESIAN_POINT('',(-0.0425330735743046,-0.009,0.0540855750441551));
#8581=CARTESIAN_POINT('',(-0.0395966521393171,-0.00899999999992686,0.05547838844018));
#8582=CARTESIAN_POINT('',(-0.0395966521393172,-0.00899999999992686,0.05547838844018));
#8583=CARTESIAN_POINT('',(-0.0393445218578601,-0.00899999738974262,0.0549468306844943));
#8584=CARTESIAN_POINT('',(-0.0391654356947708,-0.00882858019775284,0.0537134567172939));
#8585=CARTESIAN_POINT('',(-0.0395042074680104,-0.00798902168366895,0.0528605267367022));
#8586=CARTESIAN_POINT('',(-0.0396610369010041,-0.0075,0.0525644224064435));
#8587=CARTESIAN_POINT('',(-0.0874460339546204,-0.012502,0.0699694231152535));
#8588=CARTESIAN_POINT('',(-0.0874460339546204,-0.009,0.0699694231152535));
#8589=CARTESIAN_POINT('',(-0.0860984320032754,-0.00899999999999576,0.0729268660953853));
#8590=CARTESIAN_POINT('',(-0.0842001589196356,-0.009,0.0701331156846094));
#8591=CARTESIAN_POINT('',(-0.0842001589196356,-0.00899999999999243,0.0701331156846094));
#8592=CARTESIAN_POINT('',(-0.0841730903769285,-0.00899999892146528,0.0695963710580684));
#8593=CARTESIAN_POINT('',(-0.0844136646234233,-0.00872270719802292,0.0685426524778016));
#8594=CARTESIAN_POINT('',(-0.0848997555789641,-0.00793680558823435,0.0679261511660018));
#8595=CARTESIAN_POINT('',(-0.0851157228632501,-0.0075,0.067703998162306));
#8596=CARTESIAN_POINT('',(-0.0887282511198849,-0.0075,0.0729557953527853));
#8597=CARTESIAN_POINT('',(-0.0884158590075486,-0.00791341076154062,0.0730899228147597));
#8598=CARTESIAN_POINT('',(-0.0876384519171591,-0.00864976933658705,0.0733140686847293));
#8599=CARTESIAN_POINT('',(-0.0865884005592844,-0.00899999904215631,0.0731501274013889));
#8600=CARTESIAN_POINT('',(-0.0860984320032754,-0.00899999999999576,0.0729268660953853));
#8601=CARTESIAN_POINT('',(-0.0643505454063416,-0.012502,0.0909653156995773));
#8602=CARTESIAN_POINT('',(-0.0612457808011424,-0.0075,0.090004619729823));
#8603=CARTESIAN_POINT('',(-0.0613472805080923,-0.00800146745189284,0.0896765943112748));
#8604=CARTESIAN_POINT('',(-0.0617259981252284,-0.00885965381654077,0.0888074576126541));
#8605=CARTESIAN_POINT('',(-0.0627759217920602,-0.009,0.0880591478985078));
#8606=CARTESIAN_POINT('',(-0.0633488910924049,-0.009,0.0878735219426504));
#8607=CARTESIAN_POINT('',(-0.0633488910924049,-0.009,0.0878735219426504));
#8608=CARTESIAN_POINT('',(-0.0643505454063416,-0.009,0.0909653156995773));
#8609=CARTESIAN_POINT('',(-0.0664285329103955,-0.009,0.0884664223579168));
#8610=CARTESIAN_POINT('',(-0.0664285329103956,-0.009,0.0884664223579167));
#8611=CARTESIAN_POINT('',(-0.0666600300590813,-0.009,0.0886589268454726));
#8612=CARTESIAN_POINT('',(-0.0670725274980396,-0.00897459173076765,0.0891116481557715));
#8613=CARTESIAN_POINT('',(-0.0675950310460109,-0.00864020850739924,0.0901871481210953));
#8614=CARTESIAN_POINT('',(-0.0676179010607974,-0.00800242446925409,0.0908922892378259));
#8615=CARTESIAN_POINT('',(-0.0675893152769142,-0.0075,0.0912352596298134));
#8616=CARTESIAN_POINT('',(-0.0436853120094474,-0.00999999999999992,0.0581763995863241));
#8617=CARTESIAN_POINT('',(-0.043414197134896,-0.0099999998642626,0.057213852728596));
#8618=CARTESIAN_POINT('',(-0.043414197036198,-0.00899999999999994,0.0572138527563957));
#8619=CARTESIAN_POINT('',(-0.0441082987301033,-0.00999999994758081,0.0580108161171831));
#8620=CARTESIAN_POINT('',(-0.0437471322877273,-0.00995627335391292,0.0571200768543449));
#8621=CARTESIAN_POINT('',(-0.043722068618269,-0.00899999996667818,0.0571271363906614));
#8622=CARTESIAN_POINT('',(-0.0449347823432948,-0.00994854124392835,0.057534186611361));
#8623=CARTESIAN_POINT('',(-0.0444254057054755,-0.00983389865523763,0.056812996770532));
#8624=CARTESIAN_POINT('',(-0.0443181055694681,-0.00895789746940474,0.0568589107759746));
#8625=CARTESIAN_POINT('',(-0.0459452078491252,-0.00953208945322064,0.0564844034268033));
#8626=CARTESIAN_POINT('',(-0.0452736993239485,-0.00939473710969966,0.0559812980981438));
#8627=CARTESIAN_POINT('',(-0.0450290146074832,-0.00861716367627405,0.0562309209208256));
#8628=CARTESIAN_POINT('',(-0.0466059356239142,-0.00869143868910255,0.0553473646823884));
#8629=CARTESIAN_POINT('',(-0.0457686244460608,-0.00861274573657995,0.0549766823430101));
#8630=CARTESIAN_POINT('',(-0.0454748755410467,-0.00792935743453789,0.0555311801647689));
#8631=CARTESIAN_POINT('',(-0.0468321429604352,-0.00789825639223438,0.0547049692631043));
#8632=CARTESIAN_POINT('',(-0.0458776971165392,-0.00789811385108168,0.0543667366552638));
#8633=CARTESIAN_POINT('',(-0.0456158898553104,-0.00728038990635534,0.0551290690090568));
#8634=CARTESIAN_POINT('',(-0.0469105714483938,-0.00746613117212573,0.0544390872652861));
#8635=CARTESIAN_POINT('',(-0.0459038061055997,-0.00750097130992528,0.0541008341406568));
#8636=CARTESIAN_POINT('',(-0.045662698350516,-0.00692683297344482,0.0549619019010546));
#8637=CARTESIAN_POINT('',(-0.0436853119475498,-0.009,0.0581763997447774));
#8638=CARTESIAN_POINT('',(-0.0425330735743046,-0.009,0.0540855750441551));
#8639=CARTESIAN_POINT('',(-0.0386931378516287,-0.00899999999992686,0.0559069464081876));
#8640=CARTESIAN_POINT('',(-0.039437761077908,-0.00746799223735579,0.0510041755551187));
#8641=CARTESIAN_POINT('',(-0.0403162435416486,-0.00748805498550932,0.0515539234717019));
#8642=CARTESIAN_POINT('',(-0.0398313413492193,-0.0069283571681469,0.0522791578764069));
#8643=CARTESIAN_POINT('',(-0.0392843085951792,-0.00790422472558804,0.0512381102035078));
#8644=CARTESIAN_POINT('',(-0.0401322123766719,-0.00788955193768214,0.0517466443425941));
#8645=CARTESIAN_POINT('',(-0.0397340148500144,-0.00728527464760811,0.0524247223362401));
#8646=CARTESIAN_POINT('',(-0.038940200611203,-0.00869434755161377,0.0518247270693849));
#8647=CARTESIAN_POINT('',(-0.039744547901828,-0.0086048086265499,0.0522223565798259));
#8648=CARTESIAN_POINT('',(-0.0395204714812681,-0.00793173881915477,0.0527928236861876));
#8649=CARTESIAN_POINT('',(-0.0384946325175229,-0.00953781759147153,0.0530776559750633));
#8650=CARTESIAN_POINT('',(-0.0393048631869255,-0.00939463239682803,0.0532592965408584));
#8651=CARTESIAN_POINT('',(-0.0392771210374932,-0.00862185080292247,0.0535982397596956));
#8652=CARTESIAN_POINT('',(-0.0383553073901344,-0.00994829064283747,0.0545324295829183));
#8653=CARTESIAN_POINT('',(-0.039232918649498,-0.00983263537471953,0.0544460341331099));
#8654=CARTESIAN_POINT('',(-0.0392677430415576,-0.00895769237971735,0.0545540911621023));
#8655=CARTESIAN_POINT('',(-0.0385379251202795,-0.00999999824261137,0.0554746135568196));
#8656=CARTESIAN_POINT('',(-0.0394468494845999,-0.00995594812735064,0.0551625638167554));
#8657=CARTESIAN_POINT('',(-0.0394577689651329,-0.00899999857216326,0.0551855857353829));
#8658=CARTESIAN_POINT('',(-0.0386931405375826,-0.00999999999991061,0.055906941379132));
#8659=CARTESIAN_POINT('',(-0.0395966506853395,-0.00999999541789197,0.0554783853748079));
#8660=CARTESIAN_POINT('',(-0.0395966521393172,-0.00899999999992686,0.05547838844018));
#8661=CARTESIAN_POINT('',(-0.01420523350037,-0.009,0.0591024971420726));
#8662=CARTESIAN_POINT('',(-0.0142052335335993,-0.00999999986907673,0.0591024972853778));
#8663=CARTESIAN_POINT('',(-0.0151793874568895,-0.00999999999999998,0.0588766126424918));
#8664=CARTESIAN_POINT('',(-0.0142746170093805,-0.00899999994896844,0.0594017216340553));
#8665=CARTESIAN_POINT('',(-0.0142841196320327,-0.0099566319116974,0.0594427028398602));
#8666=CARTESIAN_POINT('',(-0.0152381873809506,-0.0099999999277796,0.059326441044871));
#8667=CARTESIAN_POINT('',(-0.0143266378225419,-0.00893985997802099,0.0600130340098146));
#8668=CARTESIAN_POINT('',(-0.0143393318072469,-0.00982753581911166,0.0601769043308527));
#8669=CARTESIAN_POINT('',(-0.0152345091754385,-0.00992649553310923,0.0602557809356365));
#8670=CARTESIAN_POINT('',(-0.0140965966755475,-0.00842849599855209,0.061169956415613));
#8671=CARTESIAN_POINT('',(-0.0139384189221545,-0.00921018244269462,0.0616648487533817));
#8672=CARTESIAN_POINT('',(-0.0147744897953582,-0.00930149510295472,0.0620537058506064));
#8673=CARTESIAN_POINT('',(-0.0136840310796888,-0.00758834060451139,0.0617547379097316));
#8674=CARTESIAN_POINT('',(-0.013207568627632,-0.00829960939180772,0.0624336059610288));
#8675=CARTESIAN_POINT('',(-0.0141347074410393,-0.00827463850601321,0.0629992307108358));
#8676=CARTESIAN_POINT('',(-0.0134612507074274,-0.00692083176140839,0.0620037239464304));
#8677=CARTESIAN_POINT('',(-0.0127869311359778,-0.00758274246806908,0.0627573637570625));
#8678=CARTESIAN_POINT('',(-0.0137979906443874,-0.00745879436844982,0.0634079028959749));
#8679=CARTESIAN_POINT('',(-0.0151793875718338,-0.0089999999999999,0.0588766125586001));
#8680=CARTESIAN_POINT('',(-0.0110392328351736,-0.009,0.0598366223275662));
#8681=CARTESIAN_POINT('',(-0.0137543608336541,-0.009,0.0565669770942316));
#8682=CARTESIAN_POINT('',(-0.0137543608336541,-0.01,0.0565669770942316));
#8683=CARTESIAN_POINT('',(-0.0131155071869528,-0.01,0.057336305384428));
#8684=CARTESIAN_POINT('',(-0.0131155071869528,-0.009,0.057336305384428));
#8685=CARTESIAN_POINT('',(-0.0133792602834669,-0.01,0.0563121255956669));
#8686=CARTESIAN_POINT('',(-0.0128463175617787,-0.00995735905843649,0.0571127691108411));
#8687=CARTESIAN_POINT('',(-0.0128808186094321,-0.00900000000796822,0.0571414189419315));
#8688=CARTESIAN_POINT('',(-0.0125496605737433,-0.00992287553681181,0.055895185204587));
#8689=CARTESIAN_POINT('',(-0.0122130886228887,-0.00982793948267789,0.0567335449191803));
#8690=CARTESIAN_POINT('',(-0.0123617642426968,-0.00893689816298227,0.0568225821764442));
#8691=CARTESIAN_POINT('',(-0.010751801413981,-0.00928579370061725,0.0554849332374641));
#8692=CARTESIAN_POINT('',(-0.010705618485673,-0.00920729705974725,0.0564240259027039));
#8693=CARTESIAN_POINT('',(-0.0112369004916517,-0.00841564939297832,0.0565088600783072));
#8694=CARTESIAN_POINT('',(-0.00963201835585562,-0.00826513982448759,0.0556152315738179));
#8695=CARTESIAN_POINT('',(-0.00969411536531388,-0.00830979660309738,0.0567266000537907));
#8696=CARTESIAN_POINT('',(-0.0105362875623234,-0.00758056894998739,0.0566085000006656));
#8697=CARTESIAN_POINT('',(-0.00911645759465213,-0.00745632433025456,0.0557260096797481));
#8698=CARTESIAN_POINT('',(-0.00920984825988991,-0.00760283628916454,0.0569568465901538));
#8699=CARTESIAN_POINT('',(-0.0102137174598767,-0.00691881081566282,0.0566932126557053));
#8700=CARTESIAN_POINT('',(-0.0611637684405604,-0.0069267261532371,0.0903273873569202));
#8701=CARTESIAN_POINT('',(-0.0609906408437068,-0.00749241116655503,0.091192247876357));
#8702=CARTESIAN_POINT('',(-0.0599723945943967,-0.00746599856966058,0.0909464158856471));
#8703=CARTESIAN_POINT('',(-0.0611987659093503,-0.00729026996202729,0.0901525571762515));
#8704=CARTESIAN_POINT('',(-0.0609970043877669,-0.00790126084176435,0.0909200923979894));
#8705=CARTESIAN_POINT('',(-0.0600309401697618,-0.0079103298923423,0.0906676612158901));
#8706=CARTESIAN_POINT('',(-0.061312477035916,-0.00795374414147689,0.0897289477605728));
#8707=CARTESIAN_POINT('',(-0.0610622552034639,-0.00863230034576708,0.0902895767907039));
#8708=CARTESIAN_POINT('',(-0.0602117595018604,-0.00872124278014984,0.0899903716220194));
#8709=CARTESIAN_POINT('',(-0.0617291011668754,-0.00864835662071744,0.088969527508287));
#8710=CARTESIAN_POINT('',(-0.0615114807306287,-0.00942331031336992,0.0892151044669153));
#8711=CARTESIAN_POINT('',(-0.0608200764692702,-0.00957021361289418,0.0887617246111501));
#8712=CARTESIAN_POINT('',(-0.0624303340597395,-0.00896846080420368,0.0882797486920668));
#8713=CARTESIAN_POINT('',(-0.0623438792748112,-0.00984490497574417,0.0883178427637889));
#8714=CARTESIAN_POINT('',(-0.0617993719736333,-0.00996145211083788,0.08762385508662));
#8715=CARTESIAN_POINT('',(-0.063033838846908,-0.0090000000104647,0.0879755900188636));
#8716=CARTESIAN_POINT('',(-0.0630171334696077,-0.00995871801183725,0.0879810020809483));
#8717=CARTESIAN_POINT('',(-0.0626179921781208,-0.01,0.0871034518957314));
#8718=CARTESIAN_POINT('',(-0.0633488910924049,-0.009,0.0878735219426504));
#8719=CARTESIAN_POINT('',(-0.0633488910924049,-0.01,0.0878735219426504));
#8720=CARTESIAN_POINT('',(-0.0630406897650398,-0.01,0.0869222007866729));
#8721=CARTESIAN_POINT('',(-0.0630406897650398,-0.009,0.0869222007866729));
#8722=CARTESIAN_POINT('',(-0.0643505454063416,-0.009,0.0909653156995773));
#8723=CARTESIAN_POINT('',(-0.0670679136808737,-0.009,0.0876975320989443));
#8724=CARTESIAN_POINT('',(-0.0664285329103955,-0.009,0.0884664223579168));
#8725=CARTESIAN_POINT('',(-0.0664285329103955,-0.01,0.0884664223579168));
#8726=CARTESIAN_POINT('',(-0.0670679136808737,-0.01,0.0876975320989443));
#8727=CARTESIAN_POINT('',(-0.0666830727539587,-0.00900000001069393,0.0886780883003522));
#8728=CARTESIAN_POINT('',(-0.0666964522092079,-0.00995882644214353,0.0886892141466486));
#8729=CARTESIAN_POINT('',(-0.0673929055211897,-0.01,0.0880224582419439));
#8730=CARTESIAN_POINT('',(-0.0671292113094202,-0.00896895825187589,0.0891827052069818));
#8731=CARTESIAN_POINT('',(-0.0671943298981803,-0.00984582446661544,0.0892489492438448));
#8732=CARTESIAN_POINT('',(-0.0679576279371965,-0.00996206008135005,0.0888059609888164));
#8733=CARTESIAN_POINT('',(-0.0675257479326556,-0.00865254255085544,0.0900848354516849));
#8734=CARTESIAN_POINT('',(-0.0676354133087317,-0.00942691736628608,0.0903894244998439));
#8735=CARTESIAN_POINT('',(-0.0684436811591953,-0.00957532981871462,0.0902264868437328));
#8736=CARTESIAN_POINT('',(-0.0676309128660891,-0.00796138790742609,0.0909483555645571));
#8737=CARTESIAN_POINT('',(-0.0676546482934822,-0.00863793763264858,0.0915557997075418));
#8738=CARTESIAN_POINT('',(-0.06854934621767,-0.00873058535853563,0.0915979678264487));
#8739=CARTESIAN_POINT('',(-0.0675779549676034,-0.0072943786093754,0.0913880482146588));
#8740=CARTESIAN_POINT('',(-0.0674793687544432,-0.00790215806730419,0.0921696878283284));
#8741=CARTESIAN_POINT('',(-0.0684626052517321,-0.00791535179163736,0.0923004340059793));
#8742=CARTESIAN_POINT('',(-0.067544760402291,-0.0069275311334021,0.0915648910156571));
#8743=CARTESIAN_POINT('',(-0.0673831035656469,-0.0074895622010153,0.0924261117463278));
#8744=CARTESIAN_POINT('',(-0.0684119188310916,-0.00746698264847682,0.0925834086443533));
#8745=CARTESIAN_POINT('',(-0.0856837852933723,-0.00999999999999653,0.0738368484024632));
#8746=CARTESIAN_POINT('',(-0.0860984322268707,-0.00999999984661046,0.07292686619727));
#8747=CARTESIAN_POINT('',(-0.0860984312140465,-0.00899999999999716,0.0729268657357616));
#8748=CARTESIAN_POINT('',(-0.0865931398997423,-0.00999999889637471,0.074224415385881));
#8749=CARTESIAN_POINT('',(-0.0868152332669304,-0.0099759106007221,0.073253487018912));
#8750=CARTESIAN_POINT('',(-0.0866629733787254,-0.00899999909292105,0.073184107774209));
#8751=CARTESIAN_POINT('',(-0.0880592432048077,-0.00958251746892393,0.0744496389694166));
#8752=CARTESIAN_POINT('',(-0.0881542981785563,-0.00964176916290973,0.0733173260728655));
#8753=CARTESIAN_POINT('',(-0.087589808930176,-0.00865842465081536,0.0732953665793877));
#8754=CARTESIAN_POINT('',(-0.0896289523493887,-0.00845978831156488,0.0741310008774645));
#8755=CARTESIAN_POINT('',(-0.0895144501766704,-0.00883742782341094,0.0727149972236836));
#8756=CARTESIAN_POINT('',(-0.0885851044959088,-0.00773982423488669,0.0730403491655755));
#8757=CARTESIAN_POINT('',(-0.0902399074262401,-0.00776346831360388,0.0738580464960442));
#8758=CARTESIAN_POINT('',(-0.090089719846465,-0.00830707971430162,0.0722587858904181));
#8759=CARTESIAN_POINT('',(-0.0889713008873202,-0.00717011113864857,0.0728456611066634));
#8760=CARTESIAN_POINT('',(-0.0904992066417399,-0.00737599302150773,0.0737154434880201));
#8761=CARTESIAN_POINT('',(-0.0903565902333232,-0.00798275271163039,0.0720030717937706));
#8762=CARTESIAN_POINT('',(-0.0891349396173287,-0.00685308515803914,0.0727461293767196));
#8763=CARTESIAN_POINT('',(-0.0856837852490154,-0.00899999999999576,0.0738368485508105));
#8764=CARTESIAN_POINT('',(-0.0874460339546204,-0.009,0.0699694231152535));
#8765=CARTESIAN_POINT('',(-0.0832014281396402,-0.009,0.0701834826290266));
#8766=CARTESIAN_POINT('',(-0.0842001589196355,-0.00899999999999243,0.0701331156846093));
#8767=CARTESIAN_POINT('',(-0.0842001588423405,-0.00999999899626601,0.0701331141519196));
#8768=CARTESIAN_POINT('',(-0.0832014290647969,-0.00999999999999075,0.0701834810457806));
#8769=CARTESIAN_POINT('',(-0.0841850252651015,-0.0089999994048023,0.0698330290549382));
#8770=CARTESIAN_POINT('',(-0.0841823022558222,-0.00996078463800659,0.0697790315864988));
#8771=CARTESIAN_POINT('',(-0.0832185060575719,-0.00999999926300312,0.069727968261826));
#8772=CARTESIAN_POINT('',(-0.0842390674589269,-0.00892650341549385,0.0692361446656927));
#8773=CARTESIAN_POINT('',(-0.0842620382532974,-0.00983298749769445,0.0690319301168108));
#8774=CARTESIAN_POINT('',(-0.0833649582781079,-0.00991017085120455,0.0688072953896041));
#8775=CARTESIAN_POINT('',(-0.0846436027271428,-0.00837215087652921,0.068172153113216));
#8776=CARTESIAN_POINT('',(-0.0849231328220559,-0.00920823189020671,0.0676346389053942));
#8777=CARTESIAN_POINT('',(-0.0840463814410585,-0.00923262880324208,0.0671255054050194));
#8778=CARTESIAN_POINT('',(-0.0851217114098358,-0.00755365590372148,0.0676731376850519));
#8779=CARTESIAN_POINT('',(-0.0857641184949199,-0.00835868966534835,0.0670035584149982));
#8780=CARTESIAN_POINT('',(-0.0847692252444261,-0.00823224606919686,0.0663056048501834));
#8781=CARTESIAN_POINT('',(-0.0853811894039101,-0.00690739934772551,0.0674596587873937));
#8782=CARTESIAN_POINT('',(-0.0862588942165742,-0.00768016970590343,0.0667375495520986));
#8783=CARTESIAN_POINT('',(-0.085157972587447,-0.00744237705864146,0.0659498898947727));
#8784=CARTESIAN_POINT('',(-0.0110392328351736,-0.0345,0.0598366223275662));
#8785=CARTESIAN_POINT('',(-0.00887163959986589,-0.0103359059318606,0.0610822304385899));
#8786=CARTESIAN_POINT('',(-0.00903020112622246,-0.0101682242978026,0.0613581574246691));
#8787=CARTESIAN_POINT('',(-0.00946825895793396,-0.00987443960889885,0.0618807117089172));
#8788=CARTESIAN_POINT('',(-0.0104867499727616,-0.0099366378025593,0.062351406166283));
#8789=CARTESIAN_POINT('',(-0.0114735741259607,-0.0104225851251963,0.0623553163830891));
#8790=CARTESIAN_POINT('',(-0.0123290560105521,-0.0109924603052721,0.0620415150382017));
#8791=CARTESIAN_POINT('',(-0.0130422044094032,-0.0115394050775507,0.0614324822111228));
#8792=CARTESIAN_POINT('',(-0.0135111405108563,-0.0119606975080106,0.0605424785493109));
#8793=CARTESIAN_POINT('',(-0.0135896046678162,-0.0121876275473427,0.0594742165009703));
#8794=CARTESIAN_POINT('',(-0.0133393075491651,-0.0122292587735944,0.0587931590551771));
#8795=CARTESIAN_POINT('',(-0.0131457718811809,-0.0122394325802038,0.058490333633546));
#8796=CARTESIAN_POINT('',(-0.00887163959986589,-0.0103359059318606,0.0610822304385899));
#8797=CARTESIAN_POINT('',(-0.0131457745085725,-0.0122396049286152,0.0584903377446454));
#8798=CARTESIAN_POINT('',(-0.013145777135964,-0.0122397772770267,0.0584903418557449));
#8799=CARTESIAN_POINT('',(-0.0129586678656378,-0.0122291953342313,0.0581975693055366));
#8800=CARTESIAN_POINT('',(-0.0124672906239427,-0.0121854078354526,0.0576988810080494));
#8801=CARTESIAN_POINT('',(-0.0115084022899856,-0.0119605570582949,0.0573139288458437));
#8802=CARTESIAN_POINT('',(-0.0105365470181743,-0.0115569484701625,0.0573291775791625));
#8803=CARTESIAN_POINT('',(-0.00969120878778809,-0.0110395469393604,0.0576700518923));
#8804=CARTESIAN_POINT('',(-0.00902921501788293,-0.0105015364446297,0.0582622454386827));
#8805=CARTESIAN_POINT('',(-0.00857698321849905,-0.0100406908312003,0.0591045421551075));
#8806=CARTESIAN_POINT('',(-0.00848794866649685,-0.00993831180668522,0.0601747982213965));
#8807=CARTESIAN_POINT('',(-0.00871528476593778,-0.0101856188488497,0.0608101435138735));
#8808=CARTESIAN_POINT('',(-0.00887163959986589,-0.0103359059318606,0.0610822304385899));
#8809=CARTESIAN_POINT('',(-0.0110392328351736,-0.0095,0.0598366223275662));
#8810=CARTESIAN_POINT('',(-0.0110392328351736,-0.0095,0.0623366223275662));
#8811=CARTESIAN_POINT('',(-0.049242633394897,-0.0095,0.0725254453718662));
#8812=CARTESIAN_POINT('',(-0.0110392328351736,-0.0095,0.0598366223275662));
#8813=CARTESIAN_POINT('',(-0.0110392328351736,-0.0095,0.0611866223275662));
#8814=CARTESIAN_POINT('',(-0.0874460339546204,-0.0345,0.0699694231152535));
#8815=CARTESIAN_POINT('',(-0.0863716465119465,-0.0122621274027502,0.0723069428588894));
#8816=CARTESIAN_POINT('',(-0.0874026787763998,-0.0121302788235899,0.0725396704125576));
#8817=CARTESIAN_POINT('',(-0.0884029713857638,-0.0118210963807589,0.072348093724624));
#8818=CARTESIAN_POINT('',(-0.0894854355549846,-0.0112722922038993,0.0716422390905479));
#8819=CARTESIAN_POINT('',(-0.0900393586543868,-0.0106109095410796,0.0704622783392505));
#8820=CARTESIAN_POINT('',(-0.0898830384570007,-0.0100756177315879,0.0691600856705121));
#8821=CARTESIAN_POINT('',(-0.0893563899416428,-0.00988556985220616,0.0682434809337622));
#8822=CARTESIAN_POINT('',(-0.0884984945887043,-0.0100601927148739,0.0676275152040526));
#8823=CARTESIAN_POINT('',(-0.0875507916693978,-0.010495288726855,0.0674156558146734));
#8824=CARTESIAN_POINT('',(-0.0866547460395406,-0.0110084576723916,0.0675418307290419));
#8825=CARTESIAN_POINT('',(-0.0858408019110819,-0.0115179187463896,0.0679776161430991));
#8826=CARTESIAN_POINT('',(-0.0852086893048452,-0.011934105298442,0.0687149600713641));
#8827=CARTESIAN_POINT('',(-0.0847786029522006,-0.0122644873796179,0.0700261190456724));
#8828=CARTESIAN_POINT('',(-0.0852306965819427,-0.0122409764445229,0.0714648055055483));
#8829=CARTESIAN_POINT('',(-0.0863716465119465,-0.0122621274027502,0.0723069428588894));
#8830=CARTESIAN_POINT('',(-0.0874026787763998,-0.0121302788235899,0.0725396704125576));
#8831=CARTESIAN_POINT('',(-0.0884029713857638,-0.0118210963807589,0.072348093724624));
#8832=CARTESIAN_POINT('',(-0.0873975555005516,-0.0121007231796448,0.0724689530389573));
#8833=CARTESIAN_POINT('',(-0.0874460339546204,-0.0095,0.0699694231152535));
#8834=CARTESIAN_POINT('',(-0.0874460339546204,-0.0095,0.0724694231152535));
#8835=CARTESIAN_POINT('',(-0.049242633394897,-0.0095,0.0725254453718662));
#8836=CARTESIAN_POINT('',(-0.0874460339546204,-0.0095,0.0699694231152535));
#8837=CARTESIAN_POINT('',(-0.0874460339546204,-0.0095,0.0713194231152535));
#8838=CARTESIAN_POINT('',(-0.0425330735743046,-0.0345,0.0540855750441551));
#8839=CARTESIAN_POINT('',(-0.0425330735743046,-0.0095,0.0540855750441551));
#8840=CARTESIAN_POINT('',(-0.0442422441411036,-0.0095,0.052261092659042));
#8841=CARTESIAN_POINT('',(-0.0427729514636023,-0.0095,0.0515971099352524));
#8842=CARTESIAN_POINT('',(-0.042772951463602,-0.00949999999999912,0.0515971099352524));
#8843=CARTESIAN_POINT('',(-0.042478994083333,-0.009632209297732,0.0515687736424629));
#8844=CARTESIAN_POINT('',(-0.0419257593798162,-0.0099899328399839,0.0516187653301935));
#8845=CARTESIAN_POINT('',(-0.0409784360418585,-0.0107754247732894,0.052013166097901));
#8846=CARTESIAN_POINT('',(-0.0402194471468717,-0.0115217797759889,0.052850136026352));
#8847=CARTESIAN_POINT('',(-0.0399734685272879,-0.0119785506987103,0.0540656136820196));
#8848=CARTESIAN_POINT('',(-0.0402045639770054,-0.0122154442690058,0.0553440988747899));
#8849=CARTESIAN_POINT('',(-0.0413999127601507,-0.0122373191980401,0.0566097886143605));
#8850=CARTESIAN_POINT('',(-0.0431478473955764,-0.0122147124422939,0.0566607683550018));
#8851=CARTESIAN_POINT('',(-0.0442527860858888,-0.0119708203701364,0.0559804180672112));
#8852=CARTESIAN_POINT('',(-0.0449895266050283,-0.0115078573321579,0.0549980136130789));
#8853=CARTESIAN_POINT('',(-0.0451437403798551,-0.0105918770663865,0.0536100803800759));
#8854=CARTESIAN_POINT('',(-0.0446722987619314,-0.00976272793567679,0.0526639667596813));
#8855=CARTESIAN_POINT('',(-0.0442422441411036,-0.00950000000000001,0.052261092659042));
#8856=CARTESIAN_POINT('',(-0.049242633394897,-0.0095,0.0725254453718662));
#8857=CARTESIAN_POINT('',(-0.0425330735743046,-0.0095,0.0540855750441551));
#8858=CARTESIAN_POINT('',(-0.0425330735743046,-0.0095,0.0554355750441551));
#8859=CARTESIAN_POINT('',(-0.0442422441411036,-0.0095,0.052261092659042));
#8860=CARTESIAN_POINT('',(-0.0440374486332221,-0.0095,0.0520692407359214));
#8861=CARTESIAN_POINT('',(-0.0436544508909632,-0.0095,0.0516057277530569));
#8862=CARTESIAN_POINT('',(-0.0430524208973912,-0.0095,0.0516240496490782));
#8863=CARTESIAN_POINT('',(-0.0427729514636023,-0.0095,0.0515971099352524));
#8864=CARTESIAN_POINT('',(-0.0643505454063416,-0.0345,0.0909653156995773));
#8865=CARTESIAN_POINT('',(-0.0643505454063416,-0.0095,0.0909653156995773));
#8866=CARTESIAN_POINT('',(-0.0643505454063416,-0.0095,0.0934653156995773));
#8867=CARTESIAN_POINT('',(-0.049242633394897,-0.0095,0.0725254453718662));
#8868=CARTESIAN_POINT('',(-0.0643505454063416,-0.0095,0.0909653156995773));
#8869=CARTESIAN_POINT('',(-0.0643505454063416,-0.0095,0.0923153156995773));
#8870=CARTESIAN_POINT('',(-0.0643505454063416,-0.0095,0.0909653156995773));
#8871=CARTESIAN_POINT('',(-0.0874460339546204,-0.0095,0.0699694231152535));
#8872=CARTESIAN_POINT('',(-0.0425330735743046,-0.0095,0.0540855750441551));
#8873=CARTESIAN_POINT('',(-0.0110392328351736,-0.0095,0.0598366223275662));
#8874=CARTESIAN_POINT('',(-0.0131106165477732,-0.0122411296004282,0.0584368475188283));
#8875=CARTESIAN_POINT('',(-0.0131136372382106,-0.0124807290969719,0.0584413175299572));
#8876=CARTESIAN_POINT('',(-0.0133121590637379,-0.0124908434585068,0.0583074377002805));
#8877=CARTESIAN_POINT('',(-0.0133146034783675,-0.0122321060255984,0.058738706934342));
#8878=CARTESIAN_POINT('',(-0.0133174857433494,-0.0124673516705175,0.0587443640656347));
#8879=CARTESIAN_POINT('',(-0.0135336760663729,-0.0124815287923375,0.0586448423417314));
#8880=CARTESIAN_POINT('',(-0.0135851602408667,-0.0121940755737969,0.0594260987202787));
#8881=CARTESIAN_POINT('',(-0.0135934331213214,-0.0124202849290381,0.0594432022391067));
#8882=CARTESIAN_POINT('',(-0.0138232165619988,-0.0124422715638651,0.0594159157315804));
#8883=CARTESIAN_POINT('',(-0.0135217396804081,-0.0119707548032746,0.0605175750815402));
#8884=CARTESIAN_POINT('',(-0.0135085582459016,-0.0121892407985978,0.0605948230461282));
#8885=CARTESIAN_POINT('',(-0.0137365847713204,-0.0122117468926006,0.0606473593117516));
#8886=CARTESIAN_POINT('',(-0.013043459348426,-0.0115394637801068,0.0614379676632267));
#8887=CARTESIAN_POINT('',(-0.012953327395292,-0.0117621018791978,0.0615609885249296));
#8888=CARTESIAN_POINT('',(-0.013192895629169,-0.0117665432571192,0.0616921190870613));
#8889=CARTESIAN_POINT('',(-0.012297531144649,-0.0109691436606898,0.0620645905212918));
#8890=CARTESIAN_POINT('',(-0.0121014178558652,-0.011225125262985,0.0621813851820404));
#8891=CARTESIAN_POINT('',(-0.0123573539869001,-0.0111778257137206,0.0624098374613427));
#8892=CARTESIAN_POINT('',(-0.0113971334331833,-0.0103729080205357,0.0623736623344982));
#8893=CARTESIAN_POINT('',(-0.0110921889527883,-0.0107221668687837,0.0624110416009651));
#8894=CARTESIAN_POINT('',(-0.0113558507314235,-0.010562356666374,0.0627719892826558));
#8895=CARTESIAN_POINT('',(-0.0105403175156944,-0.0099811813008151,0.0623322018914899));
#8896=CARTESIAN_POINT('',(-0.0103402009257778,-0.0105406474832756,0.0622684832849308));
#8897=CARTESIAN_POINT('',(-0.0104081939790553,-0.0101579936004811,0.062738266686693));
#8898=CARTESIAN_POINT('',(-0.00986004638306873,-0.00989371310213956,0.0620640205216879));
#8899=CARTESIAN_POINT('',(-0.00987179635008492,-0.0105262873616832,0.0620562610184172));
#8900=CARTESIAN_POINT('',(-0.00965947723838065,-0.0100677038463279,0.0624461150740924));
#8901=CARTESIAN_POINT('',(-0.00925797960658037,-0.00999451921185883,0.0616537178424386));
#8902=CARTESIAN_POINT('',(-0.00942723562943493,-0.0105449123898032,0.0617883047373167));
#8903=CARTESIAN_POINT('',(-0.00899947068326144,-0.0101717617694117,0.0619924185374444));
#8904=CARTESIAN_POINT('',(-0.00894812011888714,-0.010234622587398,0.0612440941606104));
#8905=CARTESIAN_POINT('',(-0.00907597675509314,-0.0106682004889102,0.0614371162870731));
#8906=CARTESIAN_POINT('',(-0.00866274801834472,-0.0104196104192038,0.061534986317792));
#8907=CARTESIAN_POINT('',(-0.00880389728883538,-0.0104134333401708,0.0609561199806575));
#8908=CARTESIAN_POINT('',(-0.00889355182602681,-0.0108101121626715,0.0611351359645866));
#8909=CARTESIAN_POINT('',(-0.00850743685889462,-0.0106041892525937,0.0612122704835988));
#8910=CARTESIAN_POINT('',(-0.0085399315722819,-0.0105670049506012,0.0612775499428453));
#8911=CARTESIAN_POINT('',(-0.00860662658138781,-0.0106214769552519,0.0612402726428738));
#8912=CARTESIAN_POINT('',(-0.00879506774425436,-0.0106235313624528,0.0611319112382533));
#8913=CARTESIAN_POINT('',(-0.00887245739848654,-0.0104284852593631,0.0610836535625584));
#8914=CARTESIAN_POINT('',(-0.00887163959986585,-0.0103359059318606,0.0610822304385899));
#8915=CARTESIAN_POINT('',(-0.0133432646842673,-0.012489438705928,0.0583559263872119));
#8916=CARTESIAN_POINT('',(-0.0132905551833045,-0.0124866341920486,0.0583897021074511));
#8917=CARTESIAN_POINT('',(-0.0131856007867153,-0.0124207590093215,0.0584589395503606));
#8918=CARTESIAN_POINT('',(-0.013144654417103,-0.0123214513868787,0.0584883757130604));
#8919=CARTESIAN_POINT('',(-0.0131457773363666,-0.0122397772766987,0.0584903417276578));
#8920=CARTESIAN_POINT('',(-0.0133435951380556,-0.0124894475117695,0.0583557138085627));
#8921=CARTESIAN_POINT('',(-0.0131422090056536,-0.0124790935399037,0.0584847587512378));
#8922=CARTESIAN_POINT('',(-0.013145777135964,-0.0122397772770267,0.0584903418557448));
#8923=CARTESIAN_POINT('',(-0.0131293018148751,-0.0124784299356694,0.0580308843677263));
#8924=CARTESIAN_POINT('',(-0.0129518277219717,-0.0124639376005574,0.0581885759364363));
#8925=CARTESIAN_POINT('',(-0.0129570529089526,-0.0122291040075304,0.0581950423597236));
#8926=CARTESIAN_POINT('',(-0.0125653867924227,-0.0124326605489542,0.0574782583336433));
#8927=CARTESIAN_POINT('',(-0.0124436358653283,-0.0124110933667548,0.0576751383249199));
#8928=CARTESIAN_POINT('',(-0.0124604231922025,-0.012184764903389,0.0576926550623839));
#8929=CARTESIAN_POINT('',(-0.0114608950845339,-0.0121953716320737,0.0570552122981308));
#8930=CARTESIAN_POINT('',(-0.0114081327322334,-0.0121755560759026,0.0572867355332386));
#8931=CARTESIAN_POINT('',(-0.0114877174305489,-0.0119548912694818,0.0573080677548086));
#8932=CARTESIAN_POINT('',(-0.010334540321525,-0.0117645257055076,0.0570844524476174));
#8933=CARTESIAN_POINT('',(-0.0103461271017598,-0.0117651631475931,0.0573614403214751));
#8934=CARTESIAN_POINT('',(-0.0104957572688931,-0.0115375092769795,0.0573346497095848));
#8935=CARTESIAN_POINT('',(-0.00935465241337847,-0.0112087278330471,0.0574903666402575));
#8936=CARTESIAN_POINT('',(-0.00944659775312893,-0.0112640050814654,0.0578213567229342));
#8937=CARTESIAN_POINT('',(-0.00963278780472101,-0.0109990800882781,0.0577036626117589));
#8938=CARTESIAN_POINT('',(-0.00859839685356238,-0.0106359871986749,0.0581876052708687));
#8939=CARTESIAN_POINT('',(-0.00879919160008099,-0.010796315725971,0.0585747807729659));
#8940=CARTESIAN_POINT('',(-0.00896676728278815,-0.0104442375988925,0.0583375159125212));
#8941=CARTESIAN_POINT('',(-0.00811190756415097,-0.0101742155232891,0.0591749984541691));
#8942=CARTESIAN_POINT('',(-0.00852152924267336,-0.0105789163639518,0.059462820114807));
#8943=CARTESIAN_POINT('',(-0.00853832501249005,-0.0099968962874681,0.0592351460785569));
#8944=CARTESIAN_POINT('',(-0.00808066614450902,-0.0101414206352416,0.0603682631467369));
#8945=CARTESIAN_POINT('',(-0.00851559744688198,-0.010577224174196,0.0601271481725658));
#8946=CARTESIAN_POINT('',(-0.00851081125623438,-0.00996512624308718,0.0603199321649072));
#8947=CARTESIAN_POINT('',(-0.00838133338041151,-0.0104326022300549,0.0610536193848143));
#8948=CARTESIAN_POINT('',(-0.00868002116251874,-0.0107019306793939,0.0607492535566262));
#8949=CARTESIAN_POINT('',(-0.00877560343913966,-0.0102472084045518,0.0609429832849723));
#8950=CARTESIAN_POINT('',(-0.00857595449535489,-0.0105978773188268,0.06134188424376));
#8951=CARTESIAN_POINT('',(-0.00884120534293937,-0.0108231322064793,0.061043284572064));
#8952=CARTESIAN_POINT('',(-0.00894700270631281,-0.0104073186526135,0.0612050422513788));
#8953=CARTESIAN_POINT('',(-0.0877898616257259,-0.0120018115001473,0.0724456667487803));
#8954=CARTESIAN_POINT('',(-0.087853514785802,-0.0122514779351064,0.0724368284755623));
#8955=CARTESIAN_POINT('',(-0.0878869980441323,-0.0122438054330442,0.0726923341951266));
#8956=CARTESIAN_POINT('',(-0.0874610648443482,-0.0120959534251002,0.0724911674799091));
#8957=CARTESIAN_POINT('',(-0.0875176934489343,-0.0123377207592632,0.0724908123716391));
#8958=CARTESIAN_POINT('',(-0.0875135668905684,-0.012340984163056,0.0727432190036342));
#8959=CARTESIAN_POINT('',(-0.0867725314733615,-0.0122357374753473,0.0724507893978863));
#8960=CARTESIAN_POINT('',(-0.086792230570238,-0.0124715919851593,0.0724620571388215));
#8961=CARTESIAN_POINT('',(-0.0867313730367906,-0.0124852774072617,0.0726968474518778));
#8962=CARTESIAN_POINT('',(-0.0858344325132932,-0.0122526265034674,0.0719736038799414));
#8963=CARTESIAN_POINT('',(-0.0858225787534254,-0.0125038431608258,0.071965556389875));
#8964=CARTESIAN_POINT('',(-0.0856687522572721,-0.0125027112258269,0.0721727415090247));
#8965=CARTESIAN_POINT('',(-0.0851681659684516,-0.0122520311137567,0.071162433032682));
#8966=CARTESIAN_POINT('',(-0.0851753091712455,-0.0124996960175057,0.0711738073870735));
#8967=CARTESIAN_POINT('',(-0.0849427729197491,-0.0125020966344097,0.0712814101960712));
#8968=CARTESIAN_POINT('',(-0.0848807416164358,-0.0122299198029071,0.0701516030990682));
#8969=CARTESIAN_POINT('',(-0.0848750695976543,-0.0124615713512342,0.0701438255839852));
#8970=CARTESIAN_POINT('',(-0.0846386260670595,-0.0124792720547192,0.0701495120646438));
#8971=CARTESIAN_POINT('',(-0.0850232113724166,-0.0120645640832693,0.0691166870422742));
#8972=CARTESIAN_POINT('',(-0.0850381514120297,-0.0122894877297999,0.0690536755419178));
#8973=CARTESIAN_POINT('',(-0.084812745501307,-0.01230858228397,0.0689825499100668));
#8974=CARTESIAN_POINT('',(-0.0855391055471044,-0.0117137028640298,0.0682590625978364));
#8975=CARTESIAN_POINT('',(-0.0856210527231931,-0.011944368140193,0.0681588202587782));
#8976=CARTESIAN_POINT('',(-0.0853990456713159,-0.0119464029454244,0.0680090234893388));
#8977=CARTESIAN_POINT('',(-0.0862953464361831,-0.0112296627732721,0.0676869992845492));
#8978=CARTESIAN_POINT('',(-0.0864655927118674,-0.0114889257558627,0.0675970869866218));
#8979=CARTESIAN_POINT('',(-0.0862500454256595,-0.0114467487086559,0.0673544680391526));
#8980=CARTESIAN_POINT('',(-0.0871782192911359,-0.010699920680694,0.0674279399306645));
#8981=CARTESIAN_POINT('',(-0.087424644689446,-0.0110251460962891,0.0674013614057773));
#8982=CARTESIAN_POINT('',(-0.0872401457602626,-0.0108999180880801,0.067051708072104));
#8983=CARTESIAN_POINT('',(-0.0881211618245312,-0.0102142412295784,0.0674977477426872));
#8984=CARTESIAN_POINT('',(-0.0883750189468318,-0.0106696383871765,0.0675794221915485));
#8985=CARTESIAN_POINT('',(-0.0882962765713072,-0.0103985715724893,0.0671197493812094));
#8986=CARTESIAN_POINT('',(-0.0890356648978479,-0.00991246361572803,0.06794697183884));
#8987=CARTESIAN_POINT('',(-0.0891018201871171,-0.0105397708350138,0.0680390715737726));
#8988=CARTESIAN_POINT('',(-0.0893203754850239,-0.0100870592562568,0.067616959770921));
#8989=CARTESIAN_POINT('',(-0.0897187121451185,-0.00996106962487252,0.0687668811082239));
#8990=CARTESIAN_POINT('',(-0.0896190631126619,-0.0105524368927548,0.0686335054488238));
#8991=CARTESIAN_POINT('',(-0.0900854728601914,-0.0101372332618045,0.0685360939538646));
#8992=CARTESIAN_POINT('',(-0.0899978183504409,-0.0102976734320276,0.0697372858126778));
#8993=CARTESIAN_POINT('',(-0.0899701802902444,-0.0107427032721824,0.0694950899514156));
#8994=CARTESIAN_POINT('',(-0.0903972848698354,-0.0104846951251341,0.0696301601434888));
#8995=CARTESIAN_POINT('',(-0.0899001497522193,-0.0107517747351536,0.070694211441537));
#8996=CARTESIAN_POINT('',(-0.0899635285300075,-0.0111053751217492,0.0704813799938733));
#8997=CARTESIAN_POINT('',(-0.090284545259541,-0.0109534456032912,0.0707126709767352));
#8998=CARTESIAN_POINT('',(-0.0894669189808545,-0.0112288627838337,0.0715394889695086));
#8999=CARTESIAN_POINT('',(-0.0895811081562152,-0.01152631906984,0.0713969746581309));
#9000=CARTESIAN_POINT('',(-0.0897919365394445,-0.0114459226167322,0.0716701910882592));
#9001=CARTESIAN_POINT('',(-0.0887453121616278,-0.0116708859256304,0.0721777850111134));
#9002=CARTESIAN_POINT('',(-0.0888654931351723,-0.0119328550274459,0.0721113128510898));
#9003=CARTESIAN_POINT('',(-0.088971959958174,-0.0119022050271907,0.0723915386008317));
#9004=CARTESIAN_POINT('',(-0.0881186584071036,-0.0119076695751945,0.0724001660176515));
#9005=CARTESIAN_POINT('',(-0.0882021163788401,-0.0121619529925595,0.0723807901298565));
#9006=CARTESIAN_POINT('',(-0.0882604291976962,-0.0121466267030324,0.0726414493866189));
#9007=CARTESIAN_POINT('',(-0.0877898616257259,-0.0120018115001473,0.0724456667487803));
#9008=CARTESIAN_POINT('',(-0.087853514785802,-0.0122514779351064,0.0724368284755623));
#9009=CARTESIAN_POINT('',(-0.0878869980441323,-0.0122438054330442,0.0726923341951266));
#9010=CARTESIAN_POINT('',(-0.0426731179049773,-0.0122007929821118,0.0565816494792324));
#9011=CARTESIAN_POINT('',(-0.0426843053421827,-0.0124263956373229,0.0565810217987701));
#9012=CARTESIAN_POINT('',(-0.0426980249570217,-0.0124492056632145,0.0568053286993768));
#9013=CARTESIAN_POINT('',(-0.0423202820742089,-0.0122202563918743,0.0566015474558807));
#9014=CARTESIAN_POINT('',(-0.0423240283336281,-0.0124492538032769,0.0566033904368665));
#9015=CARTESIAN_POINT('',(-0.0423079473931032,-0.0124692969196075,0.0568323642820251));
#9016=CARTESIAN_POINT('',(-0.0416052212168926,-0.0122329192515486,0.0564887275672747));
#9017=CARTESIAN_POINT('',(-0.0416044629555964,-0.01246685066186,0.0564884946455311));
#9018=CARTESIAN_POINT('',(-0.0415190790380804,-0.0124823682566506,0.0567142230552967));
#9019=CARTESIAN_POINT('',(-0.0406997124065561,-0.012223127688381,0.0558948549231253));
#9020=CARTESIAN_POINT('',(-0.0407001207900272,-0.0124525399648737,0.0558969915105986));
#9021=CARTESIAN_POINT('',(-0.0405257131313538,-0.0124722608552825,0.0560560158544725));
#9022=CARTESIAN_POINT('',(-0.0401183907478016,-0.0121557394667918,0.0549820697833263));
#9023=CARTESIAN_POINT('',(-0.040108210361756,-0.0123740985472657,0.0549672253132935));
#9024=CARTESIAN_POINT('',(-0.039895700435422,-0.0124026988802658,0.0550345078885901));
#9025=CARTESIAN_POINT('',(-0.0399667825801081,-0.011944453796085,0.0539211721870066));
#9026=CARTESIAN_POINT('',(-0.0399642893670595,-0.0121536172154792,0.0538549637501293));
#9027=CARTESIAN_POINT('',(-0.0397442158897471,-0.0121845974876599,0.0538407765305442));
#9028=CARTESIAN_POINT('',(-0.0402401884281109,-0.0115295759372497,0.0529426463979083));
#9029=CARTESIAN_POINT('',(-0.040293703841049,-0.011735476322701,0.0528201303144383));
#9030=CARTESIAN_POINT('',(-0.0400623918788937,-0.011756336431343,0.0527338964432036));
#9031=CARTESIAN_POINT('',(-0.040811391134156,-0.0109453765261301,0.0522004024028469));
#9032=CARTESIAN_POINT('',(-0.0409627469845768,-0.0111652260924068,0.0520549087175313));
#9033=CARTESIAN_POINT('',(-0.0407059242492269,-0.0111532918511332,0.0518883220680669));
#9034=CARTESIAN_POINT('',(-0.0415570531135092,-0.0102801016793017,0.0517300334958358));
#9035=CARTESIAN_POINT('',(-0.0418329884671788,-0.0105488804270428,0.0516123856558738));
#9036=CARTESIAN_POINT('',(-0.0415368746912381,-0.0104665569223508,0.0513458380289317));
#9037=CARTESIAN_POINT('',(-0.0422847805730474,-0.00973687928100528,0.0515632255615798));
#9038=CARTESIAN_POINT('',(-0.0426152023104066,-0.0101553813278964,0.0515416639206048));
#9039=CARTESIAN_POINT('',(-0.0423420665339171,-0.00990581195313766,0.0511456747626987));
#9040=CARTESIAN_POINT('',(-0.0429352471039947,-0.0094124207351819,0.0516007520602984));
#9041=CARTESIAN_POINT('',(-0.0431780502153864,-0.010028002834746,0.0516492594771651));
#9042=CARTESIAN_POINT('',(-0.0430582920491913,-0.00957088682075152,0.0511774818219407));
#9043=CARTESIAN_POINT('',(-0.0434430402489407,-0.00928530946533623,0.0517364637257086));
#9044=CARTESIAN_POINT('',(-0.0434984062511863,-0.0100287976544773,0.0517758462218869));
#9045=CARTESIAN_POINT('',(-0.043615604640111,-0.00943967451684062,0.0513226118208329));
#9046=CARTESIAN_POINT('',(-0.0439213497453264,-0.00932938791814659,0.051984294757131));
#9047=CARTESIAN_POINT('',(-0.0437669769358574,-0.0100220029448774,0.0518985338394761));
#9048=CARTESIAN_POINT('',(-0.0441387159400894,-0.00948517447098635,0.0515950817155798));
#9049=CARTESIAN_POINT('',(-0.0443132364938255,-0.00952203896615976,0.0523078847279011));
#9050=CARTESIAN_POINT('',(-0.0441127914309953,-0.0100629241433039,0.0521142211972159));
#9051=CARTESIAN_POINT('',(-0.04456565035722,-0.009684040312108,0.0519547408271508));
#9052=CARTESIAN_POINT('',(-0.0446119360035395,-0.00979663834508892,0.052672236743132));
#9053=CARTESIAN_POINT('',(-0.0444510256175736,-0.0102197625382573,0.0524381576687842));
#9054=CARTESIAN_POINT('',(-0.0448895317340932,-0.0099674978629343,0.0523620672258009));
#9055=CARTESIAN_POINT('',(-0.0449001930302036,-0.0102133648228995,0.0531926484816022));
#9056=CARTESIAN_POINT('',(-0.0447994543057394,-0.0105200582095135,0.0529350767577305));
#9057=CARTESIAN_POINT('',(-0.045199935238669,-0.0103976671442046,0.0529460888762551));
#9058=CARTESIAN_POINT('',(-0.0450779676263975,-0.0107715342695612,0.0539030671619345));
#9059=CARTESIAN_POINT('',(-0.0450660666766925,-0.0110015843584476,0.053670220096241));
#9060=CARTESIAN_POINT('',(-0.0453864045254234,-0.0109738419080071,0.0537466785497307));
#9061=CARTESIAN_POINT('',(-0.0449860657137479,-0.0113832877695507,0.054813926457036));
#9062=CARTESIAN_POINT('',(-0.0450361503293001,-0.0115920647247543,0.0546677935583929));
#9063=CARTESIAN_POINT('',(-0.0452734459314751,-0.0116053293334671,0.0547776215161065));
#9064=CARTESIAN_POINT('',(-0.0445343824600487,-0.011850738506021,0.0556955195091015));
#9065=CARTESIAN_POINT('',(-0.0445925848514048,-0.0120585333189804,0.0556342035559391));
#9066=CARTESIAN_POINT('',(-0.0447642473290819,-0.0120878591305847,0.0557800700138998));
#9067=CARTESIAN_POINT('',(-0.0437222362015026,-0.0121161387929732,0.0563693397073849));
#9068=CARTESIAN_POINT('',(-0.043749960698697,-0.0123317027582404,0.0563608347055387));
#9069=CARTESIAN_POINT('',(-0.0438595444215914,-0.012361820718293,0.0565520095594067));
#9070=CARTESIAN_POINT('',(-0.0430259537357456,-0.0121813295723492,0.0565617515025841));
#9071=CARTESIAN_POINT('',(-0.0430403506547642,-0.0124038059559141,0.0565589158953847));
#9072=CARTESIAN_POINT('',(-0.0430881025209402,-0.0124291144068216,0.0567782931167284));
#9073=CARTESIAN_POINT('',(-0.0426731179049773,-0.0122007929821118,0.0565816494792324));
#9074=CARTESIAN_POINT('',(-0.0426843053421827,-0.0124263956373229,0.0565810217987701));
#9075=CARTESIAN_POINT('',(-0.0426980249570217,-0.0124492056632145,0.0568053286993768));
#9076=MECHANICAL_DESIGN_GEOMETRIC_PRESENTATION_REPRESENTATION('',(#1886),
#9077);
#9077=(
GEOMETRIC_REPRESENTATION_CONTEXT(3)
GLOBAL_UNCERTAINTY_ASSIGNED_CONTEXT((#9078))
GLOBAL_UNIT_ASSIGNED_CONTEXT((#9081,#9080,#9079))
REPRESENTATION_CONTEXT('Wrist_Roll_05m_Leader_02ba v1',
'TOP_LEVEL_ASSEMBLY_PART')
);
#9078=UNCERTAINTY_MEASURE_WITH_UNIT(LENGTH_MEASURE(2.E-5),#9081,
'DISTANCE_ACCURACY_VALUE','Maximum Tolerance applied to model');
#9079=(
NAMED_UNIT(*)
SI_UNIT($,.STERADIAN.)
SOLID_ANGLE_UNIT()
);
#9080=(
NAMED_UNIT(*)
PLANE_ANGLE_UNIT()
SI_UNIT($,.RADIAN.)
);
#9081=(
LENGTH_UNIT()
NAMED_UNIT(*)
SI_UNIT($,.METRE.)
);
#9082=PRODUCT_DEFINITION_SHAPE('','',#9083);
#9083=PRODUCT_DEFINITION('','',#9085,#9084);
#9084=PRODUCT_DEFINITION_CONTEXT('',#9091,'design');
#9085=PRODUCT_DEFINITION_FORMATION_WITH_SPECIFIED_SOURCE('','',#9087,
 .NOT_KNOWN.);
#9086=PRODUCT_RELATED_PRODUCT_CATEGORY('','',(#9087));
#9087=PRODUCT('Wrist_Roll_05m_Leader_02ba v1',
'Wrist_Roll_05m_Leader_02ba v1','Wrist_Roll_05m_Leader_02ba v1',(#9089));
#9088=PRODUCT_CATEGORY('','');
#9089=PRODUCT_CONTEXT('',#9091,'mechanical');
#9090=APPLICATION_PROTOCOL_DEFINITION('international standard',
'ap242_managed_model_based_3d_engineering',2011,#9091);
#9091=APPLICATION_CONTEXT('managed model based 3d engineering');
ENDSEC;
END-ISO-10303-21;
