ISO-10303-21;
HEADER;
/* Generated by software containing ST-Developer
 * from STEP Tools, Inc. (www.steptools.com) 
 */
/* OPTION: using custom renumber hook */

FILE_DESCRIPTION(
/* description */ ('STEP AP242',
'CAx-IF Rec.Pracs.---Representation and Presentation of Product Manufa
cturing Information (PMI)---4.0---2014-10-13',
'CAx-IF Rec.Pracs.---3D Tessellated Geometry---0.4---2014-09-14','2;1'),

/* implementation_level */ '2;1');

FILE_NAME(
/* name */ '68415a1a98072e6e0d9fcbad',
/* time_stamp */ '2025-06-05T08:49:31Z',
/* author */ (''),
/* organization */ (''),
/* preprocessor_version */ 'ST-DEVELOPER v20',
/* originating_system */ 'ONSHAPE BY PTC INC, 1.198',
/* authorisation */ '  ');

FILE_SCHEMA (('AP242_MANAGED_MODEL_BASED_3D_ENGINEERING_MIM_LF { 1 0 10303 442 1 1 4 }'));
ENDSEC;

DATA;
#10=SHAPE_REPRESENTATION_RELATIONSHIP('','',#1275,#11);
#11=ADVANCED_BREP_SHAPE_REPRESENTATION('',(#1273),#2988);
#12=SPHERICAL_SURFACE('',#1403,0.002);
#13=SPHERICAL_SURFACE('',#1407,0.002);
#14=SPHERICAL_SURFACE('',#1419,0.002);
#15=SPHERICAL_SURFACE('',#1423,0.002);
#16=SPHERICAL_SURFACE('',#1434,0.002);
#17=SPHERICAL_SURFACE('',#1438,0.002);
#18=SPHERICAL_SURFACE('',#1439,0.002);
#19=SPHERICAL_SURFACE('',#1443,0.002);
#20=(
BOUNDED_SURFACE()
B_SPLINE_SURFACE(3,2,((#2347,#2348,#2349),(#2350,#2351,#2352),(#2353,#2354,
#2355),(#2356,#2357,#2358),(#2359,#2360,#2361),(#2362,#2363,#2364)),
 .UNSPECIFIED.,.F.,.F.,.F.)
B_SPLINE_SURFACE_WITH_KNOTS((4,1,1,4),(3,3),(0.,0.0117927438070828,0.0176891157106243,
0.0235854876141657),(0.,1.),.UNSPECIFIED.)
GEOMETRIC_REPRESENTATION_ITEM()
RATIONAL_B_SPLINE_SURFACE(((1.,0.707106781186547,1.),(1.,0.707106781186547,
1.),(1.,0.707106781186547,1.),(1.,0.707106781186547,1.),(1.,0.707106781186547,
1.),(1.,0.707106781186547,1.)))
REPRESENTATION_ITEM('')
SURFACE()
);
#21=(
BOUNDED_SURFACE()
B_SPLINE_SURFACE(3,2,((#2372,#2373,#2374,#2375,#2376),(#2377,#2378,#2379,
#2380,#2381),(#2382,#2383,#2384,#2385,#2386),(#2387,#2388,#2389,#2390,#2391),
(#2392,#2393,#2394,#2395,#2396)),.UNSPECIFIED.,.F.,.F.,.F.)
B_SPLINE_SURFACE_WITH_KNOTS((4,1,4),(3,2,3),(0.,0.00840327987241707,0.0168065597448341),
(-0.00600025255887937,0.,1.),.UNSPECIFIED.)
GEOMETRIC_REPRESENTATION_ITEM()
RATIONAL_B_SPLINE_SURFACE(((1.,1.,1.,0.707106781186547,1.),(1.,1.,1.,0.707106781186547,
1.),(1.,1.,1.,0.707106781186547,1.),(1.,1.,1.,0.707106781186547,1.),(1.,
1.,1.,0.707106781186547,1.)))
REPRESENTATION_ITEM('')
SURFACE()
);
#22=(
BOUNDED_SURFACE()
B_SPLINE_SURFACE(3,2,((#2398,#2399,#2400,#2401,#2402),(#2403,#2404,#2405,
#2406,#2407),(#2408,#2409,#2410,#2411,#2412),(#2413,#2414,#2415,#2416,#2417),
(#2418,#2419,#2420,#2421,#2422),(#2423,#2424,#2425,#2426,#2427),(#2428,
#2429,#2430,#2431,#2432),(#2433,#2434,#2435,#2436,#2437),(#2438,#2439,#2440,
#2441,#2442),(#2443,#2444,#2445,#2446,#2447),(#2448,#2449,#2450,#2451,#2452),
(#2453,#2454,#2455,#2456,#2457),(#2458,#2459,#2460,#2461,#2462),(#2463,
#2464,#2465,#2466,#2467),(#2468,#2469,#2470,#2471,#2472),(#2473,#2474,#2475,
#2476,#2477),(#2478,#2479,#2480,#2481,#2482),(#2483,#2484,#2485,#2486,#2487),
(#2488,#2489,#2490,#2491,#2492),(#2493,#2494,#2495,#2496,#2497),(#2498,
#2499,#2500,#2501,#2502),(#2503,#2504,#2505,#2506,#2507),(#2508,#2509,#2510,
#2511,#2512)),.UNSPECIFIED.,.F.,.F.,.F.)
B_SPLINE_SURFACE_WITH_KNOTS((4,1,1,1,1,1,1,1,1,1,1,1,1,1,1,1,1,1,1,1,4),
(3,2,3),(0.,0.00189638467106514,0.00284457700659771,0.00379276934213028,
0.00474096167766285,0.00568915401319543,0.006637346348728,0.00711144251649428,
0.00758553868426057,0.00853373101979314,0.00948192335532571,0.0104301156908583,
0.0113783080263909,0.013274692697456,0.0151710773685211,0.0170674620395863,
0.0189638467106514,0.0208602313817166,0.0227566160527817,0.026549385394912,
0.0303421547370423),(0.,1.,1.00602267167467),.UNSPECIFIED.)
GEOMETRIC_REPRESENTATION_ITEM()
RATIONAL_B_SPLINE_SURFACE(((1.,0.707106781186548,1.,1.,1.),(1.,0.707106781186548,
1.,1.,1.),(1.,0.707106781186548,1.,1.,1.),(1.,0.707106781186547,1.,1.,1.),
(1.,0.707106781186548,1.,1.,1.),(1.,0.707106781186548,1.,1.,1.),(1.,0.707106781186548,
1.,1.,1.),(1.,0.707106781186548,1.,1.,1.),(1.,0.707106781186547,1.,1.,1.),
(1.,0.707106781186548,1.,1.,1.),(1.,0.707106781186548,1.,1.,1.),(1.,0.707106781186547,
1.,1.,1.),(1.,0.707106781186548,1.,1.,1.),(1.,0.707106781186547,1.,1.,1.),
(1.,0.707106781186548,1.,1.,1.),(1.,0.707106781186548,1.,1.,1.),(1.,0.707106781186548,
1.,1.,1.),(1.,0.707106781186547,1.,1.,1.),(1.,0.707106781186548,1.,1.,1.),
(1.,0.707106781186548,1.,1.,1.),(1.,0.707106781186547,1.,1.,1.),(1.,0.707106781186548,
1.,1.,1.),(1.,0.707106781186548,1.,1.,1.)))
REPRESENTATION_ITEM('')
SURFACE()
);
#23=(
BOUNDED_SURFACE()
B_SPLINE_SURFACE(3,2,((#2553,#2554,#2555),(#2556,#2557,#2558),(#2559,#2560,
#2561),(#2562,#2563,#2564),(#2565,#2566,#2567)),.UNSPECIFIED.,.F.,.F.,.F.)
B_SPLINE_SURFACE_WITH_KNOTS((4,1,4),(3,3),(0.,0.0107661651252586,0.0215323302505172),
(0.,1.),.UNSPECIFIED.)
GEOMETRIC_REPRESENTATION_ITEM()
RATIONAL_B_SPLINE_SURFACE(((1.,0.707106781186548,1.),(1.,0.707106781186548,
1.),(1.,0.707106781186547,1.),(1.,0.707106781186548,1.),(1.,0.707106781186548,
1.)))
REPRESENTATION_ITEM('')
SURFACE()
);
#24=(
BOUNDED_SURFACE()
B_SPLINE_SURFACE(3,2,((#2596,#2597,#2598),(#2599,#2600,#2601),(#2602,#2603,
#2604),(#2605,#2606,#2607),(#2608,#2609,#2610),(#2611,#2612,#2613),(#2614,
#2615,#2616),(#2617,#2618,#2619)),.UNSPECIFIED.,.F.,.F.,.F.)
B_SPLINE_SURFACE_WITH_KNOTS((4,1,1,1,1,4),(3,3),(0.,0.00763267943765476,
0.0114490191564821,0.0152653588753095,0.0228980383129643,0.030530717750619),
(0.,1.),.UNSPECIFIED.)
GEOMETRIC_REPRESENTATION_ITEM()
RATIONAL_B_SPLINE_SURFACE(((1.,0.707106781186547,1.),(1.,0.707106781186547,
1.),(1.,0.707106781186548,1.),(1.,0.707106781186547,1.),(1.,0.707106781186548,
1.),(1.,0.707106781186547,1.),(1.,0.707106781186548,1.),(1.,0.707106781186548,
1.)))
REPRESENTATION_ITEM('')
SURFACE()
);
#25=(
BOUNDED_SURFACE()
B_SPLINE_SURFACE(3,2,((#2656,#2657,#2658),(#2659,#2660,#2661),(#2662,#2663,
#2664),(#2665,#2666,#2667),(#2668,#2669,#2670)),.UNSPECIFIED.,.F.,.F.,.F.)
B_SPLINE_SURFACE_WITH_KNOTS((4,1,4),(3,3),(-6.93889390390723E-18,0.00642340595833051,
0.012846811916661),(0.,1.),.UNSPECIFIED.)
GEOMETRIC_REPRESENTATION_ITEM()
RATIONAL_B_SPLINE_SURFACE(((1.,0.707106781186548,1.),(1.,0.707106781186548,
1.),(1.,0.707106781186548,1.),(1.,0.707106781186548,1.),(1.,0.707106781186548,
1.)))
REPRESENTATION_ITEM('')
SURFACE()
);
#26=(
BOUNDED_SURFACE()
B_SPLINE_SURFACE(3,2,((#2714,#2715,#2716),(#2717,#2718,#2719),(#2720,#2721,
#2722),(#2723,#2724,#2725),(#2726,#2727,#2728),(#2729,#2730,#2731),(#2732,
#2733,#2734),(#2735,#2736,#2737),(#2738,#2739,#2740),(#2741,#2742,#2743),
(#2744,#2745,#2746),(#2747,#2748,#2749)),.UNSPECIFIED.,.F.,.F.,.F.)
B_SPLINE_SURFACE_WITH_KNOTS((4,1,1,1,1,1,1,1,1,4),(3,3),(-1.0842021724855E-18,
0.000741207603604748,0.0014824152072095,0.00222362281081425,0.002964830414419,
0.00370603801802374,0.00444724562162849,0.00518845322523324,0.00555905702703562,
0.00592966082883799),(0.,1.),.UNSPECIFIED.)
GEOMETRIC_REPRESENTATION_ITEM()
RATIONAL_B_SPLINE_SURFACE(((1.,0.761857917515993,1.),(1.,0.775931661260674,
1.),(1.,0.806330286121068,1.),(1.,0.853308590729689,1.),(1.,0.896651518499049,
1.),(1.,0.933371959385238,1.),(1.,0.963136493990424,1.),(1.,0.984286681141712,
1.),(1.,0.994962597501472,1.),(1.,0.999272914963964,1.),(1.,1.,1.),(1.,
1.,1.)))
REPRESENTATION_ITEM('')
SURFACE()
);
#27=(
BOUNDED_SURFACE()
B_SPLINE_SURFACE(3,2,((#2751,#2752,#2753),(#2754,#2755,#2756),(#2757,#2758,
#2759),(#2760,#2761,#2762)),.UNSPECIFIED.,.F.,.F.,.F.)
B_SPLINE_SURFACE_WITH_KNOTS((4,4),(3,3),(0.,0.00178244321123921),(0.,0.999999984923006),
 .PIECEWISE_BEZIER_KNOTS.)
GEOMETRIC_REPRESENTATION_ITEM()
RATIONAL_B_SPLINE_SURFACE(((1.,0.76185792110646,0.999999992819067),(1.,
0.744920238300595,0.999999992308328),(1.,0.726760966078174,0.999999991760753),
(1.,0.707106785602496,0.999999991168102)))
REPRESENTATION_ITEM('')
SURFACE()
);
#28=(
BOUNDED_SURFACE()
B_SPLINE_SURFACE(3,2,((#2780,#2781,#2782),(#2783,#2784,#2785),(#2786,#2787,
#2788),(#2789,#2790,#2791),(#2792,#2793,#2794),(#2795,#2796,#2797),(#2798,
#2799,#2800),(#2801,#2802,#2803),(#2804,#2805,#2806),(#2807,#2808,#2809),
(#2810,#2811,#2812),(#2813,#2814,#2815),(#2816,#2817,#2818),(#2819,#2820,
#2821),(#2822,#2823,#2824),(#2825,#2826,#2827),(#2828,#2829,#2830),(#2831,
#2832,#2833)),.UNSPECIFIED.,.F.,.F.,.F.)
B_SPLINE_SURFACE_WITH_KNOTS((4,1,1,1,1,1,1,1,1,1,1,1,1,1,1,4),(3,3),(0.,
0.000477849410473807,0.000955698820947614,0.00143354823142142,0.00191139764189523,
0.00238924705236904,0.00286709646284284,0.00334494587331665,0.00382279528379046,
0.00477849410473807,0.00525634351521188,0.00573419292568569,0.00621204233615949,
0.0066898917466333,0.00716774115710711,0.00764559056758091),(0.,1.),
 .UNSPECIFIED.)
GEOMETRIC_REPRESENTATION_ITEM()
RATIONAL_B_SPLINE_SURFACE(((1.,0.707106781186459,1.),(1.,0.707251216524859,
1.),(1.,0.71101959242489,1.),(1.,0.725918468471166,1.),(1.,0.748490485376431,
1.),(1.,0.775441256816365,1.),(1.,0.805248853534252,1.),(1.,0.835057879649656,
1.),(1.,0.864050096054965,1.),(1.,0.900767935329403,1.),(1.,0.93191786630676,
1.),(1.,0.956964956363317,1.),(1.,0.972629328734149,1.),(1.,0.984851345979655,
1.),(1.,0.993565007886219,1.),(1.,0.998820583182037,1.),(1.,1.,1.),(1.,
1.,1.)))
REPRESENTATION_ITEM('')
SURFACE()
);
#29=(
BOUNDED_SURFACE()
B_SPLINE_SURFACE(3,2,((#2835,#2836,#2837),(#2838,#2839,#2840),(#2841,#2842,
#2843),(#2844,#2845,#2846),(#2847,#2848,#2849),(#2850,#2851,#2852),(#2853,
#2854,#2855),(#2856,#2857,#2858),(#2859,#2860,#2861),(#2862,#2863,#2864),
(#2865,#2866,#2867),(#2868,#2869,#2870),(#2871,#2872,#2873),(#2874,#2875,
#2876),(#2877,#2878,#2879),(#2880,#2881,#2882)),.UNSPECIFIED.,.F.,.F.,.F.)
B_SPLINE_SURFACE_WITH_KNOTS((4,1,1,1,1,1,1,1,1,1,1,1,1,4),(3,3),(0.00261898607066524,
0.00340457930446129,0.00379737592135932,0.00419017253825734,0.00497576577205339,
0.00536856238895142,0.00576135900584944,0.00615415562274747,0.0065469522396455,
0.00693974885654352,0.00733254547344155,0.00772534209033957,0.0081181387072376,
0.00890373194103365),(0.,1.),.UNSPECIFIED.)
GEOMETRIC_REPRESENTATION_ITEM()
RATIONAL_B_SPLINE_SURFACE(((1.,0.808654384387407,1.),(1.,0.808654384221686,
1.),(1.,0.806486954242065,1.),(1.,0.799674802933979,1.),(1.,0.790358395373528,
1.),(1.,0.778231743997747,1.),(1.,0.764153460557466,1.),(1.,0.753292168002785,
1.),(1.,0.742521247414983,1.),(1.,0.732165008037785,1.),(1.,0.722796658927838,
1.),(1.,0.715062224655009,1.),(1.,0.709231054647638,1.),(1.,0.704505457951824,
1.),(1.,0.704976650874945,1.),(1.,0.707106781186547,1.)))
REPRESENTATION_ITEM('')
SURFACE()
);
#30=TOROIDAL_SURFACE('',#1341,0.01,0.002);
#31=TOROIDAL_SURFACE('',#1354,0.012,0.002);
#32=TOROIDAL_SURFACE('',#1361,0.008,0.002);
#33=TOROIDAL_SURFACE('',#1365,0.012,0.002);
#34=TOROIDAL_SURFACE('',#1393,0.004,0.002);
#35=TOROIDAL_SURFACE('',#1395,0.01,0.002);
#36=TOROIDAL_SURFACE('',#1400,0.01,0.002);
#37=TOROIDAL_SURFACE('',#1409,0.01,0.002);
#38=TOROIDAL_SURFACE('',#1413,0.01,0.002);
#39=TOROIDAL_SURFACE('',#1417,0.01,0.002);
#40=TOROIDAL_SURFACE('',#1424,0.004,0.002);
#41=TOROIDAL_SURFACE('',#1428,0.004,0.002);
#42=TOROIDAL_SURFACE('',#1429,0.004,0.002);
#43=TOROIDAL_SURFACE('',#1433,0.004,0.002);
#44=(
BOUNDED_CURVE()
B_SPLINE_CURVE(3,(#2278,#2279,#2280,#2281),.UNSPECIFIED.,.F.,.F.)
B_SPLINE_CURVE_WITH_KNOTS((4,4),(0.,0.00178244321123921),.UNSPECIFIED.)
CURVE()
GEOMETRIC_REPRESENTATION_ITEM()
RATIONAL_B_SPLINE_CURVE((1.,1.,1.,1.))
REPRESENTATION_ITEM('')
);
#45=CYLINDRICAL_SURFACE('',#1298,0.01);
#46=CYLINDRICAL_SURFACE('',#1300,0.014);
#47=CYLINDRICAL_SURFACE('',#1303,0.008);
#48=CYLINDRICAL_SURFACE('',#1307,0.008);
#49=CYLINDRICAL_SURFACE('',#1313,0.0016);
#50=CYLINDRICAL_SURFACE('',#1315,0.0016);
#51=CYLINDRICAL_SURFACE('',#1317,0.0016);
#52=CYLINDRICAL_SURFACE('',#1319,0.0016);
#53=CYLINDRICAL_SURFACE('',#1321,0.0026);
#54=CYLINDRICAL_SURFACE('',#1336,0.002);
#55=CYLINDRICAL_SURFACE('',#1339,0.002);
#56=CYLINDRICAL_SURFACE('',#1344,0.002);
#57=CYLINDRICAL_SURFACE('',#1346,0.002);
#58=CYLINDRICAL_SURFACE('',#1351,0.002);
#59=CYLINDRICAL_SURFACE('',#1359,0.002);
#60=CYLINDRICAL_SURFACE('',#1367,0.002);
#61=CYLINDRICAL_SURFACE('',#1370,0.002);
#62=CYLINDRICAL_SURFACE('',#1373,0.002);
#63=CYLINDRICAL_SURFACE('',#1378,0.0026);
#64=CYLINDRICAL_SURFACE('',#1381,0.0026);
#65=CYLINDRICAL_SURFACE('',#1384,0.0026);
#66=CYLINDRICAL_SURFACE('',#1387,0.0026);
#67=CYLINDRICAL_SURFACE('',#1390,0.002);
#68=CYLINDRICAL_SURFACE('',#1397,0.002);
#69=CYLINDRICAL_SURFACE('',#1398,0.002);
#70=CYLINDRICAL_SURFACE('',#1402,0.002);
#71=CYLINDRICAL_SURFACE('',#1405,0.002);
#72=CYLINDRICAL_SURFACE('',#1411,0.002);
#73=CYLINDRICAL_SURFACE('',#1415,0.002);
#74=CYLINDRICAL_SURFACE('',#1421,0.002);
#75=CYLINDRICAL_SURFACE('',#1426,0.002);
#76=CYLINDRICAL_SURFACE('',#1431,0.002);
#77=CYLINDRICAL_SURFACE('',#1436,0.002);
#78=CYLINDRICAL_SURFACE('',#1441,0.002);
#79=B_SPLINE_SURFACE_WITH_KNOTS('',3,1,((#2039,#2040),(#2041,#2042),(#2043,
#2044),(#2045,#2046)),.SURF_OF_LINEAR_EXTRUSION.,.F.,.F.,.F.,(4,4),(2,2),
(0.,1.),(0.,1.),.PIECEWISE_BEZIER_KNOTS.);
#80=B_SPLINE_SURFACE_WITH_KNOTS('',3,1,((#2086,#2087),(#2088,#2089),(#2090,
#2091),(#2092,#2093)),.SURF_OF_LINEAR_EXTRUSION.,.F.,.F.,.F.,(4,4),(2,2),
(0.,1.),(0.,1.),.PIECEWISE_BEZIER_KNOTS.);
#81=B_SPLINE_SURFACE_WITH_KNOTS('',3,3,((#2902,#2903,#2904,#2905,#2906,
#2907),(#2908,#2909,#2910,#2911,#2912,#2913),(#2914,#2915,#2916,#2917,#2918,
#2919),(#2920,#2921,#2922,#2923,#2924,#2925),(#2926,#2927,#2928,#2929,#2930,
#2931),(#2932,#2933,#2934,#2935,#2936,#2937)),.UNSPECIFIED.,.F.,.F.,.F.,
(4,2,4),(4,2,4),(3.14159265358979,3.92699081698724,4.71238898038469),(-0.00609611225734329,
0.496951943871333,1.),.UNSPECIFIED.);
#82=CIRCLE('',#1278,0.0026);
#83=CIRCLE('',#1279,0.008);
#84=CIRCLE('',#1280,0.0026);
#85=CIRCLE('',#1281,0.008);
#86=CIRCLE('',#1282,0.01);
#87=CIRCLE('',#1283,0.0026);
#88=CIRCLE('',#1284,0.0026);
#89=CIRCLE('',#1285,0.0026);
#90=CIRCLE('',#1287,0.004);
#91=CIRCLE('',#1288,0.01);
#92=CIRCLE('',#1289,0.004);
#93=CIRCLE('',#1290,0.004);
#94=CIRCLE('',#1291,0.008);
#95=CIRCLE('',#1292,0.004);
#96=CIRCLE('',#1293,0.0016);
#97=CIRCLE('',#1294,0.0016);
#98=CIRCLE('',#1295,0.0016);
#99=CIRCLE('',#1296,0.0016);
#100=CIRCLE('',#1297,0.0026);
#101=CIRCLE('',#1299,0.01);
#102=CIRCLE('',#1301,0.014);
#103=CIRCLE('',#1302,0.014);
#104=CIRCLE('',#1304,0.008);
#105=CIRCLE('',#1305,0.008);
#106=CIRCLE('',#1308,0.008);
#107=CIRCLE('',#1309,0.008);
#108=CIRCLE('',#1310,0.008);
#109=CIRCLE('',#1311,0.008);
#110=CIRCLE('',#1314,0.0016);
#111=CIRCLE('',#1316,0.0016);
#112=CIRCLE('',#1318,0.0016);
#113=CIRCLE('',#1320,0.0016);
#114=CIRCLE('',#1325,0.01);
#115=CIRCLE('',#1326,0.012);
#116=CIRCLE('',#1327,0.01);
#117=CIRCLE('',#1328,0.01);
#118=CIRCLE('',#1332,0.004);
#119=CIRCLE('',#1333,0.01);
#120=CIRCLE('',#1334,0.01);
#121=CIRCLE('',#1335,0.012);
#122=CIRCLE('',#1337,0.002);
#123=CIRCLE('',#1338,0.002);
#124=CIRCLE('',#1340,0.002);
#125=CIRCLE('',#1342,0.002);
#126=CIRCLE('',#1343,0.002);
#127=CIRCLE('',#1345,0.002);
#128=CIRCLE('',#1347,0.002);
#129=CIRCLE('',#1348,0.002);
#130=CIRCLE('',#1349,0.002);
#131=CIRCLE('',#1350,0.002);
#132=CIRCLE('',#1352,0.002);
#133=CIRCLE('',#1353,0.002);
#134=CIRCLE('',#1355,0.002);
#135=CIRCLE('',#1356,0.002);
#136=CIRCLE('',#1357,0.002);
#137=CIRCLE('',#1358,0.002);
#138=CIRCLE('',#1360,0.002);
#139=CIRCLE('',#1362,0.002);
#140=CIRCLE('',#1363,0.002);
#141=CIRCLE('',#1364,0.002);
#142=CIRCLE('',#1366,0.002);
#143=CIRCLE('',#1368,0.002);
#144=CIRCLE('',#1369,0.002);
#145=CIRCLE('',#1371,0.002);
#146=CIRCLE('',#1372,0.002);
#147=CIRCLE('',#1374,0.002);
#148=CIRCLE('',#1375,0.002);
#149=CIRCLE('',#1377,0.0026);
#150=CIRCLE('',#1380,0.0026);
#151=CIRCLE('',#1383,0.0026);
#152=CIRCLE('',#1386,0.0026);
#153=CIRCLE('',#1388,0.002);
#154=CIRCLE('',#1389,0.002);
#155=CIRCLE('',#1391,0.002);
#156=CIRCLE('',#1392,0.002);
#157=CIRCLE('',#1394,0.002);
#158=CIRCLE('',#1396,0.002);
#159=CIRCLE('',#1399,0.002);
#160=CIRCLE('',#1401,0.002);
#161=CIRCLE('',#1404,0.002);
#162=CIRCLE('',#1406,0.002);
#163=CIRCLE('',#1408,0.002);
#164=CIRCLE('',#1410,0.002);
#165=CIRCLE('',#1412,0.002);
#166=CIRCLE('',#1414,0.002);
#167=CIRCLE('',#1416,0.002);
#168=CIRCLE('',#1418,0.002);
#169=CIRCLE('',#1420,0.002);
#170=CIRCLE('',#1422,0.002);
#171=CIRCLE('',#1425,0.002);
#172=CIRCLE('',#1427,0.002);
#173=CIRCLE('',#1430,0.002);
#174=CIRCLE('',#1432,0.002);
#175=CIRCLE('',#1435,0.002);
#176=CIRCLE('',#1437,0.002);
#177=CIRCLE('',#1440,0.002);
#178=CIRCLE('',#1442,0.002);
#179=B_SPLINE_CURVE_WITH_KNOTS('',3,(#1837,#1838,#1839,#1840,#1841,#1842,
#1843,#1844,#1845,#1846,#1847,#1848,#1849,#1850,#1851,#1852,#1853,#1854,
#1855,#1856,#1857,#1858,#1859,#1860,#1861,#1862,#1863,#1864,#1865,#1866,
#1867),.UNSPECIFIED.,.F.,.F.,(4,3,3,3,3,3,3,3,3,3,4),(0.00201355131390984,
0.00686445214932491,0.00856878574221982,0.00964877343854165,0.0135207541760951,
0.0151240201705298,0.0172848157746416,0.0211028788246975,0.0216792545988398,
0.0249208163084824,0.0282344890271498),.UNSPECIFIED.);
#180=B_SPLINE_CURVE_WITH_KNOTS('',3,(#1877,#1878,#1879,#1880,#1881,#1882,
#1883,#1884,#1885,#1886,#1887,#1888,#1889,#1890,#1891,#1892,#1893,#1894,
#1895,#1896,#1897,#1898,#1899,#1900,#1901,#1902,#1903,#1904,#1905,#1906,
#1907,#1908,#1909,#1910,#1911,#1912,#1913,#1914,#1915,#1916,#1917,#1918,
#1919,#1920,#1921,#1922,#1923,#1924,#1925,#1926,#1927,#1928,#1929,#1930,
#1931,#1932,#1933,#1934,#1935,#1936,#1937,#1938,#1939,#1940,#1941,#1942,
#1943,#1944,#1945,#1946,#1947,#1948,#1949,#1950,#1951,#1952,#1953,#1954,
#1955,#1956,#1957,#1958,#1959,#1960,#1961,#1962,#1963,#1964,#1965,#1966,
#1967,#1968,#1969,#1970,#1971,#1972,#1973,#1974,#1975,#1976,#1977,#1978,
#1979,#1980,#1981,#1982,#1983,#1984,#1985,#1986,#1987,#1988,#1989,#1990,
#1991),.UNSPECIFIED.,.F.,.F.,(4,3,3,3,3,3,3,3,3,3,3,3,3,3,3,3,3,3,3,3,3,
3,3,3,3,3,3,3,3,3,3,3,3,3,3,3,3,3,4),(0.,0.00172954015201335,0.00189635527901627,
0.0018963846750926,0.00284465892990403,0.00379271055803253,0.00379276930597394,
0.00474088819754066,0.00474096164274941,0.0056890658370488,0.00568915402009172,
0.00663724347655693,0.00663734636158871,0.007111332296311,0.00711144237348024,
0.00758542111606506,0.00758553875997309,0.0085335987555732,0.00853373084934207,
0.00948177639508133,0.00948192383146573,0.0104299540345895,0.0104301155479866,
0.0113781316740976,0.0113783080794892,0.0132744869531139,0.013274692680381,
0.0151708422321301,0.0151710773747213,0.0170671975111464,0.0170674620333416,
0.0189635527901627,0.0189638467296472,0.0208603377384324,0.0227562633481952,
0.02275656807657,0.0265489739062277,0.0265491589801842,0.0303416844642603),
 .UNSPECIFIED.);
#181=B_SPLINE_CURVE_WITH_KNOTS('',3,(#2008,#2009,#2010,#2011),
 .UNSPECIFIED.,.F.,.F.,(4,4),(0.,0.726258585129605),.UNSPECIFIED.);
#182=B_SPLINE_CURVE_WITH_KNOTS('',3,(#2015,#2016,#2017,#2018),
 .UNSPECIFIED.,.F.,.F.,(4,4),(0.460095638672335,1.),.UNSPECIFIED.);
#183=B_SPLINE_CURVE_WITH_KNOTS('',3,(#2050,#2051,#2052,#2053),
 .UNSPECIFIED.,.F.,.F.,(4,4),(0.,1.),.UNSPECIFIED.);
#184=B_SPLINE_CURVE_WITH_KNOTS('',3,(#2057,#2058,#2059,#2060,#2061,#2062,
#2063,#2064,#2065,#2066,#2067,#2068),.UNSPECIFIED.,.F.,.F.,(4,1,1,1,1,1,
1,1,1,4),(0.,0.25,0.5,0.625,0.6875,0.71875,0.75,0.8125,0.875,1.),
 .UNSPECIFIED.);
#185=B_SPLINE_CURVE_WITH_KNOTS('',3,(#2071,#2072,#2073,#2074),
 .UNSPECIFIED.,.F.,.F.,(4,4),(0.,1.),.UNSPECIFIED.);
#186=B_SPLINE_CURVE_WITH_KNOTS('',3,(#2078,#2079,#2080,#2081),
 .UNSPECIFIED.,.F.,.F.,(4,4),(0.,1.),.UNSPECIFIED.);
#187=B_SPLINE_CURVE_WITH_KNOTS('',3,(#2094,#2095,#2096,#2097,#2098,#2099,
#2100,#2101,#2102,#2103,#2104),.UNSPECIFIED.,.F.,.F.,(4,1,1,1,1,1,1,1,4),
(0.,0.125,0.1875,0.25,0.3125,0.375,0.5,0.75,1.),.UNSPECIFIED.);
#188=B_SPLINE_CURVE_WITH_KNOTS('',3,(#2108,#2109,#2110,#2111),
 .UNSPECIFIED.,.F.,.F.,(4,4),(0.,1.),.UNSPECIFIED.);
#189=B_SPLINE_CURVE_WITH_KNOTS('',3,(#2115,#2116,#2117,#2118),
 .UNSPECIFIED.,.F.,.F.,(4,4),(0.,1.),.UNSPECIFIED.);
#190=B_SPLINE_CURVE_WITH_KNOTS('',3,(#2122,#2123,#2124,#2125),
 .UNSPECIFIED.,.F.,.F.,(4,4),(0.,1.),.UNSPECIFIED.);
#191=B_SPLINE_CURVE_WITH_KNOTS('',3,(#2141,#2142,#2143,#2144,#2145),
 .UNSPECIFIED.,.F.,.F.,(4,1,4),(0.,0.5,1.),.UNSPECIFIED.);
#192=B_SPLINE_CURVE_WITH_KNOTS('',3,(#2158,#2159,#2160,#2161,#2162,#2163,
#2164,#2165,#2166),.UNSPECIFIED.,.F.,.F.,(4,1,1,1,1,1,4),(0.,0.25,0.375,
0.5,0.625,0.75,1.),.UNSPECIFIED.);
#193=B_SPLINE_CURVE_WITH_KNOTS('',3,(#2176,#2177,#2178,#2179,#2180),
 .UNSPECIFIED.,.F.,.F.,(4,1,4),(1.97055477821635E-17,0.00190632476925655,
0.00381264953851309),.UNSPECIFIED.);
#194=B_SPLINE_CURVE_WITH_KNOTS('',3,(#2181,#2182,#2183,#2184,#2185),
 .UNSPECIFIED.,.F.,.F.,(4,1,4),(3.61037019188988E-18,0.00190632476925699,
0.00381264953851398),.UNSPECIFIED.);
#195=B_SPLINE_CURVE_WITH_KNOTS('',3,(#2231,#2232,#2233,#2234,#2235,#2236,
#2237,#2238,#2239,#2240,#2241,#2242,#2243,#2244,#2245,#2246),
 .UNSPECIFIED.,.F.,.F.,(4,3,3,3,3,4),(0.00202466591691962,0.0060938629952829,
0.0104299892816367,0.0104305202168948,0.0178888980531438,0.0188363745168701),
 .UNSPECIFIED.);
#196=B_SPLINE_CURVE_WITH_KNOTS('',3,(#2250,#2251,#2252,#2253,#2254,#2255,
#2256,#2257,#2258,#2259),.UNSPECIFIED.,.F.,.F.,(4,3,3,4),(0.,0.0117927030344638,
0.0176890545516957,0.0235854060689275),.UNSPECIFIED.);
#197=B_SPLINE_CURVE_WITH_KNOTS('',3,(#2294,#2295,#2296,#2297,#2298,#2299,
#2300),.UNSPECIFIED.,.F.,.F.,(4,3,4),(0.,0.00642386440746211,0.00877109419634391),
 .UNSPECIFIED.);
#198=B_SPLINE_CURVE_WITH_KNOTS('',3,(#2317,#2318,#2319,#2320,#2321,#2322,
#2323,#2324,#2325,#2326),.UNSPECIFIED.,.F.,.F.,(4,3,3,4),(0.00218343266262597,
0.00845487396203191,0.0107022376652902,0.0192210426679544),
 .UNSPECIFIED.);
#199=B_SPLINE_CURVE_WITH_KNOTS('',3,(#2334,#2335,#2336,#2337,#2338),
 .UNSPECIFIED.,.F.,.F.,(4,1,4),(0.,0.5,1.),.UNSPECIFIED.);
#200=B_SPLINE_CURVE_WITH_KNOTS('',3,(#2517,#2518,#2519,#2520,#2521,#2522,
#2523,#2524,#2525,#2526,#2527,#2528,#2529,#2530,#2531,#2532,#2533,#2534,
#2535,#2536),.UNSPECIFIED.,.F.,.F.,(4,1,1,1,1,1,1,1,1,1,1,1,1,1,1,1,1,4),
(0.,0.125,0.1875,0.21875,0.234375,0.25,0.3125,0.375,0.4375,0.46875,0.5,
0.625,0.6875,0.71875,0.75,0.8125,0.875,1.),.UNSPECIFIED.);
#201=B_SPLINE_CURVE_WITH_KNOTS('',3,(#2538,#2539,#2540,#2541),
 .UNSPECIFIED.,.F.,.F.,(4,4),(1.63856503180096,1.67017332815041),
 .UNSPECIFIED.);
#202=B_SPLINE_CURVE_WITH_KNOTS('',3,(#2544,#2545,#2546,#2547,#2548,#2549,
#2550,#2551,#2552),.UNSPECIFIED.,.F.,.F.,(4,1,1,1,1,1,4),(0.,0.00178832713634336,
0.00268249070451505,0.00357665427268673,0.00447081784085841,0.00536498140903009,
0.00715330854537346),.UNSPECIFIED.);
#203=B_SPLINE_CURVE_WITH_KNOTS('',3,(#2568,#2569,#2570,#2571,#2572,#2573,
#2574,#2575),.UNSPECIFIED.,.F.,.F.,(4,1,1,1,1,4),(0.,0.25,0.5,0.625,0.75,
1.),.UNSPECIFIED.);
#204=B_SPLINE_CURVE_WITH_KNOTS('',3,(#2577,#2578,#2579,#2580,#2581,#2582,
#2583,#2584,#2585,#2586,#2587,#2588,#2589,#2590,#2591,#2592,#2593,#2594),
 .UNSPECIFIED.,.F.,.F.,(4,1,1,1,1,1,1,1,1,1,1,1,1,1,1,4),(0.,0.125,0.1875,
0.25,0.3125,0.375,0.4375,0.46875,0.5,0.53125,0.5625,0.625,0.75,0.8125,0.875,
1.),.UNSPECIFIED.);
#205=B_SPLINE_CURVE_WITH_KNOTS('',3,(#2621,#2622,#2623,#2624,#2625,#2626,
#2627),.UNSPECIFIED.,.F.,.F.,(4,1,1,1,4),(0.,0.00129459348605556,0.00258918697211113,
0.00388378045816669,0.00517837394422226),.UNSPECIFIED.);
#206=B_SPLINE_CURVE_WITH_KNOTS('',3,(#2634,#2635,#2636,#2637,#2638,#2639,
#2640,#2641,#2642,#2643,#2644,#2645,#2646,#2647,#2648,#2649,#2650,#2651,
#2652,#2653,#2654,#2655),.UNSPECIFIED.,.F.,.F.,(4,1,1,1,1,1,1,1,1,1,1,1,
1,1,1,1,1,1,1,4),(0.,0.0625,0.09375,0.125,0.1875,0.21875,0.25,0.28125,0.3125,
0.375,0.4375,0.46875,0.5,0.53125,0.5625,0.625,0.6875,0.75,0.875,1.),
 .UNSPECIFIED.);
#207=B_SPLINE_CURVE_WITH_KNOTS('',3,(#2671,#2672,#2673,#2674,#2675,#2676,
#2677,#2678,#2679,#2680,#2681,#2682,#2683,#2684,#2685,#2686,#2687,#2688,
#2689,#2690,#2691),.UNSPECIFIED.,.F.,.F.,(4,1,1,1,1,1,1,1,1,1,1,1,1,1,1,
1,1,1,4),(0.,0.125,0.1875,0.21875,0.25,0.28125,0.3125,0.375,0.4375,0.46875,
0.5,0.53125,0.5625,0.625,0.6875,0.75,0.8125,0.875,1.),.UNSPECIFIED.);
#208=B_SPLINE_CURVE_WITH_KNOTS('',3,(#2765,#2766,#2767,#2768,#2769,#2770,
#2771,#2772,#2773,#2774,#2775,#2776,#2777,#2778,#2779),.UNSPECIFIED.,.F.,
 .F.,(4,1,1,1,1,1,1,1,1,1,1,1,4),(0.,0.125,0.1875,0.25,0.3125,0.375,0.4375,
0.5,0.5625,0.625,0.75,0.875,1.),.UNSPECIFIED.);
#209=B_SPLINE_CURVE_WITH_KNOTS('',3,(#2889,#2890,#2891,#2892,#2893,#2894,
#2895,#2896,#2897,#2898,#2899),.UNSPECIFIED.,.F.,.F.,(4,1,1,1,1,1,1,1,4),
(0.,0.25,0.375,0.4375,0.5,0.5625,0.625,0.75,1.),.UNSPECIFIED.);
#210=B_SPLINE_CURVE_WITH_KNOTS('',3,(#2938,#2939,#2940,#2941,#2942),
 .UNSPECIFIED.,.F.,.F.,(4,1,4),(0.,0.5,1.),.UNSPECIFIED.);
#211=ORIENTED_EDGE('',*,*,#571,.F.);
#212=ORIENTED_EDGE('',*,*,#572,.F.);
#213=ORIENTED_EDGE('',*,*,#573,.T.);
#214=ORIENTED_EDGE('',*,*,#574,.F.);
#215=ORIENTED_EDGE('',*,*,#575,.F.);
#216=ORIENTED_EDGE('',*,*,#576,.F.);
#217=ORIENTED_EDGE('',*,*,#577,.F.);
#218=ORIENTED_EDGE('',*,*,#578,.T.);
#219=ORIENTED_EDGE('',*,*,#579,.F.);
#220=ORIENTED_EDGE('',*,*,#580,.T.);
#221=ORIENTED_EDGE('',*,*,#581,.F.);
#222=ORIENTED_EDGE('',*,*,#582,.F.);
#223=ORIENTED_EDGE('',*,*,#583,.F.);
#224=ORIENTED_EDGE('',*,*,#584,.F.);
#225=ORIENTED_EDGE('',*,*,#585,.F.);
#226=ORIENTED_EDGE('',*,*,#586,.F.);
#227=ORIENTED_EDGE('',*,*,#587,.F.);
#228=ORIENTED_EDGE('',*,*,#588,.F.);
#229=ORIENTED_EDGE('',*,*,#589,.F.);
#230=ORIENTED_EDGE('',*,*,#590,.F.);
#231=ORIENTED_EDGE('',*,*,#591,.F.);
#232=ORIENTED_EDGE('',*,*,#592,.T.);
#233=ORIENTED_EDGE('',*,*,#593,.F.);
#234=ORIENTED_EDGE('',*,*,#594,.T.);
#235=ORIENTED_EDGE('',*,*,#595,.T.);
#236=ORIENTED_EDGE('',*,*,#596,.T.);
#237=ORIENTED_EDGE('',*,*,#597,.T.);
#238=ORIENTED_EDGE('',*,*,#598,.T.);
#239=ORIENTED_EDGE('',*,*,#599,.T.);
#240=ORIENTED_EDGE('',*,*,#600,.T.);
#241=ORIENTED_EDGE('',*,*,#601,.F.);
#242=ORIENTED_EDGE('',*,*,#602,.F.);
#243=ORIENTED_EDGE('',*,*,#588,.T.);
#244=ORIENTED_EDGE('',*,*,#603,.F.);
#245=ORIENTED_EDGE('',*,*,#604,.T.);
#246=ORIENTED_EDGE('',*,*,#605,.T.);
#247=ORIENTED_EDGE('',*,*,#606,.T.);
#248=ORIENTED_EDGE('',*,*,#607,.F.);
#249=ORIENTED_EDGE('',*,*,#608,.T.);
#250=ORIENTED_EDGE('',*,*,#603,.T.);
#251=ORIENTED_EDGE('',*,*,#587,.T.);
#252=ORIENTED_EDGE('',*,*,#586,.T.);
#253=ORIENTED_EDGE('',*,*,#609,.F.);
#254=ORIENTED_EDGE('',*,*,#610,.T.);
#255=ORIENTED_EDGE('',*,*,#611,.T.);
#256=ORIENTED_EDGE('',*,*,#612,.F.);
#257=ORIENTED_EDGE('',*,*,#613,.T.);
#258=ORIENTED_EDGE('',*,*,#614,.F.);
#259=ORIENTED_EDGE('',*,*,#615,.T.);
#260=ORIENTED_EDGE('',*,*,#607,.T.);
#261=ORIENTED_EDGE('',*,*,#612,.T.);
#262=ORIENTED_EDGE('',*,*,#616,.F.);
#263=ORIENTED_EDGE('',*,*,#599,.F.);
#264=ORIENTED_EDGE('',*,*,#617,.T.);
#265=ORIENTED_EDGE('',*,*,#618,.F.);
#266=ORIENTED_EDGE('',*,*,#619,.F.);
#267=ORIENTED_EDGE('',*,*,#620,.T.);
#268=ORIENTED_EDGE('',*,*,#621,.T.);
#269=ORIENTED_EDGE('',*,*,#622,.F.);
#270=ORIENTED_EDGE('',*,*,#623,.F.);
#271=ORIENTED_EDGE('',*,*,#624,.F.);
#272=ORIENTED_EDGE('',*,*,#625,.T.);
#273=ORIENTED_EDGE('',*,*,#626,.T.);
#274=ORIENTED_EDGE('',*,*,#627,.F.);
#275=ORIENTED_EDGE('',*,*,#620,.F.);
#276=ORIENTED_EDGE('',*,*,#628,.T.);
#277=ORIENTED_EDGE('',*,*,#629,.T.);
#278=ORIENTED_EDGE('',*,*,#630,.F.);
#279=ORIENTED_EDGE('',*,*,#631,.T.);
#280=ORIENTED_EDGE('',*,*,#632,.T.);
#281=ORIENTED_EDGE('',*,*,#633,.F.);
#282=ORIENTED_EDGE('',*,*,#634,.F.);
#283=ORIENTED_EDGE('',*,*,#592,.F.);
#284=ORIENTED_EDGE('',*,*,#635,.T.);
#285=ORIENTED_EDGE('',*,*,#636,.T.);
#286=ORIENTED_EDGE('',*,*,#637,.T.);
#287=ORIENTED_EDGE('',*,*,#626,.F.);
#288=ORIENTED_EDGE('',*,*,#638,.F.);
#289=ORIENTED_EDGE('',*,*,#618,.T.);
#290=ORIENTED_EDGE('',*,*,#639,.F.);
#291=ORIENTED_EDGE('',*,*,#631,.F.);
#292=ORIENTED_EDGE('',*,*,#640,.F.);
#293=ORIENTED_EDGE('',*,*,#641,.F.);
#294=ORIENTED_EDGE('',*,*,#596,.F.);
#295=ORIENTED_EDGE('',*,*,#642,.F.);
#296=ORIENTED_EDGE('',*,*,#595,.F.);
#297=ORIENTED_EDGE('',*,*,#643,.F.);
#298=ORIENTED_EDGE('',*,*,#597,.F.);
#299=ORIENTED_EDGE('',*,*,#644,.F.);
#300=ORIENTED_EDGE('',*,*,#594,.F.);
#301=ORIENTED_EDGE('',*,*,#581,.T.);
#302=ORIENTED_EDGE('',*,*,#598,.F.);
#303=ORIENTED_EDGE('',*,*,#645,.F.);
#304=ORIENTED_EDGE('',*,*,#646,.F.);
#305=ORIENTED_EDGE('',*,*,#647,.F.);
#306=ORIENTED_EDGE('',*,*,#648,.T.);
#307=ORIENTED_EDGE('',*,*,#649,.T.);
#308=ORIENTED_EDGE('',*,*,#650,.F.);
#309=ORIENTED_EDGE('',*,*,#651,.T.);
#310=ORIENTED_EDGE('',*,*,#652,.T.);
#311=ORIENTED_EDGE('',*,*,#653,.F.);
#312=ORIENTED_EDGE('',*,*,#654,.T.);
#313=ORIENTED_EDGE('',*,*,#655,.T.);
#314=ORIENTED_EDGE('',*,*,#656,.T.);
#315=ORIENTED_EDGE('',*,*,#657,.T.);
#316=ORIENTED_EDGE('',*,*,#658,.T.);
#317=ORIENTED_EDGE('',*,*,#659,.F.);
#318=ORIENTED_EDGE('',*,*,#660,.T.);
#319=ORIENTED_EDGE('',*,*,#661,.F.);
#320=ORIENTED_EDGE('',*,*,#662,.T.);
#321=ORIENTED_EDGE('',*,*,#663,.T.);
#322=ORIENTED_EDGE('',*,*,#664,.T.);
#323=ORIENTED_EDGE('',*,*,#665,.T.);
#324=ORIENTED_EDGE('',*,*,#666,.T.);
#325=ORIENTED_EDGE('',*,*,#667,.F.);
#326=ORIENTED_EDGE('',*,*,#668,.F.);
#327=ORIENTED_EDGE('',*,*,#669,.T.);
#328=ORIENTED_EDGE('',*,*,#670,.T.);
#329=ORIENTED_EDGE('',*,*,#671,.F.);
#330=ORIENTED_EDGE('',*,*,#672,.T.);
#331=ORIENTED_EDGE('',*,*,#673,.T.);
#332=ORIENTED_EDGE('',*,*,#674,.T.);
#333=ORIENTED_EDGE('',*,*,#675,.T.);
#334=ORIENTED_EDGE('',*,*,#676,.T.);
#335=ORIENTED_EDGE('',*,*,#677,.T.);
#336=ORIENTED_EDGE('',*,*,#678,.T.);
#337=ORIENTED_EDGE('',*,*,#679,.T.);
#338=ORIENTED_EDGE('',*,*,#680,.T.);
#339=ORIENTED_EDGE('',*,*,#681,.F.);
#340=ORIENTED_EDGE('',*,*,#628,.F.);
#341=ORIENTED_EDGE('',*,*,#682,.T.);
#342=ORIENTED_EDGE('',*,*,#663,.F.);
#343=ORIENTED_EDGE('',*,*,#683,.T.);
#344=ORIENTED_EDGE('',*,*,#670,.F.);
#345=ORIENTED_EDGE('',*,*,#684,.F.);
#346=ORIENTED_EDGE('',*,*,#624,.T.);
#347=ORIENTED_EDGE('',*,*,#685,.T.);
#348=ORIENTED_EDGE('',*,*,#580,.F.);
#349=ORIENTED_EDGE('',*,*,#686,.T.);
#350=ORIENTED_EDGE('',*,*,#638,.T.);
#351=ORIENTED_EDGE('',*,*,#687,.F.);
#352=ORIENTED_EDGE('',*,*,#625,.F.);
#353=ORIENTED_EDGE('',*,*,#688,.F.);
#354=ORIENTED_EDGE('',*,*,#571,.T.);
#355=ORIENTED_EDGE('',*,*,#687,.T.);
#356=ORIENTED_EDGE('',*,*,#647,.T.);
#357=ORIENTED_EDGE('',*,*,#689,.F.);
#358=ORIENTED_EDGE('',*,*,#610,.F.);
#359=ORIENTED_EDGE('',*,*,#690,.T.);
#360=ORIENTED_EDGE('',*,*,#611,.F.);
#361=ORIENTED_EDGE('',*,*,#691,.F.);
#362=ORIENTED_EDGE('',*,*,#657,.F.);
#363=ORIENTED_EDGE('',*,*,#692,.F.);
#364=ORIENTED_EDGE('',*,*,#601,.T.);
#365=ORIENTED_EDGE('',*,*,#693,.F.);
#366=ORIENTED_EDGE('',*,*,#649,.F.);
#367=ORIENTED_EDGE('',*,*,#694,.T.);
#368=ORIENTED_EDGE('',*,*,#692,.T.);
#369=ORIENTED_EDGE('',*,*,#656,.F.);
#370=ORIENTED_EDGE('',*,*,#695,.F.);
#371=ORIENTED_EDGE('',*,*,#616,.T.);
#372=ORIENTED_EDGE('',*,*,#655,.F.);
#373=ORIENTED_EDGE('',*,*,#696,.T.);
#374=ORIENTED_EDGE('',*,*,#600,.F.);
#375=ORIENTED_EDGE('',*,*,#695,.T.);
#376=ORIENTED_EDGE('',*,*,#615,.F.);
#377=ORIENTED_EDGE('',*,*,#697,.F.);
#378=ORIENTED_EDGE('',*,*,#578,.F.);
#379=ORIENTED_EDGE('',*,*,#698,.F.);
#380=ORIENTED_EDGE('',*,*,#665,.F.);
#381=ORIENTED_EDGE('',*,*,#699,.T.);
#382=ORIENTED_EDGE('',*,*,#614,.T.);
#383=ORIENTED_EDGE('',*,*,#700,.T.);
#384=ORIENTED_EDGE('',*,*,#701,.F.);
#385=ORIENTED_EDGE('',*,*,#702,.F.);
#386=ORIENTED_EDGE('',*,*,#608,.F.);
#387=ORIENTED_EDGE('',*,*,#698,.T.);
#388=ORIENTED_EDGE('',*,*,#577,.T.);
#389=ORIENTED_EDGE('',*,*,#703,.F.);
#390=ORIENTED_EDGE('',*,*,#575,.T.);
#391=ORIENTED_EDGE('',*,*,#704,.F.);
#392=ORIENTED_EDGE('',*,*,#705,.F.);
#393=ORIENTED_EDGE('',*,*,#613,.F.);
#394=ORIENTED_EDGE('',*,*,#706,.F.);
#395=ORIENTED_EDGE('',*,*,#680,.F.);
#396=ORIENTED_EDGE('',*,*,#573,.F.);
#397=ORIENTED_EDGE('',*,*,#707,.T.);
#398=ORIENTED_EDGE('',*,*,#604,.F.);
#399=ORIENTED_EDGE('',*,*,#702,.T.);
#400=ORIENTED_EDGE('',*,*,#708,.F.);
#401=ORIENTED_EDGE('',*,*,#706,.T.);
#402=ORIENTED_EDGE('',*,*,#617,.F.);
#403=ORIENTED_EDGE('',*,*,#709,.F.);
#404=ORIENTED_EDGE('',*,*,#681,.T.);
#405=ORIENTED_EDGE('',*,*,#605,.F.);
#406=ORIENTED_EDGE('',*,*,#710,.T.);
#407=ORIENTED_EDGE('',*,*,#668,.T.);
#408=ORIENTED_EDGE('',*,*,#711,.F.);
#409=ORIENTED_EDGE('',*,*,#712,.T.);
#410=ORIENTED_EDGE('',*,*,#606,.F.);
#411=ORIENTED_EDGE('',*,*,#713,.F.);
#412=ORIENTED_EDGE('',*,*,#672,.F.);
#413=ORIENTED_EDGE('',*,*,#709,.T.);
#414=ORIENTED_EDGE('',*,*,#633,.T.);
#415=ORIENTED_EDGE('',*,*,#714,.F.);
#416=ORIENTED_EDGE('',*,*,#645,.T.);
#417=ORIENTED_EDGE('',*,*,#715,.T.);
#418=ORIENTED_EDGE('',*,*,#651,.F.);
#419=ORIENTED_EDGE('',*,*,#716,.F.);
#420=ORIENTED_EDGE('',*,*,#636,.F.);
#421=ORIENTED_EDGE('',*,*,#717,.T.);
#422=ORIENTED_EDGE('',*,*,#718,.F.);
#423=ORIENTED_EDGE('',*,*,#643,.T.);
#424=ORIENTED_EDGE('',*,*,#718,.T.);
#425=ORIENTED_EDGE('',*,*,#701,.T.);
#426=ORIENTED_EDGE('',*,*,#574,.T.);
#427=ORIENTED_EDGE('',*,*,#708,.T.);
#428=ORIENTED_EDGE('',*,*,#719,.F.);
#429=ORIENTED_EDGE('',*,*,#641,.T.);
#430=ORIENTED_EDGE('',*,*,#719,.T.);
#431=ORIENTED_EDGE('',*,*,#703,.T.);
#432=ORIENTED_EDGE('',*,*,#576,.T.);
#433=ORIENTED_EDGE('',*,*,#720,.F.);
#434=ORIENTED_EDGE('',*,*,#644,.T.);
#435=ORIENTED_EDGE('',*,*,#720,.T.);
#436=ORIENTED_EDGE('',*,*,#583,.T.);
#437=ORIENTED_EDGE('',*,*,#721,.F.);
#438=ORIENTED_EDGE('',*,*,#642,.T.);
#439=ORIENTED_EDGE('',*,*,#721,.T.);
#440=ORIENTED_EDGE('',*,*,#582,.T.);
#441=ORIENTED_EDGE('',*,*,#700,.F.);
#442=ORIENTED_EDGE('',*,*,#705,.T.);
#443=ORIENTED_EDGE('',*,*,#722,.F.);
#444=ORIENTED_EDGE('',*,*,#722,.T.);
#445=ORIENTED_EDGE('',*,*,#704,.T.);
#446=ORIENTED_EDGE('',*,*,#723,.F.);
#447=ORIENTED_EDGE('',*,*,#666,.F.);
#448=ORIENTED_EDGE('',*,*,#723,.T.);
#449=ORIENTED_EDGE('',*,*,#679,.F.);
#450=ORIENTED_EDGE('',*,*,#724,.T.);
#451=ORIENTED_EDGE('',*,*,#667,.T.);
#452=ORIENTED_EDGE('',*,*,#713,.T.);
#453=ORIENTED_EDGE('',*,*,#712,.F.);
#454=ORIENTED_EDGE('',*,*,#725,.F.);
#455=ORIENTED_EDGE('',*,*,#683,.F.);
#456=ORIENTED_EDGE('',*,*,#724,.F.);
#457=ORIENTED_EDGE('',*,*,#726,.T.);
#458=ORIENTED_EDGE('',*,*,#629,.F.);
#459=ORIENTED_EDGE('',*,*,#725,.T.);
#460=ORIENTED_EDGE('',*,*,#711,.T.);
#461=ORIENTED_EDGE('',*,*,#727,.F.);
#462=ORIENTED_EDGE('',*,*,#673,.F.);
#463=ORIENTED_EDGE('',*,*,#726,.F.);
#464=ORIENTED_EDGE('',*,*,#678,.F.);
#465=ORIENTED_EDGE('',*,*,#728,.F.);
#466=ORIENTED_EDGE('',*,*,#630,.T.);
#467=ORIENTED_EDGE('',*,*,#727,.T.);
#468=ORIENTED_EDGE('',*,*,#671,.T.);
#469=ORIENTED_EDGE('',*,*,#729,.T.);
#470=ORIENTED_EDGE('',*,*,#674,.F.);
#471=ORIENTED_EDGE('',*,*,#728,.T.);
#472=ORIENTED_EDGE('',*,*,#677,.F.);
#473=ORIENTED_EDGE('',*,*,#730,.F.);
#474=ORIENTED_EDGE('',*,*,#640,.T.);
#475=ORIENTED_EDGE('',*,*,#685,.F.);
#476=ORIENTED_EDGE('',*,*,#623,.T.);
#477=ORIENTED_EDGE('',*,*,#731,.T.);
#478=ORIENTED_EDGE('',*,*,#729,.F.);
#479=ORIENTED_EDGE('',*,*,#730,.T.);
#480=ORIENTED_EDGE('',*,*,#676,.F.);
#481=ORIENTED_EDGE('',*,*,#732,.F.);
#482=ORIENTED_EDGE('',*,*,#619,.T.);
#483=ORIENTED_EDGE('',*,*,#731,.F.);
#484=ORIENTED_EDGE('',*,*,#622,.T.);
#485=ORIENTED_EDGE('',*,*,#732,.T.);
#486=ORIENTED_EDGE('',*,*,#675,.F.);
#487=ORIENTED_EDGE('',*,*,#733,.F.);
#488=ORIENTED_EDGE('',*,*,#693,.T.);
#489=ORIENTED_EDGE('',*,*,#696,.F.);
#490=ORIENTED_EDGE('',*,*,#734,.F.);
#491=ORIENTED_EDGE('',*,*,#650,.T.);
#492=ORIENTED_EDGE('',*,*,#733,.T.);
#493=ORIENTED_EDGE('',*,*,#654,.F.);
#494=ORIENTED_EDGE('',*,*,#716,.T.);
#495=ORIENTED_EDGE('',*,*,#734,.T.);
#496=ORIENTED_EDGE('',*,*,#735,.F.);
#497=ORIENTED_EDGE('',*,*,#735,.T.);
#498=ORIENTED_EDGE('',*,*,#653,.T.);
#499=ORIENTED_EDGE('',*,*,#736,.F.);
#500=ORIENTED_EDGE('',*,*,#637,.F.);
#501=ORIENTED_EDGE('',*,*,#736,.T.);
#502=ORIENTED_EDGE('',*,*,#662,.F.);
#503=ORIENTED_EDGE('',*,*,#737,.F.);
#504=ORIENTED_EDGE('',*,*,#627,.T.);
#505=ORIENTED_EDGE('',*,*,#737,.T.);
#506=ORIENTED_EDGE('',*,*,#661,.T.);
#507=ORIENTED_EDGE('',*,*,#738,.F.);
#508=ORIENTED_EDGE('',*,*,#621,.F.);
#509=ORIENTED_EDGE('',*,*,#738,.T.);
#510=ORIENTED_EDGE('',*,*,#660,.F.);
#511=ORIENTED_EDGE('',*,*,#739,.F.);
#512=ORIENTED_EDGE('',*,*,#639,.T.);
#513=ORIENTED_EDGE('',*,*,#740,.F.);
#514=ORIENTED_EDGE('',*,*,#632,.F.);
#515=ORIENTED_EDGE('',*,*,#739,.T.);
#516=ORIENTED_EDGE('',*,*,#659,.T.);
#517=ORIENTED_EDGE('',*,*,#714,.T.);
#518=ORIENTED_EDGE('',*,*,#740,.T.);
#519=ORIENTED_EDGE('',*,*,#741,.F.);
#520=ORIENTED_EDGE('',*,*,#742,.F.);
#521=ORIENTED_EDGE('',*,*,#646,.T.);
#522=ORIENTED_EDGE('',*,*,#741,.T.);
#523=ORIENTED_EDGE('',*,*,#658,.F.);
#524=ORIENTED_EDGE('',*,*,#691,.T.);
#525=ORIENTED_EDGE('',*,*,#689,.T.);
#526=ORIENTED_EDGE('',*,*,#742,.T.);
#527=ORIENTED_EDGE('',*,*,#634,.T.);
#528=ORIENTED_EDGE('',*,*,#715,.F.);
#529=ORIENTED_EDGE('',*,*,#743,.F.);
#530=ORIENTED_EDGE('',*,*,#593,.T.);
#531=ORIENTED_EDGE('',*,*,#743,.T.);
#532=ORIENTED_EDGE('',*,*,#648,.F.);
#533=ORIENTED_EDGE('',*,*,#744,.F.);
#534=ORIENTED_EDGE('',*,*,#584,.T.);
#535=ORIENTED_EDGE('',*,*,#744,.T.);
#536=ORIENTED_EDGE('',*,*,#690,.F.);
#537=ORIENTED_EDGE('',*,*,#609,.T.);
#538=ORIENTED_EDGE('',*,*,#585,.T.);
#539=ORIENTED_EDGE('',*,*,#602,.T.);
#540=ORIENTED_EDGE('',*,*,#694,.F.);
#541=ORIENTED_EDGE('',*,*,#745,.F.);
#542=ORIENTED_EDGE('',*,*,#589,.T.);
#543=ORIENTED_EDGE('',*,*,#745,.T.);
#544=ORIENTED_EDGE('',*,*,#652,.F.);
#545=ORIENTED_EDGE('',*,*,#746,.F.);
#546=ORIENTED_EDGE('',*,*,#590,.T.);
#547=ORIENTED_EDGE('',*,*,#746,.T.);
#548=ORIENTED_EDGE('',*,*,#717,.F.);
#549=ORIENTED_EDGE('',*,*,#635,.F.);
#550=ORIENTED_EDGE('',*,*,#591,.T.);
#551=ORIENTED_EDGE('',*,*,#747,.F.);
#552=ORIENTED_EDGE('',*,*,#688,.T.);
#553=ORIENTED_EDGE('',*,*,#684,.T.);
#554=ORIENTED_EDGE('',*,*,#748,.F.);
#555=ORIENTED_EDGE('',*,*,#572,.T.);
#556=ORIENTED_EDGE('',*,*,#747,.T.);
#557=ORIENTED_EDGE('',*,*,#669,.F.);
#558=ORIENTED_EDGE('',*,*,#710,.F.);
#559=ORIENTED_EDGE('',*,*,#707,.F.);
#560=ORIENTED_EDGE('',*,*,#748,.T.);
#561=ORIENTED_EDGE('',*,*,#749,.F.);
#562=ORIENTED_EDGE('',*,*,#697,.T.);
#563=ORIENTED_EDGE('',*,*,#699,.F.);
#564=ORIENTED_EDGE('',*,*,#750,.F.);
#565=ORIENTED_EDGE('',*,*,#579,.T.);
#566=ORIENTED_EDGE('',*,*,#749,.T.);
#567=ORIENTED_EDGE('',*,*,#664,.F.);
#568=ORIENTED_EDGE('',*,*,#750,.T.);
#569=ORIENTED_EDGE('',*,*,#682,.F.);
#570=ORIENTED_EDGE('',*,*,#686,.F.);
#571=EDGE_CURVE('',#751,#752,#859,.T.);
#572=EDGE_CURVE('',#753,#751,#860,.T.);
#573=EDGE_CURVE('',#753,#754,#179,.T.);
#574=EDGE_CURVE('',#755,#754,#82,.T.);
#575=EDGE_CURVE('',#756,#755,#83,.T.);
#576=EDGE_CURVE('',#757,#756,#84,.T.);
#577=EDGE_CURVE('',#758,#757,#85,.T.);
#578=EDGE_CURVE('',#758,#759,#180,.T.);
#579=EDGE_CURVE('',#760,#759,#861,.T.);
#580=EDGE_CURVE('',#760,#752,#86,.T.);
#581=EDGE_CURVE('',#761,#761,#87,.T.);
#582=EDGE_CURVE('',#762,#762,#88,.T.);
#583=EDGE_CURVE('',#763,#763,#89,.T.);
#584=EDGE_CURVE('',#764,#765,#862,.T.);
#585=EDGE_CURVE('',#766,#764,#90,.T.);
#586=EDGE_CURVE('',#767,#766,#181,.T.);
#587=EDGE_CURVE('',#768,#767,#91,.T.);
#588=EDGE_CURVE('',#769,#768,#182,.T.);
#589=EDGE_CURVE('',#770,#769,#92,.T.);
#590=EDGE_CURVE('',#771,#770,#863,.T.);
#591=EDGE_CURVE('',#772,#771,#93,.T.);
#592=EDGE_CURVE('',#772,#773,#94,.T.);
#593=EDGE_CURVE('',#765,#773,#95,.T.);
#594=EDGE_CURVE('',#774,#774,#96,.T.);
#595=EDGE_CURVE('',#775,#775,#97,.T.);
#596=EDGE_CURVE('',#776,#776,#98,.T.);
#597=EDGE_CURVE('',#777,#777,#99,.T.);
#598=EDGE_CURVE('',#778,#778,#100,.T.);
#599=EDGE_CURVE('',#779,#780,#864,.T.);
#600=EDGE_CURVE('',#780,#781,#183,.T.);
#601=EDGE_CURVE('',#782,#781,#865,.T.);
#602=EDGE_CURVE('',#769,#782,#184,.T.);
#603=EDGE_CURVE('',#783,#768,#866,.T.);
#604=EDGE_CURVE('',#783,#784,#185,.T.);
#605=EDGE_CURVE('',#784,#785,#867,.T.);
#606=EDGE_CURVE('',#785,#779,#186,.T.);
#607=EDGE_CURVE('',#786,#767,#868,.T.);
#608=EDGE_CURVE('',#786,#783,#101,.T.);
#609=EDGE_CURVE('',#787,#766,#187,.T.);
#610=EDGE_CURVE('',#787,#788,#869,.T.);
#611=EDGE_CURVE('',#788,#789,#188,.T.);
#612=EDGE_CURVE('',#790,#789,#870,.T.);
#613=EDGE_CURVE('',#790,#791,#189,.T.);
#614=EDGE_CURVE('',#792,#791,#871,.T.);
#615=EDGE_CURVE('',#792,#786,#190,.T.);
#616=EDGE_CURVE('',#780,#789,#102,.T.);
#617=EDGE_CURVE('',#779,#790,#103,.T.);
#618=EDGE_CURVE('',#793,#794,#872,.T.);
#619=EDGE_CURVE('',#795,#793,#104,.T.);
#620=EDGE_CURVE('',#795,#796,#873,.T.);
#621=EDGE_CURVE('',#796,#794,#105,.T.);
#622=EDGE_CURVE('',#797,#795,#874,.T.);
#623=EDGE_CURVE('',#798,#797,#191,.F.);
#624=EDGE_CURVE('',#799,#798,#875,.T.);
#625=EDGE_CURVE('',#799,#800,#876,.T.);
#626=EDGE_CURVE('',#800,#801,#877,.T.);
#627=EDGE_CURVE('',#796,#801,#878,.T.);
#628=EDGE_CURVE('',#802,#803,#879,.T.);
#629=EDGE_CURVE('',#803,#804,#192,.T.);
#630=EDGE_CURVE('',#805,#804,#106,.T.);
#631=EDGE_CURVE('',#805,#806,#880,.T.);
#632=EDGE_CURVE('',#806,#807,#107,.T.);
#633=EDGE_CURVE('',#808,#807,#881,.T.);
#634=EDGE_CURVE('',#773,#808,#193,.T.);
#635=EDGE_CURVE('',#772,#809,#194,.T.);
#636=EDGE_CURVE('',#809,#810,#882,.T.);
#637=EDGE_CURVE('',#810,#801,#108,.T.);
#638=EDGE_CURVE('',#802,#800,#109,.T.);
#639=EDGE_CURVE('',#806,#794,#883,.T.);
#640=EDGE_CURVE('',#793,#805,#884,.T.);
#641=EDGE_CURVE('',#811,#811,#110,.T.);
#642=EDGE_CURVE('',#812,#812,#111,.T.);
#643=EDGE_CURVE('',#813,#813,#112,.T.);
#644=EDGE_CURVE('',#814,#814,#113,.T.);
#645=EDGE_CURVE('',#815,#816,#885,.T.);
#646=EDGE_CURVE('',#817,#815,#886,.T.);
#647=EDGE_CURVE('',#818,#817,#887,.T.);
#648=EDGE_CURVE('',#818,#816,#888,.T.);
#649=EDGE_CURVE('',#819,#820,#889,.T.);
#650=EDGE_CURVE('',#821,#820,#890,.T.);
#651=EDGE_CURVE('',#821,#822,#891,.T.);
#652=EDGE_CURVE('',#822,#819,#892,.T.);
#653=EDGE_CURVE('',#823,#824,#114,.T.);
#654=EDGE_CURVE('',#823,#825,#893,.T.);
#655=EDGE_CURVE('',#825,#826,#195,.T.);
#656=EDGE_CURVE('',#826,#827,#115,.T.);
#657=EDGE_CURVE('',#827,#828,#196,.T.);
#658=EDGE_CURVE('',#828,#829,#894,.T.);
#659=EDGE_CURVE('',#830,#829,#116,.T.);
#660=EDGE_CURVE('',#830,#831,#895,.T.);
#661=EDGE_CURVE('',#832,#831,#117,.T.);
#662=EDGE_CURVE('',#832,#824,#896,.T.);
#663=EDGE_CURVE('',#833,#834,#897,.T.);
#664=EDGE_CURVE('',#834,#835,#898,.T.);
#665=EDGE_CURVE('',#835,#836,#899,.T.);
#666=EDGE_CURVE('',#836,#837,#44,.T.);
#667=EDGE_CURVE('',#833,#837,#900,.T.);
#668=EDGE_CURVE('',#838,#839,#901,.T.);
#669=EDGE_CURVE('',#838,#840,#902,.T.);
#670=EDGE_CURVE('',#840,#841,#903,.T.);
#671=EDGE_CURVE('',#839,#841,#904,.T.);
#672=EDGE_CURVE('',#842,#843,#197,.T.);
#673=EDGE_CURVE('',#843,#844,#118,.T.);
#674=EDGE_CURVE('',#844,#845,#905,.T.);
#675=EDGE_CURVE('',#845,#846,#906,.T.);
#676=EDGE_CURVE('',#846,#847,#119,.T.);
#677=EDGE_CURVE('',#847,#848,#907,.T.);
#678=EDGE_CURVE('',#848,#849,#120,.T.);
#679=EDGE_CURVE('',#849,#850,#908,.T.);
#680=EDGE_CURVE('',#850,#851,#198,.T.);
#681=EDGE_CURVE('',#842,#851,#121,.T.);
#682=EDGE_CURVE('',#802,#834,#122,.T.);
#683=EDGE_CURVE('',#833,#803,#123,.T.);
#684=EDGE_CURVE('',#799,#840,#124,.T.);
#685=EDGE_CURVE('',#798,#841,#199,.T.);
#686=EDGE_CURVE('',#760,#802,#125,.T.);
#687=EDGE_CURVE('',#752,#800,#126,.T.);
#688=EDGE_CURVE('',#751,#799,#127,.T.);
#689=EDGE_CURVE('',#788,#817,#128,.T.);
#690=EDGE_CURVE('',#787,#818,#129,.T.);
#691=EDGE_CURVE('',#828,#788,#130,.T.);
#692=EDGE_CURVE('',#789,#827,#131,.T.);
#693=EDGE_CURVE('',#820,#781,#132,.T.);
#694=EDGE_CURVE('',#819,#782,#133,.T.);
#695=EDGE_CURVE('',#780,#826,#134,.T.);
#696=EDGE_CURVE('',#825,#781,#135,.T.);
#697=EDGE_CURVE('',#759,#792,#136,.T.);
#698=EDGE_CURVE('',#786,#758,#137,.T.);
#699=EDGE_CURVE('',#835,#792,#138,.T.);
#700=EDGE_CURVE('',#791,#836,#200,.T.);
#701=EDGE_CURVE('',#852,#755,#201,.T.);
#702=EDGE_CURVE('',#783,#852,#139,.T.);
#703=EDGE_CURVE('',#756,#757,#202,.T.);
#704=EDGE_CURVE('',#853,#850,#203,.F.);
#705=EDGE_CURVE('',#791,#853,#204,.F.);
#706=EDGE_CURVE('',#851,#790,#140,.T.);
#707=EDGE_CURVE('',#753,#784,#141,.T.);
#708=EDGE_CURVE('',#754,#852,#205,.T.);
#709=EDGE_CURVE('',#842,#779,#142,.T.);
#710=EDGE_CURVE('',#784,#838,#143,.T.);
#711=EDGE_CURVE('',#854,#839,#144,.T.);
#712=EDGE_CURVE('',#854,#785,#206,.T.);
#713=EDGE_CURVE('',#843,#785,#207,.F.);
#714=EDGE_CURVE('',#815,#807,#145,.T.);
#715=EDGE_CURVE('',#816,#808,#146,.T.);
#716=EDGE_CURVE('',#810,#821,#147,.T.);
#717=EDGE_CURVE('',#809,#822,#148,.T.);
#718=EDGE_CURVE('',#855,#855,#149,.T.);
#719=EDGE_CURVE('',#856,#856,#150,.T.);
#720=EDGE_CURVE('',#857,#857,#151,.T.);
#721=EDGE_CURVE('',#858,#858,#152,.T.);
#722=EDGE_CURVE('',#836,#853,#153,.T.);
#723=EDGE_CURVE('',#837,#850,#154,.T.);
#724=EDGE_CURVE('',#849,#833,#208,.T.);
#725=EDGE_CURVE('',#843,#854,#155,.T.);
#726=EDGE_CURVE('',#849,#804,#156,.T.);
#727=EDGE_CURVE('',#844,#839,#157,.T.);
#728=EDGE_CURVE('',#805,#848,#158,.T.);
#729=EDGE_CURVE('',#841,#845,#209,.T.);
#730=EDGE_CURVE('',#793,#847,#159,.T.);
#731=EDGE_CURVE('',#797,#845,#210,.F.);
#732=EDGE_CURVE('',#795,#846,#160,.T.);
#733=EDGE_CURVE('',#820,#825,#161,.T.);
#734=EDGE_CURVE('',#821,#823,#162,.T.);
#735=EDGE_CURVE('',#810,#823,#163,.T.);
#736=EDGE_CURVE('',#801,#824,#164,.T.);
#737=EDGE_CURVE('',#796,#832,#165,.T.);
#738=EDGE_CURVE('',#794,#831,#166,.T.);
#739=EDGE_CURVE('',#806,#830,#167,.T.);
#740=EDGE_CURVE('',#807,#829,#168,.T.);
#741=EDGE_CURVE('',#815,#829,#169,.T.);
#742=EDGE_CURVE('',#817,#828,#170,.T.);
#743=EDGE_CURVE('',#765,#816,#171,.T.);
#744=EDGE_CURVE('',#764,#818,#172,.T.);
#745=EDGE_CURVE('',#770,#819,#173,.T.);
#746=EDGE_CURVE('',#771,#822,#174,.T.);
#747=EDGE_CURVE('',#751,#840,#175,.T.);
#748=EDGE_CURVE('',#753,#838,#176,.T.);
#749=EDGE_CURVE('',#759,#835,#177,.T.);
#750=EDGE_CURVE('',#760,#834,#178,.T.);
#751=VERTEX_POINT('',#1833);
#752=VERTEX_POINT('',#1834);
#753=VERTEX_POINT('',#1836);
#754=VERTEX_POINT('',#1868);
#755=VERTEX_POINT('',#1870);
#756=VERTEX_POINT('',#1872);
#757=VERTEX_POINT('',#1874);
#758=VERTEX_POINT('',#1876);
#759=VERTEX_POINT('',#1992);
#760=VERTEX_POINT('',#1994);
#761=VERTEX_POINT('',#1997);
#762=VERTEX_POINT('',#1999);
#763=VERTEX_POINT('',#2001);
#764=VERTEX_POINT('',#2004);
#765=VERTEX_POINT('',#2005);
#766=VERTEX_POINT('',#2007);
#767=VERTEX_POINT('',#2012);
#768=VERTEX_POINT('',#2014);
#769=VERTEX_POINT('',#2019);
#770=VERTEX_POINT('',#2021);
#771=VERTEX_POINT('',#2023);
#772=VERTEX_POINT('',#2025);
#773=VERTEX_POINT('',#2027);
#774=VERTEX_POINT('',#2030);
#775=VERTEX_POINT('',#2032);
#776=VERTEX_POINT('',#2034);
#777=VERTEX_POINT('',#2036);
#778=VERTEX_POINT('',#2038);
#779=VERTEX_POINT('',#2048);
#780=VERTEX_POINT('',#2049);
#781=VERTEX_POINT('',#2054);
#782=VERTEX_POINT('',#2056);
#783=VERTEX_POINT('',#2070);
#784=VERTEX_POINT('',#2075);
#785=VERTEX_POINT('',#2077);
#786=VERTEX_POINT('',#2084);
#787=VERTEX_POINT('',#2105);
#788=VERTEX_POINT('',#2107);
#789=VERTEX_POINT('',#2112);
#790=VERTEX_POINT('',#2114);
#791=VERTEX_POINT('',#2119);
#792=VERTEX_POINT('',#2121);
#793=VERTEX_POINT('',#2131);
#794=VERTEX_POINT('',#2132);
#795=VERTEX_POINT('',#2134);
#796=VERTEX_POINT('',#2136);
#797=VERTEX_POINT('',#2140);
#798=VERTEX_POINT('',#2146);
#799=VERTEX_POINT('',#2148);
#800=VERTEX_POINT('',#2150);
#801=VERTEX_POINT('',#2152);
#802=VERTEX_POINT('',#2156);
#803=VERTEX_POINT('',#2157);
#804=VERTEX_POINT('',#2167);
#805=VERTEX_POINT('',#2169);
#806=VERTEX_POINT('',#2171);
#807=VERTEX_POINT('',#2173);
#808=VERTEX_POINT('',#2175);
#809=VERTEX_POINT('',#2186);
#810=VERTEX_POINT('',#2188);
#811=VERTEX_POINT('',#2196);
#812=VERTEX_POINT('',#2199);
#813=VERTEX_POINT('',#2202);
#814=VERTEX_POINT('',#2205);
#815=VERTEX_POINT('',#2209);
#816=VERTEX_POINT('',#2210);
#817=VERTEX_POINT('',#2212);
#818=VERTEX_POINT('',#2214);
#819=VERTEX_POINT('',#2218);
#820=VERTEX_POINT('',#2219);
#821=VERTEX_POINT('',#2221);
#822=VERTEX_POINT('',#2223);
#823=VERTEX_POINT('',#2227);
#824=VERTEX_POINT('',#2228);
#825=VERTEX_POINT('',#2230);
#826=VERTEX_POINT('',#2247);
#827=VERTEX_POINT('',#2249);
#828=VERTEX_POINT('',#2260);
#829=VERTEX_POINT('',#2262);
#830=VERTEX_POINT('',#2264);
#831=VERTEX_POINT('',#2266);
#832=VERTEX_POINT('',#2268);
#833=VERTEX_POINT('',#2272);
#834=VERTEX_POINT('',#2273);
#835=VERTEX_POINT('',#2275);
#836=VERTEX_POINT('',#2277);
#837=VERTEX_POINT('',#2282);
#838=VERTEX_POINT('',#2286);
#839=VERTEX_POINT('',#2287);
#840=VERTEX_POINT('',#2289);
#841=VERTEX_POINT('',#2291);
#842=VERTEX_POINT('',#2301);
#843=VERTEX_POINT('',#2302);
#844=VERTEX_POINT('',#2304);
#845=VERTEX_POINT('',#2306);
#846=VERTEX_POINT('',#2308);
#847=VERTEX_POINT('',#2310);
#848=VERTEX_POINT('',#2312);
#849=VERTEX_POINT('',#2314);
#850=VERTEX_POINT('',#2316);
#851=VERTEX_POINT('',#2327);
#852=VERTEX_POINT('',#2542);
#853=VERTEX_POINT('',#2576);
#854=VERTEX_POINT('',#2633);
#855=VERTEX_POINT('',#2700);
#856=VERTEX_POINT('',#2704);
#857=VERTEX_POINT('',#2708);
#858=VERTEX_POINT('',#2712);
#859=LINE('',#1832,#909);
#860=LINE('',#1835,#910);
#861=LINE('',#1993,#911);
#862=LINE('',#2003,#912);
#863=LINE('',#2022,#913);
#864=LINE('',#2047,#914);
#865=LINE('',#2055,#915);
#866=LINE('',#2069,#916);
#867=LINE('',#2076,#917);
#868=LINE('',#2083,#918);
#869=LINE('',#2106,#919);
#870=LINE('',#2113,#920);
#871=LINE('',#2120,#921);
#872=LINE('',#2130,#922);
#873=LINE('',#2135,#923);
#874=LINE('',#2139,#924);
#875=LINE('',#2147,#925);
#876=LINE('',#2149,#926);
#877=LINE('',#2151,#927);
#878=LINE('',#2153,#928);
#879=LINE('',#2155,#929);
#880=LINE('',#2170,#930);
#881=LINE('',#2174,#931);
#882=LINE('',#2187,#932);
#883=LINE('',#2192,#933);
#884=LINE('',#2193,#934);
#885=LINE('',#2208,#935);
#886=LINE('',#2211,#936);
#887=LINE('',#2213,#937);
#888=LINE('',#2215,#938);
#889=LINE('',#2217,#939);
#890=LINE('',#2220,#940);
#891=LINE('',#2222,#941);
#892=LINE('',#2224,#942);
#893=LINE('',#2229,#943);
#894=LINE('',#2261,#944);
#895=LINE('',#2265,#945);
#896=LINE('',#2269,#946);
#897=LINE('',#2271,#947);
#898=LINE('',#2274,#948);
#899=LINE('',#2276,#949);
#900=LINE('',#2283,#950);
#901=LINE('',#2285,#951);
#902=LINE('',#2288,#952);
#903=LINE('',#2290,#953);
#904=LINE('',#2292,#954);
#905=LINE('',#2305,#955);
#906=LINE('',#2307,#956);
#907=LINE('',#2311,#957);
#908=LINE('',#2315,#958);
#909=VECTOR('',#1448,1.);
#910=VECTOR('',#1449,1.);
#911=VECTOR('',#1458,1.);
#912=VECTOR('',#1469,1.);
#913=VECTOR('',#1476,1.);
#914=VECTOR('',#1493,1.);
#915=VECTOR('',#1494,1.);
#916=VECTOR('',#1495,1.);
#917=VECTOR('',#1496,1.);
#918=VECTOR('',#1499,1.);
#919=VECTOR('',#1502,1.);
#920=VECTOR('',#1503,1.);
#921=VECTOR('',#1504,1.);
#922=VECTOR('',#1513,1.);
#923=VECTOR('',#1516,1.);
#924=VECTOR('',#1521,1.);
#925=VECTOR('',#1522,1.);
#926=VECTOR('',#1523,1.);
#927=VECTOR('',#1524,1.);
#928=VECTOR('',#1525,1.);
#929=VECTOR('',#1528,1.);
#930=VECTOR('',#1531,1.);
#931=VECTOR('',#1534,1.);
#932=VECTOR('',#1535,1.);
#933=VECTOR('',#1542,1.);
#934=VECTOR('',#1543,1.);
#935=VECTOR('',#1564,1.);
#936=VECTOR('',#1565,1.);
#937=VECTOR('',#1566,1.);
#938=VECTOR('',#1567,1.);
#939=VECTOR('',#1570,1.);
#940=VECTOR('',#1571,1.);
#941=VECTOR('',#1572,1.);
#942=VECTOR('',#1573,1.);
#943=VECTOR('',#1578,1.);
#944=VECTOR('',#1581,1.);
#945=VECTOR('',#1584,1.);
#946=VECTOR('',#1587,1.);
#947=VECTOR('',#1590,1.);
#948=VECTOR('',#1591,1.);
#949=VECTOR('',#1592,1.);
#950=VECTOR('',#1593,1.);
#951=VECTOR('',#1596,1.);
#952=VECTOR('',#1597,1.);
#953=VECTOR('',#1598,1.);
#954=VECTOR('',#1599,1.);
#955=VECTOR('',#1604,1.);
#956=VECTOR('',#1605,1.);
#957=VECTOR('',#1608,1.);
#958=VECTOR('',#1611,1.);
#959=EDGE_LOOP('',(#211,#212,#213,#214,#215,#216,#217,#218,#219,#220));
#960=EDGE_LOOP('',(#221));
#961=EDGE_LOOP('',(#222));
#962=EDGE_LOOP('',(#223));
#963=EDGE_LOOP('',(#224,#225,#226,#227,#228,#229,#230,#231,#232,#233));
#964=EDGE_LOOP('',(#234));
#965=EDGE_LOOP('',(#235));
#966=EDGE_LOOP('',(#236));
#967=EDGE_LOOP('',(#237));
#968=EDGE_LOOP('',(#238));
#969=EDGE_LOOP('',(#239,#240,#241,#242,#243,#244,#245,#246,#247));
#970=EDGE_LOOP('',(#248,#249,#250,#251));
#971=EDGE_LOOP('',(#252,#253,#254,#255,#256,#257,#258,#259,#260));
#972=EDGE_LOOP('',(#261,#262,#263,#264));
#973=EDGE_LOOP('',(#265,#266,#267,#268));
#974=EDGE_LOOP('',(#269,#270,#271,#272,#273,#274,#275));
#975=EDGE_LOOP('',(#276,#277,#278,#279,#280,#281,#282,#283,#284,#285,#286,
#287,#288));
#976=EDGE_LOOP('',(#289,#290,#291,#292));
#977=EDGE_LOOP('',(#293));
#978=EDGE_LOOP('',(#294));
#979=EDGE_LOOP('',(#295));
#980=EDGE_LOOP('',(#296));
#981=EDGE_LOOP('',(#297));
#982=EDGE_LOOP('',(#298));
#983=EDGE_LOOP('',(#299));
#984=EDGE_LOOP('',(#300));
#985=EDGE_LOOP('',(#301));
#986=EDGE_LOOP('',(#302));
#987=EDGE_LOOP('',(#303,#304,#305,#306));
#988=EDGE_LOOP('',(#307,#308,#309,#310));
#989=EDGE_LOOP('',(#311,#312,#313,#314,#315,#316,#317,#318,#319,#320));
#990=EDGE_LOOP('',(#321,#322,#323,#324,#325));
#991=EDGE_LOOP('',(#326,#327,#328,#329));
#992=EDGE_LOOP('',(#330,#331,#332,#333,#334,#335,#336,#337,#338,#339));
#993=EDGE_LOOP('',(#340,#341,#342,#343));
#994=EDGE_LOOP('',(#344,#345,#346,#347));
#995=EDGE_LOOP('',(#348,#349,#350,#351));
#996=EDGE_LOOP('',(#352,#353,#354,#355));
#997=EDGE_LOOP('',(#356,#357,#358,#359));
#998=EDGE_LOOP('',(#360,#361,#362,#363));
#999=EDGE_LOOP('',(#364,#365,#366,#367));
#1000=EDGE_LOOP('',(#368,#369,#370,#371));
#1001=EDGE_LOOP('',(#372,#373,#374,#375));
#1002=EDGE_LOOP('',(#376,#377,#378,#379));
#1003=EDGE_LOOP('',(#380,#381,#382,#383));
#1004=EDGE_LOOP('',(#384,#385,#386,#387,#388,#389,#390));
#1005=EDGE_LOOP('',(#391,#392,#393,#394,#395));
#1006=EDGE_LOOP('',(#396,#397,#398,#399,#400));
#1007=EDGE_LOOP('',(#401,#402,#403,#404));
#1008=EDGE_LOOP('',(#405,#406,#407,#408,#409));
#1009=EDGE_LOOP('',(#410,#411,#412,#413));
#1010=EDGE_LOOP('',(#414,#415,#416,#417));
#1011=EDGE_LOOP('',(#418,#419,#420,#421));
#1012=EDGE_LOOP('',(#422));
#1013=EDGE_LOOP('',(#423));
#1014=EDGE_LOOP('',(#424));
#1015=EDGE_LOOP('',(#425,#426,#427));
#1016=EDGE_LOOP('',(#428));
#1017=EDGE_LOOP('',(#429));
#1018=EDGE_LOOP('',(#430));
#1019=EDGE_LOOP('',(#431,#432));
#1020=EDGE_LOOP('',(#433));
#1021=EDGE_LOOP('',(#434));
#1022=EDGE_LOOP('',(#435));
#1023=EDGE_LOOP('',(#436));
#1024=EDGE_LOOP('',(#437));
#1025=EDGE_LOOP('',(#438));
#1026=EDGE_LOOP('',(#439));
#1027=EDGE_LOOP('',(#440));
#1028=EDGE_LOOP('',(#441,#442,#443));
#1029=EDGE_LOOP('',(#444,#445,#446,#447));
#1030=EDGE_LOOP('',(#448,#449,#450,#451));
#1031=EDGE_LOOP('',(#452,#453,#454));
#1032=EDGE_LOOP('',(#455,#456,#457,#458));
#1033=EDGE_LOOP('',(#459,#460,#461,#462));
#1034=EDGE_LOOP('',(#463,#464,#465,#466));
#1035=EDGE_LOOP('',(#467,#468,#469,#470));
#1036=EDGE_LOOP('',(#471,#472,#473,#474));
#1037=EDGE_LOOP('',(#475,#476,#477,#478));
#1038=EDGE_LOOP('',(#479,#480,#481,#482));
#1039=EDGE_LOOP('',(#483,#484,#485,#486));
#1040=EDGE_LOOP('',(#487,#488,#489));
#1041=EDGE_LOOP('',(#490,#491,#492,#493));
#1042=EDGE_LOOP('',(#494,#495,#496));
#1043=EDGE_LOOP('',(#497,#498,#499,#500));
#1044=EDGE_LOOP('',(#501,#502,#503,#504));
#1045=EDGE_LOOP('',(#505,#506,#507,#508));
#1046=EDGE_LOOP('',(#509,#510,#511,#512));
#1047=EDGE_LOOP('',(#513,#514,#515,#516));
#1048=EDGE_LOOP('',(#517,#518,#519));
#1049=EDGE_LOOP('',(#520,#521,#522,#523));
#1050=EDGE_LOOP('',(#524,#525,#526));
#1051=EDGE_LOOP('',(#527,#528,#529,#530));
#1052=EDGE_LOOP('',(#531,#532,#533,#534));
#1053=EDGE_LOOP('',(#535,#536,#537,#538));
#1054=EDGE_LOOP('',(#539,#540,#541,#542));
#1055=EDGE_LOOP('',(#543,#544,#545,#546));
#1056=EDGE_LOOP('',(#547,#548,#549,#550));
#1057=EDGE_LOOP('',(#551,#552,#553));
#1058=EDGE_LOOP('',(#554,#555,#556,#557));
#1059=EDGE_LOOP('',(#558,#559,#560));
#1060=EDGE_LOOP('',(#561,#562,#563));
#1061=EDGE_LOOP('',(#564,#565,#566,#567));
#1062=EDGE_LOOP('',(#568,#569,#570));
#1063=FACE_BOUND('',#959,.T.);
#1064=FACE_BOUND('',#960,.T.);
#1065=FACE_BOUND('',#961,.T.);
#1066=FACE_BOUND('',#962,.T.);
#1067=FACE_BOUND('',#963,.T.);
#1068=FACE_BOUND('',#964,.T.);
#1069=FACE_BOUND('',#965,.T.);
#1070=FACE_BOUND('',#966,.T.);
#1071=FACE_BOUND('',#967,.T.);
#1072=FACE_BOUND('',#968,.T.);
#1073=FACE_BOUND('',#969,.T.);
#1074=FACE_BOUND('',#970,.T.);
#1075=FACE_BOUND('',#971,.T.);
#1076=FACE_BOUND('',#972,.T.);
#1077=FACE_BOUND('',#973,.T.);
#1078=FACE_BOUND('',#974,.T.);
#1079=FACE_BOUND('',#975,.T.);
#1080=FACE_BOUND('',#976,.T.);
#1081=FACE_BOUND('',#977,.T.);
#1082=FACE_BOUND('',#978,.T.);
#1083=FACE_BOUND('',#979,.T.);
#1084=FACE_BOUND('',#980,.T.);
#1085=FACE_BOUND('',#981,.T.);
#1086=FACE_BOUND('',#982,.T.);
#1087=FACE_BOUND('',#983,.T.);
#1088=FACE_BOUND('',#984,.T.);
#1089=FACE_BOUND('',#985,.T.);
#1090=FACE_BOUND('',#986,.T.);
#1091=FACE_BOUND('',#987,.T.);
#1092=FACE_BOUND('',#988,.T.);
#1093=FACE_BOUND('',#989,.T.);
#1094=FACE_BOUND('',#990,.T.);
#1095=FACE_BOUND('',#991,.T.);
#1096=FACE_BOUND('',#992,.T.);
#1097=FACE_BOUND('',#993,.T.);
#1098=FACE_BOUND('',#994,.T.);
#1099=FACE_BOUND('',#995,.T.);
#1100=FACE_BOUND('',#996,.T.);
#1101=FACE_BOUND('',#997,.T.);
#1102=FACE_BOUND('',#998,.T.);
#1103=FACE_BOUND('',#999,.T.);
#1104=FACE_BOUND('',#1000,.T.);
#1105=FACE_BOUND('',#1001,.T.);
#1106=FACE_BOUND('',#1002,.T.);
#1107=FACE_BOUND('',#1003,.T.);
#1108=FACE_BOUND('',#1004,.T.);
#1109=FACE_BOUND('',#1005,.T.);
#1110=FACE_BOUND('',#1006,.T.);
#1111=FACE_BOUND('',#1007,.T.);
#1112=FACE_BOUND('',#1008,.T.);
#1113=FACE_BOUND('',#1009,.T.);
#1114=FACE_BOUND('',#1010,.T.);
#1115=FACE_BOUND('',#1011,.T.);
#1116=FACE_BOUND('',#1012,.T.);
#1117=FACE_BOUND('',#1013,.T.);
#1118=FACE_BOUND('',#1014,.T.);
#1119=FACE_BOUND('',#1015,.T.);
#1120=FACE_BOUND('',#1016,.T.);
#1121=FACE_BOUND('',#1017,.T.);
#1122=FACE_BOUND('',#1018,.T.);
#1123=FACE_BOUND('',#1019,.T.);
#1124=FACE_BOUND('',#1020,.T.);
#1125=FACE_BOUND('',#1021,.T.);
#1126=FACE_BOUND('',#1022,.T.);
#1127=FACE_BOUND('',#1023,.T.);
#1128=FACE_BOUND('',#1024,.T.);
#1129=FACE_BOUND('',#1025,.T.);
#1130=FACE_BOUND('',#1026,.T.);
#1131=FACE_BOUND('',#1027,.T.);
#1132=FACE_BOUND('',#1028,.T.);
#1133=FACE_BOUND('',#1029,.T.);
#1134=FACE_BOUND('',#1030,.T.);
#1135=FACE_BOUND('',#1031,.T.);
#1136=FACE_BOUND('',#1032,.T.);
#1137=FACE_BOUND('',#1033,.T.);
#1138=FACE_BOUND('',#1034,.T.);
#1139=FACE_BOUND('',#1035,.T.);
#1140=FACE_BOUND('',#1036,.T.);
#1141=FACE_BOUND('',#1037,.T.);
#1142=FACE_BOUND('',#1038,.T.);
#1143=FACE_BOUND('',#1039,.T.);
#1144=FACE_BOUND('',#1040,.T.);
#1145=FACE_BOUND('',#1041,.T.);
#1146=FACE_BOUND('',#1042,.T.);
#1147=FACE_BOUND('',#1043,.T.);
#1148=FACE_BOUND('',#1044,.T.);
#1149=FACE_BOUND('',#1045,.T.);
#1150=FACE_BOUND('',#1046,.T.);
#1151=FACE_BOUND('',#1047,.T.);
#1152=FACE_BOUND('',#1048,.T.);
#1153=FACE_BOUND('',#1049,.T.);
#1154=FACE_BOUND('',#1050,.T.);
#1155=FACE_BOUND('',#1051,.T.);
#1156=FACE_BOUND('',#1052,.T.);
#1157=FACE_BOUND('',#1053,.T.);
#1158=FACE_BOUND('',#1054,.T.);
#1159=FACE_BOUND('',#1055,.T.);
#1160=FACE_BOUND('',#1056,.T.);
#1161=FACE_BOUND('',#1057,.T.);
#1162=FACE_BOUND('',#1058,.T.);
#1163=FACE_BOUND('',#1059,.T.);
#1164=FACE_BOUND('',#1060,.T.);
#1165=FACE_BOUND('',#1061,.T.);
#1166=FACE_BOUND('',#1062,.T.);
#1167=PLANE('',#1277);
#1168=PLANE('',#1286);
#1169=PLANE('',#1306);
#1170=PLANE('',#1312);
#1171=PLANE('',#1322);
#1172=PLANE('',#1323);
#1173=PLANE('',#1324);
#1174=PLANE('',#1329);
#1175=PLANE('',#1330);
#1176=PLANE('',#1331);
#1177=PLANE('',#1376);
#1178=PLANE('',#1379);
#1179=PLANE('',#1382);
#1180=PLANE('',#1385);
#1181=ADVANCED_FACE('',(#1063,#1064,#1065,#1066),#1167,.F.);
#1182=ADVANCED_FACE('',(#1067,#1068,#1069,#1070,#1071,#1072),#1168,.T.);
#1183=ADVANCED_FACE('',(#1073),#79,.F.);
#1184=ADVANCED_FACE('',(#1074),#45,.T.);
#1185=ADVANCED_FACE('',(#1075),#80,.F.);
#1186=ADVANCED_FACE('',(#1076),#46,.T.);
#1187=ADVANCED_FACE('',(#1077),#47,.F.);
#1188=ADVANCED_FACE('',(#1078),#1169,.T.);
#1189=ADVANCED_FACE('',(#1079),#48,.F.);
#1190=ADVANCED_FACE('',(#1080),#1170,.T.);
#1191=ADVANCED_FACE('',(#1081,#1082),#49,.F.);
#1192=ADVANCED_FACE('',(#1083,#1084),#50,.F.);
#1193=ADVANCED_FACE('',(#1085,#1086),#51,.F.);
#1194=ADVANCED_FACE('',(#1087,#1088),#52,.F.);
#1195=ADVANCED_FACE('',(#1089,#1090),#53,.F.);
#1196=ADVANCED_FACE('',(#1091),#1171,.F.);
#1197=ADVANCED_FACE('',(#1092),#1172,.F.);
#1198=ADVANCED_FACE('',(#1093),#1173,.T.);
#1199=ADVANCED_FACE('',(#1094),#1174,.F.);
#1200=ADVANCED_FACE('',(#1095),#1175,.F.);
#1201=ADVANCED_FACE('',(#1096),#1176,.F.);
#1202=ADVANCED_FACE('',(#1097),#54,.T.);
#1203=ADVANCED_FACE('',(#1098),#55,.T.);
#1204=ADVANCED_FACE('',(#1099),#30,.T.);
#1205=ADVANCED_FACE('',(#1100),#56,.T.);
#1206=ADVANCED_FACE('',(#1101),#57,.T.);
#1207=ADVANCED_FACE('',(#1102),#20,.T.);
#1208=ADVANCED_FACE('',(#1103),#58,.T.);
#1209=ADVANCED_FACE('',(#1104),#31,.T.);
#1210=ADVANCED_FACE('',(#1105),#21,.T.);
#1211=ADVANCED_FACE('',(#1106),#22,.T.);
#1212=ADVANCED_FACE('',(#1107),#59,.T.);
#1213=ADVANCED_FACE('',(#1108),#32,.T.);
#1214=ADVANCED_FACE('',(#1109),#23,.T.);
#1215=ADVANCED_FACE('',(#1110),#24,.T.);
#1216=ADVANCED_FACE('',(#1111),#33,.T.);
#1217=ADVANCED_FACE('',(#1112),#60,.T.);
#1218=ADVANCED_FACE('',(#1113),#25,.T.);
#1219=ADVANCED_FACE('',(#1114),#61,.T.);
#1220=ADVANCED_FACE('',(#1115),#62,.T.);
#1221=ADVANCED_FACE('',(#1116,#1117),#1177,.F.);
#1222=ADVANCED_FACE('',(#1118,#1119),#63,.F.);
#1223=ADVANCED_FACE('',(#1120,#1121),#1178,.F.);
#1224=ADVANCED_FACE('',(#1122,#1123),#64,.F.);
#1225=ADVANCED_FACE('',(#1124,#1125),#1179,.F.);
#1226=ADVANCED_FACE('',(#1126,#1127),#65,.F.);
#1227=ADVANCED_FACE('',(#1128,#1129),#1180,.F.);
#1228=ADVANCED_FACE('',(#1130,#1131),#66,.F.);
#1229=ADVANCED_FACE('',(#1132),#26,.F.);
#1230=ADVANCED_FACE('',(#1133),#27,.F.);
#1231=ADVANCED_FACE('',(#1134),#67,.F.);
#1232=ADVANCED_FACE('',(#1135),#28,.F.);
#1233=ADVANCED_FACE('',(#1136),#29,.T.);
#1234=ADVANCED_FACE('',(#1137),#34,.F.);
#1235=ADVANCED_FACE('',(#1138),#35,.T.);
#1236=ADVANCED_FACE('',(#1139),#68,.F.);
#1237=ADVANCED_FACE('',(#1140),#69,.T.);
#1238=ADVANCED_FACE('',(#1141),#81,.T.);
#1239=ADVANCED_FACE('',(#1142),#36,.T.);
#1240=ADVANCED_FACE('',(#1143),#70,.T.);
#1241=ADVANCED_FACE('',(#1144),#12,.T.);
#1242=ADVANCED_FACE('',(#1145),#71,.T.);
#1243=ADVANCED_FACE('',(#1146),#13,.T.);
#1244=ADVANCED_FACE('',(#1147),#37,.T.);
#1245=ADVANCED_FACE('',(#1148),#72,.T.);
#1246=ADVANCED_FACE('',(#1149),#38,.T.);
#1247=ADVANCED_FACE('',(#1150),#73,.T.);
#1248=ADVANCED_FACE('',(#1151),#39,.T.);
#1249=ADVANCED_FACE('',(#1152),#14,.T.);
#1250=ADVANCED_FACE('',(#1153),#74,.T.);
#1251=ADVANCED_FACE('',(#1154),#15,.T.);
#1252=ADVANCED_FACE('',(#1155),#40,.F.);
#1253=ADVANCED_FACE('',(#1156),#75,.F.);
#1254=ADVANCED_FACE('',(#1157),#41,.F.);
#1255=ADVANCED_FACE('',(#1158),#42,.F.);
#1256=ADVANCED_FACE('',(#1159),#76,.F.);
#1257=ADVANCED_FACE('',(#1160),#43,.F.);
#1258=ADVANCED_FACE('',(#1161),#16,.T.);
#1259=ADVANCED_FACE('',(#1162),#77,.T.);
#1260=ADVANCED_FACE('',(#1163),#17,.T.);
#1261=ADVANCED_FACE('',(#1164),#18,.T.);
#1262=ADVANCED_FACE('',(#1165),#78,.T.);
#1263=ADVANCED_FACE('',(#1166),#19,.T.);
#1264=CLOSED_SHELL('',(#1181,#1182,#1183,#1184,#1185,#1186,#1187,#1188,
#1189,#1190,#1191,#1192,#1193,#1194,#1195,#1196,#1197,#1198,#1199,#1200,
#1201,#1202,#1203,#1204,#1205,#1206,#1207,#1208,#1209,#1210,#1211,#1212,
#1213,#1214,#1215,#1216,#1217,#1218,#1219,#1220,#1221,#1222,#1223,#1224,
#1225,#1226,#1227,#1228,#1229,#1230,#1231,#1232,#1233,#1234,#1235,#1236,
#1237,#1238,#1239,#1240,#1241,#1242,#1243,#1244,#1245,#1246,#1247,#1248,
#1249,#1250,#1251,#1252,#1253,#1254,#1255,#1256,#1257,#1258,#1259,#1260,
#1261,#1262,#1263));
#1265=STYLED_ITEM('',(#1266),#1273);
#1266=PRESENTATION_STYLE_ASSIGNMENT((#1267));
#1267=SURFACE_STYLE_USAGE(.BOTH.,#1268);
#1268=SURFACE_SIDE_STYLE('',(#1269));
#1269=SURFACE_STYLE_FILL_AREA(#1270);
#1270=FILL_AREA_STYLE('',(#1271));
#1271=FILL_AREA_STYLE_COLOUR('',#1272);
#1272=COLOUR_RGB('',0.627450980392157,0.627450980392157,0.627450980392157);
#1273=MANIFOLD_SOLID_BREP('right',#1264);
#1274=SHAPE_DEFINITION_REPRESENTATION(#2993,#1275);
#1275=SHAPE_REPRESENTATION('right',(#1276),#2988);
#1276=AXIS2_PLACEMENT_3D('',#1830,#1444,#1445);
#1277=AXIS2_PLACEMENT_3D('',#1831,#1446,#1447);
#1278=AXIS2_PLACEMENT_3D('',#1869,#1450,#1451);
#1279=AXIS2_PLACEMENT_3D('',#1871,#1452,#1453);
#1280=AXIS2_PLACEMENT_3D('',#1873,#1454,#1455);
#1281=AXIS2_PLACEMENT_3D('',#1875,#1456,#1457);
#1282=AXIS2_PLACEMENT_3D('',#1995,#1459,#1460);
#1283=AXIS2_PLACEMENT_3D('',#1996,#1461,#1462);
#1284=AXIS2_PLACEMENT_3D('',#1998,#1463,#1464);
#1285=AXIS2_PLACEMENT_3D('',#2000,#1465,#1466);
#1286=AXIS2_PLACEMENT_3D('',#2002,#1467,#1468);
#1287=AXIS2_PLACEMENT_3D('',#2006,#1470,#1471);
#1288=AXIS2_PLACEMENT_3D('',#2013,#1472,#1473);
#1289=AXIS2_PLACEMENT_3D('',#2020,#1474,#1475);
#1290=AXIS2_PLACEMENT_3D('',#2024,#1477,#1478);
#1291=AXIS2_PLACEMENT_3D('',#2026,#1479,#1480);
#1292=AXIS2_PLACEMENT_3D('',#2028,#1481,#1482);
#1293=AXIS2_PLACEMENT_3D('',#2029,#1483,#1484);
#1294=AXIS2_PLACEMENT_3D('',#2031,#1485,#1486);
#1295=AXIS2_PLACEMENT_3D('',#2033,#1487,#1488);
#1296=AXIS2_PLACEMENT_3D('',#2035,#1489,#1490);
#1297=AXIS2_PLACEMENT_3D('',#2037,#1491,#1492);
#1298=AXIS2_PLACEMENT_3D('',#2082,#1497,#1498);
#1299=AXIS2_PLACEMENT_3D('',#2085,#1500,#1501);
#1300=AXIS2_PLACEMENT_3D('',#2126,#1505,#1506);
#1301=AXIS2_PLACEMENT_3D('',#2127,#1507,#1508);
#1302=AXIS2_PLACEMENT_3D('',#2128,#1509,#1510);
#1303=AXIS2_PLACEMENT_3D('',#2129,#1511,#1512);
#1304=AXIS2_PLACEMENT_3D('',#2133,#1514,#1515);
#1305=AXIS2_PLACEMENT_3D('',#2137,#1517,#1518);
#1306=AXIS2_PLACEMENT_3D('',#2138,#1519,#1520);
#1307=AXIS2_PLACEMENT_3D('',#2154,#1526,#1527);
#1308=AXIS2_PLACEMENT_3D('',#2168,#1529,#1530);
#1309=AXIS2_PLACEMENT_3D('',#2172,#1532,#1533);
#1310=AXIS2_PLACEMENT_3D('',#2189,#1536,#1537);
#1311=AXIS2_PLACEMENT_3D('',#2190,#1538,#1539);
#1312=AXIS2_PLACEMENT_3D('',#2191,#1540,#1541);
#1313=AXIS2_PLACEMENT_3D('',#2194,#1544,#1545);
#1314=AXIS2_PLACEMENT_3D('',#2195,#1546,#1547);
#1315=AXIS2_PLACEMENT_3D('',#2197,#1548,#1549);
#1316=AXIS2_PLACEMENT_3D('',#2198,#1550,#1551);
#1317=AXIS2_PLACEMENT_3D('',#2200,#1552,#1553);
#1318=AXIS2_PLACEMENT_3D('',#2201,#1554,#1555);
#1319=AXIS2_PLACEMENT_3D('',#2203,#1556,#1557);
#1320=AXIS2_PLACEMENT_3D('',#2204,#1558,#1559);
#1321=AXIS2_PLACEMENT_3D('',#2206,#1560,#1561);
#1322=AXIS2_PLACEMENT_3D('',#2207,#1562,#1563);
#1323=AXIS2_PLACEMENT_3D('',#2216,#1568,#1569);
#1324=AXIS2_PLACEMENT_3D('',#2225,#1574,#1575);
#1325=AXIS2_PLACEMENT_3D('',#2226,#1576,#1577);
#1326=AXIS2_PLACEMENT_3D('',#2248,#1579,#1580);
#1327=AXIS2_PLACEMENT_3D('',#2263,#1582,#1583);
#1328=AXIS2_PLACEMENT_3D('',#2267,#1585,#1586);
#1329=AXIS2_PLACEMENT_3D('',#2270,#1588,#1589);
#1330=AXIS2_PLACEMENT_3D('',#2284,#1594,#1595);
#1331=AXIS2_PLACEMENT_3D('',#2293,#1600,#1601);
#1332=AXIS2_PLACEMENT_3D('',#2303,#1602,#1603);
#1333=AXIS2_PLACEMENT_3D('',#2309,#1606,#1607);
#1334=AXIS2_PLACEMENT_3D('',#2313,#1609,#1610);
#1335=AXIS2_PLACEMENT_3D('',#2328,#1612,#1613);
#1336=AXIS2_PLACEMENT_3D('',#2329,#1614,#1615);
#1337=AXIS2_PLACEMENT_3D('',#2330,#1616,#1617);
#1338=AXIS2_PLACEMENT_3D('',#2331,#1618,#1619);
#1339=AXIS2_PLACEMENT_3D('',#2332,#1620,#1621);
#1340=AXIS2_PLACEMENT_3D('',#2333,#1622,#1623);
#1341=AXIS2_PLACEMENT_3D('',#2339,#1624,#1625);
#1342=AXIS2_PLACEMENT_3D('',#2340,#1626,#1627);
#1343=AXIS2_PLACEMENT_3D('',#2341,#1628,#1629);
#1344=AXIS2_PLACEMENT_3D('',#2342,#1630,#1631);
#1345=AXIS2_PLACEMENT_3D('',#2343,#1632,#1633);
#1346=AXIS2_PLACEMENT_3D('',#2344,#1634,#1635);
#1347=AXIS2_PLACEMENT_3D('',#2345,#1636,#1637);
#1348=AXIS2_PLACEMENT_3D('',#2346,#1638,#1639);
#1349=AXIS2_PLACEMENT_3D('',#2365,#1640,#1641);
#1350=AXIS2_PLACEMENT_3D('',#2366,#1642,#1643);
#1351=AXIS2_PLACEMENT_3D('',#2367,#1644,#1645);
#1352=AXIS2_PLACEMENT_3D('',#2368,#1646,#1647);
#1353=AXIS2_PLACEMENT_3D('',#2369,#1648,#1649);
#1354=AXIS2_PLACEMENT_3D('',#2370,#1650,#1651);
#1355=AXIS2_PLACEMENT_3D('',#2371,#1652,#1653);
#1356=AXIS2_PLACEMENT_3D('',#2397,#1654,#1655);
#1357=AXIS2_PLACEMENT_3D('',#2513,#1656,#1657);
#1358=AXIS2_PLACEMENT_3D('',#2514,#1658,#1659);
#1359=AXIS2_PLACEMENT_3D('',#2515,#1660,#1661);
#1360=AXIS2_PLACEMENT_3D('',#2516,#1662,#1663);
#1361=AXIS2_PLACEMENT_3D('',#2537,#1664,#1665);
#1362=AXIS2_PLACEMENT_3D('',#2543,#1666,#1667);
#1363=AXIS2_PLACEMENT_3D('',#2595,#1668,#1669);
#1364=AXIS2_PLACEMENT_3D('',#2620,#1670,#1671);
#1365=AXIS2_PLACEMENT_3D('',#2628,#1672,#1673);
#1366=AXIS2_PLACEMENT_3D('',#2629,#1674,#1675);
#1367=AXIS2_PLACEMENT_3D('',#2630,#1676,#1677);
#1368=AXIS2_PLACEMENT_3D('',#2631,#1678,#1679);
#1369=AXIS2_PLACEMENT_3D('',#2632,#1680,#1681);
#1370=AXIS2_PLACEMENT_3D('',#2692,#1682,#1683);
#1371=AXIS2_PLACEMENT_3D('',#2693,#1684,#1685);
#1372=AXIS2_PLACEMENT_3D('',#2694,#1686,#1687);
#1373=AXIS2_PLACEMENT_3D('',#2695,#1688,#1689);
#1374=AXIS2_PLACEMENT_3D('',#2696,#1690,#1691);
#1375=AXIS2_PLACEMENT_3D('',#2697,#1692,#1693);
#1376=AXIS2_PLACEMENT_3D('',#2698,#1694,#1695);
#1377=AXIS2_PLACEMENT_3D('',#2699,#1696,#1697);
#1378=AXIS2_PLACEMENT_3D('',#2701,#1698,#1699);
#1379=AXIS2_PLACEMENT_3D('',#2702,#1700,#1701);
#1380=AXIS2_PLACEMENT_3D('',#2703,#1702,#1703);
#1381=AXIS2_PLACEMENT_3D('',#2705,#1704,#1705);
#1382=AXIS2_PLACEMENT_3D('',#2706,#1706,#1707);
#1383=AXIS2_PLACEMENT_3D('',#2707,#1708,#1709);
#1384=AXIS2_PLACEMENT_3D('',#2709,#1710,#1711);
#1385=AXIS2_PLACEMENT_3D('',#2710,#1712,#1713);
#1386=AXIS2_PLACEMENT_3D('',#2711,#1714,#1715);
#1387=AXIS2_PLACEMENT_3D('',#2713,#1716,#1717);
#1388=AXIS2_PLACEMENT_3D('',#2750,#1718,#1719);
#1389=AXIS2_PLACEMENT_3D('',#2763,#1720,#1721);
#1390=AXIS2_PLACEMENT_3D('',#2764,#1722,#1723);
#1391=AXIS2_PLACEMENT_3D('',#2834,#1724,#1725);
#1392=AXIS2_PLACEMENT_3D('',#2883,#1726,#1727);
#1393=AXIS2_PLACEMENT_3D('',#2884,#1728,#1729);
#1394=AXIS2_PLACEMENT_3D('',#2885,#1730,#1731);
#1395=AXIS2_PLACEMENT_3D('',#2886,#1732,#1733);
#1396=AXIS2_PLACEMENT_3D('',#2887,#1734,#1735);
#1397=AXIS2_PLACEMENT_3D('',#2888,#1736,#1737);
#1398=AXIS2_PLACEMENT_3D('',#2900,#1738,#1739);
#1399=AXIS2_PLACEMENT_3D('',#2901,#1740,#1741);
#1400=AXIS2_PLACEMENT_3D('',#2943,#1742,#1743);
#1401=AXIS2_PLACEMENT_3D('',#2944,#1744,#1745);
#1402=AXIS2_PLACEMENT_3D('',#2945,#1746,#1747);
#1403=AXIS2_PLACEMENT_3D('',#2946,#1748,#1749);
#1404=AXIS2_PLACEMENT_3D('',#2947,#1750,#1751);
#1405=AXIS2_PLACEMENT_3D('',#2948,#1752,#1753);
#1406=AXIS2_PLACEMENT_3D('',#2949,#1754,#1755);
#1407=AXIS2_PLACEMENT_3D('',#2950,#1756,#1757);
#1408=AXIS2_PLACEMENT_3D('',#2951,#1758,#1759);
#1409=AXIS2_PLACEMENT_3D('',#2952,#1760,#1761);
#1410=AXIS2_PLACEMENT_3D('',#2953,#1762,#1763);
#1411=AXIS2_PLACEMENT_3D('',#2954,#1764,#1765);
#1412=AXIS2_PLACEMENT_3D('',#2955,#1766,#1767);
#1413=AXIS2_PLACEMENT_3D('',#2956,#1768,#1769);
#1414=AXIS2_PLACEMENT_3D('',#2957,#1770,#1771);
#1415=AXIS2_PLACEMENT_3D('',#2958,#1772,#1773);
#1416=AXIS2_PLACEMENT_3D('',#2959,#1774,#1775);
#1417=AXIS2_PLACEMENT_3D('',#2960,#1776,#1777);
#1418=AXIS2_PLACEMENT_3D('',#2961,#1778,#1779);
#1419=AXIS2_PLACEMENT_3D('',#2962,#1780,#1781);
#1420=AXIS2_PLACEMENT_3D('',#2963,#1782,#1783);
#1421=AXIS2_PLACEMENT_3D('',#2964,#1784,#1785);
#1422=AXIS2_PLACEMENT_3D('',#2965,#1786,#1787);
#1423=AXIS2_PLACEMENT_3D('',#2966,#1788,#1789);
#1424=AXIS2_PLACEMENT_3D('',#2967,#1790,#1791);
#1425=AXIS2_PLACEMENT_3D('',#2968,#1792,#1793);
#1426=AXIS2_PLACEMENT_3D('',#2969,#1794,#1795);
#1427=AXIS2_PLACEMENT_3D('',#2970,#1796,#1797);
#1428=AXIS2_PLACEMENT_3D('',#2971,#1798,#1799);
#1429=AXIS2_PLACEMENT_3D('',#2972,#1800,#1801);
#1430=AXIS2_PLACEMENT_3D('',#2973,#1802,#1803);
#1431=AXIS2_PLACEMENT_3D('',#2974,#1804,#1805);
#1432=AXIS2_PLACEMENT_3D('',#2975,#1806,#1807);
#1433=AXIS2_PLACEMENT_3D('',#2976,#1808,#1809);
#1434=AXIS2_PLACEMENT_3D('',#2977,#1810,#1811);
#1435=AXIS2_PLACEMENT_3D('',#2978,#1812,#1813);
#1436=AXIS2_PLACEMENT_3D('',#2979,#1814,#1815);
#1437=AXIS2_PLACEMENT_3D('',#2980,#1816,#1817);
#1438=AXIS2_PLACEMENT_3D('',#2981,#1818,#1819);
#1439=AXIS2_PLACEMENT_3D('',#2982,#1820,#1821);
#1440=AXIS2_PLACEMENT_3D('',#2983,#1822,#1823);
#1441=AXIS2_PLACEMENT_3D('',#2984,#1824,#1825);
#1442=AXIS2_PLACEMENT_3D('',#2985,#1826,#1827);
#1443=AXIS2_PLACEMENT_3D('',#2986,#1828,#1829);
#1444=DIRECTION('',(0.,0.,1.));
#1445=DIRECTION('',(1.,0.,0.));
#1446=DIRECTION('',(0.,0.,-1.));
#1447=DIRECTION('',(-1.,0.,0.));
#1448=DIRECTION('',(0.437465718849307,0.899235088745796,0.));
#1449=DIRECTION('',(-0.856941188508211,0.515414201820376,0.));
#1450=DIRECTION('',(0.,0.,1.));
#1451=DIRECTION('',(1.,0.,0.));
#1452=DIRECTION('',(0.,0.,-1.));
#1453=DIRECTION('',(-1.,0.,0.));
#1454=DIRECTION('',(0.,0.,1.));
#1455=DIRECTION('',(1.,0.,0.));
#1456=DIRECTION('',(0.,0.,-1.));
#1457=DIRECTION('',(-1.,0.,0.));
#1458=DIRECTION('',(-0.639717653757552,0.768609994386576,0.));
#1459=DIRECTION('',(0.,0.,-1.));
#1460=DIRECTION('',(-1.,0.,0.));
#1461=DIRECTION('',(0.,0.,1.));
#1462=DIRECTION('',(1.,0.,0.));
#1463=DIRECTION('',(0.,0.,1.));
#1464=DIRECTION('',(1.,0.,0.));
#1465=DIRECTION('',(0.,0.,1.));
#1466=DIRECTION('',(1.,0.,0.));
#1467=DIRECTION('',(0.,0.,-1.));
#1468=DIRECTION('',(-1.,0.,0.));
#1469=DIRECTION('',(0.639717653757568,-0.768609994386563,0.));
#1470=DIRECTION('',(0.,0.,-1.));
#1471=DIRECTION('',(-1.,0.,0.));
#1472=DIRECTION('',(0.,0.,1.));
#1473=DIRECTION('',(1.,0.,0.));
#1474=DIRECTION('',(0.,0.,-1.));
#1475=DIRECTION('',(-1.,0.,0.));
#1476=DIRECTION('',(0.856941188508185,-0.515414201820419,0.));
#1477=DIRECTION('',(0.,0.,-1.));
#1478=DIRECTION('',(-1.,0.,0.));
#1479=DIRECTION('',(0.,0.,1.));
#1480=DIRECTION('',(1.,0.,0.));
#1481=DIRECTION('',(0.,0.,-1.));
#1482=DIRECTION('',(-1.,0.,0.));
#1483=DIRECTION('',(0.,0.,1.));
#1484=DIRECTION('',(1.,0.,0.));
#1485=DIRECTION('',(0.,0.,1.));
#1486=DIRECTION('',(1.,0.,0.));
#1487=DIRECTION('',(0.,0.,1.));
#1488=DIRECTION('',(1.,0.,0.));
#1489=DIRECTION('',(0.,0.,1.));
#1490=DIRECTION('',(1.,0.,0.));
#1491=DIRECTION('',(0.,0.,1.));
#1492=DIRECTION('',(1.,0.,0.));
#1493=DIRECTION('',(0.,0.,-1.));
#1494=DIRECTION('',(0.,0.,-1.));
#1495=DIRECTION('',(0.,0.,-1.));
#1496=DIRECTION('',(0.,0.,-1.));
#1497=DIRECTION('',(0.,0.,-1.));
#1498=DIRECTION('',(0.788786251170883,0.614667593064564,0.));
#1499=DIRECTION('',(0.,0.,-1.));
#1500=DIRECTION('',(0.,0.,-1.));
#1501=DIRECTION('',(-1.,0.,0.));
#1502=DIRECTION('',(0.,0.,-1.));
#1503=DIRECTION('',(0.,0.,-1.));
#1504=DIRECTION('',(0.,0.,-1.));
#1505=DIRECTION('',(0.,0.,-1.));
#1506=DIRECTION('',(-1.,0.,0.));
#1507=DIRECTION('',(0.,0.,-1.));
#1508=DIRECTION('',(-1.,0.,0.));
#1509=DIRECTION('',(0.,0.,-1.));
#1510=DIRECTION('',(-1.,0.,0.));
#1511=DIRECTION('',(0.,0.,-1.));
#1512=DIRECTION('',(-1.,0.,0.));
#1513=DIRECTION('',(0.,0.,-1.));
#1514=DIRECTION('',(0.,0.,-1.));
#1515=DIRECTION('',(-1.,0.,0.));
#1516=DIRECTION('',(0.,0.,-1.));
#1517=DIRECTION('',(0.,0.,-1.));
#1518=DIRECTION('',(-1.,0.,0.));
#1519=DIRECTION('',(-0.899235088745796,0.437465718849306,0.));
#1520=DIRECTION('',(0.,0.,1.));
#1521=DIRECTION('',(-0.437465718849306,-0.899235088745796,0.));
#1522=DIRECTION('',(0.,0.,-1.));
#1523=DIRECTION('',(0.437465718849309,0.899235088745795,0.));
#1524=DIRECTION('',(0.,0.,-1.));
#1525=DIRECTION('',(0.437465718849306,0.899235088745796,0.));
#1526=DIRECTION('',(0.,0.,-1.));
#1527=DIRECTION('',(0.437465718849306,0.899235088745796,0.));
#1528=DIRECTION('',(0.,0.,-1.));
#1529=DIRECTION('',(0.,0.,-1.));
#1530=DIRECTION('',(-1.,0.,0.));
#1531=DIRECTION('',(0.,0.,-1.));
#1532=DIRECTION('',(0.,0.,-1.));
#1533=DIRECTION('',(-1.,0.,0.));
#1534=DIRECTION('',(0.,0.,-1.));
#1535=DIRECTION('',(0.,0.,-1.));
#1536=DIRECTION('',(0.,0.,-1.));
#1537=DIRECTION('',(-1.,0.,0.));
#1538=DIRECTION('',(0.,0.,-1.));
#1539=DIRECTION('',(-1.,0.,0.));
#1540=DIRECTION('',(0.899235088745796,-0.437465718849306,0.));
#1541=DIRECTION('',(0.,0.,-1.));
#1542=DIRECTION('',(-0.437465718849306,-0.899235088745796,0.));
#1543=DIRECTION('',(0.437465718849306,0.899235088745796,0.));
#1544=DIRECTION('',(0.,0.,-1.));
#1545=DIRECTION('',(-1.,0.,0.));
#1546=DIRECTION('',(0.,0.,-1.));
#1547=DIRECTION('',(-1.,0.,0.));
#1548=DIRECTION('',(0.,0.,-1.));
#1549=DIRECTION('',(-1.,0.,0.));
#1550=DIRECTION('',(0.,0.,-1.));
#1551=DIRECTION('',(-1.,0.,0.));
#1552=DIRECTION('',(0.,0.,-1.));
#1553=DIRECTION('',(-1.,0.,0.));
#1554=DIRECTION('',(0.,0.,-1.));
#1555=DIRECTION('',(-1.,0.,0.));
#1556=DIRECTION('',(0.,0.,-1.));
#1557=DIRECTION('',(-1.,0.,0.));
#1558=DIRECTION('',(0.,0.,-1.));
#1559=DIRECTION('',(-1.,0.,0.));
#1560=DIRECTION('',(0.,0.,-1.));
#1561=DIRECTION('',(-1.,0.,0.));
#1562=DIRECTION('',(-0.768609994386564,-0.639717653757567,0.));
#1563=DIRECTION('',(0.,0.,1.));
#1564=DIRECTION('',(0.,0.,1.));
#1565=DIRECTION('',(0.639717653757568,-0.768609994386563,0.));
#1566=DIRECTION('',(0.,0.,-1.));
#1567=DIRECTION('',(0.639717653757567,-0.768609994386564,0.));
#1568=DIRECTION('',(-0.515414201820419,-0.856941188508185,0.));
#1569=DIRECTION('',(0.,0.,1.));
#1570=DIRECTION('',(0.,0.,-1.));
#1571=DIRECTION('',(0.856941188508185,-0.515414201820419,0.));
#1572=DIRECTION('',(0.,0.,1.));
#1573=DIRECTION('',(0.856941188508185,-0.515414201820419,0.));
#1574=DIRECTION('',(0.,0.,-1.));
#1575=DIRECTION('',(-1.,0.,0.));
#1576=DIRECTION('',(0.,0.,-1.));
#1577=DIRECTION('',(-1.,0.,0.));
#1578=DIRECTION('',(0.856941188508186,-0.515414201820418,0.));
#1579=DIRECTION('',(0.,0.,-1.));
#1580=DIRECTION('',(-1.,0.,0.));
#1581=DIRECTION('',(0.639717653757568,-0.768609994386563,0.));
#1582=DIRECTION('',(0.,0.,-1.));
#1583=DIRECTION('',(-1.,0.,0.));
#1584=DIRECTION('',(-0.437465718849306,-0.899235088745796,0.));
#1585=DIRECTION('',(0.,0.,-1.));
#1586=DIRECTION('',(-1.,0.,0.));
#1587=DIRECTION('',(0.437465718849306,0.899235088745796,0.));
#1588=DIRECTION('',(0.768609994386577,0.639717653757552,0.));
#1589=DIRECTION('',(0.,0.,-1.));
#1590=DIRECTION('',(0.,0.,1.));
#1591=DIRECTION('',(-0.639717653757551,0.768609994386577,0.));
#1592=DIRECTION('',(0.,0.,-1.));
#1593=DIRECTION('',(-0.639717653757552,0.768609994386576,0.));
#1594=DIRECTION('',(0.515414201820376,0.856941188508211,0.));
#1595=DIRECTION('',(0.,0.,-1.));
#1596=DIRECTION('',(0.,0.,-1.));
#1597=DIRECTION('',(-0.856941188508211,0.515414201820376,0.));
#1598=DIRECTION('',(0.,0.,-1.));
#1599=DIRECTION('',(-0.856941188508211,0.515414201820376,0.));
#1600=DIRECTION('',(0.,0.,-1.));
#1601=DIRECTION('',(-1.,0.,0.));
#1602=DIRECTION('',(0.,0.,-1.));
#1603=DIRECTION('',(-1.,0.,0.));
#1604=DIRECTION('',(-0.856941188508212,0.515414201820375,0.));
#1605=DIRECTION('',(-0.437465718849306,-0.899235088745796,0.));
#1606=DIRECTION('',(0.,0.,-1.));
#1607=DIRECTION('',(-1.,0.,0.));
#1608=DIRECTION('',(0.437465718849306,0.899235088745796,0.));
#1609=DIRECTION('',(0.,0.,-1.));
#1610=DIRECTION('',(-1.,0.,0.));
#1611=DIRECTION('',(-0.639717653757552,0.768609994386577,0.));
#1612=DIRECTION('',(0.,0.,-1.));
#1613=DIRECTION('',(-1.,0.,0.));
#1614=DIRECTION('',(0.,0.,-1.));
#1615=DIRECTION('',(-1.,0.,0.));
#1616=DIRECTION('',(0.,0.,-1.));
#1617=DIRECTION('',(-1.,0.,0.));
#1618=DIRECTION('',(0.,0.,1.));
#1619=DIRECTION('',(1.,0.,0.));
#1620=DIRECTION('',(0.,0.,1.));
#1621=DIRECTION('',(-0.958738996953058,-0.284287769208322,0.));
#1622=DIRECTION('',(0.,0.,1.));
#1623=DIRECTION('',(1.,0.,0.));
#1624=DIRECTION('',(0.,0.,-1.));
#1625=DIRECTION('',(0.731953716461717,0.681354354912244,0.));
#1626=DIRECTION('',(0.928217042425803,0.372039140616004,0.));
#1627=DIRECTION('',(-0.372039140616004,0.928217042425803,0.));
#1628=DIRECTION('',(-0.437465718849306,-0.899235088745796,0.));
#1629=DIRECTION('',(0.899235088745796,-0.437465718849306,0.));
#1630=DIRECTION('',(-0.437465718849306,-0.899235088745796,0.));
#1631=DIRECTION('',(0.899235088745796,-0.437465718849306,0.));
#1632=DIRECTION('',(-0.437465718849306,-0.899235088745796,0.));
#1633=DIRECTION('',(0.899235088745796,-0.437465718849306,0.));
#1634=DIRECTION('',(0.,0.,-1.));
#1635=DIRECTION('',(-1.,0.,0.));
#1636=DIRECTION('',(0.,0.,-1.));
#1637=DIRECTION('',(-1.,0.,0.));
#1638=DIRECTION('',(0.,0.,-1.));
#1639=DIRECTION('',(-1.,0.,0.));
#1640=DIRECTION('',(0.450128709031529,0.892963686442852,0.));
#1641=DIRECTION('',(-0.892963686442852,0.450128709031529,0.));
#1642=DIRECTION('',(-0.454386483921587,-0.890804649308353,-7.88234900825335E-16));
#1643=DIRECTION('',(0.890804649308353,-0.454386483921587,0.));
#1644=DIRECTION('',(0.,0.,-1.));
#1645=DIRECTION('',(0.949712641751739,0.313122816314834,0.));
#1646=DIRECTION('',(0.,0.,-1.));
#1647=DIRECTION('',(-1.,0.,0.));
#1648=DIRECTION('',(0.,0.,-1.));
#1649=DIRECTION('',(-1.,0.,0.));
#1650=DIRECTION('',(0.,0.,-1.));
#1651=DIRECTION('',(-1.,0.,0.));
#1652=DIRECTION('',(0.451989325278238,0.892023346014286,-3.48686592562627E-15));
#1653=DIRECTION('',(-0.892023346014286,0.451989325278238,0.));
#1654=DIRECTION('',(-0.382357705695203,-0.924014385653979,0.));
#1655=DIRECTION('',(0.924014385653979,-0.382357705695203,0.));
#1656=DIRECTION('',(-0.448410742937771,-0.893827615157417,0.));
#1657=DIRECTION('',(0.893827615157417,-0.448410742937771,0.));
#1658=DIRECTION('',(1.,-4.37258086229608E-16,1.81929947964954E-14));
#1659=DIRECTION('',(1.81929947964954E-14,0.,-1.));
#1660=DIRECTION('',(0.,0.,-1.));
#1661=DIRECTION('',(-1.,0.,0.));
#1662=DIRECTION('',(0.,0.,-1.));
#1663=DIRECTION('',(-1.,0.,0.));
#1664=DIRECTION('',(0.,0.,-1.));
#1665=DIRECTION('',(0.788786251170883,0.614667593064564,0.));
#1666=DIRECTION('',(-0.244367500072431,-0.969682692899255,0.));
#1667=DIRECTION('',(0.969682692899255,-0.244367500072431,0.));
#1668=DIRECTION('',(-0.454386483921586,-0.890804649308353,0.));
#1669=DIRECTION('',(0.890804649308353,-0.454386483921586,0.));
#1670=DIRECTION('',(0.407042250057185,0.913409331388937,0.));
#1671=DIRECTION('',(-0.913409331388937,0.407042250057185,0.));
#1672=DIRECTION('',(0.,0.,-1.));
#1673=DIRECTION('',(-1.,0.,0.));
#1674=DIRECTION('',(0.451989325278235,0.892023346014288,0.));
#1675=DIRECTION('',(-0.892023346014288,0.451989325278235,0.));
#1676=DIRECTION('',(0.,0.,-1.));
#1677=DIRECTION('',(-1.,0.,0.));
#1678=DIRECTION('',(0.,0.,-1.));
#1679=DIRECTION('',(-1.,0.,0.));
#1680=DIRECTION('',(0.,0.,-1.));
#1681=DIRECTION('',(-1.,0.,0.));
#1682=DIRECTION('',(0.,0.,-1.));
#1683=DIRECTION('',(0.936737034128159,-0.350033896776841,0.));
#1684=DIRECTION('',(0.,0.,-1.));
#1685=DIRECTION('',(-1.,0.,0.));
#1686=DIRECTION('',(0.,0.,-1.));
#1687=DIRECTION('',(-1.,0.,0.));
#1688=DIRECTION('',(0.,0.,-1.));
#1689=DIRECTION('',(-1.,0.,0.));
#1690=DIRECTION('',(0.,0.,-1.));
#1691=DIRECTION('',(-1.,0.,0.));
#1692=DIRECTION('',(0.,0.,-1.));
#1693=DIRECTION('',(-1.,0.,0.));
#1694=DIRECTION('',(0.,0.,-1.));
#1695=DIRECTION('',(-1.,0.,0.));
#1696=DIRECTION('',(0.,0.,-1.));
#1697=DIRECTION('',(-1.,0.,0.));
#1698=DIRECTION('',(0.,0.,1.));
#1699=DIRECTION('',(1.,0.,0.));
#1700=DIRECTION('',(0.,0.,-1.));
#1701=DIRECTION('',(-1.,0.,0.));
#1702=DIRECTION('',(0.,0.,-1.));
#1703=DIRECTION('',(-1.,0.,0.));
#1704=DIRECTION('',(0.,0.,1.));
#1705=DIRECTION('',(1.,0.,0.));
#1706=DIRECTION('',(0.,0.,-1.));
#1707=DIRECTION('',(-1.,0.,0.));
#1708=DIRECTION('',(0.,0.,-1.));
#1709=DIRECTION('',(-1.,0.,0.));
#1710=DIRECTION('',(0.,0.,1.));
#1711=DIRECTION('',(1.,0.,0.));
#1712=DIRECTION('',(0.,0.,-1.));
#1713=DIRECTION('',(-1.,0.,0.));
#1714=DIRECTION('',(0.,0.,-1.));
#1715=DIRECTION('',(-1.,0.,0.));
#1716=DIRECTION('',(0.,0.,1.));
#1717=DIRECTION('',(1.,0.,0.));
#1718=DIRECTION('',(-0.593801531914094,0.713442546771115,-0.372020796667633));
#1719=DIRECTION('',(-0.768609994386575,-0.639717653757553,0.));
#1720=DIRECTION('',(-0.639717653757565,0.768609994386565,6.66662900566389E-16));
#1721=DIRECTION('',(0.768609994386565,0.639717653757566,8.67361737988422E-16));
#1722=DIRECTION('',(0.639717653757552,-0.768609994386577,0.));
#1723=DIRECTION('',(0.768609994386577,0.639717653757552,0.));
#1724=DIRECTION('',(0.908865216347008,-0.417089940557796,-1.64415015137075E-15));
#1725=DIRECTION('',(0.417089940557796,0.908865216347008,0.));
#1726=DIRECTION('',(0.706385293992052,0.707827532970965,0.));
#1727=DIRECTION('',(-0.707827532970965,0.706385293992052,0.));
#1728=DIRECTION('',(0.,0.,-1.));
#1729=DIRECTION('',(-1.,0.,0.));
#1730=DIRECTION('',(0.856941188508213,-0.515414201820373,0.));
#1731=DIRECTION('',(0.515414201820373,0.856941188508213,0.));
#1732=DIRECTION('',(0.,0.,-1.));
#1733=DIRECTION('',(-1.,0.,0.));
#1734=DIRECTION('',(-0.437465718849306,-0.899235088745796,0.));
#1735=DIRECTION('',(0.899235088745796,-0.437465718849306,0.));
#1736=DIRECTION('',(0.856941188508211,-0.515414201820376,0.));
#1737=DIRECTION('',(0.515414201820376,0.856941188508211,0.));
#1738=DIRECTION('',(-0.437465718849306,-0.899235088745796,0.));
#1739=DIRECTION('',(0.899235088745796,-0.437465718849306,0.));
#1740=DIRECTION('',(-0.437465718849308,-0.899235088745795,0.));
#1741=DIRECTION('',(0.899235088745795,-0.437465718849308,0.));
#1742=DIRECTION('',(0.,0.,-1.));
#1743=DIRECTION('',(-1.,0.,0.));
#1744=DIRECTION('',(0.437465718849304,0.899235088745797,3.79441026211479E-16));
#1745=DIRECTION('',(-0.899235088745797,0.437465718849304,0.));
#1746=DIRECTION('',(0.437465718849306,0.899235088745796,0.));
#1747=DIRECTION('',(-0.899235088745796,0.437465718849306,0.));
#1748=DIRECTION('',(5.55111512312578E-17,0.,1.));
#1749=DIRECTION('',(1.,0.,0.));
#1750=DIRECTION('',(-0.856941188508185,0.515414201820419,2.78729249481865E-16));
#1751=DIRECTION('',(-0.515414201820419,-0.856941188508185,0.));
#1752=DIRECTION('',(-0.856941188508185,0.515414201820419,0.));
#1753=DIRECTION('',(-0.515414201820419,-0.856941188508185,0.));
#1754=DIRECTION('',(-0.856941188508185,0.515414201820419,-1.85819499654577E-16));
#1755=DIRECTION('',(-0.515414201820419,-0.856941188508185,0.));
#1756=DIRECTION('',(0.,0.,1.));
#1757=DIRECTION('',(1.,0.,0.));
#1758=DIRECTION('',(-0.0558896618571246,-0.99843695128811,-1.2119138560995E-17));
#1759=DIRECTION('',(0.99843695128811,-0.0558896618571246,0.));
#1760=DIRECTION('',(0.,0.,-1.));
#1761=DIRECTION('',(-1.,0.,0.));
#1762=DIRECTION('',(-0.437465718849306,-0.899235088745796,-1.27534344921081E-15));
#1763=DIRECTION('',(0.899235088745796,-0.437465718849306,0.));
#1764=DIRECTION('',(0.437465718849306,0.899235088745796,0.));
#1765=DIRECTION('',(-0.899235088745796,0.437465718849306,0.));
#1766=DIRECTION('',(-0.437465718849305,-0.899235088745797,3.7944102621148E-16));
#1767=DIRECTION('',(0.899235088745797,-0.437465718849305,0.));
#1768=DIRECTION('',(0.,0.,-1.));
#1769=DIRECTION('',(-1.,0.,0.));
#1770=DIRECTION('',(0.437465718849308,0.899235088745795,-7.58882052422965E-16));
#1771=DIRECTION('',(-0.899235088745795,0.437465718849308,0.));
#1772=DIRECTION('',(-0.437465718849306,-0.899235088745796,0.));
#1773=DIRECTION('',(0.899235088745796,-0.437465718849306,0.));
#1774=DIRECTION('',(0.437465718849307,0.899235088745796,7.58882052422962E-16));
#1775=DIRECTION('',(-0.899235088745796,0.437465718849307,0.));
#1776=DIRECTION('',(0.,0.,-1.));
#1777=DIRECTION('',(-1.,0.,0.));
#1778=DIRECTION('',(0.986995091955804,0.16075039177294,1.39428739190494E-16));
#1779=DIRECTION('',(-0.16075039177294,0.986995091955804,0.));
#1780=DIRECTION('',(0.,0.,1.));
#1781=DIRECTION('',(1.,0.,0.));
#1782=DIRECTION('',(-0.639717653757568,0.768609994386563,0.));
#1783=DIRECTION('',(-0.768609994386563,-0.639717653757568,0.));
#1784=DIRECTION('',(-0.639717653757568,0.768609994386563,0.));
#1785=DIRECTION('',(-0.768609994386563,-0.639717653757568,0.));
#1786=DIRECTION('',(-0.639717653757568,0.768609994386563,6.66662900566387E-16));
#1787=DIRECTION('',(-0.768609994386563,-0.639717653757568,0.));
#1788=DIRECTION('',(0.,0.,1.));
#1789=DIRECTION('',(1.,0.,0.));
#1790=DIRECTION('',(0.,0.,-1.));
#1791=DIRECTION('',(0.936737034128159,-0.350033896776841,0.));
#1792=DIRECTION('',(0.639717653757568,-0.768609994386563,0.));
#1793=DIRECTION('',(0.768609994386563,0.639717653757568,0.));
#1794=DIRECTION('',(0.639717653757568,-0.768609994386563,0.));
#1795=DIRECTION('',(0.768609994386563,0.639717653757568,0.));
#1796=DIRECTION('',(0.639717653757568,-0.768609994386563,0.));
#1797=DIRECTION('',(0.768609994386563,0.639717653757568,0.));
#1798=DIRECTION('',(0.,0.,-1.));
#1799=DIRECTION('',(-1.,0.,0.));
#1800=DIRECTION('',(0.,0.,-1.));
#1801=DIRECTION('',(0.94971264175174,0.313122816314831,0.));
#1802=DIRECTION('',(0.856941188508185,-0.515414201820419,0.));
#1803=DIRECTION('',(0.515414201820419,0.856941188508185,0.));
#1804=DIRECTION('',(0.856941188508185,-0.515414201820419,0.));
#1805=DIRECTION('',(0.515414201820419,0.856941188508185,0.));
#1806=DIRECTION('',(0.856941188508185,-0.515414201820419,0.));
#1807=DIRECTION('',(0.515414201820419,0.856941188508185,0.));
#1808=DIRECTION('',(0.,0.,-1.));
#1809=DIRECTION('',(-1.,0.,0.));
#1810=DIRECTION('',(0.,0.,1.));
#1811=DIRECTION('',(-0.958738996953058,-0.284287769208321,0.));
#1812=DIRECTION('',(0.856941188508211,-0.515414201820376,3.71638999309165E-16));
#1813=DIRECTION('',(0.515414201820376,0.856941188508211,0.));
#1814=DIRECTION('',(-0.856941188508211,0.515414201820376,0.));
#1815=DIRECTION('',(-0.515414201820376,-0.856941188508211,0.));
#1816=DIRECTION('',(0.856941188508213,-0.515414201820372,0.));
#1817=DIRECTION('',(0.515414201820372,0.856941188508213,0.));
#1818=DIRECTION('',(1.11022302462516E-16,0.,1.));
#1819=DIRECTION('',(1.,0.,0.));
#1820=DIRECTION('',(0.,0.,1.));
#1821=DIRECTION('',(-0.99344378468551,-0.114321680663511,0.));
#1822=DIRECTION('',(0.639717653757305,-0.768609994386782,3.24505683922281E-13));
#1823=DIRECTION('',(0.768609994386782,0.639717653757305,0.));
#1824=DIRECTION('',(-0.639717653757552,0.768609994386577,0.));
#1825=DIRECTION('',(-0.768609994386577,-0.639717653757552,0.));
#1826=DIRECTION('',(0.639717653757552,-0.768609994386577,0.));
#1827=DIRECTION('',(0.768609994386577,0.639717653757552,0.));
#1828=DIRECTION('',(0.,0.,1.));
#1829=DIRECTION('',(1.,0.,0.));
#1830=CARTESIAN_POINT('',(0.,0.,0.));
#1831=CARTESIAN_POINT('',(0.00352307268582925,-0.0232721971149735,0.006));
#1832=CARTESIAN_POINT('',(-0.00343080250644724,-0.0299111391648538,0.006));
#1833=CARTESIAN_POINT('',(-0.00343080250644724,-0.0299111391648538,0.006));
#1834=CARTESIAN_POINT('',(-0.00333469960816185,-0.0297135943183782,0.006));
#1835=CARTESIAN_POINT('',(-0.0017616119988505,-0.0309150872825266,0.006));
#1836=CARTESIAN_POINT('',(-0.0017616119988505,-0.0309150872825266,0.006));
#1837=CARTESIAN_POINT('',(-0.00176161199885049,-0.0309150872825266,0.006));
#1838=CARTESIAN_POINT('',(-0.00110343300508109,-0.0294381230746082,0.006));
#1839=CARTESIAN_POINT('',(-0.000466882085826341,-0.0279511758703636,0.00599999998852083));
#1840=CARTESIAN_POINT('',(0.000142373366719378,-0.0264539962027378,0.00599999998446955));
#1841=CARTESIAN_POINT('',(0.000356431449879353,-0.0259279715139821,0.00599999998304616));
#1842=CARTESIAN_POINT('',(0.000567120014827498,-0.0254006841451929,0.00599999998511876));
#1843=CARTESIAN_POINT('',(0.000774192912421451,-0.0248721248579704,0.00599999999020972));
#1844=CARTESIAN_POINT('',(0.000905409114798431,-0.0245371918792644,0.00599999999343572));
#1845=CARTESIAN_POINT('',(0.00103521988507978,-0.0242017487116046,0.00599999999364321));
#1846=CARTESIAN_POINT('',(0.00116355869564529,-0.0238657882267887,0.00599999999255722));
#1847=CARTESIAN_POINT('',(0.00162368005080752,-0.0226612999439901,0.00599999998866371));
#1848=CARTESIAN_POINT('',(0.00206488359202387,-0.0214501587142058,0.00599999994060231));
#1849=CARTESIAN_POINT('',(0.0024883817203283,-0.0202325194874561,0.00599999991929923));
#1850=CARTESIAN_POINT('',(0.00266373903583144,-0.0197283332070845,0.0059999999104783));
#1851=CARTESIAN_POINT('',(0.00283606034626032,-0.0192230333743586,0.00599999991239781));
#1852=CARTESIAN_POINT('',(0.00300543036663268,-0.0187166331746544,0.0059999999304139));
#1853=CARTESIAN_POINT('',(0.00323369816296797,-0.0180341342448195,0.00599999995469501));
#1854=CARTESIAN_POINT('',(0.00345668261772329,-0.0173497880198135,0.00599999997127199));
#1855=CARTESIAN_POINT('',(0.00367468160436518,-0.0166636431812659,0.00599999998131013));
#1856=CARTESIAN_POINT('',(0.00405987947975107,-0.0154512451876473,0.00599999999904724));
#1857=CARTESIAN_POINT('',(0.00442951255631503,-0.0142332319853121,0.00599999999929564));
#1858=CARTESIAN_POINT('',(0.00478698257687185,-0.0130120248404723,0.00599999999784549));
#1859=CARTESIAN_POINT('',(0.00484094634256402,-0.0128276710976799,0.00599999999762658));
#1860=CARTESIAN_POINT('',(0.00489463290062345,-0.0126432445551742,0.00599999999727723));
#1861=CARTESIAN_POINT('',(0.00494805448625031,-0.0124587471224069,0.00599999999669625));
#1862=CARTESIAN_POINT('',(0.00524849974124752,-0.01142112576423,0.00599999999342881));
#1863=CARTESIAN_POINT('',(0.00554037886100217,-0.0103812785903562,0.00599999999524071));
#1864=CARTESIAN_POINT('',(0.0058258686666739,-0.00933966058875782,0.00599999999739879));
#1865=CARTESIAN_POINT('',(0.00611770941050362,-0.00827487100141108,0.00599999999960488));
#1866=CARTESIAN_POINT('',(0.00640287347778801,-0.00720823076459352,0.006));
#1867=CARTESIAN_POINT('',(0.00668306375292527,-0.00614023374391513,0.006));
#1868=CARTESIAN_POINT('',(0.00668309819044596,-0.00614010247883652,0.006));
#1869=CARTESIAN_POINT('',(0.00598121181092965,-0.00363663378315656,0.006));
#1870=CARTESIAN_POINT('',(0.00779980682890466,-0.00177848627539609,0.006));
#1871=CARTESIAN_POINT('',(0.,0.,0.006));
#1872=CARTESIAN_POINT('',(0.00610632950261521,0.00516843690156812,0.006));
#1873=CARTESIAN_POINT('',(0.00363663378315656,0.00598121181092965,0.006));
#1874=CARTESIAN_POINT('',(0.00177848627539611,0.00779980682890469,0.006));
#1875=CARTESIAN_POINT('',(0.,0.,0.006));
#1876=CARTESIAN_POINT('',(0.,0.008,0.006));
#1877=CARTESIAN_POINT('',(0.,0.008,0.006));
#1878=CARTESIAN_POINT('',(-0.000577315622891692,0.00800000000129592,0.006));
#1879=CARTESIAN_POINT('',(-0.00115446214352627,0.00799549390479103,0.00600000000452279));
#1880=CARTESIAN_POINT('',(-0.00173080284454888,0.00797802524001849,0.00599999999547733));
#1881=CARTESIAN_POINT('',(-0.00178639123151181,0.00797634037740966,0.00599999999460489));
#1882=CARTESIAN_POINT('',(-0.00184197215064553,0.00797453496017418,0.00599999999352418));
#1883=CARTESIAN_POINT('',(-0.00189754505317606,0.00797260142598903,0.00599999999214162));
#1884=CARTESIAN_POINT('',(-0.00189755484620451,0.00797260108526262,0.00599999999214137));
#1885=CARTESIAN_POINT('',(-0.00189756463923279,0.00797260074453213,0.00599999999214113));
#1886=CARTESIAN_POINT('',(-0.0018975744322609,0.00797260040379755,0.00599999999214088));
#1887=CARTESIAN_POINT('',(-0.00221348313801871,0.00796160880659915,0.00599999998428156));
#1888=CARTESIAN_POINT('',(-0.00252921190374652,0.00794636360615289,0.00599999997937863));
#1889=CARTESIAN_POINT('',(-0.00284455364413736,0.0079244669304327,0.00599999998233111));
#1890=CARTESIAN_POINT('',(-0.00315982135163604,0.00790257539540282,0.00599999998528289));
#1891=CARTESIAN_POINT('',(-0.00347470212571456,0.00787403555583722,0.0059999999941161));
#1892=CARTESIAN_POINT('',(-0.00378930231522709,0.00783529346526254,0.00599999999803854));
#1893=CARTESIAN_POINT('',(-0.00378932181006572,0.00783529106453035,0.00599999999803878));
#1894=CARTESIAN_POINT('',(-0.00378934130490287,0.00783528866375945,0.00599999999803902));
#1895=CARTESIAN_POINT('',(-0.00378936079973854,0.00783528626294985,0.00599999999803927));
#1896=CARTESIAN_POINT('',(-0.00410398326220747,0.00779654017451759,0.00600000000196077));
#1897=CARTESIAN_POINT('',(-0.00441822201283488,0.00774771632062253,0.00600000000007349));
#1898=CARTESIAN_POINT('',(-0.00472781538158062,0.00768470151014584,0.0059999999999265));
#1899=CARTESIAN_POINT('',(-0.00472783936396278,0.00768469662875812,0.00599999999992649));
#1900=CARTESIAN_POINT('',(-0.00472786334631705,0.00768469174728487,0.00599999999992648));
#1901=CARTESIAN_POINT('',(-0.0047278873286434,0.00768468686572608,0.00599999999992647));
#1902=CARTESIAN_POINT('',(-0.00503747517787724,0.00762167082367199,0.0059999999997795));
#1903=CARTESIAN_POINT('',(-0.00534241102769734,0.00754439990953256,0.0059999999999868));
#1904=CARTESIAN_POINT('',(-0.00564157131435697,0.00744799350956287,0.0059999999999956));
#1905=CARTESIAN_POINT('',(-0.00564159913921478,0.00744798454281664,0.0059999999999956));
#1906=CARTESIAN_POINT('',(-0.00564162696402258,0.00744797557590475,0.0059999999999956));
#1907=CARTESIAN_POINT('',(-0.00564165478878036,0.00744796660882718,0.0059999999999956));
#1908=CARTESIAN_POINT('',(-0.00594080934962786,0.00735155814510045,0.0060000000000044));
#1909=CARTESIAN_POINT('',(-0.00623418257883847,0.00723599991712916,0.006));
#1910=CARTESIAN_POINT('',(-0.00652040955260596,0.00709753100097145,0.006));
#1911=CARTESIAN_POINT('',(-0.00652044061346323,0.00709751597456362,0.006));
#1912=CARTESIAN_POINT('',(-0.00652047167423632,0.00709750094788595,0.006));
#1913=CARTESIAN_POINT('',(-0.00652050273492522,0.00709748592093844,0.006));
#1914=CARTESIAN_POINT('',(-0.00666359769642463,0.00702825756343321,0.00599999999999991));
#1915=CARTESIAN_POINT('',(-0.00680490580050823,0.00695330212909809,0.006));
#1916=CARTESIAN_POINT('',(-0.00694238676593314,0.0068738755199977,0.006));
#1917=CARTESIAN_POINT('',(-0.00694241869412846,0.00687385707418391,0.006));
#1918=CARTESIAN_POINT('',(-0.00694245062211738,0.00687383862812894,0.006));
#1919=CARTESIAN_POINT('',(-0.00694248254989988,0.00687382018183282,0.006));
#1920=CARTESIAN_POINT('',(-0.00707995965174293,0.00679439270106448,0.006));
#1921=CARTESIAN_POINT('',(-0.00721360971072235,0.00671049400189357,0.006));
#1922=CARTESIAN_POINT('',(-0.00734404142464014,0.00662242014678617,0.006));
#1923=CARTESIAN_POINT('',(-0.0073440737984476,0.00662239828641232,0.006));
#1924=CARTESIAN_POINT('',(-0.0073441061720568,0.00662237642578125,0.006));
#1925=CARTESIAN_POINT('',(-0.00734413854546772,0.00662235456489297,0.006));
#1926=CARTESIAN_POINT('',(-0.00760502698701285,0.00644618366074019,0.006));
#1927=CARTESIAN_POINT('',(-0.00785303949454603,0.00625330861468132,0.006));
#1928=CARTESIAN_POINT('',(-0.00809132625657105,0.00604681939382117,0.006));
#1929=CARTESIAN_POINT('',(-0.00809135945720879,0.00604679062355395,0.006));
#1930=CARTESIAN_POINT('',(-0.00809139265765772,0.00604676185302244,0.006));
#1931=CARTESIAN_POINT('',(-0.00809142585791783,0.00604673308222666,0.006));
#1932=CARTESIAN_POINT('',(-0.00832970627788553,0.00584024321502534,0.006));
#1933=CARTESIAN_POINT('',(-0.00855826126977783,0.00562014032475757,0.006));
#1934=CARTESIAN_POINT('',(-0.00877744294239678,0.00539191049761886,0.006));
#1935=CARTESIAN_POINT('',(-0.0087774770286846,0.00539187500419697,0.006));
#1936=CARTESIAN_POINT('',(-0.00877751111474572,0.00539183951057853,0.006));
#1937=CARTESIAN_POINT('',(-0.00877754520058016,0.00539180401676354,0.006));
#1938=CARTESIAN_POINT('',(-0.00899672041080646,0.00516357535551156,0.006));
#1939=CARTESIAN_POINT('',(-0.00920652283951531,0.00492722057674853,0.006));
#1940=CARTESIAN_POINT('',(-0.00940843716832084,0.00468631919029186,0.006));
#1941=CARTESIAN_POINT('',(-0.00940847156793077,0.00468627814856009,0.006));
#1942=CARTESIAN_POINT('',(-0.00940850596731175,0.00468623710669634,0.006));
#1943=CARTESIAN_POINT('',(-0.00940854036646379,0.00468619606470063,0.006));
#1944=CARTESIAN_POINT('',(-0.00961044900953672,0.00444529670613554,0.006));
#1945=CARTESIAN_POINT('',(-0.00980447033098512,0.00419985113633505,0.006));
#1946=CARTESIAN_POINT('',(-0.0099930344408484,0.00395078407725923,0.006));
#1947=CARTESIAN_POINT('',(-0.00999306952856972,0.00395073773124161,0.006));
#1948=CARTESIAN_POINT('',(-0.00999310461610208,0.0039506913850986,0.006));
#1949=CARTESIAN_POINT('',(-0.00999313970344549,0.0039506450388302,0.006));
#1950=CARTESIAN_POINT('',(-0.0103702930246319,0.00345246970404066,0.006));
#1951=CARTESIAN_POINT('',(-0.0107256155295579,0.00293980721846611,0.00599999999999987));
#1952=CARTESIAN_POINT('',(-0.0110680438467303,0.0024189283396857,0.006));
#1953=CARTESIAN_POINT('',(-0.0110680809987327,0.00241887182656358,0.006));
#1954=CARTESIAN_POINT('',(-0.0110681181505832,0.00241881531334474,0.006));
#1955=CARTESIAN_POINT('',(-0.011068155302282,0.00241875880002921,0.006));
#1956=CARTESIAN_POINT('',(-0.0114105755267366,0.00189788619328939,0.006));
#1957=CARTESIAN_POINT('',(-0.0117401040167616,0.00136879866752341,0.00600000000000079));
#1958=CARTESIAN_POINT('',(-0.0120614525210689,0.000834408799570198,0.0059999999999992));
#1959=CARTESIAN_POINT('',(-0.0120614923716808,0.000834342529576811,0.0059999999999992));
#1960=CARTESIAN_POINT('',(-0.012061532222167,0.00083427625950193,0.0059999999999992));
#1961=CARTESIAN_POINT('',(-0.0120615720725275,0.000834209989345561,0.0059999999999992));
#1962=CARTESIAN_POINT('',(-0.0123829135641602,0.000299827097241327,0.00599999999999761));
#1963=CARTESIAN_POINT('',(-0.0126960809764352,-0.000239854450280405,0.00599999999996965));
#1964=CARTESIAN_POINT('',(-0.0130038469188025,-0.000783034789568118,0.00599999999998988));
#1965=CARTESIAN_POINT('',(-0.0130038898543323,-0.00078311056707449,0.00599999999998989));
#1966=CARTESIAN_POINT('',(-0.0130039327897574,-0.00078318634464876,0.00599999999998989));
#1967=CARTESIAN_POINT('',(-0.0130039757250777,-0.000783262122290918,0.00599999999998989));
#1968=CARTESIAN_POINT('',(-0.0133117353970544,-0.00132643501853286,0.00600000000001011));
#1969=CARTESIAN_POINT('',(-0.0136141125628906,-0.00187309644474459,0.00600000000024062));
#1970=CARTESIAN_POINT('',(-0.0139128233969635,-0.00242204769528826,0.00599999999975932));
#1971=CARTESIAN_POINT('',(-0.0139128697042978,-0.00242213279588116,0.00599999999975924));
#1972=CARTESIAN_POINT('',(-0.0139129160115448,-0.00242221789653234,0.00599999999975917));
#1973=CARTESIAN_POINT('',(-0.0139129623187043,-0.00242230299724178,0.00599999999975909));
#1974=CARTESIAN_POINT('',(-0.0142117350808523,-0.00297137087955861,0.0059999999992775));
#1975=CARTESIAN_POINT('',(-0.0145068698440589,-0.0035228642064043,0.00599999999820421));
#1976=CARTESIAN_POINT('',(-0.0147993257645333,-0.00407574025629707,0.00599999999785379));
#1977=CARTESIAN_POINT('',(-0.0150916944954082,-0.00462845147779011,0.00599999999750347));
#1978=CARTESIAN_POINT('',(-0.0153813859439387,-0.0051825445841484,0.00599999999810547));
#1979=CARTESIAN_POINT('',(-0.0156692774517046,-0.00573762698109585,0.00599999999905263));
#1980=CARTESIAN_POINT('',(-0.0156693237239375,-0.00573771619839207,0.00599999999905278));
#1981=CARTESIAN_POINT('',(-0.0156693699961231,-0.00573780541571028,0.00599999999905294));
#1982=CARTESIAN_POINT('',(-0.0156694162682615,-0.0057378946330505,0.00599999999905309));
#1983=CARTESIAN_POINT('',(-0.0162452823244461,-0.00684822235132988,0.00600000000094692));
#1984=CARTESIAN_POINT('',(-0.0168138357694156,-0.00796195689495928,0.00600000000005774));
#1985=CARTESIAN_POINT('',(-0.0173791659785178,-0.00907742973557894,0.00599999999994225));
#1986=CARTESIAN_POINT('',(-0.0173791935673106,-0.00907748417199246,0.00599999999994224));
#1987=CARTESIAN_POINT('',(-0.0173792211560956,-0.0090775386084102,0.00599999999994223));
#1988=CARTESIAN_POINT('',(-0.0173792487448727,-0.00907759304483215,0.00599999999994223));
#1989=CARTESIAN_POINT('',(-0.0179445964707792,-0.0101931012522811,0.00599999999982674));
#1990=CARTESIAN_POINT('',(-0.0185066656516555,-0.0113103766344957,0.006));
#1991=CARTESIAN_POINT('',(-0.0190674739823386,-0.0124282489887074,0.006));
#1992=CARTESIAN_POINT('',(-0.0190674739823386,-0.0124282489887074,0.006));
#1993=CARTESIAN_POINT('',(-0.0160474419017799,-0.0160567667056271,0.006));
#1994=CARTESIAN_POINT('',(-0.0160474419017799,-0.0160567667056271,0.006));
#1995=CARTESIAN_POINT('',(-0.0123270504956198,-0.0253389371298852,0.006));
#1996=CARTESIAN_POINT('',(0.,0.,0.006));
#1997=CARTESIAN_POINT('',(0.0026,0.,0.006));
#1998=CARTESIAN_POINT('',(-0.00598121181092965,0.00363663378315657,0.006));
#1999=CARTESIAN_POINT('',(-0.00338121181092965,0.00363663378315657,0.006));
#2000=CARTESIAN_POINT('',(-0.00363663378315656,-0.00598121181092965,0.006));
#2001=CARTESIAN_POINT('',(-0.00103663378315656,-0.00598121181092965,0.006));
#2002=CARTESIAN_POINT('',(0.00352307268582925,-0.0232721971149735,0.));
#2003=CARTESIAN_POINT('',(-0.0150131301527449,-0.00792033710765217,0.));
#2004=CARTESIAN_POINT('',(-0.0150131301527449,-0.00792033710765217,0.));
#2005=CARTESIAN_POINT('',(-0.010860114435803,-0.0129101155952969,0.));
#2006=CARTESIAN_POINT('',(-0.0180875701302911,-0.0104792077226824,0.));
#2007=CARTESIAN_POINT('',(-0.0183036657965076,-0.00648504915509371,0.));
#2008=CARTESIAN_POINT('',(3.46944695195361E-17,0.01,0.));
#2009=CARTESIAN_POINT('',(-0.00864380458770381,0.01,0.));
#2010=CARTESIAN_POINT('',(-0.010440885013303,0.00888242576499535,0.));
#2011=CARTESIAN_POINT('',(-0.0183036657965076,-0.00648504915509374,0.));
#2012=CARTESIAN_POINT('',(0.,0.01,0.));
#2013=CARTESIAN_POINT('',(0.,0.,0.));
#2014=CARTESIAN_POINT('',(0.00969682692899255,-0.00244367500072431,0.));
#2015=CARTESIAN_POINT('',(0.00297421748643793,-0.024729651329779,0.));
#2016=CARTESIAN_POINT('',(0.00549452153949925,-0.018157735024481,0.));
#2017=CARTESIAN_POINT('',(0.00738005760437743,-0.0116369233535261,0.));
#2018=CARTESIAN_POINT('',(0.00969682692899255,-0.0024436750007243,0.));
#2019=CARTESIAN_POINT('',(0.00297421748643627,-0.0247296513297833,0.));
#2020=CARTESIAN_POINT('',(-0.000166514338600931,-0.0272067067597643,0.));
#2021=CARTESIAN_POINT('',(0.00189514246868074,-0.0237789420057316,0.));
#2022=CARTESIAN_POINT('',(-0.000281024175457036,-0.0224700689944237,0.));
#2023=CARTESIAN_POINT('',(-0.000281024175457036,-0.0224700689944237,0.));
#2024=CARTESIAN_POINT('',(-0.00234268098273871,-0.0258978337484564,0.));
#2025=CARTESIAN_POINT('',(-0.00476872719248454,-0.0227175350536515,0.));
#2026=CARTESIAN_POINT('',(-0.0123270504956198,-0.0253389371298852,0.));
#2027=CARTESIAN_POINT('',(-0.0105163980619874,-0.0175465345629883,0.));
#2028=CARTESIAN_POINT('',(-0.0139345544133492,-0.0154689862103271,0.));
#2029=CARTESIAN_POINT('',(-0.00363663378315656,-0.00598121181092965,0.));
#2030=CARTESIAN_POINT('',(-0.00203663378315656,-0.00598121181092965,0.));
#2031=CARTESIAN_POINT('',(-0.00598121181092965,0.00363663378315657,0.));
#2032=CARTESIAN_POINT('',(-0.00438121181092965,0.00363663378315657,0.));
#2033=CARTESIAN_POINT('',(0.00363663378315656,0.00598121181092965,0.));
#2034=CARTESIAN_POINT('',(0.00523663378315656,0.00598121181092965,0.));
#2035=CARTESIAN_POINT('',(0.00598121181092965,-0.00363663378315656,0.));
#2036=CARTESIAN_POINT('',(0.00758121181092965,-0.00363663378315656,0.));
#2037=CARTESIAN_POINT('',(0.,0.,0.));
#2038=CARTESIAN_POINT('',(0.0026,0.,0.));
#2039=CARTESIAN_POINT('',(-0.00551167315579999,-0.0433278505538953,0.004));
#2040=CARTESIAN_POINT('',(-0.00551167315579999,-0.0433278505538953,-0.024));
#2041=CARTESIAN_POINT('',(0.0025940558591775,-0.0273307924079439,0.004));
#2042=CARTESIAN_POINT('',(0.0025940558591775,-0.0273307924079439,-0.024));
#2043=CARTESIAN_POINT('',(0.00540575337863631,-0.019471224713779,0.004));
#2044=CARTESIAN_POINT('',(0.00540575337863631,-0.019471224713779,-0.024));
#2045=CARTESIAN_POINT('',(0.00969682692899254,-0.0024436750007243,0.004));
#2046=CARTESIAN_POINT('',(0.00969682692899254,-0.0024436750007243,-0.024));
#2047=CARTESIAN_POINT('',(-0.00551167315579998,-0.0433278505538953,-0.016));
#2048=CARTESIAN_POINT('',(-0.00551167315579998,-0.0433278505538953,-0.016));
#2049=CARTESIAN_POINT('',(-0.00551167315579998,-0.0433278505538953,-0.024));
#2050=CARTESIAN_POINT('',(-0.00551167315579999,-0.0433278505538953,-0.024));
#2051=CARTESIAN_POINT('',(-0.00249828197595071,-0.037380773636881,-0.024));
#2052=CARTESIAN_POINT('',(-0.000216557656721186,-0.0325583466387842,-0.024));
#2053=CARTESIAN_POINT('',(0.00168151443270703,-0.0279714221711547,-0.024));
#2054=CARTESIAN_POINT('',(0.00168151443270703,-0.0279714221711547,-0.024));
#2055=CARTESIAN_POINT('',(0.00168151443270703,-0.0279714221711547,-0.002));
#2056=CARTESIAN_POINT('',(0.00168151443270703,-0.0279714221711547,-0.002));
#2057=CARTESIAN_POINT('',(0.00297421748643626,-0.0247296513297834,0.));
#2058=CARTESIAN_POINT('',(0.00284882625923506,-0.0250566200737266,-1.30116658568116E-17));
#2059=CARTESIAN_POINT('',(0.00259904464811173,-0.0257068245917859,-0.000140319985276422));
#2060=CARTESIAN_POINT('',(0.00232751995947805,-0.0263827753768164,-0.000524213419567855));
#2061=CARTESIAN_POINT('',(0.00214764342652485,-0.0268314298389835,-0.000873405228637261));
#2062=CARTESIAN_POINT('',(0.00205981184226838,-0.0270477141690158,-0.00106381100186955));
#2063=CARTESIAN_POINT('',(0.00200553885169474,-0.0271812192692722,-0.00118775598117777));
#2064=CARTESIAN_POINT('',(0.00196753923018295,-0.0272747474215639,-0.00127691249544794));
#2065=CARTESIAN_POINT('',(0.00192019847711541,-0.0273918962923358,-0.00139049808638494));
#2066=CARTESIAN_POINT('',(0.00182720659393274,-0.0276192339183254,-0.00162054786053102));
#2067=CARTESIAN_POINT('',(0.00174431871613775,-0.0278196479019134,-0.00183692407214573));
#2068=CARTESIAN_POINT('',(0.00168151443270703,-0.0279714221711547,-0.002));
#2069=CARTESIAN_POINT('',(0.00969682692899255,-0.00244367500072431,0.004));
#2070=CARTESIAN_POINT('',(0.00969682692899255,-0.00244367500072431,0.004));
#2071=CARTESIAN_POINT('',(0.00969682692899254,-0.0024436750007243,0.004));
#2072=CARTESIAN_POINT('',(0.00657325512276497,-0.0148384227459408,0.004));
#2073=CARTESIAN_POINT('',(0.00423356343426753,-0.0223753123981372,0.004));
#2074=CARTESIAN_POINT('',(6.52066639273557E-5,-0.031729171782641,0.004));
#2075=CARTESIAN_POINT('',(6.52066639273835E-5,-0.0317291717826409,0.004));
#2076=CARTESIAN_POINT('',(6.52066639273835E-5,-0.0317291717826409,0.004));
#2077=CARTESIAN_POINT('',(6.52066639273766E-5,-0.0317291717826409,-0.016));
#2078=CARTESIAN_POINT('',(6.52066639274149E-5,-0.0317291717826409,-0.016));
#2079=CARTESIAN_POINT('',(-0.00149280579790236,-0.0352253767118728,-0.016));
#2080=CARTESIAN_POINT('',(-0.00330629199619833,-0.0389754214782446,-0.016));
#2081=CARTESIAN_POINT('',(-0.00551167315579999,-0.0433278505538953,-0.016));
#2082=CARTESIAN_POINT('',(0.,0.,0.006));
#2083=CARTESIAN_POINT('',(0.,0.01,0.004));
#2084=CARTESIAN_POINT('',(0.,0.01,0.004));
#2085=CARTESIAN_POINT('',(0.,0.,0.004));
#2086=CARTESIAN_POINT('',(3.81639164714898E-17,0.01,0.004));
#2087=CARTESIAN_POINT('',(3.81639164714898E-17,0.01,-0.024));
#2088=CARTESIAN_POINT('',(-0.0119018277576179,0.00999999999999999,0.004));
#2089=CARTESIAN_POINT('',(-0.0119018277576179,0.00999999999999999,-0.024));
#2090=CARTESIAN_POINT('',(-0.0108228909509842,0.00788118117742169,0.004));
#2091=CARTESIAN_POINT('',(-0.0108228909509842,0.00788118117742169,-0.024));
#2092=CARTESIAN_POINT('',(-0.0304712650903169,-0.0306385892250978,0.004));
#2093=CARTESIAN_POINT('',(-0.0304712650903169,-0.0306385892250978,-0.024));
#2094=CARTESIAN_POINT('',(-0.0198734975031768,-0.00957895030461937,-0.002));
#2095=CARTESIAN_POINT('',(-0.0198018140045698,-0.00943674484229507,-0.00184093218816735));
#2096=CARTESIAN_POINT('',(-0.0197093702942403,-0.00925277208016544,-0.00163417264904864));
#2097=CARTESIAN_POINT('',(-0.0196014458593094,-0.00903926214683076,-0.00140857045808541));
#2098=CARTESIAN_POINT('',(-0.0195483405110495,-0.00893480806114448,-0.00130074021478708));
#2099=CARTESIAN_POINT('',(-0.0194483089070753,-0.00873662666683909,-0.00110375785493523));
#2100=CARTESIAN_POINT('',(-0.0193306874376982,-0.00850316406222468,-0.000888294114787193));
#2101=CARTESIAN_POINT('',(-0.0191151613394006,-0.00807986974490063,-0.000539848365323075));
#2102=CARTESIAN_POINT('',(-0.0187854446984177,-0.00742259224937383,-0.000143445362895889));
#2103=CARTESIAN_POINT('',(-0.0184645091962614,-0.00679941082686497,-5.60629948154445E-18));
#2104=CARTESIAN_POINT('',(-0.0183036657965076,-0.00648504915509371,0.));
#2105=CARTESIAN_POINT('',(-0.0198734975031768,-0.00957895030461938,-0.002));
#2106=CARTESIAN_POINT('',(-0.0198734975031768,-0.00957895030461938,-0.002));
#2107=CARTESIAN_POINT('',(-0.0198734975031768,-0.00957895030461938,-0.024));
#2108=CARTESIAN_POINT('',(-0.0198734975031716,-0.009578950304609,-0.024));
#2109=CARTESIAN_POINT('',(-0.0225963998492144,-0.0149806340185351,-0.024));
#2110=CARTESIAN_POINT('',(-0.0259962440717648,-0.0218655080042956,-0.024));
#2111=CARTESIAN_POINT('',(-0.0304712650903169,-0.0306385892250978,-0.024));
#2112=CARTESIAN_POINT('',(-0.0304712650903169,-0.0306385892250978,-0.024));
#2113=CARTESIAN_POINT('',(-0.0304712650903169,-0.0306385892250978,-0.016));
#2114=CARTESIAN_POINT('',(-0.0304712650903169,-0.0306385892250978,-0.016));
#2115=CARTESIAN_POINT('',(-0.0304712650903169,-0.0306385892250978,-0.016));
#2116=CARTESIAN_POINT('',(-0.0265185064581447,-0.0228893803649584,-0.016));
#2117=CARTESIAN_POINT('',(-0.0234046094282818,-0.0166133660088015,-0.016));
#2118=CARTESIAN_POINT('',(-0.0208551292126258,-0.0115314275027767,-0.016));
#2119=CARTESIAN_POINT('',(-0.0208551292126535,-0.0115314275028319,-0.016));
#2120=CARTESIAN_POINT('',(-0.0208551292126535,-0.0115314275028319,0.004));
#2121=CARTESIAN_POINT('',(-0.0208551292126535,-0.0115314275028319,0.004));
#2122=CARTESIAN_POINT('',(-0.0208551292126534,-0.0115314275028319,0.004));
#2123=CARTESIAN_POINT('',(-0.0107316521851276,0.00864793588469987,0.004));
#2124=CARTESIAN_POINT('',(-0.0095074793970986,0.00999999999999999,0.004));
#2125=CARTESIAN_POINT('',(3.75784204939873E-17,0.01,0.004));
#2126=CARTESIAN_POINT('',(-0.018,-0.037,0.006));
#2127=CARTESIAN_POINT('',(-0.018,-0.037,-0.024));
#2128=CARTESIAN_POINT('',(-0.018,-0.037,-0.016));
#2129=CARTESIAN_POINT('',(-0.018,-0.037,0.006));
#2130=CARTESIAN_POINT('',(-0.0251938807099664,-0.0335002742492055,-0.016));
#2131=CARTESIAN_POINT('',(-0.0251938807099664,-0.0335002742492055,-0.016));
#2132=CARTESIAN_POINT('',(-0.0251938807099664,-0.0335002742492055,-0.024));
#2133=CARTESIAN_POINT('',(-0.018,-0.037,-0.016));
#2134=CARTESIAN_POINT('',(-0.0108061192900336,-0.0404997257507944,-0.016));
#2135=CARTESIAN_POINT('',(-0.0108061192900336,-0.0404997257507944,-0.016));
#2136=CARTESIAN_POINT('',(-0.0108061192900336,-0.0404997257507944,-0.024));
#2137=CARTESIAN_POINT('',(-0.018,-0.037,-0.024));
#2138=CARTESIAN_POINT('',(-0.0108061192900336,-0.0404997257507944,0.006));
#2139=CARTESIAN_POINT('',(-0.00698604383349687,-0.0326473484234689,-0.016));
#2140=CARTESIAN_POINT('',(-0.00698604383349687,-0.0326473484234689,-0.016));
#2141=CARTESIAN_POINT('',(-0.00698604383349687,-0.0326473484234689,-0.016));
#2142=CARTESIAN_POINT('',(-0.00652496302782985,-0.03169957121182,-0.016));
#2143=CARTESIAN_POINT('',(-0.00561052022541864,-0.0298198832290859,-0.0151311982509789));
#2144=CARTESIAN_POINT('',(-0.00522927268393883,-0.0290362077271552,-0.0130513119970271));
#2145=CARTESIAN_POINT('',(-0.00522927268393883,-0.0290362077271552,-0.012));
#2146=CARTESIAN_POINT('',(-0.00522927268393883,-0.0290362077271551,-0.012));
#2147=CARTESIAN_POINT('',(-0.00522927268393883,-0.0290362077271551,0.004));
#2148=CARTESIAN_POINT('',(-0.00522927268393883,-0.0290362077271551,0.004));
#2149=CARTESIAN_POINT('',(-0.00522927268393883,-0.0290362077271551,0.004));
#2150=CARTESIAN_POINT('',(-0.00513316978565344,-0.0288386628806796,0.004));
#2151=CARTESIAN_POINT('',(-0.00513316978565344,-0.0288386628806796,0.004));
#2152=CARTESIAN_POINT('',(-0.00513316978565344,-0.0288386628806796,-0.024));
#2153=CARTESIAN_POINT('',(-0.0108061192900336,-0.0404997257507944,-0.024));
#2154=CARTESIAN_POINT('',(-0.0123270504956198,-0.0253389371298852,0.006));
#2155=CARTESIAN_POINT('',(-0.0153033636205478,-0.0179132007904787,0.004));
#2156=CARTESIAN_POINT('',(-0.0153033636205478,-0.0179132007904787,0.004));
#2157=CARTESIAN_POINT('',(-0.0153033636205478,-0.0179132007904787,-0.012));
#2158=CARTESIAN_POINT('',(-0.0153033636205478,-0.0179132007904788,-0.012));
#2159=CARTESIAN_POINT('',(-0.0153034610832683,-0.0179132398545609,-0.0124819338753271));
#2160=CARTESIAN_POINT('',(-0.0153986901840823,-0.017949270324778,-0.0131745005903809));
#2161=CARTESIAN_POINT('',(-0.0157325025030256,-0.018097874475112,-0.0140856602634227));
#2162=CARTESIAN_POINT('',(-0.0160491959598061,-0.0182530641687839,-0.0146702539241168));
#2163=CARTESIAN_POINT('',(-0.0164877556969245,-0.0184996222451625,-0.015242041806509));
#2164=CARTESIAN_POINT('',(-0.0170941528556104,-0.0188928692358312,-0.0157774396094361));
#2165=CARTESIAN_POINT('',(-0.0176585300516479,-0.0193560379745426,-0.016));
#2166=CARTESIAN_POINT('',(-0.0179896707593875,-0.0196878547779488,-0.016));
#2167=CARTESIAN_POINT('',(-0.0179896707593875,-0.0196878547779488,-0.016));
#2168=CARTESIAN_POINT('',(-0.0123270504956198,-0.0253389371298852,-0.016));
#2169=CARTESIAN_POINT('',(-0.0195209312055862,-0.0218392113790907,-0.016));
#2170=CARTESIAN_POINT('',(-0.0195209312055862,-0.0218392113790907,-0.016));
#2171=CARTESIAN_POINT('',(-0.0195209312055862,-0.0218392113790907,-0.024));
#2172=CARTESIAN_POINT('',(-0.0123270504956198,-0.0253389371298852,-0.024));
#2173=CARTESIAN_POINT('',(-0.0136130536298033,-0.0174429763942387,-0.024));
#2174=CARTESIAN_POINT('',(-0.0136130536298033,-0.0174429763942387,-0.002));
#2175=CARTESIAN_POINT('',(-0.0136130536298033,-0.0174429763942387,-0.002));
#2176=CARTESIAN_POINT('',(-0.0105163980619874,-0.0175465345629883,-2.04387901936577E-31));
#2177=CARTESIAN_POINT('',(-0.0111455923563812,-0.017400334187611,1.06090543868614E-17));
#2178=CARTESIAN_POINT('',(-0.0123496617599345,-0.0172908307903197,-0.00056770015255373));
#2179=CARTESIAN_POINT('',(-0.0131949345069058,-0.0173748779676495,-0.00152637035325539));
#2180=CARTESIAN_POINT('',(-0.0136130536298033,-0.0174429763942388,-0.002));
#2181=CARTESIAN_POINT('',(-0.00476872719248453,-0.0227175350536515,-5.41453096472527E-32));
#2182=CARTESIAN_POINT('',(-0.00455706317544756,-0.0233278287155473,-7.6938778793094E-18));
#2183=CARTESIAN_POINT('',(-0.00432133675637689,-0.0245136647829853,-0.000567700152213689));
#2184=CARTESIAN_POINT('',(-0.00431587843886931,-0.0253630882048547,-0.00152637035393676));
#2185=CARTESIAN_POINT('',(-0.00433955488531492,-0.0257860544247422,-0.002));
#2186=CARTESIAN_POINT('',(-0.00433955488531492,-0.0257860544247422,-0.002));
#2187=CARTESIAN_POINT('',(-0.00433955488531493,-0.0257860544247422,-0.002));
#2188=CARTESIAN_POINT('',(-0.00433955488531493,-0.0257860544247422,-0.024));
#2189=CARTESIAN_POINT('',(-0.0123270504956198,-0.0253389371298852,-0.024));
#2190=CARTESIAN_POINT('',(-0.0123270504956198,-0.0253389371298852,0.004));
#2191=CARTESIAN_POINT('',(-0.0195209312055862,-0.0218392113790907,0.006));
#2192=CARTESIAN_POINT('',(-0.0195209312055862,-0.0218392113790907,-0.024));
#2193=CARTESIAN_POINT('',(-0.0251938807099664,-0.0335002742492055,-0.016));
#2194=CARTESIAN_POINT('',(0.00363663378315656,0.00598121181092965,0.006));
#2195=CARTESIAN_POINT('',(0.00363663378315656,0.00598121181092965,0.0035));
#2196=CARTESIAN_POINT('',(0.00203663378315656,0.00598121181092965,0.0035));
#2197=CARTESIAN_POINT('',(-0.00598121181092965,0.00363663378315657,0.006));
#2198=CARTESIAN_POINT('',(-0.00598121181092965,0.00363663378315657,0.0035));
#2199=CARTESIAN_POINT('',(-0.00758121181092965,0.00363663378315657,0.0035));
#2200=CARTESIAN_POINT('',(0.00598121181092965,-0.00363663378315656,0.006));
#2201=CARTESIAN_POINT('',(0.00598121181092965,-0.00363663378315656,0.0035));
#2202=CARTESIAN_POINT('',(0.00438121181092965,-0.00363663378315656,0.0035));
#2203=CARTESIAN_POINT('',(-0.00363663378315656,-0.00598121181092965,0.006));
#2204=CARTESIAN_POINT('',(-0.00363663378315656,-0.00598121181092965,0.0035));
#2205=CARTESIAN_POINT('',(-0.00523663378315656,-0.00598121181092965,0.0035));
#2206=CARTESIAN_POINT('',(0.,0.,0.006));
#2207=CARTESIAN_POINT('',(-0.00927116454150866,-0.0179455914031207,-0.026));
#2208=CARTESIAN_POINT('',(-0.0123973344245761,-0.014189550902812,-0.024));
#2209=CARTESIAN_POINT('',(-0.0123973344245761,-0.014189550902812,-0.024));
#2210=CARTESIAN_POINT('',(-0.0123973344245761,-0.014189550902812,-0.002));
#2211=CARTESIAN_POINT('',(-0.016550350141518,-0.0091997724151673,-0.024));
#2212=CARTESIAN_POINT('',(-0.016550350141518,-0.0091997724151673,-0.024));
#2213=CARTESIAN_POINT('',(-0.016550350141518,-0.0091997724151673,-0.002));
#2214=CARTESIAN_POINT('',(-0.016550350141518,-0.0091997724151673,-0.002));
#2215=CARTESIAN_POINT('',(-0.016550350141518,-0.0091997724151673,-0.002));
#2216=CARTESIAN_POINT('',(-0.00510179024732456,-0.0219044627385984,-0.026));
#2217=CARTESIAN_POINT('',(0.000864314065039902,-0.025492824382748,-0.002));
#2218=CARTESIAN_POINT('',(0.000864314065039902,-0.025492824382748,-0.002));
#2219=CARTESIAN_POINT('',(0.000864314065039902,-0.025492824382748,-0.024));
#2220=CARTESIAN_POINT('',(-0.00131185257909787,-0.02418395137144,-0.024));
#2221=CARTESIAN_POINT('',(-0.00131185257909787,-0.02418395137144,-0.024));
#2222=CARTESIAN_POINT('',(-0.00131185257909787,-0.02418395137144,-0.024));
#2223=CARTESIAN_POINT('',(-0.00131185257909787,-0.02418395137144,-0.002));
#2224=CARTESIAN_POINT('',(-0.00131185257909787,-0.02418395137144,-0.002));
#2225=CARTESIAN_POINT('',(0.00352307268582925,-0.0232721971149735,-0.026));
#2226=CARTESIAN_POINT('',(-0.0123270504956198,-0.0253389371298852,-0.026));
#2227=CARTESIAN_POINT('',(-0.00234268098273871,-0.0258978337484564,-0.026));
#2228=CARTESIAN_POINT('',(-0.00333469960816185,-0.0297135943183782,-0.026));
#2229=CARTESIAN_POINT('',(-0.00234268098273871,-0.0258978337484564,-0.026));
#2230=CARTESIAN_POINT('',(-0.000166514338600931,-0.0272067067597643,-0.026));
#2231=CARTESIAN_POINT('',(-0.000166514338600931,-0.0272067067597643,-0.026));
#2232=CARTESIAN_POINT('',(-0.000685147538032935,-0.028460047623607,-0.026));
#2233=CARTESIAN_POINT('',(-0.00122253311073635,-0.0297054634095454,-0.0259999999999986));
#2234=CARTESIAN_POINT('',(-0.00177485713270077,-0.0309441860253079,-0.0259999999999882));
#2235=CARTESIAN_POINT('',(-0.00236341223684135,-0.0322641657638831,-0.0259999999999772));
#2236=CARTESIAN_POINT('',(-0.00296893107526106,-0.0335765452154141,-0.0259999999999661));
#2237=CARTESIAN_POINT('',(-0.00358684782642653,-0.0348827955743585,-0.0259999999999833));
#2238=CARTESIAN_POINT('',(-0.00358692348699731,-0.034882955517664,-0.0259999999999833));
#2239=CARTESIAN_POINT('',(-0.00358699914775399,-0.0348831154608776,-0.0259999999999833));
#2240=CARTESIAN_POINT('',(-0.0035870748086966,-0.0348832754039994,-0.0259999999999833));
#2241=CARTESIAN_POINT('',(-0.00464993113404385,-0.0371300959266292,-0.0260000000000129));
#2242=CARTESIAN_POINT('',(-0.00574945548291762,-0.0393587858409425,-0.026));
#2243=CARTESIAN_POINT('',(-0.00686838548992008,-0.0415783897262146,-0.026));
#2244=CARTESIAN_POINT('',(-0.00701052897868775,-0.0418603575329231,-0.026));
#2245=CARTESIAN_POINT('',(-0.00715298557497401,-0.0421421787382158,-0.026));
#2246=CARTESIAN_POINT('',(-0.00729571984782856,-0.0424238719033388,-0.026));
#2247=CARTESIAN_POINT('',(-0.00729571984782856,-0.0424238719033388,-0.026));
#2248=CARTESIAN_POINT('',(-0.018,-0.037,-0.026));
#2249=CARTESIAN_POINT('',(-0.0286896557917002,-0.031547362192941,-0.026));
#2250=CARTESIAN_POINT('',(-0.0286896557917002,-0.031547362192941,-0.026));
#2251=CARTESIAN_POINT('',(-0.0269034822410019,-0.0280456477718521,-0.026));
#2252=CARTESIAN_POINT('',(-0.0251322936669259,-0.0245363898349252,-0.026));
#2253=CARTESIAN_POINT('',(-0.0233699206133422,-0.02102269427185,-0.026));
#2254=CARTESIAN_POINT('',(-0.0224887340865504,-0.0192658464903124,-0.026));
#2255=CARTESIAN_POINT('',(-0.0216097514837058,-0.017507889280329,-0.026));
#2256=CARTESIAN_POINT('',(-0.0207306368005985,-0.0157499984115979,-0.026));
#2257=CARTESIAN_POINT('',(-0.0198515221174912,-0.0139921075428669,-0.026));
#2258=CARTESIAN_POINT('',(-0.0189722754772676,-0.0122342829538347,-0.026));
#2259=CARTESIAN_POINT('',(-0.018087570130286,-0.0104792077226721,-0.026));
#2260=CARTESIAN_POINT('',(-0.018087570130286,-0.0104792077226721,-0.026));
#2261=CARTESIAN_POINT('',(-0.0180875701302941,-0.0104792077226789,-0.026));
#2262=CARTESIAN_POINT('',(-0.0139345544133492,-0.0154689862103271,-0.026));
#2263=CARTESIAN_POINT('',(-0.0123270504956198,-0.0253389371298852,-0.026));
#2264=CARTESIAN_POINT('',(-0.0213194013830778,-0.0209642799413921,-0.026));
#2265=CARTESIAN_POINT('',(-0.0213194013830778,-0.0209642799413921,-0.026));
#2266=CARTESIAN_POINT('',(-0.0269923508874579,-0.0326253428115069,-0.026));
#2267=CARTESIAN_POINT('',(-0.018,-0.037,-0.026));
#2268=CARTESIAN_POINT('',(-0.00900764911254203,-0.0413746571884931,-0.026));
#2269=CARTESIAN_POINT('',(-0.00900764911254203,-0.0413746571884931,-0.026));
#2270=CARTESIAN_POINT('',(-0.0214418001409487,-0.0127019153218632,-0.014));
#2271=CARTESIAN_POINT('',(-0.017584661890553,-0.0173362020131422,-0.012));
#2272=CARTESIAN_POINT('',(-0.017584661890553,-0.0173362020131422,-0.012));
#2273=CARTESIAN_POINT('',(-0.017584661890553,-0.0173362020131422,0.004));
#2274=CARTESIAN_POINT('',(-0.017584661890553,-0.0173362020131422,0.004));
#2275=CARTESIAN_POINT('',(-0.0206046939711118,-0.0137076842962226,0.004));
#2276=CARTESIAN_POINT('',(-0.0206046939711118,-0.0137076842962226,0.004));
#2277=CARTESIAN_POINT('',(-0.0206046939711118,-0.0137076842962226,-0.0123354515757645));
#2278=CARTESIAN_POINT('',(-0.0206046939711118,-0.0137076842962226,-0.0123354515757645));
#2279=CARTESIAN_POINT('',(-0.0202452936956575,-0.0141394976783872,-0.0121102848073331));
#2280=CARTESIAN_POINT('',(-0.0198718107557675,-0.0145882311448566,-0.0120000000050929));
#2281=CARTESIAN_POINT('',(-0.0194848086897588,-0.0150532076138276,-0.012));
#2282=CARTESIAN_POINT('',(-0.0194848086897588,-0.0150532076138276,-0.012));
#2283=CARTESIAN_POINT('',(-0.017584661890553,-0.0173362020131422,-0.012));
#2284=CARTESIAN_POINT('',(-0.0192844525058416,-0.022709715726309,-0.014));
#2285=CARTESIAN_POINT('',(-0.00279244040249124,-0.032628969659543,0.004));
#2286=CARTESIAN_POINT('',(-0.00279244040249124,-0.032628969659543,0.004));
#2287=CARTESIAN_POINT('',(-0.00279244040249124,-0.032628969659543,-0.012));
#2288=CARTESIAN_POINT('',(-0.00279244040249123,-0.032628969659543,0.004));
#2289=CARTESIAN_POINT('',(-0.00446163091008798,-0.0316250215418702,0.004));
#2290=CARTESIAN_POINT('',(-0.00446163091008798,-0.0316250215418702,0.004));
#2291=CARTESIAN_POINT('',(-0.00446163091008798,-0.0316250215418702,-0.012));
#2292=CARTESIAN_POINT('',(-0.00279244040249124,-0.032628969659543,-0.012));
#2293=CARTESIAN_POINT('',(0.00352307268582925,-0.0232721971149735,-0.014));
#2294=CARTESIAN_POINT('',(-0.00729571984782856,-0.0424238719033388,-0.014));
#2295=CARTESIAN_POINT('',(-0.006327749813427,-0.0405135350424778,-0.014));
#2296=CARTESIAN_POINT('',(-0.00537283085096183,-0.0385968548533494,-0.0140000000000174));
#2297=CARTESIAN_POINT('',(-0.00444119286192798,-0.0366688514306166,-0.0140000000000117));
#2298=CARTESIAN_POINT('',(-0.00410077963063779,-0.0359643740662364,-0.0140000000000096));
#2299=CARTESIAN_POINT('',(-0.00376347480055321,-0.0352583848763104,-0.014));
#2300=CARTESIAN_POINT('',(-0.00342995802113174,-0.0345505546214718,-0.014));
#2301=CARTESIAN_POINT('',(-0.00729571984782856,-0.0424238719033388,-0.014));
#2302=CARTESIAN_POINT('',(-0.00342996486946548,-0.0345505513385119,-0.0140000000000036));
#2303=CARTESIAN_POINT('',(-0.00176161199885049,-0.0309150872825266,-0.014));
#2304=CARTESIAN_POINT('',(-0.00382326880613198,-0.0343428520365594,-0.014));
#2305=CARTESIAN_POINT('',(-0.00382326880613198,-0.0343428520365594,-0.014));
#2306=CARTESIAN_POINT('',(-0.00518757365600528,-0.0335222798611675,-0.014));
#2307=CARTESIAN_POINT('',(-0.00518757365600528,-0.0335222798611675,-0.014));
#2308=CARTESIAN_POINT('',(-0.00900764911254203,-0.0413746571884931,-0.014));
#2309=CARTESIAN_POINT('',(-0.018,-0.037,-0.014));
#2310=CARTESIAN_POINT('',(-0.026992350887458,-0.0326253428115069,-0.014));
#2311=CARTESIAN_POINT('',(-0.026992350887458,-0.0326253428115069,-0.014));
#2312=CARTESIAN_POINT('',(-0.0213194013830778,-0.0209642799413921,-0.014));
#2313=CARTESIAN_POINT('',(-0.0123270504956198,-0.0253389371298852,-0.014));
#2314=CARTESIAN_POINT('',(-0.0194053258253295,-0.0182750841899647,-0.014));
#2315=CARTESIAN_POINT('',(-0.0194053258253295,-0.0182750841899647,-0.014));
#2316=CARTESIAN_POINT('',(-0.0210224698424943,-0.0163324359784509,-0.014));
#2317=CARTESIAN_POINT('',(-0.0210225442968795,-0.0163323851131581,-0.014));
#2318=CARTESIAN_POINT('',(-0.0219577465150396,-0.0182020209456327,-0.014));
#2319=CARTESIAN_POINT('',(-0.0228926207765791,-0.0200718226805956,-0.014000000002259));
#2320=CARTESIAN_POINT('',(-0.023830424928702,-0.0219401459283861,-0.0140000000033));
#2321=CARTESIAN_POINT('',(-0.0241664859570409,-0.0226096573935473,-0.014000000003673));
#2322=CARTESIAN_POINT('',(-0.0245029232306036,-0.0232789790130217,-0.0140000000033493));
#2323=CARTESIAN_POINT('',(-0.0248397583155683,-0.0239481013905958,-0.0140000000023039));
#2324=CARTESIAN_POINT('',(-0.0261165576172163,-0.0264844612371168,-0.0139999999983413));
#2325=CARTESIAN_POINT('',(-0.0273993616562064,-0.0290177974818642,-0.014));
#2326=CARTESIAN_POINT('',(-0.0286896557917002,-0.031547362192941,-0.014));
#2327=CARTESIAN_POINT('',(-0.0286896557917002,-0.031547362192941,-0.014));
#2328=CARTESIAN_POINT('',(-0.018,-0.037,-0.014));
#2329=CARTESIAN_POINT('',(-0.0160474419017799,-0.0160567667056271,0.006));
#2330=CARTESIAN_POINT('',(-0.0160474419017799,-0.0160567667056271,0.004));
#2331=CARTESIAN_POINT('',(-0.0160474419017799,-0.0160567667056271,-0.012));
#2332=CARTESIAN_POINT('',(-0.00343080250644723,-0.0299111391648538,-0.014));
#2333=CARTESIAN_POINT('',(-0.00343080250644723,-0.0299111391648538,0.004));
#2334=CARTESIAN_POINT('',(-0.00522927268393879,-0.0290362077271551,-0.012));
#2335=CARTESIAN_POINT('',(-0.00544539297919323,-0.0294804550007337,-0.012));
#2336=CARTESIAN_POINT('',(-0.00553137260383664,-0.0305340056477551,-0.012));
#2337=CARTESIAN_POINT('',(-0.00488498381454693,-0.0313703925168377,-0.012));
#2338=CARTESIAN_POINT('',(-0.00446163091008799,-0.0316250215418702,-0.012));
#2339=CARTESIAN_POINT('',(-0.0123270504956198,-0.0253389371298852,0.004));
#2340=CARTESIAN_POINT('',(-0.0160474419017799,-0.0160567667056271,0.004));
#2341=CARTESIAN_POINT('',(-0.00333469960816185,-0.0297135943183782,0.004));
#2342=CARTESIAN_POINT('',(-0.00900764911254203,-0.0413746571884931,0.004));
#2343=CARTESIAN_POINT('',(-0.00343080250644724,-0.0299111391648538,0.004));
#2344=CARTESIAN_POINT('',(-0.0180875701302911,-0.0104792077226824,-0.013));
#2345=CARTESIAN_POINT('',(-0.0180875701302911,-0.0104792077226824,-0.024));
#2346=CARTESIAN_POINT('',(-0.0180875701302911,-0.0104792077226824,-0.002));
#2347=CARTESIAN_POINT('',(-0.0304712650903169,-0.0306385892250978,-0.024));
#2348=CARTESIAN_POINT('',(-0.0304712650903169,-0.0306385892250978,-0.026));
#2349=CARTESIAN_POINT('',(-0.0286896557917002,-0.031547362192941,-0.026));
#2350=CARTESIAN_POINT('',(-0.0286875324265354,-0.0271416600552284,-0.024));
#2351=CARTESIAN_POINT('',(-0.0286875324264706,-0.0271416600551094,-0.0259999999999518));
#2352=CARTESIAN_POINT('',(-0.0269034760653632,-0.0280456356647851,-0.026));
#2353=CARTESIAN_POINT('',(-0.0260342410391537,-0.0218847021223868,-0.024));
#2354=CARTESIAN_POINT('',(-0.0260342410391252,-0.0218847021224378,-0.0260000000000149));
#2355=CARTESIAN_POINT('',(-0.0242466803477683,-0.022781723168226,-0.026));
#2356=CARTESIAN_POINT('',(-0.0225200560794036,-0.0148563755103347,-0.024));
#2357=CARTESIAN_POINT('',(-0.0225200560794727,-0.0148563755102894,-0.0259999999999912));
#2358=CARTESIAN_POINT('',(-0.0207307476998408,-0.0157498896607883,-0.026));
#2359=CARTESIAN_POINT('',(-0.0207601956385093,-0.0113379788220227,-0.024));
#2360=CARTESIAN_POINT('',(-0.0207601956383507,-0.0113379788221103,-0.0260000000000145));
#2361=CARTESIAN_POINT('',(-0.0189722282088691,-0.0122341891833767,-0.026));
#2362=CARTESIAN_POINT('',(-0.0198734975031716,-0.00957895030460906,-0.024));
#2363=CARTESIAN_POINT('',(-0.0198734975031716,-0.00957895030460906,-0.026));
#2364=CARTESIAN_POINT('',(-0.018087570130286,-0.0104792077226721,-0.026));
#2365=CARTESIAN_POINT('',(-0.0180875701302911,-0.0104792077226824,-0.024));
#2366=CARTESIAN_POINT('',(-0.0286896557917002,-0.031547362192941,-0.024));
#2367=CARTESIAN_POINT('',(-0.000166514338600931,-0.0272067067597643,-0.013));
#2368=CARTESIAN_POINT('',(-0.000166514338600931,-0.0272067067597643,-0.024));
#2369=CARTESIAN_POINT('',(-0.000166514338600931,-0.0272067067597643,-0.002));
#2370=CARTESIAN_POINT('',(-0.018,-0.037,-0.024));
#2371=CARTESIAN_POINT('',(-0.00729571984782856,-0.0424238719033388,-0.024));
#2372=CARTESIAN_POINT('',(-0.00731085862320707,-0.0424162010672565,-0.026));
#2373=CARTESIAN_POINT('',(-0.00730328923551782,-0.0424200364852977,-0.026));
#2374=CARTESIAN_POINT('',(-0.00729571984782856,-0.0424238719033388,-0.026));
#2375=CARTESIAN_POINT('',(-0.00551167315579998,-0.0433278505538953,-0.026));
#2376=CARTESIAN_POINT('',(-0.00551167315579998,-0.0433278505538953,-0.024));
#2377=CARTESIAN_POINT('',(-0.00604451052495494,-0.0399170003020154,-0.026));
#2378=CARTESIAN_POINT('',(-0.00603691777250737,-0.0399207896085477,-0.026));
#2379=CARTESIAN_POINT('',(-0.00602932502005981,-0.0399245789150799,-0.026));
#2380=CARTESIAN_POINT('',(-0.00423977143348702,-0.0408176894362271,-0.0260000000000275));
#2381=CARTESIAN_POINT('',(-0.00423977143366596,-0.0408176894360837,-0.024));
#2382=CARTESIAN_POINT('',(-0.00355576296985169,-0.0348988989308613,-0.026));
#2383=CARTESIAN_POINT('',(-0.00354810636068734,-0.0349025614655049,-0.026));
#2384=CARTESIAN_POINT('',(-0.003540449751523,-0.0349062240001486,-0.026));
#2385=CARTESIAN_POINT('',(-0.0017358456259879,-0.0357694553583122,-0.0259999999999966));
#2386=CARTESIAN_POINT('',(-0.00173584562600142,-0.0357694553583156,-0.024));
#2387=CARTESIAN_POINT('',(-0.00125274615501413,-0.0297873335720773,-0.026));
#2388=CARTESIAN_POINT('',(-0.00124497124722753,-0.0297907374838724,-0.026));
#2389=CARTESIAN_POINT('',(-0.00123719633944092,-0.0297941413956675,-0.026));
#2390=CARTESIAN_POINT('',(0.000595289865118059,-0.0305964173296426,-0.0259999999999794));
#2391=CARTESIAN_POINT('',(0.00059528986532404,-0.0305964173297792,-0.024));
#2392=CARTESIAN_POINT('',(-0.000182196042777657,-0.0272002176611924,-0.026));
#2393=CARTESIAN_POINT('',(-0.000174355190689294,-0.0272034622104783,-0.026));
#2394=CARTESIAN_POINT('',(-0.000166514338600931,-0.0272067067597643,-0.026));
#2395=CARTESIAN_POINT('',(0.00168151443270703,-0.0279714221711547,-0.026));
#2396=CARTESIAN_POINT('',(0.00168151443270703,-0.0279714221711547,-0.024));
#2397=CARTESIAN_POINT('',(-0.000166514338600939,-0.0272067067597643,-0.024));
#2398=CARTESIAN_POINT('',(3.46944695195361E-17,0.01,0.004));
#2399=CARTESIAN_POINT('',(3.92523114670943E-17,0.01,0.006));
#2400=CARTESIAN_POINT('',(3.46944695195361E-17,0.008,0.006));
#2401=CARTESIAN_POINT('',(3.46944695195361E-17,0.00799148265603596,0.006));
#2402=CARTESIAN_POINT('',(3.46944695195361E-17,0.00798296531207192,0.006));
#2403=CARTESIAN_POINT('',(-0.000645889258566894,0.01,0.00400000000000329));
#2404=CARTESIAN_POINT('',(-0.000645889258566899,0.0100000000015067,0.00600000000000155));
#2405=CARTESIAN_POINT('',(-0.000633007852677787,0.00800000000142093,0.006));
#2406=CARTESIAN_POINT('',(-0.000632952994995441,0.00799148265745652,0.006));
#2407=CARTESIAN_POINT('',(-0.000632898137313092,0.00798296531349212,0.006));
#2408=CARTESIAN_POINT('',(-0.00162553707154283,0.00999199608058326,0.00399999999999925));
#2409=CARTESIAN_POINT('',(-0.00162553707154283,0.00999199608024351,0.00599999999999964));
#2410=CARTESIAN_POINT('',(-0.00158205345752515,0.00799187814263521,0.006));
#2411=CARTESIAN_POINT('',(-0.00158186827507645,0.00798336029641358,0.006));
#2412=CARTESIAN_POINT('',(-0.00158168309262776,0.00797484245019195,0.006));
#2413=CARTESIAN_POINT('',(-0.00297762327871196,0.00992695283159298,0.00400000000000014));
#2414=CARTESIAN_POINT('',(-0.00297762327871195,0.00992695283165697,0.00600000000000007));
#2415=CARTESIAN_POINT('',(-0.00284494634917902,0.00793080605419786,0.006));
#2416=CARTESIAN_POINT('',(-0.00284438132165656,0.0079223051198447,0.006));
#2417=CARTESIAN_POINT('',(-0.0028438162941341,0.00791380418549153,0.006));
#2418=CARTESIAN_POINT('',(-0.00402474245505704,0.00983281530087435,0.004));
#2419=CARTESIAN_POINT('',(-0.00402474245505704,0.0098328153008572,0.00599999999999998));
#2420=CARTESIAN_POINT('',(-0.00378964925002176,0.00784537598722229,0.006));
#2421=CARTESIAN_POINT('',(-0.0037886480651763,0.00783691213510135,0.006));
#2422=CARTESIAN_POINT('',(-0.00378764688033085,0.00782844828298041,0.006));
#2423=CARTESIAN_POINT('',(-0.00512143312131781,0.00966359207182237,0.004));
#2424=CARTESIAN_POINT('',(-0.00512143312131782,0.00966359207182697,0.00600000000000001));
#2425=CARTESIAN_POINT('',(-0.00473255671481099,0.00769888017038742,0.006));
#2426=CARTESIAN_POINT('',(-0.00473090061775413,0.00769051310686002,0.006));
#2427=CARTESIAN_POINT('',(-0.00472924452069727,0.00768214604333262,0.006));
#2428=CARTESIAN_POINT('',(-0.00625197375888184,0.00937937746405692,0.004));
#2429=CARTESIAN_POINT('',(-0.00625197375888184,0.00937937746405565,0.006));
#2430=CARTESIAN_POINT('',(-0.00564742732372493,0.00746712369364771,0.006));
#2431=CARTESIAN_POINT('',(-0.00564485275875969,0.00745898003209316,0.006));
#2432=CARTESIAN_POINT('',(-0.00564227819379446,0.00745083637053861,0.006));
#2433=CARTESIAN_POINT('',(-0.00720813101799642,0.00900395776522476,0.004));
#2434=CARTESIAN_POINT('',(-0.00720813101799641,0.00900395776522491,0.006));
#2435=CARTESIAN_POINT('',(-0.00638095039316821,0.00717818790799638,0.006));
#2436=CARTESIAN_POINT('',(-0.00637742770221719,0.00717041255305979,0.006));
#2437=CARTESIAN_POINT('',(-0.00637390501126616,0.00716263719812319,0.006));
#2438=CARTESIAN_POINT('',(-0.00794920452920235,0.0086107213597206,0.004));
#2439=CARTESIAN_POINT('',(-0.00794920452920236,0.00861072135972057,0.006));
#2440=CARTESIAN_POINT('',(-0.00694631147418948,0.00687829363585856,0.006));
#2441=CARTESIAN_POINT('',(-0.00694204048163514,0.00687091579445008,0.006));
#2442=CARTESIAN_POINT('',(-0.00693776948908079,0.00686353795304159,0.006));
#2443=CARTESIAN_POINT('',(-0.00864258885876632,0.0081751651051107,0.004));
#2444=CARTESIAN_POINT('',(-0.0086425888587663,0.00817516510511071,0.006));
#2445=CARTESIAN_POINT('',(-0.0074810407393411,0.00654261100210401,0.006));
#2446=CARTESIAN_POINT('',(-0.00747609408690914,0.0065356584896864,0.006));
#2447=CARTESIAN_POINT('',(-0.00747114743447717,0.0065287059772688,0.006));
#2448=CARTESIAN_POINT('',(-0.00942081409705512,0.00756807076601657,0.004));
#2449=CARTESIAN_POINT('',(-0.00942081409705512,0.00756807076601656,0.006));
#2450=CARTESIAN_POINT('',(-0.00810115382582204,0.00606035078469853,0.006));
#2451=CARTESIAN_POINT('',(-0.00809553382559916,0.00605392989985736,0.006));
#2452=CARTESIAN_POINT('',(-0.00808991382537627,0.00604750901501619,0.006));
#2453=CARTESIAN_POINT('',(-0.0102366394154569,0.00678056474372628,0.004));
#2454=CARTESIAN_POINT('',(-0.0102366394154569,0.00678056474372629,0.006));
#2455=CARTESIAN_POINT('',(-0.00878692170951225,0.00539993229436822,0.006));
#2456=CARTESIAN_POINT('',(-0.0087807478373361,0.00539405263363867,0.006));
#2457=CARTESIAN_POINT('',(-0.00877457396515996,0.00538817297290913,0.006));
#2458=CARTESIAN_POINT('',(-0.0109537714317487,0.00597168431407267,0.004));
#2459=CARTESIAN_POINT('',(-0.0109537714317487,0.00597168431407267,0.006));
#2460=CARTESIAN_POINT('',(-0.00941643048900528,0.00469074408982028,0.006));
#2461=CARTESIAN_POINT('',(-0.00940988345820561,0.00468528898557662,0.006));
#2462=CARTESIAN_POINT('',(-0.00940333642740594,0.00467983388133295,0.006));
#2463=CARTESIAN_POINT('',(-0.0118102279100556,0.00488741252111832,0.004));
#2464=CARTESIAN_POINT('',(-0.0118102279100556,0.00488741252111832,0.006));
#2465=CARTESIAN_POINT('',(-0.0101926545141568,0.00370877558776729,0.006));
#2466=CARTESIAN_POINT('',(-0.0101857657996568,0.00370375615968225,0.006));
#2467=CARTESIAN_POINT('',(-0.0101788770851568,0.00369873673159722,0.006));
#2468=CARTESIAN_POINT('',(-0.0127570306500544,0.00351960015916661,0.004));
#2469=CARTESIAN_POINT('',(-0.0127570306500544,0.00351960015916661,0.006));
#2470=CARTESIAN_POINT('',(-0.0110810512399016,0.00242697390542007,0.006));
#2471=CARTESIAN_POINT('',(-0.0110739137933451,0.00242232076860642,0.006));
#2472=CARTESIAN_POINT('',(-0.0110667763467887,0.00241766763179277,0.006));
#2473=CARTESIAN_POINT('',(-0.0137863317318655,0.0018664651086829,0.004));
#2474=CARTESIAN_POINT('',(-0.0137863317318655,0.00186646510868291,0.006));
#2475=CARTESIAN_POINT('',(-0.0120697495919674,0.000839519877842809,0.006));
#2476=CARTESIAN_POINT('',(-0.0120624392317034,0.000835146454961161,0.006));
#2477=CARTESIAN_POINT('',(-0.0120551288714394,0.000830773032079514,0.006));
#2478=CARTESIAN_POINT('',(-0.0147509085142395,0.000203852092347172,0.004));
#2479=CARTESIAN_POINT('',(-0.0147509085142394,0.000203852092347139,0.006));
#2480=CARTESIAN_POINT('',(-0.0130093736538213,-0.000779798997129331,0.006));
#2481=CARTESIAN_POINT('',(-0.0130019570281055,-0.000783988044464168,0.006));
#2482=CARTESIAN_POINT('',(-0.0129945404023898,-0.000788177091799005,0.006));
#2483=CARTESIAN_POINT('',(-0.0156742752844497,-0.00146558537832103,0.004));
#2484=CARTESIAN_POINT('',(-0.0156742752844499,-0.00146558537832092,0.006));
#2485=CARTESIAN_POINT('',(-0.0139165769485364,-0.00241991543224887,0.006));
#2486=CARTESIAN_POINT('',(-0.0139090914878804,-0.00242397961091113,0.006));
#2487=CARTESIAN_POINT('',(-0.0139016060272244,-0.00242804378957339,0.006));
#2488=CARTESIAN_POINT('',(-0.0165704068218443,-0.00314031467323991,0.004));
#2489=CARTESIAN_POINT('',(-0.0165704068218434,-0.00314031467324033,0.006));
#2490=CARTESIAN_POINT('',(-0.0148019288580668,-0.00407444627313081,0.006));
#2491=CARTESIAN_POINT('',(-0.0147943974905116,-0.00407842443320278,0.006));
#2492=CARTESIAN_POINT('',(-0.0147868661229565,-0.00408240259327476,0.006));
#2493=CARTESIAN_POINT('',(-0.0177391297022754,-0.0053757060793714,0.004));
#2494=CARTESIAN_POINT('',(-0.0177391297022799,-0.00537570607936915,0.006));
#2495=CARTESIAN_POINT('',(-0.0159609181080259,-0.00629118584899331,0.006));
#2496=CARTESIAN_POINT('',(-0.0159533452881314,-0.00629508457703831,0.006));
#2497=CARTESIAN_POINT('',(-0.0159457724682368,-0.00629898330508332,0.006));
#2498=CARTESIAN_POINT('',(-0.019167206592346,-0.00817321510727239,0.004));
#2499=CARTESIAN_POINT('',(-0.0191672065923098,-0.00817321510729057,0.006));
#2500=CARTESIAN_POINT('',(-0.0173825172745321,-0.00907594053267562,0.006));
#2501=CARTESIAN_POINT('',(-0.0173749168681379,-0.00907978494415216,0.006));
#2502=CARTESIAN_POINT('',(-0.0173673164617436,-0.00908362935562871,0.006));
#2503=CARTESIAN_POINT('',(-0.0202936067668922,-0.0104121316865365,0.004));
#2504=CARTESIAN_POINT('',(-0.0202936067669683,-0.0104121316864983,0.006));
#2505=CARTESIAN_POINT('',(-0.0185066682517048,-0.0113103818172348,0.006));
#2506=CARTESIAN_POINT('',(-0.0184990582667163,-0.0113142071698994,0.006));
#2507=CARTESIAN_POINT('',(-0.0184914482817277,-0.011318032522564,0.006));
#2508=CARTESIAN_POINT('',(-0.0208551292126535,-0.0115314275028319,0.004));
#2509=CARTESIAN_POINT('',(-0.0208551292126535,-0.0115314275028319,0.006));
#2510=CARTESIAN_POINT('',(-0.0190674739823386,-0.0124282489887075,0.006));
#2511=CARTESIAN_POINT('',(-0.0190598609450957,-0.0124320682572423,0.006));
#2512=CARTESIAN_POINT('',(-0.0190522479078529,-0.012435887525777,0.006));
#2513=CARTESIAN_POINT('',(-0.0190674739823386,-0.0124282489887075,0.004));
#2514=CARTESIAN_POINT('',(3.46944695195361E-17,0.008,0.004));
#2515=CARTESIAN_POINT('',(-0.0190674739823386,-0.0124282489887075,-0.004));
#2516=CARTESIAN_POINT('',(-0.0190674739823386,-0.0124282489887075,0.004));
#2517=CARTESIAN_POINT('',(-0.0208551292126534,-0.0115314275028319,-0.016));
#2518=CARTESIAN_POINT('',(-0.0209045106470155,-0.0116298606701994,-0.0157800297867224));
#2519=CARTESIAN_POINT('',(-0.020956329246277,-0.0117629662272579,-0.0154965816151521));
#2520=CARTESIAN_POINT('',(-0.0209925566920109,-0.0118842790163437,-0.0152470055029782));
#2521=CARTESIAN_POINT('',(-0.021005969262635,-0.0119358308341619,-0.0151427698905032));
#2522=CARTESIAN_POINT('',(-0.0210126413738215,-0.0119627857638595,-0.0150886480999655));
#2523=CARTESIAN_POINT('',(-0.0210301053492983,-0.0120387762025222,-0.0149373420848174));
#2524=CARTESIAN_POINT('',(-0.0210471535415202,-0.0121347336432425,-0.0147507934304645));
#2525=CARTESIAN_POINT('',(-0.0210621563453749,-0.0122645620422407,-0.014505406888838));
#2526=CARTESIAN_POINT('',(-0.0210670011575244,-0.0123643005273694,-0.0143227545288532));
#2527=CARTESIAN_POINT('',(-0.0210678620990489,-0.0124407584171639,-0.0141854489655915));
#2528=CARTESIAN_POINT('',(-0.0210636816168367,-0.0126030567862151,-0.0138995274562009));
#2529=CARTESIAN_POINT('',(-0.0210428577930531,-0.0127650809416372,-0.0136287487347893));
#2530=CARTESIAN_POINT('',(-0.0210049527191409,-0.0129275611096873,-0.0133719923524569));
#2531=CARTESIAN_POINT('',(-0.0209821172586552,-0.0130077613858824,-0.0132489942836042));
#2532=CARTESIAN_POINT('',(-0.0209471211471375,-0.0131163471318242,-0.0130863206019555));
#2533=CARTESIAN_POINT('',(-0.0208877735801291,-0.0132637607413731,-0.0128761980893433));
#2534=CARTESIAN_POINT('',(-0.0207782736805188,-0.0134758568193257,-0.0125950989367298));
#2535=CARTESIAN_POINT('',(-0.0206775125755633,-0.0136201939685289,-0.0124266943079476));
#2536=CARTESIAN_POINT('',(-0.0206046939711118,-0.0137076842962226,-0.0123354515757645));
#2537=CARTESIAN_POINT('',(0.,0.,0.004));
#2538=CARTESIAN_POINT('',(0.00801797583321573,-0.00202059160625614,0.00598187339942958));
#2539=CARTESIAN_POINT('',(0.00794972384975026,-0.00193457084122961,0.00599369454722205));
#2540=CARTESIAN_POINT('',(0.00787673900602794,-0.0018537808757731,0.006));
#2541=CARTESIAN_POINT('',(0.00779980682890466,-0.00177848627539609,0.006));
#2542=CARTESIAN_POINT('',(0.00801797583321573,-0.00202059160625615,0.00598187339942958));
#2543=CARTESIAN_POINT('',(0.00775746154319404,-0.00195494000057945,0.004));
#2544=CARTESIAN_POINT('',(0.00610632950261521,0.00516843690156812,0.006));
#2545=CARTESIAN_POINT('',(0.00629583275614754,0.0057442609934313,0.006));
#2546=CARTESIAN_POINT('',(0.00625788979913255,0.00665495784386051,0.00571847897045877));
#2547=CARTESIAN_POINT('',(0.00569596890698372,0.00764619025168507,0.00531090695175415));
#2548=CARTESIAN_POINT('',(0.00501721541633007,0.00824766291178437,0.0051444747132179));
#2549=CARTESIAN_POINT('',(0.00416511739602059,0.00857655157273002,0.00531119555680386));
#2550=CARTESIAN_POINT('',(0.00302974102274437,0.00861797826405022,0.0057182890233337));
#2551=CARTESIAN_POINT('',(0.00220252263440351,0.00823306552361218,0.00599999999999998));
#2552=CARTESIAN_POINT('',(0.00177848627539614,0.00779980682890474,0.006));
#2553=CARTESIAN_POINT('',(-0.0286896557917002,-0.031547362192941,-0.014));
#2554=CARTESIAN_POINT('',(-0.0304712650903169,-0.0306385892250978,-0.014));
#2555=CARTESIAN_POINT('',(-0.0304712650903169,-0.0306385892250978,-0.016));
#2556=CARTESIAN_POINT('',(-0.0270589660903278,-0.0283504669968474,-0.014));
#2557=CARTESIAN_POINT('',(-0.0288428094304261,-0.0274460737688892,-0.0139999999999472));
#2558=CARTESIAN_POINT('',(-0.0288428094304852,-0.0274460737689802,-0.016));
#2559=CARTESIAN_POINT('',(-0.0238214872410446,-0.0219446721530844,-0.014));
#2560=CARTESIAN_POINT('',(-0.0256094492518895,-0.0210484497688314,-0.0140000000000264));
#2561=CARTESIAN_POINT('',(-0.0256094492517546,-0.021048449768834,-0.016));
#2562=CARTESIAN_POINT('',(-0.0206193484384263,-0.0155209786127834,-0.014));
#2563=CARTESIAN_POINT('',(-0.02240906822396,-0.0146282715781495,-0.014));
#2564=CARTESIAN_POINT('',(-0.0224090682241706,-0.0146282715780533,-0.016));
#2565=CARTESIAN_POINT('',(-0.019009883597316,-0.0123134646358462,-0.014));
#2566=CARTESIAN_POINT('',(-0.020797463751384,-0.0114164935143589,-0.014));
#2567=CARTESIAN_POINT('',(-0.020797463751384,-0.0114164935143589,-0.016));
#2568=CARTESIAN_POINT('',(-0.0210223809966822,-0.0163320586469837,-0.014));
#2569=CARTESIAN_POINT('',(-0.0210484181399684,-0.0162682687448832,-0.0140000000000001));
#2570=CARTESIAN_POINT('',(-0.0211111437954426,-0.0161140090356873,-0.0140054678609788));
#2571=CARTESIAN_POINT('',(-0.0211961089474518,-0.0159057192535367,-0.0140253154387684));
#2572=CARTESIAN_POINT('',(-0.0213063905594565,-0.0156364539504878,-0.0140794247060208));
#2573=CARTESIAN_POINT('',(-0.0213810830839098,-0.0154541168091742,-0.0141296751563265));
#2574=CARTESIAN_POINT('',(-0.0214142722485299,-0.0153718370729595,-0.0141582563973028));
#2575=CARTESIAN_POINT('',(-0.0214249388733971,-0.0153457104860684,-0.0141675395144861));
#2576=CARTESIAN_POINT('',(-0.0214249218546258,-0.015345719011273,-0.0141675831629831));
#2577=CARTESIAN_POINT('',(-0.0214249389174064,-0.015345710473668,-0.014167539534123));
#2578=CARTESIAN_POINT('',(-0.0214730574107259,-0.0152278501367243,-0.0142094168522394));
#2579=CARTESIAN_POINT('',(-0.0215326381791448,-0.0150263911697196,-0.0142862850972079));
#2580=CARTESIAN_POINT('',(-0.0215808805304782,-0.0147270523521877,-0.0144099878708601));
#2581=CARTESIAN_POINT('',(-0.0215998785084631,-0.0144567230954428,-0.0145268392984582));
#2582=CARTESIAN_POINT('',(-0.0216002486989498,-0.0142662768037283,-0.0146114124718389));
#2583=CARTESIAN_POINT('',(-0.0215904176842032,-0.014026479862692,-0.0147202808384263));
#2584=CARTESIAN_POINT('',(-0.021568902235361,-0.0138104625106642,-0.0148214654981704));
#2585=CARTESIAN_POINT('',(-0.0215453485984144,-0.013635532082994,-0.0149049009910089));
#2586=CARTESIAN_POINT('',(-0.0215182982699995,-0.0134730713542387,-0.014983572398354));
#2587=CARTESIAN_POINT('',(-0.0215055589539466,-0.0134062282718756,-0.0150162043235206));
#2588=CARTESIAN_POINT('',(-0.0214775323242004,-0.0132658542363154,-0.0150849628391627));
#2589=CARTESIAN_POINT('',(-0.021417852002348,-0.0130034465340762,-0.0152153153377199));
#2590=CARTESIAN_POINT('',(-0.0213043093358957,-0.0126047415766622,-0.0154196712957138));
#2591=CARTESIAN_POINT('',(-0.0211453949115155,-0.0121751248364737,-0.0156476324067928));
#2592=CARTESIAN_POINT('',(-0.0210012977177098,-0.0118308034784598,-0.0158341599736787));
#2593=CARTESIAN_POINT('',(-0.0209066232322738,-0.0116340629971625,-0.0159425855235668));
#2594=CARTESIAN_POINT('',(-0.0208551304806902,-0.0115314268666553,-0.016));
#2595=CARTESIAN_POINT('',(-0.0286896557917002,-0.031547362192941,-0.016));
#2596=CARTESIAN_POINT('',(0.00775746154319404,-0.00195494000057944,0.006));
#2597=CARTESIAN_POINT('',(0.00969682692899255,-0.0024436750007243,0.006));
#2598=CARTESIAN_POINT('',(0.00969682692899255,-0.0024436750007243,0.004));
#2599=CARTESIAN_POINT('',(0.0071356083966074,-0.00442253587058178,0.006));
#2600=CARTESIAN_POINT('',(0.00907279937097158,-0.00491989922413191,0.00600000000000469));
#2601=CARTESIAN_POINT('',(0.00907279937078894,-0.00491989922408814,0.004));
#2602=CARTESIAN_POINT('',(0.00617975304141067,-0.00811774004156311,0.006));
#2603=CARTESIAN_POINT('',(0.00811223535802988,-0.00863370419289957,0.00599999999999895));
#2604=CARTESIAN_POINT('',(0.00811223535806909,-0.00863370419290887,0.004));
#2605=CARTESIAN_POINT('',(0.00479918633558418,-0.0130151555246026,0.006));
#2606=CARTESIAN_POINT('',(0.00671927842084085,-0.0135752888938094,0.0060000000000002));
#2607=CARTESIAN_POINT('',(0.00671927842083636,-0.0135752888938085,0.00399999999999995));
#2608=CARTESIAN_POINT('',(0.00332027680610455,-0.0178873168825106,0.006));
#2609=CARTESIAN_POINT('',(0.00522280131909288,-0.0185057496551586,0.00599999999999989));
#2610=CARTESIAN_POINT('',(0.00522280131908059,-0.0185057496551548,0.00400000000000026));
#2611=CARTESIAN_POINT('',(0.00123789226516774,-0.0238917765267622,0.006));
#2612=CARTESIAN_POINT('',(0.00310692775052893,-0.0246073485061969,0.00600000000000004));
#2613=CARTESIAN_POINT('',(0.00310692775066202,-0.0246073485062357,0.0039999999999979));
#2614=CARTESIAN_POINT('',(-0.000725994363208346,-0.0285911447146049,0.006));
#2615=CARTESIAN_POINT('',(0.00111322607696876,-0.029377399427505,0.006));
#2616=CARTESIAN_POINT('',(0.00111322607668578,-0.0293773994274228,0.00400000000000442));
#2617=CARTESIAN_POINT('',(-0.00176161199885049,-0.0309150872825266,0.006));
#2618=CARTESIAN_POINT('',(6.52066639273791E-5,-0.031729171782641,0.006));
#2619=CARTESIAN_POINT('',(6.52066639273766E-5,-0.031729171782641,0.004));
#2620=CARTESIAN_POINT('',(-0.00176161199885049,-0.0309150872825266,0.004));
#2621=CARTESIAN_POINT('',(0.00668309819044597,-0.00614010247883652,0.006));
#2622=CARTESIAN_POINT('',(0.00710587232719759,-0.00602157117516582,0.00600000000000035));
#2623=CARTESIAN_POINT('',(0.00785230420221065,-0.00558633789211764,0.0057915120532576));
#2624=CARTESIAN_POINT('',(0.00855677052654954,-0.00448133893564722,0.00542954968825785));
#2625=CARTESIAN_POINT('',(0.00864071665248208,-0.00313999193038898,0.00567481594299479));
#2626=CARTESIAN_POINT('',(0.00828917128141198,-0.00236239031658021,0.00593490272823695));
#2627=CARTESIAN_POINT('',(0.00801797583321573,-0.00202059160625614,0.00598187339942958));
#2628=CARTESIAN_POINT('',(-0.018,-0.037,-0.016));
#2629=CARTESIAN_POINT('',(-0.00729571984782856,-0.0424238719033388,-0.016));
#2630=CARTESIAN_POINT('',(-0.00176161199885049,-0.0309150872825266,-0.004));
#2631=CARTESIAN_POINT('',(-0.00176161199885049,-0.0309150872825266,0.004));
#2632=CARTESIAN_POINT('',(-0.00176161199885049,-0.0309150872825266,-0.012));
#2633=CARTESIAN_POINT('',(-0.00259579187996609,-0.0327328177152206,-0.012));
#2634=CARTESIAN_POINT('',(-0.00259579187996608,-0.0327328177152206,-0.012));
#2635=CARTESIAN_POINT('',(-0.00250316235296555,-0.032775326596863,-0.012));
#2636=CARTESIAN_POINT('',(-0.00236150014851583,-0.032829124452178,-0.0120224654196524));
#2637=CARTESIAN_POINT('',(-0.00213699836761591,-0.0328814386235426,-0.012114793534799));
#2638=CARTESIAN_POINT('',(-0.0019769947314754,-0.0329061231822399,-0.0122021887768713));
#2639=CARTESIAN_POINT('',(-0.0018037518462446,-0.0329176648135671,-0.0123266756691468));
#2640=CARTESIAN_POINT('',(-0.00163221614097951,-0.0329128173566424,-0.0124771884858871));
#2641=CARTESIAN_POINT('',(-0.00147691512464927,-0.0328959024980516,-0.0126331569171454));
#2642=CARTESIAN_POINT('',(-0.00140892778570657,-0.032884125291927,-0.0127092792728928));
#2643=CARTESIAN_POINT('',(-0.00128414208854843,-0.0328592276795003,-0.0128568442282165));
#2644=CARTESIAN_POINT('',(-0.00113542177771906,-0.0328179095958209,-0.0130552335186176));
#2645=CARTESIAN_POINT('',(-0.00097520767591959,-0.0327559008291904,-0.0133001363377126));
#2646=CARTESIAN_POINT('',(-0.000855157465238728,-0.032699298346094,-0.0135011448590641));
#2647=CARTESIAN_POINT('',(-0.000743093337640623,-0.0326370922258851,-0.0137046332435882));
#2648=CARTESIAN_POINT('',(-0.000715535467430182,-0.0326197550003799,-0.0137585831270017));
#2649=CARTESIAN_POINT('',(-0.000645806401566872,-0.032575947044598,-0.0138957621459112));
#2650=CARTESIAN_POINT('',(-0.000564437112382616,-0.0325188074859814,-0.0140677172005093));
#2651=CARTESIAN_POINT('',(-0.000456757364838795,-0.0324331004671738,-0.0143130589589212));
#2652=CARTESIAN_POINT('',(-0.000310249119151378,-0.0322978122498543,-0.0146785990585098));
#2653=CARTESIAN_POINT('',(-0.000124484921004194,-0.0320832321963858,-0.0152138171314493));
#2654=CARTESIAN_POINT('',(8.40099699957035E-6,-0.0318566446094552,-0.0157241686744974));
#2655=CARTESIAN_POINT('',(6.52066639273677E-5,-0.031729171782641,-0.016));
#2656=CARTESIAN_POINT('',(-0.00551167315579998,-0.0433278505538953,-0.016));
#2657=CARTESIAN_POINT('',(-0.00551167315579998,-0.0433278505538953,-0.014));
#2658=CARTESIAN_POINT('',(-0.00729571984782856,-0.0424238719033388,-0.014));
#2659=CARTESIAN_POINT('',(-0.00453944073886481,-0.0414091016694516,-0.0160000000000149));
#2660=CARTESIAN_POINT('',(-0.00453944073874506,-0.0414091016694923,-0.0140000000000105));
#2661=CARTESIAN_POINT('',(-0.00632769686087681,-0.0405134305379943,-0.014));
#2662=CARTESIAN_POINT('',(-0.00261881184498522,-0.037554183988363,-0.0159999999999926));
#2663=CARTESIAN_POINT('',(-0.00261881184492785,-0.0375541839884123,-0.0140000000000026));
#2664=CARTESIAN_POINT('',(-0.00441785553450106,-0.0366800138703839,-0.014));
#2665=CARTESIAN_POINT('',(-0.000784672087191254,-0.0336387191534001,-0.016));
#2666=CARTESIAN_POINT('',(-0.000784672087425758,-0.0336387191532607,-0.0139999999999842));
#2667=CARTESIAN_POINT('',(-0.00260138810636361,-0.0328019355615822,-0.014));
#2668=CARTESIAN_POINT('',(9.67643945066002E-5,-0.0316583119330323,-0.016));
#2669=CARTESIAN_POINT('',(9.67643945065973E-5,-0.0316583119330323,-0.014));
#2670=CARTESIAN_POINT('',(-0.00173042853867131,-0.0308450678214983,-0.014));
#2671=CARTESIAN_POINT('',(6.52067080480832E-5,-0.0317291718023024,-0.016));
#2672=CARTESIAN_POINT('',(2.52395879191636E-5,-0.0318188589585884,-0.0159509086400339));
#2673=CARTESIAN_POINT('',(-7.26884436634177E-5,-0.0320363431996041,-0.0158339248672023));
#2674=CARTESIAN_POINT('',(-0.000289337847675193,-0.0324312160814957,-0.0156090676929183));
#2675=CARTESIAN_POINT('',(-0.000442284414663824,-0.0326827535773642,-0.0154621189686051));
#2676=CARTESIAN_POINT('',(-0.000594814304804368,-0.0329131391480334,-0.0153256666966192));
#2677=CARTESIAN_POINT('',(-0.000701284599675027,-0.0330620676137491,-0.0152360430835764));
#2678=CARTESIAN_POINT('',(-0.000856845029118996,-0.0332683639273018,-0.0151096697143604));
#2679=CARTESIAN_POINT('',(-0.00104110417070091,-0.0334892087353267,-0.0149708508910604));
#2680=CARTESIAN_POINT('',(-0.00121122021453201,-0.0336725467396695,-0.0148526912415406));
#2681=CARTESIAN_POINT('',(-0.0013451408945314,-0.0338046816761614,-0.0147653465213459));
#2682=CARTESIAN_POINT('',(-0.00141774584765004,-0.0338738836402853,-0.0147190380404168));
#2683=CARTESIAN_POINT('',(-0.00156964418296333,-0.0340081663642232,-0.0146265358810622));
#2684=CARTESIAN_POINT('',(-0.00174191925127798,-0.0341457135101843,-0.0145283578778164));
#2685=CARTESIAN_POINT('',(-0.00195926791906429,-0.0342990586590417,-0.0144139947415042));
#2686=CARTESIAN_POINT('',(-0.00221129128264163,-0.034440118988674,-0.0142987915445087));
#2687=CARTESIAN_POINT('',(-0.00241597582031092,-0.034533325611614,-0.014214865440027));
#2688=CARTESIAN_POINT('',(-0.00271783568356421,-0.0346223368378147,-0.0141115793690577));
#2689=CARTESIAN_POINT('',(-0.00306057662526552,-0.0346554186014716,-0.0140261335414884));
#2690=CARTESIAN_POINT('',(-0.00329494056266658,-0.0346108743859468,-0.0139999999999995));
#2691=CARTESIAN_POINT('',(-0.0034299579559354,-0.0345505544831061,-0.014));
#2692=CARTESIAN_POINT('',(-0.0139345544133492,-0.0154689862103271,0.006));
#2693=CARTESIAN_POINT('',(-0.0139345544133492,-0.0154689862103271,-0.024));
#2694=CARTESIAN_POINT('',(-0.0139345544133492,-0.0154689862103271,-0.002));
#2695=CARTESIAN_POINT('',(-0.00234268098273871,-0.0258978337484564,0.006));
#2696=CARTESIAN_POINT('',(-0.00234268098273871,-0.0258978337484564,-0.024));
#2697=CARTESIAN_POINT('',(-0.00234268098273871,-0.0258978337484564,-0.002));
#2698=CARTESIAN_POINT('',(0.00352307268582925,-0.0232721971149735,0.0035));
#2699=CARTESIAN_POINT('',(0.00598121181092965,-0.00363663378315656,0.0035));
#2700=CARTESIAN_POINT('',(0.00338121181092965,-0.00363663378315656,0.0035));
#2701=CARTESIAN_POINT('',(0.00598121181092965,-0.00363663378315656,-0.00735391052434009));
#2702=CARTESIAN_POINT('',(0.00352307268582925,-0.0232721971149735,0.0035));
#2703=CARTESIAN_POINT('',(0.00363663378315656,0.00598121181092965,0.0035));
#2704=CARTESIAN_POINT('',(0.00103663378315656,0.00598121181092965,0.0035));
#2705=CARTESIAN_POINT('',(0.00363663378315656,0.00598121181092965,-0.00735391052434009));
#2706=CARTESIAN_POINT('',(0.00352307268582925,-0.0232721971149735,0.0035));
#2707=CARTESIAN_POINT('',(-0.00363663378315656,-0.00598121181092965,0.0035));
#2708=CARTESIAN_POINT('',(-0.00623663378315656,-0.00598121181092965,0.0035));
#2709=CARTESIAN_POINT('',(-0.00363663378315656,-0.00598121181092965,-0.00735391052434009));
#2710=CARTESIAN_POINT('',(0.00352307268582925,-0.0232721971149735,0.0035));
#2711=CARTESIAN_POINT('',(-0.00598121181092965,0.00363663378315657,0.0035));
#2712=CARTESIAN_POINT('',(-0.00858121181092965,0.00363663378315657,0.0035));
#2713=CARTESIAN_POINT('',(-0.00598121181092965,0.00363663378315657,-0.00735391052434009));
#2714=CARTESIAN_POINT('',(-0.0214248660789362,-0.0153457469145148,-0.0141677257878823));
#2715=CARTESIAN_POINT('',(-0.0202000108606831,-0.0141939042424878,-0.0139138349697211));
#2716=CARTESIAN_POINT('',(-0.0206046939711118,-0.0137076842962226,-0.0123354515757645));
#2717=CARTESIAN_POINT('',(-0.0214786022779174,-0.0152141109142069,-0.0142145199259182));
#2718=CARTESIAN_POINT('',(-0.020273055137215,-0.0141628236145429,-0.013908889816272));
#2719=CARTESIAN_POINT('',(-0.0206793845021232,-0.0136179448802721,-0.0124290398581687));
#2720=CARTESIAN_POINT('',(-0.0215572264734112,-0.014934511655149,-0.0143218634314929));
#2721=CARTESIAN_POINT('',(-0.0204382621024649,-0.0140641575335237,-0.0139230901676396));
#2722=CARTESIAN_POINT('',(-0.0208060684351973,-0.0134344352494065,-0.012643726860047));
#2723=CARTESIAN_POINT('',(-0.0216059830370022,-0.0144710975337353,-0.0145180350809998));
#2724=CARTESIAN_POINT('',(-0.0206922742525652,-0.0138032259292021,-0.0140425890327522));
#2725=CARTESIAN_POINT('',(-0.0209426372343816,-0.0131465732018016,-0.0130360701627872));
#2726=CARTESIAN_POINT('',(-0.0215928673246352,-0.0139836398232924,-0.0147388045601005));
#2727=CARTESIAN_POINT('',(-0.0208988524307018,-0.0134649267652221,-0.014252480375401));
#2728=CARTESIAN_POINT('',(-0.0210283325800528,-0.012856621986607,-0.01347760911999));
#2729=CARTESIAN_POINT('',(-0.0215283709563914,-0.0134910272935346,-0.0149733863812132));
#2730=CARTESIAN_POINT('',(-0.0210360803862818,-0.013087625064491,-0.014528264598258));
#2731=CARTESIAN_POINT('',(-0.0210688227076563,-0.0125738068597194,-0.013946772762483));
#2732=CARTESIAN_POINT('',(-0.0214167345669154,-0.0129868049676826,-0.0152237214559814));
#2733=CARTESIAN_POINT('',(-0.021100839376947,-0.0126839382579222,-0.0148600513914939));
#2734=CARTESIAN_POINT('',(-0.0210692223542839,-0.0122933905986225,-0.0144474429119478));
#2735=CARTESIAN_POINT('',(-0.0212663906640918,-0.0124928757188124,-0.0154781390462703));
#2736=CARTESIAN_POINT('',(-0.0210909078757115,-0.0122840147515454,-0.0152218923101042));
#2737=CARTESIAN_POINT('',(-0.0210327486157551,-0.0120268262354009,-0.0149562780925447));
#2738=CARTESIAN_POINT('',(-0.0211115956353098,-0.0120879182905335,-0.0156938058199222));
#2739=CARTESIAN_POINT('',(-0.0210247403675993,-0.0119598057623553,-0.0155412384327575));
#2740=CARTESIAN_POINT('',(-0.0209744941104614,-0.0118145213073895,-0.0153876116398437));
#2741=CARTESIAN_POINT('',(-0.0209709831158399,-0.011768884761251,-0.0158679036667818));
#2742=CARTESIAN_POINT('',(-0.0209388573790705,-0.0117113562566919,-0.0158017146278681));
#2743=CARTESIAN_POINT('',(-0.0209118291270919,-0.0116509551778025,-0.0157358073335638));
#2744=CARTESIAN_POINT('',(-0.0208942738723096,-0.0116094554679011,-0.0159563517660871));
#2745=CARTESIAN_POINT('',(-0.0208845001987023,-0.0115899733758474,-0.0159345276481096));
#2746=CARTESIAN_POINT('',(-0.0208747265241792,-0.0115704912819685,-0.0159127035321741));
#2747=CARTESIAN_POINT('',(-0.0208551292126535,-0.0115314275028319,-0.016));
#2748=CARTESIAN_POINT('',(-0.0208551292126535,-0.0115314275028319,-0.016));
#2749=CARTESIAN_POINT('',(-0.0208551292126535,-0.0115314275028319,-0.016));
#2750=CARTESIAN_POINT('',(-0.0221419139598849,-0.0149871196037377,-0.0123354515757645));
#2751=CARTESIAN_POINT('',(-0.0206046939711118,-0.0137076842962226,-0.0123354515757645));
#2752=CARTESIAN_POINT('',(-0.0202000108686917,-0.0141939042328656,-0.0139138349384853));
#2753=CARTESIAN_POINT('',(-0.0214248660507975,-0.0153457468880535,-0.0141677257820497));
#2754=CARTESIAN_POINT('',(-0.0202452936956575,-0.0141394976783872,-0.0121102848073331));
#2755=CARTESIAN_POINT('',(-0.0199468662849752,-0.0144980531897058,-0.0138545139829251));
#2756=CARTESIAN_POINT('',(-0.0212955805470184,-0.0156624537854523,-0.0140551423957907));
#2757=CARTESIAN_POINT('',(-0.0198718107557675,-0.0145882311448566,-0.0120000000050929));
#2758=CARTESIAN_POINT('',(-0.019703395033564,-0.014790579800608,-0.0138918258414669));
#2759=CARTESIAN_POINT('',(-0.0211612359339445,-0.0159915909519694,-0.0139999999976294));
#2760=CARTESIAN_POINT('',(-0.0194848086897588,-0.0150532076138276,-0.012));
#2761=CARTESIAN_POINT('',(-0.0194848086897588,-0.0150532076138276,-0.0139999999573558));
#2762=CARTESIAN_POINT('',(-0.0210220286457552,-0.0163326428940625,-0.014));
#2763=CARTESIAN_POINT('',(-0.0210220286785319,-0.0163326429213427,-0.012));
#2764=CARTESIAN_POINT('',(-0.00756509100804116,-0.0325009270489156,-0.012));
#2765=CARTESIAN_POINT('',(-0.0194053258253295,-0.0182750841899647,-0.014));
#2766=CARTESIAN_POINT('',(-0.0193238819452378,-0.0181771323924744,-0.014));
#2767=CARTESIAN_POINT('',(-0.019185792599608,-0.0180363676125421,-0.0139811075376492));
#2768=CARTESIAN_POINT('',(-0.0189884117496556,-0.0178737030715711,-0.0139193256353614));
#2769=CARTESIAN_POINT('',(-0.0188107207849912,-0.0177505975229366,-0.0138392950919587));
#2770=CARTESIAN_POINT('',(-0.0187052287263189,-0.0176889773388511,-0.0137815402918957));
#2771=CARTESIAN_POINT('',(-0.0185541031318801,-0.0176102780067671,-0.0136873588541821));
#2772=CARTESIAN_POINT('',(-0.0183989933231387,-0.0175406847259735,-0.0135725207574453));
#2773=CARTESIAN_POINT('',(-0.018212512589653,-0.0174718143313949,-0.0134033514125513));
#2774=CARTESIAN_POINT('',(-0.0180908828888069,-0.0174345888440487,-0.0132705835693923));
#2775=CARTESIAN_POINT('',(-0.0179214391402154,-0.0173920123757845,-0.0130588056188341));
#2776=CARTESIAN_POINT('',(-0.0177553879080654,-0.0173598256754763,-0.0127872329872859));
#2777=CARTESIAN_POINT('',(-0.0176084330773772,-0.0173370872971443,-0.0123660176788598));
#2778=CARTESIAN_POINT('',(-0.017584661890553,-0.0173362020131422,-0.0121191771670245));
#2779=CARTESIAN_POINT('',(-0.017584661890553,-0.0173362020131422,-0.012));
#2780=CARTESIAN_POINT('',(-0.00259579187996608,-0.0327328177152206,-0.012));
#2781=CARTESIAN_POINT('',(-0.0025957918799661,-0.0327328177152206,-0.0140000000000005));
#2782=CARTESIAN_POINT('',(-0.00342997176108189,-0.0345505481479151,-0.014));
#2783=CARTESIAN_POINT('',(-0.00252213364156195,-0.0327666204284557,-0.0120000000027997));
#2784=CARTESIAN_POINT('',(-0.00259578441335744,-0.0327328211434956,-0.0139991831184663));
#2785=CARTESIAN_POINT('',(-0.00335596525240241,-0.0345836117092269,-0.014));
#2786=CARTESIAN_POINT('',(-0.00237319553316271,-0.032824190822989,-0.0120195905780926));
#2787=CARTESIAN_POINT('',(-0.00259928153368102,-0.0327423499204373,-0.0139874768850169));
#2788=CARTESIAN_POINT('',(-0.00320216823532785,-0.0346308710640287,-0.014009795289696));
#2789=CARTESIAN_POINT('',(-0.00214443490674611,-0.0328828241968764,-0.0121036273797758));
#2790=CARTESIAN_POINT('',(-0.00257723077313467,-0.0327911215276276,-0.0139503035811307));
#2791=CARTESIAN_POINT('',(-0.00295454945699075,-0.0346494570218059,-0.0140518136897138));
#2792=CARTESIAN_POINT('',(-0.0019129526923628,-0.0329136851409212,-0.0122400312989127));
#2793=CARTESIAN_POINT('',(-0.00249966945956138,-0.0328641402600393,-0.0139147133481811));
#2794=CARTESIAN_POINT('',(-0.00269319782513614,-0.0346167970953645,-0.014120015649503));
#2795=CARTESIAN_POINT('',(-0.00169062538594171,-0.0329178553348083,-0.0124168462155469));
#2796=CARTESIAN_POINT('',(-0.00236387342951237,-0.0329387143283717,-0.0139024439042911));
#2797=CARTESIAN_POINT('',(-0.00243263230719252,-0.0345394898514985,-0.0142084231077609));
#2798=CARTESIAN_POINT('',(-0.00147354883844915,-0.0328980415175085,-0.0126323228651796));
#2799=CARTESIAN_POINT('',(-0.00217466277550397,-0.0329984726621165,-0.0139261485558246));
#2800=CARTESIAN_POINT('',(-0.00216936294945181,-0.0344210047722797,-0.0143161614325931));
#2801=CARTESIAN_POINT('',(-0.00127112669299779,-0.032857503095706,-0.01287273979587));
#2802=CARTESIAN_POINT('',(-0.00195320610930871,-0.0330295749910974,-0.0139894298586746));
#2803=CARTESIAN_POINT('',(-0.00191577106066982,-0.0342708446586674,-0.0144363698979341));
#2804=CARTESIAN_POINT('',(-0.00108026248738514,-0.0327989282053847,-0.0131358023769441));
#2805=CARTESIAN_POINT('',(-0.00171193888037853,-0.033028091294763,-0.014090523681868));
#2806=CARTESIAN_POINT('',(-0.00166926588356295,-0.0340926855882916,-0.0145679011884723));
#2807=CARTESIAN_POINT('',(-0.000839586837614446,-0.0326979972263278,-0.0135158659546943));
#2808=CARTESIAN_POINT('',(-0.00137887067380587,-0.0329798470899336,-0.01427191681142));
#2809=CARTESIAN_POINT('',(-0.00134867942929606,-0.0338193889976964,-0.014757932977347));
#2810=CARTESIAN_POINT('',(-0.000628681121798709,-0.0325708153925552,-0.0139180871113766));
#2811=CARTESIAN_POINT('',(-0.00105132009261874,-0.0328657213628526,-0.0145105391256592));
#2812=CARTESIAN_POINT('',(-0.00105390907586515,-0.0335102715468314,-0.0149590435556883));
#2813=CARTESIAN_POINT('',(-0.000442473460597302,-0.0324218914133877,-0.014338710516486));
#2814=CARTESIAN_POINT('',(-0.000750555929892682,-0.0326943632114755,-0.0147897234657913));
#2815=CARTESIAN_POINT('',(-0.000780705410678817,-0.0331713784283909,-0.015169355258243));
#2816=CARTESIAN_POINT('',(-0.000314392833994218,-0.0322992431255294,-0.0146642171805051));
#2817=CARTESIAN_POINT('',(-0.00054185072725216,-0.0325403067022796,-0.0150152050889284));
#2818=CARTESIAN_POINT('',(-0.000585655976085821,-0.032901825627626,-0.0153321085902525));
#2819=CARTESIAN_POINT('',(-0.000199367377103888,-0.0321678393017997,-0.0149946549723402));
#2820=CARTESIAN_POINT('',(-0.000353737729937096,-0.0323640130870366,-0.0152522965741911));
#2821=CARTESIAN_POINT('',(-0.000403001970099029,-0.0326213587467671,-0.0154973274861701));
#2822=CARTESIAN_POINT('',(-9.77114666504339E-5,-0.032029155146381,-0.0153271840695484));
#2823=CARTESIAN_POINT('',(-0.000188735429850151,-0.0321692636677721,-0.0154965928121923));
#2824=CARTESIAN_POINT('',(-0.000233636861559875,-0.0323326958032077,-0.0156635920347742));
#2825=CARTESIAN_POINT('',(-8.92034565075361E-6,-0.0318835157125231,-0.0156617056225274));
#2826=CARTESIAN_POINT('',(-4.74550211397334E-5,-0.0319581798314013,-0.0157459833892183));
#2827=CARTESIAN_POINT('',(-7.70695129474266E-5,-0.0320361690145342,-0.0158308528112637));
#2828=CARTESIAN_POINT('',(4.21488287549316E-5,-0.0317809139342362,-0.0158880380500255));
#2829=CARTESIAN_POINT('',(3.0889575327174E-5,-0.0318061798793413,-0.0159160285362374));
#2830=CARTESIAN_POINT('',(1.96303229478764E-5,-0.0318314458220936,-0.0159440190250127));
#2831=CARTESIAN_POINT('',(6.52066639273766E-5,-0.031729171782641,-0.016));
#2832=CARTESIAN_POINT('',(6.52066639273766E-5,-0.031729171782641,-0.016));
#2833=CARTESIAN_POINT('',(6.52066639273766E-5,-0.031729171782641,-0.016));
#2834=CARTESIAN_POINT('',(-0.00342997176108168,-0.0345505481479146,-0.012));
#2835=CARTESIAN_POINT('',(-0.017584661890553,-0.0173362020131422,-0.012));
#2836=CARTESIAN_POINT('',(-0.0166538917632248,-0.0184545066560403,-0.012));
#2837=CARTESIAN_POINT('',(-0.0153033636205478,-0.0179132007904787,-0.012));
#2838=CARTESIAN_POINT('',(-0.0175846618911809,-0.0173362020123878,-0.0121328367699639));
#2839=CARTESIAN_POINT('',(-0.0166538917650865,-0.018454506657283,-0.0121641042553703));
#2840=CARTESIAN_POINT('',(-0.0153033636229107,-0.0179132007914258,-0.0122656735399275));
#2841=CARTESIAN_POINT('',(-0.0176080010780221,-0.0173388558723426,-0.0123284681374536));
#2842=CARTESIAN_POINT('',(-0.0166785154588138,-0.0184708033182879,-0.0124067155835847));
#2843=CARTESIAN_POINT('',(-0.0153341091895321,-0.0179253733061725,-0.0126569362749073));
#2844=CARTESIAN_POINT('',(-0.0176823391007029,-0.0173490969464961,-0.0125826499753854));
#2845=CARTESIAN_POINT('',(-0.0167543513463049,-0.0185229935533551,-0.0127110794487325));
#2846=CARTESIAN_POINT('',(-0.0154327408058137,-0.0179661602118568,-0.0131652999507708));
#2847=CARTESIAN_POINT('',(-0.0177852953502945,-0.017365379190536,-0.0128317244487669));
#2848=CARTESIAN_POINT('',(-0.0168575374318252,-0.0185962863167135,-0.0130015945251351));
#2849=CARTESIAN_POINT('',(-0.0155701685588935,-0.0180250149914577,-0.0136634488975338));
#2850=CARTESIAN_POINT('',(-0.0179223879249454,-0.0173918635755083,-0.0130599594248438));
#2851=CARTESIAN_POINT('',(-0.016989465583027,-0.0186953447654741,-0.0132497198393704));
#2852=CARTESIAN_POINT('',(-0.015755051568797,-0.0181087992565737,-0.0141199188496875));
#2853=CARTESIAN_POINT('',(-0.018090380264028,-0.0174351357117119,-0.0132714647203894));
#2854=CARTESIAN_POINT('',(-0.0171377656828147,-0.0188167513313319,-0.0134563384462458));
#2855=CARTESIAN_POINT('',(-0.0159858614397162,-0.0182236644480482,-0.0145429294407788));
#2856=CARTESIAN_POINT('',(-0.0182264103622167,-0.0174768095575863,-0.0134160666568235));
#2857=CARTESIAN_POINT('',(-0.0172510774078206,-0.0189152921570973,-0.0135863755717273));
#2858=CARTESIAN_POINT('',(-0.016175367178323,-0.0183241552436287,-0.014832133313647));
#2859=CARTESIAN_POINT('',(-0.0183703273701391,-0.0175289635581428,-0.0135468173244272));
#2860=CARTESIAN_POINT('',(-0.0173625552710927,-0.0190185130944461,-0.0136926680326551));
#2861=CARTESIAN_POINT('',(-0.0163790322878625,-0.0184395636237167,-0.0150936346488543));
#2862=CARTESIAN_POINT('',(-0.0185216291044965,-0.0175936997693757,-0.0136641988158641));
#2863=CARTESIAN_POINT('',(-0.0174703488683996,-0.0191248716714436,-0.0137777235989013));
#2864=CARTESIAN_POINT('',(-0.016597044538939,-0.0185720618910372,-0.0153283976317289));
#2865=CARTESIAN_POINT('',(-0.0186770304487275,-0.0176721767447178,-0.0137660701109395));
#2866=CARTESIAN_POINT('',(-0.0175713596342656,-0.0192307330006659,-0.0138430791920755));
#2867=CARTESIAN_POINT('',(-0.0168256789849034,-0.0187216639721737,-0.0155321402218765));
#2868=CARTESIAN_POINT('',(-0.0188309021838659,-0.0177635042242169,-0.0138497668244575));
#2869=CARTESIAN_POINT('',(-0.0176629609380081,-0.0193314815039059,-0.013891451088915));
#2870=CARTESIAN_POINT('',(-0.0170574216427563,-0.0188851519163585,-0.0156995336489245));
#2871=CARTESIAN_POINT('',(-0.0189831633463978,-0.0178691761943027,-0.0139162280546865));
#2872=CARTESIAN_POINT('',(-0.0177476175284691,-0.0194271250646657,-0.0139281066341045));
#2873=CARTESIAN_POINT('',(-0.0172927571442176,-0.0190641781829508,-0.0158324561093375));
#2874=CARTESIAN_POINT('',(-0.0191835663961137,-0.0180322069496016,-0.0139810639167182));
#2875=CARTESIAN_POINT('',(-0.0178558975296217,-0.0195491504276373,-0.0139667178164701));
#2876=CARTESIAN_POINT('',(-0.0176119207953931,-0.0193268070623686,-0.0159621278336252));
#2877=CARTESIAN_POINT('',(-0.0193203094624338,-0.0181728358006155,-0.014));
#2878=CARTESIAN_POINT('',(-0.0179330577732471,-0.0196311262052243,-0.013987913752135));
#2879=CARTESIAN_POINT('',(-0.0178412582810389,-0.0195391392832958,-0.0159999999991626));
#2880=CARTESIAN_POINT('',(-0.0194053258253295,-0.0182750841899647,-0.014));
#2881=CARTESIAN_POINT('',(-0.0179896707593875,-0.0196878547779488,-0.014));
#2882=CARTESIAN_POINT('',(-0.0179896707593875,-0.0196878547779488,-0.016));
#2883=CARTESIAN_POINT('',(-0.0194053258253295,-0.0182750841899647,-0.016));
#2884=CARTESIAN_POINT('',(-0.00176161199885049,-0.0309150872825266,-0.012));
#2885=CARTESIAN_POINT('',(-0.00382326880613198,-0.0343428520365594,-0.012));
#2886=CARTESIAN_POINT('',(-0.0123270504956198,-0.0253389371298852,-0.016));
#2887=CARTESIAN_POINT('',(-0.0213194013830778,-0.0209642799413921,-0.016));
#2888=CARTESIAN_POINT('',(-0.00331817923794913,-0.0346466422384121,-0.012));
#2889=CARTESIAN_POINT('',(-0.00446163091008801,-0.0316250215418702,-0.012));
#2890=CARTESIAN_POINT('',(-0.004461630910088,-0.0316250215418702,-0.012245706697801));
#2891=CARTESIAN_POINT('',(-0.00448535493522936,-0.0316891466118894,-0.0126255884649755));
#2892=CARTESIAN_POINT('',(-0.00456505694137681,-0.0318967533794557,-0.0130446191050204));
#2893=CARTESIAN_POINT('',(-0.00462120376287989,-0.0320426923166164,-0.0132587492868092));
#2894=CARTESIAN_POINT('',(-0.00467893135199525,-0.0321927139047788,-0.0134304829265085));
#2895=CARTESIAN_POINT('',(-0.00470859853482299,-0.0322707458918471,-0.0135046003813954));
#2896=CARTESIAN_POINT('',(-0.00476906224339232,-0.0324306220609297,-0.013642559592934));
#2897=CARTESIAN_POINT('',(-0.00489566242961471,-0.0327650863833989,-0.0138633233847754));
#2898=CARTESIAN_POINT('',(-0.00506123613924305,-0.0331920955510899,-0.014));
#2899=CARTESIAN_POINT('',(-0.00518757365600527,-0.0335222798611675,-0.014));
#2900=CARTESIAN_POINT('',(-0.0174730406265978,-0.0130578717197388,-0.016));
#2901=CARTESIAN_POINT('',(-0.026992350887458,-0.0326253428115069,-0.016));
#2902=CARTESIAN_POINT('',(-0.00522207160773946,-0.0290214055149675,-0.012));
#2903=CARTESIAN_POINT('',(-0.00542014797899637,-0.029428562500329,-0.012));
#2904=CARTESIAN_POINT('',(-0.0054967276979672,-0.0299703273172173,-0.012));
#2905=CARTESIAN_POINT('',(-0.00520517606194907,-0.0309709262283117,-0.012));
#2906=CARTESIAN_POINT('',(-0.00484963800112762,-0.0313916515419091,-0.012));
#2907=CARTESIAN_POINT('',(-0.00446163091008796,-0.0316250215418702,-0.012));
#2908=CARTESIAN_POINT('',(-0.00522207160774267,-0.0290214055149742,-0.0130515240379241));
#2909=CARTESIAN_POINT('',(-0.00542014797899975,-0.029428562500338,-0.0129325181495751));
#2910=CARTESIAN_POINT('',(-0.00549672769797025,-0.0299703273172277,-0.0127956676213114));
#2911=CARTESIAN_POINT('',(-0.00520517606194999,-0.0309709262283202,-0.0125927001839737));
#2912=CARTESIAN_POINT('',(-0.00484963800112684,-0.0313916515419143,-0.0125341422501932));
#2913=CARTESIAN_POINT('',(-0.00446163091008574,-0.0316250215418715,-0.0125235987865059));
#2914=CARTESIAN_POINT('',(-0.00541218115128048,-0.0294121862433574,-0.0140966761846466));
#2915=CARTESIAN_POINT('',(-0.00558997050477371,-0.0297776421366489,-0.0138590208159759));
#2916=CARTESIAN_POINT('',(-0.00564187218201303,-0.0302733918646534,-0.0135855543370747));
#2917=CARTESIAN_POINT('',(-0.00530695509926253,-0.0312045266449243,-0.0131805638817428));
#2918=CARTESIAN_POINT('',(-0.00493450796412724,-0.0316033727749012,-0.0130642451628379));
#2919=CARTESIAN_POINT('',(-0.00453988426456355,-0.0318295374332763,-0.013044018106027));
#2920=CARTESIAN_POINT('',(-0.00606514947844433,-0.0307543989158609,-0.0155838328196402));
#2921=CARTESIAN_POINT('',(-0.00617088199709675,-0.0309717379819799,-0.015170828778114));
#2922=CARTESIAN_POINT('',(-0.00613410140434659,-0.0313016446314844,-0.0146922638492716));
#2923=CARTESIAN_POINT('',(-0.00564805372925716,-0.0319908293242128,-0.0139950157074535));
#2924=CARTESIAN_POINT('',(-0.0052204424286701,-0.0323205845949184,-0.0138049437784688));
#2925=CARTESIAN_POINT('',(-0.00480862497066434,-0.0325318938425833,-0.0137844090187192));
#2926=CARTESIAN_POINT('',(-0.00652415523482539,-0.0316979107484221,-0.0160170424454121));
#2927=CARTESIAN_POINT('',(-0.00657825989854204,-0.0318091258905058,-0.015548264494425));
#2928=CARTESIAN_POINT('',(-0.00647747287730896,-0.0320191417500814,-0.0150022187433215));
#2929=CARTESIAN_POINT('',(-0.00588422938734519,-0.0325367707945422,-0.0142164058357869));
#2930=CARTESIAN_POINT('',(-0.00541906386886321,-0.0328205045005929,-0.0140110006083406));
#2931=CARTESIAN_POINT('',(-0.00499752228562171,-0.0330255787844144,-0.014));
#2932=CARTESIAN_POINT('',(-0.00698604383349687,-0.0326473484234689,-0.0160172424092642));
#2933=CARTESIAN_POINT('',(-0.00698604383349687,-0.0326473484234689,-0.0155429641535958));
#2934=CARTESIAN_POINT('',(-0.00681721313005659,-0.0327294822791966,-0.0149878281396007));
#2935=CARTESIAN_POINT('',(-0.00611416732814934,-0.0330715045612055,-0.0141980647924978));
#2936=CARTESIAN_POINT('',(-0.00561406130533142,-0.033314799383117,-0.014));
#2937=CARTESIAN_POINT('',(-0.00518757365600525,-0.0335222798611676,-0.014));
#2938=CARTESIAN_POINT('',(-0.00518757365600528,-0.0335222798611675,-0.014));
#2939=CARTESIAN_POINT('',(-0.0056584120474476,-0.0332932233464118,-0.014));
#2940=CARTESIAN_POINT('',(-0.00659634028807047,-0.0328369339320547,-0.014433372263053));
#2941=CARTESIAN_POINT('',(-0.00698604383349686,-0.0326473484234689,-0.0154764012244017));
#2942=CARTESIAN_POINT('',(-0.00698604383349686,-0.0326473484234689,-0.016));
#2943=CARTESIAN_POINT('',(-0.018,-0.037,-0.016));
#2944=CARTESIAN_POINT('',(-0.00900764911254202,-0.0413746571884931,-0.016));
#2945=CARTESIAN_POINT('',(0.000511661148318153,-0.0218071860967249,-0.016));
#2946=CARTESIAN_POINT('',(-0.000166514338600939,-0.0272067067597643,-0.024));
#2947=CARTESIAN_POINT('',(-0.000166514338600939,-0.0272067067597643,-0.024));
#2948=CARTESIAN_POINT('',(0.000805134376613427,-0.0277911127303466,-0.024));
#2949=CARTESIAN_POINT('',(-0.00234268098273871,-0.0258978337484564,-0.024));
#2950=CARTESIAN_POINT('',(-0.00234268098273871,-0.0258978337484564,-0.024));
#2951=CARTESIAN_POINT('',(-0.00234268098273871,-0.0258978337484564,-0.024));
#2952=CARTESIAN_POINT('',(-0.0123270504956198,-0.0253389371298852,-0.024));
#2953=CARTESIAN_POINT('',(-0.00333469960816185,-0.0297135943183782,-0.024));
#2954=CARTESIAN_POINT('',(0.000511661148318153,-0.0218071860967249,-0.024));
#2955=CARTESIAN_POINT('',(-0.00900764911254203,-0.0413746571884931,-0.024));
#2956=CARTESIAN_POINT('',(-0.018,-0.037,-0.024));
#2957=CARTESIAN_POINT('',(-0.026992350887458,-0.0326253428115069,-0.024));
#2958=CARTESIAN_POINT('',(-0.0174730406265978,-0.0130578717197388,-0.024));
#2959=CARTESIAN_POINT('',(-0.0213194013830778,-0.0209642799413921,-0.024));
#2960=CARTESIAN_POINT('',(-0.0123270504956198,-0.0253389371298852,-0.024));
#2961=CARTESIAN_POINT('',(-0.0139345544133492,-0.0154689862103271,-0.024));
#2962=CARTESIAN_POINT('',(-0.0139345544133492,-0.0154689862103271,-0.024));
#2963=CARTESIAN_POINT('',(-0.0139345544133492,-0.0154689862103271,-0.024));
#2964=CARTESIAN_POINT('',(-0.00295343104172139,-0.0286626211263702,-0.024));
#2965=CARTESIAN_POINT('',(-0.0180875701302911,-0.0104792077226824,-0.024));
#2966=CARTESIAN_POINT('',(-0.0180875701302911,-0.0104792077226824,-0.024));
#2967=CARTESIAN_POINT('',(-0.0139345544133492,-0.0154689862103271,-0.002));
#2968=CARTESIAN_POINT('',(-0.010860114435803,-0.0129101155952969,-0.002));
#2969=CARTESIAN_POINT('',(-0.00773394455273553,-0.0166661560956056,-0.002));
#2970=CARTESIAN_POINT('',(-0.0150131301527449,-0.00792033710765217,-0.002));
#2971=CARTESIAN_POINT('',(-0.0180875701302911,-0.0104792077226824,-0.002));
#2972=CARTESIAN_POINT('',(-0.000166514338600931,-0.0272067067597643,-0.002));
#2973=CARTESIAN_POINT('',(0.00189514246868074,-0.0237789420057316,-0.002));
#2974=CARTESIAN_POINT('',(-0.00407096184368372,-0.0201905803615821,-0.002));
#2975=CARTESIAN_POINT('',(-0.000281024175457036,-0.0224700689944237,-0.002));
#2976=CARTESIAN_POINT('',(-0.00234268098273871,-0.0258978337484564,-0.002));
#2977=CARTESIAN_POINT('',(-0.00343080250644724,-0.0299111391648538,0.004));
#2978=CARTESIAN_POINT('',(-0.00343080250644724,-0.0299111391648538,0.004));
#2979=CARTESIAN_POINT('',(-0.0182536241022009,-0.0209958333492925,0.004));
#2980=CARTESIAN_POINT('',(-0.00176161199885049,-0.0309150872825266,0.004));
#2981=CARTESIAN_POINT('',(-0.00176161199885049,-0.0309150872825266,0.004));
#2982=CARTESIAN_POINT('',(-0.0190674739823386,-0.0124282489887075,0.004));
#2983=CARTESIAN_POINT('',(-0.0190674739823394,-0.0124282489887089,0.004));
#2984=CARTESIAN_POINT('',(-0.0199045801521755,-0.0114224800143481,0.004));
#2985=CARTESIAN_POINT('',(-0.0160474419017799,-0.0160567667056271,0.004));
#2986=CARTESIAN_POINT('',(-0.0160474419017799,-0.0160567667056271,0.004));
#2987=MECHANICAL_DESIGN_GEOMETRIC_PRESENTATION_REPRESENTATION('',(#1265),
#2988);
#2988=(
GEOMETRIC_REPRESENTATION_CONTEXT(3)
GLOBAL_UNCERTAINTY_ASSIGNED_CONTEXT((#2989))
GLOBAL_UNIT_ASSIGNED_CONTEXT((#2992,#2991,#2990))
REPRESENTATION_CONTEXT('right','TOP_LEVEL_ASSEMBLY_PART')
);
#2989=UNCERTAINTY_MEASURE_WITH_UNIT(LENGTH_MEASURE(3.87175437872528E-5),
#2992,'DISTANCE_ACCURACY_VALUE','Maximum Tolerance applied to model');
#2990=(
NAMED_UNIT(*)
SI_UNIT($,.STERADIAN.)
SOLID_ANGLE_UNIT()
);
#2991=(
NAMED_UNIT(*)
PLANE_ANGLE_UNIT()
SI_UNIT($,.RADIAN.)
);
#2992=(
LENGTH_UNIT()
NAMED_UNIT(*)
SI_UNIT($,.METRE.)
);
#2993=PRODUCT_DEFINITION_SHAPE('','',#2994);
#2994=PRODUCT_DEFINITION('','',#2996,#2995);
#2995=PRODUCT_DEFINITION_CONTEXT('',#3002,'design');
#2996=PRODUCT_DEFINITION_FORMATION_WITH_SPECIFIED_SOURCE('','',#2998,
 .NOT_KNOWN.);
#2997=PRODUCT_RELATED_PRODUCT_CATEGORY('','',(#2998));
#2998=PRODUCT('right','right','right',(#3000));
#2999=PRODUCT_CATEGORY('','');
#3000=PRODUCT_CONTEXT('',#3002,'mechanical');
#3001=APPLICATION_PROTOCOL_DEFINITION('international standard',
'ap242_managed_model_based_3d_engineering',2011,#3002);
#3002=APPLICATION_CONTEXT('managed model based 3d engineering');
ENDSEC;
END-ISO-10303-21;
