ISO-10303-21;
HEADER;
/* Generated by software containing ST-Developer
 * from STEP Tools, Inc. (www.steptools.com) 
 */
/* OPTION: using custom renumber hook */

FILE_DESCRIPTION(
/* description */ ('STEP AP242',
'CAx-IF Rec.Pracs.---Representation and Presentation of Product Manufa
cturing Information (PMI)---4.0---2014-10-13',
'CAx-IF Rec.Pracs.---3D Tessellated Geometry---0.4---2014-09-14','2;1'),

/* implementation_level */ '2;1');

FILE_NAME(
/* name */ '68415cf498072e6e0d9fd410',
/* time_stamp */ '2025-06-05T09:01:41Z',
/* author */ (''),
/* organization */ (''),
/* preprocessor_version */ 'ST-DEVELOPER v20',
/* originating_system */ 'ONSHAPE BY PTC INC, 1.198',
/* authorisation */ '  ');

FILE_SCHEMA (('AP242_MANAGED_MODEL_BASED_3D_ENGINEERING_MIM_LF { 1 0 10303 442 1 1 4 }'));
ENDSEC;

DATA;
#10=SHAPE_REPRESENTATION_RELATIONSHIP('','',#3045,#11);
#11=ADVANCED_BREP_SHAPE_REPRESENTATION('',(#3043),#5285);
#12=(
BOUNDED_CURVE()
B_SPLINE_CURVE(2,(#4854,#4855,#4856),.UNSPECIFIED.,.F.,.F.)
B_SPLINE_CURVE_WITH_KNOTS((3,3),(-0.496676428553711,-0.321162777358466),
 .UNSPECIFIED.)
CURVE()
GEOMETRIC_REPRESENTATION_ITEM()
RATIONAL_B_SPLINE_CURVE((1.01644332350078,1.01946038656352,1.01829177654907))
REPRESENTATION_ITEM('')
);
#13=(
BOUNDED_CURVE()
B_SPLINE_CURVE(2,(#4912,#4913,#4914),.UNSPECIFIED.,.F.,.F.)
B_SPLINE_CURVE_WITH_KNOTS((3,3),(0.165385833462072,0.319854188844712),
 .UNSPECIFIED.)
CURVE()
GEOMETRIC_REPRESENTATION_ITEM()
RATIONAL_B_SPLINE_CURVE((1.,1.,1.))
REPRESENTATION_ITEM('')
);
#14=(
BOUNDED_CURVE()
B_SPLINE_CURVE(2,(#4915,#4916,#4917),.UNSPECIFIED.,.F.,.F.)
B_SPLINE_CURVE_WITH_KNOTS((3,3),(0.134933537017079,0.275811435031849),
 .UNSPECIFIED.)
CURVE()
GEOMETRIC_REPRESENTATION_ITEM()
RATIONAL_B_SPLINE_CURVE((1.02359575634954,1.03391143021354,1.04004682058943))
REPRESENTATION_ITEM('')
);
#15=CONICAL_SURFACE('',#3186,0.0105,0.785398163397448);
#16=CONICAL_SURFACE('',#3190,0.0115,0.785398163397447);
#17=TOROIDAL_SURFACE('',#3174,0.007,0.003);
#18=TOROIDAL_SURFACE('',#3179,0.007,0.003);
#19=B_SPLINE_SURFACE_WITH_KNOTS('',3,1,((#4225,#4226),(#4227,#4228),(#4229,
#4230),(#4231,#4232)),.SURF_OF_LINEAR_EXTRUSION.,.F.,.F.,.F.,(4,4),(2,2),
(-3.26605171206822E-10,1.000000000004),(0.,1.),.PIECEWISE_BEZIER_KNOTS.);
#20=B_SPLINE_SURFACE_WITH_KNOTS('',3,1,((#4578,#4579),(#4580,#4581),(#4582,
#4583),(#4584,#4585)),.SURF_OF_LINEAR_EXTRUSION.,.F.,.F.,.F.,(4,4),(2,2),
(0.337037750592276,0.999999999999994),(0.,1.),.PIECEWISE_BEZIER_KNOTS.);
#21=B_SPLINE_SURFACE_WITH_KNOTS('',3,3,((#4785,#4786,#4787,#4788,#4789,
#4790),(#4791,#4792,#4793,#4794,#4795,#4796),(#4797,#4798,#4799,#4800,#4801,
#4802),(#4803,#4804,#4805,#4806,#4807,#4808)),.UNSPECIFIED.,.F.,.F.,.F.,
(4,4),(4,2,4),(3.64060619915158,4.40762595969023),(0.,0.503265464804203,
1.00653092960841),.UNSPECIFIED.);
#22=B_SPLINE_SURFACE_WITH_KNOTS('',3,3,((#4821,#4822,#4823,#4824,#4825,
#4826),(#4827,#4828,#4829,#4830,#4831,#4832),(#4833,#4834,#4835,#4836,#4837,
#4838),(#4839,#4840,#4841,#4842,#4843,#4844)),.UNSPECIFIED.,.F.,.F.,.F.,
(4,4),(4,2,4),(0.498637653838149,1.26603330610044),(-0.00653169456522009,
0.49673415271739,1.),.UNSPECIFIED.);
#23=B_SPLINE_SURFACE_WITH_KNOTS('',1,3,((#4858,#4859,#4860,#4861,#4862,
#4863,#4864,#4865,#4866,#4867),(#4868,#4869,#4870,#4871,#4872,#4873,#4874,
#4875,#4876,#4877),(#4878,#4879,#4880,#4881,#4882,#4883,#4884,#4885,#4886,
#4887)),.RULED_SURF.,.F.,.F.,.F.,(2,1,2),(4,2,2,2,4),(0.,1.,1.00604610014311),
(0.000631673161809146,0.00376851333010507,0.00753702666021013,0.0113055399903152,
0.0150740533204203),.UNSPECIFIED.);
#24=B_SPLINE_SURFACE_WITH_KNOTS('',1,3,((#4889,#4890,#4891,#4892,#4893,
#4894,#4895,#4896,#4897,#4898),(#4899,#4900,#4901,#4902,#4903,#4904,#4905,
#4906,#4907,#4908)),.RULED_SURF.,.F.,.F.,.F.,(2,2),(4,2,2,2,4),(0.,1.00000350946814),
(0.0111027714434109,0.0130807787633149,0.015503700121428,0.017926621479541,
0.0195244298941351),.UNSPECIFIED.);
#25=B_SPLINE_SURFACE_WITH_KNOTS('',3,1,((#4940,#4941),(#4942,#4943),(#4944,
#4945),(#4946,#4947),(#4948,#4949),(#4950,#4951),(#4952,#4953)),
 .SURF_OF_LINEAR_EXTRUSION.,.F.,.F.,.F.,(4,1,1,1,4),(2,2),(0.0100000015558885,
0.260000001165274,0.510000000774659,0.760000000384045,1.00999999999343),
(0.,1.),.UNSPECIFIED.);
#26=B_SPLINE_SURFACE_WITH_KNOTS('',3,1,((#4979,#4980),(#4981,#4982),(#4983,
#4984),(#4985,#4986)),.SURF_OF_LINEAR_EXTRUSION.,.F.,.F.,.F.,(4,4),(2,2),
(-3.26610435484191E-10,0.999999999999616),(0.,1.),
 .PIECEWISE_BEZIER_KNOTS.);
#27=B_SPLINE_SURFACE_WITH_KNOTS('',3,1,((#5129,#5130),(#5131,#5132),(#5133,
#5134),(#5135,#5136),(#5137,#5138)),.SURF_OF_LINEAR_EXTRUSION.,.F.,.F.,
 .F.,(4,1,4),(2,2),(-0.614552096839247,0.192723951582233,1.00000000000371),
(0.,1.),.UNSPECIFIED.);
#28=B_SPLINE_SURFACE_WITH_KNOTS('',3,1,((#5151,#5152),(#5153,#5154),(#5155,
#5156),(#5157,#5158),(#5159,#5160)),.SURF_OF_LINEAR_EXTRUSION.,.F.,.F.,
 .F.,(4,1,4),(2,2),(-8.85397493655751,-8.05204717095553,-7.25011940535354),
(0.,1.),.UNSPECIFIED.);
#29=CIRCLE('',#3060,0.005);
#30=CIRCLE('',#3063,0.001);
#31=CIRCLE('',#3064,0.001);
#32=CIRCLE('',#3068,0.001);
#33=CIRCLE('',#3069,0.001);
#34=CIRCLE('',#3073,0.001);
#35=CIRCLE('',#3074,0.001);
#36=CIRCLE('',#3078,0.005);
#37=CIRCLE('',#3080,4.14278111817298);
#38=CIRCLE('',#3083,0.0105);
#39=CIRCLE('',#3085,0.002);
#40=CIRCLE('',#3089,0.001);
#41=CIRCLE('',#3090,0.001);
#42=CIRCLE('',#3094,0.001);
#43=CIRCLE('',#3095,0.001);
#44=CIRCLE('',#3099,0.001);
#45=CIRCLE('',#3100,0.001);
#46=CIRCLE('',#3104,0.005);
#47=CIRCLE('',#3109,0.0105);
#48=CIRCLE('',#3114,0.0115);
#49=CIRCLE('',#3116,0.003);
#50=CIRCLE('',#3118,0.003);
#51=CIRCLE('',#3120,0.007);
#52=CIRCLE('',#3121,0.007);
#53=CIRCLE('',#3123,0.0105);
#54=CIRCLE('',#3124,0.002);
#55=CIRCLE('',#3125,0.002);
#56=CIRCLE('',#3127,0.002);
#57=CIRCLE('',#3129,0.0643492380206591);
#58=CIRCLE('',#3130,0.0643492379530339);
#59=CIRCLE('',#3132,0.0115);
#60=CIRCLE('',#3136,0.0105);
#61=CIRCLE('',#3137,0.0105);
#62=CIRCLE('',#3146,0.002);
#63=CIRCLE('',#3151,0.002);
#64=CIRCLE('',#3156,0.002);
#65=CIRCLE('',#3173,0.003);
#66=CIRCLE('',#3175,0.007);
#67=CIRCLE('',#3176,0.003);
#68=CIRCLE('',#3178,0.003);
#69=CIRCLE('',#3180,0.003);
#70=CIRCLE('',#3181,0.007);
#71=CIRCLE('',#3187,3.58118528136628);
#72=CIRCLE('',#3188,3.61212356453863);
#73=CIRCLE('',#3199,0.0118520339723914);
#74=CIRCLE('',#3200,0.0119075025347732);
#75=CIRCLE('',#3221,0.002);
#76=CIRCLE('',#3226,0.002);
#77=CIRCLE('',#3233,0.002);
#78=CIRCLE('',#3238,0.000599999999999989);
#79=CIRCLE('',#3243,0.005);
#80=CIRCLE('',#3244,0.005);
#81=CIRCLE('',#3254,0.00225);
#82=CIRCLE('',#3255,0.00225);
#83=CIRCLE('',#3257,0.00225);
#84=CIRCLE('',#3258,0.00225);
#85=CIRCLE('',#3260,0.00225);
#86=CIRCLE('',#3261,0.00225);
#87=CIRCLE('',#3263,0.00225);
#88=CIRCLE('',#3264,0.00225);
#89=CIRCLE('',#3266,0.005);
#90=CIRCLE('',#3267,0.005);
#91=CIRCLE('',#3269,0.005);
#92=CIRCLE('',#3270,0.005);
#93=CIRCLE('',#3272,0.005);
#94=CIRCLE('',#3273,0.005);
#95=CIRCLE('',#3275,0.005);
#96=CIRCLE('',#3276,0.005);
#97=PLANE('',#3050);
#98=PLANE('',#3051);
#99=PLANE('',#3052);
#100=PLANE('',#3053);
#101=PLANE('',#3057);
#102=PLANE('',#3058);
#103=PLANE('',#3059);
#104=PLANE('',#3061);
#105=PLANE('',#3065);
#106=PLANE('',#3066);
#107=PLANE('',#3070);
#108=PLANE('',#3071);
#109=PLANE('',#3075);
#110=PLANE('',#3076);
#111=PLANE('',#3077);
#112=PLANE('',#3079);
#113=PLANE('',#3082);
#114=PLANE('',#3086);
#115=PLANE('',#3091);
#116=PLANE('',#3092);
#117=PLANE('',#3096);
#118=PLANE('',#3097);
#119=PLANE('',#3101);
#120=PLANE('',#3102);
#121=PLANE('',#3103);
#122=PLANE('',#3105);
#123=PLANE('',#3106);
#124=PLANE('',#3107);
#125=PLANE('',#3108);
#126=PLANE('',#3110);
#127=PLANE('',#3111);
#128=PLANE('',#3112);
#129=PLANE('',#3113);
#130=PLANE('',#3115);
#131=PLANE('',#3117);
#132=PLANE('',#3119);
#133=PLANE('',#3122);
#134=PLANE('',#3128);
#135=PLANE('',#3131);
#136=PLANE('',#3133);
#137=PLANE('',#3134);
#138=PLANE('',#3140);
#139=PLANE('',#3141);
#140=PLANE('',#3142);
#141=PLANE('',#3143);
#142=PLANE('',#3144);
#143=PLANE('',#3145);
#144=PLANE('',#3148);
#145=PLANE('',#3149);
#146=PLANE('',#3150);
#147=PLANE('',#3153);
#148=PLANE('',#3154);
#149=PLANE('',#3155);
#150=PLANE('',#3159);
#151=PLANE('',#3160);
#152=PLANE('',#3161);
#153=PLANE('',#3163);
#154=PLANE('',#3189);
#155=PLANE('',#3191);
#156=PLANE('',#3192);
#157=PLANE('',#3193);
#158=PLANE('',#3194);
#159=PLANE('',#3195);
#160=PLANE('',#3196);
#161=PLANE('',#3197);
#162=PLANE('',#3198);
#163=PLANE('',#3202);
#164=PLANE('',#3204);
#165=PLANE('',#3205);
#166=PLANE('',#3206);
#167=PLANE('',#3207);
#168=PLANE('',#3208);
#169=PLANE('',#3211);
#170=PLANE('',#3212);
#171=PLANE('',#3214);
#172=PLANE('',#3220);
#173=PLANE('',#3223);
#174=PLANE('',#3224);
#175=PLANE('',#3225);
#176=PLANE('',#3228);
#177=PLANE('',#3230);
#178=PLANE('',#3232);
#179=PLANE('',#3235);
#180=PLANE('',#3236);
#181=PLANE('',#3239);
#182=PLANE('',#3245);
#183=PLANE('',#3247);
#184=PLANE('',#3248);
#185=PLANE('',#3249);
#186=PLANE('',#3250);
#187=PLANE('',#3251);
#188=PLANE('',#3252);
#189=PLANE('',#3277);
#190=PLANE('',#3278);
#191=PLANE('',#3279);
#192=PLANE('',#3280);
#193=PLANE('',#3281);
#194=PLANE('',#3282);
#195=PLANE('',#3283);
#196=PLANE('',#3284);
#197=PLANE('',#3285);
#198=PLANE('',#3286);
#199=PLANE('',#3287);
#200=PLANE('',#3288);
#201=PLANE('',#3289);
#202=B_SPLINE_CURVE_WITH_KNOTS('',3,(#4082,#4083,#4084,#4085,#4086,#4087),
 .UNSPECIFIED.,.F.,.F.,(4,1,1,4),(3.5762240613455E-18,0.00117650904200237,
0.00176476356300355,0.00235301808400474),.UNSPECIFIED.);
#203=B_SPLINE_CURVE_WITH_KNOTS('',3,(#4133,#4134,#4135,#4136),
 .UNSPECIFIED.,.F.,.F.,(4,4),(0.,0.000308751411613023),.UNSPECIFIED.);
#204=B_SPLINE_CURVE_WITH_KNOTS('',3,(#4236,#4237,#4238,#4239,#4240),
 .UNSPECIFIED.,.F.,.F.,(4,1,4),(1.6479142595708E-15,0.00273915346142533,
0.00547830692284902),.UNSPECIFIED.);
#205=B_SPLINE_CURVE_WITH_KNOTS('',3,(#4244,#4245,#4246,#4247),
 .UNSPECIFIED.,.F.,.F.,(4,4),(-0.539354215106233,0.),.UNSPECIFIED.);
#206=B_SPLINE_CURVE_WITH_KNOTS('',3,(#4260,#4261,#4262,#4263),
 .UNSPECIFIED.,.F.,.F.,(4,4),(0.,1.),.UNSPECIFIED.);
#207=B_SPLINE_CURVE_WITH_KNOTS('',3,(#4403,#4404,#4405,#4406,#4407,#4408,
#4409,#4410,#4411,#4412,#4413,#4414,#4415),.UNSPECIFIED.,.F.,.F.,(4,3,3,
3,4),(-0.993478938443376,-0.761988285723771,-0.471085079623734,-0.180181873523698,
0.),.UNSPECIFIED.);
#208=B_SPLINE_CURVE_WITH_KNOTS('',3,(#4518,#4519,#4520,#4521),
 .UNSPECIFIED.,.F.,.F.,(4,4),(0.660263209181079,1.),.UNSPECIFIED.);
#209=B_SPLINE_CURVE_WITH_KNOTS('',3,(#4554,#4555,#4556,#4557,#4558,#4559,
#4560,#4561,#4562,#4563,#4564,#4565,#4566),.UNSPECIFIED.,.F.,.F.,(4,3,3,
3,4),(-0.999999820194838,-0.80276174020502,-0.535174493470013,-0.267587246735007,
0.),.UNSPECIFIED.);
#210=B_SPLINE_CURVE_WITH_KNOTS('',3,(#4586,#4587,#4588,#4589),
 .UNSPECIFIED.,.F.,.F.,(4,4),(-0.753331720254223,-3.05459180172107E-9),
 .UNSPECIFIED.);
#211=B_SPLINE_CURVE_WITH_KNOTS('',3,(#4593,#4594,#4595,#4596),
 .UNSPECIFIED.,.F.,.F.,(4,4),(1.14717566445776E-15,0.0143068920174423),
 .UNSPECIFIED.);
#212=B_SPLINE_CURVE_WITH_KNOTS('',3,(#4599,#4600,#4601,#4602,#4603,#4604),
 .UNSPECIFIED.,.F.,.F.,(4,2,4),(1.00000001618933E-6,0.424748655406062,0.851004369632397),
 .UNSPECIFIED.);
#213=B_SPLINE_CURVE_WITH_KNOTS('',3,(#4606,#4607,#4608,#4609,#4610),
 .UNSPECIFIED.,.F.,.F.,(4,1,4),(3.94694922129217E-16,0.0017504770975915,
0.0035009541951826),.UNSPECIFIED.);
#214=B_SPLINE_CURVE_WITH_KNOTS('',3,(#4655,#4656,#4657,#4658),
 .UNSPECIFIED.,.F.,.F.,(4,4),(4.0236610934577E-17,0.00119832434126044),
 .UNSPECIFIED.);
#215=B_SPLINE_CURVE_WITH_KNOTS('',3,(#4707,#4708,#4709,#4710),
 .UNSPECIFIED.,.F.,.F.,(4,4),(7.25025024169763E-13,0.00440180584926627),
 .UNSPECIFIED.);
#216=B_SPLINE_CURVE_WITH_KNOTS('',3,(#4712,#4713,#4714,#4715,#4716,#4717),
 .UNSPECIFIED.,.F.,.F.,(4,1,1,4),(8.46004890608292E-13,0.00276384930269772,
0.00414577395362357,0.00552769860454943),.UNSPECIFIED.);
#217=B_SPLINE_CURVE_WITH_KNOTS('',3,(#4718,#4719,#4720,#4721),
 .UNSPECIFIED.,.F.,.F.,(4,4),(0.,1.),.UNSPECIFIED.);
#218=B_SPLINE_CURVE_WITH_KNOTS('',3,(#4723,#4724,#4725,#4726),
 .UNSPECIFIED.,.F.,.F.,(4,4),(4.9065389333868E-18,0.00189334774706144),
 .UNSPECIFIED.);
#219=B_SPLINE_CURVE_WITH_KNOTS('',3,(#4728,#4729,#4730,#4731),
 .UNSPECIFIED.,.F.,.F.,(4,4),(0.,1.),.UNSPECIFIED.);
#220=B_SPLINE_CURVE_WITH_KNOTS('',3,(#4735,#4736,#4737,#4738,#4739),
 .UNSPECIFIED.,.F.,.F.,(4,1,4),(0.,0.00222026597049069,0.00444053194098138),
 .UNSPECIFIED.);
#221=B_SPLINE_CURVE_WITH_KNOTS('',3,(#4743,#4744,#4745,#4746),
 .UNSPECIFIED.,.F.,.F.,(4,4),(0.,0.00189446151724497),.UNSPECIFIED.);
#222=B_SPLINE_CURVE_WITH_KNOTS('',3,(#4753,#4754,#4755,#4756,#4757),
 .UNSPECIFIED.,.F.,.F.,(4,1,4),(0.,0.00359070342790339,0.00718140685580677),
 .UNSPECIFIED.);
#223=B_SPLINE_CURVE_WITH_KNOTS('',3,(#4775,#4776,#4777,#4778),
 .UNSPECIFIED.,.F.,.F.,(4,4),(5.20417042793042E-18,0.00544069771944354),
 .UNSPECIFIED.);
#224=B_SPLINE_CURVE_WITH_KNOTS('',3,(#4780,#4781,#4782,#4783,#4784),
 .UNSPECIFIED.,.F.,.F.,(4,1,4),(0.,0.5,1.),.UNSPECIFIED.);
#225=B_SPLINE_CURVE_WITH_KNOTS('',3,(#4809,#4810,#4811,#4812),
 .UNSPECIFIED.,.F.,.F.,(4,4),(0.,1.),.UNSPECIFIED.);
#226=B_SPLINE_CURVE_WITH_KNOTS('',3,(#4816,#4817,#4818,#4819,#4820),
 .UNSPECIFIED.,.F.,.F.,(4,1,4),(0.,0.5,1.),.UNSPECIFIED.);
#227=B_SPLINE_CURVE_WITH_KNOTS('',3,(#4845,#4846,#4847,#4848),
 .UNSPECIFIED.,.F.,.F.,(4,4),(0.,1.),.UNSPECIFIED.);
#228=B_SPLINE_CURVE_WITH_KNOTS('',3,(#4849,#4850,#4851,#4852),
 .UNSPECIFIED.,.F.,.F.,(4,4),(0.,1.),.UNSPECIFIED.);
#229=B_SPLINE_CURVE_WITH_KNOTS('',3,(#4932,#4933,#4934,#4935),
 .UNSPECIFIED.,.F.,.F.,(4,4),(0.,0.00482268720835178),.UNSPECIFIED.);
#230=B_SPLINE_CURVE_WITH_KNOTS('',3,(#4936,#4937,#4938,#4939),
 .UNSPECIFIED.,.F.,.F.,(4,4),(0.,0.00481921729711804),.UNSPECIFIED.);
#231=B_SPLINE_CURVE_WITH_KNOTS('',3,(#4956,#4957,#4958,#4959),
 .UNSPECIFIED.,.F.,.F.,(4,4),(0.,0.0702845840125529),.UNSPECIFIED.);
#232=B_SPLINE_CURVE_WITH_KNOTS('',3,(#4963,#4964,#4965,#4966),
 .UNSPECIFIED.,.F.,.F.,(4,4),(0.,0.0702918207158648),.UNSPECIFIED.);
#233=B_SPLINE_CURVE_WITH_KNOTS('',3,(#4971,#4972,#4973,#4974),
 .UNSPECIFIED.,.F.,.F.,(4,4),(0.,0.00317290410292751),.UNSPECIFIED.);
#234=B_SPLINE_CURVE_WITH_KNOTS('',3,(#4975,#4976,#4977,#4978),
 .UNSPECIFIED.,.F.,.F.,(4,4),(0.,0.00317492177341194),.UNSPECIFIED.);
#235=B_SPLINE_CURVE_WITH_KNOTS('',3,(#5033,#5034,#5035,#5036,#5037,#5038,
#5039),.UNSPECIFIED.,.F.,.F.,(4,1,1,1,4),(0.,0.00168619973463515,0.00337239946927029,
0.00505859920390544,0.00674479893854059),.UNSPECIFIED.);
#236=B_SPLINE_CURVE_WITH_KNOTS('',3,(#5067,#5068,#5069,#5070,#5071,#5072,
#5073,#5074,#5075,#5076,#5077),.UNSPECIFIED.,.F.,.F.,(4,1,1,1,1,1,1,1,4),
(3.87895961444886E-18,0.00119857594053616,0.00239715188107231,0.00359572782160846,
0.00479430376214461,0.00599287970268076,0.00719145564321691,0.00839003158375307,
0.00958860752428922),.UNSPECIFIED.);
#237=B_SPLINE_CURVE_WITH_KNOTS('',3,(#5109,#5110,#5111,#5112,#5113),
 .UNSPECIFIED.,.F.,.F.,(4,1,4),(7.01063548881506E-15,0.00275764204825303,
0.00551528409649904),.UNSPECIFIED.);
#238=B_SPLINE_CURVE_WITH_KNOTS('',3,(#5114,#5115,#5116,#5117,#5118,#5119,
#5120,#5121,#5122,#5123,#5124,#5125,#5126),.UNSPECIFIED.,.F.,.F.,(4,3,3,
3,4),(-0.140442923004981,-0.104953277773663,-0.0702214615024793,-0.035489645231299,
0.),.UNSPECIFIED.);
#239=B_SPLINE_CURVE_WITH_KNOTS('',3,(#5141,#5142,#5143,#5144),
 .UNSPECIFIED.,.F.,.F.,(4,4),(0.,0.00190411386930059),.UNSPECIFIED.);
#240=B_SPLINE_CURVE_WITH_KNOTS('',3,(#5146,#5147,#5148,#5149,#5150),
 .UNSPECIFIED.,.F.,.F.,(4,1,4),(0.00190411386930059,0.00494170215286265,
0.00797929043642471),.UNSPECIFIED.);
#241=B_SPLINE_CURVE_WITH_KNOTS('',3,(#5161,#5162,#5163,#5164,#5165,#5166,
#5167),.UNSPECIFIED.,.F.,.F.,(4,1,1,1,4),(1.81381571749743E-14,0.00199443801901282,
0.00398887603800751,0.0059833140570022,0.00797775207599688),
 .UNSPECIFIED.);
#242=LINE('',#4080,#539);
#243=LINE('',#4089,#540);
#244=LINE('',#4093,#541);
#245=LINE('',#4095,#542);
#246=LINE('',#4097,#543);
#247=LINE('',#4100,#544);
#248=LINE('',#4102,#545);
#249=LINE('',#4104,#546);
#250=LINE('',#4106,#547);
#251=LINE('',#4108,#548);
#252=LINE('',#4110,#549);
#253=LINE('',#4112,#550);
#254=LINE('',#4114,#551);
#255=LINE('',#4116,#552);
#256=LINE('',#4118,#553);
#257=LINE('',#4120,#554);
#258=LINE('',#4121,#555);
#259=LINE('',#4123,#556);
#260=LINE('',#4125,#557);
#261=LINE('',#4127,#558);
#262=LINE('',#4129,#559);
#263=LINE('',#4131,#560);
#264=LINE('',#4140,#561);
#265=LINE('',#4144,#562);
#266=LINE('',#4145,#563);
#267=LINE('',#4147,#564);
#268=LINE('',#4149,#565);
#269=LINE('',#4151,#566);
#270=LINE('',#4153,#567);
#271=LINE('',#4155,#568);
#272=LINE('',#4160,#569);
#273=LINE('',#4161,#570);
#274=LINE('',#4166,#571);
#275=LINE('',#4170,#572);
#276=LINE('',#4172,#573);
#277=LINE('',#4174,#574);
#278=LINE('',#4176,#575);
#279=LINE('',#4178,#576);
#280=LINE('',#4179,#577);
#281=LINE('',#4184,#578);
#282=LINE('',#4188,#579);
#283=LINE('',#4190,#580);
#284=LINE('',#4192,#581);
#285=LINE('',#4194,#582);
#286=LINE('',#4196,#583);
#287=LINE('',#4197,#584);
#288=LINE('',#4202,#585);
#289=LINE('',#4206,#586);
#290=LINE('',#4208,#587);
#291=LINE('',#4210,#588);
#292=LINE('',#4212,#589);
#293=LINE('',#4214,#590);
#294=LINE('',#4215,#591);
#295=LINE('',#4217,#592);
#296=LINE('',#4220,#593);
#297=LINE('',#4224,#594);
#298=LINE('',#4233,#595);
#299=LINE('',#4242,#596);
#300=LINE('',#4249,#597);
#301=LINE('',#4252,#598);
#302=LINE('',#4256,#599);
#303=LINE('',#4258,#600);
#304=LINE('',#4265,#601);
#305=LINE('',#4267,#602);
#306=LINE('',#4269,#603);
#307=LINE('',#4273,#604);
#308=LINE('',#4276,#605);
#309=LINE('',#4278,#606);
#310=LINE('',#4282,#607);
#311=LINE('',#4284,#608);
#312=LINE('',#4286,#609);
#313=LINE('',#4288,#610);
#314=LINE('',#4290,#611);
#315=LINE('',#4294,#612);
#316=LINE('',#4296,#613);
#317=LINE('',#4298,#614);
#318=LINE('',#4299,#615);
#319=LINE('',#4302,#616);
#320=LINE('',#4309,#617);
#321=LINE('',#4310,#618);
#322=LINE('',#4312,#619);
#323=LINE('',#4314,#620);
#324=LINE('',#4316,#621);
#325=LINE('',#4318,#622);
#326=LINE('',#4320,#623);
#327=LINE('',#4321,#624);
#328=LINE('',#4323,#625);
#329=LINE('',#4328,#626);
#330=LINE('',#4332,#627);
#331=LINE('',#4334,#628);
#332=LINE('',#4336,#629);
#333=LINE('',#4338,#630);
#334=LINE('',#4340,#631);
#335=LINE('',#4341,#632);
#336=LINE('',#4346,#633);
#337=LINE('',#4350,#634);
#338=LINE('',#4352,#635);
#339=LINE('',#4354,#636);
#340=LINE('',#4356,#637);
#341=LINE('',#4358,#638);
#342=LINE('',#4359,#639);
#343=LINE('',#4364,#640);
#344=LINE('',#4368,#641);
#345=LINE('',#4370,#642);
#346=LINE('',#4372,#643);
#347=LINE('',#4374,#644);
#348=LINE('',#4376,#645);
#349=LINE('',#4377,#646);
#350=LINE('',#4379,#647);
#351=LINE('',#4382,#648);
#352=LINE('',#4384,#649);
#353=LINE('',#4386,#650);
#354=LINE('',#4388,#651);
#355=LINE('',#4390,#652);
#356=LINE('',#4392,#653);
#357=LINE('',#4394,#654);
#358=LINE('',#4398,#655);
#359=LINE('',#4400,#656);
#360=LINE('',#4401,#657);
#361=LINE('',#4417,#658);
#362=LINE('',#4419,#659);
#363=LINE('',#4421,#660);
#364=LINE('',#4423,#661);
#365=LINE('',#4425,#662);
#366=LINE('',#4427,#663);
#367=LINE('',#4429,#664);
#368=LINE('',#4431,#665);
#369=LINE('',#4433,#666);
#370=LINE('',#4435,#667);
#371=LINE('',#4437,#668);
#372=LINE('',#4439,#669);
#373=LINE('',#4441,#670);
#374=LINE('',#4443,#671);
#375=LINE('',#4445,#672);
#376=LINE('',#4447,#673);
#377=LINE('',#4449,#674);
#378=LINE('',#4453,#675);
#379=LINE('',#4455,#676);
#380=LINE('',#4457,#677);
#381=LINE('',#4459,#678);
#382=LINE('',#4461,#679);
#383=LINE('',#4463,#680);
#384=LINE('',#4465,#681);
#385=LINE('',#4467,#682);
#386=LINE('',#4469,#683);
#387=LINE('',#4472,#684);
#388=LINE('',#4473,#685);
#389=LINE('',#4474,#686);
#390=LINE('',#4479,#687);
#391=LINE('',#4480,#688);
#392=LINE('',#4482,#689);
#393=LINE('',#4484,#690);
#394=LINE('',#4489,#691);
#395=LINE('',#4491,#692);
#396=LINE('',#4493,#693);
#397=LINE('',#4495,#694);
#398=LINE('',#4499,#695);
#399=LINE('',#4501,#696);
#400=LINE('',#4503,#697);
#401=LINE('',#4504,#698);
#402=LINE('',#4505,#699);
#403=LINE('',#4509,#700);
#404=LINE('',#4513,#701);
#405=LINE('',#4515,#702);
#406=LINE('',#4524,#703);
#407=LINE('',#4526,#704);
#408=LINE('',#4530,#705);
#409=LINE('',#4532,#706);
#410=LINE('',#4536,#707);
#411=LINE('',#4539,#708);
#412=LINE('',#4542,#709);
#413=LINE('',#4549,#710);
#414=LINE('',#4552,#711);
#415=LINE('',#4569,#712);
#416=LINE('',#4572,#713);
#417=LINE('',#4574,#714);
#418=LINE('',#4576,#715);
#419=LINE('',#4591,#716);
#420=LINE('',#4598,#717);
#421=LINE('',#4616,#718);
#422=LINE('',#4618,#719);
#423=LINE('',#4621,#720);
#424=LINE('',#4622,#721);
#425=LINE('',#4624,#722);
#426=LINE('',#4626,#723);
#427=LINE('',#4629,#724);
#428=LINE('',#4631,#725);
#429=LINE('',#4636,#726);
#430=LINE('',#4638,#727);
#431=LINE('',#4640,#728);
#432=LINE('',#4641,#729);
#433=LINE('',#4643,#730);
#434=LINE('',#4649,#731);
#435=LINE('',#4651,#732);
#436=LINE('',#4653,#733);
#437=LINE('',#4654,#734);
#438=LINE('',#4660,#735);
#439=LINE('',#4666,#736);
#440=LINE('',#4668,#737);
#441=LINE('',#4670,#738);
#442=LINE('',#4672,#739);
#443=LINE('',#4676,#740);
#444=LINE('',#4678,#741);
#445=LINE('',#4680,#742);
#446=LINE('',#4685,#743);
#447=LINE('',#4686,#744);
#448=LINE('',#4691,#745);
#449=LINE('',#4692,#746);
#450=LINE('',#4696,#747);
#451=LINE('',#4700,#748);
#452=LINE('',#4702,#749);
#453=LINE('',#4734,#750);
#454=LINE('',#4750,#751);
#455=LINE('',#4763,#752);
#456=LINE('',#4771,#753);
#457=LINE('',#4814,#754);
#458=LINE('',#4857,#755);
#459=LINE('',#4919,#756);
#460=LINE('',#4921,#757);
#461=LINE('',#4923,#758);
#462=LINE('',#4929,#759);
#463=LINE('',#4961,#760);
#464=LINE('',#4968,#761);
#465=LINE('',#4991,#762);
#466=LINE('',#4993,#763);
#467=LINE('',#4995,#764);
#468=LINE('',#4997,#765);
#469=LINE('',#4999,#766);
#470=LINE('',#5001,#767);
#471=LINE('',#5003,#768);
#472=LINE('',#5005,#769);
#473=LINE('',#5007,#770);
#474=LINE('',#5009,#771);
#475=LINE('',#5011,#772);
#476=LINE('',#5014,#773);
#477=LINE('',#5016,#774);
#478=LINE('',#5020,#775);
#479=LINE('',#5021,#776);
#480=LINE('',#5026,#777);
#481=LINE('',#5028,#778);
#482=LINE('',#5030,#779);
#483=LINE('',#5031,#780);
#484=LINE('',#5040,#781);
#485=LINE('',#5050,#782);
#486=LINE('',#5052,#783);
#487=LINE('',#5054,#784);
#488=LINE('',#5055,#785);
#489=LINE('',#5057,#786);
#490=LINE('',#5063,#787);
#491=LINE('',#5065,#788);
#492=LINE('',#5080,#789);
#493=LINE('',#5081,#790);
#494=LINE('',#5084,#791);
#495=LINE('',#5091,#792);
#496=LINE('',#5093,#793);
#497=LINE('',#5095,#794);
#498=LINE('',#5096,#795);
#499=LINE('',#5098,#796);
#500=LINE('',#5139,#797);
#501=LINE('',#5169,#798);
#502=LINE('',#5170,#799);
#503=LINE('',#5172,#800);
#504=LINE('',#5173,#801);
#505=LINE('',#5177,#802);
#506=LINE('',#5180,#803);
#507=LINE('',#5182,#804);
#508=LINE('',#5183,#805);
#509=LINE('',#5209,#806);
#510=LINE('',#5213,#807);
#511=LINE('',#5218,#808);
#512=LINE('',#5222,#809);
#513=LINE('',#5227,#810);
#514=LINE('',#5231,#811);
#515=LINE('',#5236,#812);
#516=LINE('',#5240,#813);
#517=LINE('',#5242,#814);
#518=LINE('',#5243,#815);
#519=LINE('',#5244,#816);
#520=LINE('',#5245,#817);
#521=LINE('',#5247,#818);
#522=LINE('',#5248,#819);
#523=LINE('',#5249,#820);
#524=LINE('',#5250,#821);
#525=LINE('',#5256,#822);
#526=LINE('',#5258,#823);
#527=LINE('',#5260,#824);
#528=LINE('',#5262,#825);
#529=LINE('',#5264,#826);
#530=LINE('',#5266,#827);
#531=LINE('',#5268,#828);
#532=LINE('',#5270,#829);
#533=LINE('',#5272,#830);
#534=LINE('',#5274,#831);
#535=LINE('',#5276,#832);
#536=LINE('',#5278,#833);
#537=LINE('',#5280,#834);
#538=LINE('',#5282,#835);
#539=VECTOR('',#3296,1.);
#540=VECTOR('',#3297,1.);
#541=VECTOR('',#3300,1.);
#542=VECTOR('',#3301,1.);
#543=VECTOR('',#3304,1.);
#544=VECTOR('',#3305,1.);
#545=VECTOR('',#3306,1.);
#546=VECTOR('',#3307,1.);
#547=VECTOR('',#3310,1.);
#548=VECTOR('',#3311,1.);
#549=VECTOR('',#3312,1.);
#550=VECTOR('',#3315,1.);
#551=VECTOR('',#3316,1.);
#552=VECTOR('',#3317,1.);
#553=VECTOR('',#3318,1.);
#554=VECTOR('',#3319,1.);
#555=VECTOR('',#3320,1.);
#556=VECTOR('',#3323,1.);
#557=VECTOR('',#3324,1.);
#558=VECTOR('',#3325,1.);
#559=VECTOR('',#3326,1.);
#560=VECTOR('',#3327,1.);
#561=VECTOR('',#3332,1.);
#562=VECTOR('',#3337,1.);
#563=VECTOR('',#3338,1.);
#564=VECTOR('',#3341,1.);
#565=VECTOR('',#3342,1.);
#566=VECTOR('',#3343,1.);
#567=VECTOR('',#3344,1.);
#568=VECTOR('',#3347,1.);
#569=VECTOR('',#3352,1.);
#570=VECTOR('',#3353,1.);
#571=VECTOR('',#3358,1.);
#572=VECTOR('',#3361,1.);
#573=VECTOR('',#3364,1.);
#574=VECTOR('',#3365,1.);
#575=VECTOR('',#3366,1.);
#576=VECTOR('',#3369,1.);
#577=VECTOR('',#3370,1.);
#578=VECTOR('',#3375,1.);
#579=VECTOR('',#3378,1.);
#580=VECTOR('',#3381,1.);
#581=VECTOR('',#3382,1.);
#582=VECTOR('',#3383,1.);
#583=VECTOR('',#3386,1.);
#584=VECTOR('',#3387,1.);
#585=VECTOR('',#3392,1.);
#586=VECTOR('',#3395,1.);
#587=VECTOR('',#3398,1.);
#588=VECTOR('',#3399,1.);
#589=VECTOR('',#3400,1.);
#590=VECTOR('',#3403,1.);
#591=VECTOR('',#3404,1.);
#592=VECTOR('',#3407,1.);
#593=VECTOR('',#3408,1.);
#594=VECTOR('',#3411,1.);
#595=VECTOR('',#3412,1.);
#596=VECTOR('',#3413,1.);
#597=VECTOR('',#3416,1.);
#598=VECTOR('',#3417,1.);
#599=VECTOR('',#3420,1.);
#600=VECTOR('',#3421,1.);
#601=VECTOR('',#3422,1.);
#602=VECTOR('',#3423,1.);
#603=VECTOR('',#3424,1.);
#604=VECTOR('',#3429,1.);
#605=VECTOR('',#3430,1.);
#606=VECTOR('',#3431,1.);
#607=VECTOR('',#3434,1.);
#608=VECTOR('',#3435,1.);
#609=VECTOR('',#3436,1.);
#610=VECTOR('',#3437,1.);
#611=VECTOR('',#3438,1.);
#612=VECTOR('',#3441,1.);
#613=VECTOR('',#3442,1.);
#614=VECTOR('',#3443,1.);
#615=VECTOR('',#3444,1.);
#616=VECTOR('',#3445,1.);
#617=VECTOR('',#3452,1.);
#618=VECTOR('',#3453,1.);
#619=VECTOR('',#3454,1.);
#620=VECTOR('',#3455,1.);
#621=VECTOR('',#3456,1.);
#622=VECTOR('',#3457,1.);
#623=VECTOR('',#3458,1.);
#624=VECTOR('',#3459,1.);
#625=VECTOR('',#3460,1.);
#626=VECTOR('',#3465,1.);
#627=VECTOR('',#3468,1.);
#628=VECTOR('',#3471,1.);
#629=VECTOR('',#3472,1.);
#630=VECTOR('',#3473,1.);
#631=VECTOR('',#3476,1.);
#632=VECTOR('',#3477,1.);
#633=VECTOR('',#3482,1.);
#634=VECTOR('',#3485,1.);
#635=VECTOR('',#3488,1.);
#636=VECTOR('',#3489,1.);
#637=VECTOR('',#3490,1.);
#638=VECTOR('',#3493,1.);
#639=VECTOR('',#3494,1.);
#640=VECTOR('',#3499,1.);
#641=VECTOR('',#3502,1.);
#642=VECTOR('',#3505,1.);
#643=VECTOR('',#3506,1.);
#644=VECTOR('',#3507,1.);
#645=VECTOR('',#3510,1.);
#646=VECTOR('',#3511,1.);
#647=VECTOR('',#3514,1.);
#648=VECTOR('',#3515,1.);
#649=VECTOR('',#3516,1.);
#650=VECTOR('',#3517,1.);
#651=VECTOR('',#3518,1.);
#652=VECTOR('',#3519,1.);
#653=VECTOR('',#3520,1.);
#654=VECTOR('',#3521,1.);
#655=VECTOR('',#3526,1.);
#656=VECTOR('',#3527,1.);
#657=VECTOR('',#3528,1.);
#658=VECTOR('',#3531,1.);
#659=VECTOR('',#3532,1.);
#660=VECTOR('',#3533,1.);
#661=VECTOR('',#3534,1.);
#662=VECTOR('',#3535,1.);
#663=VECTOR('',#3536,1.);
#664=VECTOR('',#3537,1.);
#665=VECTOR('',#3538,1.);
#666=VECTOR('',#3539,1.);
#667=VECTOR('',#3540,1.);
#668=VECTOR('',#3541,1.);
#669=VECTOR('',#3542,1.);
#670=VECTOR('',#3545,1.);
#671=VECTOR('',#3546,1.);
#672=VECTOR('',#3547,1.);
#673=VECTOR('',#3548,1.);
#674=VECTOR('',#3551,1.);
#675=VECTOR('',#3554,1.);
#676=VECTOR('',#3557,1.);
#677=VECTOR('',#3558,1.);
#678=VECTOR('',#3559,1.);
#679=VECTOR('',#3560,1.);
#680=VECTOR('',#3563,1.);
#681=VECTOR('',#3564,1.);
#682=VECTOR('',#3565,1.);
#683=VECTOR('',#3568,1.);
#684=VECTOR('',#3569,1.);
#685=VECTOR('',#3570,1.);
#686=VECTOR('',#3571,1.);
#687=VECTOR('',#3576,1.);
#688=VECTOR('',#3577,1.);
#689=VECTOR('',#3578,1.);
#690=VECTOR('',#3581,1.);
#691=VECTOR('',#3584,1.);
#692=VECTOR('',#3585,1.);
#693=VECTOR('',#3586,1.);
#694=VECTOR('',#3589,1.);
#695=VECTOR('',#3592,1.);
#696=VECTOR('',#3593,1.);
#697=VECTOR('',#3596,1.);
#698=VECTOR('',#3597,1.);
#699=VECTOR('',#3598,1.);
#700=VECTOR('',#3601,1.);
#701=VECTOR('',#3604,1.);
#702=VECTOR('',#3607,1.);
#703=VECTOR('',#3610,1.);
#704=VECTOR('',#3611,1.);
#705=VECTOR('',#3614,1.);
#706=VECTOR('',#3615,1.);
#707=VECTOR('',#3618,1.);
#708=VECTOR('',#3621,1.);
#709=VECTOR('',#3622,1.);
#710=VECTOR('',#3629,1.);
#711=VECTOR('',#3632,1.);
#712=VECTOR('',#3635,1.);
#713=VECTOR('',#3640,1.);
#714=VECTOR('',#3641,1.);
#715=VECTOR('',#3642,1.);
#716=VECTOR('',#3645,1.);
#717=VECTOR('',#3646,1.);
#718=VECTOR('',#3653,1.);
#719=VECTOR('',#3656,1.);
#720=VECTOR('',#3661,1.);
#721=VECTOR('',#3662,1.);
#722=VECTOR('',#3665,1.);
#723=VECTOR('',#3666,1.);
#724=VECTOR('',#3671,1.);
#725=VECTOR('',#3674,1.);
#726=VECTOR('',#3679,1.);
#727=VECTOR('',#3680,1.);
#728=VECTOR('',#3683,1.);
#729=VECTOR('',#3684,1.);
#730=VECTOR('',#3687,1.);
#731=VECTOR('',#3694,1.);
#732=VECTOR('',#3695,1.);
#733=VECTOR('',#3698,1.);
#734=VECTOR('',#3699,1.);
#735=VECTOR('',#3702,1.);
#736=VECTOR('',#3709,1.);
#737=VECTOR('',#3710,1.);
#738=VECTOR('',#3713,1.);
#739=VECTOR('',#3714,1.);
#740=VECTOR('',#3719,1.);
#741=VECTOR('',#3720,1.);
#742=VECTOR('',#3723,1.);
#743=VECTOR('',#3728,1.);
#744=VECTOR('',#3729,1.);
#745=VECTOR('',#3734,1.);
#746=VECTOR('',#3735,1.);
#747=VECTOR('',#3738,1.);
#748=VECTOR('',#3741,1.);
#749=VECTOR('',#3742,1.);
#750=VECTOR('',#3749,1.);
#751=VECTOR('',#3756,1.);
#752=VECTOR('',#3767,1.);
#753=VECTOR('',#3778,1.);
#754=VECTOR('',#3785,1.);
#755=VECTOR('',#3788,1.);
#756=VECTOR('',#3799,1.);
#757=VECTOR('',#3802,1.);
#758=VECTOR('',#3805,1.);
#759=VECTOR('',#3816,1.);
#760=VECTOR('',#3819,1.);
#761=VECTOR('',#3820,1.);
#762=VECTOR('',#3829,1.);
#763=VECTOR('',#3832,1.);
#764=VECTOR('',#3833,1.);
#765=VECTOR('',#3836,1.);
#766=VECTOR('',#3837,1.);
#767=VECTOR('',#3840,1.);
#768=VECTOR('',#3841,1.);
#769=VECTOR('',#3842,1.);
#770=VECTOR('',#3845,1.);
#771=VECTOR('',#3846,1.);
#772=VECTOR('',#3847,1.);
#773=VECTOR('',#3852,1.);
#774=VECTOR('',#3853,1.);
#775=VECTOR('',#3858,1.);
#776=VECTOR('',#3859,1.);
#777=VECTOR('',#3866,1.);
#778=VECTOR('',#3867,1.);
#779=VECTOR('',#3868,1.);
#780=VECTOR('',#3869,1.);
#781=VECTOR('',#3872,1.);
#782=VECTOR('',#3885,1.);
#783=VECTOR('',#3886,1.);
#784=VECTOR('',#3889,1.);
#785=VECTOR('',#3890,1.);
#786=VECTOR('',#3893,1.);
#787=VECTOR('',#3900,1.);
#788=VECTOR('',#3901,1.);
#789=VECTOR('',#3904,1.);
#790=VECTOR('',#3905,1.);
#791=VECTOR('',#3910,1.);
#792=VECTOR('',#3919,1.);
#793=VECTOR('',#3920,1.);
#794=VECTOR('',#3923,1.);
#795=VECTOR('',#3924,1.);
#796=VECTOR('',#3927,1.);
#797=VECTOR('',#3946,1.);
#798=VECTOR('',#3947,1.);
#799=VECTOR('',#3948,1.);
#800=VECTOR('',#3951,1.);
#801=VECTOR('',#3952,1.);
#802=VECTOR('',#3959,1.);
#803=VECTOR('',#3964,1.);
#804=VECTOR('',#3967,1.);
#805=VECTOR('',#3968,1.);
#806=VECTOR('',#3999,1.);
#807=VECTOR('',#4002,1.);
#808=VECTOR('',#4007,1.);
#809=VECTOR('',#4010,1.);
#810=VECTOR('',#4015,1.);
#811=VECTOR('',#4018,1.);
#812=VECTOR('',#4023,1.);
#813=VECTOR('',#4026,1.);
#814=VECTOR('',#4029,1.);
#815=VECTOR('',#4030,1.);
#816=VECTOR('',#4031,1.);
#817=VECTOR('',#4032,1.);
#818=VECTOR('',#4035,1.);
#819=VECTOR('',#4036,1.);
#820=VECTOR('',#4037,1.);
#821=VECTOR('',#4038,1.);
#822=VECTOR('',#4049,1.);
#823=VECTOR('',#4050,1.);
#824=VECTOR('',#4051,1.);
#825=VECTOR('',#4054,1.);
#826=VECTOR('',#4055,1.);
#827=VECTOR('',#4056,1.);
#828=VECTOR('',#4059,1.);
#829=VECTOR('',#4060,1.);
#830=VECTOR('',#4061,1.);
#831=VECTOR('',#4064,1.);
#832=VECTOR('',#4065,1.);
#833=VECTOR('',#4068,1.);
#834=VECTOR('',#4069,1.);
#835=VECTOR('',#4072,1.);
#836=ORIENTED_EDGE('',*,*,#1706,.T.);
#837=ORIENTED_EDGE('',*,*,#1707,.F.);
#838=ORIENTED_EDGE('',*,*,#1708,.T.);
#839=ORIENTED_EDGE('',*,*,#1709,.T.);
#840=ORIENTED_EDGE('',*,*,#1710,.F.);
#841=ORIENTED_EDGE('',*,*,#1711,.F.);
#842=ORIENTED_EDGE('',*,*,#1712,.F.);
#843=ORIENTED_EDGE('',*,*,#1713,.T.);
#844=ORIENTED_EDGE('',*,*,#1714,.F.);
#845=ORIENTED_EDGE('',*,*,#1715,.F.);
#846=ORIENTED_EDGE('',*,*,#1716,.T.);
#847=ORIENTED_EDGE('',*,*,#1717,.F.);
#848=ORIENTED_EDGE('',*,*,#1714,.T.);
#849=ORIENTED_EDGE('',*,*,#1718,.T.);
#850=ORIENTED_EDGE('',*,*,#1719,.F.);
#851=ORIENTED_EDGE('',*,*,#1709,.F.);
#852=ORIENTED_EDGE('',*,*,#1720,.F.);
#853=ORIENTED_EDGE('',*,*,#1721,.T.);
#854=ORIENTED_EDGE('',*,*,#1722,.T.);
#855=ORIENTED_EDGE('',*,*,#1723,.F.);
#856=ORIENTED_EDGE('',*,*,#1724,.F.);
#857=ORIENTED_EDGE('',*,*,#1715,.T.);
#858=ORIENTED_EDGE('',*,*,#1717,.T.);
#859=ORIENTED_EDGE('',*,*,#1725,.F.);
#860=ORIENTED_EDGE('',*,*,#1718,.F.);
#861=ORIENTED_EDGE('',*,*,#1713,.F.);
#862=ORIENTED_EDGE('',*,*,#1726,.T.);
#863=ORIENTED_EDGE('',*,*,#1727,.F.);
#864=ORIENTED_EDGE('',*,*,#1728,.T.);
#865=ORIENTED_EDGE('',*,*,#1729,.F.);
#866=ORIENTED_EDGE('',*,*,#1730,.F.);
#867=ORIENTED_EDGE('',*,*,#1731,.T.);
#868=ORIENTED_EDGE('',*,*,#1732,.T.);
#869=ORIENTED_EDGE('',*,*,#1733,.T.);
#870=ORIENTED_EDGE('',*,*,#1734,.F.);
#871=ORIENTED_EDGE('',*,*,#1721,.F.);
#872=ORIENTED_EDGE('',*,*,#1727,.T.);
#873=ORIENTED_EDGE('',*,*,#1735,.T.);
#874=ORIENTED_EDGE('',*,*,#1723,.T.);
#875=ORIENTED_EDGE('',*,*,#1736,.F.);
#876=ORIENTED_EDGE('',*,*,#1737,.T.);
#877=ORIENTED_EDGE('',*,*,#1738,.T.);
#878=ORIENTED_EDGE('',*,*,#1739,.T.);
#879=ORIENTED_EDGE('',*,*,#1740,.T.);
#880=ORIENTED_EDGE('',*,*,#1728,.F.);
#881=ORIENTED_EDGE('',*,*,#1736,.T.);
#882=ORIENTED_EDGE('',*,*,#1722,.F.);
#883=ORIENTED_EDGE('',*,*,#1734,.T.);
#884=ORIENTED_EDGE('',*,*,#1741,.F.);
#885=ORIENTED_EDGE('',*,*,#1742,.T.);
#886=ORIENTED_EDGE('',*,*,#1741,.T.);
#887=ORIENTED_EDGE('',*,*,#1743,.F.);
#888=ORIENTED_EDGE('',*,*,#1739,.F.);
#889=ORIENTED_EDGE('',*,*,#1744,.T.);
#890=ORIENTED_EDGE('',*,*,#1745,.F.);
#891=ORIENTED_EDGE('',*,*,#1746,.T.);
#892=ORIENTED_EDGE('',*,*,#1747,.F.);
#893=ORIENTED_EDGE('',*,*,#1748,.F.);
#894=ORIENTED_EDGE('',*,*,#1749,.T.);
#895=ORIENTED_EDGE('',*,*,#1748,.T.);
#896=ORIENTED_EDGE('',*,*,#1750,.F.);
#897=ORIENTED_EDGE('',*,*,#1751,.F.);
#898=ORIENTED_EDGE('',*,*,#1752,.T.);
#899=ORIENTED_EDGE('',*,*,#1751,.T.);
#900=ORIENTED_EDGE('',*,*,#1753,.F.);
#901=ORIENTED_EDGE('',*,*,#1746,.F.);
#902=ORIENTED_EDGE('',*,*,#1754,.F.);
#903=ORIENTED_EDGE('',*,*,#1755,.T.);
#904=ORIENTED_EDGE('',*,*,#1756,.F.);
#905=ORIENTED_EDGE('',*,*,#1757,.F.);
#906=ORIENTED_EDGE('',*,*,#1758,.T.);
#907=ORIENTED_EDGE('',*,*,#1757,.T.);
#908=ORIENTED_EDGE('',*,*,#1759,.F.);
#909=ORIENTED_EDGE('',*,*,#1760,.F.);
#910=ORIENTED_EDGE('',*,*,#1761,.T.);
#911=ORIENTED_EDGE('',*,*,#1760,.T.);
#912=ORIENTED_EDGE('',*,*,#1762,.F.);
#913=ORIENTED_EDGE('',*,*,#1755,.F.);
#914=ORIENTED_EDGE('',*,*,#1763,.F.);
#915=ORIENTED_EDGE('',*,*,#1764,.T.);
#916=ORIENTED_EDGE('',*,*,#1765,.F.);
#917=ORIENTED_EDGE('',*,*,#1766,.F.);
#918=ORIENTED_EDGE('',*,*,#1767,.T.);
#919=ORIENTED_EDGE('',*,*,#1766,.T.);
#920=ORIENTED_EDGE('',*,*,#1768,.F.);
#921=ORIENTED_EDGE('',*,*,#1769,.F.);
#922=ORIENTED_EDGE('',*,*,#1770,.T.);
#923=ORIENTED_EDGE('',*,*,#1769,.T.);
#924=ORIENTED_EDGE('',*,*,#1771,.F.);
#925=ORIENTED_EDGE('',*,*,#1764,.F.);
#926=ORIENTED_EDGE('',*,*,#1772,.F.);
#927=ORIENTED_EDGE('',*,*,#1773,.T.);
#928=ORIENTED_EDGE('',*,*,#1774,.F.);
#929=ORIENTED_EDGE('',*,*,#1775,.F.);
#930=ORIENTED_EDGE('',*,*,#1776,.T.);
#931=ORIENTED_EDGE('',*,*,#1777,.F.);
#932=ORIENTED_EDGE('',*,*,#1778,.F.);
#933=ORIENTED_EDGE('',*,*,#1779,.T.);
#934=ORIENTED_EDGE('',*,*,#1780,.T.);
#935=ORIENTED_EDGE('',*,*,#1781,.T.);
#936=ORIENTED_EDGE('',*,*,#1782,.F.);
#937=ORIENTED_EDGE('',*,*,#1783,.T.);
#938=ORIENTED_EDGE('',*,*,#1784,.F.);
#939=ORIENTED_EDGE('',*,*,#1785,.F.);
#940=ORIENTED_EDGE('',*,*,#1786,.F.);
#941=ORIENTED_EDGE('',*,*,#1787,.T.);
#942=ORIENTED_EDGE('',*,*,#1788,.F.);
#943=ORIENTED_EDGE('',*,*,#1789,.F.);
#944=ORIENTED_EDGE('',*,*,#1790,.F.);
#945=ORIENTED_EDGE('',*,*,#1791,.F.);
#946=ORIENTED_EDGE('',*,*,#1792,.F.);
#947=ORIENTED_EDGE('',*,*,#1793,.F.);
#948=ORIENTED_EDGE('',*,*,#1794,.F.);
#949=ORIENTED_EDGE('',*,*,#1795,.F.);
#950=ORIENTED_EDGE('',*,*,#1796,.F.);
#951=ORIENTED_EDGE('',*,*,#1797,.F.);
#952=ORIENTED_EDGE('',*,*,#1798,.T.);
#953=ORIENTED_EDGE('',*,*,#1799,.T.);
#954=ORIENTED_EDGE('',*,*,#1800,.F.);
#955=ORIENTED_EDGE('',*,*,#1801,.T.);
#956=ORIENTED_EDGE('',*,*,#1802,.T.);
#957=ORIENTED_EDGE('',*,*,#1803,.T.);
#958=ORIENTED_EDGE('',*,*,#1804,.T.);
#959=ORIENTED_EDGE('',*,*,#1805,.T.);
#960=ORIENTED_EDGE('',*,*,#1806,.T.);
#961=ORIENTED_EDGE('',*,*,#1807,.T.);
#962=ORIENTED_EDGE('',*,*,#1797,.T.);
#963=ORIENTED_EDGE('',*,*,#1808,.T.);
#964=ORIENTED_EDGE('',*,*,#1809,.F.);
#965=ORIENTED_EDGE('',*,*,#1810,.F.);
#966=ORIENTED_EDGE('',*,*,#1811,.F.);
#967=ORIENTED_EDGE('',*,*,#1812,.F.);
#968=ORIENTED_EDGE('',*,*,#1813,.T.);
#969=ORIENTED_EDGE('',*,*,#1780,.F.);
#970=ORIENTED_EDGE('',*,*,#1814,.F.);
#971=ORIENTED_EDGE('',*,*,#1815,.F.);
#972=ORIENTED_EDGE('',*,*,#1816,.F.);
#973=ORIENTED_EDGE('',*,*,#1817,.T.);
#974=ORIENTED_EDGE('',*,*,#1818,.F.);
#975=ORIENTED_EDGE('',*,*,#1819,.F.);
#976=ORIENTED_EDGE('',*,*,#1820,.T.);
#977=ORIENTED_EDGE('',*,*,#1819,.T.);
#978=ORIENTED_EDGE('',*,*,#1821,.F.);
#979=ORIENTED_EDGE('',*,*,#1822,.F.);
#980=ORIENTED_EDGE('',*,*,#1823,.T.);
#981=ORIENTED_EDGE('',*,*,#1822,.T.);
#982=ORIENTED_EDGE('',*,*,#1824,.F.);
#983=ORIENTED_EDGE('',*,*,#1817,.F.);
#984=ORIENTED_EDGE('',*,*,#1825,.F.);
#985=ORIENTED_EDGE('',*,*,#1826,.T.);
#986=ORIENTED_EDGE('',*,*,#1827,.F.);
#987=ORIENTED_EDGE('',*,*,#1828,.F.);
#988=ORIENTED_EDGE('',*,*,#1829,.T.);
#989=ORIENTED_EDGE('',*,*,#1828,.T.);
#990=ORIENTED_EDGE('',*,*,#1830,.F.);
#991=ORIENTED_EDGE('',*,*,#1831,.F.);
#992=ORIENTED_EDGE('',*,*,#1832,.T.);
#993=ORIENTED_EDGE('',*,*,#1831,.T.);
#994=ORIENTED_EDGE('',*,*,#1833,.F.);
#995=ORIENTED_EDGE('',*,*,#1826,.F.);
#996=ORIENTED_EDGE('',*,*,#1834,.F.);
#997=ORIENTED_EDGE('',*,*,#1835,.T.);
#998=ORIENTED_EDGE('',*,*,#1836,.F.);
#999=ORIENTED_EDGE('',*,*,#1837,.F.);
#1000=ORIENTED_EDGE('',*,*,#1838,.T.);
#1001=ORIENTED_EDGE('',*,*,#1837,.T.);
#1002=ORIENTED_EDGE('',*,*,#1839,.F.);
#1003=ORIENTED_EDGE('',*,*,#1840,.F.);
#1004=ORIENTED_EDGE('',*,*,#1841,.T.);
#1005=ORIENTED_EDGE('',*,*,#1840,.T.);
#1006=ORIENTED_EDGE('',*,*,#1842,.F.);
#1007=ORIENTED_EDGE('',*,*,#1835,.F.);
#1008=ORIENTED_EDGE('',*,*,#1843,.T.);
#1009=ORIENTED_EDGE('',*,*,#1844,.T.);
#1010=ORIENTED_EDGE('',*,*,#1845,.T.);
#1011=ORIENTED_EDGE('',*,*,#1846,.F.);
#1012=ORIENTED_EDGE('',*,*,#1847,.F.);
#1013=ORIENTED_EDGE('',*,*,#1848,.F.);
#1014=ORIENTED_EDGE('',*,*,#1849,.F.);
#1015=ORIENTED_EDGE('',*,*,#1850,.F.);
#1016=ORIENTED_EDGE('',*,*,#1851,.T.);
#1017=ORIENTED_EDGE('',*,*,#1813,.F.);
#1018=ORIENTED_EDGE('',*,*,#1852,.F.);
#1019=ORIENTED_EDGE('',*,*,#1853,.F.);
#1020=ORIENTED_EDGE('',*,*,#1850,.T.);
#1021=ORIENTED_EDGE('',*,*,#1854,.F.);
#1022=ORIENTED_EDGE('',*,*,#1855,.F.);
#1023=ORIENTED_EDGE('',*,*,#1781,.F.);
#1024=ORIENTED_EDGE('',*,*,#1824,.T.);
#1025=ORIENTED_EDGE('',*,*,#1821,.T.);
#1026=ORIENTED_EDGE('',*,*,#1818,.T.);
#1027=ORIENTED_EDGE('',*,*,#1856,.F.);
#1028=ORIENTED_EDGE('',*,*,#1844,.F.);
#1029=ORIENTED_EDGE('',*,*,#1857,.T.);
#1030=ORIENTED_EDGE('',*,*,#1858,.T.);
#1031=ORIENTED_EDGE('',*,*,#1859,.F.);
#1032=ORIENTED_EDGE('',*,*,#1860,.T.);
#1033=ORIENTED_EDGE('',*,*,#1861,.T.);
#1034=ORIENTED_EDGE('',*,*,#1862,.F.);
#1035=ORIENTED_EDGE('',*,*,#1863,.F.);
#1036=ORIENTED_EDGE('',*,*,#1864,.T.);
#1037=ORIENTED_EDGE('',*,*,#1865,.T.);
#1038=ORIENTED_EDGE('',*,*,#1866,.F.);
#1039=ORIENTED_EDGE('',*,*,#1867,.F.);
#1040=ORIENTED_EDGE('',*,*,#1762,.T.);
#1041=ORIENTED_EDGE('',*,*,#1759,.T.);
#1042=ORIENTED_EDGE('',*,*,#1756,.T.);
#1043=ORIENTED_EDGE('',*,*,#1771,.T.);
#1044=ORIENTED_EDGE('',*,*,#1768,.T.);
#1045=ORIENTED_EDGE('',*,*,#1765,.T.);
#1046=ORIENTED_EDGE('',*,*,#1753,.T.);
#1047=ORIENTED_EDGE('',*,*,#1750,.T.);
#1048=ORIENTED_EDGE('',*,*,#1747,.T.);
#1049=ORIENTED_EDGE('',*,*,#1866,.T.);
#1050=ORIENTED_EDGE('',*,*,#1868,.T.);
#1051=ORIENTED_EDGE('',*,*,#1869,.F.);
#1052=ORIENTED_EDGE('',*,*,#1870,.T.);
#1053=ORIENTED_EDGE('',*,*,#1871,.T.);
#1054=ORIENTED_EDGE('',*,*,#1872,.T.);
#1055=ORIENTED_EDGE('',*,*,#1873,.T.);
#1056=ORIENTED_EDGE('',*,*,#1869,.T.);
#1057=ORIENTED_EDGE('',*,*,#1874,.T.);
#1058=ORIENTED_EDGE('',*,*,#1862,.T.);
#1059=ORIENTED_EDGE('',*,*,#1875,.T.);
#1060=ORIENTED_EDGE('',*,*,#1876,.F.);
#1061=ORIENTED_EDGE('',*,*,#1877,.F.);
#1062=ORIENTED_EDGE('',*,*,#1878,.F.);
#1063=ORIENTED_EDGE('',*,*,#1876,.T.);
#1064=ORIENTED_EDGE('',*,*,#1879,.T.);
#1065=ORIENTED_EDGE('',*,*,#1880,.F.);
#1066=ORIENTED_EDGE('',*,*,#1881,.F.);
#1067=ORIENTED_EDGE('',*,*,#1882,.F.);
#1068=ORIENTED_EDGE('',*,*,#1883,.F.);
#1069=ORIENTED_EDGE('',*,*,#1880,.T.);
#1070=ORIENTED_EDGE('',*,*,#1884,.T.);
#1071=ORIENTED_EDGE('',*,*,#1860,.F.);
#1072=ORIENTED_EDGE('',*,*,#1885,.T.);
#1073=ORIENTED_EDGE('',*,*,#1886,.F.);
#1074=ORIENTED_EDGE('',*,*,#1887,.T.);
#1075=ORIENTED_EDGE('',*,*,#1846,.T.);
#1076=ORIENTED_EDGE('',*,*,#1888,.F.);
#1077=ORIENTED_EDGE('',*,*,#1889,.F.);
#1078=ORIENTED_EDGE('',*,*,#1842,.T.);
#1079=ORIENTED_EDGE('',*,*,#1839,.T.);
#1080=ORIENTED_EDGE('',*,*,#1836,.T.);
#1081=ORIENTED_EDGE('',*,*,#1833,.T.);
#1082=ORIENTED_EDGE('',*,*,#1830,.T.);
#1083=ORIENTED_EDGE('',*,*,#1827,.T.);
#1084=ORIENTED_EDGE('',*,*,#1890,.F.);
#1085=ORIENTED_EDGE('',*,*,#1891,.F.);
#1086=ORIENTED_EDGE('',*,*,#1892,.F.);
#1087=ORIENTED_EDGE('',*,*,#1893,.F.);
#1088=ORIENTED_EDGE('',*,*,#1894,.F.);
#1089=ORIENTED_EDGE('',*,*,#1895,.F.);
#1090=ORIENTED_EDGE('',*,*,#1792,.T.);
#1091=ORIENTED_EDGE('',*,*,#1896,.F.);
#1092=ORIENTED_EDGE('',*,*,#1897,.F.);
#1093=ORIENTED_EDGE('',*,*,#1898,.F.);
#1094=ORIENTED_EDGE('',*,*,#1890,.T.);
#1095=ORIENTED_EDGE('',*,*,#1899,.T.);
#1096=ORIENTED_EDGE('',*,*,#1888,.T.);
#1097=ORIENTED_EDGE('',*,*,#1845,.F.);
#1098=ORIENTED_EDGE('',*,*,#1856,.T.);
#1099=ORIENTED_EDGE('',*,*,#1900,.T.);
#1100=ORIENTED_EDGE('',*,*,#1897,.T.);
#1101=ORIENTED_EDGE('',*,*,#1901,.F.);
#1102=ORIENTED_EDGE('',*,*,#1902,.F.);
#1103=ORIENTED_EDGE('',*,*,#1903,.F.);
#1104=ORIENTED_EDGE('',*,*,#1904,.F.);
#1105=ORIENTED_EDGE('',*,*,#1905,.F.);
#1106=ORIENTED_EDGE('',*,*,#1906,.F.);
#1107=ORIENTED_EDGE('',*,*,#1907,.T.);
#1108=ORIENTED_EDGE('',*,*,#1908,.T.);
#1109=ORIENTED_EDGE('',*,*,#1892,.T.);
#1110=ORIENTED_EDGE('',*,*,#1909,.F.);
#1111=ORIENTED_EDGE('',*,*,#1910,.F.);
#1112=ORIENTED_EDGE('',*,*,#1911,.T.);
#1113=ORIENTED_EDGE('',*,*,#1912,.T.);
#1114=ORIENTED_EDGE('',*,*,#1913,.T.);
#1115=ORIENTED_EDGE('',*,*,#1914,.T.);
#1116=ORIENTED_EDGE('',*,*,#1915,.F.);
#1117=ORIENTED_EDGE('',*,*,#1916,.T.);
#1118=ORIENTED_EDGE('',*,*,#1917,.T.);
#1119=ORIENTED_EDGE('',*,*,#1918,.T.);
#1120=ORIENTED_EDGE('',*,*,#1919,.T.);
#1121=ORIENTED_EDGE('',*,*,#1920,.F.);
#1122=ORIENTED_EDGE('',*,*,#1921,.T.);
#1123=ORIENTED_EDGE('',*,*,#1847,.T.);
#1124=ORIENTED_EDGE('',*,*,#1887,.F.);
#1125=ORIENTED_EDGE('',*,*,#1922,.F.);
#1126=ORIENTED_EDGE('',*,*,#1923,.F.);
#1127=ORIENTED_EDGE('',*,*,#1924,.F.);
#1128=ORIENTED_EDGE('',*,*,#1925,.T.);
#1129=ORIENTED_EDGE('',*,*,#1848,.T.);
#1130=ORIENTED_EDGE('',*,*,#1921,.F.);
#1131=ORIENTED_EDGE('',*,*,#1926,.T.);
#1132=ORIENTED_EDGE('',*,*,#1927,.F.);
#1133=ORIENTED_EDGE('',*,*,#1854,.T.);
#1134=ORIENTED_EDGE('',*,*,#1849,.T.);
#1135=ORIENTED_EDGE('',*,*,#1925,.F.);
#1136=ORIENTED_EDGE('',*,*,#1928,.F.);
#1137=ORIENTED_EDGE('',*,*,#1929,.F.);
#1138=ORIENTED_EDGE('',*,*,#1875,.F.);
#1139=ORIENTED_EDGE('',*,*,#1861,.F.);
#1140=ORIENTED_EDGE('',*,*,#1884,.F.);
#1141=ORIENTED_EDGE('',*,*,#1879,.F.);
#1142=ORIENTED_EDGE('',*,*,#1930,.F.);
#1143=ORIENTED_EDGE('',*,*,#1931,.T.);
#1144=ORIENTED_EDGE('',*,*,#1932,.F.);
#1145=ORIENTED_EDGE('',*,*,#1933,.T.);
#1146=ORIENTED_EDGE('',*,*,#1907,.F.);
#1147=ORIENTED_EDGE('',*,*,#1934,.F.);
#1148=ORIENTED_EDGE('',*,*,#1935,.F.);
#1149=ORIENTED_EDGE('',*,*,#1783,.F.);
#1150=ORIENTED_EDGE('',*,*,#1936,.T.);
#1151=ORIENTED_EDGE('',*,*,#1893,.T.);
#1152=ORIENTED_EDGE('',*,*,#1908,.F.);
#1153=ORIENTED_EDGE('',*,*,#1933,.F.);
#1154=ORIENTED_EDGE('',*,*,#1937,.F.);
#1155=ORIENTED_EDGE('',*,*,#1938,.F.);
#1156=ORIENTED_EDGE('',*,*,#1870,.F.);
#1157=ORIENTED_EDGE('',*,*,#1873,.F.);
#1158=ORIENTED_EDGE('',*,*,#1939,.F.);
#1159=ORIENTED_EDGE('',*,*,#1793,.T.);
#1160=ORIENTED_EDGE('',*,*,#1895,.T.);
#1161=ORIENTED_EDGE('',*,*,#1940,.T.);
#1162=ORIENTED_EDGE('',*,*,#1868,.F.);
#1163=ORIENTED_EDGE('',*,*,#1865,.F.);
#1164=ORIENTED_EDGE('',*,*,#1941,.F.);
#1165=ORIENTED_EDGE('',*,*,#1795,.T.);
#1166=ORIENTED_EDGE('',*,*,#1942,.T.);
#1167=ORIENTED_EDGE('',*,*,#1874,.F.);
#1168=ORIENTED_EDGE('',*,*,#1808,.F.);
#1169=ORIENTED_EDGE('',*,*,#1796,.T.);
#1170=ORIENTED_EDGE('',*,*,#1941,.T.);
#1171=ORIENTED_EDGE('',*,*,#1864,.F.);
#1172=ORIENTED_EDGE('',*,*,#1943,.F.);
#1173=ORIENTED_EDGE('',*,*,#1944,.F.);
#1174=ORIENTED_EDGE('',*,*,#1872,.F.);
#1175=ORIENTED_EDGE('',*,*,#1942,.F.);
#1176=ORIENTED_EDGE('',*,*,#1794,.T.);
#1177=ORIENTED_EDGE('',*,*,#1939,.T.);
#1178=ORIENTED_EDGE('',*,*,#1853,.T.);
#1179=ORIENTED_EDGE('',*,*,#1945,.T.);
#1180=ORIENTED_EDGE('',*,*,#1857,.F.);
#1181=ORIENTED_EDGE('',*,*,#1843,.F.);
#1182=ORIENTED_EDGE('',*,*,#1852,.T.);
#1183=ORIENTED_EDGE('',*,*,#1812,.T.);
#1184=ORIENTED_EDGE('',*,*,#1946,.T.);
#1185=ORIENTED_EDGE('',*,*,#1858,.F.);
#1186=ORIENTED_EDGE('',*,*,#1945,.F.);
#1187=ORIENTED_EDGE('',*,*,#1947,.F.);
#1188=ORIENTED_EDGE('',*,*,#1948,.T.);
#1189=ORIENTED_EDGE('',*,*,#1949,.T.);
#1190=ORIENTED_EDGE('',*,*,#1834,.T.);
#1191=ORIENTED_EDGE('',*,*,#1838,.F.);
#1192=ORIENTED_EDGE('',*,*,#1841,.F.);
#1193=ORIENTED_EDGE('',*,*,#1947,.T.);
#1194=ORIENTED_EDGE('',*,*,#1950,.T.);
#1195=ORIENTED_EDGE('',*,*,#1919,.F.);
#1196=ORIENTED_EDGE('',*,*,#1951,.F.);
#1197=ORIENTED_EDGE('',*,*,#1948,.F.);
#1198=ORIENTED_EDGE('',*,*,#1951,.T.);
#1199=ORIENTED_EDGE('',*,*,#1918,.F.);
#1200=ORIENTED_EDGE('',*,*,#1952,.F.);
#1201=ORIENTED_EDGE('',*,*,#1949,.F.);
#1202=ORIENTED_EDGE('',*,*,#1952,.T.);
#1203=ORIENTED_EDGE('',*,*,#1917,.F.);
#1204=ORIENTED_EDGE('',*,*,#1950,.F.);
#1205=ORIENTED_EDGE('',*,*,#1953,.F.);
#1206=ORIENTED_EDGE('',*,*,#1954,.T.);
#1207=ORIENTED_EDGE('',*,*,#1955,.T.);
#1208=ORIENTED_EDGE('',*,*,#1825,.T.);
#1209=ORIENTED_EDGE('',*,*,#1829,.F.);
#1210=ORIENTED_EDGE('',*,*,#1832,.F.);
#1211=ORIENTED_EDGE('',*,*,#1914,.F.);
#1212=ORIENTED_EDGE('',*,*,#1956,.F.);
#1213=ORIENTED_EDGE('',*,*,#1953,.T.);
#1214=ORIENTED_EDGE('',*,*,#1957,.T.);
#1215=ORIENTED_EDGE('',*,*,#1911,.F.);
#1216=ORIENTED_EDGE('',*,*,#1958,.F.);
#1217=ORIENTED_EDGE('',*,*,#1954,.F.);
#1218=ORIENTED_EDGE('',*,*,#1956,.T.);
#1219=ORIENTED_EDGE('',*,*,#1913,.F.);
#1220=ORIENTED_EDGE('',*,*,#1959,.F.);
#1221=ORIENTED_EDGE('',*,*,#1955,.F.);
#1222=ORIENTED_EDGE('',*,*,#1959,.T.);
#1223=ORIENTED_EDGE('',*,*,#1912,.F.);
#1224=ORIENTED_EDGE('',*,*,#1957,.F.);
#1225=ORIENTED_EDGE('',*,*,#1960,.F.);
#1226=ORIENTED_EDGE('',*,*,#1961,.T.);
#1227=ORIENTED_EDGE('',*,*,#1962,.T.);
#1228=ORIENTED_EDGE('',*,*,#1816,.T.);
#1229=ORIENTED_EDGE('',*,*,#1820,.F.);
#1230=ORIENTED_EDGE('',*,*,#1823,.F.);
#1231=ORIENTED_EDGE('',*,*,#1963,.F.);
#1232=ORIENTED_EDGE('',*,*,#1960,.T.);
#1233=ORIENTED_EDGE('',*,*,#1964,.T.);
#1234=ORIENTED_EDGE('',*,*,#1965,.T.);
#1235=ORIENTED_EDGE('',*,*,#1966,.F.);
#1236=ORIENTED_EDGE('',*,*,#1961,.F.);
#1237=ORIENTED_EDGE('',*,*,#1963,.T.);
#1238=ORIENTED_EDGE('',*,*,#1967,.F.);
#1239=ORIENTED_EDGE('',*,*,#1964,.F.);
#1240=ORIENTED_EDGE('',*,*,#1962,.F.);
#1241=ORIENTED_EDGE('',*,*,#1966,.T.);
#1242=ORIENTED_EDGE('',*,*,#1968,.F.);
#1243=ORIENTED_EDGE('',*,*,#1969,.T.);
#1244=ORIENTED_EDGE('',*,*,#1970,.F.);
#1245=ORIENTED_EDGE('',*,*,#1934,.T.);
#1246=ORIENTED_EDGE('',*,*,#1906,.T.);
#1247=ORIENTED_EDGE('',*,*,#1971,.F.);
#1248=ORIENTED_EDGE('',*,*,#1967,.T.);
#1249=ORIENTED_EDGE('',*,*,#1965,.F.);
#1250=ORIENTED_EDGE('',*,*,#1968,.T.);
#1251=ORIENTED_EDGE('',*,*,#1972,.T.);
#1252=ORIENTED_EDGE('',*,*,#1973,.T.);
#1253=ORIENTED_EDGE('',*,*,#1798,.F.);
#1254=ORIENTED_EDGE('',*,*,#1807,.F.);
#1255=ORIENTED_EDGE('',*,*,#1974,.T.);
#1256=ORIENTED_EDGE('',*,*,#1975,.F.);
#1257=ORIENTED_EDGE('',*,*,#1976,.T.);
#1258=ORIENTED_EDGE('',*,*,#1977,.T.);
#1259=ORIENTED_EDGE('',*,*,#1978,.T.);
#1260=ORIENTED_EDGE('',*,*,#1979,.T.);
#1261=ORIENTED_EDGE('',*,*,#1980,.F.);
#1262=ORIENTED_EDGE('',*,*,#1981,.T.);
#1263=ORIENTED_EDGE('',*,*,#1982,.T.);
#1264=ORIENTED_EDGE('',*,*,#1786,.T.);
#1265=ORIENTED_EDGE('',*,*,#1983,.F.);
#1266=ORIENTED_EDGE('',*,*,#1984,.F.);
#1267=ORIENTED_EDGE('',*,*,#1985,.F.);
#1268=ORIENTED_EDGE('',*,*,#1986,.T.);
#1269=ORIENTED_EDGE('',*,*,#1777,.T.);
#1270=ORIENTED_EDGE('',*,*,#1987,.T.);
#1271=ORIENTED_EDGE('',*,*,#1988,.F.);
#1272=ORIENTED_EDGE('',*,*,#1989,.F.);
#1273=ORIENTED_EDGE('',*,*,#1707,.T.);
#1274=ORIENTED_EDGE('',*,*,#1990,.F.);
#1275=ORIENTED_EDGE('',*,*,#1991,.F.);
#1276=ORIENTED_EDGE('',*,*,#1992,.T.);
#1277=ORIENTED_EDGE('',*,*,#1901,.T.);
#1278=ORIENTED_EDGE('',*,*,#1896,.T.);
#1279=ORIENTED_EDGE('',*,*,#1791,.T.);
#1280=ORIENTED_EDGE('',*,*,#1993,.F.);
#1281=ORIENTED_EDGE('',*,*,#1994,.F.);
#1282=ORIENTED_EDGE('',*,*,#1995,.T.);
#1283=ORIENTED_EDGE('',*,*,#1902,.T.);
#1284=ORIENTED_EDGE('',*,*,#1992,.F.);
#1285=ORIENTED_EDGE('',*,*,#1996,.F.);
#1286=ORIENTED_EDGE('',*,*,#1997,.T.);
#1287=ORIENTED_EDGE('',*,*,#1903,.T.);
#1288=ORIENTED_EDGE('',*,*,#1995,.F.);
#1289=ORIENTED_EDGE('',*,*,#1998,.T.);
#1290=ORIENTED_EDGE('',*,*,#1904,.T.);
#1291=ORIENTED_EDGE('',*,*,#1997,.F.);
#1292=ORIENTED_EDGE('',*,*,#1999,.F.);
#1293=ORIENTED_EDGE('',*,*,#1909,.T.);
#1294=ORIENTED_EDGE('',*,*,#1891,.T.);
#1295=ORIENTED_EDGE('',*,*,#1905,.T.);
#1296=ORIENTED_EDGE('',*,*,#1998,.F.);
#1297=ORIENTED_EDGE('',*,*,#2000,.F.);
#1298=ORIENTED_EDGE('',*,*,#2001,.F.);
#1299=ORIENTED_EDGE('',*,*,#2002,.T.);
#1300=ORIENTED_EDGE('',*,*,#1784,.T.);
#1301=ORIENTED_EDGE('',*,*,#1935,.T.);
#1302=ORIENTED_EDGE('',*,*,#1970,.T.);
#1303=ORIENTED_EDGE('',*,*,#2003,.T.);
#1304=ORIENTED_EDGE('',*,*,#1983,.T.);
#1305=ORIENTED_EDGE('',*,*,#1785,.T.);
#1306=ORIENTED_EDGE('',*,*,#2003,.F.);
#1307=ORIENTED_EDGE('',*,*,#1969,.F.);
#1308=ORIENTED_EDGE('',*,*,#2004,.T.);
#1309=ORIENTED_EDGE('',*,*,#2005,.T.);
#1310=ORIENTED_EDGE('',*,*,#2006,.T.);
#1311=ORIENTED_EDGE('',*,*,#1974,.F.);
#1312=ORIENTED_EDGE('',*,*,#1806,.F.);
#1313=ORIENTED_EDGE('',*,*,#1975,.T.);
#1314=ORIENTED_EDGE('',*,*,#2006,.F.);
#1315=ORIENTED_EDGE('',*,*,#2007,.T.);
#1316=ORIENTED_EDGE('',*,*,#1985,.T.);
#1317=ORIENTED_EDGE('',*,*,#2008,.T.);
#1318=ORIENTED_EDGE('',*,*,#1920,.T.);
#1319=ORIENTED_EDGE('',*,*,#2009,.F.);
#1320=ORIENTED_EDGE('',*,*,#1937,.T.);
#1321=ORIENTED_EDGE('',*,*,#2010,.T.);
#1322=ORIENTED_EDGE('',*,*,#1926,.F.);
#1323=ORIENTED_EDGE('',*,*,#1924,.T.);
#1324=ORIENTED_EDGE('',*,*,#2010,.F.);
#1325=ORIENTED_EDGE('',*,*,#1932,.T.);
#1326=ORIENTED_EDGE('',*,*,#2011,.T.);
#1327=ORIENTED_EDGE('',*,*,#1928,.T.);
#1328=ORIENTED_EDGE('',*,*,#1782,.T.);
#1329=ORIENTED_EDGE('',*,*,#1855,.T.);
#1330=ORIENTED_EDGE('',*,*,#1927,.T.);
#1331=ORIENTED_EDGE('',*,*,#2012,.T.);
#1332=ORIENTED_EDGE('',*,*,#1930,.T.);
#1333=ORIENTED_EDGE('',*,*,#2011,.F.);
#1334=ORIENTED_EDGE('',*,*,#1931,.F.);
#1335=ORIENTED_EDGE('',*,*,#2012,.F.);
#1336=ORIENTED_EDGE('',*,*,#1929,.T.);
#1337=ORIENTED_EDGE('',*,*,#1922,.T.);
#1338=ORIENTED_EDGE('',*,*,#1886,.T.);
#1339=ORIENTED_EDGE('',*,*,#2013,.F.);
#1340=ORIENTED_EDGE('',*,*,#1936,.F.);
#1341=ORIENTED_EDGE('',*,*,#2014,.F.);
#1342=ORIENTED_EDGE('',*,*,#1863,.T.);
#1343=ORIENTED_EDGE('',*,*,#1878,.T.);
#1344=ORIENTED_EDGE('',*,*,#2015,.F.);
#1345=ORIENTED_EDGE('',*,*,#1943,.T.);
#1346=ORIENTED_EDGE('',*,*,#1944,.T.);
#1347=ORIENTED_EDGE('',*,*,#2015,.T.);
#1348=ORIENTED_EDGE('',*,*,#1877,.T.);
#1349=ORIENTED_EDGE('',*,*,#1881,.T.);
#1350=ORIENTED_EDGE('',*,*,#1883,.T.);
#1351=ORIENTED_EDGE('',*,*,#2016,.F.);
#1352=ORIENTED_EDGE('',*,*,#1809,.T.);
#1353=ORIENTED_EDGE('',*,*,#2016,.T.);
#1354=ORIENTED_EDGE('',*,*,#1882,.T.);
#1355=ORIENTED_EDGE('',*,*,#2017,.T.);
#1356=ORIENTED_EDGE('',*,*,#1810,.T.);
#1357=ORIENTED_EDGE('',*,*,#1946,.F.);
#1358=ORIENTED_EDGE('',*,*,#1811,.T.);
#1359=ORIENTED_EDGE('',*,*,#2017,.F.);
#1360=ORIENTED_EDGE('',*,*,#1885,.F.);
#1361=ORIENTED_EDGE('',*,*,#1859,.T.);
#1362=ORIENTED_EDGE('',*,*,#2013,.T.);
#1363=ORIENTED_EDGE('',*,*,#1889,.T.);
#1364=ORIENTED_EDGE('',*,*,#1899,.F.);
#1365=ORIENTED_EDGE('',*,*,#1894,.T.);
#1366=ORIENTED_EDGE('',*,*,#1871,.F.);
#1367=ORIENTED_EDGE('',*,*,#1940,.F.);
#1368=ORIENTED_EDGE('',*,*,#1898,.T.);
#1369=ORIENTED_EDGE('',*,*,#1900,.F.);
#1370=ORIENTED_EDGE('',*,*,#1867,.T.);
#1371=ORIENTED_EDGE('',*,*,#2014,.T.);
#1372=ORIENTED_EDGE('',*,*,#1938,.T.);
#1373=ORIENTED_EDGE('',*,*,#2009,.T.);
#1374=ORIENTED_EDGE('',*,*,#1923,.T.);
#1375=ORIENTED_EDGE('',*,*,#2018,.F.);
#1376=ORIENTED_EDGE('',*,*,#2019,.F.);
#1377=ORIENTED_EDGE('',*,*,#1772,.T.);
#1378=ORIENTED_EDGE('',*,*,#2020,.F.);
#1379=ORIENTED_EDGE('',*,*,#2021,.F.);
#1380=ORIENTED_EDGE('',*,*,#1987,.F.);
#1381=ORIENTED_EDGE('',*,*,#1776,.F.);
#1382=ORIENTED_EDGE('',*,*,#2022,.T.);
#1383=ORIENTED_EDGE('',*,*,#2023,.F.);
#1384=ORIENTED_EDGE('',*,*,#2024,.F.);
#1385=ORIENTED_EDGE('',*,*,#2025,.F.);
#1386=ORIENTED_EDGE('',*,*,#1981,.F.);
#1387=ORIENTED_EDGE('',*,*,#2026,.F.);
#1388=ORIENTED_EDGE('',*,*,#2027,.T.);
#1389=ORIENTED_EDGE('',*,*,#2018,.T.);
#1390=ORIENTED_EDGE('',*,*,#2028,.F.);
#1391=ORIENTED_EDGE('',*,*,#1787,.F.);
#1392=ORIENTED_EDGE('',*,*,#1982,.F.);
#1393=ORIENTED_EDGE('',*,*,#2025,.T.);
#1394=ORIENTED_EDGE('',*,*,#2029,.F.);
#1395=ORIENTED_EDGE('',*,*,#1778,.T.);
#1396=ORIENTED_EDGE('',*,*,#1986,.F.);
#1397=ORIENTED_EDGE('',*,*,#2007,.F.);
#1398=ORIENTED_EDGE('',*,*,#2005,.F.);
#1399=ORIENTED_EDGE('',*,*,#1815,.T.);
#1400=ORIENTED_EDGE('',*,*,#2030,.F.);
#1401=ORIENTED_EDGE('',*,*,#2031,.F.);
#1402=ORIENTED_EDGE('',*,*,#2032,.T.);
#1403=ORIENTED_EDGE('',*,*,#2022,.F.);
#1404=ORIENTED_EDGE('',*,*,#1779,.F.);
#1405=ORIENTED_EDGE('',*,*,#2033,.F.);
#1406=ORIENTED_EDGE('',*,*,#2034,.T.);
#1407=ORIENTED_EDGE('',*,*,#2035,.T.);
#1408=ORIENTED_EDGE('',*,*,#2029,.T.);
#1409=ORIENTED_EDGE('',*,*,#2024,.T.);
#1410=ORIENTED_EDGE('',*,*,#1814,.T.);
#1411=ORIENTED_EDGE('',*,*,#2036,.F.);
#1412=ORIENTED_EDGE('',*,*,#2037,.F.);
#1413=ORIENTED_EDGE('',*,*,#2038,.F.);
#1414=ORIENTED_EDGE('',*,*,#1788,.T.);
#1415=ORIENTED_EDGE('',*,*,#2035,.F.);
#1416=ORIENTED_EDGE('',*,*,#2039,.T.);
#1417=ORIENTED_EDGE('',*,*,#2040,.T.);
#1418=ORIENTED_EDGE('',*,*,#2041,.T.);
#1419=ORIENTED_EDGE('',*,*,#2037,.T.);
#1420=ORIENTED_EDGE('',*,*,#2042,.F.);
#1421=ORIENTED_EDGE('',*,*,#2040,.F.);
#1422=ORIENTED_EDGE('',*,*,#2043,.T.);
#1423=ORIENTED_EDGE('',*,*,#2044,.T.);
#1424=ORIENTED_EDGE('',*,*,#2045,.F.);
#1425=ORIENTED_EDGE('',*,*,#2044,.F.);
#1426=ORIENTED_EDGE('',*,*,#2046,.T.);
#1427=ORIENTED_EDGE('',*,*,#2033,.T.);
#1428=ORIENTED_EDGE('',*,*,#2031,.T.);
#1429=ORIENTED_EDGE('',*,*,#2047,.T.);
#1430=ORIENTED_EDGE('',*,*,#2034,.F.);
#1431=ORIENTED_EDGE('',*,*,#2023,.T.);
#1432=ORIENTED_EDGE('',*,*,#2032,.F.);
#1433=ORIENTED_EDGE('',*,*,#2046,.F.);
#1434=ORIENTED_EDGE('',*,*,#2043,.F.);
#1435=ORIENTED_EDGE('',*,*,#2039,.F.);
#1436=ORIENTED_EDGE('',*,*,#2048,.F.);
#1437=ORIENTED_EDGE('',*,*,#2049,.F.);
#1438=ORIENTED_EDGE('',*,*,#2026,.T.);
#1439=ORIENTED_EDGE('',*,*,#1980,.T.);
#1440=ORIENTED_EDGE('',*,*,#2050,.T.);
#1441=ORIENTED_EDGE('',*,*,#2051,.T.);
#1442=ORIENTED_EDGE('',*,*,#2001,.T.);
#1443=ORIENTED_EDGE('',*,*,#2052,.F.);
#1444=ORIENTED_EDGE('',*,*,#2053,.T.);
#1445=ORIENTED_EDGE('',*,*,#1976,.F.);
#1446=ORIENTED_EDGE('',*,*,#2008,.F.);
#1447=ORIENTED_EDGE('',*,*,#1989,.T.);
#1448=ORIENTED_EDGE('',*,*,#2054,.T.);
#1449=ORIENTED_EDGE('',*,*,#2055,.F.);
#1450=ORIENTED_EDGE('',*,*,#1799,.F.);
#1451=ORIENTED_EDGE('',*,*,#1973,.F.);
#1452=ORIENTED_EDGE('',*,*,#1958,.T.);
#1453=ORIENTED_EDGE('',*,*,#1910,.T.);
#1454=ORIENTED_EDGE('',*,*,#2002,.F.);
#1455=ORIENTED_EDGE('',*,*,#2051,.F.);
#1456=ORIENTED_EDGE('',*,*,#2056,.F.);
#1457=ORIENTED_EDGE('',*,*,#1915,.T.);
#1458=ORIENTED_EDGE('',*,*,#1984,.T.);
#1459=ORIENTED_EDGE('',*,*,#2004,.F.);
#1460=ORIENTED_EDGE('',*,*,#1971,.T.);
#1461=ORIENTED_EDGE('',*,*,#1916,.F.);
#1462=ORIENTED_EDGE('',*,*,#2056,.T.);
#1463=ORIENTED_EDGE('',*,*,#2050,.F.);
#1464=ORIENTED_EDGE('',*,*,#2057,.F.);
#1465=ORIENTED_EDGE('',*,*,#2058,.T.);
#1466=ORIENTED_EDGE('',*,*,#2059,.T.);
#1467=ORIENTED_EDGE('',*,*,#1745,.T.);
#1468=ORIENTED_EDGE('',*,*,#1749,.F.);
#1469=ORIENTED_EDGE('',*,*,#1752,.F.);
#1470=ORIENTED_EDGE('',*,*,#1972,.F.);
#1471=ORIENTED_EDGE('',*,*,#2060,.F.);
#1472=ORIENTED_EDGE('',*,*,#2057,.T.);
#1473=ORIENTED_EDGE('',*,*,#2061,.T.);
#1474=ORIENTED_EDGE('',*,*,#1977,.F.);
#1475=ORIENTED_EDGE('',*,*,#2053,.F.);
#1476=ORIENTED_EDGE('',*,*,#1979,.F.);
#1477=ORIENTED_EDGE('',*,*,#2062,.F.);
#1478=ORIENTED_EDGE('',*,*,#2058,.F.);
#1479=ORIENTED_EDGE('',*,*,#2060,.T.);
#1480=ORIENTED_EDGE('',*,*,#1978,.F.);
#1481=ORIENTED_EDGE('',*,*,#2061,.F.);
#1482=ORIENTED_EDGE('',*,*,#2059,.F.);
#1483=ORIENTED_EDGE('',*,*,#2062,.T.);
#1484=ORIENTED_EDGE('',*,*,#2063,.F.);
#1485=ORIENTED_EDGE('',*,*,#2064,.T.);
#1486=ORIENTED_EDGE('',*,*,#2065,.T.);
#1487=ORIENTED_EDGE('',*,*,#1763,.T.);
#1488=ORIENTED_EDGE('',*,*,#1767,.F.);
#1489=ORIENTED_EDGE('',*,*,#1770,.F.);
#1490=ORIENTED_EDGE('',*,*,#2066,.F.);
#1491=ORIENTED_EDGE('',*,*,#2067,.F.);
#1492=ORIENTED_EDGE('',*,*,#2063,.T.);
#1493=ORIENTED_EDGE('',*,*,#2068,.T.);
#1494=ORIENTED_EDGE('',*,*,#2069,.T.);
#1495=ORIENTED_EDGE('',*,*,#1802,.F.);
#1496=ORIENTED_EDGE('',*,*,#2070,.F.);
#1497=ORIENTED_EDGE('',*,*,#2064,.F.);
#1498=ORIENTED_EDGE('',*,*,#2067,.T.);
#1499=ORIENTED_EDGE('',*,*,#2071,.T.);
#1500=ORIENTED_EDGE('',*,*,#2068,.F.);
#1501=ORIENTED_EDGE('',*,*,#2065,.F.);
#1502=ORIENTED_EDGE('',*,*,#2070,.T.);
#1503=ORIENTED_EDGE('',*,*,#1801,.F.);
#1504=ORIENTED_EDGE('',*,*,#2072,.F.);
#1505=ORIENTED_EDGE('',*,*,#2073,.T.);
#1506=ORIENTED_EDGE('',*,*,#2074,.T.);
#1507=ORIENTED_EDGE('',*,*,#1754,.T.);
#1508=ORIENTED_EDGE('',*,*,#1758,.F.);
#1509=ORIENTED_EDGE('',*,*,#1761,.F.);
#1510=ORIENTED_EDGE('',*,*,#2072,.T.);
#1511=ORIENTED_EDGE('',*,*,#2075,.T.);
#1512=ORIENTED_EDGE('',*,*,#1805,.F.);
#1513=ORIENTED_EDGE('',*,*,#2076,.F.);
#1514=ORIENTED_EDGE('',*,*,#2073,.F.);
#1515=ORIENTED_EDGE('',*,*,#2076,.T.);
#1516=ORIENTED_EDGE('',*,*,#1804,.F.);
#1517=ORIENTED_EDGE('',*,*,#2077,.F.);
#1518=ORIENTED_EDGE('',*,*,#2074,.F.);
#1519=ORIENTED_EDGE('',*,*,#2077,.T.);
#1520=ORIENTED_EDGE('',*,*,#1803,.F.);
#1521=ORIENTED_EDGE('',*,*,#2075,.F.);
#1522=ORIENTED_EDGE('',*,*,#2048,.T.);
#1523=ORIENTED_EDGE('',*,*,#2078,.F.);
#1524=ORIENTED_EDGE('',*,*,#2078,.T.);
#1525=ORIENTED_EDGE('',*,*,#2030,.T.);
#1526=ORIENTED_EDGE('',*,*,#2038,.T.);
#1527=ORIENTED_EDGE('',*,*,#2045,.T.);
#1528=ORIENTED_EDGE('',*,*,#2047,.F.);
#1529=ORIENTED_EDGE('',*,*,#2042,.T.);
#1530=ORIENTED_EDGE('',*,*,#2036,.T.);
#1531=ORIENTED_EDGE('',*,*,#1789,.T.);
#1532=ORIENTED_EDGE('',*,*,#2041,.F.);
#1533=ORIENTED_EDGE('',*,*,#1744,.F.);
#1534=ORIENTED_EDGE('',*,*,#2079,.T.);
#1535=ORIENTED_EDGE('',*,*,#2080,.F.);
#1536=ORIENTED_EDGE('',*,*,#1774,.T.);
#1537=ORIENTED_EDGE('',*,*,#2081,.F.);
#1538=ORIENTED_EDGE('',*,*,#2082,.T.);
#1539=ORIENTED_EDGE('',*,*,#1743,.T.);
#1540=ORIENTED_EDGE('',*,*,#1742,.F.);
#1541=ORIENTED_EDGE('',*,*,#1851,.F.);
#1542=ORIENTED_EDGE('',*,*,#2083,.F.);
#1543=ORIENTED_EDGE('',*,*,#2081,.T.);
#1544=ORIENTED_EDGE('',*,*,#1773,.F.);
#1545=ORIENTED_EDGE('',*,*,#2019,.T.);
#1546=ORIENTED_EDGE('',*,*,#2027,.F.);
#1547=ORIENTED_EDGE('',*,*,#2049,.T.);
#1548=ORIENTED_EDGE('',*,*,#2084,.T.);
#1549=ORIENTED_EDGE('',*,*,#2085,.T.);
#1550=ORIENTED_EDGE('',*,*,#2086,.T.);
#1551=ORIENTED_EDGE('',*,*,#2087,.F.);
#1552=ORIENTED_EDGE('',*,*,#2028,.T.);
#1553=ORIENTED_EDGE('',*,*,#2020,.T.);
#1554=ORIENTED_EDGE('',*,*,#1775,.T.);
#1555=ORIENTED_EDGE('',*,*,#2080,.T.);
#1556=ORIENTED_EDGE('',*,*,#2088,.T.);
#1557=ORIENTED_EDGE('',*,*,#2089,.T.);
#1558=ORIENTED_EDGE('',*,*,#2054,.F.);
#1559=ORIENTED_EDGE('',*,*,#1988,.T.);
#1560=ORIENTED_EDGE('',*,*,#2021,.T.);
#1561=ORIENTED_EDGE('',*,*,#2087,.T.);
#1562=ORIENTED_EDGE('',*,*,#2090,.F.);
#1563=ORIENTED_EDGE('',*,*,#1732,.F.);
#1564=ORIENTED_EDGE('',*,*,#1993,.T.);
#1565=ORIENTED_EDGE('',*,*,#1790,.T.);
#1566=ORIENTED_EDGE('',*,*,#2069,.F.);
#1567=ORIENTED_EDGE('',*,*,#2066,.T.);
#1568=ORIENTED_EDGE('',*,*,#2071,.F.);
#1569=ORIENTED_EDGE('',*,*,#1800,.T.);
#1570=ORIENTED_EDGE('',*,*,#2055,.T.);
#1571=ORIENTED_EDGE('',*,*,#2089,.F.);
#1572=ORIENTED_EDGE('',*,*,#1731,.F.);
#1573=ORIENTED_EDGE('',*,*,#1720,.T.);
#1574=ORIENTED_EDGE('',*,*,#1708,.F.);
#1575=ORIENTED_EDGE('',*,*,#2090,.T.);
#1576=ORIENTED_EDGE('',*,*,#2086,.F.);
#1577=ORIENTED_EDGE('',*,*,#1737,.F.);
#1578=ORIENTED_EDGE('',*,*,#1733,.F.);
#1579=ORIENTED_EDGE('',*,*,#2091,.T.);
#1580=ORIENTED_EDGE('',*,*,#1990,.T.);
#1581=ORIENTED_EDGE('',*,*,#1706,.F.);
#1582=ORIENTED_EDGE('',*,*,#1738,.F.);
#1583=ORIENTED_EDGE('',*,*,#2088,.F.);
#1584=ORIENTED_EDGE('',*,*,#2079,.F.);
#1585=ORIENTED_EDGE('',*,*,#1740,.F.);
#1586=ORIENTED_EDGE('',*,*,#2082,.F.);
#1587=ORIENTED_EDGE('',*,*,#2083,.T.);
#1588=ORIENTED_EDGE('',*,*,#2092,.T.);
#1589=ORIENTED_EDGE('',*,*,#1729,.T.);
#1590=ORIENTED_EDGE('',*,*,#2085,.F.);
#1591=ORIENTED_EDGE('',*,*,#2093,.T.);
#1592=ORIENTED_EDGE('',*,*,#1711,.T.);
#1593=ORIENTED_EDGE('',*,*,#2094,.F.);
#1594=ORIENTED_EDGE('',*,*,#2092,.F.);
#1595=ORIENTED_EDGE('',*,*,#2094,.T.);
#1596=ORIENTED_EDGE('',*,*,#1710,.T.);
#1597=ORIENTED_EDGE('',*,*,#1725,.T.);
#1598=ORIENTED_EDGE('',*,*,#1719,.T.);
#1599=ORIENTED_EDGE('',*,*,#1730,.T.);
#1600=ORIENTED_EDGE('',*,*,#2095,.T.);
#1601=ORIENTED_EDGE('',*,*,#2096,.F.);
#1602=ORIENTED_EDGE('',*,*,#2097,.T.);
#1603=ORIENTED_EDGE('',*,*,#2098,.F.);
#1604=ORIENTED_EDGE('',*,*,#2099,.T.);
#1605=ORIENTED_EDGE('',*,*,#2100,.F.);
#1606=ORIENTED_EDGE('',*,*,#2101,.T.);
#1607=ORIENTED_EDGE('',*,*,#2102,.F.);
#1608=ORIENTED_EDGE('',*,*,#2103,.T.);
#1609=ORIENTED_EDGE('',*,*,#2104,.T.);
#1610=ORIENTED_EDGE('',*,*,#2105,.F.);
#1611=ORIENTED_EDGE('',*,*,#2106,.F.);
#1612=ORIENTED_EDGE('',*,*,#2107,.T.);
#1613=ORIENTED_EDGE('',*,*,#2108,.T.);
#1614=ORIENTED_EDGE('',*,*,#2109,.F.);
#1615=ORIENTED_EDGE('',*,*,#2110,.F.);
#1616=ORIENTED_EDGE('',*,*,#2111,.T.);
#1617=ORIENTED_EDGE('',*,*,#2112,.T.);
#1618=ORIENTED_EDGE('',*,*,#2113,.F.);
#1619=ORIENTED_EDGE('',*,*,#2114,.F.);
#1620=ORIENTED_EDGE('',*,*,#2115,.T.);
#1621=ORIENTED_EDGE('',*,*,#2116,.T.);
#1622=ORIENTED_EDGE('',*,*,#2117,.F.);
#1623=ORIENTED_EDGE('',*,*,#2118,.F.);
#1624=ORIENTED_EDGE('',*,*,#2119,.T.);
#1625=ORIENTED_EDGE('',*,*,#2113,.T.);
#1626=ORIENTED_EDGE('',*,*,#2120,.F.);
#1627=ORIENTED_EDGE('',*,*,#2109,.T.);
#1628=ORIENTED_EDGE('',*,*,#2121,.F.);
#1629=ORIENTED_EDGE('',*,*,#2105,.T.);
#1630=ORIENTED_EDGE('',*,*,#2122,.T.);
#1631=ORIENTED_EDGE('',*,*,#2117,.T.);
#1632=ORIENTED_EDGE('',*,*,#2101,.F.);
#1633=ORIENTED_EDGE('',*,*,#2099,.F.);
#1634=ORIENTED_EDGE('',*,*,#2097,.F.);
#1635=ORIENTED_EDGE('',*,*,#2095,.F.);
#1636=ORIENTED_EDGE('',*,*,#1724,.T.);
#1637=ORIENTED_EDGE('',*,*,#1735,.F.);
#1638=ORIENTED_EDGE('',*,*,#1726,.F.);
#1639=ORIENTED_EDGE('',*,*,#1716,.F.);
#1640=ORIENTED_EDGE('',*,*,#2123,.F.);
#1641=ORIENTED_EDGE('',*,*,#2103,.F.);
#1642=ORIENTED_EDGE('',*,*,#2124,.T.);
#1643=ORIENTED_EDGE('',*,*,#2107,.F.);
#1644=ORIENTED_EDGE('',*,*,#2125,.T.);
#1645=ORIENTED_EDGE('',*,*,#2111,.F.);
#1646=ORIENTED_EDGE('',*,*,#2126,.F.);
#1647=ORIENTED_EDGE('',*,*,#2115,.F.);
#1648=ORIENTED_EDGE('',*,*,#2102,.T.);
#1649=ORIENTED_EDGE('',*,*,#2100,.T.);
#1650=ORIENTED_EDGE('',*,*,#2098,.T.);
#1651=ORIENTED_EDGE('',*,*,#2096,.T.);
#1652=ORIENTED_EDGE('',*,*,#2122,.F.);
#1653=ORIENTED_EDGE('',*,*,#2104,.F.);
#1654=ORIENTED_EDGE('',*,*,#2123,.T.);
#1655=ORIENTED_EDGE('',*,*,#2118,.T.);
#1656=ORIENTED_EDGE('',*,*,#2124,.F.);
#1657=ORIENTED_EDGE('',*,*,#2106,.T.);
#1658=ORIENTED_EDGE('',*,*,#2121,.T.);
#1659=ORIENTED_EDGE('',*,*,#2108,.F.);
#1660=ORIENTED_EDGE('',*,*,#2125,.F.);
#1661=ORIENTED_EDGE('',*,*,#2110,.T.);
#1662=ORIENTED_EDGE('',*,*,#2120,.T.);
#1663=ORIENTED_EDGE('',*,*,#2112,.F.);
#1664=ORIENTED_EDGE('',*,*,#2126,.T.);
#1665=ORIENTED_EDGE('',*,*,#2114,.T.);
#1666=ORIENTED_EDGE('',*,*,#2119,.F.);
#1667=ORIENTED_EDGE('',*,*,#2116,.F.);
#1668=ORIENTED_EDGE('',*,*,#2127,.F.);
#1669=ORIENTED_EDGE('',*,*,#1994,.T.);
#1670=ORIENTED_EDGE('',*,*,#1991,.T.);
#1671=ORIENTED_EDGE('',*,*,#2091,.F.);
#1672=ORIENTED_EDGE('',*,*,#1712,.T.);
#1673=ORIENTED_EDGE('',*,*,#2128,.T.);
#1674=ORIENTED_EDGE('',*,*,#2129,.F.);
#1675=ORIENTED_EDGE('',*,*,#2000,.T.);
#1676=ORIENTED_EDGE('',*,*,#1999,.T.);
#1677=ORIENTED_EDGE('',*,*,#2130,.F.);
#1678=ORIENTED_EDGE('',*,*,#2131,.T.);
#1679=ORIENTED_EDGE('',*,*,#2132,.T.);
#1680=ORIENTED_EDGE('',*,*,#2084,.F.);
#1681=ORIENTED_EDGE('',*,*,#2052,.T.);
#1682=ORIENTED_EDGE('',*,*,#2131,.F.);
#1683=ORIENTED_EDGE('',*,*,#2133,.F.);
#1684=ORIENTED_EDGE('',*,*,#2134,.T.);
#1685=ORIENTED_EDGE('',*,*,#2135,.T.);
#1686=ORIENTED_EDGE('',*,*,#2130,.T.);
#1687=ORIENTED_EDGE('',*,*,#1996,.T.);
#1688=ORIENTED_EDGE('',*,*,#2127,.T.);
#1689=ORIENTED_EDGE('',*,*,#2136,.F.);
#1690=ORIENTED_EDGE('',*,*,#2137,.F.);
#1691=ORIENTED_EDGE('',*,*,#2133,.T.);
#1692=ORIENTED_EDGE('',*,*,#2129,.T.);
#1693=ORIENTED_EDGE('',*,*,#2138,.F.);
#1694=ORIENTED_EDGE('',*,*,#2139,.F.);
#1695=ORIENTED_EDGE('',*,*,#2136,.T.);
#1696=ORIENTED_EDGE('',*,*,#2132,.F.);
#1697=ORIENTED_EDGE('',*,*,#2135,.F.);
#1698=ORIENTED_EDGE('',*,*,#2140,.T.);
#1699=ORIENTED_EDGE('',*,*,#2138,.T.);
#1700=ORIENTED_EDGE('',*,*,#2128,.F.);
#1701=ORIENTED_EDGE('',*,*,#2093,.F.);
#1702=ORIENTED_EDGE('',*,*,#2134,.F.);
#1703=ORIENTED_EDGE('',*,*,#2137,.T.);
#1704=ORIENTED_EDGE('',*,*,#2139,.T.);
#1705=ORIENTED_EDGE('',*,*,#2140,.F.);
#1706=EDGE_CURVE('',#2141,#2142,#2430,.T.);
#1707=EDGE_CURVE('',#2143,#2142,#242,.T.);
#1708=EDGE_CURVE('',#2143,#2144,#202,.T.);
#1709=EDGE_CURVE('',#2144,#2145,#243,.T.);
#1710=EDGE_CURVE('',#2146,#2145,#2431,.T.);
#1711=EDGE_CURVE('',#2147,#2146,#244,.T.);
#1712=EDGE_CURVE('',#2141,#2147,#245,.T.);
#1713=EDGE_CURVE('',#2148,#2149,#246,.T.);
#1714=EDGE_CURVE('',#2150,#2149,#247,.T.);
#1715=EDGE_CURVE('',#2151,#2150,#248,.T.);
#1716=EDGE_CURVE('',#2151,#2148,#249,.T.);
#1717=EDGE_CURVE('',#2150,#2152,#250,.T.);
#1718=EDGE_CURVE('',#2149,#2153,#251,.T.);
#1719=EDGE_CURVE('',#2152,#2153,#252,.T.);
#1720=EDGE_CURVE('',#2154,#2144,#253,.F.);
#1721=EDGE_CURVE('',#2154,#2155,#254,.T.);
#1722=EDGE_CURVE('',#2155,#2156,#255,.T.);
#1723=EDGE_CURVE('',#2157,#2156,#256,.T.);
#1724=EDGE_CURVE('',#2151,#2157,#257,.T.);
#1725=EDGE_CURVE('',#2145,#2152,#258,.T.);
#1726=EDGE_CURVE('',#2148,#2158,#259,.T.);
#1727=EDGE_CURVE('',#2159,#2158,#260,.T.);
#1728=EDGE_CURVE('',#2159,#2160,#261,.T.);
#1729=EDGE_CURVE('',#2161,#2160,#262,.T.);
#1730=EDGE_CURVE('',#2153,#2161,#263,.T.);
#1731=EDGE_CURVE('',#2154,#2162,#203,.T.);
#1732=EDGE_CURVE('',#2162,#2163,#2432,.T.);
#1733=EDGE_CURVE('',#2163,#2164,#264,.T.);
#1734=EDGE_CURVE('',#2155,#2164,#2433,.T.);
#1735=EDGE_CURVE('',#2158,#2157,#265,.T.);
#1736=EDGE_CURVE('',#2159,#2156,#266,.T.);
#1737=EDGE_CURVE('',#2164,#2165,#267,.T.);
#1738=EDGE_CURVE('',#2165,#2166,#268,.T.);
#1739=EDGE_CURVE('',#2166,#2167,#269,.T.);
#1740=EDGE_CURVE('',#2167,#2160,#270,.T.);
#1741=EDGE_CURVE('',#2168,#2169,#271,.T.);
#1742=EDGE_CURVE('',#2168,#2169,#29,.T.);
#1743=EDGE_CURVE('',#2167,#2169,#272,.T.);
#1744=EDGE_CURVE('',#2166,#2168,#273,.T.);
#1745=EDGE_CURVE('',#2170,#2171,#30,.T.);
#1746=EDGE_CURVE('',#2170,#2172,#274,.T.);
#1747=EDGE_CURVE('',#2173,#2172,#31,.T.);
#1748=EDGE_CURVE('',#2171,#2173,#275,.T.);
#1749=EDGE_CURVE('',#2174,#2171,#276,.T.);
#1750=EDGE_CURVE('',#2175,#2173,#277,.T.);
#1751=EDGE_CURVE('',#2174,#2175,#278,.T.);
#1752=EDGE_CURVE('',#2170,#2174,#279,.T.);
#1753=EDGE_CURVE('',#2172,#2175,#280,.T.);
#1754=EDGE_CURVE('',#2176,#2177,#32,.T.);
#1755=EDGE_CURVE('',#2176,#2178,#281,.T.);
#1756=EDGE_CURVE('',#2179,#2178,#33,.T.);
#1757=EDGE_CURVE('',#2177,#2179,#282,.T.);
#1758=EDGE_CURVE('',#2180,#2177,#283,.T.);
#1759=EDGE_CURVE('',#2181,#2179,#284,.T.);
#1760=EDGE_CURVE('',#2180,#2181,#285,.T.);
#1761=EDGE_CURVE('',#2176,#2180,#286,.T.);
#1762=EDGE_CURVE('',#2178,#2181,#287,.T.);
#1763=EDGE_CURVE('',#2182,#2183,#34,.T.);
#1764=EDGE_CURVE('',#2182,#2184,#288,.T.);
#1765=EDGE_CURVE('',#2185,#2184,#35,.T.);
#1766=EDGE_CURVE('',#2183,#2185,#289,.T.);
#1767=EDGE_CURVE('',#2186,#2183,#290,.T.);
#1768=EDGE_CURVE('',#2187,#2185,#291,.T.);
#1769=EDGE_CURVE('',#2186,#2187,#292,.T.);
#1770=EDGE_CURVE('',#2182,#2186,#293,.T.);
#1771=EDGE_CURVE('',#2184,#2187,#294,.T.);
#1772=EDGE_CURVE('',#2188,#2189,#295,.T.);
#1773=EDGE_CURVE('',#2188,#2190,#296,.T.);
#1774=EDGE_CURVE('',#2191,#2190,#36,.T.);
#1775=EDGE_CURVE('',#2189,#2191,#297,.T.);
#1776=EDGE_CURVE('',#2192,#2193,#298,.T.);
#1777=EDGE_CURVE('',#2194,#2193,#204,.T.);
#1778=EDGE_CURVE('',#2195,#2194,#299,.T.);
#1779=EDGE_CURVE('',#2195,#2192,#205,.T.);
#1780=EDGE_CURVE('',#2196,#2197,#300,.T.);
#1781=EDGE_CURVE('',#2197,#2198,#301,.T.);
#1782=EDGE_CURVE('',#2199,#2198,#37,.T.);
#1783=EDGE_CURVE('',#2199,#2200,#302,.T.);
#1784=EDGE_CURVE('',#2201,#2200,#303,.T.);
#1785=EDGE_CURVE('',#2202,#2201,#206,.F.);
#1786=EDGE_CURVE('',#2203,#2202,#304,.T.);
#1787=EDGE_CURVE('',#2203,#2204,#305,.T.);
#1788=EDGE_CURVE('',#2205,#2204,#306,.T.);
#1789=EDGE_CURVE('',#2196,#2205,#2434,.T.);
#1790=EDGE_CURVE('',#2206,#2207,#307,.T.);
#1791=EDGE_CURVE('',#2208,#2206,#308,.T.);
#1792=EDGE_CURVE('',#2209,#2208,#309,.T.);
#1793=EDGE_CURVE('',#2210,#2209,#38,.T.);
#1794=EDGE_CURVE('',#2211,#2210,#310,.T.);
#1795=EDGE_CURVE('',#2212,#2211,#311,.T.);
#1796=EDGE_CURVE('',#2213,#2212,#312,.T.);
#1797=EDGE_CURVE('',#2214,#2213,#313,.T.);
#1798=EDGE_CURVE('',#2214,#2215,#314,.T.);
#1799=EDGE_CURVE('',#2215,#2216,#2435,.T.);
#1800=EDGE_CURVE('',#2217,#2216,#315,.T.);
#1801=EDGE_CURVE('',#2217,#2218,#316,.T.);
#1802=EDGE_CURVE('',#2218,#2207,#317,.T.);
#1803=EDGE_CURVE('',#2219,#2220,#318,.T.);
#1804=EDGE_CURVE('',#2220,#2221,#319,.T.);
#1805=EDGE_CURVE('',#2221,#2219,#39,.T.);
#1806=EDGE_CURVE('',#2222,#2223,#2436,.T.);
#1807=EDGE_CURVE('',#2223,#2214,#320,.T.);
#1808=EDGE_CURVE('',#2213,#2224,#321,.T.);
#1809=EDGE_CURVE('',#2225,#2224,#322,.T.);
#1810=EDGE_CURVE('',#2226,#2225,#323,.T.);
#1811=EDGE_CURVE('',#2227,#2226,#324,.T.);
#1812=EDGE_CURVE('',#2228,#2227,#325,.T.);
#1813=EDGE_CURVE('',#2228,#2197,#326,.T.);
#1814=EDGE_CURVE('',#2229,#2196,#327,.T.);
#1815=EDGE_CURVE('',#2222,#2229,#328,.T.);
#1816=EDGE_CURVE('',#2230,#2231,#40,.T.);
#1817=EDGE_CURVE('',#2230,#2232,#329,.T.);
#1818=EDGE_CURVE('',#2233,#2232,#41,.T.);
#1819=EDGE_CURVE('',#2231,#2233,#330,.T.);
#1820=EDGE_CURVE('',#2234,#2231,#331,.T.);
#1821=EDGE_CURVE('',#2235,#2233,#332,.T.);
#1822=EDGE_CURVE('',#2234,#2235,#333,.T.);
#1823=EDGE_CURVE('',#2230,#2234,#334,.T.);
#1824=EDGE_CURVE('',#2232,#2235,#335,.T.);
#1825=EDGE_CURVE('',#2236,#2237,#42,.T.);
#1826=EDGE_CURVE('',#2236,#2238,#336,.T.);
#1827=EDGE_CURVE('',#2239,#2238,#43,.T.);
#1828=EDGE_CURVE('',#2237,#2239,#337,.T.);
#1829=EDGE_CURVE('',#2240,#2237,#338,.T.);
#1830=EDGE_CURVE('',#2241,#2239,#339,.T.);
#1831=EDGE_CURVE('',#2240,#2241,#340,.T.);
#1832=EDGE_CURVE('',#2236,#2240,#341,.T.);
#1833=EDGE_CURVE('',#2238,#2241,#342,.T.);
#1834=EDGE_CURVE('',#2242,#2243,#44,.T.);
#1835=EDGE_CURVE('',#2242,#2244,#343,.T.);
#1836=EDGE_CURVE('',#2245,#2244,#45,.T.);
#1837=EDGE_CURVE('',#2243,#2245,#344,.T.);
#1838=EDGE_CURVE('',#2246,#2243,#345,.T.);
#1839=EDGE_CURVE('',#2247,#2245,#346,.T.);
#1840=EDGE_CURVE('',#2246,#2247,#347,.T.);
#1841=EDGE_CURVE('',#2242,#2246,#348,.T.);
#1842=EDGE_CURVE('',#2244,#2247,#349,.T.);
#1843=EDGE_CURVE('',#2248,#2249,#350,.T.);
#1844=EDGE_CURVE('',#2249,#2250,#351,.T.);
#1845=EDGE_CURVE('',#2250,#2251,#352,.T.);
#1846=EDGE_CURVE('',#2252,#2251,#353,.T.);
#1847=EDGE_CURVE('',#2253,#2252,#354,.T.);
#1848=EDGE_CURVE('',#2254,#2253,#355,.T.);
#1849=EDGE_CURVE('',#2255,#2254,#356,.T.);
#1850=EDGE_CURVE('',#2248,#2255,#357,.T.);
#1851=EDGE_CURVE('',#2256,#2256,#46,.T.);
#1852=EDGE_CURVE('',#2257,#2228,#358,.T.);
#1853=EDGE_CURVE('',#2248,#2257,#359,.T.);
#1854=EDGE_CURVE('',#2258,#2255,#360,.T.);
#1855=EDGE_CURVE('',#2198,#2258,#207,.T.);
#1856=EDGE_CURVE('',#2250,#2259,#361,.T.);
#1857=EDGE_CURVE('',#2249,#2260,#362,.T.);
#1858=EDGE_CURVE('',#2260,#2261,#363,.T.);
#1859=EDGE_CURVE('',#2262,#2261,#364,.T.);
#1860=EDGE_CURVE('',#2262,#2263,#365,.T.);
#1861=EDGE_CURVE('',#2263,#2264,#366,.T.);
#1862=EDGE_CURVE('',#2265,#2264,#367,.T.);
#1863=EDGE_CURVE('',#2266,#2265,#368,.T.);
#1864=EDGE_CURVE('',#2266,#2267,#369,.T.);
#1865=EDGE_CURVE('',#2267,#2268,#370,.T.);
#1866=EDGE_CURVE('',#2269,#2268,#371,.T.);
#1867=EDGE_CURVE('',#2259,#2269,#372,.T.);
#1868=EDGE_CURVE('',#2268,#2270,#373,.T.);
#1869=EDGE_CURVE('',#2271,#2270,#374,.T.);
#1870=EDGE_CURVE('',#2271,#2272,#375,.T.);
#1871=EDGE_CURVE('',#2272,#2269,#376,.T.);
#1872=EDGE_CURVE('',#2273,#2274,#377,.T.);
#1873=EDGE_CURVE('',#2274,#2271,#47,.T.);
#1874=EDGE_CURVE('',#2270,#2273,#378,.T.);
#1875=EDGE_CURVE('',#2264,#2275,#379,.T.);
#1876=EDGE_CURVE('',#2276,#2275,#380,.T.);
#1877=EDGE_CURVE('',#2277,#2276,#381,.T.);
#1878=EDGE_CURVE('',#2265,#2277,#382,.T.);
#1879=EDGE_CURVE('',#2275,#2278,#383,.T.);
#1880=EDGE_CURVE('',#2279,#2278,#384,.T.);
#1881=EDGE_CURVE('',#2276,#2279,#385,.T.);
#1882=EDGE_CURVE('',#2280,#2281,#386,.T.);
#1883=EDGE_CURVE('',#2279,#2280,#387,.T.);
#1884=EDGE_CURVE('',#2278,#2263,#388,.T.);
#1885=EDGE_CURVE('',#2262,#2281,#389,.T.);
#1886=EDGE_CURVE('',#2282,#2283,#48,.T.);
#1887=EDGE_CURVE('',#2282,#2252,#390,.T.);
#1888=EDGE_CURVE('',#2284,#2251,#391,.T.);
#1889=EDGE_CURVE('',#2283,#2284,#392,.T.);
#1890=EDGE_CURVE('',#2285,#2286,#393,.T.);
#1891=EDGE_CURVE('',#2287,#2285,#49,.T.);
#1892=EDGE_CURVE('',#2288,#2287,#394,.T.);
#1893=EDGE_CURVE('',#2289,#2288,#395,.T.);
#1894=EDGE_CURVE('',#2286,#2289,#396,.T.);
#1895=EDGE_CURVE('',#2209,#2290,#397,.T.);
#1896=EDGE_CURVE('',#2291,#2208,#50,.T.);
#1897=EDGE_CURVE('',#2292,#2291,#398,.T.);
#1898=EDGE_CURVE('',#2290,#2292,#399,.T.);
#1899=EDGE_CURVE('',#2286,#2284,#400,.T.);
#1900=EDGE_CURVE('',#2259,#2292,#401,.T.);
#1901=EDGE_CURVE('',#2293,#2291,#402,.T.);
#1902=EDGE_CURVE('',#2294,#2293,#51,.T.);
#1903=EDGE_CURVE('',#2295,#2294,#403,.T.);
#1904=EDGE_CURVE('',#2296,#2295,#52,.T.);
#1905=EDGE_CURVE('',#2285,#2296,#404,.T.);
#1906=EDGE_CURVE('',#2297,#2298,#405,.T.);
#1907=EDGE_CURVE('',#2297,#2299,#208,.T.);
#1908=EDGE_CURVE('',#2299,#2288,#53,.T.);
#1909=EDGE_CURVE('',#2300,#2287,#406,.T.);
#1910=EDGE_CURVE('',#2301,#2300,#407,.T.);
#1911=EDGE_CURVE('',#2301,#2302,#54,.T.);
#1912=EDGE_CURVE('',#2302,#2303,#408,.T.);
#1913=EDGE_CURVE('',#2303,#2304,#409,.T.);
#1914=EDGE_CURVE('',#2304,#2305,#55,.T.);
#1915=EDGE_CURVE('',#2306,#2305,#410,.T.);
#1916=EDGE_CURVE('',#2306,#2298,#2437,.T.);
#1917=EDGE_CURVE('',#2307,#2308,#411,.T.);
#1918=EDGE_CURVE('',#2308,#2309,#412,.T.);
#1919=EDGE_CURVE('',#2309,#2307,#56,.T.);
#1920=EDGE_CURVE('',#2310,#2311,#57,.T.);
#1921=EDGE_CURVE('',#2310,#2253,#413,.T.);
#1922=EDGE_CURVE('',#2312,#2282,#58,.T.);
#1923=EDGE_CURVE('',#2311,#2312,#414,.T.);
#1924=EDGE_CURVE('',#2313,#2314,#209,.T.);
#1925=EDGE_CURVE('',#2313,#2254,#415,.T.);
#1926=EDGE_CURVE('',#2310,#2314,#59,.T.);
#1927=EDGE_CURVE('',#2258,#2315,#416,.T.);
#1928=EDGE_CURVE('',#2316,#2313,#417,.T.);
#1929=EDGE_CURVE('',#2315,#2316,#418,.T.);
#1930=EDGE_CURVE('',#2317,#2199,#210,.T.);
#1931=EDGE_CURVE('',#2317,#2318,#419,.T.);
#1932=EDGE_CURVE('',#2319,#2318,#211,.T.);
#1933=EDGE_CURVE('',#2319,#2299,#420,.T.);
#1934=EDGE_CURVE('',#2320,#2297,#212,.T.);
#1935=EDGE_CURVE('',#2200,#2320,#213,.T.);
#1936=EDGE_CURVE('',#2321,#2289,#60,.T.);
#1937=EDGE_CURVE('',#2322,#2319,#61,.T.);
#1938=EDGE_CURVE('',#2321,#2322,#421,.T.);
#1939=EDGE_CURVE('',#2210,#2274,#422,.T.);
#1940=EDGE_CURVE('',#2290,#2272,#2438,.T.);
#1941=EDGE_CURVE('',#2212,#2267,#423,.T.);
#1942=EDGE_CURVE('',#2211,#2273,#424,.T.);
#1943=EDGE_CURVE('',#2323,#2266,#425,.T.);
#1944=EDGE_CURVE('',#2224,#2323,#426,.T.);
#1945=EDGE_CURVE('',#2257,#2260,#427,.T.);
#1946=EDGE_CURVE('',#2227,#2261,#428,.T.);
#1947=EDGE_CURVE('',#2324,#2325,#62,.T.);
#1948=EDGE_CURVE('',#2324,#2326,#429,.T.);
#1949=EDGE_CURVE('',#2326,#2325,#430,.T.);
#1950=EDGE_CURVE('',#2325,#2307,#431,.T.);
#1951=EDGE_CURVE('',#2324,#2309,#432,.T.);
#1952=EDGE_CURVE('',#2326,#2308,#433,.T.);
#1953=EDGE_CURVE('',#2327,#2328,#63,.T.);
#1954=EDGE_CURVE('',#2327,#2329,#434,.T.);
#1955=EDGE_CURVE('',#2329,#2328,#435,.T.);
#1956=EDGE_CURVE('',#2327,#2304,#436,.T.);
#1957=EDGE_CURVE('',#2328,#2302,#437,.T.);
#1958=EDGE_CURVE('',#2305,#2301,#214,.T.);
#1959=EDGE_CURVE('',#2329,#2303,#438,.T.);
#1960=EDGE_CURVE('',#2330,#2331,#64,.T.);
#1961=EDGE_CURVE('',#2330,#2332,#439,.T.);
#1962=EDGE_CURVE('',#2332,#2331,#440,.T.);
#1963=EDGE_CURVE('',#2330,#2333,#441,.T.);
#1964=EDGE_CURVE('',#2331,#2334,#442,.T.);
#1965=EDGE_CURVE('',#2334,#2333,#2439,.T.);
#1966=EDGE_CURVE('',#2332,#2335,#443,.T.);
#1967=EDGE_CURVE('',#2335,#2333,#444,.T.);
#1968=EDGE_CURVE('',#2334,#2335,#445,.T.);
#1969=EDGE_CURVE('',#2336,#2337,#2440,.T.);
#1970=EDGE_CURVE('',#2320,#2337,#446,.T.);
#1971=EDGE_CURVE('',#2336,#2298,#447,.T.);
#1972=EDGE_CURVE('',#2338,#2339,#2441,.T.);
#1973=EDGE_CURVE('',#2339,#2215,#448,.T.);
#1974=EDGE_CURVE('',#2223,#2340,#449,.T.);
#1975=EDGE_CURVE('',#2341,#2340,#2442,.T.);
#1976=EDGE_CURVE('',#2341,#2342,#450,.T.);
#1977=EDGE_CURVE('',#2342,#2343,#2443,.T.);
#1978=EDGE_CURVE('',#2343,#2344,#451,.T.);
#1979=EDGE_CURVE('',#2344,#2338,#452,.T.);
#1980=EDGE_CURVE('',#2345,#2346,#2444,.T.);
#1981=EDGE_CURVE('',#2345,#2347,#215,.T.);
#1982=EDGE_CURVE('',#2347,#2203,#216,.T.);
#1983=EDGE_CURVE('',#2348,#2202,#217,.F.);
#1984=EDGE_CURVE('',#2346,#2348,#218,.T.);
#1985=EDGE_CURVE('',#2349,#2350,#219,.F.);
#1986=EDGE_CURVE('',#2349,#2194,#453,.T.);
#1987=EDGE_CURVE('',#2193,#2351,#220,.T.);
#1988=EDGE_CURVE('',#2352,#2351,#2445,.T.);
#1989=EDGE_CURVE('',#2350,#2352,#221,.T.);
#1990=EDGE_CURVE('',#2353,#2142,#2446,.T.);
#1991=EDGE_CURVE('',#2354,#2353,#454,.T.);
#1992=EDGE_CURVE('',#2354,#2293,#65,.T.);
#1993=EDGE_CURVE('',#2143,#2206,#222,.T.);
#1994=EDGE_CURVE('',#2355,#2354,#66,.T.);
#1995=EDGE_CURVE('',#2355,#2294,#67,.T.);
#1996=EDGE_CURVE('',#2356,#2355,#455,.T.);
#1997=EDGE_CURVE('',#2356,#2295,#68,.T.);
#1998=EDGE_CURVE('',#2357,#2296,#69,.T.);
#1999=EDGE_CURVE('',#2357,#2356,#70,.T.);
#2000=EDGE_CURVE('',#2358,#2357,#456,.T.);
#2001=EDGE_CURVE('',#2359,#2358,#2447,.T.);
#2002=EDGE_CURVE('',#2359,#2300,#223,.T.);
#2003=EDGE_CURVE('',#2337,#2201,#224,.T.);
#2004=EDGE_CURVE('',#2336,#2348,#225,.F.);
#2005=EDGE_CURVE('',#2222,#2360,#457,.T.);
#2006=EDGE_CURVE('',#2360,#2340,#226,.T.);
#2007=EDGE_CURVE('',#2360,#2349,#227,.F.);
#2008=EDGE_CURVE('',#2350,#2341,#228,.F.);
#2009=EDGE_CURVE('',#2322,#2311,#12,.T.);
#2010=EDGE_CURVE('',#2319,#2314,#458,.T.);
#2011=EDGE_CURVE('',#2318,#2316,#71,.T.);
#2012=EDGE_CURVE('',#2315,#2317,#72,.T.);
#2013=EDGE_CURVE('',#2289,#2283,#13,.T.);
#2014=EDGE_CURVE('',#2312,#2321,#14,.T.);
#2015=EDGE_CURVE('',#2323,#2277,#459,.T.);
#2016=EDGE_CURVE('',#2225,#2280,#460,.T.);
#2017=EDGE_CURVE('',#2281,#2226,#461,.T.);
#2018=EDGE_CURVE('',#2361,#2362,#462,.T.);
#2019=EDGE_CURVE('',#2188,#2361,#229,.T.);
#2020=EDGE_CURVE('',#2362,#2189,#230,.T.);
#2021=EDGE_CURVE('',#2351,#2363,#73,.T.);
#2022=EDGE_CURVE('',#2192,#2364,#231,.T.);
#2023=EDGE_CURVE('',#2365,#2364,#463,.T.);
#2024=EDGE_CURVE('',#2366,#2365,#232,.T.);
#2025=EDGE_CURVE('',#2347,#2366,#464,.T.);
#2026=EDGE_CURVE('',#2367,#2345,#74,.T.);
#2027=EDGE_CURVE('',#2367,#2361,#233,.T.);
#2028=EDGE_CURVE('',#2363,#2362,#234,.T.);
#2029=EDGE_CURVE('',#2204,#2366,#2448,.T.);
#2030=EDGE_CURVE('',#2368,#2229,#2449,.T.);
#2031=EDGE_CURVE('',#2195,#2368,#465,.T.);
#2032=EDGE_CURVE('',#2369,#2364,#466,.T.);
#2033=EDGE_CURVE('',#2369,#2195,#467,.T.);
#2034=EDGE_CURVE('',#2365,#2370,#468,.T.);
#2035=EDGE_CURVE('',#2370,#2204,#469,.T.);
#2036=EDGE_CURVE('',#2371,#2196,#470,.T.);
#2037=EDGE_CURVE('',#2372,#2371,#471,.T.);
#2038=EDGE_CURVE('',#2229,#2372,#472,.T.);
#2039=EDGE_CURVE('',#2370,#2373,#473,.T.);
#2040=EDGE_CURVE('',#2373,#2374,#474,.T.);
#2041=EDGE_CURVE('',#2374,#2205,#475,.T.);
#2042=EDGE_CURVE('',#2374,#2371,#2450,.T.);
#2043=EDGE_CURVE('',#2373,#2375,#476,.T.);
#2044=EDGE_CURVE('',#2375,#2376,#477,.T.);
#2045=EDGE_CURVE('',#2372,#2376,#2451,.T.);
#2046=EDGE_CURVE('',#2375,#2369,#478,.T.);
#2047=EDGE_CURVE('',#2368,#2376,#479,.T.);
#2048=EDGE_CURVE('',#2377,#2377,#2452,.T.);
#2049=EDGE_CURVE('',#2367,#2378,#480,.T.);
#2050=EDGE_CURVE('',#2346,#2379,#481,.T.);
#2051=EDGE_CURVE('',#2379,#2359,#482,.T.);
#2052=EDGE_CURVE('',#2378,#2358,#483,.T.);
#2053=EDGE_CURVE('',#2339,#2342,#235,.T.);
#2054=EDGE_CURVE('',#2352,#2380,#484,.T.);
#2055=EDGE_CURVE('',#2216,#2380,#2453,.T.);
#2056=EDGE_CURVE('',#2306,#2379,#2454,.T.);
#2057=EDGE_CURVE('',#2381,#2382,#75,.T.);
#2058=EDGE_CURVE('',#2381,#2383,#485,.T.);
#2059=EDGE_CURVE('',#2383,#2382,#486,.T.);
#2060=EDGE_CURVE('',#2381,#2338,#487,.T.);
#2061=EDGE_CURVE('',#2382,#2343,#488,.T.);
#2062=EDGE_CURVE('',#2383,#2344,#489,.T.);
#2063=EDGE_CURVE('',#2384,#2385,#76,.T.);
#2064=EDGE_CURVE('',#2384,#2386,#490,.T.);
#2065=EDGE_CURVE('',#2386,#2385,#491,.T.);
#2066=EDGE_CURVE('',#2387,#2388,#236,.T.);
#2067=EDGE_CURVE('',#2384,#2387,#492,.T.);
#2068=EDGE_CURVE('',#2385,#2388,#493,.T.);
#2069=EDGE_CURVE('',#2387,#2207,#2455,.T.);
#2070=EDGE_CURVE('',#2386,#2218,#494,.T.);
#2071=EDGE_CURVE('',#2217,#2388,#2456,.T.);
#2072=EDGE_CURVE('',#2389,#2390,#77,.T.);
#2073=EDGE_CURVE('',#2389,#2391,#495,.T.);
#2074=EDGE_CURVE('',#2391,#2390,#496,.T.);
#2075=EDGE_CURVE('',#2390,#2219,#497,.T.);
#2076=EDGE_CURVE('',#2389,#2221,#498,.T.);
#2077=EDGE_CURVE('',#2391,#2220,#499,.T.);
#2078=EDGE_CURVE('',#2392,#2392,#78,.T.);
#2079=EDGE_CURVE('',#2166,#2393,#79,.T.);
#2080=EDGE_CURVE('',#2191,#2393,#237,.T.);
#2081=EDGE_CURVE('',#2394,#2190,#238,.T.);
#2082=EDGE_CURVE('',#2394,#2167,#80,.T.);
#2083=EDGE_CURVE('',#2394,#2395,#500,.T.);
#2084=EDGE_CURVE('',#2378,#2396,#239,.T.);
#2085=EDGE_CURVE('',#2396,#2395,#240,.T.);
#2086=EDGE_CURVE('',#2165,#2397,#241,.T.);
#2087=EDGE_CURVE('',#2363,#2397,#501,.T.);
#2088=EDGE_CURVE('',#2393,#2165,#502,.T.);
#2089=EDGE_CURVE('',#2162,#2380,#503,.T.);
#2090=EDGE_CURVE('',#2163,#2397,#504,.T.);
#2091=EDGE_CURVE('',#2141,#2353,#505,.T.);
#2092=EDGE_CURVE('',#2395,#2161,#506,.T.);
#2093=EDGE_CURVE('',#2396,#2147,#507,.T.);
#2094=EDGE_CURVE('',#2161,#2146,#508,.T.);
#2095=EDGE_CURVE('',#2398,#2398,#81,.T.);
#2096=EDGE_CURVE('',#2399,#2399,#82,.T.);
#2097=EDGE_CURVE('',#2400,#2400,#83,.T.);
#2098=EDGE_CURVE('',#2401,#2401,#84,.T.);
#2099=EDGE_CURVE('',#2402,#2402,#85,.T.);
#2100=EDGE_CURVE('',#2403,#2403,#86,.T.);
#2101=EDGE_CURVE('',#2404,#2404,#87,.T.);
#2102=EDGE_CURVE('',#2405,#2405,#88,.T.);
#2103=EDGE_CURVE('',#2406,#2407,#89,.T.);
#2104=EDGE_CURVE('',#2407,#2408,#509,.T.);
#2105=EDGE_CURVE('',#2409,#2408,#90,.T.);
#2106=EDGE_CURVE('',#2406,#2409,#510,.T.);
#2107=EDGE_CURVE('',#2410,#2411,#91,.T.);
#2108=EDGE_CURVE('',#2411,#2412,#511,.T.);
#2109=EDGE_CURVE('',#2413,#2412,#92,.T.);
#2110=EDGE_CURVE('',#2410,#2413,#512,.T.);
#2111=EDGE_CURVE('',#2414,#2415,#93,.T.);
#2112=EDGE_CURVE('',#2415,#2416,#513,.T.);
#2113=EDGE_CURVE('',#2417,#2416,#94,.T.);
#2114=EDGE_CURVE('',#2414,#2417,#514,.T.);
#2115=EDGE_CURVE('',#2418,#2419,#95,.T.);
#2116=EDGE_CURVE('',#2419,#2420,#515,.T.);
#2117=EDGE_CURVE('',#2421,#2420,#96,.T.);
#2118=EDGE_CURVE('',#2418,#2421,#516,.T.);
#2119=EDGE_CURVE('',#2420,#2417,#517,.T.);
#2120=EDGE_CURVE('',#2413,#2416,#518,.T.);
#2121=EDGE_CURVE('',#2409,#2412,#519,.T.);
#2122=EDGE_CURVE('',#2408,#2421,#520,.T.);
#2123=EDGE_CURVE('',#2407,#2418,#521,.T.);
#2124=EDGE_CURVE('',#2406,#2411,#522,.T.);
#2125=EDGE_CURVE('',#2410,#2415,#523,.T.);
#2126=EDGE_CURVE('',#2419,#2414,#524,.T.);
#2127=EDGE_CURVE('',#2355,#2422,#525,.T.);
#2128=EDGE_CURVE('',#2147,#2423,#526,.T.);
#2129=EDGE_CURVE('',#2422,#2423,#527,.T.);
#2130=EDGE_CURVE('',#2424,#2356,#528,.T.);
#2131=EDGE_CURVE('',#2424,#2425,#529,.T.);
#2132=EDGE_CURVE('',#2425,#2396,#530,.T.);
#2133=EDGE_CURVE('',#2426,#2424,#531,.T.);
#2134=EDGE_CURVE('',#2426,#2427,#532,.T.);
#2135=EDGE_CURVE('',#2427,#2425,#533,.T.);
#2136=EDGE_CURVE('',#2428,#2422,#534,.T.);
#2137=EDGE_CURVE('',#2426,#2428,#535,.T.);
#2138=EDGE_CURVE('',#2429,#2423,#536,.T.);
#2139=EDGE_CURVE('',#2428,#2429,#537,.T.);
#2140=EDGE_CURVE('',#2427,#2429,#538,.T.);
#2141=VERTEX_POINT('',#4078);
#2142=VERTEX_POINT('',#4079);
#2143=VERTEX_POINT('',#4081);
#2144=VERTEX_POINT('',#4088);
#2145=VERTEX_POINT('',#4090);
#2146=VERTEX_POINT('',#4092);
#2147=VERTEX_POINT('',#4094);
#2148=VERTEX_POINT('',#4098);
#2149=VERTEX_POINT('',#4099);
#2150=VERTEX_POINT('',#4101);
#2151=VERTEX_POINT('',#4103);
#2152=VERTEX_POINT('',#4107);
#2153=VERTEX_POINT('',#4109);
#2154=VERTEX_POINT('',#4113);
#2155=VERTEX_POINT('',#4115);
#2156=VERTEX_POINT('',#4117);
#2157=VERTEX_POINT('',#4119);
#2158=VERTEX_POINT('',#4124);
#2159=VERTEX_POINT('',#4126);
#2160=VERTEX_POINT('',#4128);
#2161=VERTEX_POINT('',#4130);
#2162=VERTEX_POINT('',#4137);
#2163=VERTEX_POINT('',#4139);
#2164=VERTEX_POINT('',#4141);
#2165=VERTEX_POINT('',#4148);
#2166=VERTEX_POINT('',#4150);
#2167=VERTEX_POINT('',#4152);
#2168=VERTEX_POINT('',#4156);
#2169=VERTEX_POINT('',#4157);
#2170=VERTEX_POINT('',#4164);
#2171=VERTEX_POINT('',#4165);
#2172=VERTEX_POINT('',#4167);
#2173=VERTEX_POINT('',#4169);
#2174=VERTEX_POINT('',#4173);
#2175=VERTEX_POINT('',#4175);
#2176=VERTEX_POINT('',#4182);
#2177=VERTEX_POINT('',#4183);
#2178=VERTEX_POINT('',#4185);
#2179=VERTEX_POINT('',#4187);
#2180=VERTEX_POINT('',#4191);
#2181=VERTEX_POINT('',#4193);
#2182=VERTEX_POINT('',#4200);
#2183=VERTEX_POINT('',#4201);
#2184=VERTEX_POINT('',#4203);
#2185=VERTEX_POINT('',#4205);
#2186=VERTEX_POINT('',#4209);
#2187=VERTEX_POINT('',#4211);
#2188=VERTEX_POINT('',#4218);
#2189=VERTEX_POINT('',#4219);
#2190=VERTEX_POINT('',#4221);
#2191=VERTEX_POINT('',#4223);
#2192=VERTEX_POINT('',#4234);
#2193=VERTEX_POINT('',#4235);
#2194=VERTEX_POINT('',#4241);
#2195=VERTEX_POINT('',#4243);
#2196=VERTEX_POINT('',#4250);
#2197=VERTEX_POINT('',#4251);
#2198=VERTEX_POINT('',#4253);
#2199=VERTEX_POINT('',#4255);
#2200=VERTEX_POINT('',#4257);
#2201=VERTEX_POINT('',#4259);
#2202=VERTEX_POINT('',#4264);
#2203=VERTEX_POINT('',#4266);
#2204=VERTEX_POINT('',#4268);
#2205=VERTEX_POINT('',#4270);
#2206=VERTEX_POINT('',#4274);
#2207=VERTEX_POINT('',#4275);
#2208=VERTEX_POINT('',#4277);
#2209=VERTEX_POINT('',#4279);
#2210=VERTEX_POINT('',#4281);
#2211=VERTEX_POINT('',#4283);
#2212=VERTEX_POINT('',#4285);
#2213=VERTEX_POINT('',#4287);
#2214=VERTEX_POINT('',#4289);
#2215=VERTEX_POINT('',#4291);
#2216=VERTEX_POINT('',#4293);
#2217=VERTEX_POINT('',#4295);
#2218=VERTEX_POINT('',#4297);
#2219=VERTEX_POINT('',#4300);
#2220=VERTEX_POINT('',#4301);
#2221=VERTEX_POINT('',#4303);
#2222=VERTEX_POINT('',#4307);
#2223=VERTEX_POINT('',#4308);
#2224=VERTEX_POINT('',#4311);
#2225=VERTEX_POINT('',#4313);
#2226=VERTEX_POINT('',#4315);
#2227=VERTEX_POINT('',#4317);
#2228=VERTEX_POINT('',#4319);
#2229=VERTEX_POINT('',#4322);
#2230=VERTEX_POINT('',#4326);
#2231=VERTEX_POINT('',#4327);
#2232=VERTEX_POINT('',#4329);
#2233=VERTEX_POINT('',#4331);
#2234=VERTEX_POINT('',#4335);
#2235=VERTEX_POINT('',#4337);
#2236=VERTEX_POINT('',#4344);
#2237=VERTEX_POINT('',#4345);
#2238=VERTEX_POINT('',#4347);
#2239=VERTEX_POINT('',#4349);
#2240=VERTEX_POINT('',#4353);
#2241=VERTEX_POINT('',#4355);
#2242=VERTEX_POINT('',#4362);
#2243=VERTEX_POINT('',#4363);
#2244=VERTEX_POINT('',#4365);
#2245=VERTEX_POINT('',#4367);
#2246=VERTEX_POINT('',#4371);
#2247=VERTEX_POINT('',#4373);
#2248=VERTEX_POINT('',#4380);
#2249=VERTEX_POINT('',#4381);
#2250=VERTEX_POINT('',#4383);
#2251=VERTEX_POINT('',#4385);
#2252=VERTEX_POINT('',#4387);
#2253=VERTEX_POINT('',#4389);
#2254=VERTEX_POINT('',#4391);
#2255=VERTEX_POINT('',#4393);
#2256=VERTEX_POINT('',#4396);
#2257=VERTEX_POINT('',#4399);
#2258=VERTEX_POINT('',#4402);
#2259=VERTEX_POINT('',#4418);
#2260=VERTEX_POINT('',#4420);
#2261=VERTEX_POINT('',#4422);
#2262=VERTEX_POINT('',#4424);
#2263=VERTEX_POINT('',#4426);
#2264=VERTEX_POINT('',#4428);
#2265=VERTEX_POINT('',#4430);
#2266=VERTEX_POINT('',#4432);
#2267=VERTEX_POINT('',#4434);
#2268=VERTEX_POINT('',#4436);
#2269=VERTEX_POINT('',#4438);
#2270=VERTEX_POINT('',#4442);
#2271=VERTEX_POINT('',#4444);
#2272=VERTEX_POINT('',#4446);
#2273=VERTEX_POINT('',#4450);
#2274=VERTEX_POINT('',#4451);
#2275=VERTEX_POINT('',#4456);
#2276=VERTEX_POINT('',#4458);
#2277=VERTEX_POINT('',#4460);
#2278=VERTEX_POINT('',#4464);
#2279=VERTEX_POINT('',#4466);
#2280=VERTEX_POINT('',#4470);
#2281=VERTEX_POINT('',#4471);
#2282=VERTEX_POINT('',#4477);
#2283=VERTEX_POINT('',#4478);
#2284=VERTEX_POINT('',#4481);
#2285=VERTEX_POINT('',#4485);
#2286=VERTEX_POINT('',#4486);
#2287=VERTEX_POINT('',#4488);
#2288=VERTEX_POINT('',#4490);
#2289=VERTEX_POINT('',#4492);
#2290=VERTEX_POINT('',#4496);
#2291=VERTEX_POINT('',#4498);
#2292=VERTEX_POINT('',#4500);
#2293=VERTEX_POINT('',#4506);
#2294=VERTEX_POINT('',#4508);
#2295=VERTEX_POINT('',#4510);
#2296=VERTEX_POINT('',#4512);
#2297=VERTEX_POINT('',#4516);
#2298=VERTEX_POINT('',#4517);
#2299=VERTEX_POINT('',#4522);
#2300=VERTEX_POINT('',#4525);
#2301=VERTEX_POINT('',#4527);
#2302=VERTEX_POINT('',#4529);
#2303=VERTEX_POINT('',#4531);
#2304=VERTEX_POINT('',#4533);
#2305=VERTEX_POINT('',#4535);
#2306=VERTEX_POINT('',#4537);
#2307=VERTEX_POINT('',#4540);
#2308=VERTEX_POINT('',#4541);
#2309=VERTEX_POINT('',#4543);
#2310=VERTEX_POINT('',#4547);
#2311=VERTEX_POINT('',#4548);
#2312=VERTEX_POINT('',#4551);
#2313=VERTEX_POINT('',#4567);
#2314=VERTEX_POINT('',#4568);
#2315=VERTEX_POINT('',#4573);
#2316=VERTEX_POINT('',#4575);
#2317=VERTEX_POINT('',#4590);
#2318=VERTEX_POINT('',#4592);
#2319=VERTEX_POINT('',#4597);
#2320=VERTEX_POINT('',#4605);
#2321=VERTEX_POINT('',#4613);
#2322=VERTEX_POINT('',#4615);
#2323=VERTEX_POINT('',#4625);
#2324=VERTEX_POINT('',#4634);
#2325=VERTEX_POINT('',#4635);
#2326=VERTEX_POINT('',#4637);
#2327=VERTEX_POINT('',#4647);
#2328=VERTEX_POINT('',#4648);
#2329=VERTEX_POINT('',#4650);
#2330=VERTEX_POINT('',#4664);
#2331=VERTEX_POINT('',#4665);
#2332=VERTEX_POINT('',#4667);
#2333=VERTEX_POINT('',#4671);
#2334=VERTEX_POINT('',#4673);
#2335=VERTEX_POINT('',#4677);
#2336=VERTEX_POINT('',#4683);
#2337=VERTEX_POINT('',#4684);
#2338=VERTEX_POINT('',#4689);
#2339=VERTEX_POINT('',#4690);
#2340=VERTEX_POINT('',#4693);
#2341=VERTEX_POINT('',#4695);
#2342=VERTEX_POINT('',#4697);
#2343=VERTEX_POINT('',#4699);
#2344=VERTEX_POINT('',#4701);
#2345=VERTEX_POINT('',#4705);
#2346=VERTEX_POINT('',#4706);
#2347=VERTEX_POINT('',#4711);
#2348=VERTEX_POINT('',#4722);
#2349=VERTEX_POINT('',#4732);
#2350=VERTEX_POINT('',#4733);
#2351=VERTEX_POINT('',#4740);
#2352=VERTEX_POINT('',#4742);
#2353=VERTEX_POINT('',#4749);
#2354=VERTEX_POINT('',#4751);
#2355=VERTEX_POINT('',#4760);
#2356=VERTEX_POINT('',#4764);
#2357=VERTEX_POINT('',#4768);
#2358=VERTEX_POINT('',#4772);
#2359=VERTEX_POINT('',#4774);
#2360=VERTEX_POINT('',#4815);
#2361=VERTEX_POINT('',#4930);
#2362=VERTEX_POINT('',#4931);
#2363=VERTEX_POINT('',#4955);
#2364=VERTEX_POINT('',#4960);
#2365=VERTEX_POINT('',#4962);
#2366=VERTEX_POINT('',#4967);
#2367=VERTEX_POINT('',#4970);
#2368=VERTEX_POINT('',#4990);
#2369=VERTEX_POINT('',#4994);
#2370=VERTEX_POINT('',#4998);
#2371=VERTEX_POINT('',#5002);
#2372=VERTEX_POINT('',#5004);
#2373=VERTEX_POINT('',#5008);
#2374=VERTEX_POINT('',#5010);
#2375=VERTEX_POINT('',#5015);
#2376=VERTEX_POINT('',#5017);
#2377=VERTEX_POINT('',#5024);
#2378=VERTEX_POINT('',#5027);
#2379=VERTEX_POINT('',#5029);
#2380=VERTEX_POINT('',#5041);
#2381=VERTEX_POINT('',#5048);
#2382=VERTEX_POINT('',#5049);
#2383=VERTEX_POINT('',#5051);
#2384=VERTEX_POINT('',#5061);
#2385=VERTEX_POINT('',#5062);
#2386=VERTEX_POINT('',#5064);
#2387=VERTEX_POINT('',#5078);
#2388=VERTEX_POINT('',#5079);
#2389=VERTEX_POINT('',#5089);
#2390=VERTEX_POINT('',#5090);
#2391=VERTEX_POINT('',#5092);
#2392=VERTEX_POINT('',#5102);
#2393=VERTEX_POINT('',#5108);
#2394=VERTEX_POINT('',#5127);
#2395=VERTEX_POINT('',#5140);
#2396=VERTEX_POINT('',#5145);
#2397=VERTEX_POINT('',#5168);
#2398=VERTEX_POINT('',#5187);
#2399=VERTEX_POINT('',#5189);
#2400=VERTEX_POINT('',#5192);
#2401=VERTEX_POINT('',#5194);
#2402=VERTEX_POINT('',#5197);
#2403=VERTEX_POINT('',#5199);
#2404=VERTEX_POINT('',#5202);
#2405=VERTEX_POINT('',#5204);
#2406=VERTEX_POINT('',#5207);
#2407=VERTEX_POINT('',#5208);
#2408=VERTEX_POINT('',#5210);
#2409=VERTEX_POINT('',#5212);
#2410=VERTEX_POINT('',#5216);
#2411=VERTEX_POINT('',#5217);
#2412=VERTEX_POINT('',#5219);
#2413=VERTEX_POINT('',#5221);
#2414=VERTEX_POINT('',#5225);
#2415=VERTEX_POINT('',#5226);
#2416=VERTEX_POINT('',#5228);
#2417=VERTEX_POINT('',#5230);
#2418=VERTEX_POINT('',#5234);
#2419=VERTEX_POINT('',#5235);
#2420=VERTEX_POINT('',#5237);
#2421=VERTEX_POINT('',#5239);
#2422=VERTEX_POINT('',#5257);
#2423=VERTEX_POINT('',#5259);
#2424=VERTEX_POINT('',#5263);
#2425=VERTEX_POINT('',#5265);
#2426=VERTEX_POINT('',#5269);
#2427=VERTEX_POINT('',#5271);
#2428=VERTEX_POINT('',#5275);
#2429=VERTEX_POINT('',#5279);
#2430=ELLIPSE('',#3048,0.00255403574912478,0.00144852813742386);
#2431=ELLIPSE('',#3049,0.00204852813742385,0.00144852813742386);
#2432=ELLIPSE('',#3055,0.00705277497382142,0.004);
#2433=ELLIPSE('',#3056,0.00565685424949238,0.004);
#2434=ELLIPSE('',#3081,0.00105146222423827,0.001);
#2435=ELLIPSE('',#3084,0.033020774461891,0.008);
#2436=ELLIPSE('',#3087,0.00319253331742773,0.003);
#2437=ELLIPSE('',#3126,0.0330207744618911,0.008);
#2438=ELLIPSE('',#3139,0.0148492424049175,0.0105);
#2439=ELLIPSE('',#3158,0.00207055236082017,0.002);
#2440=ELLIPSE('',#3162,0.00790523636045623,0.004);
#2441=ELLIPSE('',#3164,0.00207055236082016,0.002);
#2442=ELLIPSE('',#3165,0.00790523636045623,0.004);
#2443=ELLIPSE('',#3166,0.00207055236082016,0.002);
#2444=ELLIPSE('',#3168,0.135488248704211,0.007);
#2445=ELLIPSE('',#3170,0.135488248704182,0.007);
#2446=ELLIPSE('',#3172,0.00528958123036607,0.003);
#2447=ELLIPSE('',#3183,0.00528958123036615,0.003);
#2448=ELLIPSE('',#3201,0.0115130132191889,0.00524694717847935);
#2449=ELLIPSE('',#3203,0.00105146222423827,0.001);
#2450=ELLIPSE('',#3209,0.00105146222423827,0.001);
#2451=ELLIPSE('',#3210,0.00105146222423827,0.001);
#2452=ELLIPSE('',#3213,0.000692820323027534,0.000599999999999989);
#2453=ELLIPSE('',#3216,0.00819883377015079,0.008);
#2454=ELLIPSE('',#3218,0.0081988337701508,0.008);
#2455=ELLIPSE('',#3229,0.0111970691505118,0.008);
#2456=ELLIPSE('',#3231,0.0111970691505118,0.008);
#2457=EDGE_LOOP('',(#836,#837,#838,#839,#840,#841,#842));
#2458=EDGE_LOOP('',(#843,#844,#845,#846));
#2459=EDGE_LOOP('',(#847,#848,#849,#850));
#2460=EDGE_LOOP('',(#851,#852,#853,#854,#855,#856,#857,#858,#859));
#2461=EDGE_LOOP('',(#860,#861,#862,#863,#864,#865,#866));
#2462=EDGE_LOOP('',(#867,#868,#869,#870,#871));
#2463=EDGE_LOOP('',(#872,#873,#874,#875));
#2464=EDGE_LOOP('',(#876,#877,#878,#879,#880,#881,#882,#883));
#2465=EDGE_LOOP('',(#884,#885));
#2466=EDGE_LOOP('',(#886,#887,#888,#889));
#2467=EDGE_LOOP('',(#890,#891,#892,#893));
#2468=EDGE_LOOP('',(#894,#895,#896,#897));
#2469=EDGE_LOOP('',(#898,#899,#900,#901));
#2470=EDGE_LOOP('',(#902,#903,#904,#905));
#2471=EDGE_LOOP('',(#906,#907,#908,#909));
#2472=EDGE_LOOP('',(#910,#911,#912,#913));
#2473=EDGE_LOOP('',(#914,#915,#916,#917));
#2474=EDGE_LOOP('',(#918,#919,#920,#921));
#2475=EDGE_LOOP('',(#922,#923,#924,#925));
#2476=EDGE_LOOP('',(#926,#927,#928,#929));
#2477=EDGE_LOOP('',(#930,#931,#932,#933));
#2478=EDGE_LOOP('',(#934,#935,#936,#937,#938,#939,#940,#941,#942,#943));
#2479=EDGE_LOOP('',(#944,#945,#946,#947,#948,#949,#950,#951,#952,#953,#954,
#955,#956));
#2480=EDGE_LOOP('',(#957,#958,#959));
#2481=EDGE_LOOP('',(#960,#961,#962,#963,#964,#965,#966,#967,#968,#969,#970,
#971));
#2482=EDGE_LOOP('',(#972,#973,#974,#975));
#2483=EDGE_LOOP('',(#976,#977,#978,#979));
#2484=EDGE_LOOP('',(#980,#981,#982,#983));
#2485=EDGE_LOOP('',(#984,#985,#986,#987));
#2486=EDGE_LOOP('',(#988,#989,#990,#991));
#2487=EDGE_LOOP('',(#992,#993,#994,#995));
#2488=EDGE_LOOP('',(#996,#997,#998,#999));
#2489=EDGE_LOOP('',(#1000,#1001,#1002,#1003));
#2490=EDGE_LOOP('',(#1004,#1005,#1006,#1007));
#2491=EDGE_LOOP('',(#1008,#1009,#1010,#1011,#1012,#1013,#1014,#1015));
#2492=EDGE_LOOP('',(#1016));
#2493=EDGE_LOOP('',(#1017,#1018,#1019,#1020,#1021,#1022,#1023));
#2494=EDGE_LOOP('',(#1024,#1025,#1026));
#2495=EDGE_LOOP('',(#1027,#1028,#1029,#1030,#1031,#1032,#1033,#1034,#1035,
#1036,#1037,#1038,#1039));
#2496=EDGE_LOOP('',(#1040,#1041,#1042));
#2497=EDGE_LOOP('',(#1043,#1044,#1045));
#2498=EDGE_LOOP('',(#1046,#1047,#1048));
#2499=EDGE_LOOP('',(#1049,#1050,#1051,#1052,#1053));
#2500=EDGE_LOOP('',(#1054,#1055,#1056,#1057));
#2501=EDGE_LOOP('',(#1058,#1059,#1060,#1061,#1062));
#2502=EDGE_LOOP('',(#1063,#1064,#1065,#1066));
#2503=EDGE_LOOP('',(#1067,#1068,#1069,#1070,#1071,#1072));
#2504=EDGE_LOOP('',(#1073,#1074,#1075,#1076,#1077));
#2505=EDGE_LOOP('',(#1078,#1079,#1080));
#2506=EDGE_LOOP('',(#1081,#1082,#1083));
#2507=EDGE_LOOP('',(#1084,#1085,#1086,#1087,#1088));
#2508=EDGE_LOOP('',(#1089,#1090,#1091,#1092,#1093));
#2509=EDGE_LOOP('',(#1094,#1095,#1096,#1097,#1098,#1099,#1100,#1101,#1102,
#1103,#1104,#1105));
#2510=EDGE_LOOP('',(#1106,#1107,#1108,#1109,#1110,#1111,#1112,#1113,#1114,
#1115,#1116,#1117));
#2511=EDGE_LOOP('',(#1118,#1119,#1120));
#2512=EDGE_LOOP('',(#1121,#1122,#1123,#1124,#1125,#1126));
#2513=EDGE_LOOP('',(#1127,#1128,#1129,#1130,#1131));
#2514=EDGE_LOOP('',(#1132,#1133,#1134,#1135,#1136,#1137));
#2515=EDGE_LOOP('',(#1138,#1139,#1140,#1141));
#2516=EDGE_LOOP('',(#1142,#1143,#1144,#1145,#1146,#1147,#1148,#1149));
#2517=EDGE_LOOP('',(#1150,#1151,#1152,#1153,#1154,#1155));
#2518=EDGE_LOOP('',(#1156,#1157,#1158,#1159,#1160,#1161));
#2519=EDGE_LOOP('',(#1162,#1163,#1164,#1165,#1166,#1167));
#2520=EDGE_LOOP('',(#1168,#1169,#1170,#1171,#1172,#1173));
#2521=EDGE_LOOP('',(#1174,#1175,#1176,#1177));
#2522=EDGE_LOOP('',(#1178,#1179,#1180,#1181));
#2523=EDGE_LOOP('',(#1182,#1183,#1184,#1185,#1186));
#2524=EDGE_LOOP('',(#1187,#1188,#1189));
#2525=EDGE_LOOP('',(#1190,#1191,#1192));
#2526=EDGE_LOOP('',(#1193,#1194,#1195,#1196));
#2527=EDGE_LOOP('',(#1197,#1198,#1199,#1200));
#2528=EDGE_LOOP('',(#1201,#1202,#1203,#1204));
#2529=EDGE_LOOP('',(#1205,#1206,#1207));
#2530=EDGE_LOOP('',(#1208,#1209,#1210));
#2531=EDGE_LOOP('',(#1211,#1212,#1213,#1214,#1215,#1216));
#2532=EDGE_LOOP('',(#1217,#1218,#1219,#1220));
#2533=EDGE_LOOP('',(#1221,#1222,#1223,#1224));
#2534=EDGE_LOOP('',(#1225,#1226,#1227));
#2535=EDGE_LOOP('',(#1228,#1229,#1230));
#2536=EDGE_LOOP('',(#1231,#1232,#1233,#1234));
#2537=EDGE_LOOP('',(#1235,#1236,#1237,#1238));
#2538=EDGE_LOOP('',(#1239,#1240,#1241,#1242));
#2539=EDGE_LOOP('',(#1243,#1244,#1245,#1246,#1247));
#2540=EDGE_LOOP('',(#1248,#1249,#1250));
#2541=EDGE_LOOP('',(#1251,#1252,#1253,#1254,#1255,#1256,#1257,#1258,#1259,
#1260));
#2542=EDGE_LOOP('',(#1261,#1262,#1263,#1264,#1265,#1266));
#2543=EDGE_LOOP('',(#1267,#1268,#1269,#1270,#1271,#1272));
#2544=EDGE_LOOP('',(#1273,#1274,#1275,#1276,#1277,#1278,#1279,#1280));
#2545=EDGE_LOOP('',(#1281,#1282,#1283,#1284));
#2546=EDGE_LOOP('',(#1285,#1286,#1287,#1288));
#2547=EDGE_LOOP('',(#1289,#1290,#1291,#1292));
#2548=EDGE_LOOP('',(#1293,#1294,#1295,#1296,#1297,#1298,#1299));
#2549=EDGE_LOOP('',(#1300,#1301,#1302,#1303));
#2550=EDGE_LOOP('',(#1304,#1305,#1306,#1307,#1308));
#2551=EDGE_LOOP('',(#1309,#1310,#1311,#1312));
#2552=EDGE_LOOP('',(#1313,#1314,#1315,#1316,#1317));
#2553=EDGE_LOOP('',(#1318,#1319,#1320,#1321,#1322));
#2554=EDGE_LOOP('',(#1323,#1324,#1325,#1326,#1327));
#2555=EDGE_LOOP('',(#1328,#1329,#1330,#1331,#1332));
#2556=EDGE_LOOP('',(#1333,#1334,#1335,#1336));
#2557=EDGE_LOOP('',(#1337,#1338,#1339,#1340,#1341));
#2558=EDGE_LOOP('',(#1342,#1343,#1344,#1345));
#2559=EDGE_LOOP('',(#1346,#1347,#1348,#1349,#1350,#1351,#1352));
#2560=EDGE_LOOP('',(#1353,#1354,#1355,#1356));
#2561=EDGE_LOOP('',(#1357,#1358,#1359,#1360,#1361));
#2562=EDGE_LOOP('',(#1362,#1363,#1364,#1365));
#2563=EDGE_LOOP('',(#1366,#1367,#1368,#1369,#1370));
#2564=EDGE_LOOP('',(#1371,#1372,#1373,#1374));
#2565=EDGE_LOOP('',(#1375,#1376,#1377,#1378));
#2566=EDGE_LOOP('',(#1379,#1380,#1381,#1382,#1383,#1384,#1385,#1386,#1387,
#1388,#1389,#1390));
#2567=EDGE_LOOP('',(#1391,#1392,#1393,#1394));
#2568=EDGE_LOOP('',(#1395,#1396,#1397,#1398,#1399,#1400,#1401));
#2569=EDGE_LOOP('',(#1402,#1403,#1404,#1405));
#2570=EDGE_LOOP('',(#1406,#1407,#1408,#1409));
#2571=EDGE_LOOP('',(#1410,#1411,#1412,#1413));
#2572=EDGE_LOOP('',(#1414,#1415,#1416,#1417,#1418));
#2573=EDGE_LOOP('',(#1419,#1420,#1421,#1422,#1423,#1424));
#2574=EDGE_LOOP('',(#1425,#1426,#1427,#1428,#1429));
#2575=EDGE_LOOP('',(#1430,#1431,#1432,#1433,#1434,#1435));
#2576=EDGE_LOOP('',(#1436));
#2577=EDGE_LOOP('',(#1437,#1438,#1439,#1440,#1441,#1442,#1443));
#2578=EDGE_LOOP('',(#1444,#1445,#1446,#1447,#1448,#1449,#1450,#1451));
#2579=EDGE_LOOP('',(#1452,#1453,#1454,#1455,#1456,#1457));
#2580=EDGE_LOOP('',(#1458,#1459,#1460,#1461,#1462,#1463));
#2581=EDGE_LOOP('',(#1464,#1465,#1466));
#2582=EDGE_LOOP('',(#1467,#1468,#1469));
#2583=EDGE_LOOP('',(#1470,#1471,#1472,#1473,#1474,#1475));
#2584=EDGE_LOOP('',(#1476,#1477,#1478,#1479));
#2585=EDGE_LOOP('',(#1480,#1481,#1482,#1483));
#2586=EDGE_LOOP('',(#1484,#1485,#1486));
#2587=EDGE_LOOP('',(#1487,#1488,#1489));
#2588=EDGE_LOOP('',(#1490,#1491,#1492,#1493));
#2589=EDGE_LOOP('',(#1494,#1495,#1496,#1497,#1498));
#2590=EDGE_LOOP('',(#1499,#1500,#1501,#1502,#1503));
#2591=EDGE_LOOP('',(#1504,#1505,#1506));
#2592=EDGE_LOOP('',(#1507,#1508,#1509));
#2593=EDGE_LOOP('',(#1510,#1511,#1512,#1513));
#2594=EDGE_LOOP('',(#1514,#1515,#1516,#1517));
#2595=EDGE_LOOP('',(#1518,#1519,#1520,#1521));
#2596=EDGE_LOOP('',(#1522));
#2597=EDGE_LOOP('',(#1523));
#2598=EDGE_LOOP('',(#1524));
#2599=EDGE_LOOP('',(#1525,#1526,#1527,#1528));
#2600=EDGE_LOOP('',(#1529,#1530,#1531,#1532));
#2601=EDGE_LOOP('',(#1533,#1534,#1535,#1536,#1537,#1538,#1539,#1540));
#2602=EDGE_LOOP('',(#1541));
#2603=EDGE_LOOP('',(#1542,#1543,#1544,#1545,#1546,#1547,#1548,#1549));
#2604=EDGE_LOOP('',(#1550,#1551,#1552,#1553,#1554,#1555,#1556));
#2605=EDGE_LOOP('',(#1557,#1558,#1559,#1560,#1561,#1562,#1563));
#2606=EDGE_LOOP('',(#1564,#1565,#1566,#1567,#1568,#1569,#1570,#1571,#1572,
#1573,#1574));
#2607=EDGE_LOOP('',(#1575,#1576,#1577,#1578));
#2608=EDGE_LOOP('',(#1579,#1580,#1581));
#2609=EDGE_LOOP('',(#1582,#1583,#1584));
#2610=EDGE_LOOP('',(#1585,#1586,#1587,#1588,#1589));
#2611=EDGE_LOOP('',(#1590,#1591,#1592,#1593,#1594));
#2612=EDGE_LOOP('',(#1595,#1596,#1597,#1598,#1599));
#2613=EDGE_LOOP('',(#1600));
#2614=EDGE_LOOP('',(#1601));
#2615=EDGE_LOOP('',(#1602));
#2616=EDGE_LOOP('',(#1603));
#2617=EDGE_LOOP('',(#1604));
#2618=EDGE_LOOP('',(#1605));
#2619=EDGE_LOOP('',(#1606));
#2620=EDGE_LOOP('',(#1607));
#2621=EDGE_LOOP('',(#1608,#1609,#1610,#1611));
#2622=EDGE_LOOP('',(#1612,#1613,#1614,#1615));
#2623=EDGE_LOOP('',(#1616,#1617,#1618,#1619));
#2624=EDGE_LOOP('',(#1620,#1621,#1622,#1623));
#2625=EDGE_LOOP('',(#1624,#1625,#1626,#1627,#1628,#1629,#1630,#1631));
#2626=EDGE_LOOP('',(#1632));
#2627=EDGE_LOOP('',(#1633));
#2628=EDGE_LOOP('',(#1634));
#2629=EDGE_LOOP('',(#1635));
#2630=EDGE_LOOP('',(#1636,#1637,#1638,#1639));
#2631=EDGE_LOOP('',(#1640,#1641,#1642,#1643,#1644,#1645,#1646,#1647));
#2632=EDGE_LOOP('',(#1648));
#2633=EDGE_LOOP('',(#1649));
#2634=EDGE_LOOP('',(#1650));
#2635=EDGE_LOOP('',(#1651));
#2636=EDGE_LOOP('',(#1652,#1653,#1654,#1655));
#2637=EDGE_LOOP('',(#1656,#1657,#1658,#1659));
#2638=EDGE_LOOP('',(#1660,#1661,#1662,#1663));
#2639=EDGE_LOOP('',(#1664,#1665,#1666,#1667));
#2640=EDGE_LOOP('',(#1668,#1669,#1670,#1671,#1672,#1673,#1674));
#2641=EDGE_LOOP('',(#1675,#1676,#1677,#1678,#1679,#1680,#1681));
#2642=EDGE_LOOP('',(#1682,#1683,#1684,#1685));
#2643=EDGE_LOOP('',(#1686,#1687,#1688,#1689,#1690,#1691));
#2644=EDGE_LOOP('',(#1692,#1693,#1694,#1695));
#2645=EDGE_LOOP('',(#1696,#1697,#1698,#1699,#1700,#1701));
#2646=EDGE_LOOP('',(#1702,#1703,#1704,#1705));
#2647=FACE_BOUND('',#2457,.T.);
#2648=FACE_BOUND('',#2458,.T.);
#2649=FACE_BOUND('',#2459,.T.);
#2650=FACE_BOUND('',#2460,.T.);
#2651=FACE_BOUND('',#2461,.T.);
#2652=FACE_BOUND('',#2462,.T.);
#2653=FACE_BOUND('',#2463,.T.);
#2654=FACE_BOUND('',#2464,.T.);
#2655=FACE_BOUND('',#2465,.T.);
#2656=FACE_BOUND('',#2466,.T.);
#2657=FACE_BOUND('',#2467,.T.);
#2658=FACE_BOUND('',#2468,.T.);
#2659=FACE_BOUND('',#2469,.T.);
#2660=FACE_BOUND('',#2470,.T.);
#2661=FACE_BOUND('',#2471,.T.);
#2662=FACE_BOUND('',#2472,.T.);
#2663=FACE_BOUND('',#2473,.T.);
#2664=FACE_BOUND('',#2474,.T.);
#2665=FACE_BOUND('',#2475,.T.);
#2666=FACE_BOUND('',#2476,.T.);
#2667=FACE_BOUND('',#2477,.T.);
#2668=FACE_BOUND('',#2478,.T.);
#2669=FACE_BOUND('',#2479,.T.);
#2670=FACE_BOUND('',#2480,.T.);
#2671=FACE_BOUND('',#2481,.T.);
#2672=FACE_BOUND('',#2482,.T.);
#2673=FACE_BOUND('',#2483,.T.);
#2674=FACE_BOUND('',#2484,.T.);
#2675=FACE_BOUND('',#2485,.T.);
#2676=FACE_BOUND('',#2486,.T.);
#2677=FACE_BOUND('',#2487,.T.);
#2678=FACE_BOUND('',#2488,.T.);
#2679=FACE_BOUND('',#2489,.T.);
#2680=FACE_BOUND('',#2490,.T.);
#2681=FACE_BOUND('',#2491,.T.);
#2682=FACE_BOUND('',#2492,.T.);
#2683=FACE_BOUND('',#2493,.T.);
#2684=FACE_BOUND('',#2494,.T.);
#2685=FACE_BOUND('',#2495,.T.);
#2686=FACE_BOUND('',#2496,.T.);
#2687=FACE_BOUND('',#2497,.T.);
#2688=FACE_BOUND('',#2498,.T.);
#2689=FACE_BOUND('',#2499,.T.);
#2690=FACE_BOUND('',#2500,.T.);
#2691=FACE_BOUND('',#2501,.T.);
#2692=FACE_BOUND('',#2502,.T.);
#2693=FACE_BOUND('',#2503,.T.);
#2694=FACE_BOUND('',#2504,.T.);
#2695=FACE_BOUND('',#2505,.T.);
#2696=FACE_BOUND('',#2506,.T.);
#2697=FACE_BOUND('',#2507,.T.);
#2698=FACE_BOUND('',#2508,.T.);
#2699=FACE_BOUND('',#2509,.T.);
#2700=FACE_BOUND('',#2510,.T.);
#2701=FACE_BOUND('',#2511,.T.);
#2702=FACE_BOUND('',#2512,.T.);
#2703=FACE_BOUND('',#2513,.T.);
#2704=FACE_BOUND('',#2514,.T.);
#2705=FACE_BOUND('',#2515,.T.);
#2706=FACE_BOUND('',#2516,.T.);
#2707=FACE_BOUND('',#2517,.T.);
#2708=FACE_BOUND('',#2518,.T.);
#2709=FACE_BOUND('',#2519,.T.);
#2710=FACE_BOUND('',#2520,.T.);
#2711=FACE_BOUND('',#2521,.T.);
#2712=FACE_BOUND('',#2522,.T.);
#2713=FACE_BOUND('',#2523,.T.);
#2714=FACE_BOUND('',#2524,.T.);
#2715=FACE_BOUND('',#2525,.T.);
#2716=FACE_BOUND('',#2526,.T.);
#2717=FACE_BOUND('',#2527,.T.);
#2718=FACE_BOUND('',#2528,.T.);
#2719=FACE_BOUND('',#2529,.T.);
#2720=FACE_BOUND('',#2530,.T.);
#2721=FACE_BOUND('',#2531,.T.);
#2722=FACE_BOUND('',#2532,.T.);
#2723=FACE_BOUND('',#2533,.T.);
#2724=FACE_BOUND('',#2534,.T.);
#2725=FACE_BOUND('',#2535,.T.);
#2726=FACE_BOUND('',#2536,.T.);
#2727=FACE_BOUND('',#2537,.T.);
#2728=FACE_BOUND('',#2538,.T.);
#2729=FACE_BOUND('',#2539,.T.);
#2730=FACE_BOUND('',#2540,.T.);
#2731=FACE_BOUND('',#2541,.T.);
#2732=FACE_BOUND('',#2542,.T.);
#2733=FACE_BOUND('',#2543,.T.);
#2734=FACE_BOUND('',#2544,.T.);
#2735=FACE_BOUND('',#2545,.T.);
#2736=FACE_BOUND('',#2546,.T.);
#2737=FACE_BOUND('',#2547,.T.);
#2738=FACE_BOUND('',#2548,.T.);
#2739=FACE_BOUND('',#2549,.T.);
#2740=FACE_BOUND('',#2550,.T.);
#2741=FACE_BOUND('',#2551,.T.);
#2742=FACE_BOUND('',#2552,.T.);
#2743=FACE_BOUND('',#2553,.T.);
#2744=FACE_BOUND('',#2554,.T.);
#2745=FACE_BOUND('',#2555,.T.);
#2746=FACE_BOUND('',#2556,.T.);
#2747=FACE_BOUND('',#2557,.T.);
#2748=FACE_BOUND('',#2558,.T.);
#2749=FACE_BOUND('',#2559,.T.);
#2750=FACE_BOUND('',#2560,.T.);
#2751=FACE_BOUND('',#2561,.T.);
#2752=FACE_BOUND('',#2562,.T.);
#2753=FACE_BOUND('',#2563,.T.);
#2754=FACE_BOUND('',#2564,.T.);
#2755=FACE_BOUND('',#2565,.T.);
#2756=FACE_BOUND('',#2566,.T.);
#2757=FACE_BOUND('',#2567,.T.);
#2758=FACE_BOUND('',#2568,.T.);
#2759=FACE_BOUND('',#2569,.T.);
#2760=FACE_BOUND('',#2570,.T.);
#2761=FACE_BOUND('',#2571,.T.);
#2762=FACE_BOUND('',#2572,.T.);
#2763=FACE_BOUND('',#2573,.T.);
#2764=FACE_BOUND('',#2574,.T.);
#2765=FACE_BOUND('',#2575,.T.);
#2766=FACE_BOUND('',#2576,.T.);
#2767=FACE_BOUND('',#2577,.T.);
#2768=FACE_BOUND('',#2578,.T.);
#2769=FACE_BOUND('',#2579,.T.);
#2770=FACE_BOUND('',#2580,.T.);
#2771=FACE_BOUND('',#2581,.T.);
#2772=FACE_BOUND('',#2582,.T.);
#2773=FACE_BOUND('',#2583,.T.);
#2774=FACE_BOUND('',#2584,.T.);
#2775=FACE_BOUND('',#2585,.T.);
#2776=FACE_BOUND('',#2586,.T.);
#2777=FACE_BOUND('',#2587,.T.);
#2778=FACE_BOUND('',#2588,.T.);
#2779=FACE_BOUND('',#2589,.T.);
#2780=FACE_BOUND('',#2590,.T.);
#2781=FACE_BOUND('',#2591,.T.);
#2782=FACE_BOUND('',#2592,.T.);
#2783=FACE_BOUND('',#2593,.T.);
#2784=FACE_BOUND('',#2594,.T.);
#2785=FACE_BOUND('',#2595,.T.);
#2786=FACE_BOUND('',#2596,.T.);
#2787=FACE_BOUND('',#2597,.T.);
#2788=FACE_BOUND('',#2598,.T.);
#2789=FACE_BOUND('',#2599,.T.);
#2790=FACE_BOUND('',#2600,.T.);
#2791=FACE_BOUND('',#2601,.T.);
#2792=FACE_BOUND('',#2602,.T.);
#2793=FACE_BOUND('',#2603,.T.);
#2794=FACE_BOUND('',#2604,.T.);
#2795=FACE_BOUND('',#2605,.T.);
#2796=FACE_BOUND('',#2606,.T.);
#2797=FACE_BOUND('',#2607,.T.);
#2798=FACE_BOUND('',#2608,.T.);
#2799=FACE_BOUND('',#2609,.T.);
#2800=FACE_BOUND('',#2610,.T.);
#2801=FACE_BOUND('',#2611,.T.);
#2802=FACE_BOUND('',#2612,.T.);
#2803=FACE_BOUND('',#2613,.T.);
#2804=FACE_BOUND('',#2614,.T.);
#2805=FACE_BOUND('',#2615,.T.);
#2806=FACE_BOUND('',#2616,.T.);
#2807=FACE_BOUND('',#2617,.T.);
#2808=FACE_BOUND('',#2618,.T.);
#2809=FACE_BOUND('',#2619,.T.);
#2810=FACE_BOUND('',#2620,.T.);
#2811=FACE_BOUND('',#2621,.T.);
#2812=FACE_BOUND('',#2622,.T.);
#2813=FACE_BOUND('',#2623,.T.);
#2814=FACE_BOUND('',#2624,.T.);
#2815=FACE_BOUND('',#2625,.T.);
#2816=FACE_BOUND('',#2626,.T.);
#2817=FACE_BOUND('',#2627,.T.);
#2818=FACE_BOUND('',#2628,.T.);
#2819=FACE_BOUND('',#2629,.T.);
#2820=FACE_BOUND('',#2630,.T.);
#2821=FACE_BOUND('',#2631,.T.);
#2822=FACE_BOUND('',#2632,.T.);
#2823=FACE_BOUND('',#2633,.T.);
#2824=FACE_BOUND('',#2634,.T.);
#2825=FACE_BOUND('',#2635,.T.);
#2826=FACE_BOUND('',#2636,.T.);
#2827=FACE_BOUND('',#2637,.T.);
#2828=FACE_BOUND('',#2638,.T.);
#2829=FACE_BOUND('',#2639,.T.);
#2830=FACE_BOUND('',#2640,.T.);
#2831=FACE_BOUND('',#2641,.T.);
#2832=FACE_BOUND('',#2642,.T.);
#2833=FACE_BOUND('',#2643,.T.);
#2834=FACE_BOUND('',#2644,.T.);
#2835=FACE_BOUND('',#2645,.T.);
#2836=FACE_BOUND('',#2646,.T.);
#2837=CYLINDRICAL_SURFACE('',#3047,0.00144852813742386);
#2838=CYLINDRICAL_SURFACE('',#3054,0.004);
#2839=CYLINDRICAL_SURFACE('',#3062,0.001);
#2840=CYLINDRICAL_SURFACE('',#3067,0.001);
#2841=CYLINDRICAL_SURFACE('',#3072,0.001);
#2842=CYLINDRICAL_SURFACE('',#3088,0.001);
#2843=CYLINDRICAL_SURFACE('',#3093,0.001);
#2844=CYLINDRICAL_SURFACE('',#3098,0.001);
#2845=CYLINDRICAL_SURFACE('',#3135,0.0105);
#2846=CYLINDRICAL_SURFACE('',#3138,0.0105);
#2847=CYLINDRICAL_SURFACE('',#3147,0.002);
#2848=CYLINDRICAL_SURFACE('',#3152,0.002);
#2849=CYLINDRICAL_SURFACE('',#3157,0.002);
#2850=CYLINDRICAL_SURFACE('',#3167,0.007);
#2851=CYLINDRICAL_SURFACE('',#3169,0.007);
#2852=CYLINDRICAL_SURFACE('',#3171,0.003);
#2853=CYLINDRICAL_SURFACE('',#3177,0.003);
#2854=CYLINDRICAL_SURFACE('',#3182,0.003);
#2855=CYLINDRICAL_SURFACE('',#3184,0.003);
#2856=CYLINDRICAL_SURFACE('',#3185,0.003);
#2857=CYLINDRICAL_SURFACE('',#3215,0.008);
#2858=CYLINDRICAL_SURFACE('',#3217,0.008);
#2859=CYLINDRICAL_SURFACE('',#3219,0.008);
#2860=CYLINDRICAL_SURFACE('',#3222,0.002);
#2861=CYLINDRICAL_SURFACE('',#3227,0.002);
#2862=CYLINDRICAL_SURFACE('',#3234,0.002);
#2863=CYLINDRICAL_SURFACE('',#3237,0.000599999999999989);
#2864=CYLINDRICAL_SURFACE('',#3240,0.001);
#2865=CYLINDRICAL_SURFACE('',#3241,0.001);
#2866=CYLINDRICAL_SURFACE('',#3242,0.005);
#2867=CYLINDRICAL_SURFACE('',#3246,0.008);
#2868=CYLINDRICAL_SURFACE('',#3253,0.00225);
#2869=CYLINDRICAL_SURFACE('',#3256,0.00225);
#2870=CYLINDRICAL_SURFACE('',#3259,0.00225);
#2871=CYLINDRICAL_SURFACE('',#3262,0.00225);
#2872=CYLINDRICAL_SURFACE('',#3265,0.005);
#2873=CYLINDRICAL_SURFACE('',#3268,0.005);
#2874=CYLINDRICAL_SURFACE('',#3271,0.005);
#2875=CYLINDRICAL_SURFACE('',#3274,0.005);
#2876=ADVANCED_FACE('',(#2647),#2837,.T.);
#2877=ADVANCED_FACE('',(#2648),#97,.T.);
#2878=ADVANCED_FACE('',(#2649),#98,.F.);
#2879=ADVANCED_FACE('',(#2650),#99,.F.);
#2880=ADVANCED_FACE('',(#2651),#100,.T.);
#2881=ADVANCED_FACE('',(#2652),#2838,.T.);
#2882=ADVANCED_FACE('',(#2653),#101,.T.);
#2883=ADVANCED_FACE('',(#2654),#102,.F.);
#2884=ADVANCED_FACE('',(#2655),#103,.F.);
#2885=ADVANCED_FACE('',(#2656),#104,.T.);
#2886=ADVANCED_FACE('',(#2657),#2839,.F.);
#2887=ADVANCED_FACE('',(#2658),#105,.F.);
#2888=ADVANCED_FACE('',(#2659),#106,.F.);
#2889=ADVANCED_FACE('',(#2660),#2840,.F.);
#2890=ADVANCED_FACE('',(#2661),#107,.F.);
#2891=ADVANCED_FACE('',(#2662),#108,.F.);
#2892=ADVANCED_FACE('',(#2663),#2841,.F.);
#2893=ADVANCED_FACE('',(#2664),#109,.F.);
#2894=ADVANCED_FACE('',(#2665),#110,.F.);
#2895=ADVANCED_FACE('',(#2666),#111,.F.);
#2896=ADVANCED_FACE('',(#2667),#19,.T.);
#2897=ADVANCED_FACE('',(#2668),#112,.F.);
#2898=ADVANCED_FACE('',(#2669,#2670),#113,.F.);
#2899=ADVANCED_FACE('',(#2671),#114,.F.);
#2900=ADVANCED_FACE('',(#2672),#2842,.F.);
#2901=ADVANCED_FACE('',(#2673),#115,.F.);
#2902=ADVANCED_FACE('',(#2674),#116,.F.);
#2903=ADVANCED_FACE('',(#2675),#2843,.F.);
#2904=ADVANCED_FACE('',(#2676),#117,.F.);
#2905=ADVANCED_FACE('',(#2677),#118,.F.);
#2906=ADVANCED_FACE('',(#2678),#2844,.F.);
#2907=ADVANCED_FACE('',(#2679),#119,.F.);
#2908=ADVANCED_FACE('',(#2680),#120,.F.);
#2909=ADVANCED_FACE('',(#2681,#2682),#121,.F.);
#2910=ADVANCED_FACE('',(#2683,#2684),#122,.F.);
#2911=ADVANCED_FACE('',(#2685,#2686,#2687,#2688),#123,.F.);
#2912=ADVANCED_FACE('',(#2689),#124,.T.);
#2913=ADVANCED_FACE('',(#2690),#125,.T.);
#2914=ADVANCED_FACE('',(#2691),#126,.T.);
#2915=ADVANCED_FACE('',(#2692),#127,.T.);
#2916=ADVANCED_FACE('',(#2693),#128,.T.);
#2917=ADVANCED_FACE('',(#2694,#2695,#2696),#129,.F.);
#2918=ADVANCED_FACE('',(#2697),#130,.F.);
#2919=ADVANCED_FACE('',(#2698),#131,.F.);
#2920=ADVANCED_FACE('',(#2699),#132,.T.);
#2921=ADVANCED_FACE('',(#2700,#2701),#133,.F.);
#2922=ADVANCED_FACE('',(#2702),#134,.T.);
#2923=ADVANCED_FACE('',(#2703),#135,.T.);
#2924=ADVANCED_FACE('',(#2704),#136,.T.);
#2925=ADVANCED_FACE('',(#2705),#137,.F.);
#2926=ADVANCED_FACE('',(#2706),#20,.T.);
#2927=ADVANCED_FACE('',(#2707),#2845,.F.);
#2928=ADVANCED_FACE('',(#2708),#2846,.F.);
#2929=ADVANCED_FACE('',(#2709),#138,.F.);
#2930=ADVANCED_FACE('',(#2710),#139,.F.);
#2931=ADVANCED_FACE('',(#2711),#140,.F.);
#2932=ADVANCED_FACE('',(#2712),#141,.F.);
#2933=ADVANCED_FACE('',(#2713),#142,.F.);
#2934=ADVANCED_FACE('',(#2714,#2715),#143,.T.);
#2935=ADVANCED_FACE('',(#2716),#2847,.F.);
#2936=ADVANCED_FACE('',(#2717),#144,.F.);
#2937=ADVANCED_FACE('',(#2718),#145,.F.);
#2938=ADVANCED_FACE('',(#2719,#2720),#146,.T.);
#2939=ADVANCED_FACE('',(#2721),#2848,.F.);
#2940=ADVANCED_FACE('',(#2722),#147,.F.);
#2941=ADVANCED_FACE('',(#2723),#148,.F.);
#2942=ADVANCED_FACE('',(#2724,#2725),#149,.T.);
#2943=ADVANCED_FACE('',(#2726),#2849,.F.);
#2944=ADVANCED_FACE('',(#2727),#150,.F.);
#2945=ADVANCED_FACE('',(#2728),#151,.F.);
#2946=ADVANCED_FACE('',(#2729,#2730),#152,.F.);
#2947=ADVANCED_FACE('',(#2731),#153,.T.);
#2948=ADVANCED_FACE('',(#2732),#2850,.T.);
#2949=ADVANCED_FACE('',(#2733),#2851,.T.);
#2950=ADVANCED_FACE('',(#2734),#2852,.T.);
#2951=ADVANCED_FACE('',(#2735),#17,.T.);
#2952=ADVANCED_FACE('',(#2736),#2853,.T.);
#2953=ADVANCED_FACE('',(#2737),#18,.T.);
#2954=ADVANCED_FACE('',(#2738),#2854,.T.);
#2955=ADVANCED_FACE('',(#2739),#2855,.T.);
#2956=ADVANCED_FACE('',(#2740),#21,.F.);
#2957=ADVANCED_FACE('',(#2741),#2856,.T.);
#2958=ADVANCED_FACE('',(#2742),#22,.F.);
#2959=ADVANCED_FACE('',(#2743),#15,.F.);
#2960=ADVANCED_FACE('',(#2744),#23,.F.);
#2961=ADVANCED_FACE('',(#2745),#24,.F.);
#2962=ADVANCED_FACE('',(#2746),#154,.T.);
#2963=ADVANCED_FACE('',(#2747),#16,.F.);
#2964=ADVANCED_FACE('',(#2748),#155,.T.);
#2965=ADVANCED_FACE('',(#2749),#156,.T.);
#2966=ADVANCED_FACE('',(#2750),#157,.T.);
#2967=ADVANCED_FACE('',(#2751),#158,.F.);
#2968=ADVANCED_FACE('',(#2752),#159,.F.);
#2969=ADVANCED_FACE('',(#2753),#160,.F.);
#2970=ADVANCED_FACE('',(#2754),#161,.F.);
#2971=ADVANCED_FACE('',(#2755),#162,.F.);
#2972=ADVANCED_FACE('',(#2756),#25,.T.);
#2973=ADVANCED_FACE('',(#2757),#26,.T.);
#2974=ADVANCED_FACE('',(#2758),#163,.F.);
#2975=ADVANCED_FACE('',(#2759),#164,.T.);
#2976=ADVANCED_FACE('',(#2760),#165,.T.);
#2977=ADVANCED_FACE('',(#2761),#166,.F.);
#2978=ADVANCED_FACE('',(#2762),#167,.T.);
#2979=ADVANCED_FACE('',(#2763),#168,.T.);
#2980=ADVANCED_FACE('',(#2764),#169,.T.);
#2981=ADVANCED_FACE('',(#2765,#2766),#170,.F.);
#2982=ADVANCED_FACE('',(#2767),#171,.F.);
#2983=ADVANCED_FACE('',(#2768),#2857,.T.);
#2984=ADVANCED_FACE('',(#2769),#2858,.T.);
#2985=ADVANCED_FACE('',(#2770),#2859,.T.);
#2986=ADVANCED_FACE('',(#2771,#2772),#172,.T.);
#2987=ADVANCED_FACE('',(#2773),#2860,.F.);
#2988=ADVANCED_FACE('',(#2774),#173,.F.);
#2989=ADVANCED_FACE('',(#2775),#174,.F.);
#2990=ADVANCED_FACE('',(#2776,#2777),#175,.T.);
#2991=ADVANCED_FACE('',(#2778),#2861,.F.);
#2992=ADVANCED_FACE('',(#2779),#176,.F.);
#2993=ADVANCED_FACE('',(#2780),#177,.F.);
#2994=ADVANCED_FACE('',(#2781,#2782),#178,.T.);
#2995=ADVANCED_FACE('',(#2783),#2862,.F.);
#2996=ADVANCED_FACE('',(#2784),#179,.F.);
#2997=ADVANCED_FACE('',(#2785),#180,.F.);
#2998=ADVANCED_FACE('',(#2786,#2787),#2863,.F.);
#2999=ADVANCED_FACE('',(#2788),#181,.T.);
#3000=ADVANCED_FACE('',(#2789),#2864,.T.);
#3001=ADVANCED_FACE('',(#2790),#2865,.T.);
#3002=ADVANCED_FACE('',(#2791,#2792),#2866,.F.);
#3003=ADVANCED_FACE('',(#2793),#27,.T.);
#3004=ADVANCED_FACE('',(#2794),#28,.T.);
#3005=ADVANCED_FACE('',(#2795),#182,.F.);
#3006=ADVANCED_FACE('',(#2796),#2867,.T.);
#3007=ADVANCED_FACE('',(#2797),#183,.T.);
#3008=ADVANCED_FACE('',(#2798),#184,.T.);
#3009=ADVANCED_FACE('',(#2799),#185,.F.);
#3010=ADVANCED_FACE('',(#2800),#186,.F.);
#3011=ADVANCED_FACE('',(#2801),#187,.F.);
#3012=ADVANCED_FACE('',(#2802),#188,.T.);
#3013=ADVANCED_FACE('',(#2803,#2804),#2868,.F.);
#3014=ADVANCED_FACE('',(#2805,#2806),#2869,.F.);
#3015=ADVANCED_FACE('',(#2807,#2808),#2870,.F.);
#3016=ADVANCED_FACE('',(#2809,#2810),#2871,.F.);
#3017=ADVANCED_FACE('',(#2811),#2872,.T.);
#3018=ADVANCED_FACE('',(#2812),#2873,.T.);
#3019=ADVANCED_FACE('',(#2813),#2874,.T.);
#3020=ADVANCED_FACE('',(#2814),#2875,.T.);
#3021=ADVANCED_FACE('',(#2815,#2816,#2817,#2818,#2819,#2820),#189,.F.);
#3022=ADVANCED_FACE('',(#2821,#2822,#2823,#2824,#2825),#190,.T.);
#3023=ADVANCED_FACE('',(#2826),#191,.F.);
#3024=ADVANCED_FACE('',(#2827),#192,.T.);
#3025=ADVANCED_FACE('',(#2828),#193,.T.);
#3026=ADVANCED_FACE('',(#2829),#194,.F.);
#3027=ADVANCED_FACE('',(#2830),#195,.F.);
#3028=ADVANCED_FACE('',(#2831),#196,.F.);
#3029=ADVANCED_FACE('',(#2832),#197,.T.);
#3030=ADVANCED_FACE('',(#2833),#198,.F.);
#3031=ADVANCED_FACE('',(#2834),#199,.F.);
#3032=ADVANCED_FACE('',(#2835),#200,.T.);
#3033=ADVANCED_FACE('',(#2836),#201,.T.);
#3034=CLOSED_SHELL('',(#2876,#2877,#2878,#2879,#2880,#2881,#2882,#2883,
#2884,#2885,#2886,#2887,#2888,#2889,#2890,#2891,#2892,#2893,#2894,#2895,
#2896,#2897,#2898,#2899,#2900,#2901,#2902,#2903,#2904,#2905,#2906,#2907,
#2908,#2909,#2910,#2911,#2912,#2913,#2914,#2915,#2916,#2917,#2918,#2919,
#2920,#2921,#2922,#2923,#2924,#2925,#2926,#2927,#2928,#2929,#2930,#2931,
#2932,#2933,#2934,#2935,#2936,#2937,#2938,#2939,#2940,#2941,#2942,#2943,
#2944,#2945,#2946,#2947,#2948,#2949,#2950,#2951,#2952,#2953,#2954,#2955,
#2956,#2957,#2958,#2959,#2960,#2961,#2962,#2963,#2964,#2965,#2966,#2967,
#2968,#2969,#2970,#2971,#2972,#2973,#2974,#2975,#2976,#2977,#2978,#2979,
#2980,#2981,#2982,#2983,#2984,#2985,#2986,#2987,#2988,#2989,#2990,#2991,
#2992,#2993,#2994,#2995,#2996,#2997,#2998,#2999,#3000,#3001,#3002,#3003,
#3004,#3005,#3006,#3007,#3008,#3009,#3010,#3011,#3012,#3013,#3014,#3015,
#3016,#3017,#3018,#3019,#3020,#3021,#3022,#3023,#3024,#3025,#3026,#3027,
#3028,#3029,#3030,#3031,#3032,#3033));
#3035=STYLED_ITEM('',(#3036),#3043);
#3036=PRESENTATION_STYLE_ASSIGNMENT((#3037));
#3037=SURFACE_STYLE_USAGE(.BOTH.,#3038);
#3038=SURFACE_SIDE_STYLE('',(#3039));
#3039=SURFACE_STYLE_FILL_AREA(#3040);
#3040=FILL_AREA_STYLE('',(#3041));
#3041=FILL_AREA_STYLE_COLOUR('',#3042);
#3042=COLOUR_RGB('',0.917647058823529,0.917647058823529,0.917647058823529);
#3043=MANIFOLD_SOLID_BREP('Part 4',#3034);
#3044=SHAPE_DEFINITION_REPRESENTATION(#5290,#3045);
#3045=SHAPE_REPRESENTATION('Part 4',(#3046),#5285);
#3046=AXIS2_PLACEMENT_3D('',#4075,#3290,#3291);
#3047=AXIS2_PLACEMENT_3D('',#4076,#3292,#3293);
#3048=AXIS2_PLACEMENT_3D('',#4077,#3294,#3295);
#3049=AXIS2_PLACEMENT_3D('',#4091,#3298,#3299);
#3050=AXIS2_PLACEMENT_3D('',#4096,#3302,#3303);
#3051=AXIS2_PLACEMENT_3D('',#4105,#3308,#3309);
#3052=AXIS2_PLACEMENT_3D('',#4111,#3313,#3314);
#3053=AXIS2_PLACEMENT_3D('',#4122,#3321,#3322);
#3054=AXIS2_PLACEMENT_3D('',#4132,#3328,#3329);
#3055=AXIS2_PLACEMENT_3D('',#4138,#3330,#3331);
#3056=AXIS2_PLACEMENT_3D('',#4142,#3333,#3334);
#3057=AXIS2_PLACEMENT_3D('',#4143,#3335,#3336);
#3058=AXIS2_PLACEMENT_3D('',#4146,#3339,#3340);
#3059=AXIS2_PLACEMENT_3D('',#4154,#3345,#3346);
#3060=AXIS2_PLACEMENT_3D('',#4158,#3348,#3349);
#3061=AXIS2_PLACEMENT_3D('',#4159,#3350,#3351);
#3062=AXIS2_PLACEMENT_3D('',#4162,#3354,#3355);
#3063=AXIS2_PLACEMENT_3D('',#4163,#3356,#3357);
#3064=AXIS2_PLACEMENT_3D('',#4168,#3359,#3360);
#3065=AXIS2_PLACEMENT_3D('',#4171,#3362,#3363);
#3066=AXIS2_PLACEMENT_3D('',#4177,#3367,#3368);
#3067=AXIS2_PLACEMENT_3D('',#4180,#3371,#3372);
#3068=AXIS2_PLACEMENT_3D('',#4181,#3373,#3374);
#3069=AXIS2_PLACEMENT_3D('',#4186,#3376,#3377);
#3070=AXIS2_PLACEMENT_3D('',#4189,#3379,#3380);
#3071=AXIS2_PLACEMENT_3D('',#4195,#3384,#3385);
#3072=AXIS2_PLACEMENT_3D('',#4198,#3388,#3389);
#3073=AXIS2_PLACEMENT_3D('',#4199,#3390,#3391);
#3074=AXIS2_PLACEMENT_3D('',#4204,#3393,#3394);
#3075=AXIS2_PLACEMENT_3D('',#4207,#3396,#3397);
#3076=AXIS2_PLACEMENT_3D('',#4213,#3401,#3402);
#3077=AXIS2_PLACEMENT_3D('',#4216,#3405,#3406);
#3078=AXIS2_PLACEMENT_3D('',#4222,#3409,#3410);
#3079=AXIS2_PLACEMENT_3D('',#4248,#3414,#3415);
#3080=AXIS2_PLACEMENT_3D('',#4254,#3418,#3419);
#3081=AXIS2_PLACEMENT_3D('',#4271,#3425,#3426);
#3082=AXIS2_PLACEMENT_3D('',#4272,#3427,#3428);
#3083=AXIS2_PLACEMENT_3D('',#4280,#3432,#3433);
#3084=AXIS2_PLACEMENT_3D('',#4292,#3439,#3440);
#3085=AXIS2_PLACEMENT_3D('',#4304,#3446,#3447);
#3086=AXIS2_PLACEMENT_3D('',#4305,#3448,#3449);
#3087=AXIS2_PLACEMENT_3D('',#4306,#3450,#3451);
#3088=AXIS2_PLACEMENT_3D('',#4324,#3461,#3462);
#3089=AXIS2_PLACEMENT_3D('',#4325,#3463,#3464);
#3090=AXIS2_PLACEMENT_3D('',#4330,#3466,#3467);
#3091=AXIS2_PLACEMENT_3D('',#4333,#3469,#3470);
#3092=AXIS2_PLACEMENT_3D('',#4339,#3474,#3475);
#3093=AXIS2_PLACEMENT_3D('',#4342,#3478,#3479);
#3094=AXIS2_PLACEMENT_3D('',#4343,#3480,#3481);
#3095=AXIS2_PLACEMENT_3D('',#4348,#3483,#3484);
#3096=AXIS2_PLACEMENT_3D('',#4351,#3486,#3487);
#3097=AXIS2_PLACEMENT_3D('',#4357,#3491,#3492);
#3098=AXIS2_PLACEMENT_3D('',#4360,#3495,#3496);
#3099=AXIS2_PLACEMENT_3D('',#4361,#3497,#3498);
#3100=AXIS2_PLACEMENT_3D('',#4366,#3500,#3501);
#3101=AXIS2_PLACEMENT_3D('',#4369,#3503,#3504);
#3102=AXIS2_PLACEMENT_3D('',#4375,#3508,#3509);
#3103=AXIS2_PLACEMENT_3D('',#4378,#3512,#3513);
#3104=AXIS2_PLACEMENT_3D('',#4395,#3522,#3523);
#3105=AXIS2_PLACEMENT_3D('',#4397,#3524,#3525);
#3106=AXIS2_PLACEMENT_3D('',#4416,#3529,#3530);
#3107=AXIS2_PLACEMENT_3D('',#4440,#3543,#3544);
#3108=AXIS2_PLACEMENT_3D('',#4448,#3549,#3550);
#3109=AXIS2_PLACEMENT_3D('',#4452,#3552,#3553);
#3110=AXIS2_PLACEMENT_3D('',#4454,#3555,#3556);
#3111=AXIS2_PLACEMENT_3D('',#4462,#3561,#3562);
#3112=AXIS2_PLACEMENT_3D('',#4468,#3566,#3567);
#3113=AXIS2_PLACEMENT_3D('',#4475,#3572,#3573);
#3114=AXIS2_PLACEMENT_3D('',#4476,#3574,#3575);
#3115=AXIS2_PLACEMENT_3D('',#4483,#3579,#3580);
#3116=AXIS2_PLACEMENT_3D('',#4487,#3582,#3583);
#3117=AXIS2_PLACEMENT_3D('',#4494,#3587,#3588);
#3118=AXIS2_PLACEMENT_3D('',#4497,#3590,#3591);
#3119=AXIS2_PLACEMENT_3D('',#4502,#3594,#3595);
#3120=AXIS2_PLACEMENT_3D('',#4507,#3599,#3600);
#3121=AXIS2_PLACEMENT_3D('',#4511,#3602,#3603);
#3122=AXIS2_PLACEMENT_3D('',#4514,#3605,#3606);
#3123=AXIS2_PLACEMENT_3D('',#4523,#3608,#3609);
#3124=AXIS2_PLACEMENT_3D('',#4528,#3612,#3613);
#3125=AXIS2_PLACEMENT_3D('',#4534,#3616,#3617);
#3126=AXIS2_PLACEMENT_3D('',#4538,#3619,#3620);
#3127=AXIS2_PLACEMENT_3D('',#4544,#3623,#3624);
#3128=AXIS2_PLACEMENT_3D('',#4545,#3625,#3626);
#3129=AXIS2_PLACEMENT_3D('',#4546,#3627,#3628);
#3130=AXIS2_PLACEMENT_3D('',#4550,#3630,#3631);
#3131=AXIS2_PLACEMENT_3D('',#4553,#3633,#3634);
#3132=AXIS2_PLACEMENT_3D('',#4570,#3636,#3637);
#3133=AXIS2_PLACEMENT_3D('',#4571,#3638,#3639);
#3134=AXIS2_PLACEMENT_3D('',#4577,#3643,#3644);
#3135=AXIS2_PLACEMENT_3D('',#4611,#3647,#3648);
#3136=AXIS2_PLACEMENT_3D('',#4612,#3649,#3650);
#3137=AXIS2_PLACEMENT_3D('',#4614,#3651,#3652);
#3138=AXIS2_PLACEMENT_3D('',#4617,#3654,#3655);
#3139=AXIS2_PLACEMENT_3D('',#4619,#3657,#3658);
#3140=AXIS2_PLACEMENT_3D('',#4620,#3659,#3660);
#3141=AXIS2_PLACEMENT_3D('',#4623,#3663,#3664);
#3142=AXIS2_PLACEMENT_3D('',#4627,#3667,#3668);
#3143=AXIS2_PLACEMENT_3D('',#4628,#3669,#3670);
#3144=AXIS2_PLACEMENT_3D('',#4630,#3672,#3673);
#3145=AXIS2_PLACEMENT_3D('',#4632,#3675,#3676);
#3146=AXIS2_PLACEMENT_3D('',#4633,#3677,#3678);
#3147=AXIS2_PLACEMENT_3D('',#4639,#3681,#3682);
#3148=AXIS2_PLACEMENT_3D('',#4642,#3685,#3686);
#3149=AXIS2_PLACEMENT_3D('',#4644,#3688,#3689);
#3150=AXIS2_PLACEMENT_3D('',#4645,#3690,#3691);
#3151=AXIS2_PLACEMENT_3D('',#4646,#3692,#3693);
#3152=AXIS2_PLACEMENT_3D('',#4652,#3696,#3697);
#3153=AXIS2_PLACEMENT_3D('',#4659,#3700,#3701);
#3154=AXIS2_PLACEMENT_3D('',#4661,#3703,#3704);
#3155=AXIS2_PLACEMENT_3D('',#4662,#3705,#3706);
#3156=AXIS2_PLACEMENT_3D('',#4663,#3707,#3708);
#3157=AXIS2_PLACEMENT_3D('',#4669,#3711,#3712);
#3158=AXIS2_PLACEMENT_3D('',#4674,#3715,#3716);
#3159=AXIS2_PLACEMENT_3D('',#4675,#3717,#3718);
#3160=AXIS2_PLACEMENT_3D('',#4679,#3721,#3722);
#3161=AXIS2_PLACEMENT_3D('',#4681,#3724,#3725);
#3162=AXIS2_PLACEMENT_3D('',#4682,#3726,#3727);
#3163=AXIS2_PLACEMENT_3D('',#4687,#3730,#3731);
#3164=AXIS2_PLACEMENT_3D('',#4688,#3732,#3733);
#3165=AXIS2_PLACEMENT_3D('',#4694,#3736,#3737);
#3166=AXIS2_PLACEMENT_3D('',#4698,#3739,#3740);
#3167=AXIS2_PLACEMENT_3D('',#4703,#3743,#3744);
#3168=AXIS2_PLACEMENT_3D('',#4704,#3745,#3746);
#3169=AXIS2_PLACEMENT_3D('',#4727,#3747,#3748);
#3170=AXIS2_PLACEMENT_3D('',#4741,#3750,#3751);
#3171=AXIS2_PLACEMENT_3D('',#4747,#3752,#3753);
#3172=AXIS2_PLACEMENT_3D('',#4748,#3754,#3755);
#3173=AXIS2_PLACEMENT_3D('',#4752,#3757,#3758);
#3174=AXIS2_PLACEMENT_3D('',#4758,#3759,#3760);
#3175=AXIS2_PLACEMENT_3D('',#4759,#3761,#3762);
#3176=AXIS2_PLACEMENT_3D('',#4761,#3763,#3764);
#3177=AXIS2_PLACEMENT_3D('',#4762,#3765,#3766);
#3178=AXIS2_PLACEMENT_3D('',#4765,#3768,#3769);
#3179=AXIS2_PLACEMENT_3D('',#4766,#3770,#3771);
#3180=AXIS2_PLACEMENT_3D('',#4767,#3772,#3773);
#3181=AXIS2_PLACEMENT_3D('',#4769,#3774,#3775);
#3182=AXIS2_PLACEMENT_3D('',#4770,#3776,#3777);
#3183=AXIS2_PLACEMENT_3D('',#4773,#3779,#3780);
#3184=AXIS2_PLACEMENT_3D('',#4779,#3781,#3782);
#3185=AXIS2_PLACEMENT_3D('',#4813,#3783,#3784);
#3186=AXIS2_PLACEMENT_3D('',#4853,#3786,#3787);
#3187=AXIS2_PLACEMENT_3D('',#4888,#3789,#3790);
#3188=AXIS2_PLACEMENT_3D('',#4909,#3791,#3792);
#3189=AXIS2_PLACEMENT_3D('',#4910,#3793,#3794);
#3190=AXIS2_PLACEMENT_3D('',#4911,#3795,#3796);
#3191=AXIS2_PLACEMENT_3D('',#4918,#3797,#3798);
#3192=AXIS2_PLACEMENT_3D('',#4920,#3800,#3801);
#3193=AXIS2_PLACEMENT_3D('',#4922,#3803,#3804);
#3194=AXIS2_PLACEMENT_3D('',#4924,#3806,#3807);
#3195=AXIS2_PLACEMENT_3D('',#4925,#3808,#3809);
#3196=AXIS2_PLACEMENT_3D('',#4926,#3810,#3811);
#3197=AXIS2_PLACEMENT_3D('',#4927,#3812,#3813);
#3198=AXIS2_PLACEMENT_3D('',#4928,#3814,#3815);
#3199=AXIS2_PLACEMENT_3D('',#4954,#3817,#3818);
#3200=AXIS2_PLACEMENT_3D('',#4969,#3821,#3822);
#3201=AXIS2_PLACEMENT_3D('',#4987,#3823,#3824);
#3202=AXIS2_PLACEMENT_3D('',#4988,#3825,#3826);
#3203=AXIS2_PLACEMENT_3D('',#4989,#3827,#3828);
#3204=AXIS2_PLACEMENT_3D('',#4992,#3830,#3831);
#3205=AXIS2_PLACEMENT_3D('',#4996,#3834,#3835);
#3206=AXIS2_PLACEMENT_3D('',#5000,#3838,#3839);
#3207=AXIS2_PLACEMENT_3D('',#5006,#3843,#3844);
#3208=AXIS2_PLACEMENT_3D('',#5012,#3848,#3849);
#3209=AXIS2_PLACEMENT_3D('',#5013,#3850,#3851);
#3210=AXIS2_PLACEMENT_3D('',#5018,#3854,#3855);
#3211=AXIS2_PLACEMENT_3D('',#5019,#3856,#3857);
#3212=AXIS2_PLACEMENT_3D('',#5022,#3860,#3861);
#3213=AXIS2_PLACEMENT_3D('',#5023,#3862,#3863);
#3214=AXIS2_PLACEMENT_3D('',#5025,#3864,#3865);
#3215=AXIS2_PLACEMENT_3D('',#5032,#3870,#3871);
#3216=AXIS2_PLACEMENT_3D('',#5042,#3873,#3874);
#3217=AXIS2_PLACEMENT_3D('',#5043,#3875,#3876);
#3218=AXIS2_PLACEMENT_3D('',#5044,#3877,#3878);
#3219=AXIS2_PLACEMENT_3D('',#5045,#3879,#3880);
#3220=AXIS2_PLACEMENT_3D('',#5046,#3881,#3882);
#3221=AXIS2_PLACEMENT_3D('',#5047,#3883,#3884);
#3222=AXIS2_PLACEMENT_3D('',#5053,#3887,#3888);
#3223=AXIS2_PLACEMENT_3D('',#5056,#3891,#3892);
#3224=AXIS2_PLACEMENT_3D('',#5058,#3894,#3895);
#3225=AXIS2_PLACEMENT_3D('',#5059,#3896,#3897);
#3226=AXIS2_PLACEMENT_3D('',#5060,#3898,#3899);
#3227=AXIS2_PLACEMENT_3D('',#5066,#3902,#3903);
#3228=AXIS2_PLACEMENT_3D('',#5082,#3906,#3907);
#3229=AXIS2_PLACEMENT_3D('',#5083,#3908,#3909);
#3230=AXIS2_PLACEMENT_3D('',#5085,#3911,#3912);
#3231=AXIS2_PLACEMENT_3D('',#5086,#3913,#3914);
#3232=AXIS2_PLACEMENT_3D('',#5087,#3915,#3916);
#3233=AXIS2_PLACEMENT_3D('',#5088,#3917,#3918);
#3234=AXIS2_PLACEMENT_3D('',#5094,#3921,#3922);
#3235=AXIS2_PLACEMENT_3D('',#5097,#3925,#3926);
#3236=AXIS2_PLACEMENT_3D('',#5099,#3928,#3929);
#3237=AXIS2_PLACEMENT_3D('',#5100,#3930,#3931);
#3238=AXIS2_PLACEMENT_3D('',#5101,#3932,#3933);
#3239=AXIS2_PLACEMENT_3D('',#5103,#3934,#3935);
#3240=AXIS2_PLACEMENT_3D('',#5104,#3936,#3937);
#3241=AXIS2_PLACEMENT_3D('',#5105,#3938,#3939);
#3242=AXIS2_PLACEMENT_3D('',#5106,#3940,#3941);
#3243=AXIS2_PLACEMENT_3D('',#5107,#3942,#3943);
#3244=AXIS2_PLACEMENT_3D('',#5128,#3944,#3945);
#3245=AXIS2_PLACEMENT_3D('',#5171,#3949,#3950);
#3246=AXIS2_PLACEMENT_3D('',#5174,#3953,#3954);
#3247=AXIS2_PLACEMENT_3D('',#5175,#3955,#3956);
#3248=AXIS2_PLACEMENT_3D('',#5176,#3957,#3958);
#3249=AXIS2_PLACEMENT_3D('',#5178,#3960,#3961);
#3250=AXIS2_PLACEMENT_3D('',#5179,#3962,#3963);
#3251=AXIS2_PLACEMENT_3D('',#5181,#3965,#3966);
#3252=AXIS2_PLACEMENT_3D('',#5184,#3969,#3970);
#3253=AXIS2_PLACEMENT_3D('',#5185,#3971,#3972);
#3254=AXIS2_PLACEMENT_3D('',#5186,#3973,#3974);
#3255=AXIS2_PLACEMENT_3D('',#5188,#3975,#3976);
#3256=AXIS2_PLACEMENT_3D('',#5190,#3977,#3978);
#3257=AXIS2_PLACEMENT_3D('',#5191,#3979,#3980);
#3258=AXIS2_PLACEMENT_3D('',#5193,#3981,#3982);
#3259=AXIS2_PLACEMENT_3D('',#5195,#3983,#3984);
#3260=AXIS2_PLACEMENT_3D('',#5196,#3985,#3986);
#3261=AXIS2_PLACEMENT_3D('',#5198,#3987,#3988);
#3262=AXIS2_PLACEMENT_3D('',#5200,#3989,#3990);
#3263=AXIS2_PLACEMENT_3D('',#5201,#3991,#3992);
#3264=AXIS2_PLACEMENT_3D('',#5203,#3993,#3994);
#3265=AXIS2_PLACEMENT_3D('',#5205,#3995,#3996);
#3266=AXIS2_PLACEMENT_3D('',#5206,#3997,#3998);
#3267=AXIS2_PLACEMENT_3D('',#5211,#4000,#4001);
#3268=AXIS2_PLACEMENT_3D('',#5214,#4003,#4004);
#3269=AXIS2_PLACEMENT_3D('',#5215,#4005,#4006);
#3270=AXIS2_PLACEMENT_3D('',#5220,#4008,#4009);
#3271=AXIS2_PLACEMENT_3D('',#5223,#4011,#4012);
#3272=AXIS2_PLACEMENT_3D('',#5224,#4013,#4014);
#3273=AXIS2_PLACEMENT_3D('',#5229,#4016,#4017);
#3274=AXIS2_PLACEMENT_3D('',#5232,#4019,#4020);
#3275=AXIS2_PLACEMENT_3D('',#5233,#4021,#4022);
#3276=AXIS2_PLACEMENT_3D('',#5238,#4024,#4025);
#3277=AXIS2_PLACEMENT_3D('',#5241,#4027,#4028);
#3278=AXIS2_PLACEMENT_3D('',#5246,#4033,#4034);
#3279=AXIS2_PLACEMENT_3D('',#5251,#4039,#4040);
#3280=AXIS2_PLACEMENT_3D('',#5252,#4041,#4042);
#3281=AXIS2_PLACEMENT_3D('',#5253,#4043,#4044);
#3282=AXIS2_PLACEMENT_3D('',#5254,#4045,#4046);
#3283=AXIS2_PLACEMENT_3D('',#5255,#4047,#4048);
#3284=AXIS2_PLACEMENT_3D('',#5261,#4052,#4053);
#3285=AXIS2_PLACEMENT_3D('',#5267,#4057,#4058);
#3286=AXIS2_PLACEMENT_3D('',#5273,#4062,#4063);
#3287=AXIS2_PLACEMENT_3D('',#5277,#4066,#4067);
#3288=AXIS2_PLACEMENT_3D('',#5281,#4070,#4071);
#3289=AXIS2_PLACEMENT_3D('',#5283,#4073,#4074);
#3290=DIRECTION('',(0.,0.,1.));
#3291=DIRECTION('',(1.,0.,0.));
#3292=DIRECTION('',(-1.,0.,3.96508223080413E-16));
#3293=DIRECTION('',(3.96508223080413E-16,0.,1.));
#3294=DIRECTION('',(-0.567152647695021,-0.823612696728582,0.));
#3295=DIRECTION('',(-0.823612696728582,0.567152647695021,4.81425583475531E-16));
#3296=DIRECTION('',(-1.,0.,3.96508223080413E-16));
#3297=DIRECTION('',(-1.,0.,3.96508223080413E-16));
#3298=DIRECTION('',(-0.707106781186547,0.,0.707106781186548));
#3299=DIRECTION('',(-0.707106781186548,0.,-0.707106781186547));
#3300=DIRECTION('',(-1.,0.,3.96508223080413E-16));
#3301=DIRECTION('',(-1.,0.,3.96508223080413E-16));
#3302=DIRECTION('',(-3.96508223080413E-16,0.,-1.));
#3303=DIRECTION('',(1.,0.,-3.96508223080413E-16));
#3304=DIRECTION('',(1.,0.,-3.96508223080413E-16));
#3305=DIRECTION('',(0.,1.,0.));
#3306=DIRECTION('',(1.,0.,-3.96508223080413E-16));
#3307=DIRECTION('',(0.,1.,0.));
#3308=DIRECTION('',(-1.,0.,3.96508223080413E-16));
#3309=DIRECTION('',(3.96508223080413E-16,0.,1.));
#3310=DIRECTION('',(3.96508223080413E-16,0.,1.));
#3311=DIRECTION('',(3.96508223080413E-16,0.,1.));
#3312=DIRECTION('',(0.,1.,0.));
#3313=DIRECTION('',(0.,1.,0.));
#3314=DIRECTION('',(0.,0.,-1.));
#3315=DIRECTION('',(0.,0.,1.));
#3316=DIRECTION('',(-1.,0.,3.96508223080413E-16));
#3317=DIRECTION('',(-0.707106781186548,1.0179293380789E-16,-0.707106781186547));
#3318=DIRECTION('',(0.718988376049112,-1.00053259538394E-16,0.695022096847475));
#3319=DIRECTION('',(3.96508223080413E-16,0.,1.));
#3320=DIRECTION('',(-0.707106781186548,0.,-0.707106781186547));
#3321=DIRECTION('',(0.,1.,0.));
#3322=DIRECTION('',(0.,0.,-1.));
#3323=DIRECTION('',(3.96508223080413E-16,0.,1.));
#3324=DIRECTION('',(-0.718988376049112,0.,-0.695022096847475));
#3325=DIRECTION('',(0.707106781186548,0.,0.707106781186547));
#3326=DIRECTION('',(3.96508223080413E-16,0.,1.));
#3327=DIRECTION('',(0.707106781186548,0.,0.707106781186547));
#3328=DIRECTION('',(1.,0.,-3.96508223080413E-16));
#3329=DIRECTION('',(-3.96508223080413E-16,0.,-1.));
#3330=DIRECTION('',(-0.567152647695021,-0.823612696728582,0.));
#3331=DIRECTION('',(0.823612696728582,-0.567152647695021,-4.81425583475531E-16));
#3332=DIRECTION('',(-1.,0.,3.96508223080413E-16));
#3333=DIRECTION('',(-0.707106781186547,0.,0.707106781186548));
#3334=DIRECTION('',(0.707106781186548,0.,0.707106781186547));
#3335=DIRECTION('',(-0.695022096847475,0.,0.718988376049112));
#3336=DIRECTION('',(0.,-1.,0.));
#3337=DIRECTION('',(0.,-1.,0.));
#3338=DIRECTION('',(0.,-1.,0.));
#3339=DIRECTION('',(0.707106781186547,0.,-0.707106781186548));
#3340=DIRECTION('',(0.,1.,0.));
#3341=DIRECTION('',(0.,1.,0.));
#3342=DIRECTION('',(0.,1.,0.));
#3343=DIRECTION('',(1.43956947544865E-16,1.,1.43956947544865E-16));
#3344=DIRECTION('',(0.,1.,0.));
#3345=DIRECTION('',(-1.,0.,3.96508223080413E-16));
#3346=DIRECTION('',(0.,1.,0.));
#3347=DIRECTION('',(5.70801134710946E-32,1.,1.43956947544865E-16));
#3348=DIRECTION('',(1.,0.,-3.96508223080413E-16));
#3349=DIRECTION('',(3.96508223080413E-16,0.,1.));
#3350=DIRECTION('',(3.96508223080413E-16,-1.43956947544865E-16,1.));
#3351=DIRECTION('',(1.,0.,-3.96508223080413E-16));
#3352=DIRECTION('',(1.,0.,0.));
#3353=DIRECTION('',(1.,0.,0.));
#3354=DIRECTION('',(0.,1.,0.));
#3355=DIRECTION('',(-1.,0.,-4.25719507862852E-15));
#3356=DIRECTION('',(-1.35525271560688E-16,1.,0.));
#3357=DIRECTION('',(-1.,-1.35525271560688E-16,0.));
#3358=DIRECTION('',(0.,1.,0.));
#3359=DIRECTION('',(0.,-1.,0.));
#3360=DIRECTION('',(0.,0.,-1.));
#3361=DIRECTION('',(0.,1.,0.));
#3362=DIRECTION('',(0.699663340513367,0.,0.714472679632802));
#3363=DIRECTION('',(0.714472679632802,0.,-0.699663340513367));
#3364=DIRECTION('',(-0.7144726796328,0.,0.699663340513369));
#3365=DIRECTION('',(-0.7144726796328,0.,0.699663340513369));
#3366=DIRECTION('',(0.,1.,0.));
#3367=DIRECTION('',(0.699663340513368,0.,-0.714472679632801));
#3368=DIRECTION('',(-0.714472679632801,0.,-0.699663340513368));
#3369=DIRECTION('',(0.714472679632802,0.,0.699663340513367));
#3370=DIRECTION('',(0.714472679632802,0.,0.699663340513367));
#3371=DIRECTION('',(-1.17608371252665E-16,-1.,0.));
#3372=DIRECTION('',(-1.,1.17608371252665E-16,0.));
#3373=DIRECTION('',(-1.35525271560688E-16,1.,0.));
#3374=DIRECTION('',(-1.,-1.35525271560688E-16,0.));
#3375=DIRECTION('',(1.17608371252665E-16,1.,0.));
#3376=DIRECTION('',(1.35525271560688E-16,-1.,0.));
#3377=DIRECTION('',(-1.,-1.35525271560688E-16,0.));
#3378=DIRECTION('',(1.17608371252665E-16,1.,0.));
#3379=DIRECTION('',(0.699663340513364,-8.22862659029754E-17,0.714472679632805));
#3380=DIRECTION('',(0.714472679632805,0.,-0.699663340513364));
#3381=DIRECTION('',(-0.714472679632805,-9.68291039299283E-17,0.699663340513364));
#3382=DIRECTION('',(-0.714472679632805,-9.68291039299283E-17,0.699663340513364));
#3383=DIRECTION('',(1.17608371252665E-16,1.,-3.23343021029807E-32));
#3384=DIRECTION('',(0.699663340513362,-8.22862659029752E-17,-0.714472679632807));
#3385=DIRECTION('',(-0.714472679632807,0.,-0.699663340513362));
#3386=DIRECTION('',(0.714472679632807,9.68291039299286E-17,0.699663340513362));
#3387=DIRECTION('',(0.714472679632807,9.68291039299286E-17,0.699663340513362));
#3388=DIRECTION('',(0.,1.,0.));
#3389=DIRECTION('',(-1.,0.,1.96005385927235E-15));
#3390=DIRECTION('',(-1.35525271560688E-16,1.,0.));
#3391=DIRECTION('',(-1.,-1.35525271560688E-16,0.));
#3392=DIRECTION('',(0.,1.,0.));
#3393=DIRECTION('',(0.,-1.,0.));
#3394=DIRECTION('',(0.,0.,-1.));
#3395=DIRECTION('',(0.,1.,0.));
#3396=DIRECTION('',(0.699663340513365,0.,0.714472679632804));
#3397=DIRECTION('',(0.714472679632804,0.,-0.699663340513365));
#3398=DIRECTION('',(-0.714472679632805,0.,0.699663340513364));
#3399=DIRECTION('',(-0.714472679632805,0.,0.699663340513364));
#3400=DIRECTION('',(0.,1.,0.));
#3401=DIRECTION('',(0.699663340513364,0.,-0.714472679632805));
#3402=DIRECTION('',(-0.714472679632805,0.,-0.699663340513364));
#3403=DIRECTION('',(0.714472679632805,0.,0.699663340513364));
#3404=DIRECTION('',(0.714472679632804,0.,0.699663340513365));
#3405=DIRECTION('',(1.,8.55284707229503E-48,-3.96508223080413E-16));
#3406=DIRECTION('',(-3.96508223080413E-16,0.,-1.));
#3407=DIRECTION('',(8.55284707229503E-48,-1.,-1.58989267520396E-62));
#3408=DIRECTION('',(0.,0.,-1.));
#3409=DIRECTION('',(-1.,-8.55284707229503E-48,3.96508223080413E-16));
#3410=DIRECTION('',(-3.96508223080413E-16,0.,-1.));
#3411=DIRECTION('',(0.,0.,-1.));
#3412=DIRECTION('',(0.,-1.,0.));
#3413=DIRECTION('',(0.,-1.,0.));
#3414=DIRECTION('',(0.,0.,-1.));
#3415=DIRECTION('',(-1.,0.,0.));
#3416=DIRECTION('',(0.,1.,0.));
#3417=DIRECTION('',(1.,0.,0.));
#3418=DIRECTION('',(-2.54941585543204E-10,3.43049585197167E-10,1.));
#3419=DIRECTION('',(-0.677000332744037,0.735982710030924,-4.25074100848866E-10));
#3420=DIRECTION('',(3.14556376515342E-16,1.,0.));
#3421=DIRECTION('',(1.,0.,0.));
#3422=DIRECTION('',(0.851814679082069,0.523843251841915,0.));
#3423=DIRECTION('',(0.,-1.,0.));
#3424=DIRECTION('',(-1.,0.,0.));
#3425=DIRECTION('',(0.,0.,1.));
#3426=DIRECTION('',(0.,1.,0.));
#3427=DIRECTION('',(-5.33761069531325E-17,1.,0.));
#3428=DIRECTION('',(0.,0.,-1.));
#3429=DIRECTION('',(0.,0.,1.));
#3430=DIRECTION('',(-1.,-1.66240495614626E-16,0.));
#3431=DIRECTION('',(0.,0.,-1.));
#3432=DIRECTION('',(-3.20256641718795E-16,-1.,0.));
#3433=DIRECTION('',(1.,-3.20256641718795E-16,0.));
#3434=DIRECTION('',(1.,0.,0.));
#3435=DIRECTION('',(0.743144825477392,0.,0.669130606358861));
#3436=DIRECTION('',(1.,0.,0.));
#3437=DIRECTION('',(0.342020143325666,0.,-0.939692620785909));
#3438=DIRECTION('',(-1.,-5.48922911185365E-16,-5.48922911185365E-16));
#3439=DIRECTION('',(5.33761069531325E-17,-1.,0.));
#3440=DIRECTION('',(-0.362627515376336,-1.9355645044876E-17,0.931934163496534));
#3441=DIRECTION('',(0.,0.,1.));
#3442=DIRECTION('',(0.714472679632807,0.,-0.699663340513362));
#3443=DIRECTION('',(-0.714472679632806,0.,-0.699663340513363));
#3444=DIRECTION('',(0.714472679632804,3.81357701631717E-17,-0.699663340513365));
#3445=DIRECTION('',(-0.714472679632804,-3.81357701631717E-17,-0.699663340513365));
#3446=DIRECTION('',(-5.33761069531325E-17,1.,0.));
#3447=DIRECTION('',(1.,5.33761069531325E-17,0.));
#3448=DIRECTION('',(-0.939692620785909,0.,-0.342020143325666));
#3449=DIRECTION('',(-0.342020143325666,0.,0.939692620785909));
#3450=DIRECTION('',(0.939692620785909,0.,0.342020143325666));
#3451=DIRECTION('',(-0.342020143325666,0.,0.939692620785909));
#3452=DIRECTION('',(0.331668125174636,-0.24416888505968,-0.911250684670171));
#3453=DIRECTION('',(0.,1.,0.));
#3454=DIRECTION('',(0.342020143325666,-2.07273712310313E-16,-0.939692620785909));
#3455=DIRECTION('',(0.,-1.,0.));
#3456=DIRECTION('',(0.342020143325666,0.,-0.939692620785909));
#3457=DIRECTION('',(0.,-1.,0.));
#3458=DIRECTION('',(-0.342020143325667,0.,0.939692620785909));
#3459=DIRECTION('',(0.,1.,0.));
#3460=DIRECTION('',(0.,1.,0.));
#3461=DIRECTION('',(-1.17608371252665E-16,-1.,0.));
#3462=DIRECTION('',(-1.,1.17608371252665E-16,0.));
#3463=DIRECTION('',(1.35525271560688E-16,-1.,0.));
#3464=DIRECTION('',(1.,1.35525271560688E-16,0.));
#3465=DIRECTION('',(0.,-1.,0.));
#3466=DIRECTION('',(1.17608371252665E-16,1.,0.));
#3467=DIRECTION('',(-1.,1.17608371252665E-16,0.));
#3468=DIRECTION('',(0.,-1.,0.));
#3469=DIRECTION('',(0.699663340513361,-8.22862659029752E-17,-0.714472679632807));
#3470=DIRECTION('',(-0.714472679632807,0.,-0.699663340513361));
#3471=DIRECTION('',(-0.714472679632808,0.,-0.699663340513361));
#3472=DIRECTION('',(-0.714472679632808,0.,-0.699663340513361));
#3473=DIRECTION('',(0.,-1.,0.));
#3474=DIRECTION('',(0.699663340513366,-8.22862659029756E-17,0.714472679632803));
#3475=DIRECTION('',(0.714472679632803,0.,-0.699663340513366));
#3476=DIRECTION('',(0.714472679632803,0.,-0.699663340513366));
#3477=DIRECTION('',(0.714472679632803,0.,-0.699663340513366));
#3478=DIRECTION('',(-1.17608371252665E-16,-1.,0.));
#3479=DIRECTION('',(-1.,1.17608371252665E-16,0.));
#3480=DIRECTION('',(1.35525271560688E-16,-1.,0.));
#3481=DIRECTION('',(1.,1.35525271560688E-16,0.));
#3482=DIRECTION('',(0.,-1.,0.));
#3483=DIRECTION('',(1.17608371252665E-16,1.,0.));
#3484=DIRECTION('',(-1.,1.17608371252665E-16,0.));
#3485=DIRECTION('',(0.,-1.,0.));
#3486=DIRECTION('',(0.699663340513362,-8.22862659029752E-17,-0.714472679632807));
#3487=DIRECTION('',(-0.714472679632807,0.,-0.699663340513362));
#3488=DIRECTION('',(-0.714472679632806,0.,-0.699663340513363));
#3489=DIRECTION('',(-0.714472679632807,0.,-0.699663340513362));
#3490=DIRECTION('',(0.,-1.,0.));
#3491=DIRECTION('',(0.699663340513364,-8.22862659029754E-17,0.714472679632805));
#3492=DIRECTION('',(0.714472679632805,0.,-0.699663340513364));
#3493=DIRECTION('',(0.714472679632806,0.,-0.699663340513363));
#3494=DIRECTION('',(0.714472679632804,0.,-0.699663340513365));
#3495=DIRECTION('',(-1.17608371252665E-16,-1.,0.));
#3496=DIRECTION('',(-1.,1.17608371252665E-16,0.));
#3497=DIRECTION('',(1.35525271560688E-16,-1.,0.));
#3498=DIRECTION('',(1.,1.35525271560688E-16,0.));
#3499=DIRECTION('',(0.,-1.,0.));
#3500=DIRECTION('',(1.17608371252665E-16,1.,0.));
#3501=DIRECTION('',(-1.,1.17608371252665E-16,0.));
#3502=DIRECTION('',(0.,-1.,0.));
#3503=DIRECTION('',(0.699663340513362,-8.22862659029752E-17,-0.714472679632807));
#3504=DIRECTION('',(-0.714472679632807,0.,-0.699663340513362));
#3505=DIRECTION('',(-0.714472679632807,0.,-0.699663340513361));
#3506=DIRECTION('',(-0.714472679632807,0.,-0.699663340513361));
#3507=DIRECTION('',(0.,-1.,0.));
#3508=DIRECTION('',(0.699663340513364,-8.22862659029754E-17,0.714472679632805));
#3509=DIRECTION('',(0.714472679632805,0.,-0.699663340513364));
#3510=DIRECTION('',(0.714472679632804,0.,-0.699663340513365));
#3511=DIRECTION('',(0.714472679632804,0.,-0.699663340513365));
#3512=DIRECTION('',(-1.,0.,0.));
#3513=DIRECTION('',(0.,0.,1.));
#3514=DIRECTION('',(0.,-1.,0.));
#3515=DIRECTION('',(0.,0.,-1.));
#3516=DIRECTION('',(0.,1.,0.));
#3517=DIRECTION('',(0.,0.,-1.));
#3518=DIRECTION('',(0.,-1.,0.));
#3519=DIRECTION('',(0.,0.,-1.));
#3520=DIRECTION('',(0.,1.,0.));
#3521=DIRECTION('',(0.,0.,-1.));
#3522=DIRECTION('',(-1.,0.,0.));
#3523=DIRECTION('',(0.,0.,-1.));
#3524=DIRECTION('',(-1.35525271560688E-16,1.,0.));
#3525=DIRECTION('',(0.,0.,-1.));
#3526=DIRECTION('',(0.707106781186544,0.,0.707106781186551));
#3527=DIRECTION('',(1.,0.,0.));
#3528=DIRECTION('',(-1.,0.,0.));
#3529=DIRECTION('',(1.35525271560688E-16,-1.,0.));
#3530=DIRECTION('',(0.,0.,1.));
#3531=DIRECTION('',(1.,7.40148683083438E-17,0.));
#3532=DIRECTION('',(1.,0.,0.));
#3533=DIRECTION('',(0.707106781186543,0.,0.707106781186552));
#3534=DIRECTION('',(-0.342020143325666,0.,0.939692620785909));
#3535=DIRECTION('',(-1.,0.,0.));
#3536=DIRECTION('',(0.,0.,-1.));
#3537=DIRECTION('',(-1.,0.,0.));
#3538=DIRECTION('',(-0.707106781186544,0.,0.707106781186551));
#3539=DIRECTION('',(1.,0.,0.));
#3540=DIRECTION('',(0.743144825477392,0.,0.669130606358861));
#3541=DIRECTION('',(-1.,0.,0.));
#3542=DIRECTION('',(0.,0.,1.));
#3543=DIRECTION('',(0.,0.,1.));
#3544=DIRECTION('',(1.,0.,0.));
#3545=DIRECTION('',(0.,-1.,0.));
#3546=DIRECTION('',(-1.,0.,0.));
#3547=DIRECTION('',(0.,1.,0.));
#3548=DIRECTION('',(-0.707106781186548,0.707106781186548,0.));
#3549=DIRECTION('',(0.,1.,-1.88556899562697E-16));
#3550=DIRECTION('',(0.,-1.88556899562697E-16,-1.));
#3551=DIRECTION('',(1.,0.,2.42330310087606E-15));
#3552=DIRECTION('',(0.,-1.,1.88556899562697E-16));
#3553=DIRECTION('',(0.,-1.88556899562697E-16,-1.));
#3554=DIRECTION('',(0.743144825477392,0.,0.669130606358861));
#3555=DIRECTION('',(0.,0.,1.));
#3556=DIRECTION('',(1.,0.,0.));
#3557=DIRECTION('',(0.,-1.,0.));
#3558=DIRECTION('',(-1.,0.,0.));
#3559=DIRECTION('',(-0.728739444818665,0.684791078771755,0.));
#3560=DIRECTION('',(0.,-1.,0.));
#3561=DIRECTION('',(0.,1.,-1.88556899562697E-16));
#3562=DIRECTION('',(0.,-1.88556899562697E-16,-1.));
#3563=DIRECTION('',(0.,0.,1.));
#3564=DIRECTION('',(-1.,0.,0.));
#3565=DIRECTION('',(-0.342020143325666,2.2679747471019E-16,0.939692620785909));
#3566=DIRECTION('',(0.,0.,-1.));
#3567=DIRECTION('',(-1.,0.,0.));
#3568=DIRECTION('',(0.,1.,0.));
#3569=DIRECTION('',(0.728739444818671,-0.684791078771749,0.));
#3570=DIRECTION('',(0.,1.,0.));
#3571=DIRECTION('',(0.728739444818637,-0.684791078771785,0.));
#3572=DIRECTION('',(-1.35525271560688E-16,1.,0.));
#3573=DIRECTION('',(0.,0.,-1.));
#3574=DIRECTION('',(1.35525271560688E-16,-1.,0.));
#3575=DIRECTION('',(1.,1.35525271560688E-16,0.));
#3576=DIRECTION('',(-1.,0.,0.));
#3577=DIRECTION('',(-1.,-1.48029736616688E-16,0.));
#3578=DIRECTION('',(0.,0.,-1.));
#3579=DIRECTION('',(-1.,8.67361737988404E-16,0.));
#3580=DIRECTION('',(0.,0.,1.));
#3581=DIRECTION('',(-5.5511151231258E-16,-1.,0.));
#3582=DIRECTION('',(1.,-8.67361737988404E-16,0.));
#3583=DIRECTION('',(8.67361737988404E-16,1.,0.));
#3584=DIRECTION('',(0.,0.,-1.));
#3585=DIRECTION('',(0.,1.,0.));
#3586=DIRECTION('',(0.,0.,1.));
#3587=DIRECTION('',(-1.,8.67361737988404E-16,0.));
#3588=DIRECTION('',(0.,0.,1.));
#3589=DIRECTION('',(3.20256641718795E-16,1.,0.));
#3590=DIRECTION('',(1.,-8.67361737988404E-16,0.));
#3591=DIRECTION('',(8.67361737988404E-16,1.,0.));
#3592=DIRECTION('',(-8.67361737988404E-16,-1.,0.));
#3593=DIRECTION('',(0.,0.,-1.));
#3594=DIRECTION('',(0.,0.,1.));
#3595=DIRECTION('',(1.,0.,0.));
#3596=DIRECTION('',(-0.707106781186547,-0.707106781186548,0.));
#3597=DIRECTION('',(0.707106781186548,-0.707106781186548,0.));
#3598=DIRECTION('',(-1.,0.,0.));
#3599=DIRECTION('',(0.,0.,-1.));
#3600=DIRECTION('',(1.,0.,0.));
#3601=DIRECTION('',(-1.58603289232165E-16,-1.,0.));
#3602=DIRECTION('',(0.,0.,-1.));
#3603=DIRECTION('',(1.,0.,0.));
#3604=DIRECTION('',(1.,0.,0.));
#3605=DIRECTION('',(-1.60128320859398E-16,-1.,0.));
#3606=DIRECTION('',(0.,0.,1.));
#3607=DIRECTION('',(-1.,0.,-5.53824328695656E-16));
#3608=DIRECTION('',(-3.20256641718795E-16,-1.,0.));
#3609=DIRECTION('',(1.,-3.20256641718795E-16,0.));
#3610=DIRECTION('',(1.,0.,0.));
#3611=DIRECTION('',(0.,0.,-1.));
#3612=DIRECTION('',(-3.20256641718795E-16,-1.,0.));
#3613=DIRECTION('',(1.,-3.20256641718795E-16,0.));
#3614=DIRECTION('',(0.714472679632804,0.,0.699663340513365));
#3615=DIRECTION('',(-0.714472679632804,0.,0.699663340513365));
#3616=DIRECTION('',(-3.20256641718795E-16,-1.,0.));
#3617=DIRECTION('',(1.,-3.20256641718795E-16,0.));
#3618=DIRECTION('',(0.,0.,-1.));
#3619=DIRECTION('',(1.60128320859398E-16,1.,0.));
#3620=DIRECTION('',(0.362627515376344,-5.80669351346293E-17,-0.931934163496531));
#3621=DIRECTION('',(0.714472679632804,0.,0.699663340513365));
#3622=DIRECTION('',(-0.714472679632804,0.,0.699663340513365));
#3623=DIRECTION('',(-3.20256641718795E-16,-1.,0.));
#3624=DIRECTION('',(1.,-3.20256641718795E-16,0.));
#3625=DIRECTION('',(0.,0.,1.));
#3626=DIRECTION('',(1.,0.,0.));
#3627=DIRECTION('',(-3.80593791690902E-17,4.796752144856E-17,-1.));
#3628=DIRECTION('',(-0.622341073312203,0.782746183937434,5.39158979759755E-17));
#3629=DIRECTION('',(-1.,0.,0.));
#3630=DIRECTION('',(3.80593791690441E-17,-4.79675214485966E-17,1.));
#3631=DIRECTION('',(-0.620771964936034,0.783991178234459,5.39158980326362E-17));
#3632=DIRECTION('',(0.,-1.,0.));
#3633=DIRECTION('',(0.,-1.,0.));
#3634=DIRECTION('',(0.,0.,1.));
#3635=DIRECTION('',(-1.,0.,0.));
#3636=DIRECTION('',(0.,1.,0.));
#3637=DIRECTION('',(0.,0.,1.));
#3638=DIRECTION('',(0.,0.,-1.));
#3639=DIRECTION('',(-1.,0.,0.));
#3640=DIRECTION('',(0.742503864575459,0.669841780638715,-1.12466864951151E-6));
#3641=DIRECTION('',(-0.74251229430093,-0.669832436366838,1.68386977295164E-6));
#3642=DIRECTION('',(4.62594590659519E-16,1.,0.));
#3643=DIRECTION('',(-1.,0.,0.));
#3644=DIRECTION('',(0.,0.,1.));
#3645=DIRECTION('',(0.,1.,0.));
#3646=DIRECTION('',(0.,1.,0.));
#3647=DIRECTION('',(3.20256641718795E-16,1.,0.));
#3648=DIRECTION('',(1.,-3.20256641718795E-16,0.));
#3649=DIRECTION('',(0.,-1.,0.));
#3650=DIRECTION('',(0.,0.,-1.));
#3651=DIRECTION('',(0.,1.,0.));
#3652=DIRECTION('',(0.,0.,1.));
#3653=DIRECTION('',(0.,1.,0.));
#3654=DIRECTION('',(3.20256641718795E-16,1.,0.));
#3655=DIRECTION('',(1.,-3.20256641718795E-16,0.));
#3656=DIRECTION('',(3.64007549057427E-16,1.,0.));
#3657=DIRECTION('',(0.707106781186548,0.707106781186548,0.));
#3658=DIRECTION('',(-0.707106781186548,0.707106781186548,0.));
#3659=DIRECTION('',(0.66913060635886,0.,-0.743144825477392));
#3660=DIRECTION('',(-0.743144825477392,0.,-0.66913060635886));
#3661=DIRECTION('',(0.,1.,0.));
#3662=DIRECTION('',(0.,1.,0.));
#3663=DIRECTION('',(0.,0.,-1.));
#3664=DIRECTION('',(-1.,0.,0.));
#3665=DIRECTION('',(0.,1.,0.));
#3666=DIRECTION('',(-0.728739444818683,0.684791078771736,0.));
#3667=DIRECTION('',(1.80216105401142E-16,0.,-1.));
#3668=DIRECTION('',(-1.,0.,-1.80216105401142E-16));
#3669=DIRECTION('',(0.,0.,1.));
#3670=DIRECTION('',(1.,0.,0.));
#3671=DIRECTION('',(0.,-1.,0.));
#3672=DIRECTION('',(-0.707106781186549,0.,0.707106781186546));
#3673=DIRECTION('',(0.707106781186546,0.,0.707106781186549));
#3674=DIRECTION('',(-0.523941832399009,0.671542934237813,-0.523941832399015));
#3675=DIRECTION('',(-1.35525271560688E-16,1.,0.));
#3676=DIRECTION('',(0.,0.,-1.));
#3677=DIRECTION('',(1.35525271560688E-16,-1.,0.));
#3678=DIRECTION('',(1.,1.35525271560688E-16,0.));
#3679=DIRECTION('',(0.714472679632804,0.,-0.699663340513365));
#3680=DIRECTION('',(-0.714472679632804,0.,-0.699663340513365));
#3681=DIRECTION('',(3.20256641718795E-16,1.,0.));
#3682=DIRECTION('',(-1.,3.20256641718795E-16,1.22464679914735E-16));
#3683=DIRECTION('',(0.,1.,0.));
#3684=DIRECTION('',(0.,1.,0.));
#3685=DIRECTION('',(0.699663340513365,-2.24071831766564E-16,0.714472679632804));
#3686=DIRECTION('',(0.714472679632804,0.,-0.699663340513365));
#3687=DIRECTION('',(3.82835525732813E-16,1.,0.));
#3688=DIRECTION('',(0.699663340513365,-2.24071831766564E-16,-0.714472679632804));
#3689=DIRECTION('',(-0.714472679632804,0.,-0.699663340513365));
#3690=DIRECTION('',(-1.35525271560688E-16,1.,0.));
#3691=DIRECTION('',(0.,0.,-1.));
#3692=DIRECTION('',(1.35525271560688E-16,-1.,0.));
#3693=DIRECTION('',(1.,1.35525271560688E-16,0.));
#3694=DIRECTION('',(0.714472679632804,0.,-0.699663340513365));
#3695=DIRECTION('',(-0.714472679632804,0.,-0.699663340513365));
#3696=DIRECTION('',(3.20256641718795E-16,1.,0.));
#3697=DIRECTION('',(-1.,3.20256641718795E-16,1.22464679914735E-16));
#3698=DIRECTION('',(3.82835525732813E-16,1.,0.));
#3699=DIRECTION('',(3.82835525732813E-16,1.,0.));
#3700=DIRECTION('',(0.699663340513365,-2.24071831766564E-16,0.714472679632804));
#3701=DIRECTION('',(0.714472679632804,0.,-0.699663340513365));
#3702=DIRECTION('',(3.82835525732813E-16,1.,0.));
#3703=DIRECTION('',(0.699663340513365,-2.24071831766564E-16,-0.714472679632804));
#3704=DIRECTION('',(-0.714472679632804,0.,-0.699663340513365));
#3705=DIRECTION('',(-1.35525271560688E-16,1.,0.));
#3706=DIRECTION('',(0.,0.,-1.));
#3707=DIRECTION('',(1.35525271560688E-16,-1.,0.));
#3708=DIRECTION('',(1.,1.35525271560688E-16,0.));
#3709=DIRECTION('',(0.714472679632803,0.,-0.699663340513366));
#3710=DIRECTION('',(-0.714472679632806,0.,-0.699663340513363));
#3711=DIRECTION('',(3.20256641718795E-16,1.,0.));
#3712=DIRECTION('',(-1.,3.20256641718795E-16,1.45473230946492E-15));
#3713=DIRECTION('',(5.57011512936626E-16,1.,0.));
#3714=DIRECTION('',(4.6725326589285E-16,1.,0.));
#3715=DIRECTION('',(0.,0.965925826289068,0.258819045102521));
#3716=DIRECTION('',(1.23737664510715E-15,0.258819045102521,-0.965925826289068));
#3717=DIRECTION('',(0.699663340513366,-2.24071831766564E-16,0.714472679632803));
#3718=DIRECTION('',(0.714472679632803,0.,-0.699663340513366));
#3719=DIRECTION('',(5.08199547497837E-16,1.,0.));
#3720=DIRECTION('',(-0.702238603182089,-0.184264063692231,0.687682847708516));
#3721=DIRECTION('',(0.699663340513364,-2.24071831766564E-16,-0.714472679632805));
#3722=DIRECTION('',(-0.714472679632805,0.,-0.699663340513364));
#3723=DIRECTION('',(0.702238603182091,-0.184264063692232,0.687682847708514));
#3724=DIRECTION('',(0.,-0.965925826289068,-0.258819045102521));
#3725=DIRECTION('',(0.,-0.258819045102521,0.965925826289068));
#3726=DIRECTION('',(0.,0.965925826289068,0.258819045102521));
#3727=DIRECTION('',(0.987568675657368,0.0406832838876426,-0.15183208248743));
#3728=DIRECTION('',(-1.,0.,0.));
#3729=DIRECTION('',(0.35182427488567,0.242271725311371,-0.904170388099402));
#3730=DIRECTION('',(0.,-0.965925826289068,0.258819045102521));
#3731=DIRECTION('',(0.,0.258819045102521,0.965925826289068));
#3732=DIRECTION('',(0.,0.965925826289068,-0.258819045102521));
#3733=DIRECTION('',(0.,-0.258819045102521,-0.965925826289068));
#3734=DIRECTION('',(0.351824274885663,-0.242271725311371,-0.904170388099405));
#3735=DIRECTION('',(-1.,0.,0.));
#3736=DIRECTION('',(0.,0.965925826289068,-0.258819045102521));
#3737=DIRECTION('',(-0.987568675657368,0.0406832838876426,0.15183208248743));
#3738=DIRECTION('',(0.351824274885656,-0.242271725311288,-0.90417038809943));
#3739=DIRECTION('',(0.,0.965925826289068,-0.258819045102521));
#3740=DIRECTION('',(0.,-0.258819045102521,-0.965925826289068));
#3741=DIRECTION('',(0.702238603182091,-0.184264063692232,-0.687682847708514));
#3742=DIRECTION('',(-0.702238603182091,-0.18426406369223,-0.687682847708515));
#3743=DIRECTION('',(0.851814679082069,0.523843251841915,0.));
#3744=DIRECTION('',(0.523843251841915,-0.851814679082069,0.));
#3745=DIRECTION('',(-0.567152647695012,0.823612696728589,0.));
#3746=DIRECTION('',(0.823612696728588,0.567152647695012,0.));
#3747=DIRECTION('',(-0.851814679082069,0.523843251841914,0.));
#3748=DIRECTION('',(0.523843251841914,0.851814679082069,0.));
#3749=DIRECTION('',(-0.851814679082069,0.523843251841914,0.));
#3750=DIRECTION('',(-0.567152647695021,-0.823612696728582,0.));
#3751=DIRECTION('',(-0.823612696728582,0.567152647695021,0.));
#3752=DIRECTION('',(-1.,-5.33761069531325E-17,0.));
#3753=DIRECTION('',(5.33761069531325E-17,-1.,-1.22464679914735E-16));
#3754=DIRECTION('',(-0.567152647695021,-0.823612696728582,0.));
#3755=DIRECTION('',(-0.823612696728582,0.567152647695021,0.));
#3756=DIRECTION('',(-1.,0.,0.));
#3757=DIRECTION('',(-1.,0.,0.));
#3758=DIRECTION('',(0.,0.,-1.));
#3759=DIRECTION('',(0.,0.,1.));
#3760=DIRECTION('',(1.,0.,0.));
#3761=DIRECTION('',(0.,0.,-1.));
#3762=DIRECTION('',(1.,0.,0.));
#3763=DIRECTION('',(0.,-1.,0.));
#3764=DIRECTION('',(0.,0.,-1.));
#3765=DIRECTION('',(-2.16840434497101E-16,-1.,0.));
#3766=DIRECTION('',(1.,-2.16840434497101E-16,-1.22464679914735E-16));
#3767=DIRECTION('',(-1.58603289232165E-16,-1.,0.));
#3768=DIRECTION('',(0.,-1.,0.));
#3769=DIRECTION('',(0.,0.,-1.));
#3770=DIRECTION('',(0.,0.,1.));
#3771=DIRECTION('',(1.,0.,0.));
#3772=DIRECTION('',(1.,0.,0.));
#3773=DIRECTION('',(0.,0.,1.));
#3774=DIRECTION('',(0.,0.,-1.));
#3775=DIRECTION('',(1.,0.,0.));
#3776=DIRECTION('',(1.,-1.60128320859398E-16,0.));
#3777=DIRECTION('',(1.60128320859398E-16,1.,-1.01064309961486E-15));
#3778=DIRECTION('',(1.,-1.18252255457689E-16,0.));
#3779=DIRECTION('',(-0.567152647695012,0.823612696728589,0.));
#3780=DIRECTION('',(0.823612696728588,0.567152647695012,0.));
#3781=DIRECTION('',(1.,0.,0.));
#3782=DIRECTION('',(0.,0.,-1.));
#3783=DIRECTION('',(-1.,0.,0.));
#3784=DIRECTION('',(0.,0.,1.));
#3785=DIRECTION('',(-1.,0.,0.));
#3786=DIRECTION('',(0.,-1.,0.));
#3787=DIRECTION('',(0.,0.,1.));
#3788=DIRECTION('',(-0.62197874166116,-0.707106781186548,-0.33636653359334));
#3789=DIRECTION('',(-0.707115144437537,1.16066730654896E-5,0.707098417741383));
#3790=DIRECTION('',(-0.484937806826362,0.727769149205643,-0.484961224197289));
#3791=DIRECTION('',(0.707106780995275,2.86922319236993E-10,-0.70710678137782));
#3792=DIRECTION('',(-0.48513348952502,0.727523879486878,-0.485133488967356));
#3793=DIRECTION('',(0.707106781186546,-2.2645564307939E-16,-0.707106781186549));
#3794=DIRECTION('',(-0.707106781186549,0.,-0.707106781186546));
#3795=DIRECTION('',(0.,-1.,0.));
#3796=DIRECTION('',(0.,0.,1.));
#3797=DIRECTION('',(0.707106781186551,0.,0.707106781186544));
#3798=DIRECTION('',(0.707106781186544,0.,-0.707106781186551));
#3799=DIRECTION('',(-0.651329340593435,0.389281620635025,0.651329340593443));
#3800=DIRECTION('',(0.664463024388678,0.707106781186545,0.241844762647974));
#3801=DIRECTION('',(0.342020143325666,0.,-0.939692620785909));
#3802=DIRECTION('',(-0.523941832399011,0.671542934237821,-0.523941832399003));
#3803=DIRECTION('',(0.707106781186541,0.,-0.707106781186554));
#3804=DIRECTION('',(-0.707106781186554,0.,-0.707106781186541));
#3805=DIRECTION('',(0.523941832399014,-0.671542934237815,0.523941832399007));
#3806=DIRECTION('',(-0.664463024388672,-0.707106781186551,-0.241844762647972));
#3807=DIRECTION('',(-0.342020143325666,0.,0.939692620785909));
#3808=DIRECTION('',(-0.707106781186548,0.707106781186547,0.));
#3809=DIRECTION('',(0.,0.,1.));
#3810=DIRECTION('',(-0.707106781186548,-0.707106781186548,0.));
#3811=DIRECTION('',(0.,0.,1.));
#3812=DIRECTION('',(-0.151286558564434,4.84505251830393E-17,-0.988489947949766));
#3813=DIRECTION('',(-0.988489947949766,0.,0.151286558564434));
#3814=DIRECTION('',(-1.8589045983928E-15,0.,-1.));
#3815=DIRECTION('',(-1.,0.,1.8589045983928E-15));
#3816=DIRECTION('',(0.,-1.,0.));
#3817=DIRECTION('',(0.567152175788167,0.823613020482309,-4.46178984298047E-5));
#3818=DIRECTION('',(0.0118804087124472,-0.00823519385717946,-0.999895513276742));
#3819=DIRECTION('',(0.,-1.,0.));
#3820=DIRECTION('',(0.,-1.,0.));
#3821=DIRECTION('',(0.567152163913062,-0.823613028788404,-4.21749148509702E-5));
#3822=DIRECTION('',(0.000271978816720174,0.000238495846553056,-0.999999934573625));
#3823=DIRECTION('',(0.,-1.,0.));
#3824=DIRECTION('',(0.999402785398905,0.,0.0345553546778245));
#3825=DIRECTION('',(0.,0.,-1.));
#3826=DIRECTION('',(-1.,0.,0.));
#3827=DIRECTION('',(0.,0.,1.));
#3828=DIRECTION('',(0.,1.,0.));
#3829=DIRECTION('',(1.,0.,0.));
#3830=DIRECTION('',(0.,-1.,0.));
#3831=DIRECTION('',(0.,0.,1.));
#3832=DIRECTION('',(-0.743144825477387,0.,-0.669130606358866));
#3833=DIRECTION('',(1.,0.,0.));
#3834=DIRECTION('',(0.,1.,0.));
#3835=DIRECTION('',(0.,0.,-1.));
#3836=DIRECTION('',(0.743144825477387,0.,0.669130606358866));
#3837=DIRECTION('',(1.,0.,0.));
#3838=DIRECTION('',(-1.,0.,0.));
#3839=DIRECTION('',(0.,0.,1.));
#3840=DIRECTION('',(0.,-0.309016994374944,-0.951056516295155));
#3841=DIRECTION('',(0.,1.,0.));
#3842=DIRECTION('',(0.,-0.309016994374944,0.951056516295155));
#3843=DIRECTION('',(0.,0.951056516295155,-0.309016994374943));
#3844=DIRECTION('',(0.,-0.309016994374943,-0.951056516295155));
#3845=DIRECTION('',(0.726180180296793,0.212450553583648,0.653855571228172));
#3846=DIRECTION('',(1.,0.,0.));
#3847=DIRECTION('',(0.,-0.309016994374943,-0.951056516295155));
#3848=DIRECTION('',(0.,0.,1.));
#3849=DIRECTION('',(1.,0.,0.));
#3850=DIRECTION('',(0.,0.,-1.));
#3851=DIRECTION('',(0.,1.,0.));
#3852=DIRECTION('',(0.,-1.,0.));
#3853=DIRECTION('',(1.,0.,0.));
#3854=DIRECTION('',(0.,0.,-1.));
#3855=DIRECTION('',(0.,1.,0.));
#3856=DIRECTION('',(0.,-0.951056516295155,-0.309016994374943));
#3857=DIRECTION('',(0.,-0.309016994374943,0.951056516295155));
#3858=DIRECTION('',(-0.726180180296793,0.212450553583648,-0.653855571228172));
#3859=DIRECTION('',(0.,-0.309016994374944,0.951056516295155));
#3860=DIRECTION('',(0.669130606358862,0.,-0.743144825477391));
#3861=DIRECTION('',(-0.743144825477391,0.,-0.669130606358862));
#3862=DIRECTION('',(-0.669130606358862,0.,0.743144825477391));
#3863=DIRECTION('',(0.743144825477391,0.,0.669130606358862));
#3864=DIRECTION('',(0.567152647695012,-0.823612696728589,0.));
#3865=DIRECTION('',(0.,0.,-1.));
#3866=DIRECTION('',(0.,0.,-1.));
#3867=DIRECTION('',(0.35182427488567,0.24227172531137,-0.904170388099403));
#3868=DIRECTION('',(0.,0.,-1.));
#3869=DIRECTION('',(0.823612696728589,0.567152647695012,0.));
#3870=DIRECTION('',(-0.351824274885663,0.242271725311371,0.904170388099405));
#3871=DIRECTION('',(0.931934163496534,0.,0.362627515376336));
#3872=DIRECTION('',(0.351824274885663,-0.242271725311371,-0.904170388099405));
#3873=DIRECTION('',(0.180284296630712,-0.124146600189723,-0.975748530129409));
#3874=DIRECTION('',(0.803638878228833,-0.553398362347419,0.218894508725773));
#3875=DIRECTION('',(0.,0.,-1.));
#3876=DIRECTION('',(-1.,0.,0.));
#3877=DIRECTION('',(-0.180284296630716,-0.124146600189723,0.975748530129409));
#3878=DIRECTION('',(-0.803638878228839,-0.55339836234741,-0.218894508725776));
#3879=DIRECTION('',(0.35182427488567,0.24227172531137,-0.904170388099403));
#3880=DIRECTION('',(-0.931934163496531,0.,-0.362627515376344));
#3881=DIRECTION('',(1.35525271560688E-16,-1.,0.));
#3882=DIRECTION('',(0.,0.,1.));
#3883=DIRECTION('',(-1.35525271560688E-16,1.,0.));
#3884=DIRECTION('',(-1.,-1.35525271560688E-16,0.));
#3885=DIRECTION('',(0.714472679632807,0.,0.699663340513362));
#3886=DIRECTION('',(-0.714472679632806,0.,0.699663340513363));
#3887=DIRECTION('',(0.,-1.,0.));
#3888=DIRECTION('',(-1.,0.,-1.96005385927235E-15));
#3889=DIRECTION('',(0.,-1.,0.));
#3890=DIRECTION('',(0.,-1.,0.));
#3891=DIRECTION('',(0.699663340513364,0.,-0.714472679632805));
#3892=DIRECTION('',(-0.714472679632805,0.,-0.699663340513364));
#3893=DIRECTION('',(0.,-1.,0.));
#3894=DIRECTION('',(0.699663340513364,0.,0.714472679632805));
#3895=DIRECTION('',(0.714472679632805,0.,-0.699663340513364));
#3896=DIRECTION('',(1.35525271560688E-16,-1.,0.));
#3897=DIRECTION('',(0.,0.,1.));
#3898=DIRECTION('',(-1.35525271560688E-16,1.,0.));
#3899=DIRECTION('',(-1.,-1.35525271560688E-16,0.));
#3900=DIRECTION('',(0.714472679632806,0.,0.699663340513363));
#3901=DIRECTION('',(-0.714472679632807,0.,0.699663340513362));
#3902=DIRECTION('',(0.,-1.,0.));
#3903=DIRECTION('',(-1.,0.,7.04481399828022E-16));
#3904=DIRECTION('',(0.,-1.,0.));
#3905=DIRECTION('',(0.,-1.,0.));
#3906=DIRECTION('',(0.699663340513363,0.,-0.714472679632806));
#3907=DIRECTION('',(-0.714472679632806,0.,-0.699663340513363));
#3908=DIRECTION('',(-0.699663340513363,0.,0.714472679632806));
#3909=DIRECTION('',(0.714472679632806,0.,0.699663340513363));
#3910=DIRECTION('',(0.,-1.,0.));
#3911=DIRECTION('',(0.699663340513363,0.,0.714472679632806));
#3912=DIRECTION('',(0.714472679632806,0.,-0.699663340513363));
#3913=DIRECTION('',(-0.699663340513363,0.,-0.714472679632806));
#3914=DIRECTION('',(-0.714472679632806,0.,0.699663340513363));
#3915=DIRECTION('',(1.35525271560688E-16,-1.,0.));
#3916=DIRECTION('',(0.,0.,1.));
#3917=DIRECTION('',(-1.35525271560688E-16,1.,0.));
#3918=DIRECTION('',(-1.,-1.35525271560688E-16,0.));
#3919=DIRECTION('',(0.714472679632804,9.68291039299282E-17,0.699663340513365));
#3920=DIRECTION('',(-0.714472679632804,-9.68291039299282E-17,0.699663340513365));
#3921=DIRECTION('',(3.20256641718795E-16,1.,0.));
#3922=DIRECTION('',(-1.,3.20256641718795E-16,1.22464679914735E-16));
#3923=DIRECTION('',(-3.20256641718795E-16,-1.,0.));
#3924=DIRECTION('',(-3.20256641718795E-16,-1.,0.));
#3925=DIRECTION('',(0.699663340513365,-2.24071831766564E-16,-0.714472679632804));
#3926=DIRECTION('',(-0.714472679632804,0.,-0.699663340513365));
#3927=DIRECTION('',(-3.20256641718795E-16,-1.,0.));
#3928=DIRECTION('',(0.699663340513365,-2.24071831766564E-16,0.714472679632804));
#3929=DIRECTION('',(0.714472679632804,0.,-0.699663340513365));
#3930=DIRECTION('',(0.951056516295152,0.,-0.309016994374953));
#3931=DIRECTION('',(-0.309016994374953,0.,-0.951056516295152));
#3932=DIRECTION('',(-0.951056516295152,0.,0.309016994374953));
#3933=DIRECTION('',(-0.309016994374953,0.,-0.951056516295152));
#3934=DIRECTION('',(-0.951056516295152,0.,0.309016994374953));
#3935=DIRECTION('',(0.309016994374953,0.,0.951056516295152));
#3936=DIRECTION('',(0.,0.309016994374943,-0.951056516295155));
#3937=DIRECTION('',(0.,-0.951056516295155,-0.309016994374943));
#3938=DIRECTION('',(0.,0.309016994374943,0.951056516295155));
#3939=DIRECTION('',(0.,0.951056516295155,-0.309016994374943));
#3940=DIRECTION('',(1.,0.,0.));
#3941=DIRECTION('',(0.,0.,-1.));
#3942=DIRECTION('',(-1.,0.,0.));
#3943=DIRECTION('',(0.,0.,-1.));
#3944=DIRECTION('',(-1.,0.,0.));
#3945=DIRECTION('',(0.,0.,-1.));
#3946=DIRECTION('',(0.,0.,-1.));
#3947=DIRECTION('',(0.,0.,-1.));
#3948=DIRECTION('',(0.,0.,-1.));
#3949=DIRECTION('',(0.567152647695021,0.823612696728582,0.));
#3950=DIRECTION('',(0.,0.,-1.));
#3951=DIRECTION('',(0.,0.,1.));
#3952=DIRECTION('',(-0.823612696728582,0.567152647695021,2.53823989238037E-16));
#3953=DIRECTION('',(0.,0.,1.));
#3954=DIRECTION('',(1.,0.,0.));
#3955=DIRECTION('',(3.96508223080413E-16,-1.43956947544865E-16,1.));
#3956=DIRECTION('',(1.,0.,-3.96508223080413E-16));
#3957=DIRECTION('',(0.567152647695021,0.823612696728582,0.));
#3958=DIRECTION('',(0.,0.,-1.));
#3959=DIRECTION('',(-0.823612696728582,0.567152647695021,2.53823989238037E-16));
#3960=DIRECTION('',(1.,8.55284707229503E-48,-3.96508223080413E-16));
#3961=DIRECTION('',(-3.96508223080413E-16,0.,-1.));
#3962=DIRECTION('',(1.,8.55284707229503E-48,-3.96508223080413E-16));
#3963=DIRECTION('',(-3.96508223080413E-16,0.,-1.));
#3964=DIRECTION('',(-5.70801134710947E-32,-1.,-1.43956947544865E-16));
#3965=DIRECTION('',(3.96508223080413E-16,-1.43956947544865E-16,1.));
#3966=DIRECTION('',(1.,0.,-3.96508223080413E-16));
#3967=DIRECTION('',(-2.31296463463574E-16,-1.,-1.43956947544865E-16));
#3968=DIRECTION('',(0.,-1.,0.));
#3969=DIRECTION('',(0.707106781186547,0.,-0.707106781186548));
#3970=DIRECTION('',(0.,-1.,0.));
#3971=DIRECTION('',(-1.,0.,3.96508223080413E-16));
#3972=DIRECTION('',(3.96508223080413E-16,0.,1.));
#3973=DIRECTION('',(1.,0.,-3.96508223080413E-16));
#3974=DIRECTION('',(3.96508223080413E-16,0.,1.));
#3975=DIRECTION('',(1.,0.,-3.96508223080413E-16));
#3976=DIRECTION('',(3.96508223080413E-16,0.,1.));
#3977=DIRECTION('',(-1.,0.,3.96508223080413E-16));
#3978=DIRECTION('',(3.96508223080413E-16,0.,1.));
#3979=DIRECTION('',(1.,0.,-3.96508223080413E-16));
#3980=DIRECTION('',(3.96508223080413E-16,0.,1.));
#3981=DIRECTION('',(1.,0.,-3.96508223080413E-16));
#3982=DIRECTION('',(3.96508223080413E-16,0.,1.));
#3983=DIRECTION('',(-1.,0.,3.96508223080413E-16));
#3984=DIRECTION('',(3.96508223080413E-16,0.,1.));
#3985=DIRECTION('',(1.,0.,-3.96508223080413E-16));
#3986=DIRECTION('',(3.96508223080413E-16,0.,1.));
#3987=DIRECTION('',(1.,0.,-3.96508223080413E-16));
#3988=DIRECTION('',(3.96508223080413E-16,0.,1.));
#3989=DIRECTION('',(-1.,0.,3.96508223080413E-16));
#3990=DIRECTION('',(3.96508223080413E-16,0.,1.));
#3991=DIRECTION('',(1.,0.,-3.96508223080413E-16));
#3992=DIRECTION('',(3.96508223080413E-16,0.,1.));
#3993=DIRECTION('',(1.,0.,-3.96508223080413E-16));
#3994=DIRECTION('',(3.96508223080413E-16,0.,1.));
#3995=DIRECTION('',(-1.,-1.09476442525376E-47,3.96508223080413E-16));
#3996=DIRECTION('',(3.96508223080413E-16,0.,1.));
#3997=DIRECTION('',(1.,0.,-3.96508223080413E-16));
#3998=DIRECTION('',(3.96508223080413E-16,0.,1.));
#3999=DIRECTION('',(1.,1.09476442525376E-47,-3.96508223080413E-16));
#4000=DIRECTION('',(1.,0.,-3.96508223080413E-16));
#4001=DIRECTION('',(3.96508223080413E-16,0.,1.));
#4002=DIRECTION('',(1.,2.18952885050752E-47,-3.96508223080413E-16));
#4003=DIRECTION('',(1.,1.09476442525376E-47,-3.96508223080413E-16));
#4004=DIRECTION('',(-3.96508223080413E-16,0.,-1.));
#4005=DIRECTION('',(1.,0.,-3.96508223080413E-16));
#4006=DIRECTION('',(3.96508223080413E-16,0.,1.));
#4007=DIRECTION('',(1.,2.18952885050752E-47,-3.96508223080413E-16));
#4008=DIRECTION('',(1.,0.,-3.96508223080413E-16));
#4009=DIRECTION('',(3.96508223080413E-16,0.,1.));
#4010=DIRECTION('',(1.,1.09476442525376E-47,-3.96508223080413E-16));
#4011=DIRECTION('',(-1.,-1.09476442525376E-47,3.96508223080413E-16));
#4012=DIRECTION('',(3.96508223080413E-16,0.,1.));
#4013=DIRECTION('',(1.,0.,-3.96508223080413E-16));
#4014=DIRECTION('',(3.96508223080413E-16,0.,1.));
#4015=DIRECTION('',(1.,1.09476442525376E-47,-3.96508223080413E-16));
#4016=DIRECTION('',(1.,0.,-3.96508223080413E-16));
#4017=DIRECTION('',(3.96508223080413E-16,0.,1.));
#4018=DIRECTION('',(1.,0.,-3.96508223080413E-16));
#4019=DIRECTION('',(1.,1.09476442525376E-47,-3.96508223080413E-16));
#4020=DIRECTION('',(-3.96508223080413E-16,0.,-1.));
#4021=DIRECTION('',(1.,0.,-3.96508223080413E-16));
#4022=DIRECTION('',(3.96508223080413E-16,0.,1.));
#4023=DIRECTION('',(1.,0.,-3.96508223080413E-16));
#4024=DIRECTION('',(1.,0.,-3.96508223080413E-16));
#4025=DIRECTION('',(3.96508223080413E-16,0.,1.));
#4026=DIRECTION('',(1.,1.09476442525376E-47,-3.96508223080413E-16));
#4027=DIRECTION('',(-1.,0.,3.96508223080413E-16));
#4028=DIRECTION('',(0.,1.,0.));
#4029=DIRECTION('',(9.92139981939946E-32,-1.,2.5021927016599E-16));
#4030=DIRECTION('',(3.96508223080413E-16,1.82602471155453E-16,1.));
#4031=DIRECTION('',(1.10053139679271E-31,-1.,2.77555756156289E-16));
#4032=DIRECTION('',(3.96508223080413E-16,1.82602471155453E-16,1.));
#4033=DIRECTION('',(-1.,0.,3.96508223080413E-16));
#4034=DIRECTION('',(0.,1.,0.));
#4035=DIRECTION('',(3.96508223080413E-16,1.82602471155453E-16,1.));
#4036=DIRECTION('',(1.10053139679271E-31,-1.,2.77555756156289E-16));
#4037=DIRECTION('',(3.96508223080413E-16,1.82602471155453E-16,1.));
#4038=DIRECTION('',(9.92139981939946E-32,-1.,2.5021927016599E-16));
#4039=DIRECTION('',(7.24033813679412E-32,-1.,1.82602471155453E-16));
#4040=DIRECTION('',(0.,1.82602471155453E-16,1.));
#4041=DIRECTION('',(-3.96508223080413E-16,-2.77555756156289E-16,-1.));
#4042=DIRECTION('',(-1.,0.,3.96508223080413E-16));
#4043=DIRECTION('',(7.24033813679412E-32,-1.,1.82602471155453E-16));
#4044=DIRECTION('',(0.,1.82602471155453E-16,1.));
#4045=DIRECTION('',(-3.96508223080413E-16,-2.5021927016599E-16,-1.));
#4046=DIRECTION('',(-1.,0.,3.96508223080413E-16));
#4047=DIRECTION('',(-3.96508223080413E-16,1.43956947544865E-16,-1.));
#4048=DIRECTION('',(1.,5.70801134710946E-32,-3.96508223080413E-16));
#4049=DIRECTION('',(-1.7347234759768E-16,-1.,-1.43956947544865E-16));
#4050=DIRECTION('',(-2.31296463463574E-16,-1.,-1.43956947544865E-16));
#4051=DIRECTION('',(-1.,1.18916903064782E-33,3.96508223080413E-16));
#4052=DIRECTION('',(-3.96508223080413E-16,1.43956947544865E-16,-1.));
#4053=DIRECTION('',(1.,5.70801134710946E-32,-3.96508223080413E-16));
#4054=DIRECTION('',(-1.7347234759768E-16,-1.,-1.43956947544865E-16));
#4055=DIRECTION('',(-1.,1.15648231731787E-16,3.96508223080413E-16));
#4056=DIRECTION('',(-2.31296463463574E-16,-1.,-1.43956947544865E-16));
#4057=DIRECTION('',(1.15648231731787E-16,1.,1.43956947544865E-16));
#4058=DIRECTION('',(0.,-1.43956947544865E-16,1.));
#4059=DIRECTION('',(3.96508223080413E-16,-1.43956947544865E-16,1.));
#4060=DIRECTION('',(-1.,1.15648231731787E-16,3.96508223080413E-16));
#4061=DIRECTION('',(3.96508223080413E-16,-1.43956947544865E-16,1.));
#4062=DIRECTION('',(-1.,1.7347234759768E-16,3.96508223080413E-16));
#4063=DIRECTION('',(3.96508223080413E-16,0.,1.));
#4064=DIRECTION('',(3.96508223080413E-16,-1.43956947544865E-16,1.));
#4065=DIRECTION('',(-1.7347234759768E-16,-1.,-1.43956947544865E-16));
#4066=DIRECTION('',(5.82692825017425E-32,1.,1.43956947544865E-16));
#4067=DIRECTION('',(0.,-1.43956947544865E-16,1.));
#4068=DIRECTION('',(3.96508223080413E-16,-1.43956947544865E-16,1.));
#4069=DIRECTION('',(-1.,1.18916903064782E-33,3.96508223080413E-16));
#4070=DIRECTION('',(-1.,2.31296463463574E-16,3.96508223080413E-16));
#4071=DIRECTION('',(3.96508223080413E-16,0.,1.));
#4072=DIRECTION('',(-2.31296463463574E-16,-1.,-1.43956947544865E-16));
#4073=DIRECTION('',(-3.96508223080413E-16,1.43956947544865E-16,-1.));
#4074=DIRECTION('',(1.,5.70801134710946E-32,-3.96508223080413E-16));
#4075=CARTESIAN_POINT('',(0.,0.,0.));
#4076=CARTESIAN_POINT('',(-0.0487,-0.0711522519614109,0.00644852813742386));
#4077=CARTESIAN_POINT('',(-0.0173371677148454,-0.0711522519614109,0.00644852813742384));
#4078=CARTESIAN_POINT('',(-0.0173371677148454,-0.0711522519614109,0.005));
#4079=CARTESIAN_POINT('',(-0.0168397178350947,-0.0714948037670312,0.00504108647775375));
#4080=CARTESIAN_POINT('',(-0.0168397178350947,-0.0714948037670312,0.00504108647775375));
#4081=CARTESIAN_POINT('',(-0.0165280501649469,-0.0714948037670312,0.00504108647775375));
#4082=CARTESIAN_POINT('',(-0.0165280501649469,-0.0714948037670312,0.00504108647775376));
#4083=CARTESIAN_POINT('',(-0.0162589701226641,-0.0717795339202293,0.00511038585327133));
#4084=CARTESIAN_POINT('',(-0.0158432289618342,-0.0721543011787365,0.00532903182428383));
#4085=CARTESIAN_POINT('',(-0.0153635032762109,-0.0725131353357843,0.00586452308862933));
#4086=CARTESIAN_POINT('',(-0.0152335829193903,-0.0726007800988348,0.00624784020250784));
#4087=CARTESIAN_POINT('',(-0.0152335829193903,-0.0726007800988348,0.00644852813742384));
#4088=CARTESIAN_POINT('',(-0.0152335829193902,-0.0726007800988348,0.00644852813742384));
#4089=CARTESIAN_POINT('',(-0.0487,-0.0726007800988348,0.00644852813742386));
#4090=CARTESIAN_POINT('',(-0.0337514718625762,-0.0726007800988348,0.00644852813742385));
#4091=CARTESIAN_POINT('',(-0.0337514718625762,-0.0711522519614109,0.00644852813742385));
#4092=CARTESIAN_POINT('',(-0.0352,-0.0711522519614109,0.005));
#4093=CARTESIAN_POINT('',(-0.0292,-0.0711522519614109,0.005));
#4094=CARTESIAN_POINT('',(-0.033,-0.0711522519614109,0.005));
#4095=CARTESIAN_POINT('',(-0.0292,-0.0711522519614109,0.005));
#4096=CARTESIAN_POINT('',(-0.0427,-0.05,-0.023));
#4097=CARTESIAN_POINT('',(-0.0487,-0.0473992199011653,-0.023));
#4098=CARTESIAN_POINT('',(-0.0502,-0.0473992199011653,-0.023));
#4099=CARTESIAN_POINT('',(-0.0472,-0.0473992199011653,-0.023));
#4100=CARTESIAN_POINT('',(-0.0472,-0.05,-0.023));
#4101=CARTESIAN_POINT('',(-0.0472,-0.0726007800988348,-0.023));
#4102=CARTESIAN_POINT('',(-0.0487,-0.0726007800988348,-0.023));
#4103=CARTESIAN_POINT('',(-0.0502,-0.0726007800988348,-0.023));
#4104=CARTESIAN_POINT('',(-0.0502,-0.05,-0.023));
#4105=CARTESIAN_POINT('',(-0.0472,-0.05,-0.023));
#4106=CARTESIAN_POINT('',(-0.0472,-0.0726007800988348,-0.023));
#4107=CARTESIAN_POINT('',(-0.0472,-0.0726007800988348,-0.007));
#4108=CARTESIAN_POINT('',(-0.0472,-0.0473992199011653,-0.023));
#4109=CARTESIAN_POINT('',(-0.0472,-0.0473992199011653,-0.007));
#4110=CARTESIAN_POINT('',(-0.0472,-0.05,-0.007));
#4111=CARTESIAN_POINT('',(-0.0487,-0.0726007800988348,-0.023));
#4112=CARTESIAN_POINT('',(-0.0152335829193902,-0.0726007800988348,0.0150502935465214));
#4113=CARTESIAN_POINT('',(-0.0152335829193902,-0.0726007800988348,0.0150502935465214));
#4114=CARTESIAN_POINT('',(-0.0152336314439675,-0.0726007800988348,0.0150502935465214));
#4115=CARTESIAN_POINT('',(-0.0392,-0.0726007800988348,0.0150502935465214));
#4116=CARTESIAN_POINT('',(-0.0457125733866304,-0.0726007800988348,0.00853772015989105));
#4117=CARTESIAN_POINT('',(-0.0487088063956418,-0.0726007800988348,0.00554148715087964));
#4118=CARTESIAN_POINT('',(-0.0457399898376009,-0.0726007800988348,0.00841134315698579));
#4119=CARTESIAN_POINT('',(-0.0502,-0.0726007800988348,0.0041));
#4120=CARTESIAN_POINT('',(-0.0502,-0.0726007800988348,-0.023));
#4121=CARTESIAN_POINT('',(-0.0472,-0.0726007800988348,-0.007));
#4122=CARTESIAN_POINT('',(-0.0487,-0.0473992199011653,-0.023));
#4123=CARTESIAN_POINT('',(-0.0502,-0.0473992199011653,-0.023));
#4124=CARTESIAN_POINT('',(-0.0502,-0.0473992199011653,0.0041));
#4125=CARTESIAN_POINT('',(-0.0457399898376009,-0.0473992199011653,0.00841134315698579));
#4126=CARTESIAN_POINT('',(-0.0487088063956417,-0.0473992199011653,0.0055414871508797));
#4127=CARTESIAN_POINT('',(-0.0457125733866304,-0.0473992199011653,0.00853772015989105));
#4128=CARTESIAN_POINT('',(-0.0352,-0.0473992199011653,0.0190502935465214));
#4129=CARTESIAN_POINT('',(-0.0352,-0.0473992199011653,0.004998));
#4130=CARTESIAN_POINT('',(-0.0352,-0.0473992199011653,0.005));
#4131=CARTESIAN_POINT('',(-0.0487,-0.0473992199011653,-0.0085));
#4132=CARTESIAN_POINT('',(-0.0292,-0.0686007800988348,0.0150502935465214));
#4133=CARTESIAN_POINT('',(-0.0152335829193902,-0.0726007800988348,0.0150502935465214));
#4134=CARTESIAN_POINT('',(-0.0152335829193902,-0.0726007800988348,0.0151534492061747));
#4135=CARTESIAN_POINT('',(-0.0152394171815894,-0.0725967959489738,0.0152561235960538));
#4136=CARTESIAN_POINT('',(-0.0152508813043944,-0.0725889015738286,0.0153583310453636));
#4137=CARTESIAN_POINT('',(-0.0152508813043944,-0.0725889015738286,0.0153583310453636));
#4138=CARTESIAN_POINT('',(-0.0210423864595764,-0.0686007800988348,0.0150502935465214));
#4139=CARTESIAN_POINT('',(-0.0210423864595764,-0.0686007800988348,0.0190502935465214));
#4140=CARTESIAN_POINT('',(-0.0352,-0.0686007800988348,0.0190502935465214));
#4141=CARTESIAN_POINT('',(-0.0352,-0.0686007800988348,0.0190502935465214));
#4142=CARTESIAN_POINT('',(-0.0392,-0.0686007800988348,0.0150502935465214));
#4143=CARTESIAN_POINT('',(-0.0472,-0.05,0.007));
#4144=CARTESIAN_POINT('',(-0.0502,-0.0626007800988348,0.0041));
#4145=CARTESIAN_POINT('',(-0.0487088063956418,-0.05,0.00554148715087962));
#4146=CARTESIAN_POINT('',(-0.0352,-0.0586007800988348,0.0190502935465214));
#4147=CARTESIAN_POINT('',(-0.0352,-0.0586007800988348,0.0190502935465214));
#4148=CARTESIAN_POINT('',(-0.0352,-0.0546007800988345,0.0190502935465214));
#4149=CARTESIAN_POINT('',(-0.0352,-0.0586007800988348,0.0190502935465214));
#4150=CARTESIAN_POINT('',(-0.0352,-0.0528157765041801,0.0190502935465214));
#4151=CARTESIAN_POINT('',(-0.0352,-0.0586007800988348,0.0190502935465214));
#4152=CARTESIAN_POINT('',(-0.0352,-0.0478842234958199,0.0190502935465214));
#4153=CARTESIAN_POINT('',(-0.0352,-0.0586007800988348,0.0190502935465214));
#4154=CARTESIAN_POINT('',(-0.0292,-0.05,0.0210251467732607));
#4155=CARTESIAN_POINT('',(-0.0292,-0.0726007800988348,0.0190502935465214));
#4156=CARTESIAN_POINT('',(-0.0292,-0.0528157765041801,0.0190502935465214));
#4157=CARTESIAN_POINT('',(-0.0292,-0.0478842234958199,0.0190502935465214));
#4158=CARTESIAN_POINT('',(-0.0292,-0.05035,0.0234));
#4159=CARTESIAN_POINT('',(-0.0292,-0.0726007800988348,0.0190502935465214));
#4160=CARTESIAN_POINT('',(-0.0352,-0.0478842234958199,0.0190502935465214));
#4161=CARTESIAN_POINT('',(-0.0352,-0.0528157765041801,0.0190502935465214));
#4162=CARTESIAN_POINT('',(-0.0126,-0.091,0.03365));
#4163=CARTESIAN_POINT('',(-0.0126,-0.0682,0.03365));
#4164=CARTESIAN_POINT('',(-0.0119003366594866,-0.0682,0.0329355273203672));
#4165=CARTESIAN_POINT('',(-0.0119003366594866,-0.0682,0.0343644726796328));
#4166=CARTESIAN_POINT('',(-0.0119003366594866,-0.0682,0.0329355273203672));
#4167=CARTESIAN_POINT('',(-0.0119003366594866,-0.066,0.0329355273203672));
#4168=CARTESIAN_POINT('',(-0.0126,-0.066,0.03365));
#4169=CARTESIAN_POINT('',(-0.0119003366594866,-0.066,0.0343644726796328));
#4170=CARTESIAN_POINT('',(-0.0119003366594866,-0.0682,0.0343644726796328));
#4171=CARTESIAN_POINT('',(-0.0119003366594866,-0.091,0.0343644726796328));
#4172=CARTESIAN_POINT('',(-0.0111707411806566,-0.0682,0.03365));
#4173=CARTESIAN_POINT('',(-0.0111707411806566,-0.0682,0.03365));
#4174=CARTESIAN_POINT('',(-0.0111707411806566,-0.066,0.03365));
#4175=CARTESIAN_POINT('',(-0.0111707411806566,-0.066,0.03365));
#4176=CARTESIAN_POINT('',(-0.0111707411806566,-0.0682,0.03365));
#4177=CARTESIAN_POINT('',(-0.0111707411806566,-0.091,0.03365));
#4178=CARTESIAN_POINT('',(-0.0119003366594866,-0.0682,0.0329355273203672));
#4179=CARTESIAN_POINT('',(-0.0119003366594866,-0.066,0.0329355273203672));
#4180=CARTESIAN_POINT('',(0.0119,-0.009,0.01315));
#4181=CARTESIAN_POINT('',(0.0119,-0.0682,0.01315));
#4182=CARTESIAN_POINT('',(0.0125996633405134,-0.0682,0.0124355273203672));
#4183=CARTESIAN_POINT('',(0.0125996633405134,-0.0682,0.0138644726796328));
#4184=CARTESIAN_POINT('',(0.0125996633405134,-0.009,0.0124355273203672));
#4185=CARTESIAN_POINT('',(0.0125996633405134,-0.066,0.0124355273203672));
#4186=CARTESIAN_POINT('',(0.0119,-0.066,0.01315));
#4187=CARTESIAN_POINT('',(0.0125996633405134,-0.066,0.0138644726796328));
#4188=CARTESIAN_POINT('',(0.0125996633405134,-0.009,0.0138644726796328));
#4189=CARTESIAN_POINT('',(0.0125996633405134,-0.009,0.0138644726796328));
#4190=CARTESIAN_POINT('',(-0.0238658056399148,-0.0682,0.0495740982084147));
#4191=CARTESIAN_POINT('',(0.0133292588193434,-0.0682,0.01315));
#4192=CARTESIAN_POINT('',(0.0125996633405134,-0.066,0.0138644726796328));
#4193=CARTESIAN_POINT('',(0.0133292588193434,-0.066,0.01315));
#4194=CARTESIAN_POINT('',(0.0133292588193434,-0.009,0.01315));
#4195=CARTESIAN_POINT('',(0.0133292588193434,-0.009,0.01315));
#4196=CARTESIAN_POINT('',(0.000978744344434998,-0.0682,0.00105548265748377));
#4197=CARTESIAN_POINT('',(0.0133292588193434,-0.066,0.01315));
#4198=CARTESIAN_POINT('',(-0.0126,-0.091,0.01315));
#4199=CARTESIAN_POINT('',(-0.0126,-0.0682,0.01315));
#4200=CARTESIAN_POINT('',(-0.0119003366594866,-0.0682,0.0124355273203672));
#4201=CARTESIAN_POINT('',(-0.0119003366594866,-0.0682,0.0138644726796328));
#4202=CARTESIAN_POINT('',(-0.0119003366594866,-0.0682,0.0124355273203672));
#4203=CARTESIAN_POINT('',(-0.0119003366594866,-0.066,0.0124355273203672));
#4204=CARTESIAN_POINT('',(-0.0126,-0.066,0.01315));
#4205=CARTESIAN_POINT('',(-0.0119003366594866,-0.066,0.0138644726796328));
#4206=CARTESIAN_POINT('',(-0.0119003366594866,-0.0682,0.0138644726796328));
#4207=CARTESIAN_POINT('',(-0.0119003366594866,-0.091,0.0138644726796328));
#4208=CARTESIAN_POINT('',(-0.0111707411806566,-0.0682,0.01315));
#4209=CARTESIAN_POINT('',(-0.0111707411806566,-0.0682,0.01315));
#4210=CARTESIAN_POINT('',(-0.0111707411806566,-0.066,0.01315));
#4211=CARTESIAN_POINT('',(-0.0111707411806566,-0.066,0.01315));
#4212=CARTESIAN_POINT('',(-0.0111707411806566,-0.0682,0.01315));
#4213=CARTESIAN_POINT('',(-0.0111707411806566,-0.091,0.01315));
#4214=CARTESIAN_POINT('',(-0.0119003366594866,-0.0682,0.0124355273203672));
#4215=CARTESIAN_POINT('',(-0.0119003366594866,-0.066,0.0124355273203672));
#4216=CARTESIAN_POINT('',(-0.0352,-0.0726007800988348,0.005));
#4217=CARTESIAN_POINT('',(-0.0352,-0.025999975,0.0370502935465214));
#4218=CARTESIAN_POINT('',(-0.0352,-0.045399219901165,0.0370502935465214));
#4219=CARTESIAN_POINT('',(-0.0352,-0.0546007800988347,0.0370502935465214));
#4220=CARTESIAN_POINT('',(-0.0352,-0.0453992199011653,0.0370502935465214));
#4221=CARTESIAN_POINT('',(-0.0352,-0.0453992199011653,0.0240998402767648));
#4222=CARTESIAN_POINT('',(-0.0352,-0.05035,0.0234));
#4223=CARTESIAN_POINT('',(-0.0352,-0.0546007800988342,0.0260326542787354));
#4224=CARTESIAN_POINT('',(-0.0352,-0.0546007800988348,0.0370502935465214));
#4225=CARTESIAN_POINT('',(-0.0272057039318968,-0.0635329393076038,0.0373589426316359));
#4226=CARTESIAN_POINT('',(-0.0272057039318968,-0.0547328131846917,0.0373589426316359));
#4227=CARTESIAN_POINT('',(-0.0255202790066202,-0.0635329393076038,0.0377472456064807));
#4228=CARTESIAN_POINT('',(-0.0255202790066202,-0.0547328131846917,0.0377472456064807));
#4229=CARTESIAN_POINT('',(-0.023679198831238,-0.0635329393076038,0.0379499999999997));
#4230=CARTESIAN_POINT('',(-0.023679198831238,-0.0547328131846917,0.0379499999999997));
#4231=CARTESIAN_POINT('',(-0.0218372240639064,-0.0635329393076038,0.03795));
#4232=CARTESIAN_POINT('',(-0.0218372240639064,-0.0547328131846917,0.03795));
#4233=CARTESIAN_POINT('',(-0.0272057039302456,-0.0547328131846917,0.0373589426320162));
#4234=CARTESIAN_POINT('',(-0.0272057039302454,-0.0547328131846917,0.0373589426320163));
#4235=CARTESIAN_POINT('',(-0.0272057039302455,-0.0626340238183151,0.0373589426320163));
#4236=CARTESIAN_POINT('',(-0.0218372240639064,-0.0634804534659164,0.03795));
#4237=CARTESIAN_POINT('',(-0.0226322758819934,-0.062991517855865,0.0379499999999998));
#4238=CARTESIAN_POINT('',(-0.0244829414562798,-0.0627195884340609,0.0378644499987587));
#4239=CARTESIAN_POINT('',(-0.0263045890217976,-0.0626585868558879,0.0375665493870337));
#4240=CARTESIAN_POINT('',(-0.0272057039310698,-0.0626340238182925,0.0373589426318265));
#4241=CARTESIAN_POINT('',(-0.0218372240639046,-0.0634804534659164,0.03795));
#4242=CARTESIAN_POINT('',(-0.0218372240639029,-0.0547328131846917,0.03795));
#4243=CARTESIAN_POINT('',(-0.0218372240639029,-0.0547328131846917,0.03795));
#4244=CARTESIAN_POINT('',(-0.0218372240639029,-0.0547328131846917,0.03795));
#4245=CARTESIAN_POINT('',(-0.0236791988306341,-0.0547328131846917,0.03795));
#4246=CARTESIAN_POINT('',(-0.0255202790054165,-0.0547328131846917,0.0377472456066134));
#4247=CARTESIAN_POINT('',(-0.0272057039302454,-0.0547328131846917,0.0373589426320163));
#4248=CARTESIAN_POINT('',(0.014353281747604,-0.025999975,0.03795));
#4249=CARTESIAN_POINT('',(-0.00573616232194079,-0.0463186490395466,0.03795));
#4250=CARTESIAN_POINT('',(-0.00573616232194079,-0.0463186490395466,0.03795));
#4251=CARTESIAN_POINT('',(-0.00573616232194079,-0.034,0.03795));
#4252=CARTESIAN_POINT('',(-0.00573616232194079,-0.034,0.03795));
#4253=CARTESIAN_POINT('',(0.000200302094458332,-0.034,0.03795));
#4254=CARTESIAN_POINT('',(2.80595123188238,-3.08201527441789,0.0379500017609228));
#4255=CARTESIAN_POINT('',(0.00128703653715491,-0.0329999999284335,0.0379500000280504));
#4256=CARTESIAN_POINT('',(0.00128703662690901,-0.033,0.03795));
#4257=CARTESIAN_POINT('',(0.00128703662690901,-0.0303528838369352,0.03795));
#4258=CARTESIAN_POINT('',(-0.0111023174185004,-0.0303528838369352,0.03795));
#4259=CARTESIAN_POINT('',(-0.0111023174185004,-0.0303528838369352,0.03795));
#4260=CARTESIAN_POINT('',(-0.0111023174185004,-0.0303528838369351,0.03795));
#4261=CARTESIAN_POINT('',(-0.0115712849105473,-0.0303528838354891,0.03795));
#4262=CARTESIAN_POINT('',(-0.0119328555744371,-0.0304312103919704,0.03795));
#4263=CARTESIAN_POINT('',(-0.0121870294101697,-0.030587863506379,0.03795));
#4264=CARTESIAN_POINT('',(-0.0121876838759858,-0.0305868016182227,0.03795));
#4265=CARTESIAN_POINT('',(-0.0218372240639029,-0.0365195465340836,0.03795));
#4266=CARTESIAN_POINT('',(-0.0218372240639036,-0.0365195465340836,0.03795));
#4267=CARTESIAN_POINT('',(-0.0218372240639029,-0.0365195465340836,0.03795));
#4268=CARTESIAN_POINT('',(-0.0218372240639029,-0.0452671868153083,0.03795));
#4269=CARTESIAN_POINT('',(-0.00673616232194079,-0.0452671868153083,0.03795));
#4270=CARTESIAN_POINT('',(-0.00673616232194079,-0.0452671868153083,0.03795));
#4271=CARTESIAN_POINT('',(-0.00673616232194079,-0.0463186490395466,0.03795));
#4272=CARTESIAN_POINT('',(-0.035,-0.074,0.011));
#4273=CARTESIAN_POINT('',(-0.0107136601228342,-0.074,0.008));
#4274=CARTESIAN_POINT('',(-0.0107136601228342,-0.074,0.008));
#4275=CARTESIAN_POINT('',(-0.0107136601228342,-0.074,0.012197973198152));
#4276=CARTESIAN_POINT('',(0.016,-0.074,0.008));
#4277=CARTESIAN_POINT('',(0.016,-0.074,0.008));
#4278=CARTESIAN_POINT('',(0.016,-0.074,0.011));
#4279=CARTESIAN_POINT('',(0.016,-0.074,0.0137515910405927));
#4280=CARTESIAN_POINT('',(0.0202,-0.074,0.023375));
#4281=CARTESIAN_POINT('',(0.0125809859561751,-0.074,0.01615));
#4282=CARTESIAN_POINT('',(0.0107484078948937,-0.074,0.01615));
#4283=CARTESIAN_POINT('',(0.0107484078948937,-0.074,0.01615));
#4284=CARTESIAN_POINT('',(0.00747210097614765,-0.074,0.0132));
#4285=CARTESIAN_POINT('',(0.00747210097614764,-0.074,0.0132));
#4286=CARTESIAN_POINT('',(0.00327210097614764,-0.074,0.0132));
#4287=CARTESIAN_POINT('',(0.00327210097614764,-0.074,0.0132));
#4288=CARTESIAN_POINT('',(-0.00222761042338504,-0.074,0.0283103328837334));
#4289=CARTESIAN_POINT('',(-0.00222761042338504,-0.074,0.0283103328837334));
#4290=CARTESIAN_POINT('',(-0.00222761042338504,-0.074,0.0283103328837334));
#4291=CARTESIAN_POINT('',(-0.010317803067942,-0.074,0.0283103328837334));
#4292=CARTESIAN_POINT('',(0.000903849908383624,-0.074,-0.00259929355751672));
#4293=CARTESIAN_POINT('',(-0.0107136601228342,-0.074,0.0282749702411191));
#4294=CARTESIAN_POINT('',(-0.0107136601228342,-0.074,0.014102026801848));
#4295=CARTESIAN_POINT('',(-0.0107136601228342,-0.074,0.014102026801848));
#4296=CARTESIAN_POINT('',(-0.0107136601228342,-0.074,0.014102026801848));
#4297=CARTESIAN_POINT('',(-0.00974148236131317,-0.074,0.01315));
#4298=CARTESIAN_POINT('',(-0.00974148236131317,-0.074,0.01315));
#4299=CARTESIAN_POINT('',(0.0147585176386868,-0.074,0.01315));
#4300=CARTESIAN_POINT('',(0.0132993266810267,-0.074,0.0145789453592656));
#4301=CARTESIAN_POINT('',(0.0147585176386868,-0.074,0.01315));
#4302=CARTESIAN_POINT('',(0.0132993266810267,-0.074,0.0117210546407344));
#4303=CARTESIAN_POINT('',(0.0132993266810267,-0.074,0.0117210546407344));
#4304=CARTESIAN_POINT('',(0.0119,-0.074,0.01315));
#4305=CARTESIAN_POINT('',(-0.0057543608336541,-0.091,0.038));
#4306=CARTESIAN_POINT('',(-0.0046624501308555,-0.0691016805573331,0.035));
#4307=CARTESIAN_POINT('',(-0.00573616232194079,-0.0696471161630648,0.03795));
#4308=CARTESIAN_POINT('',(-0.00494505741629105,-0.0719994580362003,0.0357764571353076));
#4309=CARTESIAN_POINT('',(-0.00494505741629105,-0.0719994580362003,0.0357764571353076));
#4310=CARTESIAN_POINT('',(0.00327210097614764,-0.074,0.0132));
#4311=CARTESIAN_POINT('',(0.00327210097614764,-0.0689,0.0132));
#4312=CARTESIAN_POINT('',(-0.00405576773953911,-0.0689,0.0333331538290775));
#4313=CARTESIAN_POINT('',(-0.00405576773953911,-0.0689,0.0333331538290775));
#4314=CARTESIAN_POINT('',(-0.00405576773953911,-0.067,0.0333331538290775));
#4315=CARTESIAN_POINT('',(-0.00405576773953911,-0.067,0.0333331538290775));
#4316=CARTESIAN_POINT('',(-0.00528706328571898,-0.067,0.0367161105388817));
#4317=CARTESIAN_POINT('',(-0.00528706328571898,-0.067,0.0367161105388817));
#4318=CARTESIAN_POINT('',(-0.00528706328571898,-0.034,0.0367161105388817));
#4319=CARTESIAN_POINT('',(-0.00528706328571898,-0.034,0.0367161105388817));
#4320=CARTESIAN_POINT('',(-0.00528706328571898,-0.034,0.0367161105388817));
#4321=CARTESIAN_POINT('',(-0.00573616232194079,-0.0536813509604534,0.03795));
#4322=CARTESIAN_POINT('',(-0.00573616232194079,-0.0536813509604534,0.03795));
#4323=CARTESIAN_POINT('',(-0.00573616232194079,-0.0696471161630648,0.03795));
#4324=CARTESIAN_POINT('',(-0.0088,-0.009,0.03365));
#4325=CARTESIAN_POINT('',(-0.0088,-0.0318,0.03365));
#4326=CARTESIAN_POINT('',(-0.00810033665948663,-0.0318,0.0343644726796328));
#4327=CARTESIAN_POINT('',(-0.00810033665948663,-0.0318,0.0329355273203672));
#4328=CARTESIAN_POINT('',(-0.00810033665948663,-0.0318,0.0343644726796328));
#4329=CARTESIAN_POINT('',(-0.00810033665948663,-0.034,0.0343644726796328));
#4330=CARTESIAN_POINT('',(-0.0088,-0.034,0.03365));
#4331=CARTESIAN_POINT('',(-0.00810033665948663,-0.034,0.0329355273203672));
#4332=CARTESIAN_POINT('',(-0.00810033665948663,-0.0318,0.0329355273203672));
#4333=CARTESIAN_POINT('',(-0.00737074118065657,-0.009,0.03365));
#4334=CARTESIAN_POINT('',(-0.00737074118065657,-0.0318,0.03365));
#4335=CARTESIAN_POINT('',(-0.00737074118065658,-0.0318,0.03365));
#4336=CARTESIAN_POINT('',(-0.00737074118065658,-0.034,0.03365));
#4337=CARTESIAN_POINT('',(-0.00737074118065658,-0.034,0.03365));
#4338=CARTESIAN_POINT('',(-0.00737074118065658,-0.0318,0.03365));
#4339=CARTESIAN_POINT('',(-0.00810033665948662,-0.009,0.0343644726796328));
#4340=CARTESIAN_POINT('',(-0.00810033665948663,-0.0318,0.0343644726796328));
#4341=CARTESIAN_POINT('',(-0.00810033665948663,-0.034,0.0343644726796328));
#4342=CARTESIAN_POINT('',(-0.0088,-0.009,0.01315));
#4343=CARTESIAN_POINT('',(-0.0088,-0.0318,0.01315));
#4344=CARTESIAN_POINT('',(-0.00810033665948663,-0.0318,0.0138644726796328));
#4345=CARTESIAN_POINT('',(-0.00810033665948663,-0.0318,0.0124355273203672));
#4346=CARTESIAN_POINT('',(-0.00810033665948663,-0.0318,0.0138644726796328));
#4347=CARTESIAN_POINT('',(-0.00810033665948663,-0.034,0.0138644726796328));
#4348=CARTESIAN_POINT('',(-0.0088,-0.034,0.01315));
#4349=CARTESIAN_POINT('',(-0.00810033665948663,-0.034,0.0124355273203672));
#4350=CARTESIAN_POINT('',(-0.00810033665948663,-0.0318,0.0124355273203672));
#4351=CARTESIAN_POINT('',(-0.00737074118065658,-0.009,0.01315));
#4352=CARTESIAN_POINT('',(-0.00737074118065658,-0.0318,0.01315));
#4353=CARTESIAN_POINT('',(-0.00737074118065658,-0.0318,0.01315));
#4354=CARTESIAN_POINT('',(-0.00737074118065658,-0.034,0.01315));
#4355=CARTESIAN_POINT('',(-0.00737074118065658,-0.034,0.01315));
#4356=CARTESIAN_POINT('',(-0.00737074118065658,-0.0318,0.01315));
#4357=CARTESIAN_POINT('',(-0.00810033665948663,-0.009,0.0138644726796328));
#4358=CARTESIAN_POINT('',(-0.00810033665948663,-0.0318,0.0138644726796328));
#4359=CARTESIAN_POINT('',(-0.00810033665948663,-0.034,0.0138644726796328));
#4360=CARTESIAN_POINT('',(0.0119,-0.009,0.01315));
#4361=CARTESIAN_POINT('',(0.0119,-0.0318,0.01315));
#4362=CARTESIAN_POINT('',(0.0125996633405134,-0.0318,0.0138644726796328));
#4363=CARTESIAN_POINT('',(0.0125996633405134,-0.0318,0.0124355273203672));
#4364=CARTESIAN_POINT('',(0.0125996633405134,-0.0318,0.0138644726796328));
#4365=CARTESIAN_POINT('',(0.0125996633405134,-0.034,0.0138644726796328));
#4366=CARTESIAN_POINT('',(0.0119,-0.034,0.01315));
#4367=CARTESIAN_POINT('',(0.0125996633405134,-0.034,0.0124355273203672));
#4368=CARTESIAN_POINT('',(0.0125996633405134,-0.0318,0.0124355273203672));
#4369=CARTESIAN_POINT('',(0.0133292588193434,-0.009,0.01315));
#4370=CARTESIAN_POINT('',(0.0133292588193434,-0.0318,0.01315));
#4371=CARTESIAN_POINT('',(0.0133292588193434,-0.0318,0.01315));
#4372=CARTESIAN_POINT('',(0.0133292588193434,-0.034,0.01315));
#4373=CARTESIAN_POINT('',(0.0133292588193434,-0.034,0.01315));
#4374=CARTESIAN_POINT('',(0.0133292588193434,-0.0318,0.01315));
#4375=CARTESIAN_POINT('',(0.0125996633405134,-0.009,0.0138644726796328));
#4376=CARTESIAN_POINT('',(0.0125996633405134,-0.0318,0.0138644726796328));
#4377=CARTESIAN_POINT('',(0.0125996633405134,-0.034,0.0138644726796328));
#4378=CARTESIAN_POINT('',(-0.015,-0.066,0.0460656654467775));
#4379=CARTESIAN_POINT('',(-0.015,-0.034,0.03575));
#4380=CARTESIAN_POINT('',(-0.015,-0.034,0.03575));
#4381=CARTESIAN_POINT('',(-0.015,-0.066,0.03575));
#4382=CARTESIAN_POINT('',(-0.015,-0.066,0.03575));
#4383=CARTESIAN_POINT('',(-0.015,-0.066,0.011));
#4384=CARTESIAN_POINT('',(-0.015,-0.066,0.011));
#4385=CARTESIAN_POINT('',(-0.015,-0.034,0.011));
#4386=CARTESIAN_POINT('',(-0.015,-0.034,0.0164));
#4387=CARTESIAN_POINT('',(-0.015,-0.034,0.0164));
#4388=CARTESIAN_POINT('',(-0.015,-0.0328,0.0164));
#4389=CARTESIAN_POINT('',(-0.015,-0.0328,0.0164));
#4390=CARTESIAN_POINT('',(-0.015,-0.0328,0.0304));
#4391=CARTESIAN_POINT('',(-0.015,-0.0328,0.0304));
#4392=CARTESIAN_POINT('',(-0.015,-0.034,0.0304));
#4393=CARTESIAN_POINT('',(-0.015,-0.034,0.0304));
#4394=CARTESIAN_POINT('',(-0.015,-0.034,0.03575));
#4395=CARTESIAN_POINT('',(-0.015,-0.05035,0.0234));
#4396=CARTESIAN_POINT('',(-0.015,-0.05035,0.0184));
#4397=CARTESIAN_POINT('',(0.016,-0.034,0.038));
#4398=CARTESIAN_POINT('',(-0.00625317382460071,-0.034,0.03575));
#4399=CARTESIAN_POINT('',(-0.00625317382460071,-0.034,0.03575));
#4400=CARTESIAN_POINT('',(-0.015,-0.034,0.03575));
#4401=CARTESIAN_POINT('',(0.00358781277625562,-0.034,0.0304));
#4402=CARTESIAN_POINT('',(0.00358781313993273,-0.0339999999933924,0.0304000001102909));
#4403=CARTESIAN_POINT('',(0.000200302094458329,-0.034,0.03795));
#4404=CARTESIAN_POINT('',(0.000451414579627338,-0.034,0.0373583761066134));
#4405=CARTESIAN_POINT('',(0.000704737014097496,-0.034,0.0367676707863853));
#4406=CARTESIAN_POINT('',(0.000960695790125081,-0.034,0.0361780612707484));
#4407=CARTESIAN_POINT('',(0.00128234691383613,-0.034,0.0354371272570817));
#4408=CARTESIAN_POINT('',(0.00160816460729799,-0.034,0.0346979584460834));
#4409=CARTESIAN_POINT('',(0.00193904363766807,-0.034,0.0339608266907274));
#4410=CARTESIAN_POINT('',(0.00226992266803816,-0.034,0.0332236949353713));
#4411=CARTESIAN_POINT('',(0.00260579181903757,-0.034,0.0324888505973289));
#4412=CARTESIAN_POINT('',(0.00294713388428734,-0.034,0.031756886894872));
#4413=CARTESIAN_POINT('',(0.0031585569677717,-0.034,0.0313035175661935));
#4414=CARTESIAN_POINT('',(0.00337210648000332,-0.034,0.0308512138285768));
#4415=CARTESIAN_POINT('',(0.00358781312230297,-0.034,0.0304000001654373));
#4416=CARTESIAN_POINT('',(-0.0352,-0.066,0.038));
#4417=CARTESIAN_POINT('',(-0.015,-0.066,0.011));
#4418=CARTESIAN_POINT('',(0.015,-0.066,0.011));
#4419=CARTESIAN_POINT('',(-0.015,-0.066,0.03575));
#4420=CARTESIAN_POINT('',(-0.00625317382460071,-0.066,0.03575));
#4421=CARTESIAN_POINT('',(-0.00625317382460071,-0.066,0.03575));
#4422=CARTESIAN_POINT('',(-0.00606726929442888,-0.066,0.0359359045301718));
#4423=CARTESIAN_POINT('',(-0.00485309934109256,-0.066,0.0326));
#4424=CARTESIAN_POINT('',(-0.00485309934109256,-0.066,0.0326));
#4425=CARTESIAN_POINT('',(-0.00485309934109256,-0.066,0.0326));
#4426=CARTESIAN_POINT('',(-0.01,-0.066,0.0326));
#4427=CARTESIAN_POINT('',(-0.01,-0.066,0.0326));
#4428=CARTESIAN_POINT('',(-0.01,-0.066,0.0142));
#4429=CARTESIAN_POINT('',(0.00190813074188143,-0.066,0.0142));
#4430=CARTESIAN_POINT('',(0.00190813074188143,-0.066,0.0142));
#4431=CARTESIAN_POINT('',(0.00290813074188143,-0.066,0.0132));
#4432=CARTESIAN_POINT('',(0.00290813074188143,-0.066,0.0132));
#4433=CARTESIAN_POINT('',(0.00290813074188143,-0.066,0.0132));
#4434=CARTESIAN_POINT('',(0.00747210097614764,-0.066,0.0132));
#4435=CARTESIAN_POINT('',(0.00747210097614764,-0.066,0.0132));
#4436=CARTESIAN_POINT('',(0.00858271349097684,-0.066,0.0142));
#4437=CARTESIAN_POINT('',(0.015,-0.066,0.0142));
#4438=CARTESIAN_POINT('',(0.015,-0.066,0.0142));
#4439=CARTESIAN_POINT('',(0.015,-0.066,0.011));
#4440=CARTESIAN_POINT('',(0.0589773195999937,-0.0679,0.0142));
#4441=CARTESIAN_POINT('',(0.00858271349097684,-0.066,0.0142));
#4442=CARTESIAN_POINT('',(0.00858271349097684,-0.0679,0.0142));
#4443=CARTESIAN_POINT('',(0.0150941822398365,-0.0679,0.0142));
#4444=CARTESIAN_POINT('',(0.0150941822398365,-0.0679,0.0142));
#4445=CARTESIAN_POINT('',(0.0150941822398365,-0.0679,0.0142));
#4446=CARTESIAN_POINT('',(0.0150941822398365,-0.0660941822398365,0.0142));
#4447=CARTESIAN_POINT('',(0.0150941822398365,-0.0660941822398365,0.0142));
#4448=CARTESIAN_POINT('',(0.0589773195999937,-0.0679,0.0326));
#4449=CARTESIAN_POINT('',(0.0107484078948937,-0.0679,0.01615));
#4450=CARTESIAN_POINT('',(0.0107484078948937,-0.0679,0.01615));
#4451=CARTESIAN_POINT('',(0.0125809859561751,-0.0679,0.01615));
#4452=CARTESIAN_POINT('',(0.0202,-0.0679,0.023375));
#4453=CARTESIAN_POINT('',(0.00858271349097683,-0.0679,0.0142));
#4454=CARTESIAN_POINT('',(0.0589773195999937,-0.0679,0.0142));
#4455=CARTESIAN_POINT('',(-0.01,-0.066,0.0142));
#4456=CARTESIAN_POINT('',(-0.01,-0.0679,0.0142));
#4457=CARTESIAN_POINT('',(0.00184395296940553,-0.0679,0.0142));
#4458=CARTESIAN_POINT('',(0.00184395296940553,-0.0679,0.0142));
#4459=CARTESIAN_POINT('',(0.00190813074188143,-0.0679603073792141,0.0142));
#4460=CARTESIAN_POINT('',(0.00190813074188143,-0.0679603073792141,0.0142));
#4461=CARTESIAN_POINT('',(0.00190813074188143,-0.066,0.0142));
#4462=CARTESIAN_POINT('',(0.0589773195999937,-0.0679,0.0326));
#4463=CARTESIAN_POINT('',(-0.01,-0.0679,0.0142));
#4464=CARTESIAN_POINT('',(-0.01,-0.0679,0.0326));
#4465=CARTESIAN_POINT('',(-0.00485309934109253,-0.0679,0.0326));
#4466=CARTESIAN_POINT('',(-0.00485309934109253,-0.0679,0.0326));
#4467=CARTESIAN_POINT('',(0.00184395296940553,-0.0679,0.0142));
#4468=CARTESIAN_POINT('',(0.0589773195999937,-0.066,0.0326));
#4469=CARTESIAN_POINT('',(-0.0047889215686166,-0.0679603073792141,0.0326));
#4470=CARTESIAN_POINT('',(-0.0047889215686166,-0.0679603073792141,0.0326));
#4471=CARTESIAN_POINT('',(-0.0047889215686166,-0.0660603073792141,0.0326));
#4472=CARTESIAN_POINT('',(-0.00485309934109253,-0.0679,0.0326));
#4473=CARTESIAN_POINT('',(-0.01,-0.0679,0.0326));
#4474=CARTESIAN_POINT('',(-0.00485309934109257,-0.066,0.0326));
#4475=CARTESIAN_POINT('',(0.016,-0.034,0.038));
#4476=CARTESIAN_POINT('',(0.0202,-0.034,0.023375));
#4477=CARTESIAN_POINT('',(0.0110567306175525,-0.034,0.0164));
#4478=CARTESIAN_POINT('',(0.015,-0.034,0.0131178074016327));
#4479=CARTESIAN_POINT('',(0.0110567306175525,-0.034,0.0164));
#4480=CARTESIAN_POINT('',(0.015,-0.034,0.011));
#4481=CARTESIAN_POINT('',(0.015,-0.034,0.011));
#4482=CARTESIAN_POINT('',(0.015,-0.034,0.0131178074016327));
#4483=CARTESIAN_POINT('',(0.016,-0.026,0.038));
#4484=CARTESIAN_POINT('',(0.016,-0.029,0.011));
#4485=CARTESIAN_POINT('',(0.016,-0.029,0.011));
#4486=CARTESIAN_POINT('',(0.016,-0.033,0.011));
#4487=CARTESIAN_POINT('',(0.016,-0.029,0.008));
#4488=CARTESIAN_POINT('',(0.016,-0.026,0.008));
#4489=CARTESIAN_POINT('',(0.016,-0.026,0.0137515910405927));
#4490=CARTESIAN_POINT('',(0.016,-0.026,0.0137515910405927));
#4491=CARTESIAN_POINT('',(0.016,-0.033,0.0137515910405927));
#4492=CARTESIAN_POINT('',(0.016,-0.033,0.0137515910405927));
#4493=CARTESIAN_POINT('',(0.016,-0.033,0.011));
#4494=CARTESIAN_POINT('',(0.016,-0.026,0.038));
#4495=CARTESIAN_POINT('',(0.016,-0.074,0.0137515910405927));
#4496=CARTESIAN_POINT('',(0.016,-0.067,0.0137515910405927));
#4497=CARTESIAN_POINT('',(0.016,-0.071,0.008));
#4498=CARTESIAN_POINT('',(0.016,-0.071,0.011));
#4499=CARTESIAN_POINT('',(0.016,-0.026,0.011));
#4500=CARTESIAN_POINT('',(0.016,-0.067,0.011));
#4501=CARTESIAN_POINT('',(0.016,-0.067,0.038));
#4502=CARTESIAN_POINT('',(0.,-0.05,0.011));
#4503=CARTESIAN_POINT('',(0.016,-0.033,0.011));
#4504=CARTESIAN_POINT('',(0.015,-0.066,0.011));
#4505=CARTESIAN_POINT('',(0.02,-0.071,0.011));
#4506=CARTESIAN_POINT('',(0.02,-0.071,0.011));
#4507=CARTESIAN_POINT('',(0.02,-0.064,0.011));
#4508=CARTESIAN_POINT('',(0.027,-0.064,0.011));
#4509=CARTESIAN_POINT('',(0.027,-0.036,0.011));
#4510=CARTESIAN_POINT('',(0.027,-0.036,0.011));
#4511=CARTESIAN_POINT('',(0.02,-0.036,0.011));
#4512=CARTESIAN_POINT('',(0.02,-0.029,0.011));
#4513=CARTESIAN_POINT('',(0.016,-0.029,0.011));
#4514=CARTESIAN_POINT('',(-0.035,-0.026,0.011));
#4515=CARTESIAN_POINT('',(0.00572325341815206,-0.026,0.0283103328837334));
#4516=CARTESIAN_POINT('',(0.00572325341815206,-0.026,0.0283103328832564));
#4517=CARTESIAN_POINT('',(-0.010313933351738,-0.026,0.0283103328837333));
#4518=CARTESIAN_POINT('',(0.00572325341815207,-0.026,0.0283103328832563));
#4519=CARTESIAN_POINT('',(0.00725131186267194,-0.026,0.025254919206843));
#4520=CARTESIAN_POINT('',(0.00887196529212823,-0.026,0.0222487749106136));
#4521=CARTESIAN_POINT('',(0.0109640868943678,-0.026,0.0183802118057707));
#4522=CARTESIAN_POINT('',(0.0109640868943678,-0.026,0.0183802118057707));
#4523=CARTESIAN_POINT('',(0.0202,-0.026,0.023375));
#4524=CARTESIAN_POINT('',(-0.0107097904066303,-0.026,0.008));
#4525=CARTESIAN_POINT('',(-0.0107097904066303,-0.026,0.008));
#4526=CARTESIAN_POINT('',(-0.0107097904066303,-0.026,0.0125561139816909));
#4527=CARTESIAN_POINT('',(-0.0107097904066303,-0.026,0.012556113981691));
#4528=CARTESIAN_POINT('',(-0.0088,-0.026,0.01315));
#4529=CARTESIAN_POINT('',(-0.00740067331897327,-0.026,0.0117210546407344));
#4530=CARTESIAN_POINT('',(-0.00740067331897327,-0.026,0.0117210546407344));
#4531=CARTESIAN_POINT('',(-0.00594148236131317,-0.026,0.01315));
#4532=CARTESIAN_POINT('',(-0.00594148236131317,-0.026,0.01315));
#4533=CARTESIAN_POINT('',(-0.00740067331897327,-0.026,0.0145789453592656));
#4534=CARTESIAN_POINT('',(-0.0088,-0.026,0.01315));
#4535=CARTESIAN_POINT('',(-0.0107097904066303,-0.026,0.013743886018309));
#4536=CARTESIAN_POINT('',(-0.0107097904066303,-0.026,0.0282749702411191));
#4537=CARTESIAN_POINT('',(-0.0107097904066303,-0.026,0.0282749702411191));
#4538=CARTESIAN_POINT('',(0.00090771962458784,-0.026,-0.00259929355751675));
#4539=CARTESIAN_POINT('',(0.0132993266810267,-0.026,0.0117210546407344));
#4540=CARTESIAN_POINT('',(0.0132993266810267,-0.026,0.0117210546407344));
#4541=CARTESIAN_POINT('',(0.0147585176386868,-0.026,0.01315));
#4542=CARTESIAN_POINT('',(0.0147585176386868,-0.026,0.01315));
#4543=CARTESIAN_POINT('',(0.0132993266810267,-0.026,0.0145789453592656));
#4544=CARTESIAN_POINT('',(0.0119,-0.026,0.01315));
#4545=CARTESIAN_POINT('',(0.0589773195999937,-0.034,0.0164));
#4546=CARTESIAN_POINT('',(0.051103904474152,-0.0831691204999526,0.0164));
#4547=CARTESIAN_POINT('',(0.0110567306175525,-0.0328,0.0164));
#4548=CARTESIAN_POINT('',(0.0111577015458292,-0.0327198855657269,0.0164));
#4549=CARTESIAN_POINT('',(0.0110567306175525,-0.0328,0.0164));
#4550=CARTESIAN_POINT('',(0.0511039044320705,-0.0843691204470155,0.0164));
#4551=CARTESIAN_POINT('',(0.0111577015458293,-0.0339198855657269,0.0164));
#4552=CARTESIAN_POINT('',(0.0111577015458232,-0.0327198855657269,0.0164));
#4553=CARTESIAN_POINT('',(0.0589773195999937,-0.0328,0.0164));
#4554=CARTESIAN_POINT('',(0.00358781519934498,-0.0328,0.0304000001293688));
#4555=CARTESIAN_POINT('',(0.00398738102985678,-0.0328,0.0295643017730405));
#4556=CARTESIAN_POINT('',(0.00439435632375506,-0.0328,0.0287324124318977));
#4557=CARTESIAN_POINT('',(0.00480832824054996,-0.0328,0.0279041198727553));
#4558=CARTESIAN_POINT('',(0.00536995206819258,-0.0328,0.0267803991115135));
#4559=CARTESIAN_POINT('',(0.00594430967935565,-0.0328,0.0256632244657205));
#4560=CARTESIAN_POINT('',(0.00652710925106934,-0.0328,0.0245503896130148));
#4561=CARTESIAN_POINT('',(0.00710990882278303,-0.0328,0.023437554760309));
#4562=CARTESIAN_POINT('',(0.00770079444852342,-0.0328,0.0223288767409914));
#4563=CARTESIAN_POINT('',(0.00829503891220221,-0.0328,0.0212219254130543));
#4564=CARTESIAN_POINT('',(0.008889283375881,-0.0328,0.0201149740851172));
#4565=CARTESIAN_POINT('',(0.00948682560353488,-0.0328,0.0190097180539467));
#4566=CARTESIAN_POINT('',(0.0100844761224029,-0.0328,0.0179045176920345));
#4567=CARTESIAN_POINT('',(0.00358781519005316,-0.0327999999899311,0.0304000001249261));
#4568=CARTESIAN_POINT('',(0.0100844761224029,-0.0328,0.0179045176920345));
#4569=CARTESIAN_POINT('',(0.00358781410659457,-0.0328,0.0304));
#4570=CARTESIAN_POINT('',(0.0202,-0.0328,0.023375));
#4571=CARTESIAN_POINT('',(0.0589773195999937,-0.0328,0.0304));
#4572=CARTESIAN_POINT('',(0.00358781312230385,-0.034,0.0304000001654355));
#4573=CARTESIAN_POINT('',(0.00369703325208118,-0.0339014682485815,0.0304));
#4574=CARTESIAN_POINT('',(0.00369703325208119,-0.0327014725644098,0.0304));
#4575=CARTESIAN_POINT('',(0.00369703325208119,-0.0327014725644098,0.0304));
#4576=CARTESIAN_POINT('',(0.00369703325208119,-0.0339014682485815,0.0304));
#4577=CARTESIAN_POINT('',(-0.01,-0.05,0.));
#4578=CARTESIAN_POINT('',(0.0109640868943669,-0.0259999999998791,0.0183802118057723));
#4579=CARTESIAN_POINT('',(0.0109640868943667,-0.0330000027223843,0.0183802118057727));
#4580=CARTESIAN_POINT('',(0.00688152156456603,-0.0259999999998791,0.0259293244343461));
#4581=CARTESIAN_POINT('',(0.00688152156456584,-0.0330000027223843,0.0259293244343465));
#4582=CARTESIAN_POINT('',(0.00459428842941575,-0.0259999999998791,0.0301943802765716));
#4583=CARTESIAN_POINT('',(0.00459428842941555,-0.0330000027223843,0.030194380276572));
#4584=CARTESIAN_POINT('',(0.00128703660297889,-0.0259999999998791,0.037950000056117));
#4585=CARTESIAN_POINT('',(0.00128703660297869,-0.0330000027223843,0.0379500000561175));
#4586=CARTESIAN_POINT('',(0.00437321259445197,-0.033,0.0310761805307853));
#4587=CARTESIAN_POINT('',(0.00338839583781476,-0.033,0.0331455252863325));
#4588=CARTESIAN_POINT('',(0.00239495041233327,-0.033,0.0353519039011235));
#4589=CARTESIAN_POINT('',(0.00128703660297779,-0.033,0.0379500000561195));
#4590=CARTESIAN_POINT('',(0.00437321347804916,-0.0330000027223843,0.0310761806220981));
#4591=CARTESIAN_POINT('',(0.00437321297765715,-0.033,0.031076179725576));
#4592=CARTESIAN_POINT('',(0.00437321306363313,-0.0317999968941707,0.0310761795449191));
#4593=CARTESIAN_POINT('',(0.0109640868943673,-0.0318,0.0183802118057717));
#4594=CARTESIAN_POINT('',(0.00869551830950259,-0.0318001408964638,0.02257504480153));
#4595=CARTESIAN_POINT('',(0.00642267752502315,-0.0318001482202609,0.02676974544956));
#4596=CARTESIAN_POINT('',(0.00437321305755236,-0.0317999952204946,0.0310761795576963));
#4597=CARTESIAN_POINT('',(0.0109640868943678,-0.0318,0.0183802118057707));
#4598=CARTESIAN_POINT('',(0.0109640868943678,-0.0318,0.0183802118057707));
#4599=CARTESIAN_POINT('',(0.00222717730875441,-0.0280005419638008,0.0357764571353116));
#4600=CARTESIAN_POINT('',(0.00278003383299338,-0.0276631907954582,0.0345174454350644));
#4601=CARTESIAN_POINT('',(0.00334229588632629,-0.0273295344094276,0.033272222850128));
#4602=CARTESIAN_POINT('',(0.0045132309267324,-0.026658665421322,0.0307685057012957));
#4603=CARTESIAN_POINT('',(0.00510250559153393,-0.0263325812129995,0.0295515428682904));
#4604=CARTESIAN_POINT('',(0.00572325341813909,-0.0259999999998791,0.0283103328832823));
#4605=CARTESIAN_POINT('',(0.00222717730875441,-0.0280005419638002,0.0357764571353096));
#4606=CARTESIAN_POINT('',(0.00128703662690944,-0.0303528838369352,0.037949999999999));
#4607=CARTESIAN_POINT('',(0.00133282706472779,-0.0297721159809823,0.0378426198415918));
#4608=CARTESIAN_POINT('',(0.00156984039432203,-0.0287168096984091,0.0372865116585457));
#4609=CARTESIAN_POINT('',(0.00199629373097772,-0.0281414263366846,0.0363022447729195));
#4610=CARTESIAN_POINT('',(0.00222717730876408,-0.0280005419637949,0.0357764571352896));
#4611=CARTESIAN_POINT('',(0.0202,-0.074,0.023375));
#4612=CARTESIAN_POINT('',(0.0202,-0.033,0.023375));
#4613=CARTESIAN_POINT('',(0.0125455067757802,-0.033,0.0161875989759599));
#4614=CARTESIAN_POINT('',(0.0202,-0.0318,0.023375));
#4615=CARTESIAN_POINT('',(0.0125455067757802,-0.0318,0.0161875989759599));
#4616=CARTESIAN_POINT('',(0.0125455067757802,-0.033,0.0161875989759599));
#4617=CARTESIAN_POINT('',(0.0202,-0.074,0.023375));
#4618=CARTESIAN_POINT('',(0.0125809859561751,-0.074,0.01615));
#4619=CARTESIAN_POINT('',(0.0202,-0.0712,0.023375));
#4620=CARTESIAN_POINT('',(0.00747210097614764,-0.091,0.0132));
#4621=CARTESIAN_POINT('',(0.00747210097614764,-0.074,0.0132));
#4622=CARTESIAN_POINT('',(0.0107484078948937,-0.074,0.01615));
#4623=CARTESIAN_POINT('',(0.00327210097614764,-0.091,0.0132));
#4624=CARTESIAN_POINT('',(0.00290813074188143,-0.0685579798566743,0.0132));
#4625=CARTESIAN_POINT('',(0.00290813074188143,-0.0685579798566743,0.0132));
#4626=CARTESIAN_POINT('',(0.00327210097614765,-0.0689,0.0132));
#4627=CARTESIAN_POINT('',(0.0107484078948937,-0.091,0.01615));
#4628=CARTESIAN_POINT('',(-0.015,-0.0240298626079864,0.03575));
#4629=CARTESIAN_POINT('',(-0.00625317382460071,-0.034,0.03575));
#4630=CARTESIAN_POINT('',(-0.00625317382460071,-0.0240298626079864,0.03575));
#4631=CARTESIAN_POINT('',(-0.00528706328571898,-0.067,0.0367161105388817));
#4632=CARTESIAN_POINT('',(0.016,-0.0318,0.038));
#4633=CARTESIAN_POINT('',(0.0119,-0.0318,0.01315));
#4634=CARTESIAN_POINT('',(0.0132993266810267,-0.0318,0.0145789453592656));
#4635=CARTESIAN_POINT('',(0.0132993266810267,-0.0318,0.0117210546407344));
#4636=CARTESIAN_POINT('',(0.0132993266810267,-0.0318,0.0145789453592656));
#4637=CARTESIAN_POINT('',(0.0147585176386868,-0.0318,0.01315));
#4638=CARTESIAN_POINT('',(0.0147585176386868,-0.0318,0.01315));
#4639=CARTESIAN_POINT('',(0.0119,-0.0402932657377097,0.01315));
#4640=CARTESIAN_POINT('',(0.0132993266810267,-0.0318,0.0117210546407344));
#4641=CARTESIAN_POINT('',(0.0132993266810267,-0.0318,0.0145789453592656));
#4642=CARTESIAN_POINT('',(0.0147585176386868,-0.0402932657377097,0.01315));
#4643=CARTESIAN_POINT('',(0.0147585176386868,-0.0318,0.01315));
#4644=CARTESIAN_POINT('',(0.0132993266810267,-0.0402932657377097,0.0117210546407344));
#4645=CARTESIAN_POINT('',(0.016,-0.0318,0.038));
#4646=CARTESIAN_POINT('',(-0.0088,-0.0318,0.01315));
#4647=CARTESIAN_POINT('',(-0.00740067331897327,-0.0318,0.0145789453592656));
#4648=CARTESIAN_POINT('',(-0.00740067331897327,-0.0318,0.0117210546407344));
#4649=CARTESIAN_POINT('',(-0.00740067331897327,-0.0318,0.0145789453592656));
#4650=CARTESIAN_POINT('',(-0.00594148236131317,-0.0318,0.01315));
#4651=CARTESIAN_POINT('',(-0.00594148236131317,-0.0318,0.01315));
#4652=CARTESIAN_POINT('',(-0.0088,-0.0402932657377097,0.01315));
#4653=CARTESIAN_POINT('',(-0.00740067331897327,-0.0318,0.0145789453592656));
#4654=CARTESIAN_POINT('',(-0.00740067331897327,-0.0318,0.0117210546407344));
#4655=CARTESIAN_POINT('',(-0.0107097904066303,-0.026,0.013743886018309));
#4656=CARTESIAN_POINT('',(-0.0108301095193354,-0.026,0.0133569695392299));
#4657=CARTESIAN_POINT('',(-0.0108301096003125,-0.026,0.0129430307211724));
#4658=CARTESIAN_POINT('',(-0.0107097904066303,-0.026,0.012556113981691));
#4659=CARTESIAN_POINT('',(-0.00594148236131318,-0.0402932657377097,0.01315));
#4660=CARTESIAN_POINT('',(-0.00594148236131317,-0.0318,0.01315));
#4661=CARTESIAN_POINT('',(-0.00740067331897327,-0.0402932657377097,0.0117210546407344));
#4662=CARTESIAN_POINT('',(0.016,-0.0318,0.038));
#4663=CARTESIAN_POINT('',(-0.0088,-0.0318,0.03365));
#4664=CARTESIAN_POINT('',(-0.00740067331897327,-0.0318,0.0350789453592656));
#4665=CARTESIAN_POINT('',(-0.00740067331897327,-0.0318,0.0322210546407344));
#4666=CARTESIAN_POINT('',(-0.00740067331897327,-0.0318,0.0350789453592656));
#4667=CARTESIAN_POINT('',(-0.00594148236131317,-0.0318,0.03365));
#4668=CARTESIAN_POINT('',(-0.00594148236131317,-0.0318,0.03365));
#4669=CARTESIAN_POINT('',(-0.0088,-0.0402932657377097,0.03365));
#4670=CARTESIAN_POINT('',(-0.00740067331897327,-0.0318,0.0350789453592656));
#4671=CARTESIAN_POINT('',(-0.00740067331897327,-0.0278136442466981,0.0350789453592656));
#4672=CARTESIAN_POINT('',(-0.00740067331897327,-0.0318,0.0322210546407344));
#4673=CARTESIAN_POINT('',(-0.00740067331897327,-0.0270478747366112,0.0322210546407344));
#4674=CARTESIAN_POINT('',(-0.0088,-0.0274307594916547,0.03365));
#4675=CARTESIAN_POINT('',(-0.00594148236131317,-0.0402932657377097,0.03365));
#4676=CARTESIAN_POINT('',(-0.00594148236131317,-0.0318,0.03365));
#4677=CARTESIAN_POINT('',(-0.00594148236131317,-0.0274307594916547,0.03365));
#4678=CARTESIAN_POINT('',(-0.00594148236131317,-0.0274307594916547,0.03365));
#4679=CARTESIAN_POINT('',(-0.00740067331897327,-0.0402932657377097,0.0322210546407344));
#4680=CARTESIAN_POINT('',(-0.00740067331897327,-0.0270478747366112,0.0322210546407344));
#4681=CARTESIAN_POINT('',(0.03,-0.0205301119336534,0.00789643270841317));
#4682=CARTESIAN_POINT('',(-0.00935948267120929,-0.0269287451940752,0.0317764571353076));
#4683=CARTESIAN_POINT('',(-0.0131576637217465,-0.0279582374290851,0.0356185744569098));
#4684=CARTESIAN_POINT('',(-0.0111023174185004,-0.0280005419637997,0.0357764571353076));
#4685=CARTESIAN_POINT('',(0.00222717730875441,-0.0280005419637997,0.0357764571353076));
#4686=CARTESIAN_POINT('',(-0.0131576637217466,-0.0279582374277221,0.0356185744572752));
#4687=CARTESIAN_POINT('',(0.03,-0.0794698880663466,0.00789643270841317));
#4688=CARTESIAN_POINT('',(-0.0126,-0.0725692405083453,0.03365));
#4689=CARTESIAN_POINT('',(-0.0112006733189733,-0.0729521252633887,0.0322210546407344));
#4690=CARTESIAN_POINT('',(-0.0117004667357802,-0.0730478760669901,0.0318637077768288));
#4691=CARTESIAN_POINT('',(-0.0117004667357802,-0.0730478760669901,0.0318637077768288));
#4692=CARTESIAN_POINT('',(-0.00494505741629105,-0.0719994580362003,0.0357764571353076));
#4693=CARTESIAN_POINT('',(-0.0111023174185004,-0.0719994580362003,0.0357764571353076));
#4694=CARTESIAN_POINT('',(-0.00935948267120928,-0.0730712548059248,0.0317764571353076));
#4695=CARTESIAN_POINT('',(-0.0131613031426919,-0.072041921155857,0.0356179826098787));
#4696=CARTESIAN_POINT('',(-0.0131613031426919,-0.0720419211572125,0.035617982610242));
#4697=CARTESIAN_POINT('',(-0.0131443786165712,-0.0720535756519022,0.0355744874439237));
#4698=CARTESIAN_POINT('',(-0.0126,-0.0725692405083453,0.03365));
#4699=CARTESIAN_POINT('',(-0.0112006733189733,-0.0721863557533019,0.0350789453592656));
#4700=CARTESIAN_POINT('',(-0.0112006733189733,-0.0721863557533019,0.0350789453592656));
#4701=CARTESIAN_POINT('',(-0.00974148236131317,-0.0725692405083453,0.03365));
#4702=CARTESIAN_POINT('',(-0.00974148236131317,-0.0725692405083453,0.03365));
#4703=CARTESIAN_POINT('',(-0.0128330972371066,-0.0319627027535745,0.031));
#4704=CARTESIAN_POINT('',(-0.0972119204453623,-0.0838534229083842,0.031));
#4705=CARTESIAN_POINT('',(-0.0313781615417665,-0.0385192618176238,0.0366520174205405));
#4706=CARTESIAN_POINT('',(-0.0186374846624174,-0.029745831473178,0.0359704552565732));
#4707=CARTESIAN_POINT('',(-0.0313781615425449,-0.0385192618176238,0.0366520174205245));
#4708=CARTESIAN_POINT('',(-0.0300845105258653,-0.0377665073297083,0.036678659696739));
#4709=CARTESIAN_POINT('',(-0.0286573947829664,-0.0374055470917244,0.037024489362693));
#4710=CARTESIAN_POINT('',(-0.0272057039302954,-0.037365976181686,0.0373589426320048));
#4711=CARTESIAN_POINT('',(-0.0272057039302456,-0.0373659761816847,0.0373589426320162));
#4712=CARTESIAN_POINT('',(-0.0272057039310712,-0.0373659761816847,0.037358942631826));
#4713=CARTESIAN_POINT('',(-0.0263075410482343,-0.0373414936119865,0.0375658692733337));
#4714=CARTESIAN_POINT('',(-0.0249366791455826,-0.0372910795562532,0.0377877554360301));
#4715=CARTESIAN_POINT('',(-0.0231283710641959,-0.0370869438760441,0.0379291866606078));
#4716=CARTESIAN_POINT('',(-0.0222392177371005,-0.0367667618946055,0.03795));
#4717=CARTESIAN_POINT('',(-0.021837224063905,-0.0365195465340845,0.03795));
#4718=CARTESIAN_POINT('',(-0.0121874685268339,-0.0305860525570534,0.0379500867292063));
#4719=CARTESIAN_POINT('',(-0.0143260250143462,-0.0299480722704714,0.03775033814764));
#4720=CARTESIAN_POINT('',(-0.0159469739654728,-0.0293264119288985,0.0369770728528935));
#4721=CARTESIAN_POINT('',(-0.0169792881815093,-0.0288365679337063,0.0360620456313191));
#4722=CARTESIAN_POINT('',(-0.0169792878441635,-0.0288365678302614,0.0360620453061102));
#4723=CARTESIAN_POINT('',(-0.0186374846624175,-0.0297458314731779,0.0359704552565732));
#4724=CARTESIAN_POINT('',(-0.0181130815939467,-0.0293847192781815,0.0359378342706919));
#4725=CARTESIAN_POINT('',(-0.0175630256925915,-0.0290764244565173,0.0359651265081034));
#4726=CARTESIAN_POINT('',(-0.0169792879174015,-0.0288365677893772,0.0360620456460371));
#4727=CARTESIAN_POINT('',(-0.0315330972371066,-0.0565372972464255,0.031));
#4728=CARTESIAN_POINT('',(-0.0169813257468354,-0.0711643990958486,0.036060238740342));
#4729=CARTESIAN_POINT('',(-0.0159489800033469,-0.0706743543577363,0.0369761299559737));
#4730=CARTESIAN_POINT('',(-0.0143273151954431,-0.0700523126409025,0.0377502178917429));
#4731=CARTESIAN_POINT('',(-0.0121874671851222,-0.0694139470426833,0.0379500868545268));
#4732=CARTESIAN_POINT('',(-0.0121876828445153,-0.0694131969022672,0.03795));
#4733=CARTESIAN_POINT('',(-0.0169813254086279,-0.0711643991994359,0.0360602384145559));
#4734=CARTESIAN_POINT('',(-0.0121883966667061,-0.0694142243251551,0.03795));
#4735=CARTESIAN_POINT('',(-0.0272057039302956,-0.0626340238183152,0.0373589426320047));
#4736=CARTESIAN_POINT('',(-0.0279352073786101,-0.0626141386511172,0.0371908732301658));
#4737=CARTESIAN_POINT('',(-0.0293636669755515,-0.0624138687215141,0.0368483725172696));
#4738=CARTESIAN_POINT('',(-0.0307557104677561,-0.0618460857259202,0.0366628766830861));
#4739=CARTESIAN_POINT('',(-0.031403721811501,-0.0614658017263749,0.0366515303846792));
#4740=CARTESIAN_POINT('',(-0.0314037218108098,-0.0614658017267805,0.0366515303846912));
#4741=CARTESIAN_POINT('',(-0.0972481053796902,-0.0161243243245158,0.031));
#4742=CARTESIAN_POINT('',(-0.0186405524383849,-0.0702547207554729,0.0359683943111906));
#4743=CARTESIAN_POINT('',(-0.0169813254821179,-0.0711643992404511,0.0360602387551535));
#4744=CARTESIAN_POINT('',(-0.0175654371942169,-0.0709244989070245,0.0359630954077087));
#4745=CARTESIAN_POINT('',(-0.0181158304968526,-0.0706160525314713,0.035935726186738));
#4746=CARTESIAN_POINT('',(-0.0186405524383849,-0.070254720755473,0.0359683943111909));
#4747=CARTESIAN_POINT('',(-0.035,-0.071,0.008));
#4748=CARTESIAN_POINT('',(-0.0175582663009659,-0.071,0.008));
#4749=CARTESIAN_POINT('',(-0.0175582663009658,-0.071,0.005));
#4750=CARTESIAN_POINT('',(0.02,-0.071,0.005));
#4751=CARTESIAN_POINT('',(0.02,-0.071,0.005));
#4752=CARTESIAN_POINT('',(0.02,-0.071,0.008));
#4753=CARTESIAN_POINT('',(-0.0165280501649469,-0.0714948037670312,0.00504108647775375));
#4754=CARTESIAN_POINT('',(-0.0156996082350295,-0.0723714291593121,0.00518767999700149));
#4755=CARTESIAN_POINT('',(-0.0137916388424089,-0.0736135295627335,0.0061176829607303));
#4756=CARTESIAN_POINT('',(-0.011734381395321,-0.074,0.00737493890195411));
#4757=CARTESIAN_POINT('',(-0.0107136601228342,-0.074,0.008));
#4758=CARTESIAN_POINT('',(0.02,-0.064,0.008));
#4759=CARTESIAN_POINT('',(0.02,-0.064,0.005));
#4760=CARTESIAN_POINT('',(0.027,-0.0639999825303296,0.005));
#4761=CARTESIAN_POINT('',(0.027,-0.064,0.008));
#4762=CARTESIAN_POINT('',(0.027,-0.074,0.008));
#4763=CARTESIAN_POINT('',(0.027,-0.036,0.005));
#4764=CARTESIAN_POINT('',(0.027,-0.0359999814208003,0.005));
#4765=CARTESIAN_POINT('',(0.027,-0.036,0.008));
#4766=CARTESIAN_POINT('',(0.02,-0.036,0.008));
#4767=CARTESIAN_POINT('',(0.02,-0.029,0.008));
#4768=CARTESIAN_POINT('',(0.02,-0.029,0.005));
#4769=CARTESIAN_POINT('',(0.02,-0.036,0.005));
#4770=CARTESIAN_POINT('',(-0.035,-0.029,0.008));
#4771=CARTESIAN_POINT('',(-0.017554396584762,-0.029,0.005));
#4772=CARTESIAN_POINT('',(-0.017554396584762,-0.029,0.005));
#4773=CARTESIAN_POINT('',(-0.017554396584762,-0.029,0.008));
#4774=CARTESIAN_POINT('',(-0.0152470115881904,-0.0274110984261713,0.00545532088689267));
#4775=CARTESIAN_POINT('',(-0.0152470115881904,-0.0274110984261713,0.00545532088689268));
#4776=CARTESIAN_POINT('',(-0.013819337717171,-0.026427979759825,0.00606918170265208));
#4777=CARTESIAN_POINT('',(-0.0122564054389779,-0.026,0.00705289630270356));
#4778=CARTESIAN_POINT('',(-0.0107097904066303,-0.026,0.008));
#4779=CARTESIAN_POINT('',(0.03,-0.0308983194426669,0.035));
#4780=CARTESIAN_POINT('',(-0.0111023174185004,-0.0280005419637997,0.0357764571353076));
#4781=CARTESIAN_POINT('',(-0.0111023174185004,-0.0281462788557537,0.0363203546206171));
#4782=CARTESIAN_POINT('',(-0.0111023174185004,-0.0287520520072092,0.0373228227247724));
#4783=CARTESIAN_POINT('',(-0.0111023174185004,-0.0297991844609948,0.0378476246255901));
#4784=CARTESIAN_POINT('',(-0.0111023174185004,-0.0303528838369352,0.03795));
#4785=CARTESIAN_POINT('',(-0.0159135312138711,-0.0277004197132017,0.0346563856475936));
#4786=CARTESIAN_POINT('',(-0.0161087126717083,-0.0277757962929734,0.0349376948730025));
#4787=CARTESIAN_POINT('',(-0.0163102441667946,-0.0279149319845233,0.0352117291082008));
#4788=CARTESIAN_POINT('',(-0.0166876581774025,-0.0283057554277883,0.0356900181150506));
#4789=CARTESIAN_POINT('',(-0.0168620973274806,-0.0285573450405227,0.0358920695459533));
#4790=CARTESIAN_POINT('',(-0.0170099160191618,-0.028835569576906,0.0360458622499129));
#4791=CARTESIAN_POINT('',(-0.0148171590553159,-0.0278905943474735,0.035366127045007));
#4792=CARTESIAN_POINT('',(-0.014966429692481,-0.0279976892248395,0.0357658105685548));
#4793=CARTESIAN_POINT('',(-0.015123503078673,-0.0281982804094151,0.0361589301452857));
#4794=CARTESIAN_POINT('',(-0.0154061331123089,-0.0287582428260127,0.036827946582742));
#4795=CARTESIAN_POINT('',(-0.0155296519197455,-0.0291164306669078,0.037099549897024));
#4796=CARTESIAN_POINT('',(-0.015622100766358,-0.0295002622184311,0.0372893099521557));
#4797=CARTESIAN_POINT('',(-0.0130546056579764,-0.0280005419637981,0.0357764571353012));
#4798=CARTESIAN_POINT('',(-0.0131395661734169,-0.028136624431411,0.0362843238184451));
#4799=CARTESIAN_POINT('',(-0.0132343804111381,-0.0284193586618601,0.036789706391425));
#4800=CARTESIAN_POINT('',(-0.0133842078646798,-0.0292219624859764,0.0375882443903571));
#4801=CARTESIAN_POINT('',(-0.0134352733796281,-0.0297396471625619,0.0378717652532095));
#4802=CARTESIAN_POINT('',(-0.0134572597443104,-0.0302654301743433,0.0380051945812178));
#4803=CARTESIAN_POINT('',(-0.0111023174185004,-0.0280005419637997,0.0357764571353076));
#4804=CARTESIAN_POINT('',(-0.0111023174185004,-0.0281591300226271,0.0363683158283253));
#4805=CARTESIAN_POINT('',(-0.0111023174185004,-0.0285386375608584,0.036974551516574));
#4806=CARTESIAN_POINT('',(-0.0111023174185004,-0.0296265744644096,0.0378017167924716));
#4807=CARTESIAN_POINT('',(-0.0111023174185004,-0.0303094436755376,0.0380000199470423));
#4808=CARTESIAN_POINT('',(-0.0111023174185004,-0.0309221738372123,0.0379999991937684));
#4809=CARTESIAN_POINT('',(-0.0169792877195549,-0.0288365676055647,0.0360620446689153));
#4810=CARTESIAN_POINT('',(-0.0159452189463941,-0.0284116678521244,0.0362337039293038));
#4811=CARTESIAN_POINT('',(-0.0146442854418411,-0.0280884579370906,0.036104564014426));
#4812=CARTESIAN_POINT('',(-0.0131576637217464,-0.027958237427722,0.035618574457275));
#4813=CARTESIAN_POINT('',(0.,-0.0691016805573331,0.035));
#4814=CARTESIAN_POINT('',(-0.00573616232194079,-0.0696471161630648,0.03795));
#4815=CARTESIAN_POINT('',(-0.0111023174185004,-0.0696471161630648,0.03795));
#4816=CARTESIAN_POINT('',(-0.0111023174185004,-0.0696471161630648,0.03795));
#4817=CARTESIAN_POINT('',(-0.0111023174185004,-0.0702008155390052,0.0378476246255901));
#4818=CARTESIAN_POINT('',(-0.0111023174185004,-0.0712479479927908,0.0373228227247723));
#4819=CARTESIAN_POINT('',(-0.0111023174185004,-0.0718537211442463,0.0363203546206171));
#4820=CARTESIAN_POINT('',(-0.0111023174185004,-0.0719994580362003,0.0357764571353076));
#4821=CARTESIAN_POINT('',(-0.0170119565237833,-0.0711654063166061,0.0360440344712086));
#4822=CARTESIAN_POINT('',(-0.0168640563289493,-0.0714434758306422,0.0358902945951158));
#4823=CARTESIAN_POINT('',(-0.0166895423172323,-0.0716949091347735,0.0356883455428775));
#4824=CARTESIAN_POINT('',(-0.0163119887335984,-0.0720854844230392,0.035210336728681));
#4825=CARTESIAN_POINT('',(-0.0161103917318824,-0.0722245299341027,0.0349364773769798));
#4826=CARTESIAN_POINT('',(-0.0159151426410211,-0.0722998599367264,0.0346553419798537));
#4827=CARTESIAN_POINT('',(-0.0156241965930657,-0.0705004852045395,0.0372885793076544));
#4828=CARTESIAN_POINT('',(-0.0155316794226241,-0.0708841779998359,0.0370987751349125));
#4829=CARTESIAN_POINT('',(-0.0154080930508339,-0.0712422131712033,0.0368271859619331));
#4830=CARTESIAN_POINT('',(-0.015125333650672,-0.0718019397481724,0.0361582969889941));
#4831=CARTESIAN_POINT('',(-0.0149681977075404,-0.0720024512671298,0.0357652862454172));
#4832=CARTESIAN_POINT('',(-0.0148188634517247,-0.0721095179189408,0.0353657080610447));
#4833=CARTESIAN_POINT('',(-0.013458413925968,-0.0697348892772203,0.0380051977352063));
#4834=CARTESIAN_POINT('',(-0.013436416773737,-0.0702606300795213,0.0378717029276683));
#4835=CARTESIAN_POINT('',(-0.0133853263434231,-0.0707782344129306,0.0375881408300393));
#4836=CARTESIAN_POINT('',(-0.0132354254108003,-0.0715806993516917,0.0367896165697535));
#4837=CARTESIAN_POINT('',(-0.0131405646281212,-0.0718633864944375,0.0362842830426075));
#4838=CARTESIAN_POINT('',(-0.0130555624116664,-0.0719994580362019,0.0357764571353012));
#4839=CARTESIAN_POINT('',(-0.0111023174185004,-0.069077823369121,0.0379999991926179));
#4840=CARTESIAN_POINT('',(-0.0111023174185004,-0.0696905539872194,0.0380000199731443));
#4841=CARTESIAN_POINT('',(-0.0111023174185004,-0.0703734236677796,0.0378017177667742));
#4842=CARTESIAN_POINT('',(-0.0111023174185004,-0.0714613618264775,0.0369745524281911));
#4843=CARTESIAN_POINT('',(-0.0111023174185004,-0.071840869856847,0.036368316278134));
#4844=CARTESIAN_POINT('',(-0.0111023174185004,-0.0719994580362003,0.0357764571353076));
#4845=CARTESIAN_POINT('',(-0.0121870274316364,-0.0694121334824344,0.03795));
#4846=CARTESIAN_POINT('',(-0.011932851523815,-0.0695687886043018,0.03795));
#4847=CARTESIAN_POINT('',(-0.0115712815194364,-0.0696471161645119,0.03795));
#4848=CARTESIAN_POINT('',(-0.0111023174185004,-0.0696471161630649,0.03795));
#4849=CARTESIAN_POINT('',(-0.0131613031426919,-0.0720419211572126,0.0356179826102418));
#4850=CARTESIAN_POINT('',(-0.0146472644628568,-0.0719118622914551,0.0361033689052235));
#4851=CARTESIAN_POINT('',(-0.0159476388762787,-0.0715889474334364,0.036232120439565));
#4852=CARTESIAN_POINT('',(-0.0169813252835791,-0.0711643994247746,0.0360602377761851));
#4853=CARTESIAN_POINT('',(0.0202,-0.0318,0.023375));
#4854=CARTESIAN_POINT('',(0.012545506775781,-0.0317999999999995,0.0161875989759597));
#4855=CARTESIAN_POINT('',(0.0118807243401795,-0.0322149809251616,0.0162893426983768));
#4856=CARTESIAN_POINT('',(0.0111577015458294,-0.0327198855657274,0.0163999999999991));
#4857=CARTESIAN_POINT('',(0.0109640868943678,-0.0318,0.0183802118057707));
#4858=CARTESIAN_POINT('',(0.00343323443575946,-0.0328,0.0307242784264159));
#4859=CARTESIAN_POINT('',(0.00388228026938533,-0.0328,0.0297794350362476));
#4860=CARTESIAN_POINT('',(0.00434084304739759,-0.0328,0.0288394840636291));
#4861=CARTESIAN_POINT('',(0.00536995206819258,-0.0328,0.0267803991115135));
#4862=CARTESIAN_POINT('',(0.00594430967935565,-0.0328,0.0256632244657205));
#4863=CARTESIAN_POINT('',(0.00710990882278303,-0.0328,0.023437554760309));
#4864=CARTESIAN_POINT('',(0.00770079444852342,-0.0328,0.0223288767409914));
#4865=CARTESIAN_POINT('',(0.008889283375881,-0.0328,0.0201149740851172));
#4866=CARTESIAN_POINT('',(0.00948682560353488,-0.0328,0.0190097180539467));
#4867=CARTESIAN_POINT('',(0.0100844761224029,-0.0328,0.0179045176920345));
#4868=CARTESIAN_POINT('',(0.00433643325620187,-0.0318,0.0311535014136677));
#4869=CARTESIAN_POINT('',(0.00478258788333174,-0.0318,0.030214740533116));
#4870=CARTESIAN_POINT('',(0.00523814733944787,-0.0318,0.0292809424589014));
#4871=CARTESIAN_POINT('',(0.00626110174551047,-0.0318,0.0272341688521451));
#4872=CARTESIAN_POINT('',(0.00683246353018498,-0.0318,0.0261227982376172));
#4873=CARTESIAN_POINT('',(0.00799351434887909,-0.0318,0.0239058110969328));
#4874=CARTESIAN_POINT('',(0.00858283339346254,-0.0318,0.0228000572279195));
#4875=CARTESIAN_POINT('',(0.00976938994438847,-0.0318,0.0205897551140237));
#4876=CARTESIAN_POINT('',(0.0103665290228492,-0.0318,0.0194852401016601));
#4877=CARTESIAN_POINT('',(0.0109640868943678,-0.0318,0.0183802118057707));
#4878=CARTESIAN_POINT('',(0.0043418940867194,-0.0317939538998569,0.0311560965388324));
#4879=CARTESIAN_POINT('',(0.00478803123332527,-0.0317939538998569,0.0302173724337429));
#4880=CARTESIAN_POINT('',(0.00524357253105645,-0.0317939538998569,0.0292836115605682));
#4881=CARTESIAN_POINT('',(0.00626648972570203,-0.0317939538998569,0.0272369123894389));
#4882=CARTESIAN_POINT('',(0.00683783339730958,-0.0317939538998569,0.0261255768666652));
#4883=CARTESIAN_POINT('',(0.00799885671637687,-0.0317939538998569,0.0239086422216367));
#4884=CARTESIAN_POINT('',(0.00858816628925376,-0.0317939538998569,0.022802906032329));
#4885=CARTESIAN_POINT('',(0.00977471115683827,-0.0317939538998569,0.0205926256876705));
#4886=CARTESIAN_POINT('',(0.0103718477978186,-0.0317939538998569,0.0194881151555808));
#4887=CARTESIAN_POINT('',(0.0109694051091821,-0.0317939538998569,0.0183830879000198));
#4888=CARTESIAN_POINT('',(1.74102534518962,-2.6380761653677,1.76781217507961));
#4889=CARTESIAN_POINT('',(0.000180797594188327,-0.034,0.0379959651291324));
#4890=CARTESIAN_POINT('',(0.000438295927562809,-0.034,0.0373889714549247));
#4891=CARTESIAN_POINT('',(0.000698108531555815,-0.034,0.0367829397153959));
#4892=CARTESIAN_POINT('',(0.00128234691383613,-0.034,0.0354371272570817));
#4893=CARTESIAN_POINT('',(0.00160816460729799,-0.034,0.0346979584460834));
#4894=CARTESIAN_POINT('',(0.00226992266803816,-0.034,0.0332236949353713));
#4895=CARTESIAN_POINT('',(0.00260579181903757,-0.034,0.0324888505973289));
#4896=CARTESIAN_POINT('',(0.00317223373009322,-0.034,0.031274189526653));
#4897=CARTESIAN_POINT('',(0.00339974401645044,-0.034,0.030792700072835));
#4898=CARTESIAN_POINT('',(0.00362970179653539,-0.034,0.0303124480822545));
#4899=CARTESIAN_POINT('',(0.00110139001777158,-0.0329999964905318,0.0383864988600667));
#4900=CARTESIAN_POINT('',(0.00135789786819672,-0.0329999964905319,0.0377818400791786));
#4901=CARTESIAN_POINT('',(0.00161661625896573,-0.0329999964905318,0.0371783632647439));
#4902=CARTESIAN_POINT('',(0.00219815900917758,-0.0329999964905318,0.0358387603890866));
#4903=CARTESIAN_POINT('',(0.00252231352657287,-0.0329999964905318,0.0351033703692372));
#4904=CARTESIAN_POINT('',(0.00318038883951661,-0.0329999964905318,0.0336373116114677));
#4905=CARTESIAN_POINT('',(0.00351423589609478,-0.0329999964905318,0.0329068959741494));
#4906=CARTESIAN_POINT('',(0.00407711880211704,-0.0329999964905318,0.0316998670474712));
#4907=CARTESIAN_POINT('',(0.0043031620330762,-0.0329999964905318,0.0312214824705653));
#4908=CARTESIAN_POINT('',(0.00453163562413153,-0.0329999964905318,0.030744330320393));
#4909=CARTESIAN_POINT('',(1.75605914271226,-2.66180761710769,1.78276210744582));
#4910=CARTESIAN_POINT('',(0.00437321297765715,-0.0334,0.031076179725576));
#4911=CARTESIAN_POINT('',(0.0202,-0.034,0.023375));
#4912=CARTESIAN_POINT('',(0.016,-0.033,0.0137515910405927));
#4913=CARTESIAN_POINT('',(0.0155159397500402,-0.0334840602499598,0.0134346992211127));
#4914=CARTESIAN_POINT('',(0.015,-0.034,0.0131178074016327));
#4915=CARTESIAN_POINT('',(0.0111577015458294,-0.0339198855657274,0.0163999999999991));
#4916=CARTESIAN_POINT('',(0.011880724340179,-0.0334149809251619,0.0162893426983769));
#4917=CARTESIAN_POINT('',(0.0125455067757802,-0.033,0.0161875989759599));
#4918=CARTESIAN_POINT('',(0.00348038420213623,-0.091,0.0126277465397452));
#4919=CARTESIAN_POINT('',(0.00290813074188143,-0.0685579798566743,0.0132));
#4920=CARTESIAN_POINT('',(-0.0057543608336541,-0.0689,0.038));
#4921=CARTESIAN_POINT('',(-0.00405576773953911,-0.0689,0.0333331538290775));
#4922=CARTESIAN_POINT('',(-0.00405576773953911,-0.091,0.0333331538290775));
#4923=CARTESIAN_POINT('',(-0.0047889215686166,-0.0660603073792141,0.0326));
#4924=CARTESIAN_POINT('',(-0.0057543608336541,-0.067,0.038));
#4925=CARTESIAN_POINT('',(0.015,-0.034,0.038));
#4926=CARTESIAN_POINT('',(0.016,-0.067,0.038));
#4927=CARTESIAN_POINT('',(0.0125455067757802,-0.074,0.0161875989759599));
#4928=CARTESIAN_POINT('',(-0.0337839447396617,-0.025999975,0.0370502935465214));
#4929=CARTESIAN_POINT('',(-0.0337934469248218,-0.0408302524960859,0.0370502935465214));
#4930=CARTESIAN_POINT('',(-0.0337935062072422,-0.0408300847770129,0.0370502935465214));
#4931=CARTESIAN_POINT('',(-0.0337934440858573,-0.0591697393097631,0.0370502930972293));
#4932=CARTESIAN_POINT('',(-0.0352,-0.0453992199011739,0.0370502935465214));
#4933=CARTESIAN_POINT('',(-0.0351858285449331,-0.0437704256204601,0.0370502935465214));
#4934=CARTESIAN_POINT('',(-0.0347204788411234,-0.042171827538549,0.0370502935465214));
#4935=CARTESIAN_POINT('',(-0.0337930518022707,-0.0408303989402491,0.0370502935465214));
#4936=CARTESIAN_POINT('',(-0.0337933741321719,-0.0591696909919574,0.0370502935465214));
#4937=CARTESIAN_POINT('',(-0.0347204885098913,-0.0578274309330299,0.0370502935465214));
#4938=CARTESIAN_POINT('',(-0.0351858313538107,-0.056230062631136,0.0370502935465214));
#4939=CARTESIAN_POINT('',(-0.0352,-0.0546007800988158,0.0370502935465214));
#4940=CARTESIAN_POINT('',(-0.0337934469180258,-0.062785632104135,0.0370502935438486));
#4941=CARTESIAN_POINT('',(-0.0337934469180258,-0.0372143678958649,0.0370502935438486));
#4942=CARTESIAN_POINT('',(-0.0334294545001978,-0.062785632104135,0.0369071398172039));
#4943=CARTESIAN_POINT('',(-0.0334294545001978,-0.037214367895865,0.0369071398172039));
#4944=CARTESIAN_POINT('',(-0.032566654003677,-0.0627856321041349,0.0366602933419462));
#4945=CARTESIAN_POINT('',(-0.032566654003677,-0.0372143678958649,0.0366602933419462));
#4946=CARTESIAN_POINT('',(-0.0309156613260864,-0.0627856321041349,0.0366194286691159));
#4947=CARTESIAN_POINT('',(-0.0309156613260864,-0.0372143678958649,0.0366194286691159));
#4948=CARTESIAN_POINT('',(-0.0290799079092399,-0.0627856321041349,0.0369178681657318));
#4949=CARTESIAN_POINT('',(-0.0290799079092399,-0.0372143678958649,0.0369178681657318));
#4950=CARTESIAN_POINT('',(-0.0278378425003459,-0.062785632104135,0.0372133050046666));
#4951=CARTESIAN_POINT('',(-0.0278378425003459,-0.0372143678958649,0.0372133050046666));
#4952=CARTESIAN_POINT('',(-0.0272057039302954,-0.062785632104135,0.0373589426320047));
#4953=CARTESIAN_POINT('',(-0.0272057039302954,-0.0372143678958649,0.0373589426320047));
#4954=CARTESIAN_POINT('',(-0.0315447718881695,-0.0613680303623331,0.0485023217244637));
#4955=CARTESIAN_POINT('',(-0.0315417967393807,-0.0613707211608412,0.0366502884310166));
#4956=CARTESIAN_POINT('',(-0.0272057039302456,-0.0547328131846917,0.0373589426320162));
#4957=CARTESIAN_POINT('',(-0.0273834223162606,-0.0547328131846917,0.0373179983117361));
#4958=CARTESIAN_POINT('',(-0.0275601628173131,-0.0547328131846917,0.0372769187936252));
#4959=CARTESIAN_POINT('',(-0.0277361553629346,-0.0547328131846917,0.0372362615823645));
#4960=CARTESIAN_POINT('',(-0.0277361825439849,-0.0547328131846917,0.0372362553030928));
#4961=CARTESIAN_POINT('',(-0.0277362097250353,-0.05,0.0372362490238211));
#4962=CARTESIAN_POINT('',(-0.0277362097250353,-0.0452671868153083,0.0372362490238211));
#4963=CARTESIAN_POINT('',(-0.0272057039302456,-0.0452671868153083,0.0373589426320162));
#4964=CARTESIAN_POINT('',(-0.0273834406146578,-0.0452671868153083,0.0373179940959909));
#4965=CARTESIAN_POINT('',(-0.0275601992127254,-0.0452671868153083,0.0372769103342927));
#4966=CARTESIAN_POINT('',(-0.0277362097250098,-0.0452671868153083,0.037236249023827));
#4967=CARTESIAN_POINT('',(-0.0272057039302454,-0.0452671868153083,0.0373589426320163));
#4968=CARTESIAN_POINT('',(-0.0272057039302456,-0.0373659761816847,0.0373589426320162));
#4969=CARTESIAN_POINT('',(-0.0315450353248931,-0.038634783476569,0.0485577901866484));
#4970=CARTESIAN_POINT('',(-0.0315417967384369,-0.0386319435869757,0.0366502887184852));
#4971=CARTESIAN_POINT('',(-0.0315417967399181,-0.0386319435869211,0.0366502884309391));
#4972=CARTESIAN_POINT('',(-0.0324283804084481,-0.0392424590357161,0.0366499918235984));
#4973=CARTESIAN_POINT('',(-0.0331955623549372,-0.0399661834054799,0.0368152066540365));
#4974=CARTESIAN_POINT('',(-0.0337930706184371,-0.0408304261560402,0.0370501455667783));
#4975=CARTESIAN_POINT('',(-0.0315417967431044,-0.0613707211582732,0.036650288430939));
#4976=CARTESIAN_POINT('',(-0.032427741938326,-0.0607584619537768,0.0366499920372577));
#4977=CARTESIAN_POINT('',(-0.0331958946745815,-0.0600347128044565,0.0368152935237633));
#4978=CARTESIAN_POINT('',(-0.0337933775411592,-0.0591696860564809,0.037050266259358));
#4979=CARTESIAN_POINT('',(-0.0272057039318968,-0.0452671868153083,0.0373589426316358));
#4980=CARTESIAN_POINT('',(-0.0272057039318968,-0.0364670606923962,0.0373589426316358));
#4981=CARTESIAN_POINT('',(-0.0255202790066119,-0.0452671868153083,0.0377472456064827));
#4982=CARTESIAN_POINT('',(-0.0255202790066119,-0.0364670606923962,0.0377472456064827));
#4983=CARTESIAN_POINT('',(-0.0236791988312286,-0.0452671868153083,0.0379499999999998));
#4984=CARTESIAN_POINT('',(-0.0236791988312286,-0.0364670606923962,0.0379499999999998));
#4985=CARTESIAN_POINT('',(-0.021837224063905,-0.0452671868153083,0.03795));
#4986=CARTESIAN_POINT('',(-0.021837224063905,-0.0364670606923962,0.03795));
#4987=CARTESIAN_POINT('',(-0.0225269872064309,-0.0452671868153083,0.0326911165617348));
#4988=CARTESIAN_POINT('',(0.014353281747604,-0.025999975,0.03795));
#4989=CARTESIAN_POINT('',(-0.00673616232194079,-0.0536813509604534,0.03795));
#4990=CARTESIAN_POINT('',(-0.00673616232194079,-0.0547328131846917,0.03795));
#4991=CARTESIAN_POINT('',(-0.0218372240639029,-0.0547328131846917,0.03795));
#4992=CARTESIAN_POINT('',(-0.0277361623219408,-0.0547328131846917,0.03795));
#4993=CARTESIAN_POINT('',(-0.0269435089584195,-0.0547328131846917,0.03795));
#4994=CARTESIAN_POINT('',(-0.0269435089584195,-0.0547328131846917,0.03795));
#4995=CARTESIAN_POINT('',(-0.0269435089584195,-0.0547328131846917,0.03795));
#4996=CARTESIAN_POINT('',(-0.0277361623219408,-0.0452671868153083,0.0367161105388817));
#4997=CARTESIAN_POINT('',(-0.0277361623219408,-0.0452671868153083,0.0372362917057592));
#4998=CARTESIAN_POINT('',(-0.0269435089584195,-0.0452671868153083,0.03795));
#4999=CARTESIAN_POINT('',(-0.0269435089584195,-0.0452671868153083,0.03795));
#5000=CARTESIAN_POINT('',(-0.00573616232194079,-0.05,0.));
#5001=CARTESIAN_POINT('',(-0.00573616232194079,-0.0450514622242383,0.04185));
#5002=CARTESIAN_POINT('',(-0.00573616232194079,-0.0450514622242383,0.04185));
#5003=CARTESIAN_POINT('',(-0.00573616232194079,-0.0549485377757617,0.04185));
#5004=CARTESIAN_POINT('',(-0.00573616232194079,-0.0549485377757617,0.04185));
#5005=CARTESIAN_POINT('',(-0.00573616232194079,-0.0536813509604534,0.03795));
#5006=CARTESIAN_POINT('',(-0.0277361623219408,-0.0452671868153083,0.03795));
#5007=CARTESIAN_POINT('',(-0.0269435089584195,-0.0452671868153083,0.03795));
#5008=CARTESIAN_POINT('',(-0.0226121201505857,-0.044,0.04185));
#5009=CARTESIAN_POINT('',(-0.0226121201505857,-0.044,0.04185));
#5010=CARTESIAN_POINT('',(-0.00673616232194079,-0.044,0.04185));
#5011=CARTESIAN_POINT('',(-0.00673616232194079,-0.044,0.04185));
#5012=CARTESIAN_POINT('',(-0.0277361623219408,-0.044,0.04185));
#5013=CARTESIAN_POINT('',(-0.00673616232194079,-0.0450514622242383,0.04185));
#5014=CARTESIAN_POINT('',(-0.0226121201505857,-0.044,0.04185));
#5015=CARTESIAN_POINT('',(-0.0226121201505857,-0.056,0.04185));
#5016=CARTESIAN_POINT('',(-0.0226121201505857,-0.056,0.04185));
#5017=CARTESIAN_POINT('',(-0.00673616232194079,-0.056,0.04185));
#5018=CARTESIAN_POINT('',(-0.00673616232194079,-0.0549485377757617,0.04185));
#5019=CARTESIAN_POINT('',(-0.0277361623219408,-0.056,0.04185));
#5020=CARTESIAN_POINT('',(-0.0226121201505857,-0.056,0.04185));
#5021=CARTESIAN_POINT('',(-0.00673616232194079,-0.0547328131846917,0.03795));
#5022=CARTESIAN_POINT('',(-0.0277361623219408,-0.025999975,0.0372362917057592));
#5023=CARTESIAN_POINT('',(-0.0253580712868177,-0.05,0.0393775344914925));
#5024=CARTESIAN_POINT('',(-0.0248432054487742,-0.05,0.0398411217743377));
#5025=CARTESIAN_POINT('',(-0.0128436552207332,-0.025756109457968,0.137627988879726));
#5026=CARTESIAN_POINT('',(-0.0315417967395475,-0.0386319435866718,0.0366502977089849));
#5027=CARTESIAN_POINT('',(-0.0315417967395476,-0.0386319435866718,0.005));
#5028=CARTESIAN_POINT('',(-0.0186374846624174,-0.029745831473178,0.0359704552565732));
#5029=CARTESIAN_POINT('',(-0.0152470115881904,-0.0274110984261713,0.0272571129030342));
#5030=CARTESIAN_POINT('',(-0.0152470115881904,-0.0274110984261713,0.0272571129030342));
#5031=CARTESIAN_POINT('',(-0.0315417967395476,-0.0386319435866716,0.005));
#5032=CARTESIAN_POINT('',(-0.045384378402524,-0.0421251984726332,0.11635908522379));
#5033=CARTESIAN_POINT('',(-0.0117004667357802,-0.0730478760669901,0.0318637077768288));
#5034=CARTESIAN_POINT('',(-0.0122061380437885,-0.0731161076559619,0.0316090640201048));
#5035=CARTESIAN_POINT('',(-0.0134270890258761,-0.0729720865111854,0.0315728819420632));
#5036=CARTESIAN_POINT('',(-0.0146708991301586,-0.0724058572295639,0.0328072358071503));
#5037=CARTESIAN_POINT('',(-0.0146256873742782,-0.0721514233588672,0.0346281414772091));
#5038=CARTESIAN_POINT('',(-0.013691266476462,-0.0720950268140232,0.0354197896008554));
#5039=CARTESIAN_POINT('',(-0.0131443786165712,-0.0720535756519022,0.0355744874439237));
#5040=CARTESIAN_POINT('',(-0.0186405524383849,-0.0702547207554729,0.0359683943111906));
#5041=CARTESIAN_POINT('',(-0.0152508813043944,-0.0725889015738287,0.0272571129030342));
#5042=CARTESIAN_POINT('',(-0.0107136601228342,-0.066,0.0272571129030342));
#5043=CARTESIAN_POINT('',(-0.0107097904066303,-0.034,0.011));
#5044=CARTESIAN_POINT('',(-0.0107097904066303,-0.034,0.0272571129030342));
#5045=CARTESIAN_POINT('',(0.0016362227213418,-0.0254983413176859,-0.00447150924797102));
#5046=CARTESIAN_POINT('',(-0.0352,-0.0682,0.038));
#5047=CARTESIAN_POINT('',(-0.0126,-0.0682,0.03365));
#5048=CARTESIAN_POINT('',(-0.0112006733189733,-0.0682,0.0322210546407344));
#5049=CARTESIAN_POINT('',(-0.0112006733189733,-0.0682,0.0350789453592656));
#5050=CARTESIAN_POINT('',(-0.0112006733189733,-0.0682,0.0322210546407344));
#5051=CARTESIAN_POINT('',(-0.00974148236131318,-0.0682,0.03365));
#5052=CARTESIAN_POINT('',(-0.00974148236131318,-0.0682,0.03365));
#5053=CARTESIAN_POINT('',(-0.0126,-0.0597067342622903,0.03365));
#5054=CARTESIAN_POINT('',(-0.0112006733189733,-0.0682,0.0322210546407344));
#5055=CARTESIAN_POINT('',(-0.0112006733189733,-0.0682,0.0350789453592656));
#5056=CARTESIAN_POINT('',(-0.00974148236131318,-0.0597067342622903,0.03365));
#5057=CARTESIAN_POINT('',(-0.00974148236131318,-0.0682,0.03365));
#5058=CARTESIAN_POINT('',(-0.0112006733189733,-0.0597067342622903,0.0350789453592656));
#5059=CARTESIAN_POINT('',(-0.0352,-0.0682,0.038));
#5060=CARTESIAN_POINT('',(-0.0126,-0.0682,0.01315));
#5061=CARTESIAN_POINT('',(-0.0112006733189733,-0.0682,0.0117210546407344));
#5062=CARTESIAN_POINT('',(-0.0112006733189733,-0.0682,0.0145789453592656));
#5063=CARTESIAN_POINT('',(-0.0112006733189733,-0.0682,0.0117210546407344));
#5064=CARTESIAN_POINT('',(-0.00974148236131317,-0.0682,0.01315));
#5065=CARTESIAN_POINT('',(-0.00974148236131317,-0.0682,0.01315));
#5066=CARTESIAN_POINT('',(-0.0126,-0.0597067342622903,0.01315));
#5067=CARTESIAN_POINT('',(-0.0112006733189733,-0.0739851623744785,0.0117210546407344));
#5068=CARTESIAN_POINT('',(-0.0114899546096158,-0.0739675191758393,0.0114377694712259));
#5069=CARTESIAN_POINT('',(-0.0122322946535282,-0.0738871194053644,0.011062881584177));
#5070=CARTESIAN_POINT('',(-0.013435163855137,-0.0735536593812817,0.0112114505250989));
#5071=CARTESIAN_POINT('',(-0.0143469301094376,-0.073139652638921,0.0119585138131908));
#5072=CARTESIAN_POINT('',(-0.0147265342591724,-0.072919058628219,0.0131456142503446));
#5073=CARTESIAN_POINT('',(-0.0143469235612036,-0.0731396783705866,0.0143440951981509));
#5074=CARTESIAN_POINT('',(-0.0134339875323134,-0.0735541507554328,0.015088667941817));
#5075=CARTESIAN_POINT('',(-0.0122308475404687,-0.0738873110320861,0.0152366683298974));
#5076=CARTESIAN_POINT('',(-0.0114902352762645,-0.0739675020580457,0.0148625053778629));
#5077=CARTESIAN_POINT('',(-0.0112006733189733,-0.0739851623744785,0.0145789453592656));
#5078=CARTESIAN_POINT('',(-0.0112006733189733,-0.0739851623744785,0.0117210546407344));
#5079=CARTESIAN_POINT('',(-0.0112006733189733,-0.0739851623744785,0.0145789453592656));
#5080=CARTESIAN_POINT('',(-0.0112006733189733,-0.0682,0.0117210546407344));
#5081=CARTESIAN_POINT('',(-0.0112006733189733,-0.0682,0.0145789453592656));
#5082=CARTESIAN_POINT('',(-0.0112006733189733,-0.0597067342622903,0.0117210546407344));
#5083=CARTESIAN_POINT('',(-0.0107136601228342,-0.066,0.012197973198152));
#5084=CARTESIAN_POINT('',(-0.00974148236131317,-0.0682,0.01315));
#5085=CARTESIAN_POINT('',(-0.00974148236131317,-0.0597067342622903,0.01315));
#5086=CARTESIAN_POINT('',(-0.0107136601228342,-0.066,0.014102026801848));
#5087=CARTESIAN_POINT('',(-0.0352,-0.0682,0.038));
#5088=CARTESIAN_POINT('',(0.0119,-0.0682,0.01315));
#5089=CARTESIAN_POINT('',(0.0132993266810267,-0.0682,0.0117210546407344));
#5090=CARTESIAN_POINT('',(0.0132993266810267,-0.0682,0.0145789453592656));
#5091=CARTESIAN_POINT('',(0.0132993266810267,-0.0682,0.0117210546407344));
#5092=CARTESIAN_POINT('',(0.0147585176386868,-0.0682,0.01315));
#5093=CARTESIAN_POINT('',(0.0147585176386868,-0.0682,0.01315));
#5094=CARTESIAN_POINT('',(0.0119,-0.0402932657377097,0.01315));
#5095=CARTESIAN_POINT('',(0.0132993266810267,-0.0402932657377097,0.0145789453592656));
#5096=CARTESIAN_POINT('',(0.0132993266810267,-0.0402932657377097,0.0117210546407344));
#5097=CARTESIAN_POINT('',(0.0132993266810267,-0.0402932657377097,0.0117210546407344));
#5098=CARTESIAN_POINT('',(0.0147585176386868,-0.0402932657377097,0.01315));
#5099=CARTESIAN_POINT('',(0.0147585176386868,-0.0402932657377097,0.01315));
#5100=CARTESIAN_POINT('',(-0.0177496191564565,-0.05,0.0369053985364928));
#5101=CARTESIAN_POINT('',(-0.0177496191564565,-0.05,0.0369053985364928));
#5102=CARTESIAN_POINT('',(-0.0179350293530815,-0.05,0.0363347646267157));
#5103=CARTESIAN_POINT('',(-0.0175642089598315,-0.05,0.0374760324462699));
#5104=CARTESIAN_POINT('',(-0.00673616232194079,-0.0421765880626098,0.00254198063020166));
#5105=CARTESIAN_POINT('',(-0.00673616232194079,-0.0578234119373902,0.00254198063020166));
#5106=CARTESIAN_POINT('',(-0.0352,-0.05035,0.0234));
#5107=CARTESIAN_POINT('',(-0.0352,-0.05035,0.0234));
#5108=CARTESIAN_POINT('',(-0.0352,-0.0546007800988344,0.0207673457212635));
#5109=CARTESIAN_POINT('',(-0.0352,-0.0546007800988163,0.0260326542787357));
#5110=CARTESIAN_POINT('',(-0.0351957302935676,-0.0550917626540385,0.0252398958480287));
#5111=CARTESIAN_POINT('',(-0.0351273244449032,-0.0556082520266496,0.0234065386413281));
#5112=CARTESIAN_POINT('',(-0.0351957305857717,-0.05509172905268,0.0215600498979547));
#5113=CARTESIAN_POINT('',(-0.0352,-0.0546007800988309,0.0207673457212561));
#5114=CARTESIAN_POINT('',(-0.0352,-0.0453992199011653,0.0227001597232355));
#5115=CARTESIAN_POINT('',(-0.0351998559354196,-0.0453826618580161,0.022817293922595));
#5116=CARTESIAN_POINT('',(-0.0351997035691985,-0.0453702660013427,0.0229349794686854));
#5117=CARTESIAN_POINT('',(-0.0351995969154493,-0.0453620558637357,0.0230529938134483));
#5118=CARTESIAN_POINT('',(-0.0351994925391334,-0.045354021041492,0.0231684881361713));
#5119=CARTESIAN_POINT('',(-0.0351994319228094,-0.0453500000000121,0.02328422622762));
#5120=CARTESIAN_POINT('',(-0.0351994319228094,-0.0453500000000121,0.0234));
#5121=CARTESIAN_POINT('',(-0.0351994319228094,-0.0453500000000121,0.02351577377238));
#5122=CARTESIAN_POINT('',(-0.0351994925391334,-0.045354021041492,0.0236315118638286));
#5123=CARTESIAN_POINT('',(-0.0351995969154493,-0.0453620558637357,0.0237470061865517));
#5124=CARTESIAN_POINT('',(-0.0351997035691985,-0.0453702660013427,0.0238650205313145));
#5125=CARTESIAN_POINT('',(-0.0351998559354196,-0.0453826618580161,0.0239827060774049));
#5126=CARTESIAN_POINT('',(-0.0352,-0.0453992199011653,0.0240998402767645));
#5127=CARTESIAN_POINT('',(-0.0352,-0.0453992199011654,0.0227001597232355));
#5128=CARTESIAN_POINT('',(-0.0352,-0.05035,0.0234));
#5129=CARTESIAN_POINT('',(-0.0315417967409482,-0.0386319435876363,0.005));
#5130=CARTESIAN_POINT('',(-0.0315417967409482,-0.0386319435876363,0.0370502935465214));
#5131=CARTESIAN_POINT('',(-0.0327761185881422,-0.0394819170117426,0.005));
#5132=CARTESIAN_POINT('',(-0.0327761185881422,-0.0394819170117426,0.0370502935465214));
#5133=CARTESIAN_POINT('',(-0.0345492299703123,-0.0414520761974548,0.005));
#5134=CARTESIAN_POINT('',(-0.0345492299703123,-0.0414520761974548,0.0370502935465214));
#5135=CARTESIAN_POINT('',(-0.0351882902784856,-0.0440533646349565,0.005));
#5136=CARTESIAN_POINT('',(-0.0351882902784856,-0.0440533646349565,0.0370502935465214));
#5137=CARTESIAN_POINT('',(-0.0352000000000002,-0.0453992199011838,0.005));
#5138=CARTESIAN_POINT('',(-0.0352000000000002,-0.0453992199011838,0.0370502935465214));
#5139=CARTESIAN_POINT('',(-0.0352,-0.0453992199011653,0.0227001597232355));
#5140=CARTESIAN_POINT('',(-0.0352,-0.045399219901165,0.005));
#5141=CARTESIAN_POINT('',(-0.0315417967405862,-0.038631943587387,0.005));
#5142=CARTESIAN_POINT('',(-0.0320705754878659,-0.0389960689437631,0.005));
#5143=CARTESIAN_POINT('',(-0.0325602983464438,-0.039401767817143,0.00500000000000001));
#5144=CARTESIAN_POINT('',(-0.033,-0.0398607123722026,0.00500000000000001));
#5145=CARTESIAN_POINT('',(-0.033,-0.0398607123722026,0.005));
#5146=CARTESIAN_POINT('',(-0.033,-0.0398607123722026,0.005));
#5147=CARTESIAN_POINT('',(-0.033701445755235,-0.0405928558777618,0.005));
#5148=CARTESIAN_POINT('',(-0.0348176446763976,-0.0423377078101144,0.00500000000000002));
#5149=CARTESIAN_POINT('',(-0.0351910738135717,-0.044373289865571,0.005));
#5150=CARTESIAN_POINT('',(-0.0352,-0.0453992199011742,0.005));
#5151=CARTESIAN_POINT('',(-0.0352000000000003,-0.0546007800987974,0.0190502935465214));
#5152=CARTESIAN_POINT('',(-0.0352000000000003,-0.0546007800987974,0.0370502935465214));
#5153=CARTESIAN_POINT('',(-0.0351883490773021,-0.0559405442928151,0.0190502935465213));
#5154=CARTESIAN_POINT('',(-0.0351883490773021,-0.0559405442928151,0.0370502935465214));
#5155=CARTESIAN_POINT('',(-0.0345606452912486,-0.0585126784748077,0.0190502935465214));
#5156=CARTESIAN_POINT('',(-0.0345606452912486,-0.0585126784748077,0.0370502935465214));
#5157=CARTESIAN_POINT('',(-0.0328037839654322,-0.0604985867459591,0.0190502935465214));
#5158=CARTESIAN_POINT('',(-0.0328037839654322,-0.0604985867459591,0.0370502935465214));
#5159=CARTESIAN_POINT('',(-0.0315417967431833,-0.0613707211582128,0.0190502935465213));
#5160=CARTESIAN_POINT('',(-0.0315417967431833,-0.0613707211582128,0.0370502935465214));
#5161=CARTESIAN_POINT('',(-0.0352,-0.0546007800988161,0.0190502935465214));
#5162=CARTESIAN_POINT('',(-0.035194142272108,-0.0552743725937018,0.0190502935465214));
#5163=CARTESIAN_POINT('',(-0.0350320801993914,-0.0565966249354633,0.0190502935465214));
#5164=CARTESIAN_POINT('',(-0.0343120801665834,-0.0584920896598432,0.0190502935465214));
#5165=CARTESIAN_POINT('',(-0.0331263012561287,-0.0601280058533121,0.0190502935465214));
#5166=CARTESIAN_POINT('',(-0.0320955483316429,-0.0609880343864125,0.0190502935465214));
#5167=CARTESIAN_POINT('',(-0.0315417967431833,-0.0613707211582128,0.0190502935465214));
#5168=CARTESIAN_POINT('',(-0.0315417967394683,-0.0613707211607807,0.0190502935465213));
#5169=CARTESIAN_POINT('',(-0.0315417967395561,-0.0613707211607206,0.0366502977089849));
#5170=CARTESIAN_POINT('',(-0.0352,-0.0546007800988348,0.0207673457212634));
#5171=CARTESIAN_POINT('',(-0.0128436552207331,-0.0742465552894305,0.137627988879726));
#5172=CARTESIAN_POINT('',(-0.0152508813043944,-0.0725889015738287,0.00545532088689266));
#5173=CARTESIAN_POINT('',(-0.015232274768219,-0.072601714327078,0.0190502935465214));
#5174=CARTESIAN_POINT('',(-0.0107136601228342,-0.066,0.011));
#5175=CARTESIAN_POINT('',(-0.0292,-0.0726007800988348,0.0190502935465214));
#5176=CARTESIAN_POINT('',(-0.0128436552207331,-0.0742465552894305,0.137627988879726));
#5177=CARTESIAN_POINT('',(-0.015232274768219,-0.072601714327078,0.005));
#5178=CARTESIAN_POINT('',(-0.0352,-0.0726007800988348,0.005));
#5179=CARTESIAN_POINT('',(-0.0352,-0.0726007800988348,0.005));
#5180=CARTESIAN_POINT('',(-0.0352,-0.0473992199011653,0.005));
#5181=CARTESIAN_POINT('',(-0.0292,-0.0726007800988348,0.005));
#5182=CARTESIAN_POINT('',(-0.033,-0.05,0.005));
#5183=CARTESIAN_POINT('',(-0.0352,-0.0626007800988348,0.005));
#5184=CARTESIAN_POINT('',(-0.0472,-0.05,-0.007));
#5185=CARTESIAN_POINT('',(-0.0482,-0.042,0.0020502935465214));
#5186=CARTESIAN_POINT('',(-0.0502,-0.042,0.0020502935465214));
#5187=CARTESIAN_POINT('',(-0.0502,-0.042,0.0043002935465214));
#5188=CARTESIAN_POINT('',(-0.0532,-0.042,0.0020502935465214));
#5189=CARTESIAN_POINT('',(-0.0532,-0.042,0.0043002935465214));
#5190=CARTESIAN_POINT('',(-0.0482,-0.042,-0.0259497064534786));
#5191=CARTESIAN_POINT('',(-0.0502,-0.042,-0.0259497064534786));
#5192=CARTESIAN_POINT('',(-0.0502,-0.042,-0.0236997064534786));
#5193=CARTESIAN_POINT('',(-0.0532,-0.042,-0.0259497064534786));
#5194=CARTESIAN_POINT('',(-0.0532,-0.042,-0.0236997064534786));
#5195=CARTESIAN_POINT('',(-0.0482,-0.078,-0.0259497064534786));
#5196=CARTESIAN_POINT('',(-0.0502,-0.078,-0.0259497064534786));
#5197=CARTESIAN_POINT('',(-0.0502,-0.078,-0.0236997064534786));
#5198=CARTESIAN_POINT('',(-0.0532,-0.078,-0.0259497064534786));
#5199=CARTESIAN_POINT('',(-0.0532,-0.078,-0.0236997064534786));
#5200=CARTESIAN_POINT('',(-0.0482,-0.078,0.00205029354652139));
#5201=CARTESIAN_POINT('',(-0.0502,-0.078,0.0020502935465214));
#5202=CARTESIAN_POINT('',(-0.0502,-0.078,0.0043002935465214));
#5203=CARTESIAN_POINT('',(-0.0532,-0.078,0.0020502935465214));
#5204=CARTESIAN_POINT('',(-0.0532,-0.078,0.0043002935465214));
#5205=CARTESIAN_POINT('',(-0.0532,-0.04,-0.0259497064534786));
#5206=CARTESIAN_POINT('',(-0.0532,-0.04,-0.0259497064534786));
#5207=CARTESIAN_POINT('',(-0.0532,-0.04,-0.0309497064534786));
#5208=CARTESIAN_POINT('',(-0.0532,-0.035,-0.0259497064534786));
#5209=CARTESIAN_POINT('',(-0.0502,-0.035,-0.0259497064534786));
#5210=CARTESIAN_POINT('',(-0.0502,-0.035,-0.0259497064534786));
#5211=CARTESIAN_POINT('',(-0.0502,-0.04,-0.0259497064534786));
#5212=CARTESIAN_POINT('',(-0.0502,-0.04,-0.0309497064534786));
#5213=CARTESIAN_POINT('',(-0.0532,-0.04,-0.0309497064534786));
#5214=CARTESIAN_POINT('',(-0.0532,-0.08,-0.0259497064534786));
#5215=CARTESIAN_POINT('',(-0.0532,-0.08,-0.0259497064534786));
#5216=CARTESIAN_POINT('',(-0.0532,-0.085,-0.0259497064534786));
#5217=CARTESIAN_POINT('',(-0.0532,-0.08,-0.0309497064534786));
#5218=CARTESIAN_POINT('',(-0.0532,-0.08,-0.0309497064534786));
#5219=CARTESIAN_POINT('',(-0.0502,-0.08,-0.0309497064534786));
#5220=CARTESIAN_POINT('',(-0.0502,-0.08,-0.0259497064534786));
#5221=CARTESIAN_POINT('',(-0.0502,-0.085,-0.0259497064534786));
#5222=CARTESIAN_POINT('',(-0.0532,-0.085,-0.0259497064534786));
#5223=CARTESIAN_POINT('',(-0.0532,-0.08,0.00205029354652141));
#5224=CARTESIAN_POINT('',(-0.0532,-0.08,0.00205029354652141));
#5225=CARTESIAN_POINT('',(-0.0532,-0.08,0.00705029354652141));
#5226=CARTESIAN_POINT('',(-0.0532,-0.085,0.00205029354652141));
#5227=CARTESIAN_POINT('',(-0.0502,-0.085,0.00205029354652141));
#5228=CARTESIAN_POINT('',(-0.0502,-0.085,0.00205029354652141));
#5229=CARTESIAN_POINT('',(-0.0502,-0.08,0.00205029354652141));
#5230=CARTESIAN_POINT('',(-0.0502,-0.08,0.00705029354652141));
#5231=CARTESIAN_POINT('',(-0.0532,-0.08,0.00705029354652141));
#5232=CARTESIAN_POINT('',(-0.0532,-0.04,0.0020502935465214));
#5233=CARTESIAN_POINT('',(-0.0532,-0.04,0.0020502935465214));
#5234=CARTESIAN_POINT('',(-0.0532,-0.035,0.0020502935465214));
#5235=CARTESIAN_POINT('',(-0.0532,-0.04,0.0070502935465214));
#5236=CARTESIAN_POINT('',(-0.0532,-0.04,0.0070502935465214));
#5237=CARTESIAN_POINT('',(-0.0502,-0.04,0.0070502935465214));
#5238=CARTESIAN_POINT('',(-0.0502,-0.04,0.0020502935465214));
#5239=CARTESIAN_POINT('',(-0.0502,-0.035,0.0020502935465214));
#5240=CARTESIAN_POINT('',(-0.0532,-0.035,0.0020502935465214));
#5241=CARTESIAN_POINT('',(-0.0502,-0.06,-0.00412477336512155));
#5242=CARTESIAN_POINT('',(-0.0502,-0.0401996099505827,0.0070502935465214));
#5243=CARTESIAN_POINT('',(-0.0502,-0.085,-0.0119497064534786));
#5244=CARTESIAN_POINT('',(-0.0502,-0.06,-0.0309497064534786));
#5245=CARTESIAN_POINT('',(-0.0502,-0.035,-0.0119497064534786));
#5246=CARTESIAN_POINT('',(-0.0532,-0.06,-0.00412477336512155));
#5247=CARTESIAN_POINT('',(-0.0532,-0.035,-0.0119497064534786));
#5248=CARTESIAN_POINT('',(-0.0532,-0.06,-0.0309497064534786));
#5249=CARTESIAN_POINT('',(-0.0532,-0.085,-0.0119497064534786));
#5250=CARTESIAN_POINT('',(-0.0532,-0.0401996099505827,0.0070502935465214));
#5251=CARTESIAN_POINT('',(-0.0532,-0.035,-0.0119497064534786));
#5252=CARTESIAN_POINT('',(-0.0532,-0.06,-0.0309497064534786));
#5253=CARTESIAN_POINT('',(-0.0532,-0.085,-0.0119497064534786));
#5254=CARTESIAN_POINT('',(-0.0532,-0.0401996099505827,0.0070502935465214));
#5255=CARTESIAN_POINT('',(-0.003,-0.05,0.005));
#5256=CARTESIAN_POINT('',(0.027,-0.05,0.005));
#5257=CARTESIAN_POINT('',(0.027,-0.08,0.005));
#5258=CARTESIAN_POINT('',(-0.033,-0.05,0.005));
#5259=CARTESIAN_POINT('',(-0.033,-0.08,0.005));
#5260=CARTESIAN_POINT('',(-0.003,-0.08,0.005));
#5261=CARTESIAN_POINT('',(-0.003,-0.05,0.005));
#5262=CARTESIAN_POINT('',(0.027,-0.05,0.005));
#5263=CARTESIAN_POINT('',(0.027,-0.02,0.005));
#5264=CARTESIAN_POINT('',(-0.003,-0.02,0.005));
#5265=CARTESIAN_POINT('',(-0.033,-0.02,0.005));
#5266=CARTESIAN_POINT('',(-0.033,-0.05,0.005));
#5267=CARTESIAN_POINT('',(-0.003,-0.02,-0.055));
#5268=CARTESIAN_POINT('',(0.027,-0.02,-0.055));
#5269=CARTESIAN_POINT('',(0.027,-0.02,-0.055));
#5270=CARTESIAN_POINT('',(-0.003,-0.02,-0.055));
#5271=CARTESIAN_POINT('',(-0.033,-0.02,-0.055));
#5272=CARTESIAN_POINT('',(-0.033,-0.02,-0.055));
#5273=CARTESIAN_POINT('',(0.027,-0.05,-0.055));
#5274=CARTESIAN_POINT('',(0.027,-0.08,-0.055));
#5275=CARTESIAN_POINT('',(0.027,-0.08,-0.055));
#5276=CARTESIAN_POINT('',(0.027,-0.05,-0.055));
#5277=CARTESIAN_POINT('',(-0.003,-0.08,-0.055));
#5278=CARTESIAN_POINT('',(-0.033,-0.08,-0.055));
#5279=CARTESIAN_POINT('',(-0.033,-0.08,-0.055));
#5280=CARTESIAN_POINT('',(-0.003,-0.08,-0.055));
#5281=CARTESIAN_POINT('',(-0.033,-0.05,-0.055));
#5282=CARTESIAN_POINT('',(-0.033,-0.05,-0.055));
#5283=CARTESIAN_POINT('',(-0.003,-0.05,-0.055));
#5284=MECHANICAL_DESIGN_GEOMETRIC_PRESENTATION_REPRESENTATION('',(#3035),
#5285);
#5285=(
GEOMETRIC_REPRESENTATION_CONTEXT(3)
GLOBAL_UNCERTAINTY_ASSIGNED_CONTEXT((#5286))
GLOBAL_UNIT_ASSIGNED_CONTEXT((#5289,#5288,#5287))
REPRESENTATION_CONTEXT('Part 4','TOP_LEVEL_ASSEMBLY_PART')
);
#5286=UNCERTAINTY_MEASURE_WITH_UNIT(LENGTH_MEASURE(4.0485234757115E-5),
#5289,'DISTANCE_ACCURACY_VALUE','Maximum Tolerance applied to model');
#5287=(
NAMED_UNIT(*)
SI_UNIT($,.STERADIAN.)
SOLID_ANGLE_UNIT()
);
#5288=(
NAMED_UNIT(*)
PLANE_ANGLE_UNIT()
SI_UNIT($,.RADIAN.)
);
#5289=(
LENGTH_UNIT()
NAMED_UNIT(*)
SI_UNIT($,.METRE.)
);
#5290=PRODUCT_DEFINITION_SHAPE('','',#5291);
#5291=PRODUCT_DEFINITION('','',#5293,#5292);
#5292=PRODUCT_DEFINITION_CONTEXT('',#5299,'design');
#5293=PRODUCT_DEFINITION_FORMATION_WITH_SPECIFIED_SOURCE('','',#5295,
 .NOT_KNOWN.);
#5294=PRODUCT_RELATED_PRODUCT_CATEGORY('','',(#5295));
#5295=PRODUCT('Part 4','Part 4','Part 4',(#5297));
#5296=PRODUCT_CATEGORY('','');
#5297=PRODUCT_CONTEXT('',#5299,'mechanical');
#5298=APPLICATION_PROTOCOL_DEFINITION('international standard',
'ap242_managed_model_based_3d_engineering',2011,#5299);
#5299=APPLICATION_CONTEXT('managed model based 3d engineering');
ENDSEC;
END-ISO-10303-21;
